sample_id	reason
biosample:SAMD00000741	assembly_unavailable
biosample:SAMD00000764	assembly_unavailable
biosample:SAMD00002732	assembly_unavailable
biosample:SAMD00002827	assembly_unavailable
biosample:SAMD00003104	assembly_unavailable
biosample:SAMD00003108	assembly_unavailable
biosample:SAMD00003335	assembly_unavailable
biosample:SAMD00003336	assembly_unavailable
biosample:SAMD00003352	assembly_unavailable
biosample:SAMD00003395	assembly_unavailable
biosample:SAMD00003499	assembly_unavailable
biosample:SAMD00003505	assembly_unavailable
biosample:SAMD00003591	assembly_unavailable
biosample:SAMD00003603	assembly_unavailable
biosample:SAMD00003685	assembly_unavailable
biosample:SAMD00003702	assembly_unavailable
biosample:SAMD00003711	assembly_unavailable
biosample:SAMD00003823	assembly_unavailable
biosample:SAMD00004020	assembly_unavailable
biosample:SAMD00004030	assembly_unavailable
biosample:SAMD00004031	assembly_unavailable
biosample:SAMD00004065	assembly_unavailable
biosample:SAMD00004086	assembly_unavailable
biosample:SAMD00004155	assembly_unavailable
biosample:SAMD00004211	assembly_unavailable
biosample:SAMD00004645	assembly_unavailable
biosample:SAMD00004655	assembly_unavailable
biosample:SAMD00006042	assembly_unavailable
biosample:SAMD00006051	assembly_unavailable
biosample:SAMD00006053	assembly_unavailable
biosample:SAMD00006080	assembly_unavailable
biosample:SAMD00006082	assembly_unavailable
biosample:SAMD00006087	assembly_unavailable
biosample:SAMD00006259	assembly_unavailable
biosample:SAMD00006340	assembly_unavailable
biosample:SAMD00006362	assembly_unavailable
biosample:SAMD00008613	assembly_unavailable
biosample:SAMD00008625	assembly_unavailable
biosample:SAMD00008721	assembly_unavailable
biosample:SAMD00008733	assembly_unavailable
biosample:SAMD00008812	assembly_unavailable
biosample:SAMD00008813	assembly_unavailable
biosample:SAMD00008838	assembly_unavailable
biosample:SAMD00008912	assembly_unavailable
biosample:SAMD00008926	assembly_unavailable
biosample:SAMD00008943	assembly_unavailable
biosample:SAMD00008955	assembly_unavailable
biosample:SAMD00008960	assembly_unavailable
biosample:SAMD00008973	assembly_unavailable
biosample:SAMD00008982	assembly_unavailable
biosample:SAMD00009021	assembly_unavailable
biosample:SAMD00009051	assembly_unavailable
biosample:SAMD00009096	assembly_unavailable
biosample:SAMD00009117	assembly_unavailable
biosample:SAMD00009236	assembly_unavailable
biosample:SAMD00009302	assembly_unavailable
biosample:SAMD00009315	assembly_unavailable
biosample:SAMD00009346	assembly_unavailable
biosample:SAMD00009355	assembly_unavailable
biosample:SAMD00009357	assembly_unavailable
biosample:SAMD00009367	assembly_unavailable
biosample:SAMD00009459	assembly_unavailable
biosample:SAMD00009486	assembly_unavailable
biosample:SAMD00009799	assembly_unavailable
biosample:SAMD00009942	assembly_unavailable
biosample:SAMD00009951	assembly_unavailable
biosample:SAMD00009972	assembly_unavailable
biosample:SAMD00009976	assembly_unavailable
biosample:SAMD00010076	assembly_unavailable
biosample:SAMD00010222	assembly_unavailable
biosample:SAMD00010713	assembly_unavailable
biosample:SAMD00010723	assembly_unavailable
biosample:SAMD00010816	assembly_unavailable
biosample:SAMD00011086	assembly_unavailable
biosample:SAMD00011136	assembly_unavailable
biosample:SAMD00011176	assembly_unavailable
biosample:SAMD00011178	assembly_unavailable
biosample:SAMD00011231	assembly_unavailable
biosample:SAMD00011359	assembly_unavailable
biosample:SAMD00011592	assembly_unavailable
biosample:SAMD00011624	assembly_unavailable
biosample:SAMD00011898	assembly_unavailable
biosample:SAMD00012129	assembly_unavailable
biosample:SAMD00012132	assembly_unavailable
biosample:SAMD00012185	assembly_unavailable
biosample:SAMD00012187	assembly_unavailable
biosample:SAMD00012206	assembly_unavailable
biosample:SAMD00012331	assembly_unavailable
biosample:SAMD00012480	assembly_unavailable
biosample:SAMD00012546	assembly_unavailable
biosample:SAMD00012690	assembly_unavailable
biosample:SAMD00012694	assembly_unavailable
biosample:SAMD00012825	assembly_unavailable
biosample:SAMD00012912	assembly_unavailable
biosample:SAMD00012956	assembly_unavailable
biosample:SAMD00013505	assembly_unavailable
biosample:SAMD00013635	assembly_unavailable
biosample:SAMD00013701	assembly_unavailable
biosample:SAMD00013881	assembly_unavailable
biosample:SAMD00015724	assembly_unavailable
biosample:SAMD00015726	assembly_unavailable
biosample:SAMD00015843	assembly_unavailable
biosample:SAMD00015865	assembly_unavailable
biosample:SAMD00015869	assembly_unavailable
biosample:SAMD00015930	assembly_unavailable
biosample:SAMD00015967	assembly_unavailable
biosample:SAMD00016339	assembly_unavailable
biosample:SAMD00016376	assembly_unavailable
biosample:SAMD00016568	assembly_unavailable
biosample:SAMD00016569	assembly_unavailable
biosample:SAMD00016596	assembly_unavailable
biosample:SAMD00016614	assembly_unavailable
biosample:SAMD00016697	assembly_unavailable
biosample:SAMD00016732	assembly_unavailable
biosample:SAMD00016759	assembly_unavailable
biosample:SAMD00016764	assembly_unavailable
biosample:SAMD00036545	assembly_unavailable
biosample:SAMD00041832	assembly_unavailable
biosample:SAMD00059584	assembly_unavailable
biosample:SAMD00070991	assembly_unavailable
biosample:SAMD00090152	metadata_identity_flags:META_FAIL
biosample:SAMD00090153	metadata_identity_flags:META_FAIL
biosample:SAMD00090155	metadata_identity_flags:META_FAIL
biosample:SAMD00090159	metadata_identity_flags:META_FAIL
biosample:SAMD00129656	assembly_unavailable
biosample:SAMD00140687	assembly_unavailable
biosample:SAMD00143522	assembly_unavailable
biosample:SAMD00222959	assembly_unavailable
biosample:SAMD00282078	assembly_unavailable
biosample:SAMD00284623	assembly_unavailable
biosample:SAMD00324205	assembly_unavailable
biosample:SAMD00334509	assembly_unavailable
biosample:SAMD00412744	assembly_unavailable
biosample:SAMD00445401	assembly_unavailable
biosample:SAMD00494762	assembly_unavailable
biosample:SAMD00520464	assembly_unavailable
biosample:SAMD00521460	assembly_unavailable
biosample:SAMD00582806	assembly_unavailable
biosample:SAMD00582808	assembly_unavailable
biosample:SAMD00589203	assembly_unavailable
biosample:SAMD00589204	assembly_unavailable
biosample:SAMD00592142	assembly_unavailable
biosample:SAMEA101153668	assembly_unavailable
biosample:SAMEA101154418	assembly_unavailable
biosample:SAMEA101155168	assembly_unavailable
biosample:SAMEA101155918	assembly_unavailable
biosample:SAMEA101156668	assembly_unavailable
biosample:SAMEA101158168	assembly_unavailable
biosample:SAMEA101158918	assembly_unavailable
biosample:SAMEA101163418	assembly_unavailable
biosample:SAMEA101167168	assembly_unavailable
biosample:SAMEA101170168	assembly_unavailable
biosample:SAMEA101173918	assembly_unavailable
biosample:SAMEA103899850	assembly_unavailable
biosample:SAMEA103899857	assembly_unavailable
biosample:SAMEA103899858	assembly_unavailable
biosample:SAMEA103899859	assembly_unavailable
biosample:SAMEA103899860	assembly_unavailable
biosample:SAMEA103899862	assembly_unavailable
biosample:SAMEA103899863	assembly_unavailable
biosample:SAMEA103924393	assembly_unavailable
biosample:SAMEA103924398	assembly_unavailable
biosample:SAMEA103924404	assembly_unavailable
biosample:SAMEA103924409	assembly_unavailable
biosample:SAMEA103980413	assembly_unavailable
biosample:SAMEA103980421	assembly_unavailable
biosample:SAMEA103980423	assembly_unavailable
biosample:SAMEA103980426	assembly_unavailable
biosample:SAMEA103980427	assembly_unavailable
biosample:SAMEA103980428	assembly_unavailable
biosample:SAMEA103980429	assembly_unavailable
biosample:SAMEA103980430	assembly_unavailable
biosample:SAMEA104016171	assembly_unavailable
biosample:SAMEA104016173	assembly_unavailable
biosample:SAMEA104016175	assembly_unavailable
biosample:SAMEA104016176	assembly_unavailable
biosample:SAMEA104016178	assembly_unavailable
biosample:SAMEA104016180	assembly_unavailable
biosample:SAMEA104016181	assembly_unavailable
biosample:SAMEA104016182	assembly_unavailable
biosample:SAMEA104062567	assembly_unavailable
biosample:SAMEA104062568	assembly_unavailable
biosample:SAMEA104062569	assembly_unavailable
biosample:SAMEA104062571	assembly_unavailable
biosample:SAMEA104062573	assembly_unavailable
biosample:SAMEA104062575	assembly_unavailable
biosample:SAMEA104062577	assembly_unavailable
biosample:SAMEA104062579	assembly_unavailable
biosample:SAMEA104167171	assembly_unavailable
biosample:SAMEA104167175	assembly_unavailable
biosample:SAMEA104167184	assembly_unavailable
biosample:SAMEA104167191	assembly_unavailable
biosample:SAMEA104167194	assembly_unavailable
biosample:SAMEA104167197	assembly_unavailable
biosample:SAMEA104167205	assembly_unavailable
biosample:SAMEA104167206	assembly_unavailable
biosample:SAMEA104167207	assembly_unavailable
biosample:SAMEA104167208	assembly_unavailable
biosample:SAMEA104167209	assembly_unavailable
biosample:SAMEA104167217	assembly_unavailable
biosample:SAMEA104167218	assembly_unavailable
biosample:SAMEA104167224	assembly_unavailable
biosample:SAMEA104167228	assembly_unavailable
biosample:SAMEA104167233	assembly_unavailable
biosample:SAMEA104200667	assembly_unavailable
biosample:SAMEA104200670	assembly_unavailable
biosample:SAMEA104200671	assembly_unavailable
biosample:SAMEA104200672	assembly_unavailable
biosample:SAMEA104200674	assembly_unavailable
biosample:SAMEA104200680	assembly_unavailable
biosample:SAMEA104200682	assembly_unavailable
biosample:SAMEA104210758	assembly_unavailable
biosample:SAMEA104210761	assembly_unavailable
biosample:SAMEA104210778	assembly_unavailable
biosample:SAMEA104210788	assembly_unavailable
biosample:SAMEA104210789	assembly_unavailable
biosample:SAMEA104210790	assembly_unavailable
biosample:SAMEA104210799	assembly_unavailable
biosample:SAMEA104210806	assembly_unavailable
biosample:SAMEA104210807	assembly_unavailable
biosample:SAMEA104224774	assembly_unavailable
biosample:SAMEA104224778	assembly_unavailable
biosample:SAMEA104224787	assembly_unavailable
biosample:SAMEA104224789	assembly_unavailable
biosample:SAMEA104224792	assembly_unavailable
biosample:SAMEA104224794	assembly_unavailable
biosample:SAMEA104224796	assembly_unavailable
biosample:SAMEA104224806	assembly_unavailable
biosample:SAMEA104281628	assembly_unavailable
biosample:SAMEA104281629	assembly_unavailable
biosample:SAMEA104281631	assembly_unavailable
biosample:SAMEA104281632	assembly_unavailable
biosample:SAMEA104281633	assembly_unavailable
biosample:SAMEA104281634	assembly_unavailable
biosample:SAMEA104281642	assembly_unavailable
biosample:SAMEA104281645	assembly_unavailable
biosample:SAMEA104307683	assembly_unavailable
biosample:SAMEA104307685	assembly_unavailable
biosample:SAMEA104307686	assembly_unavailable
biosample:SAMEA104318175	assembly_unavailable
biosample:SAMEA104318176	assembly_unavailable
biosample:SAMEA104338354	assembly_unavailable
biosample:SAMEA104338376	assembly_unavailable
biosample:SAMEA104338385	assembly_unavailable
biosample:SAMEA104338389	assembly_unavailable
biosample:SAMEA104338399	assembly_unavailable
biosample:SAMEA104338429	assembly_unavailable
biosample:SAMEA110386553	metadata_identity_flags:RUN_REMOVED
biosample:SAMEA115133705	assembly_unavailable
biosample:SAMEA14251711	assembly_unavailable
biosample:SAMEA24550918	assembly_unavailable
biosample:SAMEA24551668	assembly_unavailable
biosample:SAMEA24552418	assembly_unavailable
biosample:SAMEA24553168	assembly_unavailable
biosample:SAMEA24553918	assembly_unavailable
biosample:SAMEA24554668	assembly_unavailable
biosample:SAMEA24556168	assembly_unavailable
biosample:SAMEA2479569	assembly_unavailable
biosample:SAMEA2498479	assembly_unavailable
biosample:SAMEA2548136	assembly_unavailable
biosample:SAMEA2548138	assembly_unavailable
biosample:SAMEA2548139	assembly_unavailable
biosample:SAMEA2548140	assembly_unavailable
biosample:SAMEA2548141	assembly_unavailable
biosample:SAMEA2548142	assembly_unavailable
biosample:SAMEA2548143	assembly_unavailable
biosample:SAMEA2548144	assembly_unavailable
biosample:SAMEA2548145	assembly_unavailable
biosample:SAMEA2548146	assembly_unavailable
biosample:SAMEA2548147	assembly_unavailable
biosample:SAMEA2548148	assembly_unavailable
biosample:SAMEA2548150	assembly_unavailable
biosample:SAMEA2580311	assembly_unavailable
biosample:SAMEA2580313	assembly_unavailable
biosample:SAMEA2580314	assembly_unavailable
biosample:SAMEA2580315	assembly_unavailable
biosample:SAMEA2580317	assembly_unavailable
biosample:SAMEA2580318	assembly_unavailable
biosample:SAMEA2580320	assembly_unavailable
biosample:SAMEA2580321	assembly_unavailable
biosample:SAMEA2580322	assembly_unavailable
biosample:SAMEA2612490	assembly_unavailable
biosample:SAMEA2612491	assembly_unavailable
biosample:SAMEA2612492	assembly_unavailable
biosample:SAMEA2612493	assembly_unavailable
biosample:SAMEA2612494	assembly_unavailable
biosample:SAMEA2612495	assembly_unavailable
biosample:SAMEA2612496	assembly_unavailable
biosample:SAMEA2612497	assembly_unavailable
biosample:SAMEA2612498	assembly_unavailable
biosample:SAMEA2612499	assembly_unavailable
biosample:SAMEA2612501	assembly_unavailable
biosample:SAMEA26386168	assembly_unavailable
biosample:SAMEA26389918	assembly_unavailable
biosample:SAMEA26396668	assembly_unavailable
biosample:SAMEA26397418	assembly_unavailable
biosample:SAMEA26403418	assembly_unavailable
biosample:SAMEA26407168	assembly_unavailable
biosample:SAMEA2665114	assembly_unavailable
biosample:SAMEA2665116	assembly_unavailable
biosample:SAMEA2665117	assembly_unavailable
biosample:SAMEA2665118	assembly_unavailable
biosample:SAMEA2665123	assembly_unavailable
biosample:SAMEA2665124	assembly_unavailable
biosample:SAMEA2665125	assembly_unavailable
biosample:SAMEA2665126	assembly_unavailable
biosample:SAMEA2665129	assembly_unavailable
biosample:SAMEA2665130	assembly_unavailable
biosample:SAMEA2665131	assembly_unavailable
biosample:SAMEA2665132	assembly_unavailable
biosample:SAMEA2665134	assembly_unavailable
biosample:SAMEA2665135	assembly_unavailable
biosample:SAMEA2665136	assembly_unavailable
biosample:SAMEA2665137	assembly_unavailable
biosample:SAMEA2665138	assembly_unavailable
biosample:SAMEA2689778	assembly_unavailable
biosample:SAMEA2689782	assembly_unavailable
biosample:SAMEA2709014	assembly_unavailable
biosample:SAMEA2742606	assembly_unavailable
biosample:SAMEA2822162	assembly_unavailable
biosample:SAMEA2822163	assembly_unavailable
biosample:SAMEA2822167	assembly_unavailable
biosample:SAMEA3111974	assembly_unavailable
biosample:SAMEA3111975	assembly_unavailable
biosample:SAMEA3111976	assembly_unavailable
biosample:SAMEA3111977	assembly_unavailable
biosample:SAMEA3121333	assembly_unavailable
biosample:SAMEA3121335	assembly_unavailable
biosample:SAMEA3121336	assembly_unavailable
biosample:SAMEA3146526	assembly_unavailable
biosample:SAMEA3146533	assembly_unavailable
biosample:SAMEA3146534	assembly_unavailable
biosample:SAMEA3178013	assembly_unavailable
biosample:SAMEA3182910	assembly_unavailable
biosample:SAMEA3182911	assembly_unavailable
biosample:SAMEA3207621	assembly_unavailable
biosample:SAMEA3207624	assembly_unavailable
biosample:SAMEA3221102	assembly_unavailable
biosample:SAMEA3221103	assembly_unavailable
biosample:SAMEA3222069	assembly_unavailable
biosample:SAMEA3222077	assembly_unavailable
biosample:SAMEA3222085	assembly_unavailable
biosample:SAMEA3233544	assembly_unavailable
biosample:SAMEA3233545	assembly_unavailable
biosample:SAMEA3233547	assembly_unavailable
biosample:SAMEA3251426	assembly_unavailable
biosample:SAMEA3282964	assembly_unavailable
biosample:SAMEA3282965	assembly_unavailable
biosample:SAMEA3282972	assembly_unavailable
biosample:SAMEA3307890	assembly_unavailable
biosample:SAMEA3340404	assembly_unavailable
biosample:SAMEA3368254	assembly_unavailable
biosample:SAMEA3368259	assembly_unavailable
biosample:SAMEA3368262	assembly_unavailable
biosample:SAMEA3400772	assembly_unavailable
biosample:SAMEA3400773	assembly_unavailable
biosample:SAMEA3400783	assembly_unavailable
biosample:SAMEA3400784	assembly_unavailable
biosample:SAMEA3403055	assembly_unavailable
biosample:SAMEA3443780	assembly_unavailable
biosample:SAMEA3446331	assembly_unavailable
biosample:SAMEA3446340	assembly_unavailable
biosample:SAMEA3446345	assembly_unavailable
biosample:SAMEA3446347	assembly_unavailable
biosample:SAMEA3468862	assembly_unavailable
biosample:SAMEA3491693	assembly_unavailable
biosample:SAMEA3492660	assembly_unavailable
biosample:SAMEA3499055	assembly_unavailable
biosample:SAMEA3504572	assembly_unavailable
biosample:SAMEA3504593	assembly_unavailable
biosample:SAMEA3505360	assembly_unavailable
biosample:SAMEA3505362	assembly_unavailable
biosample:SAMEA3512674	assembly_unavailable
biosample:SAMEA3517999	assembly_unavailable
biosample:SAMEA3518004	assembly_unavailable
biosample:SAMEA3518014	assembly_unavailable
biosample:SAMEA3518015	assembly_unavailable
biosample:SAMEA3518016	assembly_unavailable
biosample:SAMEA3518017	assembly_unavailable
biosample:SAMEA3518019	assembly_unavailable
biosample:SAMEA3518022	assembly_unavailable
biosample:SAMEA3529259	assembly_unavailable
biosample:SAMEA3529272	assembly_unavailable
biosample:SAMEA3539700	assembly_unavailable
biosample:SAMEA3539705	assembly_unavailable
biosample:SAMEA3539706	assembly_unavailable
biosample:SAMEA3539708	assembly_unavailable
biosample:SAMEA3539712	assembly_unavailable
biosample:SAMEA3539715	assembly_unavailable
biosample:SAMEA3542440	assembly_unavailable
biosample:SAMEA3572419	assembly_unavailable
biosample:SAMEA3572441	assembly_unavailable
biosample:SAMEA3594362	assembly_unavailable
biosample:SAMEA3597580	assembly_unavailable
biosample:SAMEA3597588	assembly_unavailable
biosample:SAMEA3597595	assembly_unavailable
biosample:SAMEA3614262	assembly_unavailable
biosample:SAMEA3614264	assembly_unavailable
biosample:SAMEA3614266	assembly_unavailable
biosample:SAMEA3614267	assembly_unavailable
biosample:SAMEA3614276	assembly_unavailable
biosample:SAMEA3614278	assembly_unavailable
biosample:SAMEA3632058	assembly_unavailable
biosample:SAMEA3632063	assembly_unavailable
biosample:SAMEA3643313	assembly_unavailable
biosample:SAMEA3643314	assembly_unavailable
biosample:SAMEA3643315	assembly_unavailable
biosample:SAMEA3643316	assembly_unavailable
biosample:SAMEA3643317	assembly_unavailable
biosample:SAMEA3643318	assembly_unavailable
biosample:SAMEA3643319	assembly_unavailable
biosample:SAMEA3643322	assembly_unavailable
biosample:SAMEA3643323	assembly_unavailable
biosample:SAMEA3643324	assembly_unavailable
biosample:SAMEA3643325	assembly_unavailable
biosample:SAMEA3643326	assembly_unavailable
biosample:SAMEA3643327	assembly_unavailable
biosample:SAMEA3649021	assembly_unavailable
biosample:SAMEA3649022	assembly_unavailable
biosample:SAMEA3649023	assembly_unavailable
biosample:SAMEA3649024	assembly_unavailable
biosample:SAMEA3649025	assembly_unavailable
biosample:SAMEA3649026	assembly_unavailable
biosample:SAMEA3649027	assembly_unavailable
biosample:SAMEA3649036	assembly_unavailable
biosample:SAMEA3649037	assembly_unavailable
biosample:SAMEA3649040	assembly_unavailable
biosample:SAMEA3662925	assembly_unavailable
biosample:SAMEA3662933	assembly_unavailable
biosample:SAMEA3662936	assembly_unavailable
biosample:SAMEA3662937	assembly_unavailable
biosample:SAMEA3662940	assembly_unavailable
biosample:SAMEA3672883	assembly_unavailable
biosample:SAMEA3672886	assembly_unavailable
biosample:SAMEA3672888	assembly_unavailable
biosample:SAMEA3672889	assembly_unavailable
biosample:SAMEA3672890	assembly_unavailable
biosample:SAMEA3679170	assembly_unavailable
biosample:SAMEA3679174	assembly_unavailable
biosample:SAMEA3679180	assembly_unavailable
biosample:SAMEA3679187	assembly_unavailable
biosample:SAMEA3679189	assembly_unavailable
biosample:SAMEA3679190	assembly_unavailable
biosample:SAMEA3679194	assembly_unavailable
biosample:SAMEA3696435	assembly_unavailable
biosample:SAMEA3696436	assembly_unavailable
biosample:SAMEA3696437	assembly_unavailable
biosample:SAMEA3696441	assembly_unavailable
biosample:SAMEA3711429	assembly_unavailable
biosample:SAMEA3711430	assembly_unavailable
biosample:SAMEA3711431	assembly_unavailable
biosample:SAMEA3711432	assembly_unavailable
biosample:SAMEA3711433	assembly_unavailable
biosample:SAMEA3711434	assembly_unavailable
biosample:SAMEA3711435	assembly_unavailable
biosample:SAMEA3711436	assembly_unavailable
biosample:SAMEA3711437	assembly_unavailable
biosample:SAMEA3711438	assembly_unavailable
biosample:SAMEA3711440	assembly_unavailable
biosample:SAMEA3714879	assembly_unavailable
biosample:SAMEA3714881	assembly_unavailable
biosample:SAMEA3714884	assembly_unavailable
biosample:SAMEA3714889	assembly_unavailable
biosample:SAMEA3724086	assembly_unavailable
biosample:SAMEA3724089	assembly_unavailable
biosample:SAMEA3724094	assembly_unavailable
biosample:SAMEA3724095	assembly_unavailable
biosample:SAMEA3724098	assembly_unavailable
biosample:SAMEA3729937	assembly_unavailable
biosample:SAMEA3729938	assembly_unavailable
biosample:SAMEA3729941	assembly_unavailable
biosample:SAMEA3729946	assembly_unavailable
biosample:SAMEA37369168	assembly_unavailable
biosample:SAMEA37369918	assembly_unavailable
biosample:SAMEA37370668	assembly_unavailable
biosample:SAMEA37371418	assembly_unavailable
biosample:SAMEA37372918	assembly_unavailable
biosample:SAMEA37373668	assembly_unavailable
biosample:SAMEA37377418	assembly_unavailable
biosample:SAMEA3856672	assembly_unavailable
biosample:SAMEA3856673	assembly_unavailable
biosample:SAMEA3856675	assembly_unavailable
biosample:SAMEA3856676	assembly_unavailable
biosample:SAMEA3856677	assembly_unavailable
biosample:SAMEA3856678	assembly_unavailable
biosample:SAMEA3856679	assembly_unavailable
biosample:SAMEA3856681	assembly_unavailable
biosample:SAMEA3856682	assembly_unavailable
biosample:SAMEA3861961	assembly_unavailable
biosample:SAMEA3861962	assembly_unavailable
biosample:SAMEA3861964	assembly_unavailable
biosample:SAMEA3861965	assembly_unavailable
biosample:SAMEA3861966	assembly_unavailable
biosample:SAMEA3861967	assembly_unavailable
biosample:SAMEA3861968	assembly_unavailable
biosample:SAMEA3861970	assembly_unavailable
biosample:SAMEA3867441	assembly_unavailable
biosample:SAMEA3867442	assembly_unavailable
biosample:SAMEA3867444	assembly_unavailable
biosample:SAMEA3867445	assembly_unavailable
biosample:SAMEA3867448	assembly_unavailable
biosample:SAMEA3867451	assembly_unavailable
biosample:SAMEA3867454	assembly_unavailable
biosample:SAMEA3867459	assembly_unavailable
biosample:SAMEA3867463	assembly_unavailable
biosample:SAMEA3871774	assembly_unavailable
biosample:SAMEA3871776	assembly_unavailable
biosample:SAMEA3871778	assembly_unavailable
biosample:SAMEA3871779	assembly_unavailable
biosample:SAMEA3871780	assembly_unavailable
biosample:SAMEA3871783	assembly_unavailable
biosample:SAMEA3871785	assembly_unavailable
biosample:SAMEA3879485	assembly_unavailable
biosample:SAMEA3879486	assembly_unavailable
biosample:SAMEA3879488	assembly_unavailable
biosample:SAMEA3879493	assembly_unavailable
biosample:SAMEA3879494	assembly_unavailable
biosample:SAMEA3881052	assembly_unavailable
biosample:SAMEA3881053	assembly_unavailable
biosample:SAMEA3881056	assembly_unavailable
biosample:SAMEA3881059	assembly_unavailable
biosample:SAMEA3881065	assembly_unavailable
biosample:SAMEA3881066	assembly_unavailable
biosample:SAMEA3881067	assembly_unavailable
biosample:SAMEA3893447	assembly_unavailable
biosample:SAMEA3893448	assembly_unavailable
biosample:SAMEA3893453	assembly_unavailable
biosample:SAMEA3893454	assembly_unavailable
biosample:SAMEA3893457	assembly_unavailable
biosample:SAMEA3893459	assembly_unavailable
biosample:SAMEA3893462	assembly_unavailable
biosample:SAMEA3905375	assembly_unavailable
biosample:SAMEA3905379	assembly_unavailable
biosample:SAMEA3905386	assembly_unavailable
biosample:SAMEA3919786	assembly_unavailable
biosample:SAMEA3919800	assembly_unavailable
biosample:SAMEA3923588	assembly_unavailable
biosample:SAMEA3923592	assembly_unavailable
biosample:SAMEA3923593	assembly_unavailable
biosample:SAMEA3923595	assembly_unavailable
biosample:SAMEA3930550	assembly_unavailable
biosample:SAMEA3936792	assembly_unavailable
biosample:SAMEA3936793	assembly_unavailable
biosample:SAMEA3936794	assembly_unavailable
biosample:SAMEA3936795	assembly_unavailable
biosample:SAMEA3936796	assembly_unavailable
biosample:SAMEA3936797	assembly_unavailable
biosample:SAMEA3936798	assembly_unavailable
biosample:SAMEA3936800	assembly_unavailable
biosample:SAMEA3956093	assembly_unavailable
biosample:SAMEA3956096	assembly_unavailable
biosample:SAMEA3956098	assembly_unavailable
biosample:SAMEA4007825	assembly_unavailable
biosample:SAMEA4012327	assembly_unavailable
biosample:SAMEA4017703	assembly_unavailable
biosample:SAMEA4017704	assembly_unavailable
biosample:SAMEA4017705	assembly_unavailable
biosample:SAMEA4026938	assembly_unavailable
biosample:SAMEA4028441	assembly_unavailable
biosample:SAMEA4028443	assembly_unavailable
biosample:SAMEA4030732	assembly_unavailable
biosample:SAMEA4030734	assembly_unavailable
biosample:SAMEA4030735	assembly_unavailable
biosample:SAMEA4030736	assembly_unavailable
biosample:SAMEA4030738	assembly_unavailable
biosample:SAMEA4030745	assembly_unavailable
biosample:SAMEA4030753	assembly_unavailable
biosample:SAMEA4040022	assembly_unavailable
biosample:SAMEA4040023	assembly_unavailable
biosample:SAMEA4040024	assembly_unavailable
biosample:SAMEA4040025	assembly_unavailable
biosample:SAMEA4040026	assembly_unavailable
biosample:SAMEA4040027	assembly_unavailable
biosample:SAMEA4040028	assembly_unavailable
biosample:SAMEA4040484	assembly_unavailable
biosample:SAMEA4040590	assembly_unavailable
biosample:SAMEA4040591	assembly_unavailable
biosample:SAMEA4063013	assembly_unavailable
biosample:SAMEA4063017	assembly_unavailable
biosample:SAMEA4063018	assembly_unavailable
biosample:SAMEA4063019	assembly_unavailable
biosample:SAMEA4063020	assembly_unavailable
biosample:SAMEA4063021	assembly_unavailable
biosample:SAMEA4063022	assembly_unavailable
biosample:SAMEA4063023	assembly_unavailable
biosample:SAMEA4063024	assembly_unavailable
biosample:SAMEA4063025	assembly_unavailable
biosample:SAMEA4063026	assembly_unavailable
biosample:SAMEA4063027	assembly_unavailable
biosample:SAMEA4063028	assembly_unavailable
biosample:SAMEA4063029	assembly_unavailable
biosample:SAMEA4063030	assembly_unavailable
biosample:SAMEA4063031	assembly_unavailable
biosample:SAMEA4076702	assembly_unavailable
biosample:SAMEA4076703	assembly_unavailable
biosample:SAMEA4076704	assembly_unavailable
biosample:SAMEA4076705	assembly_unavailable
biosample:SAMEA4076706	assembly_unavailable
biosample:SAMEA4076707	assembly_unavailable
biosample:SAMEA4076708	assembly_unavailable
biosample:SAMEA4076709	assembly_unavailable
biosample:SAMEA4076713	assembly_unavailable
biosample:SAMEA4076714	assembly_unavailable
biosample:SAMEA4076715	assembly_unavailable
biosample:SAMEA4076716	assembly_unavailable
biosample:SAMEA4076717	assembly_unavailable
biosample:SAMEA4076718	assembly_unavailable
biosample:SAMEA4076719	assembly_unavailable
biosample:SAMEA4076721	assembly_unavailable
biosample:SAMEA4076722	assembly_unavailable
biosample:SAMEA4076724	assembly_unavailable
biosample:SAMEA4076725	assembly_unavailable
biosample:SAMEA4076726	assembly_unavailable
biosample:SAMEA4076727	assembly_unavailable
biosample:SAMEA4076728	assembly_unavailable
biosample:SAMEA4076732	assembly_unavailable
biosample:SAMEA4076733	assembly_unavailable
biosample:SAMEA4076734	assembly_unavailable
biosample:SAMEA4362418	assembly_unavailable
biosample:SAMEA4362421	assembly_unavailable
biosample:SAMEA4362422	assembly_unavailable
biosample:SAMEA4362423	assembly_unavailable
biosample:SAMEA4362427	assembly_unavailable
biosample:SAMEA4362428	assembly_unavailable
biosample:SAMEA4362431	assembly_unavailable
biosample:SAMEA4362433	assembly_unavailable
biosample:SAMEA4364201	assembly_unavailable
biosample:SAMEA4364203	assembly_unavailable
biosample:SAMEA4364204	assembly_unavailable
biosample:SAMEA4364207	assembly_unavailable
biosample:SAMEA4364208	assembly_unavailable
biosample:SAMEA4364210	assembly_unavailable
biosample:SAMEA4364211	assembly_unavailable
biosample:SAMEA4364214	assembly_unavailable
biosample:SAMEA4364216	assembly_unavailable
biosample:SAMEA4364217	assembly_unavailable
biosample:SAMEA4364220	assembly_unavailable
biosample:SAMEA4364221	assembly_unavailable
biosample:SAMEA4364222	assembly_unavailable
biosample:SAMEA4384060	assembly_unavailable
biosample:SAMEA4384066	assembly_unavailable
biosample:SAMEA4384067	assembly_unavailable
biosample:SAMEA4384069	assembly_unavailable
biosample:SAMEA4384070	assembly_unavailable
biosample:SAMEA4384071	assembly_unavailable
biosample:SAMEA4384072	assembly_unavailable
biosample:SAMEA4384073	assembly_unavailable
biosample:SAMEA4384074	assembly_unavailable
biosample:SAMEA4384234	assembly_unavailable
biosample:SAMEA4384238	assembly_unavailable
biosample:SAMEA4384239	assembly_unavailable
biosample:SAMEA4384240	assembly_unavailable
biosample:SAMEA4384241	assembly_unavailable
biosample:SAMEA4384242	assembly_unavailable
biosample:SAMEA4384243	assembly_unavailable
biosample:SAMEA4384306	assembly_unavailable
biosample:SAMEA4384307	assembly_unavailable
biosample:SAMEA4384340	assembly_unavailable
biosample:SAMEA4412656	assembly_unavailable
biosample:SAMEA4412657	assembly_unavailable
biosample:SAMEA4412658	assembly_unavailable
biosample:SAMEA4412662	assembly_unavailable
biosample:SAMEA4412663	assembly_unavailable
biosample:SAMEA4412664	assembly_unavailable
biosample:SAMEA4412665	assembly_unavailable
biosample:SAMEA4412666	assembly_unavailable
biosample:SAMEA4412669	assembly_unavailable
biosample:SAMEA4412670	assembly_unavailable
biosample:SAMEA4412671	assembly_unavailable
biosample:SAMEA4412672	assembly_unavailable
biosample:SAMEA4412673	assembly_unavailable
biosample:SAMEA4412674	assembly_unavailable
biosample:SAMEA4412676	assembly_unavailable
biosample:SAMEA4412677	assembly_unavailable
biosample:SAMEA4412678	assembly_unavailable
biosample:SAMEA4412679	assembly_unavailable
biosample:SAMEA4412683	assembly_unavailable
biosample:SAMEA4412684	assembly_unavailable
biosample:SAMEA4412685	assembly_unavailable
biosample:SAMEA4412687	assembly_unavailable
biosample:SAMEA4412688	assembly_unavailable
biosample:SAMEA4412690	assembly_unavailable
biosample:SAMEA4412693	assembly_unavailable
biosample:SAMEA4412694	assembly_unavailable
biosample:SAMEA4412695	assembly_unavailable
biosample:SAMEA4412696	assembly_unavailable
biosample:SAMEA4412697	assembly_unavailable
biosample:SAMEA4412698	assembly_unavailable
biosample:SAMEA4412699	assembly_unavailable
biosample:SAMEA4412700	assembly_unavailable
biosample:SAMEA4412701	assembly_unavailable
biosample:SAMEA4412702	assembly_unavailable
biosample:SAMEA4412704	assembly_unavailable
biosample:SAMEA4412705	assembly_unavailable
biosample:SAMEA4412707	assembly_unavailable
biosample:SAMEA4412708	assembly_unavailable
biosample:SAMEA4412709	assembly_unavailable
biosample:SAMEA4434518	assembly_unavailable
biosample:SAMEA4434521	assembly_unavailable
biosample:SAMEA4434523	assembly_unavailable
biosample:SAMEA4434524	assembly_unavailable
biosample:SAMEA4434525	assembly_unavailable
biosample:SAMEA4434527	assembly_unavailable
biosample:SAMEA4434528	assembly_unavailable
biosample:SAMEA4434529	assembly_unavailable
biosample:SAMEA4434530	assembly_unavailable
biosample:SAMEA4434531	assembly_unavailable
biosample:SAMEA4442456	assembly_unavailable
biosample:SAMEA4442457	assembly_unavailable
biosample:SAMEA4442458	assembly_unavailable
biosample:SAMEA4442459	assembly_unavailable
biosample:SAMEA4442462	assembly_unavailable
biosample:SAMEA4442463	assembly_unavailable
biosample:SAMEA4442464	assembly_unavailable
biosample:SAMEA44515918	assembly_unavailable
biosample:SAMEA44516668	assembly_unavailable
biosample:SAMEA44518168	assembly_unavailable
biosample:SAMEA44521918	assembly_unavailable
biosample:SAMEA44525668	assembly_unavailable
biosample:SAMEA44526418	assembly_unavailable
biosample:SAMEA44527168	assembly_unavailable
biosample:SAMEA44527918	assembly_unavailable
biosample:SAMEA44528668	assembly_unavailable
biosample:SAMEA44529418	assembly_unavailable
biosample:SAMEA44530168	assembly_unavailable
biosample:SAMEA44532418	assembly_unavailable
biosample:SAMEA44535418	assembly_unavailable
biosample:SAMEA44538418	assembly_unavailable
biosample:SAMEA44539168	assembly_unavailable
biosample:SAMEA44539918	assembly_unavailable
biosample:SAMEA44541418	assembly_unavailable
biosample:SAMEA44542168	assembly_unavailable
biosample:SAMEA44542918	assembly_unavailable
biosample:SAMEA44545918	assembly_unavailable
biosample:SAMEA44546668	assembly_unavailable
biosample:SAMEA44547418	assembly_unavailable
biosample:SAMEA44549668	assembly_unavailable
biosample:SAMEA44550418	assembly_unavailable
biosample:SAMEA44551168	assembly_unavailable
biosample:SAMEA4475680	assembly_unavailable
biosample:SAMEA4475690	assembly_unavailable
biosample:SAMEA4475694	assembly_unavailable
biosample:SAMEA4475696	assembly_unavailable
biosample:SAMEA4475697	assembly_unavailable
biosample:SAMEA4475698	assembly_unavailable
biosample:SAMEA4475699	assembly_unavailable
biosample:SAMEA4475700	assembly_unavailable
biosample:SAMEA4475702	assembly_unavailable
biosample:SAMEA4475703	assembly_unavailable
biosample:SAMEA4475704	assembly_unavailable
biosample:SAMEA4475705	assembly_unavailable
biosample:SAMEA4504037	assembly_unavailable
biosample:SAMEA4504038	assembly_unavailable
biosample:SAMEA4504040	assembly_unavailable
biosample:SAMEA4504044	assembly_unavailable
biosample:SAMEA4504046	assembly_unavailable
biosample:SAMEA4504047	assembly_unavailable
biosample:SAMEA4504048	assembly_unavailable
biosample:SAMEA4504051	assembly_unavailable
biosample:SAMEA4504054	assembly_unavailable
biosample:SAMEA4504056	assembly_unavailable
biosample:SAMEA4504057	assembly_unavailable
biosample:SAMEA4504058	assembly_unavailable
biosample:SAMEA4504059	assembly_unavailable
biosample:SAMEA4504061	assembly_unavailable
biosample:SAMEA4504062	assembly_unavailable
biosample:SAMEA4504063	assembly_unavailable
biosample:SAMEA4504064	assembly_unavailable
biosample:SAMEA4504066	assembly_unavailable
biosample:SAMEA4521463	assembly_unavailable
biosample:SAMEA4521464	assembly_unavailable
biosample:SAMEA4521467	assembly_unavailable
biosample:SAMEA4521468	assembly_unavailable
biosample:SAMEA4521469	assembly_unavailable
biosample:SAMEA4521472	assembly_unavailable
biosample:SAMEA4521473	assembly_unavailable
biosample:SAMEA4530647	assembly_unavailable
biosample:SAMEA4530649	assembly_unavailable
biosample:SAMEA4530651	assembly_unavailable
biosample:SAMEA4530655	assembly_unavailable
biosample:SAMEA4530656	assembly_unavailable
biosample:SAMEA4534871	assembly_unavailable
biosample:SAMEA4534872	assembly_unavailable
biosample:SAMEA4535747	assembly_unavailable
biosample:SAMEA4535748	assembly_unavailable
biosample:SAMEA4535749	assembly_unavailable
biosample:SAMEA4535750	assembly_unavailable
biosample:SAMEA4535751	assembly_unavailable
biosample:SAMEA4535752	assembly_unavailable
biosample:SAMEA4535753	assembly_unavailable
biosample:SAMEA4535757	assembly_unavailable
biosample:SAMEA4535760	assembly_unavailable
biosample:SAMEA4535761	assembly_unavailable
biosample:SAMEA4535763	assembly_unavailable
biosample:SAMEA4535765	assembly_unavailable
biosample:SAMEA4537265	assembly_unavailable
biosample:SAMEA4552895	assembly_unavailable
biosample:SAMEA4552896	assembly_unavailable
biosample:SAMEA4556066	assembly_unavailable
biosample:SAMEA4556067	assembly_unavailable
biosample:SAMEA4556070	assembly_unavailable
biosample:SAMEA4556076	assembly_unavailable
biosample:SAMEA4556077	assembly_unavailable
biosample:SAMEA4556078	assembly_unavailable
biosample:SAMEA4557823	assembly_unavailable
biosample:SAMEA4557824	assembly_unavailable
biosample:SAMEA4557833	assembly_unavailable
biosample:SAMEA48399418	assembly_unavailable
biosample:SAMEA48400168	assembly_unavailable
biosample:SAMEA48401668	assembly_unavailable
biosample:SAMEA48402418	assembly_unavailable
biosample:SAMEA48403168	assembly_unavailable
biosample:SAMEA48403918	assembly_unavailable
biosample:SAMEA48404668	assembly_unavailable
biosample:SAMEA48405418	assembly_unavailable
biosample:SAMEA48406918	assembly_unavailable
biosample:SAMEA48408418	assembly_unavailable
biosample:SAMEA48409168	assembly_unavailable
biosample:SAMEA48410668	assembly_unavailable
biosample:SAMEA48412918	assembly_unavailable
biosample:SAMEA48415918	assembly_unavailable
biosample:SAMEA50767168	assembly_unavailable
biosample:SAMEA50770168	assembly_unavailable
biosample:SAMEA5080414	assembly_unavailable
biosample:SAMEA5080415	assembly_unavailable
biosample:SAMEA53328418	assembly_unavailable
biosample:SAMEA53329918	assembly_unavailable
biosample:SAMEA53411668	assembly_unavailable
biosample:SAMEA53413168	assembly_unavailable
biosample:SAMEA53413918	assembly_unavailable
biosample:SAMEA53414668	assembly_unavailable
biosample:SAMEA53415418	assembly_unavailable
biosample:SAMEA53433418	assembly_unavailable
biosample:SAMEA53434168	assembly_unavailable
biosample:SAMEA6474358	assembly_unavailable
biosample:SAMEA6952714	assembly_unavailable
biosample:SAMEA7301478	assembly_unavailable
biosample:SAMEA7301479	assembly_unavailable
biosample:SAMEA7301480	assembly_unavailable
biosample:SAMEA7301481	assembly_unavailable
biosample:SAMEA7301482	assembly_unavailable
biosample:SAMEA7301483	assembly_unavailable
biosample:SAMEA7301484	assembly_unavailable
biosample:SAMEA7301485	assembly_unavailable
biosample:SAMEA7301486	assembly_unavailable
biosample:SAMEA7301487	assembly_unavailable
biosample:SAMEA7301488	assembly_unavailable
biosample:SAMEA7301489	assembly_unavailable
biosample:SAMEA7301490	assembly_unavailable
biosample:SAMEA7301491	assembly_unavailable
biosample:SAMEA7301492	assembly_unavailable
biosample:SAMEA7301493	assembly_unavailable
biosample:SAMEA7301494	assembly_unavailable
biosample:SAMEA7301495	assembly_unavailable
biosample:SAMEA7301496	assembly_unavailable
biosample:SAMEA7301497	assembly_unavailable
biosample:SAMEA7301498	assembly_unavailable
biosample:SAMEA7301499	assembly_unavailable
biosample:SAMEA7301500	assembly_unavailable
biosample:SAMEA7301501	assembly_unavailable
biosample:SAMEA7301502	assembly_unavailable
biosample:SAMEA7301503	assembly_unavailable
biosample:SAMEA7301504	assembly_unavailable
biosample:SAMEA7301505	assembly_unavailable
biosample:SAMEA7301506	assembly_unavailable
biosample:SAMEA7306552	assembly_unavailable
biosample:SAMEA7339713	assembly_unavailable
biosample:SAMEA7339719	assembly_unavailable
biosample:SAMEA7339755	assembly_unavailable
biosample:SAMEA7339795	assembly_unavailable
biosample:SAMEA80446918	assembly_unavailable
biosample:SAMEA80450668	assembly_unavailable
biosample:SAMEA80452918	assembly_unavailable
biosample:SAMEA80455168	assembly_unavailable
biosample:SAMEA80458168	assembly_unavailable
biosample:SAMEA80458918	assembly_unavailable
biosample:SAMEA80459668	assembly_unavailable
biosample:SAMEA80461168	assembly_unavailable
biosample:SAMEA80462668	assembly_unavailable
biosample:SAMEA8520921	assembly_unavailable
biosample:SAMEA8617650	assembly_unavailable
biosample:SAMEA87355168	assembly_unavailable
biosample:SAMEA87356668	assembly_unavailable
biosample:SAMEA87357418	assembly_unavailable
biosample:SAMEA87358168	assembly_unavailable
biosample:SAMEA87359668	assembly_unavailable
biosample:SAMEA87360418	assembly_unavailable
biosample:SAMEA87362668	assembly_unavailable
biosample:SAMEA87363418	assembly_unavailable
biosample:SAMEA87364168	assembly_unavailable
biosample:SAMN00000002	assembly_unavailable
biosample:SAMN00000003	assembly_unavailable
biosample:SAMN00000004	assembly_unavailable
biosample:SAMN00000007	assembly_unavailable
biosample:SAMN00000008	assembly_unavailable
biosample:SAMN00000012	assembly_unavailable
biosample:SAMN00000014	assembly_unavailable
biosample:SAMN00000015	assembly_unavailable
biosample:SAMN00000016	assembly_unavailable
biosample:SAMN00000017	assembly_unavailable
biosample:SAMN00000022	assembly_unavailable
biosample:SAMN00000025	assembly_unavailable
biosample:SAMN00000028	assembly_unavailable
biosample:SAMN00000029	assembly_unavailable
biosample:SAMN00000035	assembly_unavailable
biosample:SAMN00000036	assembly_unavailable
biosample:SAMN00000037	assembly_unavailable
biosample:SAMN00000038	assembly_unavailable
biosample:SAMN00000042	assembly_unavailable
biosample:SAMN00000045	assembly_unavailable
biosample:SAMN00000048	assembly_unavailable
biosample:SAMN00000050	assembly_unavailable
biosample:SAMN00000051	assembly_unavailable
biosample:SAMN00000216	assembly_unavailable
biosample:SAMN00000277	assembly_unavailable
biosample:SAMN00000281	assembly_unavailable
biosample:SAMN00000285	assembly_unavailable
biosample:SAMN00000626	assembly_unavailable
biosample:SAMN00000627	assembly_unavailable
biosample:SAMN00000628	metadata_identity_flags:META_FAIL
biosample:SAMN00000667	assembly_unavailable
biosample:SAMN00000681	assembly_unavailable
biosample:SAMN00000715	assembly_unavailable
biosample:SAMN00000716	assembly_unavailable
biosample:SAMN00000717	assembly_unavailable
biosample:SAMN00000721	assembly_unavailable
biosample:SAMN00000722	assembly_unavailable
biosample:SAMN00000729	assembly_unavailable
biosample:SAMN00000730	assembly_unavailable
biosample:SAMN00000734	assembly_unavailable
biosample:SAMN00000736	assembly_unavailable
biosample:SAMN00001446	assembly_unavailable
biosample:SAMN00001448	metadata_identity_flags:META_FAIL
biosample:SAMN00001463	assembly_unavailable
biosample:SAMN00001467	metadata_identity_flags:META_FAIL
biosample:SAMN00001468	metadata_identity_flags:META_FAIL
biosample:SAMN00001470	metadata_identity_flags:META_FAIL
biosample:SAMN00001472	assembly_unavailable
biosample:SAMN00001473	metadata_identity_flags:META_FAIL
biosample:SAMN00001474	assembly_unavailable
biosample:SAMN00001476	assembly_unavailable
biosample:SAMN00001477	assembly_unavailable
biosample:SAMN00001478	assembly_unavailable
biosample:SAMN00001483	metadata_identity_flags:META_FAIL
biosample:SAMN00001484	metadata_identity_flags:META_FAIL
biosample:SAMN00001485	metadata_identity_flags:META_FAIL
biosample:SAMN00001486	metadata_identity_flags:META_FAIL
biosample:SAMN00001487	metadata_identity_flags:META_FAIL
biosample:SAMN00001488	assembly_unavailable
biosample:SAMN00001496	metadata_identity_flags:META_FAIL
biosample:SAMN00001505	assembly_unavailable
biosample:SAMN00001506	metadata_identity_flags:META_FAIL
biosample:SAMN00001507	metadata_identity_flags:META_FAIL
biosample:SAMN00001853	assembly_unavailable
biosample:SAMN00001868	assembly_unavailable
biosample:SAMN00001882	assembly_unavailable
biosample:SAMN00001904	assembly_unavailable
biosample:SAMN00001907	assembly_unavailable
biosample:SAMN00001908	assembly_unavailable
biosample:SAMN00001910	assembly_unavailable
biosample:SAMN00001911	assembly_unavailable
biosample:SAMN00001916	assembly_unavailable
biosample:SAMN00001917	assembly_unavailable
biosample:SAMN00001919	assembly_unavailable
biosample:SAMN00001942	assembly_unavailable
biosample:SAMN00002226	assembly_unavailable
biosample:SAMN00002244	assembly_unavailable
biosample:SAMN00002247	assembly_unavailable
biosample:SAMN00002456	assembly_unavailable
biosample:SAMN00002506	assembly_unavailable
biosample:SAMN00002545	metadata_identity_flags:META_FAIL
biosample:SAMN00002582	assembly_unavailable
biosample:SAMN00002587	assembly_unavailable
biosample:SAMN00002593	assembly_unavailable
biosample:SAMN00002594	assembly_unavailable
biosample:SAMN00002595	assembly_unavailable
biosample:SAMN00002596	assembly_unavailable
biosample:SAMN00002597	assembly_unavailable
biosample:SAMN00002598	assembly_unavailable
biosample:SAMN00002600	assembly_unavailable
biosample:SAMN00002602	assembly_unavailable
biosample:SAMN00002603	assembly_unavailable
biosample:SAMN00002604	assembly_unavailable
biosample:SAMN00002609	assembly_unavailable
biosample:SAMN00002612	assembly_unavailable
biosample:SAMN00002613	assembly_unavailable
biosample:SAMN00002661	assembly_unavailable
biosample:SAMN00002700	assembly_unavailable
biosample:SAMN00003365	assembly_unavailable
biosample:SAMN00005136	assembly_unavailable
biosample:SAMN00005351	assembly_unavailable
biosample:SAMN00005353	assembly_unavailable
biosample:SAMN00005354	assembly_unavailable
biosample:SAMN00005357	assembly_unavailable
biosample:SAMN00005358	assembly_unavailable
biosample:SAMN00005359	assembly_unavailable
biosample:SAMN00005360	assembly_unavailable
biosample:SAMN00008342	assembly_unavailable
biosample:SAMN00008344	assembly_unavailable
biosample:SAMN00008758	assembly_unavailable
biosample:SAMN00008759	metadata_identity_flags:META_FAIL
biosample:SAMN00008769	assembly_unavailable
biosample:SAMN00008774	assembly_unavailable
biosample:SAMN00008777	assembly_unavailable
biosample:SAMN00008778	assembly_unavailable
biosample:SAMN00008795	assembly_unavailable
biosample:SAMN00008796	assembly_unavailable
biosample:SAMN00008797	metadata_identity_flags:META_FAIL
biosample:SAMN00008799	metadata_identity_flags:META_FAIL
biosample:SAMN00008804	metadata_identity_flags:META_FAIL
biosample:SAMN00008805	metadata_identity_flags:META_FAIL
biosample:SAMN00008808	assembly_unavailable
biosample:SAMN00008812	metadata_identity_flags:META_FAIL
biosample:SAMN00008813	metadata_identity_flags:META_FAIL
biosample:SAMN00008814	assembly_unavailable
biosample:SAMN00008817	assembly_unavailable
biosample:SAMN00008819	assembly_unavailable
biosample:SAMN00008820	metadata_identity_flags:META_FAIL
biosample:SAMN00008822	assembly_unavailable
biosample:SAMN00008823	metadata_identity_flags:META_FAIL
biosample:SAMN00008825	assembly_unavailable
biosample:SAMN00008827	assembly_unavailable
biosample:SAMN00008828	assembly_unavailable
biosample:SAMN00008830	assembly_unavailable
biosample:SAMN00008832	metadata_identity_flags:META_FAIL
biosample:SAMN00008837	assembly_unavailable
biosample:SAMN00008838	assembly_unavailable
biosample:SAMN00008840	assembly_unavailable
biosample:SAMN00008841	assembly_unavailable
biosample:SAMN00008842	assembly_unavailable
biosample:SAMN00008844	assembly_unavailable
biosample:SAMN00008846	metadata_identity_flags:META_FAIL
biosample:SAMN00008847	assembly_unavailable
biosample:SAMN00008849	metadata_identity_flags:META_FAIL
biosample:SAMN00008853	assembly_unavailable
biosample:SAMN00008854	assembly_unavailable
biosample:SAMN00008855	assembly_unavailable
biosample:SAMN00008856	assembly_unavailable
biosample:SAMN00008857	assembly_unavailable
biosample:SAMN00008859	metadata_identity_flags:META_FAIL
biosample:SAMN00008860	metadata_identity_flags:META_FAIL
biosample:SAMN00008861	metadata_identity_flags:META_FAIL
biosample:SAMN00008862	assembly_unavailable
biosample:SAMN00008863	metadata_identity_flags:META_FAIL
biosample:SAMN00009040	metadata_identity_flags:META_FAIL
biosample:SAMN00009759	assembly_unavailable
biosample:SAMN00013959	assembly_unavailable
biosample:SAMN00015356	assembly_unavailable
biosample:SAMN00016729	assembly_unavailable
biosample:SAMN00016731	assembly_unavailable
biosample:SAMN00016829	metadata_identity_flags:META_FAIL
biosample:SAMN00016988	assembly_unavailable
biosample:SAMN00016989	metadata_identity_flags:META_FAIL
biosample:SAMN00017035	assembly_unavailable
biosample:SAMN00017036	assembly_unavailable
biosample:SAMN00017059	assembly_unavailable
biosample:SAMN00017225	metadata_identity_flags:META_FAIL
biosample:SAMN00017394	assembly_unavailable
biosample:SAMN00017405	assembly_unavailable
biosample:SAMN00017443	assembly_unavailable
biosample:SAMN00017477	assembly_unavailable
biosample:SAMN00100737	assembly_unavailable
biosample:SAMN00100748	assembly_unavailable
biosample:SAMN00100749	assembly_unavailable
biosample:SAMN00100752	assembly_unavailable
biosample:SAMN00100753	assembly_unavailable
biosample:SAMN00100755	metadata_identity_flags:META_FAIL
biosample:SAMN00100756	assembly_unavailable
biosample:SAMN00103625	metadata_identity_flags:META_FAIL
biosample:SAMN00103629	assembly_unavailable
biosample:SAMN00113485	assembly_unavailable
biosample:SAMN00113594	assembly_unavailable
biosample:SAMN00113608	assembly_unavailable
biosample:SAMN00115627	assembly_unavailable
biosample:SAMN00116458	assembly_unavailable
biosample:SAMN00116773	assembly_unavailable
biosample:SAMN00116774	assembly_unavailable
biosample:SAMN00116775	assembly_unavailable
biosample:SAMN00116776	assembly_unavailable
biosample:SAMN00116807	assembly_unavailable
biosample:SAMN00117214	assembly_unavailable
biosample:SAMN00117215	assembly_unavailable
biosample:SAMN00117235	assembly_unavailable
biosample:SAMN00118193	metadata_identity_flags:META_FAIL
biosample:SAMN00120144	assembly_unavailable
biosample:SAMN00120211	assembly_unavailable
biosample:SAMN00120219	assembly_unavailable
biosample:SAMN00120225	assembly_unavailable
biosample:SAMN00120458	assembly_unavailable
biosample:SAMN00120576	metadata_identity_flags:META_FAIL
biosample:SAMN00120578	assembly_unavailable
biosample:SAMN00120580	assembly_unavailable
biosample:SAMN00120581	assembly_unavailable
biosample:SAMN00120582	metadata_identity_flags:META_FAIL
biosample:SAMN00120584	assembly_unavailable
biosample:SAMN00120585	assembly_unavailable
biosample:SAMN00138207	assembly_unavailable
biosample:SAMN00138208	assembly_unavailable
biosample:SAMN00138209	assembly_unavailable
biosample:SAMN00138213	assembly_unavailable
biosample:SAMN00138929	assembly_unavailable
biosample:SAMN00138930	assembly_unavailable
biosample:SAMN00138948	assembly_unavailable
biosample:SAMN00138949	assembly_unavailable
biosample:SAMN00138952	metadata_identity_flags:META_FAIL
biosample:SAMN00138957	metadata_identity_flags:META_FAIL
biosample:SAMN00139180	metadata_identity_flags:META_FAIL
biosample:SAMN00139181	assembly_unavailable
biosample:SAMN00139182	assembly_unavailable
biosample:SAMN00139184	assembly_unavailable
biosample:SAMN00139187	assembly_unavailable
biosample:SAMN00139192	assembly_unavailable
biosample:SAMN00139193	assembly_unavailable
biosample:SAMN00139194	assembly_unavailable
biosample:SAMN00139312	assembly_unavailable
biosample:SAMN00139322	assembly_unavailable
biosample:SAMN00139429	metadata_identity_flags:META_FAIL
biosample:SAMN00139430	assembly_unavailable
biosample:SAMN00139432	assembly_unavailable
biosample:SAMN00189217	assembly_unavailable
biosample:SAMN00189531	assembly_unavailable
biosample:SAMN00189880	assembly_unavailable
biosample:SAMN00189881	metadata_identity_flags:META_FAIL
biosample:SAMN00190054	assembly_unavailable
biosample:SAMN00191234	assembly_unavailable
biosample:SAMN00191235	metadata_identity_flags:META_FAIL
biosample:SAMN00191237	metadata_identity_flags:META_FAIL
biosample:SAMN00210783	metadata_identity_flags:META_FAIL
biosample:SAMN00215989	assembly_unavailable
biosample:SAMN00216780	assembly_unavailable
biosample:SAMN00216833	assembly_unavailable
biosample:SAMN00216885	assembly_unavailable
biosample:SAMN00216886	assembly_unavailable
biosample:SAMN00216969	assembly_unavailable
biosample:SAMN00216972	assembly_unavailable
biosample:SAMN00216974	assembly_unavailable
biosample:SAMN00217012	assembly_unavailable
biosample:SAMN00217013	assembly_unavailable
biosample:SAMN00253295	assembly_unavailable
biosample:SAMN00253297	assembly_unavailable
biosample:SAMN00253298	assembly_unavailable
biosample:SAMN00253299	assembly_unavailable
biosample:SAMN00253300	assembly_unavailable
biosample:SAMN00253301	assembly_unavailable
biosample:SAMN00253302	assembly_unavailable
biosample:SAMN00253307	assembly_unavailable
biosample:SAMN00253308	assembly_unavailable
biosample:SAMN00253309	assembly_unavailable
biosample:SAMN00253310	assembly_unavailable
biosample:SAMN00253311	assembly_unavailable
biosample:SAMN00253312	assembly_unavailable
biosample:SAMN00253313	assembly_unavailable
biosample:SAMN00253314	assembly_unavailable
biosample:SAMN00253315	assembly_unavailable
biosample:SAMN00253318	assembly_unavailable
biosample:SAMN00253319	assembly_unavailable
biosample:SAMN00253320	assembly_unavailable
biosample:SAMN00253321	assembly_unavailable
biosample:SAMN00253322	assembly_unavailable
biosample:SAMN00253323	assembly_unavailable
biosample:SAMN00253324	assembly_unavailable
biosample:SAMN00253325	assembly_unavailable
biosample:SAMN00253969	assembly_unavailable
biosample:SAMN00253970	metadata_identity_flags:META_FAIL
biosample:SAMN00253995	metadata_identity_flags:META_FAIL
biosample:SAMN00253996	metadata_identity_flags:META_FAIL
biosample:SAMN00259653	metadata_identity_flags:META_FAIL
biosample:SAMN00259689	metadata_identity_flags:META_FAIL
biosample:SAMN00259690	assembly_unavailable
biosample:SAMN00260151	metadata_identity_flags:META_FAIL
biosample:SAMN00260258	metadata_identity_flags:META_FAIL
biosample:SAMN00260259	metadata_identity_flags:META_FAIL
biosample:SAMN00261231	assembly_unavailable
biosample:SAMN00262616	assembly_unavailable
biosample:SAMN00262626	metadata_identity_flags:META_FAIL
biosample:SAMN00262639	metadata_identity_flags:META_FAIL
biosample:SAMN00262640	metadata_identity_flags:META_FAIL
biosample:SAMN00262700	assembly_unavailable
biosample:SAMN00262711	assembly_unavailable
biosample:SAMN00621697	assembly_unavailable
biosample:SAMN00621698	assembly_unavailable
biosample:SAMN00621699	assembly_unavailable
biosample:SAMN00621700	assembly_unavailable
biosample:SAMN00621701	assembly_unavailable
biosample:SAMN00621702	assembly_unavailable
biosample:SAMN00621704	assembly_unavailable
biosample:SAMN00621705	assembly_unavailable
biosample:SAMN00621707	assembly_unavailable
biosample:SAMN00621708	assembly_unavailable
biosample:SAMN00621712	assembly_unavailable
biosample:SAMN00621722	assembly_unavailable
biosample:SAMN00621724	assembly_unavailable
biosample:SAMN00622208	assembly_unavailable
biosample:SAMN00622973	assembly_unavailable
biosample:SAMN00623032	assembly_unavailable
biosample:SAMN00623033	assembly_unavailable
biosample:SAMN00623035	assembly_unavailable
biosample:SAMN00623036	assembly_unavailable
biosample:SAMN00623037	assembly_unavailable
biosample:SAMN00623039	assembly_unavailable
biosample:SAMN00623041	assembly_unavailable
biosample:SAMN00623043	assembly_unavailable
biosample:SAMN00623044	assembly_unavailable
biosample:SAMN00623046	assembly_unavailable
biosample:SAMN00623047	assembly_unavailable
biosample:SAMN00623048	assembly_unavailable
biosample:SAMN00623055	assembly_unavailable
biosample:SAMN00623056	assembly_unavailable
biosample:SAMN00623058	assembly_unavailable
biosample:SAMN00623067	assembly_unavailable
biosample:SAMN00623068	assembly_unavailable
biosample:SAMN00627053	assembly_unavailable
biosample:SAMN00627054	assembly_unavailable
biosample:SAMN00627055	assembly_unavailable
biosample:SAMN00627057	assembly_unavailable
biosample:SAMN00627058	assembly_unavailable
biosample:SAMN00627059	assembly_unavailable
biosample:SAMN00627060	assembly_unavailable
biosample:SAMN00627066	assembly_unavailable
biosample:SAMN00627067	assembly_unavailable
biosample:SAMN00627068	assembly_unavailable
biosample:SAMN00627069	assembly_unavailable
biosample:SAMN00627070	assembly_unavailable
biosample:SAMN00627073	assembly_unavailable
biosample:SAMN00627074	assembly_unavailable
biosample:SAMN00627086	assembly_unavailable
biosample:SAMN00627089	assembly_unavailable
biosample:SAMN00627090	assembly_unavailable
biosample:SAMN00627091	assembly_unavailable
biosample:SAMN00627099	assembly_unavailable
biosample:SAMN00627102	assembly_unavailable
biosample:SAMN00627103	assembly_unavailable
biosample:SAMN00627104	assembly_unavailable
biosample:SAMN00627105	assembly_unavailable
biosample:SAMN00672674	metadata_identity_flags:META_FAIL
biosample:SAMN00707155	assembly_unavailable
biosample:SAMN00713558	assembly_unavailable
biosample:SAMN00713560	assembly_unavailable
biosample:SAMN00713561	assembly_unavailable
biosample:SAMN00713562	assembly_unavailable
biosample:SAMN00713564	metadata_identity_flags:META_FAIL
biosample:SAMN00713565	assembly_unavailable
biosample:SAMN00713566	assembly_unavailable
biosample:SAMN00713569	assembly_unavailable
biosample:SAMN00713570	assembly_unavailable
biosample:SAMN00713573	assembly_unavailable
biosample:SAMN00713576	assembly_unavailable
biosample:SAMN00713578	metadata_identity_flags:META_FAIL
biosample:SAMN00713580	assembly_unavailable
biosample:SAMN00713581	assembly_unavailable
biosample:SAMN00713585	metadata_identity_flags:META_FAIL
biosample:SAMN00713587	metadata_identity_flags:META_FAIL
biosample:SAMN00713589	assembly_unavailable
biosample:SAMN00713591	assembly_unavailable
biosample:SAMN00713596	assembly_unavailable
biosample:SAMN00713597	assembly_unavailable
biosample:SAMN00713604	assembly_unavailable
biosample:SAMN00713607	assembly_unavailable
biosample:SAMN00713608	metadata_identity_flags:META_FAIL
biosample:SAMN00713611	assembly_unavailable
biosample:SAMN00713612	assembly_unavailable
biosample:SAMN00713614	assembly_unavailable
biosample:SAMN00713629	assembly_unavailable
biosample:SAMN00715886	assembly_unavailable
biosample:SAMN00716786	metadata_identity_flags:META_FAIL
biosample:SAMN00727631	assembly_unavailable
biosample:SAMN00727646	assembly_unavailable
biosample:SAMN00738287	assembly_unavailable
biosample:SAMN00761790	assembly_unavailable
biosample:SAMN00761791	metadata_identity_flags:META_FAIL
biosample:SAMN00761792	metadata_identity_flags:META_FAIL
biosample:SAMN00761793	metadata_identity_flags:META_FAIL
biosample:SAMN00761794	metadata_identity_flags:META_FAIL
biosample:SAMN00761799	metadata_identity_flags:META_FAIL
biosample:SAMN00761801	metadata_identity_flags:META_FAIL
biosample:SAMN00761805	metadata_identity_flags:META_FAIL
biosample:SAMN00761806	metadata_identity_flags:META_FAIL
biosample:SAMN00761813	metadata_identity_flags:META_FAIL
biosample:SAMN00761814	metadata_identity_flags:META_FAIL
biosample:SAMN00761819	metadata_identity_flags:META_FAIL
biosample:SAMN00761834	metadata_identity_flags:META_FAIL
biosample:SAMN00761835	metadata_identity_flags:META_FAIL
biosample:SAMN00761850	metadata_identity_flags:META_FAIL
biosample:SAMN00761851	metadata_identity_flags:META_FAIL
biosample:SAMN00761853	metadata_identity_flags:META_FAIL
biosample:SAMN00761854	metadata_identity_flags:META_FAIL
biosample:SAMN00761855	metadata_identity_flags:META_FAIL
biosample:SAMN00761856	metadata_identity_flags:META_FAIL
biosample:SAMN00761857	metadata_identity_flags:META_FAIL
biosample:SAMN00761858	metadata_identity_flags:META_FAIL
biosample:SAMN00761859	metadata_identity_flags:META_FAIL
biosample:SAMN00767673	assembly_unavailable
biosample:SAMN00768000	assembly_unavailable
biosample:SAMN00771506	assembly_unavailable
biosample:SAMN00773126	metadata_identity_flags:META_FAIL
biosample:SAMN00777080	metadata_identity_flags:META_FAIL
biosample:SAMN00778811	metadata_identity_flags:META_FAIL
biosample:SAMN00778952	metadata_identity_flags:META_FAIL
biosample:SAMN00778953	metadata_identity_flags:META_FAIL
biosample:SAMN00779860	metadata_identity_flags:META_FAIL
biosample:SAMN00790413	assembly_unavailable
biosample:SAMN00792203	metadata_identity_flags:META_FAIL
biosample:SAMN00792340	metadata_identity_flags:META_FAIL
biosample:SAMN00792433	assembly_unavailable
biosample:SAMN00808754	metadata_identity_flags:META_FAIL
biosample:SAMN00809107	metadata_identity_flags:META_FAIL
biosample:SAMN00809110	metadata_identity_flags:META_FAIL
biosample:SAMN00809111	metadata_identity_flags:META_FAIL
biosample:SAMN00809112	metadata_identity_flags:META_FAIL
biosample:SAMN00809113	metadata_identity_flags:META_FAIL
biosample:SAMN00809116	metadata_identity_flags:META_FAIL
biosample:SAMN00809120	metadata_identity_flags:META_FAIL
biosample:SAMN00809121	metadata_identity_flags:META_FAIL
biosample:SAMN00809202	metadata_identity_flags:META_FAIL
biosample:SAMN00811241	assembly_unavailable
biosample:SAMN00828754	assembly_unavailable
biosample:SAMN00829137	metadata_identity_flags:META_FAIL
biosample:SAMN00829140	metadata_identity_flags:META_FAIL
biosample:SAMN00829151	assembly_unavailable
biosample:SAMN00847602	metadata_identity_flags:META_FAIL
biosample:SAMN00847606	metadata_identity_flags:META_FAIL
biosample:SAMN00857837	assembly_unavailable
biosample:SAMN00991056	metadata_identity_flags:META_FAIL
biosample:SAMN00991057	metadata_identity_flags:META_FAIL
biosample:SAMN00991059	metadata_identity_flags:META_FAIL
biosample:SAMN00991060	metadata_identity_flags:META_FAIL
biosample:SAMN00991061	metadata_identity_flags:META_FAIL
biosample:SAMN00991062	metadata_identity_flags:META_FAIL
biosample:SAMN00991063	metadata_identity_flags:META_FAIL
biosample:SAMN00991064	metadata_identity_flags:META_FAIL
biosample:SAMN00991065	metadata_identity_flags:META_FAIL
biosample:SAMN00991066	metadata_identity_flags:META_FAIL
biosample:SAMN00991067	metadata_identity_flags:META_FAIL
biosample:SAMN00991074	metadata_identity_flags:META_FAIL
biosample:SAMN00991088	metadata_identity_flags:META_FAIL
biosample:SAMN00991089	metadata_identity_flags:META_FAIL
biosample:SAMN00991090	metadata_identity_flags:META_FAIL
biosample:SAMN00991094	metadata_identity_flags:META_FAIL
biosample:SAMN00991095	metadata_identity_flags:META_FAIL
biosample:SAMN00991096	metadata_identity_flags:META_FAIL
biosample:SAMN00991097	metadata_identity_flags:META_FAIL
biosample:SAMN00991098	metadata_identity_flags:META_FAIL
biosample:SAMN00991099	metadata_identity_flags:META_FAIL
biosample:SAMN00991101	metadata_identity_flags:META_FAIL
biosample:SAMN00991102	metadata_identity_flags:META_FAIL
biosample:SAMN00991103	metadata_identity_flags:META_FAIL
biosample:SAMN00991105	metadata_identity_flags:META_FAIL
biosample:SAMN00991106	metadata_identity_flags:META_FAIL
biosample:SAMN00991108	metadata_identity_flags:META_FAIL
biosample:SAMN00991109	metadata_identity_flags:META_FAIL
biosample:SAMN00991110	metadata_identity_flags:META_FAIL
biosample:SAMN00991111	metadata_identity_flags:META_FAIL
biosample:SAMN00991112	metadata_identity_flags:META_FAIL
biosample:SAMN00993447	assembly_unavailable
biosample:SAMN01057329	metadata_identity_flags:META_FAIL
biosample:SAMN01087863	metadata_identity_flags:META_FAIL
biosample:SAMN01112700	metadata_identity_flags:META_FAIL
biosample:SAMN01163580	metadata_identity_flags:META_FAIL
biosample:SAMN01805327	assembly_unavailable
biosample:SAMN01816424	assembly_unavailable
biosample:SAMN01823710	assembly_unavailable
biosample:SAMN01823711	assembly_unavailable
biosample:SAMN01823712	assembly_unavailable
biosample:SAMN01823733	assembly_unavailable
biosample:SAMN01978892	metadata_identity_flags:META_FAIL
biosample:SAMN01978893	metadata_identity_flags:META_FAIL
biosample:SAMN02232006	assembly_unavailable
biosample:SAMN02232007	assembly_unavailable
biosample:SAMN02232009	assembly_unavailable
biosample:SAMN02232013	assembly_unavailable
biosample:SAMN02232016	assembly_unavailable
biosample:SAMN02232019	metadata_identity_flags:META_FAIL
biosample:SAMN02232021	metadata_identity_flags:META_FAIL
biosample:SAMN02232022	assembly_unavailable
biosample:SAMN02232025	metadata_identity_flags:META_FAIL
biosample:SAMN02232034	assembly_unavailable
biosample:SAMN02232035	assembly_unavailable
biosample:SAMN02232036	assembly_unavailable
biosample:SAMN02232043	assembly_unavailable
biosample:SAMN02232048	metadata_identity_flags:META_FAIL
biosample:SAMN02232050	assembly_unavailable
biosample:SAMN02232051	assembly_unavailable
biosample:SAMN02232053	assembly_unavailable
biosample:SAMN02232055	assembly_unavailable
biosample:SAMN02232057	assembly_unavailable
biosample:SAMN02232060	assembly_unavailable
biosample:SAMN02232062	metadata_identity_flags:META_FAIL
biosample:SAMN02232064	metadata_identity_flags:META_FAIL
biosample:SAMN02232066	assembly_unavailable
biosample:SAMN02232067	assembly_unavailable
biosample:SAMN02251455	metadata_identity_flags:META_FAIL
biosample:SAMN02256390	assembly_unavailable
biosample:SAMN02256397	metadata_identity_flags:META_FAIL
biosample:SAMN02256398	metadata_identity_flags:META_FAIL
biosample:SAMN02256451	metadata_identity_flags:META_FAIL
biosample:SAMN02256469	assembly_unavailable
biosample:SAMN02256515	assembly_unavailable
biosample:SAMN02256517	assembly_unavailable
biosample:SAMN02256522	metadata_identity_flags:META_FAIL
biosample:SAMN02256527	metadata_identity_flags:META_FAIL
biosample:SAMN02256532	assembly_unavailable
biosample:SAMN02256534	metadata_identity_flags:META_FAIL
biosample:SAMN02256535	metadata_identity_flags:META_FAIL
biosample:SAMN02256540	metadata_identity_flags:META_FAIL
biosample:SAMN02256541	assembly_unavailable
biosample:SAMN02261248	assembly_unavailable
biosample:SAMN02261260	metadata_identity_flags:META_FAIL
biosample:SAMN02261268	metadata_identity_flags:META_FAIL
biosample:SAMN02261292	assembly_unavailable
biosample:SAMN02261294	assembly_unavailable
biosample:SAMN02261318	assembly_unavailable
biosample:SAMN02261321	assembly_unavailable
biosample:SAMN02261323	assembly_unavailable
biosample:SAMN02261349	assembly_unavailable
biosample:SAMN02261358	assembly_unavailable
biosample:SAMN02261366	metadata_identity_flags:META_FAIL
biosample:SAMN02261368	assembly_unavailable
biosample:SAMN02261369	assembly_unavailable
biosample:SAMN02261371	assembly_unavailable
biosample:SAMN02261376	metadata_identity_flags:META_FAIL
biosample:SAMN02261381	metadata_identity_flags:META_FAIL
biosample:SAMN02261392	assembly_unavailable
biosample:SAMN02261401	metadata_identity_flags:META_FAIL
biosample:SAMN02261402	metadata_identity_flags:META_FAIL
biosample:SAMN02261406	assembly_unavailable
biosample:SAMN02261407	metadata_identity_flags:META_FAIL
biosample:SAMN02296694	assembly_unavailable
biosample:SAMN02334851	assembly_unavailable
biosample:SAMN02335354	metadata_identity_flags:META_FAIL
biosample:SAMN02402687	assembly_unavailable
biosample:SAMN02415615	assembly_unavailable
biosample:SAMN02440559	assembly_unavailable
biosample:SAMN02440594	metadata_identity_flags:META_FAIL
biosample:SAMN02440712	metadata_identity_flags:META_FAIL
biosample:SAMN02440716	assembly_unavailable
biosample:SAMN02440918	assembly_unavailable
biosample:SAMN02441118	assembly_unavailable
biosample:SAMN02441121	assembly_unavailable
biosample:SAMN02441234	assembly_unavailable
biosample:SAMN02441391	metadata_identity_flags:META_FAIL
biosample:SAMN02441411	metadata_identity_flags:META_FAIL
biosample:SAMN02441453	assembly_unavailable
biosample:SAMN02441565	assembly_unavailable
biosample:SAMN02441570	metadata_identity_flags:META_FAIL
biosample:SAMN02441787	metadata_identity_flags:META_FAIL
biosample:SAMN02441789	assembly_unavailable
biosample:SAMN02441795	assembly_unavailable
biosample:SAMN02441796	assembly_unavailable
biosample:SAMN02441807	metadata_identity_flags:META_FAIL
biosample:SAMN02441810	assembly_unavailable
biosample:SAMN02470766	assembly_unavailable
biosample:SAMN02584914	metadata_identity_flags:META_FAIL
biosample:SAMN02584933	assembly_unavailable
biosample:SAMN02584934	assembly_unavailable
biosample:SAMN02597168	assembly_unavailable
biosample:SAMN02597169	metadata_identity_flags:META_FAIL
biosample:SAMN02597195	assembly_unavailable
biosample:SAMN02597269	assembly_unavailable
biosample:SAMN02597279	assembly_unavailable
biosample:SAMN02598296	metadata_identity_flags:META_FAIL
biosample:SAMN02598379	assembly_unavailable
biosample:SAMN02598424	assembly_unavailable
biosample:SAMN02598425	assembly_unavailable
biosample:SAMN02598426	assembly_unavailable
biosample:SAMN02598427	assembly_unavailable
biosample:SAMN02598430	assembly_unavailable
biosample:SAMN02598434	assembly_unavailable
biosample:SAMN02598435	assembly_unavailable
biosample:SAMN02598436	assembly_unavailable
biosample:SAMN02598438	assembly_unavailable
biosample:SAMN02598439	assembly_unavailable
biosample:SAMN02598441	assembly_unavailable
biosample:SAMN02598446	assembly_unavailable
biosample:SAMN02598447	assembly_unavailable
biosample:SAMN02598462	assembly_unavailable
biosample:SAMN02598463	assembly_unavailable
biosample:SAMN02598464	assembly_unavailable
biosample:SAMN02598466	assembly_unavailable
biosample:SAMN02598468	assembly_unavailable
biosample:SAMN02598469	assembly_unavailable
biosample:SAMN02598481	assembly_unavailable
biosample:SAMN02598487	assembly_unavailable
biosample:SAMN02598488	assembly_unavailable
biosample:SAMN02598489	assembly_unavailable
biosample:SAMN02598491	metadata_identity_flags:META_FAIL
biosample:SAMN02598497	assembly_unavailable
biosample:SAMN02598501	assembly_unavailable
biosample:SAMN02598502	assembly_unavailable
biosample:SAMN02598507	assembly_unavailable
biosample:SAMN02598508	assembly_unavailable
biosample:SAMN02598512	assembly_unavailable
biosample:SAMN02598514	assembly_unavailable
biosample:SAMN02598516	metadata_identity_flags:META_FAIL
biosample:SAMN02598518	assembly_unavailable
biosample:SAMN02598519	assembly_unavailable
biosample:SAMN02598521	assembly_unavailable
biosample:SAMN02598522	assembly_unavailable
biosample:SAMN02598526	assembly_unavailable
biosample:SAMN02598529	assembly_unavailable
biosample:SAMN02598542	metadata_identity_flags:META_FAIL
biosample:SAMN02603991	assembly_unavailable
biosample:SAMN02616004	assembly_unavailable
biosample:SAMN02641490	assembly_unavailable
biosample:SAMN02671244	assembly_unavailable
biosample:SAMN02671245	assembly_unavailable
biosample:SAMN02671246	assembly_unavailable
biosample:SAMN02671249	assembly_unavailable
biosample:SAMN02690697	assembly_unavailable
biosample:SAMN02690717	assembly_unavailable
biosample:SAMN02691715	assembly_unavailable
biosample:SAMN02691716	assembly_unavailable
biosample:SAMN02736987	metadata_identity_flags:META_FAIL
biosample:SAMN02743346	assembly_unavailable
biosample:SAMN02743348	assembly_unavailable
biosample:SAMN02743350	assembly_unavailable
biosample:SAMN02743351	assembly_unavailable
biosample:SAMN02743354	assembly_unavailable
biosample:SAMN02743355	assembly_unavailable
biosample:SAMN02743357	assembly_unavailable
biosample:SAMN02743358	assembly_unavailable
biosample:SAMN02743370	assembly_unavailable
biosample:SAMN02743371	assembly_unavailable
biosample:SAMN02743372	assembly_unavailable
biosample:SAMN02743374	assembly_unavailable
biosample:SAMN02743376	assembly_unavailable
biosample:SAMN02743377	assembly_unavailable
biosample:SAMN02743379	assembly_unavailable
biosample:SAMN02743420	assembly_unavailable
biosample:SAMN02743875	assembly_unavailable
biosample:SAMN02743876	assembly_unavailable
biosample:SAMN02743878	assembly_unavailable
biosample:SAMN02743880	assembly_unavailable
biosample:SAMN02743881	assembly_unavailable
biosample:SAMN02743882	assembly_unavailable
biosample:SAMN02743884	assembly_unavailable
biosample:SAMN02743887	assembly_unavailable
biosample:SAMN02743890	assembly_unavailable
biosample:SAMN02743891	assembly_unavailable
biosample:SAMN02743892	assembly_unavailable
biosample:SAMN02743893	assembly_unavailable
biosample:SAMN02743894	assembly_unavailable
biosample:SAMN02743895	assembly_unavailable
biosample:SAMN02743896	assembly_unavailable
biosample:SAMN02743897	assembly_unavailable
biosample:SAMN02743900	assembly_unavailable
biosample:SAMN02743902	assembly_unavailable
biosample:SAMN02743903	assembly_unavailable
biosample:SAMN02743909	assembly_unavailable
biosample:SAMN02743911	assembly_unavailable
biosample:SAMN02743914	assembly_unavailable
biosample:SAMN02743916	assembly_unavailable
biosample:SAMN02743957	assembly_unavailable
biosample:SAMN02743958	assembly_unavailable
biosample:SAMN02743962	assembly_unavailable
biosample:SAMN02743964	assembly_unavailable
biosample:SAMN02743966	assembly_unavailable
biosample:SAMN02743968	assembly_unavailable
biosample:SAMN02743969	assembly_unavailable
biosample:SAMN02743970	assembly_unavailable
biosample:SAMN02743971	assembly_unavailable
biosample:SAMN02743972	assembly_unavailable
biosample:SAMN02743973	assembly_unavailable
biosample:SAMN02743974	assembly_unavailable
biosample:SAMN02743975	assembly_unavailable
biosample:SAMN02743976	assembly_unavailable
biosample:SAMN02743977	assembly_unavailable
biosample:SAMN02743978	assembly_unavailable
biosample:SAMN02743979	assembly_unavailable
biosample:SAMN02743980	assembly_unavailable
biosample:SAMN02743981	assembly_unavailable
biosample:SAMN02743982	assembly_unavailable
biosample:SAMN02743983	assembly_unavailable
biosample:SAMN02743984	assembly_unavailable
biosample:SAMN02743985	assembly_unavailable
biosample:SAMN02743986	assembly_unavailable
biosample:SAMN02743987	assembly_unavailable
biosample:SAMN02743988	assembly_unavailable
biosample:SAMN02743989	assembly_unavailable
biosample:SAMN02743992	assembly_unavailable
biosample:SAMN02743993	assembly_unavailable
biosample:SAMN02743994	assembly_unavailable
biosample:SAMN02743995	assembly_unavailable
biosample:SAMN02743997	assembly_unavailable
biosample:SAMN02743999	assembly_unavailable
biosample:SAMN02744003	assembly_unavailable
biosample:SAMN02744004	assembly_unavailable
biosample:SAMN02744005	assembly_unavailable
biosample:SAMN02744008	assembly_unavailable
biosample:SAMN02744009	assembly_unavailable
biosample:SAMN02744010	assembly_unavailable
biosample:SAMN02744027	assembly_unavailable
biosample:SAMN02744029	assembly_unavailable
biosample:SAMN02744030	assembly_unavailable
biosample:SAMN02744032	assembly_unavailable
biosample:SAMN02744033	assembly_unavailable
biosample:SAMN02744034	assembly_unavailable
biosample:SAMN02744074	assembly_unavailable
biosample:SAMN02744086	assembly_unavailable
biosample:SAMN02744755	assembly_unavailable
biosample:SAMN02744819	assembly_unavailable
biosample:SAMN02744820	assembly_unavailable
biosample:SAMN02744822	assembly_unavailable
biosample:SAMN02744827	assembly_unavailable
biosample:SAMN02744830	assembly_unavailable
biosample:SAMN02745036	assembly_unavailable
biosample:SAMN02745127	metadata_identity_flags:META_FAIL
biosample:SAMN02745132	assembly_unavailable
biosample:SAMN02745173	assembly_unavailable
biosample:SAMN02745354	assembly_unavailable
biosample:SAMN02745356	assembly_unavailable
biosample:SAMN02745357	assembly_unavailable
biosample:SAMN02745392	assembly_unavailable
biosample:SAMN02745411	assembly_unavailable
biosample:SAMN02745412	assembly_unavailable
biosample:SAMN02745414	assembly_unavailable
biosample:SAMN02745424	assembly_unavailable
biosample:SAMN02745425	assembly_unavailable
biosample:SAMN02745426	assembly_unavailable
biosample:SAMN02745428	assembly_unavailable
biosample:SAMN02745440	assembly_unavailable
biosample:SAMN02745441	assembly_unavailable
biosample:SAMN02745446	assembly_unavailable
biosample:SAMN02745450	assembly_unavailable
biosample:SAMN02745458	assembly_unavailable
biosample:SAMN02745489	assembly_unavailable
biosample:SAMN02745534	assembly_unavailable
biosample:SAMN02745538	assembly_unavailable
biosample:SAMN02745563	assembly_unavailable
biosample:SAMN02745564	assembly_unavailable
biosample:SAMN02745580	assembly_unavailable
biosample:SAMN02745656	assembly_unavailable
biosample:SAMN02745665	assembly_unavailable
biosample:SAMN02745668	assembly_unavailable
biosample:SAMN02745674	assembly_unavailable
biosample:SAMN02745675	assembly_unavailable
biosample:SAMN02745693	assembly_unavailable
biosample:SAMN02745694	assembly_unavailable
biosample:SAMN02745695	assembly_unavailable
biosample:SAMN02745702	assembly_unavailable
biosample:SAMN02745704	assembly_unavailable
biosample:SAMN02745716	metadata_identity_flags:META_FAIL
biosample:SAMN02745722	assembly_unavailable
biosample:SAMN02745726	assembly_unavailable
biosample:SAMN02745727	assembly_unavailable
biosample:SAMN02745746	assembly_unavailable
biosample:SAMN02745747	assembly_unavailable
biosample:SAMN02745748	assembly_unavailable
biosample:SAMN02745750	assembly_unavailable
biosample:SAMN02745754	assembly_unavailable
biosample:SAMN02745763	assembly_unavailable
biosample:SAMN02745772	assembly_unavailable
biosample:SAMN02745776	assembly_unavailable
biosample:SAMN02745782	assembly_unavailable
biosample:SAMN02745797	assembly_unavailable
biosample:SAMN02745799	assembly_unavailable
biosample:SAMN02745800	assembly_unavailable
biosample:SAMN02745801	assembly_unavailable
biosample:SAMN02745803	assembly_unavailable
biosample:SAMN02745804	assembly_unavailable
biosample:SAMN02745820	assembly_unavailable
biosample:SAMN02745821	assembly_unavailable
biosample:SAMN02745824	assembly_unavailable
biosample:SAMN02745853	assembly_unavailable
biosample:SAMN02745857	assembly_unavailable
biosample:SAMN02745858	assembly_unavailable
biosample:SAMN02745885	assembly_unavailable
biosample:SAMN02745886	assembly_unavailable
biosample:SAMN02745888	assembly_unavailable
biosample:SAMN02745906	assembly_unavailable
biosample:SAMN02745908	assembly_unavailable
biosample:SAMN02745913	assembly_unavailable
biosample:SAMN02745916	assembly_unavailable
biosample:SAMN02745942	assembly_unavailable
biosample:SAMN02745943	assembly_unavailable
biosample:SAMN02745973	assembly_unavailable
biosample:SAMN02745976	assembly_unavailable
biosample:SAMN02746007	assembly_unavailable
biosample:SAMN02746010	assembly_unavailable
biosample:SAMN02746038	assembly_unavailable
biosample:SAMN02746039	assembly_unavailable
biosample:SAMN02746040	assembly_unavailable
biosample:SAMN02746042	assembly_unavailable
biosample:SAMN02746062	assembly_unavailable
biosample:SAMN02746063	assembly_unavailable
biosample:SAMN02746067	assembly_unavailable
biosample:SAMN02746070	assembly_unavailable
biosample:SAMN02746090	assembly_unavailable
biosample:SAMN02746092	assembly_unavailable
biosample:SAMN02746096	assembly_unavailable
biosample:SAMN02746108	assembly_unavailable
biosample:SAMN02767370	assembly_unavailable
biosample:SAMN02769639	assembly_unavailable
biosample:SAMN02769641	assembly_unavailable
biosample:SAMN02769643	assembly_unavailable
biosample:SAMN02786959	assembly_unavailable
biosample:SAMN02786966	assembly_unavailable
biosample:SAMN02786972	assembly_unavailable
biosample:SAMN02786975	assembly_unavailable
biosample:SAMN02787004	assembly_unavailable
biosample:SAMN02787029	metadata_identity_flags:META_FAIL
biosample:SAMN02787086	assembly_unavailable
biosample:SAMN02787089	assembly_unavailable
biosample:SAMN02787090	assembly_unavailable
biosample:SAMN02787092	assembly_unavailable
biosample:SAMN02795970	metadata_identity_flags:META_FAIL
biosample:SAMN02821624	assembly_unavailable
biosample:SAMN02841149	assembly_unavailable
biosample:SAMN02841152	assembly_unavailable
biosample:SAMN02841157	assembly_unavailable
biosample:SAMN02841159	assembly_unavailable
biosample:SAMN02841160	assembly_unavailable
biosample:SAMN02841163	assembly_unavailable
biosample:SAMN02841164	assembly_unavailable
biosample:SAMN02841166	assembly_unavailable
biosample:SAMN02841169	assembly_unavailable
biosample:SAMN02841171	assembly_unavailable
biosample:SAMN02841173	assembly_unavailable
biosample:SAMN02841174	assembly_unavailable
biosample:SAMN02841175	assembly_unavailable
biosample:SAMN02841176	assembly_unavailable
biosample:SAMN02841177	assembly_unavailable
biosample:SAMN02841178	assembly_unavailable
biosample:SAMN02841179	assembly_unavailable
biosample:SAMN02841182	assembly_unavailable
biosample:SAMN02841185	assembly_unavailable
biosample:SAMN02841188	assembly_unavailable
biosample:SAMN02841192	assembly_unavailable
biosample:SAMN02841193	assembly_unavailable
biosample:SAMN02841194	assembly_unavailable
biosample:SAMN02841200	assembly_unavailable
biosample:SAMN02841211	assembly_unavailable
biosample:SAMN02841212	assembly_unavailable
biosample:SAMN02841214	assembly_unavailable
biosample:SAMN02841217	assembly_unavailable
biosample:SAMN02841218	assembly_unavailable
biosample:SAMN02841221	assembly_unavailable
biosample:SAMN02841222	assembly_unavailable
biosample:SAMN02849400	metadata_identity_flags:META_FAIL
biosample:SAMN02849401	assembly_unavailable
biosample:SAMN02849402	metadata_identity_flags:META_FAIL
biosample:SAMN02866398	metadata_identity_flags:META_FAIL
biosample:SAMN02866417	metadata_identity_flags:META_FAIL
biosample:SAMN02867554	metadata_identity_flags:META_FAIL
biosample:SAMN02870637	assembly_unavailable
biosample:SAMN02887290	metadata_identity_flags:META_FAIL
biosample:SAMN02898028	metadata_identity_flags:META_FAIL
biosample:SAMN02899790	assembly_unavailable
biosample:SAMN02904571	metadata_identity_flags:META_FAIL
biosample:SAMN02905033	assembly_unavailable
biosample:SAMN02918289	assembly_unavailable
biosample:SAMN02927927	assembly_unavailable
biosample:SAMN02929659	assembly_unavailable
biosample:SAMN02937552	assembly_unavailable
biosample:SAMN02940921	assembly_unavailable
biosample:SAMN02940924	assembly_unavailable
biosample:SAMN02940942	assembly_unavailable
biosample:SAMN02946533	assembly_unavailable
biosample:SAMN02946562	assembly_unavailable
biosample:SAMN02952982	assembly_unavailable
biosample:SAMN02952985	assembly_unavailable
biosample:SAMN02952986	assembly_unavailable
biosample:SAMN02952987	assembly_unavailable
biosample:SAMN02952988	assembly_unavailable
biosample:SAMN02952989	assembly_unavailable
biosample:SAMN02952990	assembly_unavailable
biosample:SAMN02952991	assembly_unavailable
biosample:SAMN02952992	assembly_unavailable
biosample:SAMN02982918	metadata_identity_flags:META_FAIL
biosample:SAMN02982929	metadata_identity_flags:META_FAIL
biosample:SAMN03003061	assembly_unavailable
biosample:SAMN03003095	assembly_unavailable
biosample:SAMN03003200	assembly_unavailable
biosample:SAMN03003256	assembly_unavailable
biosample:SAMN03003258	assembly_unavailable
biosample:SAMN03003307	assembly_unavailable
biosample:SAMN03003361	assembly_unavailable
biosample:SAMN03003364	metadata_identity_flags:META_FAIL
biosample:SAMN03003403	assembly_unavailable
biosample:SAMN03009478	assembly_unavailable
biosample:SAMN03012838	metadata_identity_flags:META_FAIL
biosample:SAMN03079727	metadata_identity_flags:META_FAIL
biosample:SAMN03079733	metadata_identity_flags:META_FAIL
biosample:SAMN03079748	metadata_identity_flags:META_FAIL
biosample:SAMN03079749	metadata_identity_flags:META_FAIL
biosample:SAMN03079753	metadata_identity_flags:META_FAIL
biosample:SAMN03080607	metadata_identity_flags:META_FAIL
biosample:SAMN03080616	metadata_identity_flags:META_FAIL
biosample:SAMN03096814	assembly_unavailable
biosample:SAMN03097396	assembly_unavailable
biosample:SAMN03097692	assembly_unavailable
biosample:SAMN03097697	metadata_identity_flags:META_FAIL
biosample:SAMN03097711	assembly_unavailable
biosample:SAMN03120802	assembly_unavailable
biosample:SAMN03120846	metadata_identity_flags:META_FAIL
biosample:SAMN03159343	metadata_identity_flags:META_FAIL
biosample:SAMN03159499	assembly_unavailable
biosample:SAMN03174779	metadata_identity_flags:META_FAIL
biosample:SAMN03178087	assembly_unavailable
biosample:SAMN03218150	metadata_identity_flags:META_FAIL
biosample:SAMN03222589	metadata_identity_flags:META_FAIL
biosample:SAMN03255476	metadata_identity_flags:META_FAIL
biosample:SAMN03256324	assembly_unavailable
biosample:SAMN03256325	assembly_unavailable
biosample:SAMN03266139	assembly_unavailable
biosample:SAMN03275732	metadata_identity_flags:META_FAIL
biosample:SAMN03323776	assembly_unavailable
biosample:SAMN03339753	assembly_unavailable
biosample:SAMN03390037	metadata_identity_flags:META_FAIL
biosample:SAMN03406598	metadata_identity_flags:META_FAIL
biosample:SAMN03436256	metadata_identity_flags:META_FAIL
biosample:SAMN03737948	metadata_identity_flags:META_FAIL
biosample:SAMN03737951	metadata_identity_flags:META_FAIL
biosample:SAMN03737952	metadata_identity_flags:META_FAIL
biosample:SAMN03737953	metadata_identity_flags:META_FAIL
biosample:SAMN03737954	metadata_identity_flags:META_FAIL
biosample:SAMN03737955	metadata_identity_flags:META_FAIL
biosample:SAMN03737956	metadata_identity_flags:META_FAIL
biosample:SAMN03737957	metadata_identity_flags:META_FAIL
biosample:SAMN03737959	metadata_identity_flags:META_FAIL
biosample:SAMN03764476	assembly_unavailable
biosample:SAMN03766180	assembly_unavailable
biosample:SAMN03793171	assembly_unavailable
biosample:SAMN03846661	assembly_unavailable
biosample:SAMN03856236	assembly_unavailable
biosample:SAMN03938712	assembly_unavailable
biosample:SAMN03938713	assembly_unavailable
biosample:SAMN03938714	assembly_unavailable
biosample:SAMN03938715	assembly_unavailable
biosample:SAMN03938717	assembly_unavailable
biosample:SAMN03997282	assembly_unavailable
biosample:SAMN04045728	assembly_unavailable
biosample:SAMN04208118	assembly_unavailable
biosample:SAMN04244552	metadata_identity_flags:META_FAIL
biosample:SAMN04244553	metadata_identity_flags:META_FAIL
biosample:SAMN04244554	metadata_identity_flags:META_FAIL
biosample:SAMN04244555	metadata_identity_flags:META_FAIL
biosample:SAMN04244560	metadata_identity_flags:META_FAIL
biosample:SAMN04244562	metadata_identity_flags:META_FAIL
biosample:SAMN04244578	metadata_identity_flags:META_FAIL
biosample:SAMN04252530	assembly_unavailable
biosample:SAMN04259808	assembly_unavailable
biosample:SAMN04260401	assembly_unavailable
biosample:SAMN04275151	assembly_unavailable
biosample:SAMN04275152	assembly_unavailable
biosample:SAMN04275153	assembly_unavailable
biosample:SAMN04311938	assembly_unavailable
biosample:SAMN04324257	metadata_identity_flags:META_FAIL
biosample:SAMN04324258	metadata_identity_flags:META_FAIL
biosample:SAMN04324259	metadata_identity_flags:META_FAIL
biosample:SAMN04331779	assembly_unavailable
biosample:SAMN04334590	assembly_unavailable
biosample:SAMN04487752	assembly_unavailable
biosample:SAMN04487796	metadata_identity_flags:META_FAIL
biosample:SAMN04487806	metadata_identity_flags:META_FAIL
biosample:SAMN04487819	metadata_identity_flags:META_FAIL
biosample:SAMN04487820	metadata_identity_flags:META_FAIL
biosample:SAMN04487904	metadata_identity_flags:META_FAIL
biosample:SAMN04487905	metadata_identity_flags:META_FAIL
biosample:SAMN04488000	metadata_identity_flags:META_FAIL
biosample:SAMN04488014	metadata_identity_flags:META_FAIL
biosample:SAMN04488015	metadata_identity_flags:META_FAIL
biosample:SAMN04488016	metadata_identity_flags:META_FAIL
biosample:SAMN04488017	metadata_identity_flags:META_FAIL
biosample:SAMN04488035	metadata_identity_flags:META_FAIL
biosample:SAMN04488046	metadata_identity_flags:META_FAIL
biosample:SAMN04488074	metadata_identity_flags:META_FAIL
biosample:SAMN04488080	metadata_identity_flags:META_FAIL
biosample:SAMN04488085	metadata_identity_flags:META_FAIL
biosample:SAMN04488088	metadata_identity_flags:META_FAIL
biosample:SAMN04488106	metadata_identity_flags:META_FAIL
biosample:SAMN04488107	metadata_identity_flags:META_FAIL
biosample:SAMN04488110	metadata_identity_flags:META_FAIL
biosample:SAMN04488246	assembly_unavailable
biosample:SAMN04488362	assembly_unavailable
biosample:SAMN04488482	assembly_unavailable
biosample:SAMN04488483	assembly_unavailable
biosample:SAMN04488484	assembly_unavailable
biosample:SAMN04488487	assembly_unavailable
biosample:SAMN04488520	metadata_identity_flags:META_FAIL
biosample:SAMN04488521	metadata_identity_flags:META_FAIL
biosample:SAMN04488546	metadata_identity_flags:META_FAIL
biosample:SAMN04488564	metadata_identity_flags:META_FAIL
biosample:SAMN04488700	assembly_unavailable
biosample:SAMN04489712	metadata_identity_flags:META_FAIL
biosample:SAMN04489713	metadata_identity_flags:META_FAIL
biosample:SAMN04489731	metadata_identity_flags:META_FAIL
biosample:SAMN04489732	metadata_identity_flags:META_FAIL
biosample:SAMN04489798	assembly_unavailable
biosample:SAMN04489799	assembly_unavailable
biosample:SAMN04489800	assembly_unavailable
biosample:SAMN04489802	assembly_unavailable
biosample:SAMN04489803	assembly_unavailable
biosample:SAMN04490181	assembly_unavailable
biosample:SAMN04490184	assembly_unavailable
biosample:SAMN04490186	assembly_unavailable
biosample:SAMN04490188	assembly_unavailable
biosample:SAMN04490189	assembly_unavailable
biosample:SAMN04490190	assembly_unavailable
biosample:SAMN04490191	assembly_unavailable
biosample:SAMN04490193	assembly_unavailable
biosample:SAMN04490195	assembly_unavailable
biosample:SAMN04490198	assembly_unavailable
biosample:SAMN04490199	assembly_unavailable
biosample:SAMN04490202	assembly_unavailable
biosample:SAMN04490203	assembly_unavailable
biosample:SAMN04490204	assembly_unavailable
biosample:SAMN04490205	assembly_unavailable
biosample:SAMN04490206	assembly_unavailable
biosample:SAMN04490208	assembly_unavailable
biosample:SAMN04490209	assembly_unavailable
biosample:SAMN04498914	metadata_identity_flags:META_FAIL
biosample:SAMN04507556	assembly_unavailable
biosample:SAMN04507561	assembly_unavailable
biosample:SAMN04507562	assembly_unavailable
biosample:SAMN04508113	assembly_unavailable
biosample:SAMN04515679	assembly_unavailable
biosample:SAMN04631817	assembly_unavailable
biosample:SAMN04633401	assembly_unavailable
biosample:SAMN04958870	assembly_unavailable
biosample:SAMN05007540	assembly_unavailable
biosample:SAMN05216178	assembly_unavailable
biosample:SAMN05216182	assembly_unavailable
biosample:SAMN05216198	assembly_unavailable
biosample:SAMN05216202	assembly_unavailable
biosample:SAMN05216205	assembly_unavailable
biosample:SAMN05216210	assembly_unavailable
biosample:SAMN05216222	assembly_unavailable
biosample:SAMN05216237	assembly_unavailable
biosample:SAMN05216271	assembly_unavailable
biosample:SAMN05216296	assembly_unavailable
biosample:SAMN05216307	assembly_unavailable
biosample:SAMN05216380	assembly_unavailable
biosample:SAMN05216401	assembly_unavailable
biosample:SAMN05216421	assembly_unavailable
biosample:SAMN05216475	assembly_unavailable
biosample:SAMN05216476	assembly_unavailable
biosample:SAMN05216510	assembly_unavailable
biosample:SAMN05216535	assembly_unavailable
biosample:SAMN05216574	metadata_identity_flags:META_FAIL
biosample:SAMN05216579	assembly_unavailable
biosample:SAMN05216585	assembly_unavailable
biosample:SAMN05216591	assembly_unavailable
biosample:SAMN05216597	assembly_unavailable
biosample:SAMN05216598	assembly_unavailable
biosample:SAMN05367054	assembly_unavailable
biosample:SAMN05421541	metadata_identity_flags:META_FAIL
biosample:SAMN05421553	assembly_unavailable
biosample:SAMN05421595	metadata_identity_flags:META_FAIL
biosample:SAMN05421637	metadata_identity_flags:META_FAIL
biosample:SAMN05421671	metadata_identity_flags:META_FAIL
biosample:SAMN05421674	metadata_identity_flags:META_FAIL
biosample:SAMN05421684	metadata_identity_flags:META_FAIL
biosample:SAMN05421776	metadata_identity_flags:META_FAIL
biosample:SAMN05421802	metadata_identity_flags:META_FAIL
biosample:SAMN05421826	metadata_identity_flags:META_FAIL
biosample:SAMN05421833	metadata_identity_flags:META_FAIL
biosample:SAMN05421835	metadata_identity_flags:META_FAIL
biosample:SAMN05421837	metadata_identity_flags:META_FAIL
biosample:SAMN05421844	metadata_identity_flags:META_FAIL
biosample:SAMN05421845	metadata_identity_flags:META_FAIL
biosample:SAMN05421854	metadata_identity_flags:META_FAIL
biosample:SAMN05421872	metadata_identity_flags:META_FAIL
biosample:SAMN05421878	metadata_identity_flags:META_FAIL
biosample:SAMN05428996	metadata_identity_flags:META_FAIL
biosample:SAMN05428997	metadata_identity_flags:META_FAIL
biosample:SAMN05443013	assembly_unavailable
biosample:SAMN05443014	metadata_identity_flags:META_FAIL
biosample:SAMN05443025	assembly_unavailable
biosample:SAMN05443270	assembly_unavailable
biosample:SAMN05443318	assembly_unavailable
biosample:SAMN05443377	metadata_identity_flags:META_FAIL
biosample:SAMN05443405	assembly_unavailable
biosample:SAMN05443526	assembly_unavailable
biosample:SAMN05443527	assembly_unavailable
biosample:SAMN05443544	metadata_identity_flags:META_FAIL
biosample:SAMN05443575	metadata_identity_flags:META_FAIL
biosample:SAMN05443637	metadata_identity_flags:META_FAIL
biosample:SAMN05443665	metadata_identity_flags:META_FAIL
biosample:SAMN05443668	metadata_identity_flags:META_FAIL
biosample:SAMN05443669	metadata_identity_flags:META_FAIL
biosample:SAMN05443670	metadata_identity_flags:META_FAIL
biosample:SAMN05444320	metadata_identity_flags:META_FAIL
biosample:SAMN05444351	metadata_identity_flags:META_FAIL
biosample:SAMN05444365	metadata_identity_flags:META_FAIL
biosample:SAMN05444374	metadata_identity_flags:META_FAIL
biosample:SAMN05444379	assembly_unavailable
biosample:SAMN05444419	assembly_unavailable
biosample:SAMN05444423	metadata_identity_flags:META_FAIL
biosample:SAMN05444695	metadata_identity_flags:META_FAIL
biosample:SAMN05444710	assembly_unavailable
biosample:SAMN05444817	metadata_identity_flags:META_FAIL
biosample:SAMN05444834	assembly_unavailable
biosample:SAMN05444840	assembly_unavailable
biosample:SAMN05444844	assembly_unavailable
biosample:SAMN05444848	assembly_unavailable
biosample:SAMN05444850	assembly_unavailable
biosample:SAMN05444858	metadata_identity_flags:META_FAIL
biosample:SAMN05444957	assembly_unavailable
biosample:SAMN05444971	assembly_unavailable
biosample:SAMN05445756	metadata_identity_flags:META_FAIL
biosample:SAMN05445985	metadata_identity_flags:META_FAIL
biosample:SAMN05446511	metadata_identity_flags:META_FAIL
biosample:SAMN05446512	metadata_identity_flags:META_FAIL
biosample:SAMN05446709	metadata_identity_flags:META_FAIL
biosample:SAMN05446710	metadata_identity_flags:META_FAIL
biosample:SAMN05446711	metadata_identity_flags:META_FAIL
biosample:SAMN05446712	metadata_identity_flags:META_FAIL
biosample:SAMN05446713	metadata_identity_flags:META_FAIL
biosample:SAMN05446714	metadata_identity_flags:META_FAIL
biosample:SAMN05446928	metadata_identity_flags:META_FAIL
biosample:SAMN05581746	assembly_unavailable
biosample:SAMN05581747	assembly_unavailable
biosample:SAMN05581748	assembly_unavailable
biosample:SAMN05581749	assembly_unavailable
biosample:SAMN05581750	assembly_unavailable
biosample:SAMN05581751	assembly_unavailable
biosample:SAMN05601187	assembly_unavailable
biosample:SAMN05660199	metadata_identity_flags:META_FAIL
biosample:SAMN05660209	metadata_identity_flags:META_FAIL
biosample:SAMN05660215	metadata_identity_flags:META_FAIL
biosample:SAMN05660219	metadata_identity_flags:META_FAIL
biosample:SAMN05660305	metadata_identity_flags:META_FAIL
biosample:SAMN05660306	metadata_identity_flags:META_FAIL
biosample:SAMN05660324	metadata_identity_flags:META_FAIL
biosample:SAMN05660332	metadata_identity_flags:META_FAIL
biosample:SAMN05660350	metadata_identity_flags:META_FAIL
biosample:SAMN05660359	metadata_identity_flags:META_FAIL
biosample:SAMN05660423	metadata_identity_flags:META_FAIL
biosample:SAMN05660435	metadata_identity_flags:META_FAIL
biosample:SAMN05660464	metadata_identity_flags:META_FAIL
biosample:SAMN05660476	metadata_identity_flags:META_FAIL
biosample:SAMN05660478	metadata_identity_flags:META_FAIL
biosample:SAMN05660485	metadata_identity_flags:META_FAIL
biosample:SAMN05660642	metadata_identity_flags:META_FAIL
biosample:SAMN05660657	metadata_identity_flags:META_FAIL
biosample:SAMN05660662	metadata_identity_flags:META_FAIL
biosample:SAMN05660690	metadata_identity_flags:META_FAIL
biosample:SAMN05660695	metadata_identity_flags:META_FAIL
biosample:SAMN05660704	metadata_identity_flags:META_FAIL
biosample:SAMN05660733	metadata_identity_flags:META_FAIL
biosample:SAMN05660736	metadata_identity_flags:META_FAIL
biosample:SAMN05660743	metadata_identity_flags:META_FAIL
biosample:SAMN05660748	metadata_identity_flags:META_FAIL
biosample:SAMN05660757	metadata_identity_flags:META_FAIL
biosample:SAMN05660809	metadata_identity_flags:META_FAIL
biosample:SAMN05660843	metadata_identity_flags:META_FAIL
biosample:SAMN05660962	metadata_identity_flags:META_FAIL
biosample:SAMN05660974	metadata_identity_flags:META_FAIL
biosample:SAMN05660991	metadata_identity_flags:META_FAIL
biosample:SAMN05661010	metadata_identity_flags:META_FAIL
biosample:SAMN05661024	metadata_identity_flags:META_FAIL
biosample:SAMN05661029	metadata_identity_flags:META_FAIL
biosample:SAMN05661030	metadata_identity_flags:META_FAIL
biosample:SAMN05661031	metadata_identity_flags:META_FAIL
biosample:SAMN05661043	metadata_identity_flags:META_FAIL
biosample:SAMN05661072	metadata_identity_flags:META_FAIL
biosample:SAMN05661076	metadata_identity_flags:META_FAIL
biosample:SAMN05661080	metadata_identity_flags:META_FAIL
biosample:SAMN05661091	assembly_unavailable
biosample:SAMN05661093	metadata_identity_flags:META_FAIL
biosample:SAMN05761787	assembly_unavailable
biosample:SAMN05781328	assembly_unavailable
biosample:SAMN05853567	assembly_unavailable
biosample:SAMN05862066	assembly_unavailable
biosample:SAMN05877700	assembly_unavailable
biosample:SAMN05877744	assembly_unavailable
biosample:SAMN05878021	assembly_unavailable
biosample:SAMN06007048	assembly_unavailable
biosample:SAMN06161086	assembly_unavailable
biosample:SAMN06161087	assembly_unavailable
biosample:SAMN06197299	metadata_identity_flags:META_FAIL
biosample:SAMN06215604	assembly_unavailable
biosample:SAMN06230011	assembly_unavailable
biosample:SAMN06231247	assembly_unavailable
biosample:SAMN06264363	metadata_identity_flags:META_FAIL
biosample:SAMN06264364	metadata_identity_flags:META_FAIL
biosample:SAMN06264365	metadata_identity_flags:META_FAIL
biosample:SAMN06265174	metadata_identity_flags:META_FAIL
biosample:SAMN06265355	metadata_identity_flags:META_FAIL
biosample:SAMN06265359	metadata_identity_flags:META_FAIL
biosample:SAMN06265360	metadata_identity_flags:META_FAIL
biosample:SAMN06266982	metadata_identity_flags:META_FAIL
biosample:SAMN06266993	metadata_identity_flags:META_FAIL
biosample:SAMN06272737	metadata_identity_flags:META_FAIL
biosample:SAMN06272739	metadata_identity_flags:META_FAIL
biosample:SAMN06273567	metadata_identity_flags:META_FAIL
biosample:SAMN06281678	assembly_unavailable
biosample:SAMN06297460	metadata_identity_flags:META_FAIL
biosample:SAMN06299282	assembly_unavailable
biosample:SAMN06314090	assembly_unavailable
biosample:SAMN06314116	assembly_unavailable
biosample:SAMN06314202	assembly_unavailable
biosample:SAMN06314478	assembly_unavailable
biosample:SAMN06314933	assembly_unavailable
biosample:SAMN06461926	assembly_unavailable
biosample:SAMN06472805	assembly_unavailable
biosample:SAMN06579452	assembly_unavailable
biosample:SAMN06602281	assembly_unavailable
biosample:SAMN06703471	assembly_unavailable
biosample:SAMN06765533	assembly_unavailable
biosample:SAMN06765534	assembly_unavailable
biosample:SAMN06833332	assembly_unavailable
biosample:SAMN06893096	metadata_identity_flags:META_FAIL
biosample:SAMN06893097	metadata_identity_flags:META_FAIL
biosample:SAMN07207140	assembly_unavailable
biosample:SAMN07235705	assembly_unavailable
biosample:SAMN07253273	assembly_unavailable
biosample:SAMN07312769	metadata_identity_flags:META_FAIL
biosample:SAMN07315160	assembly_unavailable
biosample:SAMN07315161	assembly_unavailable
biosample:SAMN07448748	assembly_unavailable
biosample:SAMN07513335	assembly_unavailable
biosample:SAMN07513336	assembly_unavailable
biosample:SAMN07513382	assembly_unavailable
biosample:SAMN07513383	assembly_unavailable
biosample:SAMN07513384	assembly_unavailable
biosample:SAMN07513385	assembly_unavailable
biosample:SAMN07513386	assembly_unavailable
biosample:SAMN07513387	assembly_unavailable
biosample:SAMN07513388	assembly_unavailable
biosample:SAMN07515813	metadata_identity_flags:META_FAIL
biosample:SAMN07554573	assembly_unavailable
biosample:SAMN07621005	metadata_identity_flags:META_FAIL
biosample:SAMN07621016	metadata_identity_flags:META_FAIL
biosample:SAMN07621017	metadata_identity_flags:META_FAIL
biosample:SAMN07621028	metadata_identity_flags:META_FAIL
biosample:SAMN07621055	metadata_identity_flags:META_FAIL
biosample:SAMN07621076	metadata_identity_flags:META_FAIL
biosample:SAMN07621088	metadata_identity_flags:META_FAIL
biosample:SAMN07621109	metadata_identity_flags:META_FAIL
biosample:SAMN07621113	metadata_identity_flags:META_FAIL
biosample:SAMN07621129	metadata_identity_flags:META_FAIL
biosample:SAMN07621133	metadata_identity_flags:META_FAIL
biosample:SAMN07621134	metadata_identity_flags:META_FAIL
biosample:SAMN07621161	metadata_identity_flags:META_FAIL
biosample:SAMN07621172	metadata_identity_flags:META_FAIL
biosample:SAMN07621183	metadata_identity_flags:META_FAIL
biosample:SAMN07621196	metadata_identity_flags:META_FAIL
biosample:SAMN07621215	metadata_identity_flags:META_FAIL
biosample:SAMN07621254	metadata_identity_flags:META_FAIL
biosample:SAMN07621379	metadata_identity_flags:META_FAIL
biosample:SAMN07621476	metadata_identity_flags:META_FAIL
biosample:SAMN07621477	metadata_identity_flags:META_FAIL
biosample:SAMN07621480	metadata_identity_flags:META_FAIL
biosample:SAMN07621481	metadata_identity_flags:META_FAIL
biosample:SAMN07621686	metadata_identity_flags:META_FAIL
biosample:SAMN07621706	metadata_identity_flags:META_FAIL
biosample:SAMN07621707	metadata_identity_flags:META_FAIL
biosample:SAMN07621719	metadata_identity_flags:META_FAIL
biosample:SAMN07685901	assembly_unavailable
biosample:SAMN07687557	assembly_unavailable
biosample:SAMN07689020	assembly_unavailable
biosample:SAMN07689022	assembly_unavailable
biosample:SAMN07689023	assembly_unavailable
biosample:SAMN07689024	assembly_unavailable
biosample:SAMN07689025	assembly_unavailable
biosample:SAMN07689026	assembly_unavailable
biosample:SAMN07689027	assembly_unavailable
biosample:SAMN07689028	assembly_unavailable
biosample:SAMN07689030	assembly_unavailable
biosample:SAMN07689031	assembly_unavailable
biosample:SAMN07689032	assembly_unavailable
biosample:SAMN07689033	assembly_unavailable
biosample:SAMN07733446	assembly_unavailable
biosample:SAMN07735646	assembly_unavailable
biosample:SAMN07736515	assembly_unavailable
biosample:SAMN07736517	assembly_unavailable
biosample:SAMN07822593	assembly_unavailable
biosample:SAMN07827779	assembly_unavailable
biosample:SAMN07831587	assembly_unavailable
biosample:SAMN07831588	assembly_unavailable
biosample:SAMN07831589	assembly_unavailable
biosample:SAMN07831590	assembly_unavailable
biosample:SAMN07831595	assembly_unavailable
biosample:SAMN07831596	assembly_unavailable
biosample:SAMN07831597	assembly_unavailable
biosample:SAMN07831598	assembly_unavailable
biosample:SAMN07831599	assembly_unavailable
biosample:SAMN07831600	assembly_unavailable
biosample:SAMN08125522	assembly_unavailable
biosample:SAMN08158127	metadata_identity_flags:META_FAIL
biosample:SAMN08218473	assembly_unavailable
biosample:SAMN08218474	assembly_unavailable
biosample:SAMN08218475	assembly_unavailable
biosample:SAMN08225564	assembly_unavailable
biosample:SAMN08334924	assembly_unavailable
biosample:SAMN08359186	assembly_unavailable
biosample:SAMN08359190	assembly_unavailable
biosample:SAMN08359198	assembly_unavailable
biosample:SAMN08359200	assembly_unavailable
biosample:SAMN08359211	assembly_unavailable
biosample:SAMN08361974	assembly_unavailable
biosample:SAMN08579949	assembly_unavailable
biosample:SAMN08639723	assembly_unavailable
biosample:SAMN08689786	assembly_unavailable
biosample:SAMN08729581	metadata_identity_flags:META_FAIL
biosample:SAMN08769610	metadata_identity_flags:META_FAIL
biosample:SAMN08769895	assembly_unavailable
biosample:SAMN08769896	assembly_unavailable
biosample:SAMN08769897	assembly_unavailable
biosample:SAMN08769898	assembly_unavailable
biosample:SAMN08769899	assembly_unavailable
biosample:SAMN08769900	assembly_unavailable
biosample:SAMN08769901	assembly_unavailable
biosample:SAMN08769902	assembly_unavailable
biosample:SAMN08769904	assembly_unavailable
biosample:SAMN08769905	assembly_unavailable
biosample:SAMN08769906	assembly_unavailable
biosample:SAMN08769907	assembly_unavailable
biosample:SAMN08769908	assembly_unavailable
biosample:SAMN08769909	assembly_unavailable
biosample:SAMN08769910	assembly_unavailable
biosample:SAMN08769911	assembly_unavailable
biosample:SAMN08769912	assembly_unavailable
biosample:SAMN08769913	assembly_unavailable
biosample:SAMN08769914	assembly_unavailable
biosample:SAMN08769915	assembly_unavailable
biosample:SAMN08769916	assembly_unavailable
biosample:SAMN08769917	assembly_unavailable
biosample:SAMN08769919	assembly_unavailable
biosample:SAMN08769920	assembly_unavailable
biosample:SAMN08769921	assembly_unavailable
biosample:SAMN08769922	assembly_unavailable
biosample:SAMN08769923	assembly_unavailable
biosample:SAMN08769924	assembly_unavailable
biosample:SAMN08769926	assembly_unavailable
biosample:SAMN08769927	assembly_unavailable
biosample:SAMN08769928	assembly_unavailable
biosample:SAMN08769929	assembly_unavailable
biosample:SAMN08769930	assembly_unavailable
biosample:SAMN08769931	assembly_unavailable
biosample:SAMN08769932	assembly_unavailable
biosample:SAMN08769933	assembly_unavailable
biosample:SAMN08769934	assembly_unavailable
biosample:SAMN08769935	assembly_unavailable
biosample:SAMN08769936	assembly_unavailable
biosample:SAMN08769937	assembly_unavailable
biosample:SAMN08769938	assembly_unavailable
biosample:SAMN08769939	assembly_unavailable
biosample:SAMN08769940	assembly_unavailable
biosample:SAMN08769941	assembly_unavailable
biosample:SAMN08769942	assembly_unavailable
biosample:SAMN08769943	assembly_unavailable
biosample:SAMN08769944	assembly_unavailable
biosample:SAMN08769945	assembly_unavailable
biosample:SAMN08769946	assembly_unavailable
biosample:SAMN08769947	assembly_unavailable
biosample:SAMN08769948	assembly_unavailable
biosample:SAMN08769950	assembly_unavailable
biosample:SAMN08769951	assembly_unavailable
biosample:SAMN08769952	assembly_unavailable
biosample:SAMN08769953	assembly_unavailable
biosample:SAMN08769954	assembly_unavailable
biosample:SAMN08769955	assembly_unavailable
biosample:SAMN08769956	assembly_unavailable
biosample:SAMN08769957	assembly_unavailable
biosample:SAMN08769958	assembly_unavailable
biosample:SAMN08769959	assembly_unavailable
biosample:SAMN08769960	assembly_unavailable
biosample:SAMN08769962	assembly_unavailable
biosample:SAMN08769963	assembly_unavailable
biosample:SAMN08769964	assembly_unavailable
biosample:SAMN08769965	assembly_unavailable
biosample:SAMN08769966	assembly_unavailable
biosample:SAMN08769967	assembly_unavailable
biosample:SAMN08769968	assembly_unavailable
biosample:SAMN08769969	assembly_unavailable
biosample:SAMN08769970	assembly_unavailable
biosample:SAMN08769971	assembly_unavailable
biosample:SAMN08769972	assembly_unavailable
biosample:SAMN08769973	assembly_unavailable
biosample:SAMN08769974	assembly_unavailable
biosample:SAMN08769976	assembly_unavailable
biosample:SAMN08769977	assembly_unavailable
biosample:SAMN08769978	assembly_unavailable
biosample:SAMN08769979	assembly_unavailable
biosample:SAMN08769980	assembly_unavailable
biosample:SAMN08769981	assembly_unavailable
biosample:SAMN08769982	assembly_unavailable
biosample:SAMN08769983	assembly_unavailable
biosample:SAMN08769985	assembly_unavailable
biosample:SAMN08769986	assembly_unavailable
biosample:SAMN08769987	assembly_unavailable
biosample:SAMN08769988	assembly_unavailable
biosample:SAMN08769989	assembly_unavailable
biosample:SAMN08769990	assembly_unavailable
biosample:SAMN08769991	assembly_unavailable
biosample:SAMN08769992	assembly_unavailable
biosample:SAMN08769993	assembly_unavailable
biosample:SAMN08769994	assembly_unavailable
biosample:SAMN08769995	assembly_unavailable
biosample:SAMN08769996	assembly_unavailable
biosample:SAMN08769997	assembly_unavailable
biosample:SAMN08769998	assembly_unavailable
biosample:SAMN08770151	assembly_unavailable
biosample:SAMN08770152	assembly_unavailable
biosample:SAMN08770153	assembly_unavailable
biosample:SAMN08770154	assembly_unavailable
biosample:SAMN08770155	assembly_unavailable
biosample:SAMN08770156	assembly_unavailable
biosample:SAMN08770157	assembly_unavailable
biosample:SAMN08770158	assembly_unavailable
biosample:SAMN08770159	assembly_unavailable
biosample:SAMN08770160	assembly_unavailable
biosample:SAMN08775098	assembly_unavailable
biosample:SAMN08775281	metadata_identity_flags:META_FAIL
biosample:SAMN08775345	assembly_unavailable
biosample:SAMN08775553	metadata_identity_flags:META_FAIL
biosample:SAMN08776156	assembly_unavailable
biosample:SAMN08776157	assembly_unavailable
biosample:SAMN08776158	assembly_unavailable
biosample:SAMN08776159	assembly_unavailable
biosample:SAMN08776178	assembly_unavailable
biosample:SAMN08776251	metadata_identity_flags:META_FAIL
biosample:SAMN08776253	metadata_identity_flags:META_FAIL
biosample:SAMN08776295	metadata_identity_flags:META_FAIL
biosample:SAMN08776661	assembly_unavailable
biosample:SAMN08777354	assembly_unavailable
biosample:SAMN08777686	metadata_identity_flags:META_FAIL
biosample:SAMN08778572	metadata_identity_flags:META_FAIL
biosample:SAMN08778846	metadata_identity_flags:META_FAIL
biosample:SAMN08779067	assembly_unavailable
biosample:SAMN08779288	assembly_unavailable
biosample:SAMN08944605	assembly_unavailable
biosample:SAMN09062732	assembly_unavailable
biosample:SAMN09063613	assembly_unavailable
biosample:SAMN09063614	assembly_unavailable
biosample:SAMN09063615	assembly_unavailable
biosample:SAMN09063616	assembly_unavailable
biosample:SAMN09063617	assembly_unavailable
biosample:SAMN09063618	assembly_unavailable
biosample:SAMN09063621	assembly_unavailable
biosample:SAMN09063623	assembly_unavailable
biosample:SAMN09063624	assembly_unavailable
biosample:SAMN09063625	assembly_unavailable
biosample:SAMN09063626	assembly_unavailable
biosample:SAMN09063631	assembly_unavailable
biosample:SAMN09063632	assembly_unavailable
biosample:SAMN09063633	assembly_unavailable
biosample:SAMN09063634	assembly_unavailable
biosample:SAMN09063635	assembly_unavailable
biosample:SAMN09063636	assembly_unavailable
biosample:SAMN09063637	assembly_unavailable
biosample:SAMN09063638	assembly_unavailable
biosample:SAMN09063639	assembly_unavailable
biosample:SAMN09063640	assembly_unavailable
biosample:SAMN09063641	assembly_unavailable
biosample:SAMN09063642	assembly_unavailable
biosample:SAMN09063643	assembly_unavailable
biosample:SAMN09064160	metadata_identity_flags:META_FAIL
biosample:SAMN09064237	assembly_unavailable
biosample:SAMN09064259	metadata_identity_flags:META_FAIL
biosample:SAMN09064524	assembly_unavailable
biosample:SAMN09064525	assembly_unavailable
biosample:SAMN09064526	assembly_unavailable
biosample:SAMN09064527	assembly_unavailable
biosample:SAMN09064528	assembly_unavailable
biosample:SAMN09064529	assembly_unavailable
biosample:SAMN09064737	assembly_unavailable
biosample:SAMN09064738	assembly_unavailable
biosample:SAMN09064741	assembly_unavailable
biosample:SAMN09064742	assembly_unavailable
biosample:SAMN09064743	assembly_unavailable
biosample:SAMN09064744	assembly_unavailable
biosample:SAMN09064745	assembly_unavailable
biosample:SAMN09064746	assembly_unavailable
biosample:SAMN09064747	assembly_unavailable
biosample:SAMN09064748	assembly_unavailable
biosample:SAMN09064749	assembly_unavailable
biosample:SAMN09064750	assembly_unavailable
biosample:SAMN09064751	assembly_unavailable
biosample:SAMN09064752	assembly_unavailable
biosample:SAMN09064753	assembly_unavailable
biosample:SAMN09064754	assembly_unavailable
biosample:SAMN09064755	assembly_unavailable
biosample:SAMN09064757	assembly_unavailable
biosample:SAMN09064758	assembly_unavailable
biosample:SAMN09064759	assembly_unavailable
biosample:SAMN09064760	assembly_unavailable
biosample:SAMN09064761	assembly_unavailable
biosample:SAMN09064762	assembly_unavailable
biosample:SAMN09064765	assembly_unavailable
biosample:SAMN09064766	assembly_unavailable
biosample:SAMN09064767	assembly_unavailable
biosample:SAMN09064768	assembly_unavailable
biosample:SAMN09074242	assembly_unavailable
biosample:SAMN09074246	assembly_unavailable
biosample:SAMN09074697	metadata_identity_flags:META_FAIL
biosample:SAMN09074698	metadata_identity_flags:META_FAIL
biosample:SAMN09074699	metadata_identity_flags:META_FAIL
biosample:SAMN09074703	metadata_identity_flags:META_FAIL
biosample:SAMN09074704	metadata_identity_flags:META_FAIL
biosample:SAMN09074705	metadata_identity_flags:META_FAIL
biosample:SAMN09074771	metadata_identity_flags:META_FAIL
biosample:SAMN09074772	metadata_identity_flags:META_FAIL
biosample:SAMN09074773	metadata_identity_flags:META_FAIL
biosample:SAMN09244908	assembly_unavailable
biosample:SAMN09255527	assembly_unavailable
biosample:SAMN09274393	assembly_unavailable
biosample:SAMN09691998	assembly_unavailable
biosample:SAMN09726146	assembly_unavailable
biosample:SAMN09744932	assembly_unavailable
biosample:SAMN09761059	assembly_unavailable
biosample:SAMN09762458	assembly_unavailable
biosample:SAMN09844436	assembly_unavailable
biosample:SAMN09908322	assembly_unavailable
biosample:SAMN09988948	assembly_unavailable
biosample:SAMN09988950	assembly_unavailable
biosample:SAMN09988952	assembly_unavailable
biosample:SAMN09988953	assembly_unavailable
biosample:SAMN10053049	assembly_unavailable
biosample:SAMN10094259	assembly_unavailable
biosample:SAMN10150392	metadata_identity_flags:META_FAIL
biosample:SAMN10150421	metadata_identity_flags:META_FAIL
biosample:SAMN10150422	assembly_unavailable
biosample:SAMN10150423	metadata_identity_flags:META_FAIL
biosample:SAMN10150424	metadata_identity_flags:META_FAIL
biosample:SAMN10150425	metadata_identity_flags:META_FAIL
biosample:SAMN10150426	metadata_identity_flags:META_FAIL
biosample:SAMN10150427	assembly_unavailable
biosample:SAMN10150428	assembly_unavailable
biosample:SAMN10150429	metadata_identity_flags:META_FAIL
biosample:SAMN10150430	metadata_identity_flags:META_FAIL
biosample:SAMN10160079	assembly_unavailable
biosample:SAMN10237497	assembly_unavailable
biosample:SAMN10252913	assembly_unavailable
biosample:SAMN10342726	assembly_unavailable
biosample:SAMN10342727	assembly_unavailable
biosample:SAMN10345376	assembly_unavailable
biosample:SAMN10345377	assembly_unavailable
biosample:SAMN10345378	assembly_unavailable
biosample:SAMN10345379	assembly_unavailable
biosample:SAMN10345380	assembly_unavailable
biosample:SAMN10345381	assembly_unavailable
biosample:SAMN10360983	assembly_unavailable
biosample:SAMN10361533	assembly_unavailable
biosample:SAMN10363314	assembly_unavailable
biosample:SAMN10519000	assembly_unavailable
biosample:SAMN10523751	assembly_unavailable
biosample:SAMN10712707	assembly_unavailable
biosample:SAMN10768966	assembly_unavailable
biosample:SAMN10780923	assembly_unavailable
biosample:SAMN10782612	assembly_unavailable
biosample:SAMN10817701	assembly_unavailable
biosample:SAMN10864441	assembly_unavailable
biosample:SAMN10864680	assembly_unavailable
biosample:SAMN10864681	assembly_unavailable
biosample:SAMN10864682	assembly_unavailable
biosample:SAMN10864683	assembly_unavailable
biosample:SAMN10864684	assembly_unavailable
biosample:SAMN10864685	assembly_unavailable
biosample:SAMN10864686	assembly_unavailable
biosample:SAMN10864687	assembly_unavailable
biosample:SAMN10864688	assembly_unavailable
biosample:SAMN10864690	assembly_unavailable
biosample:SAMN10864691	assembly_unavailable
biosample:SAMN10864692	assembly_unavailable
biosample:SAMN10864693	assembly_unavailable
biosample:SAMN10864694	assembly_unavailable
biosample:SAMN10864695	assembly_unavailable
biosample:SAMN10864699	assembly_unavailable
biosample:SAMN10864700	assembly_unavailable
biosample:SAMN10864701	assembly_unavailable
biosample:SAMN10864702	assembly_unavailable
biosample:SAMN10864703	assembly_unavailable
biosample:SAMN10864704	assembly_unavailable
biosample:SAMN10864705	assembly_unavailable
biosample:SAMN10864706	assembly_unavailable
biosample:SAMN10864707	assembly_unavailable
biosample:SAMN10864708	assembly_unavailable
biosample:SAMN10864709	assembly_unavailable
biosample:SAMN10864710	assembly_unavailable
biosample:SAMN10864812	assembly_unavailable
biosample:SAMN10864819	assembly_unavailable
biosample:SAMN10864820	assembly_unavailable
biosample:SAMN10864822	assembly_unavailable
biosample:SAMN10864823	assembly_unavailable
biosample:SAMN10864824	assembly_unavailable
biosample:SAMN10864825	assembly_unavailable
biosample:SAMN10864826	assembly_unavailable
biosample:SAMN10864827	assembly_unavailable
biosample:SAMN10864829	assembly_unavailable
biosample:SAMN10864830	assembly_unavailable
biosample:SAMN10864831	assembly_unavailable
biosample:SAMN10864832	assembly_unavailable
biosample:SAMN10864833	assembly_unavailable
biosample:SAMN10864834	assembly_unavailable
biosample:SAMN10864835	assembly_unavailable
biosample:SAMN10864836	assembly_unavailable
biosample:SAMN10864837	assembly_unavailable
biosample:SAMN10864838	assembly_unavailable
biosample:SAMN10864839	assembly_unavailable
biosample:SAMN10864840	assembly_unavailable
biosample:SAMN10864843	assembly_unavailable
biosample:SAMN10864844	assembly_unavailable
biosample:SAMN10864845	assembly_unavailable
biosample:SAMN10864846	assembly_unavailable
biosample:SAMN10864847	assembly_unavailable
biosample:SAMN10864848	assembly_unavailable
biosample:SAMN10864852	assembly_unavailable
biosample:SAMN10864853	assembly_unavailable
biosample:SAMN10864854	assembly_unavailable
biosample:SAMN10866050	assembly_unavailable
biosample:SAMN10866060	assembly_unavailable
biosample:SAMN10866074	assembly_unavailable
biosample:SAMN10866331	assembly_unavailable
biosample:SAMN10866332	assembly_unavailable
biosample:SAMN10866333	assembly_unavailable
biosample:SAMN10866334	assembly_unavailable
biosample:SAMN10866335	assembly_unavailable
biosample:SAMN10866336	assembly_unavailable
biosample:SAMN10866337	assembly_unavailable
biosample:SAMN10866338	assembly_unavailable
biosample:SAMN10866339	assembly_unavailable
biosample:SAMN10866340	assembly_unavailable
biosample:SAMN10866341	assembly_unavailable
biosample:SAMN10866342	assembly_unavailable
biosample:SAMN10866459	assembly_unavailable
biosample:SAMN10866460	assembly_unavailable
biosample:SAMN10866461	assembly_unavailable
biosample:SAMN10866462	assembly_unavailable
biosample:SAMN10866463	assembly_unavailable
biosample:SAMN10866464	assembly_unavailable
biosample:SAMN10866465	assembly_unavailable
biosample:SAMN10866466	assembly_unavailable
biosample:SAMN10866467	assembly_unavailable
biosample:SAMN10866468	assembly_unavailable
biosample:SAMN10866469	assembly_unavailable
biosample:SAMN10866470	assembly_unavailable
biosample:SAMN10871119	assembly_unavailable
biosample:SAMN10873118	assembly_unavailable
biosample:SAMN10884989	assembly_unavailable
biosample:SAMN10888055	assembly_unavailable
biosample:SAMN10920396	assembly_unavailable
biosample:SAMN10923273	assembly_unavailable
biosample:SAMN10923274	assembly_unavailable
biosample:SAMN10961665	assembly_unavailable
biosample:SAMN10967693	assembly_unavailable
biosample:SAMN10970106	assembly_unavailable
biosample:SAMN10972980	assembly_unavailable
biosample:SAMN10972983	assembly_unavailable
biosample:SAMN10976983	assembly_unavailable
biosample:SAMN11042946	assembly_unavailable
biosample:SAMN11096935	assembly_unavailable
biosample:SAMN11357168	assembly_unavailable
biosample:SAMN11357169	assembly_unavailable
biosample:SAMN11415931	assembly_unavailable
biosample:SAMN11510313	assembly_unavailable
biosample:SAMN11510315	assembly_unavailable
biosample:SAMN11510316	assembly_unavailable
biosample:SAMN11510317	assembly_unavailable
biosample:SAMN11510318	assembly_unavailable
biosample:SAMN11510319	assembly_unavailable
biosample:SAMN11510320	assembly_unavailable
biosample:SAMN11510321	assembly_unavailable
biosample:SAMN11510322	assembly_unavailable
biosample:SAMN11510323	assembly_unavailable
biosample:SAMN11510324	assembly_unavailable
biosample:SAMN11510325	assembly_unavailable
biosample:SAMN11510326	assembly_unavailable
biosample:SAMN11510327	assembly_unavailable
biosample:SAMN11510328	assembly_unavailable
biosample:SAMN11510329	assembly_unavailable
biosample:SAMN11510330	assembly_unavailable
biosample:SAMN11510331	assembly_unavailable
biosample:SAMN11510332	assembly_unavailable
biosample:SAMN11510333	assembly_unavailable
biosample:SAMN11510422	assembly_unavailable
biosample:SAMN11510615	assembly_unavailable
biosample:SAMN11510616	assembly_unavailable
biosample:SAMN11510854	assembly_unavailable
biosample:SAMN11510855	assembly_unavailable
biosample:SAMN11510856	assembly_unavailable
biosample:SAMN11512384	assembly_unavailable
biosample:SAMN11520691	assembly_unavailable
biosample:SAMN11521549	assembly_unavailable
biosample:SAMN11585615	assembly_unavailable
biosample:SAMN11776005	assembly_unavailable
biosample:SAMN11835364	assembly_unavailable
biosample:SAMN11869258	assembly_unavailable
biosample:SAMN11960688	assembly_unavailable
biosample:SAMN12024067	assembly_unavailable
biosample:SAMN12025024	assembly_unavailable
biosample:SAMN12025551	assembly_unavailable
biosample:SAMN12025952	assembly_unavailable
biosample:SAMN12085941	assembly_unavailable
biosample:SAMN12120640	assembly_unavailable
biosample:SAMN12135054	assembly_unavailable
biosample:SAMN12233448	assembly_unavailable
biosample:SAMN12236666	assembly_unavailable
biosample:SAMN12284813	assembly_unavailable
biosample:SAMN12284987	assembly_unavailable
biosample:SAMN12291974	assembly_unavailable
biosample:SAMN12389466	assembly_unavailable
biosample:SAMN12421736	assembly_unavailable
biosample:SAMN12421742	assembly_unavailable
biosample:SAMN12422022	assembly_unavailable
biosample:SAMN12500697	assembly_unavailable
biosample:SAMN12500698	assembly_unavailable
biosample:SAMN12500699	assembly_unavailable
biosample:SAMN12500700	assembly_unavailable
biosample:SAMN12500703	assembly_unavailable
biosample:SAMN12500704	assembly_unavailable
biosample:SAMN12500705	assembly_unavailable
biosample:SAMN12500706	assembly_unavailable
biosample:SAMN12500707	assembly_unavailable
biosample:SAMN12500708	assembly_unavailable
biosample:SAMN12500709	assembly_unavailable
biosample:SAMN12556229	assembly_unavailable
biosample:SAMN12583245	assembly_unavailable
biosample:SAMN12634227	assembly_unavailable
biosample:SAMN12636415	assembly_unavailable
biosample:SAMN12636416	assembly_unavailable
biosample:SAMN12636417	assembly_unavailable
biosample:SAMN12636418	assembly_unavailable
biosample:SAMN12688462	assembly_unavailable
biosample:SAMN12697569	assembly_unavailable
biosample:SAMN12721297	assembly_unavailable
biosample:SAMN12725943	assembly_unavailable
biosample:SAMN12795084	assembly_unavailable
biosample:SAMN12795745	assembly_unavailable
biosample:SAMN12795939	assembly_unavailable
biosample:SAMN12796306	assembly_unavailable
biosample:SAMN12811485	assembly_unavailable
biosample:SAMN12811493	assembly_unavailable
biosample:SAMN12812196	assembly_unavailable
biosample:SAMN12812937	assembly_unavailable
biosample:SAMN12812938	assembly_unavailable
biosample:SAMN12812939	assembly_unavailable
biosample:SAMN12813071	assembly_unavailable
biosample:SAMN12813074	assembly_unavailable
biosample:SAMN12813336	assembly_unavailable
biosample:SAMN12813337	assembly_unavailable
biosample:SAMN12813588	assembly_unavailable
biosample:SAMN12814281	assembly_unavailable
biosample:SAMN12814321	assembly_unavailable
biosample:SAMN12814719	assembly_unavailable
biosample:SAMN12814720	assembly_unavailable
biosample:SAMN12814748	assembly_unavailable
biosample:SAMN12815048	assembly_unavailable
biosample:SAMN12815049	assembly_unavailable
biosample:SAMN12815050	assembly_unavailable
biosample:SAMN12815267	assembly_unavailable
biosample:SAMN12815304	assembly_unavailable
biosample:SAMN12982851	assembly_unavailable
biosample:SAMN12991202	assembly_unavailable
biosample:SAMN13008815	assembly_unavailable
biosample:SAMN13045090	assembly_unavailable
biosample:SAMN13111356	assembly_unavailable
biosample:SAMN13164805	assembly_unavailable
biosample:SAMN13164806	assembly_unavailable
biosample:SAMN13164807	assembly_unavailable
biosample:SAMN13164815	assembly_unavailable
biosample:SAMN13164816	assembly_unavailable
biosample:SAMN13164817	assembly_unavailable
biosample:SAMN13164818	assembly_unavailable
biosample:SAMN13164819	assembly_unavailable
biosample:SAMN13164820	assembly_unavailable
biosample:SAMN13164821	assembly_unavailable
biosample:SAMN13164822	assembly_unavailable
biosample:SAMN13164823	assembly_unavailable
biosample:SAMN13164830	assembly_unavailable
biosample:SAMN13164831	assembly_unavailable
biosample:SAMN13164832	assembly_unavailable
biosample:SAMN13164833	assembly_unavailable
biosample:SAMN13164834	assembly_unavailable
biosample:SAMN13164835	assembly_unavailable
biosample:SAMN13164844	assembly_unavailable
biosample:SAMN13164845	assembly_unavailable
biosample:SAMN13164846	assembly_unavailable
biosample:SAMN13164853	assembly_unavailable
biosample:SAMN13164854	assembly_unavailable
biosample:SAMN13164855	assembly_unavailable
biosample:SAMN13164859	assembly_unavailable
biosample:SAMN13164868	assembly_unavailable
biosample:SAMN13164869	assembly_unavailable
biosample:SAMN13164870	assembly_unavailable
biosample:SAMN13164871	assembly_unavailable
biosample:SAMN13164883	assembly_unavailable
biosample:SAMN13164884	assembly_unavailable
biosample:SAMN13164885	assembly_unavailable
biosample:SAMN13164886	assembly_unavailable
biosample:SAMN13164887	assembly_unavailable
biosample:SAMN13164888	assembly_unavailable
biosample:SAMN13164889	assembly_unavailable
biosample:SAMN13165503	assembly_unavailable
biosample:SAMN13165504	assembly_unavailable
biosample:SAMN13165505	assembly_unavailable
biosample:SAMN13165597	assembly_unavailable
biosample:SAMN13165598	assembly_unavailable
biosample:SAMN13165675	assembly_unavailable
biosample:SAMN13165676	assembly_unavailable
biosample:SAMN13165710	assembly_unavailable
biosample:SAMN13165711	assembly_unavailable
biosample:SAMN13165712	assembly_unavailable
biosample:SAMN13165713	assembly_unavailable
biosample:SAMN13165762	assembly_unavailable
biosample:SAMN13165763	assembly_unavailable
biosample:SAMN13166116	assembly_unavailable
biosample:SAMN13166150	assembly_unavailable
biosample:SAMN13166151	assembly_unavailable
biosample:SAMN13166505	assembly_unavailable
biosample:SAMN13166589	assembly_unavailable
biosample:SAMN13167489	assembly_unavailable
biosample:SAMN13167560	assembly_unavailable
biosample:SAMN13167561	assembly_unavailable
biosample:SAMN13172428	assembly_unavailable
biosample:SAMN13173761	assembly_unavailable
biosample:SAMN13268562	assembly_unavailable
biosample:SAMN13281726	assembly_unavailable
biosample:SAMN13281727	assembly_unavailable
biosample:SAMN13281728	assembly_unavailable
biosample:SAMN13281730	assembly_unavailable
biosample:SAMN13281731	assembly_unavailable
biosample:SAMN13281732	assembly_unavailable
biosample:SAMN13281733	assembly_unavailable
biosample:SAMN13281734	assembly_unavailable
biosample:SAMN13281735	assembly_unavailable
biosample:SAMN13281736	assembly_unavailable
biosample:SAMN13281737	assembly_unavailable
biosample:SAMN13281738	assembly_unavailable
biosample:SAMN13281739	assembly_unavailable
biosample:SAMN13281740	assembly_unavailable
biosample:SAMN13281741	assembly_unavailable
biosample:SAMN13281742	assembly_unavailable
biosample:SAMN13281743	assembly_unavailable
biosample:SAMN13281748	assembly_unavailable
biosample:SAMN13281749	assembly_unavailable
biosample:SAMN13281750	assembly_unavailable
biosample:SAMN13281751	assembly_unavailable
biosample:SAMN13281752	assembly_unavailable
biosample:SAMN13281754	assembly_unavailable
biosample:SAMN13281755	assembly_unavailable
biosample:SAMN13281756	assembly_unavailable
biosample:SAMN13281757	assembly_unavailable
biosample:SAMN13281758	assembly_unavailable
biosample:SAMN13281761	assembly_unavailable
biosample:SAMN13281762	assembly_unavailable
biosample:SAMN13281763	assembly_unavailable
biosample:SAMN13281764	assembly_unavailable
biosample:SAMN13281765	assembly_unavailable
biosample:SAMN13281766	assembly_unavailable
biosample:SAMN13281767	assembly_unavailable
biosample:SAMN13281771	assembly_unavailable
biosample:SAMN13281772	assembly_unavailable
biosample:SAMN13281773	assembly_unavailable
biosample:SAMN13281774	assembly_unavailable
biosample:SAMN13281775	assembly_unavailable
biosample:SAMN13281776	assembly_unavailable
biosample:SAMN13281777	assembly_unavailable
biosample:SAMN13281778	assembly_unavailable
biosample:SAMN13281784	assembly_unavailable
biosample:SAMN13281785	assembly_unavailable
biosample:SAMN13281786	assembly_unavailable
biosample:SAMN13281790	assembly_unavailable
biosample:SAMN13281791	assembly_unavailable
biosample:SAMN13281792	assembly_unavailable
biosample:SAMN13281793	assembly_unavailable
biosample:SAMN13281794	assembly_unavailable
biosample:SAMN13293921	assembly_unavailable
biosample:SAMN13319600	assembly_unavailable
biosample:SAMN13450405	assembly_unavailable
biosample:SAMN13450442	assembly_unavailable
biosample:SAMN13483914	assembly_unavailable
biosample:SAMN13508531	assembly_unavailable
biosample:SAMN13671869	assembly_unavailable
biosample:SAMN13881500	assembly_unavailable
biosample:SAMN13881501	assembly_unavailable
biosample:SAMN13941777	metadata_identity_flags:NO_RUNS,RMMS
biosample:SAMN14048691	assembly_unavailable
biosample:SAMN14114378	assembly_unavailable
biosample:SAMN14128751	assembly_unavailable
biosample:SAMN14173566	assembly_unavailable
biosample:SAMN14247784	assembly_unavailable
biosample:SAMN14421669	assembly_unavailable
biosample:SAMN14452107	assembly_unavailable
biosample:SAMN14466697	assembly_unavailable
biosample:SAMN14505150	assembly_unavailable
biosample:SAMN14532021	assembly_unavailable
biosample:SAMN14559901	assembly_unavailable
biosample:SAMN14560248	assembly_unavailable
biosample:SAMN14601050	assembly_unavailable
biosample:SAMN14605524	assembly_unavailable
biosample:SAMN14764132	assembly_unavailable
biosample:SAMN14820126	assembly_unavailable
biosample:SAMN14837221	assembly_unavailable
biosample:SAMN14859209	assembly_unavailable
biosample:SAMN14886874	assembly_unavailable
biosample:SAMN14886875	assembly_unavailable
biosample:SAMN14886876	assembly_unavailable
biosample:SAMN14886877	assembly_unavailable
biosample:SAMN14886878	assembly_unavailable
biosample:SAMN14886914	assembly_unavailable
biosample:SAMN14886988	assembly_unavailable
biosample:SAMN14886990	assembly_unavailable
biosample:SAMN14887002	assembly_unavailable
biosample:SAMN15000288	assembly_unavailable
biosample:SAMN15051845	assembly_unavailable
biosample:SAMN15082204	assembly_unavailable
biosample:SAMN15299099	assembly_unavailable
biosample:SAMN15299118	assembly_unavailable
biosample:SAMN15299128	assembly_unavailable
biosample:SAMN15350025	assembly_unavailable
biosample:SAMN15366565	assembly_unavailable
biosample:SAMN15375089	assembly_unavailable
biosample:SAMN15425329	assembly_unavailable
biosample:SAMN15507625	assembly_unavailable
biosample:SAMN15507635	assembly_unavailable
biosample:SAMN15603180	assembly_unavailable
biosample:SAMN15603181	assembly_unavailable
biosample:SAMN15603182	assembly_unavailable
biosample:SAMN15603183	assembly_unavailable
biosample:SAMN15603185	assembly_unavailable
biosample:SAMN15603186	assembly_unavailable
biosample:SAMN15603187	assembly_unavailable
biosample:SAMN15719956	assembly_unavailable
biosample:SAMN15719957	assembly_unavailable
biosample:SAMN15719958	assembly_unavailable
biosample:SAMN15719983	assembly_unavailable
biosample:SAMN15719984	assembly_unavailable
biosample:SAMN15720027	assembly_unavailable
biosample:SAMN15720028	assembly_unavailable
biosample:SAMN15720029	assembly_unavailable
biosample:SAMN15720276	assembly_unavailable
biosample:SAMN15720277	assembly_unavailable
biosample:SAMN15720278	assembly_unavailable
biosample:SAMN15720351	assembly_unavailable
biosample:SAMN15739684	assembly_unavailable
biosample:SAMN15739809	assembly_unavailable
biosample:SAMN15739810	assembly_unavailable
biosample:SAMN15739812	assembly_unavailable
biosample:SAMN15739813	assembly_unavailable
biosample:SAMN15739814	assembly_unavailable
biosample:SAMN15739815	assembly_unavailable
biosample:SAMN15739816	assembly_unavailable
biosample:SAMN15739817	assembly_unavailable
biosample:SAMN15739818	assembly_unavailable
biosample:SAMN15739826	assembly_unavailable
biosample:SAMN15739827	assembly_unavailable
biosample:SAMN15739828	assembly_unavailable
biosample:SAMN15739829	assembly_unavailable
biosample:SAMN15739830	assembly_unavailable
biosample:SAMN15739831	assembly_unavailable
biosample:SAMN15739832	assembly_unavailable
biosample:SAMN15739833	assembly_unavailable
biosample:SAMN15739943	assembly_unavailable
biosample:SAMN15740046	assembly_unavailable
biosample:SAMN15740047	assembly_unavailable
biosample:SAMN15740094	assembly_unavailable
biosample:SAMN15740095	assembly_unavailable
biosample:SAMN15740096	assembly_unavailable
biosample:SAMN15740097	assembly_unavailable
biosample:SAMN15740098	assembly_unavailable
biosample:SAMN15740101	assembly_unavailable
biosample:SAMN15740102	assembly_unavailable
biosample:SAMN15740103	assembly_unavailable
biosample:SAMN15740104	assembly_unavailable
biosample:SAMN15740105	assembly_unavailable
biosample:SAMN15740106	assembly_unavailable
biosample:SAMN15740107	assembly_unavailable
biosample:SAMN15740108	assembly_unavailable
biosample:SAMN15740109	assembly_unavailable
biosample:SAMN15740110	assembly_unavailable
biosample:SAMN15740111	assembly_unavailable
biosample:SAMN15740126	assembly_unavailable
biosample:SAMN15740127	assembly_unavailable
biosample:SAMN15740128	assembly_unavailable
biosample:SAMN15740129	assembly_unavailable
biosample:SAMN15740130	assembly_unavailable
biosample:SAMN15740221	assembly_unavailable
biosample:SAMN15740331	assembly_unavailable
biosample:SAMN15740332	assembly_unavailable
biosample:SAMN15740333	assembly_unavailable
biosample:SAMN15740334	assembly_unavailable
biosample:SAMN15740347	assembly_unavailable
biosample:SAMN15740348	assembly_unavailable
biosample:SAMN15740349	assembly_unavailable
biosample:SAMN15740350	assembly_unavailable
biosample:SAMN15740352	assembly_unavailable
biosample:SAMN15740353	assembly_unavailable
biosample:SAMN15740354	assembly_unavailable
biosample:SAMN15740362	assembly_unavailable
biosample:SAMN15740363	assembly_unavailable
biosample:SAMN15740364	assembly_unavailable
biosample:SAMN15740365	assembly_unavailable
biosample:SAMN15740456	assembly_unavailable
biosample:SAMN15740457	assembly_unavailable
biosample:SAMN15740556	assembly_unavailable
biosample:SAMN15740557	assembly_unavailable
biosample:SAMN15740558	assembly_unavailable
biosample:SAMN15740638	assembly_unavailable
biosample:SAMN15740639	assembly_unavailable
biosample:SAMN15740641	assembly_unavailable
biosample:SAMN15740642	assembly_unavailable
biosample:SAMN15740643	assembly_unavailable
biosample:SAMN15740644	assembly_unavailable
biosample:SAMN15740645	assembly_unavailable
biosample:SAMN15740646	assembly_unavailable
biosample:SAMN15740647	assembly_unavailable
biosample:SAMN15740648	assembly_unavailable
biosample:SAMN15740664	assembly_unavailable
biosample:SAMN15740665	assembly_unavailable
biosample:SAMN15740666	assembly_unavailable
biosample:SAMN15740667	assembly_unavailable
biosample:SAMN15740668	assembly_unavailable
biosample:SAMN15741089	assembly_unavailable
biosample:SAMN15741090	assembly_unavailable
biosample:SAMN15741124	assembly_unavailable
biosample:SAMN15741125	assembly_unavailable
biosample:SAMN15741126	assembly_unavailable
biosample:SAMN15741183	assembly_unavailable
biosample:SAMN15741184	assembly_unavailable
biosample:SAMN15741187	assembly_unavailable
biosample:SAMN15741188	assembly_unavailable
biosample:SAMN15741189	assembly_unavailable
biosample:SAMN15741199	assembly_unavailable
biosample:SAMN15741200	assembly_unavailable
biosample:SAMN15741411	assembly_unavailable
biosample:SAMN15741412	assembly_unavailable
biosample:SAMN15741413	assembly_unavailable
biosample:SAMN15741414	assembly_unavailable
biosample:SAMN15741415	assembly_unavailable
biosample:SAMN15741416	assembly_unavailable
biosample:SAMN15741417	assembly_unavailable
biosample:SAMN15741474	assembly_unavailable
biosample:SAMN15741475	assembly_unavailable
biosample:SAMN15741511	assembly_unavailable
biosample:SAMN15741512	assembly_unavailable
biosample:SAMN15741513	assembly_unavailable
biosample:SAMN15741514	assembly_unavailable
biosample:SAMN15741519	assembly_unavailable
biosample:SAMN15741520	assembly_unavailable
biosample:SAMN15741521	assembly_unavailable
biosample:SAMN15741522	assembly_unavailable
biosample:SAMN15741523	assembly_unavailable
biosample:SAMN15741524	assembly_unavailable
biosample:SAMN15741525	assembly_unavailable
biosample:SAMN15741526	assembly_unavailable
biosample:SAMN15741527	assembly_unavailable
biosample:SAMN15741644	assembly_unavailable
biosample:SAMN15741770	assembly_unavailable
biosample:SAMN15741771	assembly_unavailable
biosample:SAMN15741772	assembly_unavailable
biosample:SAMN15741773	assembly_unavailable
biosample:SAMN15741774	assembly_unavailable
biosample:SAMN15741775	assembly_unavailable
biosample:SAMN15741776	assembly_unavailable
biosample:SAMN15741778	assembly_unavailable
biosample:SAMN15741779	assembly_unavailable
biosample:SAMN15741788	assembly_unavailable
biosample:SAMN15741987	assembly_unavailable
biosample:SAMN15741988	assembly_unavailable
biosample:SAMN15742061	assembly_unavailable
biosample:SAMN15742062	assembly_unavailable
biosample:SAMN15742063	assembly_unavailable
biosample:SAMN15742066	assembly_unavailable
biosample:SAMN15742067	assembly_unavailable
biosample:SAMN15742068	assembly_unavailable
biosample:SAMN15742069	assembly_unavailable
biosample:SAMN15742080	assembly_unavailable
biosample:SAMN15742081	assembly_unavailable
biosample:SAMN15742082	assembly_unavailable
biosample:SAMN15742083	assembly_unavailable
biosample:SAMN15742085	assembly_unavailable
biosample:SAMN15742086	assembly_unavailable
biosample:SAMN16357266	assembly_unavailable
biosample:SAMN16357267	assembly_unavailable
biosample:SAMN16357270	assembly_unavailable
biosample:SAMN16357271	assembly_unavailable
biosample:SAMN16357272	assembly_unavailable
biosample:SAMN16357277	assembly_unavailable
biosample:SAMN16357282	assembly_unavailable
biosample:SAMN16357286	assembly_unavailable
biosample:SAMN16357293	assembly_unavailable
biosample:SAMN16378131	assembly_unavailable
biosample:SAMN16756644	assembly_unavailable
biosample:SAMN16773063	assembly_unavailable
biosample:SAMN16773064	assembly_unavailable
biosample:SAMN16773065	assembly_unavailable
biosample:SAMN16773338	assembly_unavailable
biosample:SAMN16773449	assembly_unavailable
biosample:SAMN16773450	assembly_unavailable
biosample:SAMN16773605	assembly_unavailable
biosample:SAMN16773606	assembly_unavailable
biosample:SAMN16773784	assembly_unavailable
biosample:SAMN16773785	assembly_unavailable
biosample:SAMN16773786	assembly_unavailable
biosample:SAMN16773787	assembly_unavailable
biosample:SAMN16773788	assembly_unavailable
biosample:SAMN16774002	assembly_unavailable
biosample:SAMN16774003	assembly_unavailable
biosample:SAMN16774009	assembly_unavailable
biosample:SAMN16774010	assembly_unavailable
biosample:SAMN16955018	assembly_unavailable
biosample:SAMN16955019	assembly_unavailable
biosample:SAMN17031181	assembly_unavailable
biosample:SAMN17126823	assembly_unavailable
biosample:SAMN17137619	assembly_unavailable
biosample:SAMN17137620	assembly_unavailable
biosample:SAMN17221990	assembly_unavailable
biosample:SAMN17379543	assembly_unavailable
biosample:SAMN17383832	assembly_unavailable
biosample:SAMN17600865	assembly_unavailable
biosample:SAMN17619923	assembly_unavailable
biosample:SAMN17619924	assembly_unavailable
biosample:SAMN17619927	assembly_unavailable
biosample:SAMN17619928	assembly_unavailable
biosample:SAMN17619934	assembly_unavailable
biosample:SAMN17619935	assembly_unavailable
biosample:SAMN17619946	assembly_unavailable
biosample:SAMN17619947	assembly_unavailable
biosample:SAMN17619949	assembly_unavailable
biosample:SAMN17619955	assembly_unavailable
biosample:SAMN17619957	assembly_unavailable
biosample:SAMN17619958	assembly_unavailable
biosample:SAMN17619976	assembly_unavailable
biosample:SAMN17619977	assembly_unavailable
biosample:SAMN17619978	assembly_unavailable
biosample:SAMN17619979	assembly_unavailable
biosample:SAMN17619980	assembly_unavailable
biosample:SAMN17619984	assembly_unavailable
biosample:SAMN17619989	assembly_unavailable
biosample:SAMN17619997	assembly_unavailable
biosample:SAMN17619998	assembly_unavailable
biosample:SAMN17620004	assembly_unavailable
biosample:SAMN17620037	assembly_unavailable
biosample:SAMN17620039	assembly_unavailable
biosample:SAMN17620040	assembly_unavailable
biosample:SAMN17620041	assembly_unavailable
biosample:SAMN17620042	assembly_unavailable
biosample:SAMN17620043	assembly_unavailable
biosample:SAMN17620046	assembly_unavailable
biosample:SAMN17620056	assembly_unavailable
biosample:SAMN17620059	assembly_unavailable
biosample:SAMN17620060	assembly_unavailable
biosample:SAMN17620061	assembly_unavailable
biosample:SAMN17620064	assembly_unavailable
biosample:SAMN17620065	assembly_unavailable
biosample:SAMN17620069	assembly_unavailable
biosample:SAMN17673119	assembly_unavailable
biosample:SAMN17673126	assembly_unavailable
biosample:SAMN17673127	assembly_unavailable
biosample:SAMN17673176	assembly_unavailable
biosample:SAMN17673194	assembly_unavailable
biosample:SAMN17673211	assembly_unavailable
biosample:SAMN17673277	assembly_unavailable
biosample:SAMN17673281	assembly_unavailable
biosample:SAMN17673282	assembly_unavailable
biosample:SAMN17673303	assembly_unavailable
biosample:SAMN17673336	assembly_unavailable
biosample:SAMN17673337	assembly_unavailable
biosample:SAMN17673368	assembly_unavailable
biosample:SAMN17673389	assembly_unavailable
biosample:SAMN17673390	assembly_unavailable
biosample:SAMN17673391	assembly_unavailable
biosample:SAMN17673392	assembly_unavailable
biosample:SAMN17673399	assembly_unavailable
biosample:SAMN17673400	assembly_unavailable
biosample:SAMN17673401	assembly_unavailable
biosample:SAMN17673411	assembly_unavailable
biosample:SAMN17673425	assembly_unavailable
biosample:SAMN17673429	assembly_unavailable
biosample:SAMN17673430	assembly_unavailable
biosample:SAMN17673431	assembly_unavailable
biosample:SAMN17673432	assembly_unavailable
biosample:SAMN17673454	assembly_unavailable
biosample:SAMN17673457	assembly_unavailable
biosample:SAMN17673472	assembly_unavailable
biosample:SAMN17673473	assembly_unavailable
biosample:SAMN17673494	assembly_unavailable
biosample:SAMN17673498	assembly_unavailable
biosample:SAMN17673499	assembly_unavailable
biosample:SAMN17673536	assembly_unavailable
biosample:SAMN17673548	assembly_unavailable
biosample:SAMN17673556	assembly_unavailable
biosample:SAMN17673560	assembly_unavailable
biosample:SAMN17673561	assembly_unavailable
biosample:SAMN17673567	assembly_unavailable
biosample:SAMN17673569	assembly_unavailable
biosample:SAMN17674413	assembly_unavailable
biosample:SAMN17703988	assembly_unavailable
biosample:SAMN17703992	assembly_unavailable
biosample:SAMN17703994	assembly_unavailable
biosample:SAMN17765396	assembly_unavailable
biosample:SAMN17840530	assembly_unavailable
biosample:SAMN17935209	assembly_unavailable
biosample:SAMN18095003	assembly_unavailable
biosample:SAMN18214881	assembly_unavailable
biosample:SAMN18242720	assembly_unavailable
biosample:SAMN18242729	assembly_unavailable
biosample:SAMN18242781	assembly_unavailable
biosample:SAMN18242782	assembly_unavailable
biosample:SAMN18242818	assembly_unavailable
biosample:SAMN18242819	assembly_unavailable
biosample:SAMN18242876	assembly_unavailable
biosample:SAMN18242878	assembly_unavailable
biosample:SAMN18242879	assembly_unavailable
biosample:SAMN18242971	assembly_unavailable
biosample:SAMN18242974	assembly_unavailable
biosample:SAMN18242975	assembly_unavailable
biosample:SAMN18242976	assembly_unavailable
biosample:SAMN18242977	assembly_unavailable
biosample:SAMN18242992	assembly_unavailable
biosample:SAMN18242993	assembly_unavailable
biosample:SAMN18243025	assembly_unavailable
biosample:SAMN18243027	assembly_unavailable
biosample:SAMN18243130	assembly_unavailable
biosample:SAMN18243315	assembly_unavailable
biosample:SAMN18243356	assembly_unavailable
biosample:SAMN18243357	assembly_unavailable
biosample:SAMN18243358	assembly_unavailable
biosample:SAMN18243394	assembly_unavailable
biosample:SAMN18243425	assembly_unavailable
biosample:SAMN18243426	assembly_unavailable
biosample:SAMN18243429	assembly_unavailable
biosample:SAMN18243578	assembly_unavailable
biosample:SAMN18243581	assembly_unavailable
biosample:SAMN18243582	assembly_unavailable
biosample:SAMN18243600	assembly_unavailable
biosample:SAMN18243602	assembly_unavailable
biosample:SAMN18243604	assembly_unavailable
biosample:SAMN18244834	assembly_unavailable
biosample:SAMN18251344	assembly_unavailable
biosample:SAMN18251605	assembly_unavailable
biosample:SAMN18251614	assembly_unavailable
biosample:SAMN18259630	assembly_unavailable
biosample:SAMN18259637	assembly_unavailable
biosample:SAMN18260311	assembly_unavailable
biosample:SAMN18260313	assembly_unavailable
biosample:SAMN18451832	assembly_unavailable
biosample:SAMN18647577	assembly_unavailable
biosample:SAMN18647578	assembly_unavailable
biosample:SAMN18746351	assembly_unavailable
biosample:SAMN19020786	assembly_unavailable
biosample:SAMN19554997	assembly_unavailable
biosample:SAMN19555168	assembly_unavailable
biosample:SAMN19901969	assembly_unavailable
biosample:SAMN19944272	assembly_unavailable
biosample:SAMN20222704	assembly_unavailable
biosample:SAMN20306894	assembly_unavailable
biosample:SAMN21155799	assembly_unavailable
biosample:SAMN21364189	assembly_unavailable
biosample:SAMN22818906	assembly_unavailable
biosample:SAMN23010819	assembly_unavailable
biosample:SAMN23039990	assembly_unavailable
biosample:SAMN23424481	assembly_unavailable
biosample:SAMN24043412	assembly_unavailable
biosample:SAMN24043413	assembly_unavailable
biosample:SAMN24043414	assembly_unavailable
biosample:SAMN24391262	assembly_unavailable
biosample:SAMN24394317	assembly_unavailable
biosample:SAMN24394318	assembly_unavailable
biosample:SAMN25131676	assembly_unavailable
biosample:SAMN25131677	assembly_unavailable
biosample:SAMN25131781	assembly_unavailable
biosample:SAMN26561905	assembly_unavailable
biosample:SAMN26561939	assembly_unavailable
biosample:SAMN26937316	assembly_unavailable
biosample:SAMN27176868	assembly_unavailable
biosample:SAMN27409695	assembly_unavailable
biosample:SAMN27409696	assembly_unavailable
biosample:SAMN27409697	assembly_unavailable
biosample:SAMN27762809	assembly_unavailable
biosample:SAMN28180284	assembly_unavailable
biosample:SAMN28689404	assembly_unavailable
biosample:SAMN28689407	assembly_unavailable
biosample:SAMN30611413	assembly_unavailable
biosample:SAMN30712836	assembly_unavailable
biosample:SAMN31217786	assembly_unavailable
biosample:SAMN31231234	assembly_unavailable
biosample:SAMN31494034	assembly_unavailable
biosample:SAMN31494186	assembly_unavailable
biosample:SAMN31840423	assembly_unavailable
biosample:SAMN31840452	assembly_unavailable
biosample:SAMN31840465	assembly_unavailable
biosample:SAMN32064794	assembly_unavailable
biosample:SAMN32064795	assembly_unavailable
biosample:SAMN32316699	assembly_unavailable
biosample:SAMN32642426	assembly_unavailable
biosample:SAMN33013692	assembly_unavailable
biosample:SAMN33288069	assembly_unavailable
biosample:SAMN33288072	assembly_unavailable
biosample:SAMN33443759	assembly_unavailable
biosample:SAMN33574910	assembly_unavailable
biosample:SAMN33586098	assembly_unavailable
biosample:SAMN33591689	assembly_unavailable
biosample:SAMN33591690	assembly_unavailable
biosample:SAMN33591691	assembly_unavailable
biosample:SAMN33591692	assembly_unavailable
biosample:SAMN33591693	assembly_unavailable
biosample:SAMN33591694	assembly_unavailable
biosample:SAMN33591695	assembly_unavailable
biosample:SAMN33591696	assembly_unavailable
biosample:SAMN33591697	assembly_unavailable
biosample:SAMN33591698	assembly_unavailable
biosample:SAMN33591699	assembly_unavailable
biosample:SAMN33591700	assembly_unavailable
biosample:SAMN33591701	assembly_unavailable
biosample:SAMN33591702	assembly_unavailable
biosample:SAMN33591703	assembly_unavailable
biosample:SAMN33591704	assembly_unavailable
biosample:SAMN33591705	assembly_unavailable
biosample:SAMN33591706	assembly_unavailable
biosample:SAMN33591707	assembly_unavailable
biosample:SAMN33591708	assembly_unavailable
biosample:SAMN33591709	assembly_unavailable
biosample:SAMN33591710	assembly_unavailable
biosample:SAMN33591711	assembly_unavailable
biosample:SAMN33591712	assembly_unavailable
biosample:SAMN33591713	assembly_unavailable
biosample:SAMN33591714	assembly_unavailable
biosample:SAMN33607922	assembly_unavailable
biosample:SAMN33607923	assembly_unavailable
biosample:SAMN34177709	assembly_unavailable
biosample:SAMN34252285	assembly_unavailable
biosample:SAMN35366372	assembly_unavailable
biosample:SAMN35366373	assembly_unavailable
biosample:SAMN35367923	assembly_unavailable
biosample:SAMN35440557	assembly_unavailable
biosample:SAMN35546969	assembly_unavailable
biosample:SAMN35638130	assembly_unavailable
biosample:SAMN35727328	assembly_unavailable
biosample:SAMN35822551	assembly_unavailable
biosample:SAMN36699634	assembly_unavailable
biosample:SAMN37562070	assembly_unavailable
biosample:SAMN37562071	assembly_unavailable
biosample:SAMN37916534	assembly_unavailable
biosample:SAMN38289517	assembly_unavailable
biosample:SAMN38321314	assembly_unavailable
biosample:SAMN38472127	assembly_unavailable
biosample:SAMN38726626	assembly_unavailable
biosample:SAMN39465054	assembly_unavailable
biosample:SAMN39645100	assembly_unavailable
biosample:SAMN40002289	assembly_unavailable
biosample:SAMN40002290	assembly_unavailable
biosample:SAMN40002291	assembly_unavailable
biosample:SAMN40002297	assembly_unavailable
biosample:SAMN40002299	assembly_unavailable
biosample:SAMN40002300	assembly_unavailable
biosample:SAMN40002302	assembly_unavailable
biosample:SAMN40002303	assembly_unavailable
biosample:SAMN40002304	assembly_unavailable
biosample:SAMN40002306	assembly_unavailable
biosample:SAMN40002311	assembly_unavailable
biosample:SAMN40002314	assembly_unavailable
biosample:SAMN40002315	assembly_unavailable
biosample:SAMN40002323	assembly_unavailable
biosample:SAMN40002325	assembly_unavailable
biosample:SAMN40002326	assembly_unavailable
biosample:SAMN40002329	assembly_unavailable
biosample:SAMN40002331	assembly_unavailable
biosample:SAMN40002332	assembly_unavailable
biosample:SAMN40002336	assembly_unavailable
biosample:SAMN40002341	assembly_unavailable
biosample:SAMN40002345	assembly_unavailable
biosample:SAMN40002358	assembly_unavailable
