source_strain_id	source_deposit_id	accession	reason	value
straininfo.strain:10001	straininfo.deposit:39334		conflicting_bacdive_reference_not_used	bacdive:11491; deposit matches kgmicrobe.strain:bacdive_135259
straininfo.strain:1001	straininfo.deposit:51788		conflicting_bacdive_reference_not_used	bacdive:7522; deposit matches kgmicrobe.strain:bacdive_153802
straininfo.strain:1001	straininfo.deposit:703337		conflicting_bacdive_reference_not_used	bacdive:7522; deposit matches kgmicrobe.strain:bacdive_153802
straininfo.strain:1002	straininfo.deposit:4058		conflicting_bacdive_reference_not_used	bacdive:7619; deposit matches kgmicrobe.strain:bacdive_168753
straininfo.strain:100264	straininfo.deposit:301371		conflicting_bacdive_reference_not_used	bacdive:19; deposit matches kgmicrobe.strain:bacdive_132838
straininfo.strain:100264	straininfo.deposit:478857		conflicting_bacdive_reference_not_used	bacdive:19; deposit matches kgmicrobe.strain:bacdive_132838
straininfo.strain:100264	straininfo.deposit:915557		conflicting_bacdive_reference_not_used	bacdive:19; deposit matches kgmicrobe.strain:bacdive_132838
straininfo.strain:100388	straininfo.deposit:53295		conflicting_bacdive_reference_not_used	bacdive:2981; deposit matches kgmicrobe.strain:bacdive_141299
straininfo.strain:10042	straininfo.deposit:39489		conflicting_bacdive_reference_not_used	bacdive:137166; deposit matches kgmicrobe.strain:bacdive_11419
straininfo.strain:10042	straininfo.deposit:39494		conflicting_bacdive_reference_not_used	bacdive:137166; deposit matches kgmicrobe.strain:bacdive_11419
straininfo.strain:1005	straininfo.deposit:4074		conflicting_bacdive_reference_not_used	bacdive:7533; deposit matches kgmicrobe.strain:bacdive_144237
straininfo.strain:1005	straininfo.deposit:4078		conflicting_bacdive_reference_not_used	bacdive:7533; deposit matches kgmicrobe.strain:bacdive_144237
straininfo.strain:100747	straininfo.deposit:340503		conflicting_bacdive_reference_not_used	bacdive:18148; deposit matches kgmicrobe.strain:bacdive_18147
straininfo.strain:100857	straininfo.deposit:303407		conflicting_bacdive_reference_not_used	bacdive:11833; deposit matches kgmicrobe.strain:bacdive_11834
straininfo.strain:100857	straininfo.deposit:340454		conflicting_bacdive_reference_not_used	bacdive:11833; deposit matches kgmicrobe.strain:bacdive_11834
straininfo.strain:100876	straininfo.deposit:303480		conflicting_bacdive_reference_not_used	bacdive:152229; deposit matches kgmicrobe.strain:bacdive_12657
straininfo.strain:100876	straininfo.deposit:379620		conflicting_bacdive_reference_not_used	bacdive:152229; deposit matches kgmicrobe.strain:bacdive_12657
straininfo.strain:100876	straininfo.deposit:857635		conflicting_bacdive_reference_not_used	bacdive:152229; deposit matches kgmicrobe.strain:bacdive_12657
straininfo.strain:100967	straininfo.deposit:331593		conflicting_bacdive_reference_not_used	bacdive:17560; deposit matches kgmicrobe.strain:bacdive_152549
straininfo.strain:100967	straininfo.deposit:372889		conflicting_bacdive_reference_not_used	bacdive:17560; deposit matches kgmicrobe.strain:bacdive_152549
straininfo.strain:101024	straininfo.deposit:304153		conflicting_bacdive_reference_not_used	bacdive:4289; deposit matches kgmicrobe.strain:bacdive_4292
straininfo.strain:101024	straininfo.deposit:337091		conflicting_bacdive_reference_not_used	bacdive:4289; deposit matches kgmicrobe.strain:bacdive_4290
straininfo.strain:101024	straininfo.deposit:337091		conflicting_bacdive_reference_not_used	bacdive:4289; deposit matches kgmicrobe.strain:bacdive_4291
straininfo.strain:101025	straininfo.deposit:304156		conflicting_bacdive_reference_not_used	bacdive:4291; deposit matches kgmicrobe.strain:bacdive_4290
straininfo.strain:101025	straininfo.deposit:337092		conflicting_bacdive_reference_not_used	bacdive:4291; deposit matches kgmicrobe.strain:bacdive_4289
straininfo.strain:101025	straininfo.deposit:337092		conflicting_bacdive_reference_not_used	bacdive:4291; deposit matches kgmicrobe.strain:bacdive_4292
straininfo.strain:101510	straininfo.deposit:746795		conflicting_bacdive_reference_not_used	bacdive:5899; deposit matches kgmicrobe.strain:bacdive_161009
straininfo.strain:101726	straininfo.deposit:312956		conflicting_bacdive_reference_not_used	bacdive:138939; deposit matches kgmicrobe.strain:bacdive_134490
straininfo.strain:10417	straininfo.deposit:40808		conflicting_bacdive_reference_not_used	bacdive:17224; deposit matches kgmicrobe.strain:bacdive_140084
straininfo.strain:10599	straininfo.deposit:41500		conflicting_bacdive_reference_not_used	bacdive:139246; deposit matches kgmicrobe.strain:bacdive_11499
straininfo.strain:10664	straininfo.deposit:41736		conflicting_bacdive_reference_not_used	bacdive:144284; deposit matches kgmicrobe.strain:bacdive_144034
straininfo.strain:10665	straininfo.deposit:41741		conflicting_bacdive_reference_not_used	bacdive:144285; deposit matches kgmicrobe.strain:bacdive_144036
straininfo.strain:10666	straininfo.deposit:41746		conflicting_bacdive_reference_not_used	bacdive:144286; deposit matches kgmicrobe.strain:bacdive_144038
straininfo.strain:10667	straininfo.deposit:41751		conflicting_bacdive_reference_not_used	bacdive:144287; deposit matches kgmicrobe.strain:bacdive_144037
straininfo.strain:10669	straininfo.deposit:41758		conflicting_bacdive_reference_not_used	bacdive:144290; deposit matches kgmicrobe.strain:bacdive_144041
straininfo.strain:10712	straininfo.deposit:41904		conflicting_bacdive_reference_not_used	bacdive:136402; deposit matches kgmicrobe.strain:bacdive_14160
straininfo.strain:107648	straininfo.deposit:833700		conflicting_bacdive_reference_not_used	bacdive:17108; deposit matches kgmicrobe.strain:bacdive_17106
straininfo.strain:10831	straininfo.deposit:234110		conflicting_bacdive_reference_not_used	bacdive:4968; deposit matches kgmicrobe.strain:bacdive_136542
straininfo.strain:1104	straininfo.deposit:4521		conflicting_bacdive_reference_not_used	bacdive:605; deposit matches kgmicrobe.strain:bacdive_623
straininfo.strain:1104	straininfo.deposit:4522		conflicting_bacdive_reference_not_used	bacdive:605; deposit matches kgmicrobe.strain:bacdive_623
straininfo.strain:1104	straininfo.deposit:4527		conflicting_bacdive_reference_not_used	bacdive:605; deposit matches kgmicrobe.strain:bacdive_623
straininfo.strain:1104	straininfo.deposit:847472		conflicting_bacdive_reference_not_used	bacdive:605; deposit matches kgmicrobe.strain:bacdive_623
straininfo.strain:110596	straininfo.deposit:330913		conflicting_bacdive_reference_not_used	bacdive:17207; deposit matches kgmicrobe.strain:bacdive_152224
straininfo.strain:11484	straininfo.deposit:288097		conflicting_bacdive_reference_not_used	bacdive:173145; deposit matches kgmicrobe.strain:bacdive_1814
straininfo.strain:11484	straininfo.deposit:863603		conflicting_bacdive_reference_not_used	bacdive:173145; deposit matches kgmicrobe.strain:bacdive_1814
straininfo.strain:118624	straininfo.deposit:152295		conflicting_bacdive_reference_not_used	bacdive:137665; deposit matches kgmicrobe.strain:bacdive_135185
straininfo.strain:12091	straininfo.deposit:314878		conflicting_bacdive_reference_not_used	bacdive:135999; deposit matches kgmicrobe.strain:bacdive_154256
straininfo.strain:12091	straininfo.deposit:702555		conflicting_bacdive_reference_not_used	bacdive:135999; deposit matches kgmicrobe.strain:bacdive_154256
straininfo.strain:1210	straininfo.deposit:128626		conflicting_bacdive_reference_not_used	bacdive:11488; deposit matches kgmicrobe.strain:bacdive_11489
straininfo.strain:1210	straininfo.deposit:128627		conflicting_bacdive_reference_not_used	bacdive:11488; deposit matches kgmicrobe.strain:bacdive_11489
straininfo.strain:1210	straininfo.deposit:153643		conflicting_bacdive_reference_not_used	bacdive:11488; deposit matches kgmicrobe.strain:bacdive_145015
straininfo.strain:1210	straininfo.deposit:324342		conflicting_bacdive_reference_not_used	bacdive:11488; deposit matches kgmicrobe.strain:bacdive_11489
straininfo.strain:1210	straininfo.deposit:683668		conflicting_bacdive_reference_not_used	bacdive:11488; deposit matches kgmicrobe.strain:bacdive_145015
straininfo.strain:12230	straininfo.deposit:128740		conflicting_bacdive_reference_not_used	bacdive:1448; deposit matches kgmicrobe.strain:bacdive_1421
straininfo.strain:12230	straininfo.deposit:149016		conflicting_bacdive_reference_not_used	bacdive:1448; deposit matches kgmicrobe.strain:bacdive_1421
straininfo.strain:12230	straininfo.deposit:287823		conflicting_bacdive_reference_not_used	bacdive:1448; deposit matches kgmicrobe.strain:bacdive_1421
straininfo.strain:12230	straininfo.deposit:46437		conflicting_bacdive_reference_not_used	bacdive:1448; deposit matches kgmicrobe.strain:bacdive_1421
straininfo.strain:12230	straininfo.deposit:46438		conflicting_bacdive_reference_not_used	bacdive:1448; deposit matches kgmicrobe.strain:bacdive_1421
straininfo.strain:12230	straininfo.deposit:51911		conflicting_bacdive_reference_not_used	bacdive:1448; deposit matches kgmicrobe.strain:bacdive_1421
straininfo.strain:12230	straininfo.deposit:537881		conflicting_bacdive_reference_not_used	bacdive:1448; deposit matches kgmicrobe.strain:bacdive_1421
straininfo.strain:12230	straininfo.deposit:678792		conflicting_bacdive_reference_not_used	bacdive:1448; deposit matches kgmicrobe.strain:bacdive_1421
straininfo.strain:12230	straininfo.deposit:95280		conflicting_bacdive_reference_not_used	bacdive:1448; deposit matches kgmicrobe.strain:bacdive_1421
straininfo.strain:12346	straininfo.deposit:533616		conflicting_bacdive_reference_not_used	bacdive:138598; deposit matches kgmicrobe.strain:bacdive_152384
straininfo.strain:12346	straininfo.deposit:533617		conflicting_bacdive_reference_not_used	bacdive:138598; deposit matches kgmicrobe.strain:bacdive_152384
straininfo.strain:12409	straininfo.deposit:152408		conflicting_bacdive_reference_not_used	bacdive:6814; deposit matches kgmicrobe.strain:bacdive_137658
straininfo.strain:12409	straininfo.deposit:47001		conflicting_bacdive_reference_not_used	bacdive:6814; deposit matches kgmicrobe.strain:bacdive_137658
straininfo.strain:125685	straininfo.deposit:108975		conflicting_bacdive_reference_not_used	bacdive:5999; deposit matches kgmicrobe.strain:bacdive_6012
straininfo.strain:125685	straininfo.deposit:158280		conflicting_bacdive_reference_not_used	bacdive:5999; deposit matches kgmicrobe.strain:bacdive_6012
straininfo.strain:125771	straininfo.deposit:123806		conflicting_bacdive_reference_not_used	bacdive:6465; deposit matches kgmicrobe.strain:bacdive_4984
straininfo.strain:125771	straininfo.deposit:123809		conflicting_bacdive_reference_not_used	bacdive:6465; deposit matches kgmicrobe.strain:bacdive_4984
straininfo.strain:125771	straininfo.deposit:123810		conflicting_bacdive_reference_not_used	bacdive:6465; deposit matches kgmicrobe.strain:bacdive_4984
straininfo.strain:125771	straininfo.deposit:152933		conflicting_bacdive_reference_not_used	bacdive:6465; deposit matches kgmicrobe.strain:bacdive_4984
straininfo.strain:125843	straininfo.deposit:137909		conflicting_bacdive_reference_not_used	bacdive:4980; deposit matches kgmicrobe.strain:bacdive_142697
straininfo.strain:125843	straininfo.deposit:14535		conflicting_bacdive_reference_not_used	bacdive:4980; deposit matches kgmicrobe.strain:bacdive_142697
straininfo.strain:125886	straininfo.deposit:52678		conflicting_bacdive_reference_not_used	bacdive:135161; deposit matches kgmicrobe.strain:bacdive_135162
straininfo.strain:12655	straininfo.deposit:47710		conflicting_bacdive_reference_not_used	bacdive:168493; deposit matches kgmicrobe.strain:bacdive_1828
straininfo.strain:12655	straininfo.deposit:491086		conflicting_bacdive_reference_not_used	bacdive:168493; deposit matches kgmicrobe.strain:bacdive_1828
straininfo.strain:127101	straininfo.deposit:370177		conflicting_bacdive_reference_not_used	bacdive:11875; deposit matches kgmicrobe.strain:bacdive_148169
straininfo.strain:127101	straininfo.deposit:370179		conflicting_bacdive_reference_not_used	bacdive:11875; deposit matches kgmicrobe.strain:bacdive_148169
straininfo.strain:127101	straininfo.deposit:534036		conflicting_bacdive_reference_not_used	bacdive:11875; deposit matches kgmicrobe.strain:bacdive_148169
straininfo.strain:127469	straininfo.deposit:381403		conflicting_bacdive_reference_not_used	bacdive:171070; deposit matches kgmicrobe.strain:bacdive_6043
straininfo.strain:128075	straininfo.deposit:692126		conflicting_bacdive_reference_not_used	bacdive:3873; deposit matches kgmicrobe.strain:bacdive_3872
straininfo.strain:128266	straininfo.deposit:381773		conflicting_bacdive_reference_not_used	bacdive:172821; deposit matches kgmicrobe.strain:bacdive_6231
straininfo.strain:128267	straininfo.deposit:381774		conflicting_bacdive_reference_not_used	bacdive:173527; deposit matches kgmicrobe.strain:bacdive_6232
straininfo.strain:12951	straininfo.deposit:48726		conflicting_bacdive_reference_not_used	bacdive:232; deposit matches kgmicrobe.strain:bacdive_147177
straininfo.strain:12983	straininfo.deposit:158773		conflicting_bacdive_reference_not_used	bacdive:3155; deposit matches kgmicrobe.strain:bacdive_11387
straininfo.strain:12995	straininfo.deposit:48915		conflicting_bacdive_reference_not_used	bacdive:173609; deposit matches kgmicrobe.strain:bacdive_176094
straininfo.strain:12995	straininfo.deposit:701871		conflicting_bacdive_reference_not_used	bacdive:173609; deposit matches kgmicrobe.strain:bacdive_17333
straininfo.strain:130933	straininfo.deposit:692120		conflicting_bacdive_reference_not_used	bacdive:3880; deposit matches kgmicrobe.strain:bacdive_3879
straininfo.strain:13114	straininfo.deposit:125294		conflicting_bacdive_reference_not_used	bacdive:3158; deposit matches kgmicrobe.strain:bacdive_130720
straininfo.strain:13114	straininfo.deposit:897492		conflicting_bacdive_reference_not_used	bacdive:3158; deposit matches kgmicrobe.strain:bacdive_130720
straininfo.strain:13130	straininfo.deposit:125774		conflicting_bacdive_reference_not_used	bacdive:649; deposit matches kgmicrobe.strain:bacdive_137195
straininfo.strain:13130	straininfo.deposit:234429		conflicting_bacdive_reference_not_used	bacdive:649; deposit matches kgmicrobe.strain:bacdive_137195
straininfo.strain:13130	straininfo.deposit:840857		conflicting_bacdive_reference_not_used	bacdive:649; deposit matches kgmicrobe.strain:bacdive_137195
straininfo.strain:131520	straininfo.deposit:377761		conflicting_bacdive_reference_not_used	bacdive:134137; deposit matches kgmicrobe.strain:bacdive_135750
straininfo.strain:131520	straininfo.deposit:382643		conflicting_bacdive_reference_not_used	bacdive:134137; deposit matches kgmicrobe.strain:bacdive_135750
straininfo.strain:131520	straininfo.deposit:701542		conflicting_bacdive_reference_not_used	bacdive:134137; deposit matches kgmicrobe.strain:bacdive_135750
straininfo.strain:132335	straininfo.deposit:691070		conflicting_bacdive_reference_not_used	bacdive:131127; deposit matches kgmicrobe.strain:bacdive_2345
straininfo.strain:132664	straininfo.deposit:380333		conflicting_bacdive_reference_not_used	bacdive:135093; deposit matches kgmicrobe.strain:bacdive_10783
straininfo.strain:133439	straininfo.deposit:153005		conflicting_bacdive_reference_not_used	bacdive:8408; deposit matches kgmicrobe.strain:bacdive_8407
straininfo.strain:13365	straininfo.deposit:364179		conflicting_bacdive_reference_not_used	bacdive:15049; deposit matches kgmicrobe.strain:bacdive_159098
straininfo.strain:13365	straininfo.deposit:486685		conflicting_bacdive_reference_not_used	bacdive:15049; deposit matches kgmicrobe.strain:bacdive_159098
straininfo.strain:13379	straininfo.deposit:50836		conflicting_bacdive_reference_not_used	bacdive:15623; deposit matches kgmicrobe.strain:bacdive_15739
straininfo.strain:13379	straininfo.deposit:50837		conflicting_bacdive_reference_not_used	bacdive:15623; deposit matches kgmicrobe.strain:bacdive_15739
straininfo.strain:134297	straininfo.deposit:381448		conflicting_bacdive_reference_not_used	bacdive:131099; deposit matches kgmicrobe.strain:bacdive_7236
straininfo.strain:134297	straininfo.deposit:381449		conflicting_bacdive_reference_not_used	bacdive:131099; deposit matches kgmicrobe.strain:bacdive_7236
straininfo.strain:134297	straininfo.deposit:692153		conflicting_bacdive_reference_not_used	bacdive:131099; deposit matches kgmicrobe.strain:bacdive_7236
straininfo.strain:1353	straininfo.deposit:847819		conflicting_bacdive_reference_not_used	bacdive:1808; deposit matches kgmicrobe.strain:bacdive_1806
straininfo.strain:13593	straininfo.deposit:149238		conflicting_bacdive_reference_not_used	bacdive:1683; deposit matches kgmicrobe.strain:bacdive_151924
straininfo.strain:13593	straininfo.deposit:233546		conflicting_bacdive_reference_not_used	bacdive:1683; deposit matches kgmicrobe.strain:bacdive_151924
straininfo.strain:13617	straininfo.deposit:214729		conflicting_bacdive_reference_not_used	bacdive:7482; deposit matches kgmicrobe.strain:bacdive_157513
straininfo.strain:1364	straininfo.deposit:129472		conflicting_bacdive_reference_not_used	bacdive:4310; deposit matches kgmicrobe.strain:bacdive_143708
straininfo.strain:1364	straininfo.deposit:5912		conflicting_bacdive_reference_not_used	bacdive:4310; deposit matches kgmicrobe.strain:bacdive_164865
straininfo.strain:13673	straininfo.deposit:397536		conflicting_bacdive_reference_not_used	bacdive:143264; deposit matches kgmicrobe.strain:bacdive_170249
straininfo.strain:13693	straininfo.deposit:137337		conflicting_bacdive_reference_not_used	bacdive:136227; deposit matches kgmicrobe.strain:bacdive_149356
straininfo.strain:13693	straininfo.deposit:52604		conflicting_bacdive_reference_not_used	bacdive:136227; deposit matches kgmicrobe.strain:bacdive_149356
straininfo.strain:13737	straininfo.deposit:214857		conflicting_bacdive_reference_not_used	bacdive:4992; deposit matches kgmicrobe.strain:bacdive_157402
straininfo.strain:13743	straininfo.deposit:52969		conflicting_bacdive_reference_not_used	bacdive:12869; deposit matches kgmicrobe.strain:bacdive_11739
straininfo.strain:13743	straininfo.deposit:52970		conflicting_bacdive_reference_not_used	bacdive:12869; deposit matches kgmicrobe.strain:bacdive_11739
straininfo.strain:13743	straininfo.deposit:52972		conflicting_bacdive_reference_not_used	bacdive:12869; deposit matches kgmicrobe.strain:bacdive_11739
straininfo.strain:13743	straininfo.deposit:52976		conflicting_bacdive_reference_not_used	bacdive:12869; deposit matches kgmicrobe.strain:bacdive_11739
straininfo.strain:13743	straininfo.deposit:699452		conflicting_bacdive_reference_not_used	bacdive:12869; deposit matches kgmicrobe.strain:bacdive_11739
straininfo.strain:13743	straininfo.deposit:709072		conflicting_bacdive_reference_not_used	bacdive:12869; deposit matches kgmicrobe.strain:bacdive_11739
straininfo.strain:13743	straininfo.deposit:904698		conflicting_bacdive_reference_not_used	bacdive:12869; deposit matches kgmicrobe.strain:bacdive_11739
straininfo.strain:13765	straininfo.deposit:17692		conflicting_bacdive_reference_not_used	bacdive:145155; deposit matches kgmicrobe.strain:bacdive_141377
straininfo.strain:13765	straininfo.deposit:17697		conflicting_bacdive_reference_not_used	bacdive:145155; deposit matches kgmicrobe.strain:bacdive_141377
straininfo.strain:138004	straininfo.deposit:386422		conflicting_bacdive_reference_not_used	bacdive:5547; deposit matches kgmicrobe.strain:bacdive_5548
straininfo.strain:138004	straininfo.deposit:386423		conflicting_bacdive_reference_not_used	bacdive:5547; deposit matches kgmicrobe.strain:bacdive_5548
straininfo.strain:138004	straininfo.deposit:719201		conflicting_bacdive_reference_not_used	bacdive:5547; deposit matches kgmicrobe.strain:bacdive_5548
straininfo.strain:138004	straininfo.deposit:764377		conflicting_bacdive_reference_not_used	bacdive:5547; deposit matches kgmicrobe.strain:bacdive_5548
straininfo.strain:138004	straininfo.deposit:915560		conflicting_bacdive_reference_not_used	bacdive:5547; deposit matches kgmicrobe.strain:bacdive_5548
straininfo.strain:138308	straininfo.deposit:533033		conflicting_bacdive_reference_not_used	bacdive:4372; deposit matches kgmicrobe.strain:bacdive_153847
straininfo.strain:13853	straininfo.deposit:165084		conflicting_bacdive_reference_not_used	bacdive:16229; deposit matches kgmicrobe.strain:bacdive_16243
straininfo.strain:13853	straininfo.deposit:166368		conflicting_bacdive_reference_not_used	bacdive:16229; deposit matches kgmicrobe.strain:bacdive_16243
straininfo.strain:13853	straininfo.deposit:166369		conflicting_bacdive_reference_not_used	bacdive:16229; deposit matches kgmicrobe.strain:bacdive_16243
straininfo.strain:13853	straininfo.deposit:166370		conflicting_bacdive_reference_not_used	bacdive:16229; deposit matches kgmicrobe.strain:bacdive_16243
straininfo.strain:13853	straininfo.deposit:55566		conflicting_bacdive_reference_not_used	bacdive:16229; deposit matches kgmicrobe.strain:bacdive_16243
straininfo.strain:13853	straininfo.deposit:95266		conflicting_bacdive_reference_not_used	bacdive:16229; deposit matches kgmicrobe.strain:bacdive_16243
straininfo.strain:13853	straininfo.deposit:95269		conflicting_bacdive_reference_not_used	bacdive:16229; deposit matches kgmicrobe.strain:bacdive_16243
straininfo.strain:13909	straininfo.deposit:156332		conflicting_bacdive_reference_not_used	bacdive:14289; deposit matches kgmicrobe.strain:bacdive_132836
straininfo.strain:13909	straininfo.deposit:288792		conflicting_bacdive_reference_not_used	bacdive:14289; deposit matches kgmicrobe.strain:bacdive_132836
straininfo.strain:13909	straininfo.deposit:54380		conflicting_bacdive_reference_not_used	bacdive:14289; deposit matches kgmicrobe.strain:bacdive_132836
straininfo.strain:13909	straininfo.deposit:54381		conflicting_bacdive_reference_not_used	bacdive:14289; deposit matches kgmicrobe.strain:bacdive_132836
straininfo.strain:13909	straininfo.deposit:54383		conflicting_bacdive_reference_not_used	bacdive:14289; deposit matches kgmicrobe.strain:bacdive_132836
straininfo.strain:13909	straininfo.deposit:54393		conflicting_bacdive_reference_not_used	bacdive:14289; deposit matches kgmicrobe.strain:bacdive_132836
straininfo.strain:13909	straininfo.deposit:745893		conflicting_bacdive_reference_not_used	bacdive:14289; deposit matches kgmicrobe.strain:bacdive_132836
straininfo.strain:13909	straininfo.deposit:914375		conflicting_bacdive_reference_not_used	bacdive:14289; deposit matches kgmicrobe.strain:bacdive_132836
straininfo.strain:13947	straininfo.deposit:125617		conflicting_bacdive_reference_not_used	bacdive:165645; deposit matches kgmicrobe.strain:bacdive_151352
straininfo.strain:13947	straininfo.deposit:328912		conflicting_bacdive_reference_not_used	bacdive:165645; deposit matches kgmicrobe.strain:bacdive_151352
straininfo.strain:13991	straininfo.deposit:129234		conflicting_bacdive_reference_not_used	bacdive:143122; deposit matches kgmicrobe.strain:bacdive_139078
straininfo.strain:13991	straininfo.deposit:231783		conflicting_bacdive_reference_not_used	bacdive:143122; deposit matches kgmicrobe.strain:bacdive_139078
straininfo.strain:13993	straininfo.deposit:178715		conflicting_bacdive_reference_not_used	bacdive:16049; deposit matches kgmicrobe.strain:bacdive_164955
straininfo.strain:13993	straininfo.deposit:334263		conflicting_bacdive_reference_not_used	bacdive:16049; deposit matches kgmicrobe.strain:bacdive_164955
straininfo.strain:13993	straininfo.deposit:54986		conflicting_bacdive_reference_not_used	bacdive:16049; deposit matches kgmicrobe.strain:bacdive_164955
straininfo.strain:14025	straininfo.deposit:55159		conflicting_bacdive_reference_not_used	bacdive:144288; deposit matches kgmicrobe.strain:bacdive_144040
straininfo.strain:14066	straininfo.deposit:55339		conflicting_bacdive_reference_not_used	bacdive:2057; deposit matches kgmicrobe.strain:bacdive_150335
straininfo.strain:14112	straininfo.deposit:223412		conflicting_bacdive_reference_not_used	bacdive:16051; deposit matches kgmicrobe.strain:bacdive_164956
straininfo.strain:14112	straininfo.deposit:486224		conflicting_bacdive_reference_not_used	bacdive:16051; deposit matches kgmicrobe.strain:bacdive_164956
straininfo.strain:14256	straininfo.deposit:233733		conflicting_bacdive_reference_not_used	bacdive:165627; deposit matches kgmicrobe.strain:bacdive_139499
straininfo.strain:1466	straininfo.deposit:233652		conflicting_bacdive_reference_not_used	bacdive:143191; deposit matches kgmicrobe.strain:bacdive_137511
straininfo.strain:1480	straininfo.deposit:6243		conflicting_bacdive_reference_not_used	bacdive:144282; deposit matches kgmicrobe.strain:bacdive_144033
straininfo.strain:1481	straininfo.deposit:6250		conflicting_bacdive_reference_not_used	bacdive:144035; deposit matches kgmicrobe.strain:bacdive_144289
straininfo.strain:1481	straininfo.deposit:6252		conflicting_bacdive_reference_not_used	bacdive:144035; deposit matches kgmicrobe.strain:bacdive_144289
straininfo.strain:15077	straininfo.deposit:104410		conflicting_bacdive_reference_not_used	bacdive:170314; deposit matches kgmicrobe.strain:bacdive_174194
straininfo.strain:15077	straininfo.deposit:153096		conflicting_bacdive_reference_not_used	bacdive:170314; deposit matches kgmicrobe.strain:bacdive_174194
straininfo.strain:1563	straininfo.deposit:109475		conflicting_bacdive_reference_not_used	bacdive:2130; deposit matches kgmicrobe.strain:bacdive_2125
straininfo.strain:1563	straininfo.deposit:149646		conflicting_bacdive_reference_not_used	bacdive:2130; deposit matches kgmicrobe.strain:bacdive_2125
straininfo.strain:1563	straininfo.deposit:233670		conflicting_bacdive_reference_not_used	bacdive:2130; deposit matches kgmicrobe.strain:bacdive_2125
straininfo.strain:1563	straininfo.deposit:6505		conflicting_bacdive_reference_not_used	bacdive:2130; deposit matches kgmicrobe.strain:bacdive_2125
straininfo.strain:1563	straininfo.deposit:6506		conflicting_bacdive_reference_not_used	bacdive:2130; deposit matches kgmicrobe.strain:bacdive_2125
straininfo.strain:1563	straininfo.deposit:6507		conflicting_bacdive_reference_not_used	bacdive:2130; deposit matches kgmicrobe.strain:bacdive_2125
straininfo.strain:1563	straininfo.deposit:6510		conflicting_bacdive_reference_not_used	bacdive:2130; deposit matches kgmicrobe.strain:bacdive_2125
straininfo.strain:163	straininfo.deposit:214691		conflicting_bacdive_reference_not_used	bacdive:8094; deposit matches kgmicrobe.strain:bacdive_157288
straininfo.strain:1716	straininfo.deposit:214623		conflicting_bacdive_reference_not_used	bacdive:10449; deposit matches kgmicrobe.strain:bacdive_157318
straininfo.strain:1922	straininfo.deposit:214723		conflicting_bacdive_reference_not_used	bacdive:136353; deposit matches kgmicrobe.strain:bacdive_157511
straininfo.strain:1974	straininfo.deposit:229109		conflicting_bacdive_reference_not_used	bacdive:2712; deposit matches kgmicrobe.strain:bacdive_2711
straininfo.strain:1998	straininfo.deposit:182152		conflicting_bacdive_reference_not_used	bacdive:142852; deposit matches kgmicrobe.strain:bacdive_165370
straininfo.strain:1998	straininfo.deposit:182170		conflicting_bacdive_reference_not_used	bacdive:142852; deposit matches kgmicrobe.strain:bacdive_165370
straininfo.strain:2051	straininfo.deposit:182147		conflicting_bacdive_reference_not_used	bacdive:2922; deposit matches kgmicrobe.strain:bacdive_165360
straininfo.strain:2051	straininfo.deposit:8305		conflicting_bacdive_reference_not_used	bacdive:2922; deposit matches kgmicrobe.strain:bacdive_165360
straininfo.strain:2060	straininfo.deposit:208454		conflicting_bacdive_reference_not_used	bacdive:161299; deposit matches kgmicrobe.strain:bacdive_162958
straininfo.strain:2060	straininfo.deposit:399889		conflicting_bacdive_reference_not_used	bacdive:161299; deposit matches kgmicrobe.strain:bacdive_162958
straininfo.strain:2060	straininfo.deposit:699767		conflicting_bacdive_reference_not_used	bacdive:161299; deposit matches kgmicrobe.strain:bacdive_162958
straininfo.strain:2060	straininfo.deposit:802628		conflicting_bacdive_reference_not_used	bacdive:161299; deposit matches kgmicrobe.strain:bacdive_162958
straininfo.strain:2060	straininfo.deposit:8359		conflicting_bacdive_reference_not_used	bacdive:161299; deposit matches kgmicrobe.strain:bacdive_162958
straininfo.strain:2060	straininfo.deposit:8360		conflicting_bacdive_reference_not_used	bacdive:161299; deposit matches kgmicrobe.strain:bacdive_162958
straininfo.strain:2060	straininfo.deposit:8361		conflicting_bacdive_reference_not_used	bacdive:161299; deposit matches kgmicrobe.strain:bacdive_162958
straininfo.strain:2063	straininfo.deposit:327519		conflicting_bacdive_reference_not_used	bacdive:138396; deposit matches kgmicrobe.strain:bacdive_5094
straininfo.strain:2063	straininfo.deposit:327520		conflicting_bacdive_reference_not_used	bacdive:138396; deposit matches kgmicrobe.strain:bacdive_5094
straininfo.strain:2148	straininfo.deposit:133124		conflicting_bacdive_reference_not_used	bacdive:5515; deposit matches kgmicrobe.strain:bacdive_5514
straininfo.strain:2148	straininfo.deposit:133125		conflicting_bacdive_reference_not_used	bacdive:5515; deposit matches kgmicrobe.strain:bacdive_5514
straininfo.strain:2148	straininfo.deposit:133126		conflicting_bacdive_reference_not_used	bacdive:5515; deposit matches kgmicrobe.strain:bacdive_5514
straininfo.strain:2148	straininfo.deposit:151148		conflicting_bacdive_reference_not_used	bacdive:5515; deposit matches kgmicrobe.strain:bacdive_5514
straininfo.strain:2148	straininfo.deposit:182910		conflicting_bacdive_reference_not_used	bacdive:5515; deposit matches kgmicrobe.strain:bacdive_5514
straininfo.strain:2148	straininfo.deposit:182911		conflicting_bacdive_reference_not_used	bacdive:5515; deposit matches kgmicrobe.strain:bacdive_5514
straininfo.strain:215501	straininfo.deposit:534349		conflicting_bacdive_reference_not_used	bacdive:16982; deposit matches kgmicrobe.strain:bacdive_16984
straininfo.strain:2250	straininfo.deposit:214647		conflicting_bacdive_reference_not_used	bacdive:5291; deposit matches kgmicrobe.strain:bacdive_157350
straininfo.strain:22881	straininfo.deposit:54903		conflicting_bacdive_reference_not_used	bacdive:5536; deposit matches kgmicrobe.strain:bacdive_140441
straininfo.strain:22881	straininfo.deposit:764392		conflicting_bacdive_reference_not_used	bacdive:5536; deposit matches kgmicrobe.strain:bacdive_140441
straininfo.strain:232784	straininfo.deposit:558285		conflicting_bacdive_reference_not_used	bacdive:24178; deposit matches kgmicrobe.strain:bacdive_7227
straininfo.strain:232784	straininfo.deposit:690363		conflicting_bacdive_reference_not_used	bacdive:24178; deposit matches kgmicrobe.strain:bacdive_7227
straininfo.strain:232784	straininfo.deposit:910621		conflicting_bacdive_reference_not_used	bacdive:24178; deposit matches kgmicrobe.strain:bacdive_7227
straininfo.strain:252	straininfo.deposit:1398		conflicting_bacdive_reference_not_used	bacdive:2103; deposit matches kgmicrobe.strain:bacdive_8146
straininfo.strain:252	straininfo.deposit:1399		conflicting_bacdive_reference_not_used	bacdive:2103; deposit matches kgmicrobe.strain:bacdive_8146
straininfo.strain:252	straininfo.deposit:233253		conflicting_bacdive_reference_not_used	bacdive:2103; deposit matches kgmicrobe.strain:bacdive_8146
straininfo.strain:252	straininfo.deposit:900142		conflicting_bacdive_reference_not_used	bacdive:2103; deposit matches kgmicrobe.strain:bacdive_8146
straininfo.strain:26326	straininfo.deposit:155648		conflicting_bacdive_reference_not_used	bacdive:131136; deposit matches kgmicrobe.strain:bacdive_139375
straininfo.strain:264230	straininfo.deposit:901717		conflicting_bacdive_reference_not_used	bacdive:11880; deposit matches kgmicrobe.strain:bacdive_168375
straininfo.strain:264310	straininfo.deposit:118338		conflicting_bacdive_reference_not_used	bacdive:13923; deposit matches kgmicrobe.strain:bacdive_132049
straininfo.strain:264310	straininfo.deposit:156331		conflicting_bacdive_reference_not_used	bacdive:13923; deposit matches kgmicrobe.strain:bacdive_132049
straininfo.strain:264310	straininfo.deposit:534052		conflicting_bacdive_reference_not_used	bacdive:13923; deposit matches kgmicrobe.strain:bacdive_132049
straininfo.strain:264310	straininfo.deposit:719369		conflicting_bacdive_reference_not_used	bacdive:13923; deposit matches kgmicrobe.strain:bacdive_132049
straininfo.strain:264310	straininfo.deposit:912724		conflicting_bacdive_reference_not_used	bacdive:13923; deposit matches kgmicrobe.strain:bacdive_132049
straininfo.strain:264318	straininfo.deposit:312970		conflicting_bacdive_reference_not_used	bacdive:162907; deposit matches kgmicrobe.strain:bacdive_138780
straininfo.strain:264318	straininfo.deposit:368041		conflicting_bacdive_reference_not_used	bacdive:162907; deposit matches kgmicrobe.strain:bacdive_138780
straininfo.strain:264318	straininfo.deposit:95377		conflicting_bacdive_reference_not_used	bacdive:162907; deposit matches kgmicrobe.strain:bacdive_138780
straininfo.strain:264323	straininfo.deposit:233759		conflicting_bacdive_reference_not_used	bacdive:141274; deposit matches kgmicrobe.strain:bacdive_134778
straininfo.strain:264387	straininfo.deposit:51255		conflicting_bacdive_reference_not_used	bacdive:12692; deposit matches kgmicrobe.strain:bacdive_12691
straininfo.strain:264388	straininfo.deposit:332799		conflicting_bacdive_reference_not_used	bacdive:5481; deposit matches kgmicrobe.strain:bacdive_4959
straininfo.strain:265334	straininfo.deposit:143502		conflicting_bacdive_reference_not_used	bacdive:165439; deposit matches kgmicrobe.strain:bacdive_148259
straininfo.strain:265334	straininfo.deposit:143504		conflicting_bacdive_reference_not_used	bacdive:165439; deposit matches kgmicrobe.strain:bacdive_148259
straininfo.strain:265454	straininfo.deposit:303661		conflicting_bacdive_reference_not_used	bacdive:10571; deposit matches kgmicrobe.strain:bacdive_100901
straininfo.strain:265523	straininfo.deposit:214977		conflicting_bacdive_reference_not_used	bacdive:147037; deposit matches kgmicrobe.strain:bacdive_157315
straininfo.strain:265524	straininfo.deposit:58545		conflicting_bacdive_reference_not_used	bacdive:3798; deposit matches kgmicrobe.strain:bacdive_3797
straininfo.strain:265547	straininfo.deposit:102724		conflicting_bacdive_reference_not_used	bacdive:828; deposit matches kgmicrobe.strain:bacdive_856
straininfo.strain:265547	straininfo.deposit:157892		conflicting_bacdive_reference_not_used	bacdive:828; deposit matches kgmicrobe.strain:bacdive_856
straininfo.strain:265547	straininfo.deposit:157893		conflicting_bacdive_reference_not_used	bacdive:828; deposit matches kgmicrobe.strain:bacdive_856
straininfo.strain:265590	straininfo.deposit:621060		conflicting_bacdive_reference_not_used	bacdive:11861; deposit matches kgmicrobe.strain:bacdive_139880
straininfo.strain:265590	straininfo.deposit:621061		conflicting_bacdive_reference_not_used	bacdive:11861; deposit matches kgmicrobe.strain:bacdive_139880
straininfo.strain:265590	straininfo.deposit:621062		conflicting_bacdive_reference_not_used	bacdive:11861; deposit matches kgmicrobe.strain:bacdive_139880
straininfo.strain:265590	straininfo.deposit:719095		conflicting_bacdive_reference_not_used	bacdive:11861; deposit matches kgmicrobe.strain:bacdive_139880
straininfo.strain:265590	straininfo.deposit:904449		conflicting_bacdive_reference_not_used	bacdive:11861; deposit matches kgmicrobe.strain:bacdive_139880
straininfo.strain:265690	straininfo.deposit:662463		conflicting_bacdive_reference_not_used	bacdive:168568; deposit matches kgmicrobe.strain:bacdive_14821
straininfo.strain:271841	straininfo.deposit:54315		conflicting_bacdive_reference_not_used	bacdive:161786; deposit matches kgmicrobe.strain:bacdive_132206
straininfo.strain:27278	straininfo.deposit:692223		conflicting_bacdive_reference_not_used	bacdive:138534; deposit matches kgmicrobe.strain:bacdive_13560
straininfo.strain:2787	straininfo.deposit:847192		conflicting_bacdive_reference_not_used	bacdive:139392; deposit matches kgmicrobe.strain:bacdive_4441
straininfo.strain:280301	straininfo.deposit:170450		conflicting_bacdive_reference_not_used	bacdive:16745; deposit matches kgmicrobe.strain:bacdive_160312
straininfo.strain:280301	straininfo.deposit:176351		conflicting_bacdive_reference_not_used	bacdive:16745; deposit matches kgmicrobe.strain:bacdive_160312
straininfo.strain:28127	straininfo.deposit:87302		conflicting_bacdive_reference_not_used	bacdive:17944; deposit matches kgmicrobe.strain:bacdive_147968
straininfo.strain:281743	straininfo.deposit:52938		conflicting_bacdive_reference_not_used	bacdive:175364; deposit matches kgmicrobe.strain:bacdive_175366
straininfo.strain:281743	straininfo.deposit:54086		conflicting_bacdive_reference_not_used	bacdive:175364; deposit matches kgmicrobe.strain:bacdive_175366
straininfo.strain:2862	straininfo.deposit:11705		conflicting_bacdive_reference_not_used	bacdive:56; deposit matches kgmicrobe.strain:bacdive_57
straininfo.strain:2862	straininfo.deposit:11708		conflicting_bacdive_reference_not_used	bacdive:56; deposit matches kgmicrobe.strain:bacdive_57
straininfo.strain:2862	straininfo.deposit:161507		conflicting_bacdive_reference_not_used	bacdive:56; deposit matches kgmicrobe.strain:bacdive_57
straininfo.strain:291008	straininfo.deposit:677546		conflicting_bacdive_reference_not_used	bacdive:131115; deposit matches kgmicrobe.strain:bacdive_5640
straininfo.strain:291008	straininfo.deposit:692195		conflicting_bacdive_reference_not_used	bacdive:131115; deposit matches kgmicrobe.strain:bacdive_5640
straininfo.strain:2915	straininfo.deposit:11956		conflicting_bacdive_reference_not_used	bacdive:162846; deposit matches kgmicrobe.strain:bacdive_163111
straininfo.strain:2915	straininfo.deposit:11959		conflicting_bacdive_reference_not_used	bacdive:162846; deposit matches kgmicrobe.strain:bacdive_163111
straininfo.strain:2915	straininfo.deposit:379270		conflicting_bacdive_reference_not_used	bacdive:162846; deposit matches kgmicrobe.strain:bacdive_163111
straininfo.strain:2915	straininfo.deposit:540894		conflicting_bacdive_reference_not_used	bacdive:162846; deposit matches kgmicrobe.strain:bacdive_163111
straininfo.strain:2915	straininfo.deposit:804094		conflicting_bacdive_reference_not_used	bacdive:162846; deposit matches kgmicrobe.strain:bacdive_163111
straininfo.strain:297018	straininfo.deposit:214659		conflicting_bacdive_reference_not_used	bacdive:14447; deposit matches kgmicrobe.strain:bacdive_157517
straininfo.strain:297024	straininfo.deposit:162813		conflicting_bacdive_reference_not_used	bacdive:11466; deposit matches kgmicrobe.strain:bacdive_11464
straininfo.strain:297024	straininfo.deposit:162838		conflicting_bacdive_reference_not_used	bacdive:11466; deposit matches kgmicrobe.strain:bacdive_11465
straininfo.strain:297024	straininfo.deposit:335981		conflicting_bacdive_reference_not_used	bacdive:11466; deposit matches kgmicrobe.strain:bacdive_11464
straininfo.strain:297024	straininfo.deposit:4436		conflicting_bacdive_reference_not_used	bacdive:11466; deposit matches kgmicrobe.strain:bacdive_11464
straininfo.strain:297024	straininfo.deposit:4437		conflicting_bacdive_reference_not_used	bacdive:11466; deposit matches kgmicrobe.strain:bacdive_11464
straininfo.strain:297024	straininfo.deposit:4439		conflicting_bacdive_reference_not_used	bacdive:11466; deposit matches kgmicrobe.strain:bacdive_11464
straininfo.strain:297046	straininfo.deposit:176044		conflicting_bacdive_reference_not_used	bacdive:10865; deposit matches kgmicrobe.strain:bacdive_130481
straininfo.strain:297046	straininfo.deposit:915795		conflicting_bacdive_reference_not_used	bacdive:10865; deposit matches kgmicrobe.strain:bacdive_130481
straininfo.strain:297063	straininfo.deposit:177965		conflicting_bacdive_reference_not_used	bacdive:14908; deposit matches kgmicrobe.strain:bacdive_164920
straininfo.strain:297332	straininfo.deposit:690465		conflicting_bacdive_reference_not_used	bacdive:135404; deposit matches kgmicrobe.strain:bacdive_134190
straininfo.strain:297332	straininfo.deposit:690466		conflicting_bacdive_reference_not_used	bacdive:135404; deposit matches kgmicrobe.strain:bacdive_134190
straininfo.strain:2981	straininfo.deposit:168538		conflicting_bacdive_reference_not_used	bacdive:10559; deposit matches kgmicrobe.strain:bacdive_10564
straininfo.strain:2981	straininfo.deposit:231108		conflicting_bacdive_reference_not_used	bacdive:10559; deposit matches kgmicrobe.strain:bacdive_10564
straininfo.strain:298107	straininfo.deposit:104137		conflicting_bacdive_reference_not_used	bacdive:15155; deposit matches kgmicrobe.strain:bacdive_15154
straininfo.strain:298107	straininfo.deposit:165304		conflicting_bacdive_reference_not_used	bacdive:15155; deposit matches kgmicrobe.strain:bacdive_15154
straininfo.strain:298107	straininfo.deposit:229322		conflicting_bacdive_reference_not_used	bacdive:15155; deposit matches kgmicrobe.strain:bacdive_15154
straininfo.strain:2983	straininfo.deposit:135446		conflicting_bacdive_reference_not_used	bacdive:10548; deposit matches kgmicrobe.strain:bacdive_142384
straininfo.strain:2991	straininfo.deposit:12231		conflicting_bacdive_reference_not_used	bacdive:6004; deposit matches kgmicrobe.strain:bacdive_6003
straininfo.strain:2991	straininfo.deposit:159080		conflicting_bacdive_reference_not_used	bacdive:6004; deposit matches kgmicrobe.strain:bacdive_6003
straininfo.strain:302641	straininfo.deposit:756896		conflicting_bacdive_reference_not_used	bacdive:6643; deposit matches kgmicrobe.strain:bacdive_12904
straininfo.strain:303640	straininfo.deposit:703844		conflicting_bacdive_reference_not_used	bacdive:7756; deposit matches kgmicrobe.strain:bacdive_154525
straininfo.strain:310974	straininfo.deposit:840785		conflicting_bacdive_reference_not_used	bacdive:7435; deposit matches kgmicrobe.strain:bacdive_7436
straininfo.strain:310974	straininfo.deposit:856515		conflicting_bacdive_reference_not_used	bacdive:7435; deposit matches kgmicrobe.strain:bacdive_7436
straininfo.strain:310977	straininfo.deposit:739322		conflicting_bacdive_reference_not_used	bacdive:174325; deposit matches kgmicrobe.strain:bacdive_14108
straininfo.strain:310978	straininfo.deposit:740231		conflicting_bacdive_reference_not_used	bacdive:172669; deposit matches kgmicrobe.strain:bacdive_14106
straininfo.strain:310980	straininfo.deposit:740311		conflicting_bacdive_reference_not_used	bacdive:173172; deposit matches kgmicrobe.strain:bacdive_14107
straininfo.strain:310981	straininfo.deposit:740325		conflicting_bacdive_reference_not_used	bacdive:174175; deposit matches kgmicrobe.strain:bacdive_14109
straininfo.strain:311027	straininfo.deposit:11927		conflicting_bacdive_reference_not_used	bacdive:48; deposit matches kgmicrobe.strain:bacdive_23496
straininfo.strain:311027	straininfo.deposit:11927		conflicting_bacdive_reference_not_used	bacdive:48; deposit matches kgmicrobe.strain:bacdive_49
straininfo.strain:311027	straininfo.deposit:11933		conflicting_bacdive_reference_not_used	bacdive:48; deposit matches kgmicrobe.strain:bacdive_23496
straininfo.strain:311027	straininfo.deposit:11933		conflicting_bacdive_reference_not_used	bacdive:48; deposit matches kgmicrobe.strain:bacdive_49
straininfo.strain:311027	straininfo.deposit:160573		conflicting_bacdive_reference_not_used	bacdive:48; deposit matches kgmicrobe.strain:bacdive_49
straininfo.strain:311027	straininfo.deposit:909228		conflicting_bacdive_reference_not_used	bacdive:48; deposit matches kgmicrobe.strain:bacdive_23496
straininfo.strain:311037	straininfo.deposit:7096		conflicting_bacdive_reference_not_used	bacdive:4328; deposit matches kgmicrobe.strain:bacdive_4329
straininfo.strain:311042	straininfo.deposit:140466		conflicting_bacdive_reference_not_used	bacdive:10478; deposit matches kgmicrobe.strain:bacdive_144438
straininfo.strain:311042	straininfo.deposit:140467		conflicting_bacdive_reference_not_used	bacdive:10478; deposit matches kgmicrobe.strain:bacdive_144438
straininfo.strain:311050	straininfo.deposit:30322		conflicting_bacdive_reference_not_used	bacdive:14117; deposit matches kgmicrobe.strain:bacdive_142960
straininfo.strain:311050	straininfo.deposit:30325		conflicting_bacdive_reference_not_used	bacdive:14117; deposit matches kgmicrobe.strain:bacdive_142960
straininfo.strain:311075	straininfo.deposit:42796		conflicting_bacdive_reference_not_used	bacdive:134750; deposit matches kgmicrobe.strain:bacdive_1840
straininfo.strain:319114	straininfo.deposit:231032		conflicting_bacdive_reference_not_used	bacdive:15408; deposit matches kgmicrobe.strain:bacdive_15405
straininfo.strain:319360	straininfo.deposit:141943		conflicting_bacdive_reference_not_used	bacdive:154665; deposit matches kgmicrobe.strain:bacdive_143565
straininfo.strain:319360	straininfo.deposit:141945		conflicting_bacdive_reference_not_used	bacdive:154665; deposit matches kgmicrobe.strain:bacdive_143565
straininfo.strain:319360	straininfo.deposit:702255		conflicting_bacdive_reference_not_used	bacdive:154665; deposit matches kgmicrobe.strain:bacdive_143565
straininfo.strain:3285	straininfo.deposit:13429		conflicting_bacdive_reference_not_used	bacdive:6458; deposit matches kgmicrobe.strain:bacdive_6459
straininfo.strain:3285	straininfo.deposit:13430		conflicting_bacdive_reference_not_used	bacdive:6458; deposit matches kgmicrobe.strain:bacdive_6459
straininfo.strain:3285	straininfo.deposit:13431		conflicting_bacdive_reference_not_used	bacdive:6458; deposit matches kgmicrobe.strain:bacdive_6459
straininfo.strain:3285	straininfo.deposit:13432		conflicting_bacdive_reference_not_used	bacdive:6458; deposit matches kgmicrobe.strain:bacdive_6459
straininfo.strain:3285	straininfo.deposit:152007		conflicting_bacdive_reference_not_used	bacdive:6458; deposit matches kgmicrobe.strain:bacdive_6459
straininfo.strain:3285	straininfo.deposit:152008		conflicting_bacdive_reference_not_used	bacdive:6458; deposit matches kgmicrobe.strain:bacdive_6459
straininfo.strain:3285	straininfo.deposit:152070		conflicting_bacdive_reference_not_used	bacdive:6458; deposit matches kgmicrobe.strain:bacdive_6459
straininfo.strain:3285	straininfo.deposit:171393		conflicting_bacdive_reference_not_used	bacdive:6458; deposit matches kgmicrobe.strain:bacdive_6459
straininfo.strain:3285	straininfo.deposit:506674		conflicting_bacdive_reference_not_used	bacdive:6458; deposit matches kgmicrobe.strain:bacdive_6459
straininfo.strain:3285	straininfo.deposit:555720		conflicting_bacdive_reference_not_used	bacdive:6458; deposit matches kgmicrobe.strain:bacdive_6459
straininfo.strain:3285	straininfo.deposit:555721		conflicting_bacdive_reference_not_used	bacdive:6458; deposit matches kgmicrobe.strain:bacdive_6459
straininfo.strain:3358	straininfo.deposit:164053		conflicting_bacdive_reference_not_used	bacdive:6427; deposit matches kgmicrobe.strain:bacdive_6431
straininfo.strain:3358	straininfo.deposit:96062		conflicting_bacdive_reference_not_used	bacdive:6427; deposit matches kgmicrobe.strain:bacdive_6431
straininfo.strain:3381	straininfo.deposit:171449		conflicting_bacdive_reference_not_used	bacdive:162873; deposit matches kgmicrobe.strain:bacdive_161188
straininfo.strain:343335	straininfo.deposit:234555		conflicting_bacdive_reference_not_used	bacdive:141276; deposit matches kgmicrobe.strain:bacdive_134777
straininfo.strain:343339	straininfo.deposit:98730		conflicting_bacdive_reference_not_used	bacdive:16074; deposit matches kgmicrobe.strain:bacdive_15234
straininfo.strain:343905	straininfo.deposit:31263		conflicting_bacdive_reference_not_used	bacdive:5314; deposit matches kgmicrobe.strain:bacdive_5310
straininfo.strain:343905	straininfo.deposit:9202		conflicting_bacdive_reference_not_used	bacdive:5314; deposit matches kgmicrobe.strain:bacdive_5310
straininfo.strain:343905	straininfo.deposit:9204		conflicting_bacdive_reference_not_used	bacdive:5314; deposit matches kgmicrobe.strain:bacdive_5310
straininfo.strain:3458	straininfo.deposit:14476		conflicting_bacdive_reference_not_used	bacdive:14708; deposit matches kgmicrobe.strain:bacdive_155285
straininfo.strain:34659	straininfo.deposit:166615		conflicting_bacdive_reference_not_used	bacdive:164950; deposit matches kgmicrobe.strain:bacdive_14999
straininfo.strain:34795	straininfo.deposit:692073		conflicting_bacdive_reference_not_used	bacdive:10667; deposit matches kgmicrobe.strain:bacdive_10639
straininfo.strain:34895	straininfo.deposit:152308		conflicting_bacdive_reference_not_used	bacdive:136381; deposit matches kgmicrobe.strain:bacdive_137805
straininfo.strain:34895	straininfo.deposit:152309		conflicting_bacdive_reference_not_used	bacdive:136381; deposit matches kgmicrobe.strain:bacdive_137805
straininfo.strain:34895	straininfo.deposit:152310		conflicting_bacdive_reference_not_used	bacdive:136381; deposit matches kgmicrobe.strain:bacdive_137805
straininfo.strain:35027	straininfo.deposit:233596		conflicting_bacdive_reference_not_used	bacdive:162854; deposit matches kgmicrobe.strain:bacdive_135140
straininfo.strain:35082	straininfo.deposit:755452		conflicting_bacdive_reference_not_used	bacdive:15216; deposit matches kgmicrobe.strain:bacdive_16345
straininfo.strain:35277	straininfo.deposit:158203		conflicting_bacdive_reference_not_used	bacdive:721; deposit matches kgmicrobe.strain:bacdive_730
straininfo.strain:35277	straininfo.deposit:505313		conflicting_bacdive_reference_not_used	bacdive:721; deposit matches kgmicrobe.strain:bacdive_162737
straininfo.strain:35277	straininfo.deposit:505314		conflicting_bacdive_reference_not_used	bacdive:721; deposit matches kgmicrobe.strain:bacdive_162737
straininfo.strain:35277	straininfo.deposit:803063		conflicting_bacdive_reference_not_used	bacdive:721; deposit matches kgmicrobe.strain:bacdive_162737
straininfo.strain:35277	straininfo.deposit:95484		conflicting_bacdive_reference_not_used	bacdive:721; deposit matches kgmicrobe.strain:bacdive_730
straininfo.strain:35277	straininfo.deposit:95485		conflicting_bacdive_reference_not_used	bacdive:721; deposit matches kgmicrobe.strain:bacdive_730
straininfo.strain:35277	straininfo.deposit:95486		conflicting_bacdive_reference_not_used	bacdive:721; deposit matches kgmicrobe.strain:bacdive_730
straininfo.strain:35292	straininfo.deposit:132906		conflicting_bacdive_reference_not_used	bacdive:3115; deposit matches kgmicrobe.strain:bacdive_3114
straininfo.strain:35292	straininfo.deposit:132908		conflicting_bacdive_reference_not_used	bacdive:3115; deposit matches kgmicrobe.strain:bacdive_3114
straininfo.strain:35292	straininfo.deposit:847630		conflicting_bacdive_reference_not_used	bacdive:3115; deposit matches kgmicrobe.strain:bacdive_3114
straininfo.strain:35292	straininfo.deposit:95522		conflicting_bacdive_reference_not_used	bacdive:3115; deposit matches kgmicrobe.strain:bacdive_3114
straininfo.strain:35292	straininfo.deposit:95523		conflicting_bacdive_reference_not_used	bacdive:3115; deposit matches kgmicrobe.strain:bacdive_3114
straininfo.strain:35336	straininfo.deposit:166997		conflicting_bacdive_reference_not_used	bacdive:15955; deposit matches kgmicrobe.strain:bacdive_15935
straininfo.strain:35336	straininfo.deposit:95651		conflicting_bacdive_reference_not_used	bacdive:15955; deposit matches kgmicrobe.strain:bacdive_15935
straininfo.strain:35336	straininfo.deposit:95653		conflicting_bacdive_reference_not_used	bacdive:15955; deposit matches kgmicrobe.strain:bacdive_15935
straininfo.strain:354033	straininfo.deposit:147912		conflicting_bacdive_reference_not_used	bacdive:5; deposit matches kgmicrobe.strain:bacdive_4
straininfo.strain:354033	straininfo.deposit:147913		conflicting_bacdive_reference_not_used	bacdive:5; deposit matches kgmicrobe.strain:bacdive_4
straininfo.strain:354033	straininfo.deposit:183145		conflicting_bacdive_reference_not_used	bacdive:5; deposit matches kgmicrobe.strain:bacdive_4
straininfo.strain:354033	straininfo.deposit:183148		conflicting_bacdive_reference_not_used	bacdive:5; deposit matches kgmicrobe.strain:bacdive_4
straininfo.strain:354033	straininfo.deposit:184		conflicting_bacdive_reference_not_used	bacdive:5; deposit matches kgmicrobe.strain:bacdive_4
straininfo.strain:354033	straininfo.deposit:185		conflicting_bacdive_reference_not_used	bacdive:5; deposit matches kgmicrobe.strain:bacdive_4
straininfo.strain:354033	straininfo.deposit:186		conflicting_bacdive_reference_not_used	bacdive:5; deposit matches kgmicrobe.strain:bacdive_4
straininfo.strain:354033	straininfo.deposit:188		conflicting_bacdive_reference_not_used	bacdive:5; deposit matches kgmicrobe.strain:bacdive_4
straininfo.strain:354033	straininfo.deposit:229530		conflicting_bacdive_reference_not_used	bacdive:5; deposit matches kgmicrobe.strain:bacdive_4
straininfo.strain:354033	straininfo.deposit:325		conflicting_bacdive_reference_not_used	bacdive:5; deposit matches kgmicrobe.strain:bacdive_4
straininfo.strain:354033	straininfo.deposit:398776		conflicting_bacdive_reference_not_used	bacdive:5; deposit matches kgmicrobe.strain:bacdive_4
straininfo.strain:354033	straininfo.deposit:509525		conflicting_bacdive_reference_not_used	bacdive:5; deposit matches kgmicrobe.strain:bacdive_4
straininfo.strain:354033	straininfo.deposit:553292		conflicting_bacdive_reference_not_used	bacdive:5; deposit matches kgmicrobe.strain:bacdive_4
straininfo.strain:354033	straininfo.deposit:746960		conflicting_bacdive_reference_not_used	bacdive:5; deposit matches kgmicrobe.strain:bacdive_4
straininfo.strain:354033	straininfo.deposit:796625		conflicting_bacdive_reference_not_used	bacdive:5; deposit matches kgmicrobe.strain:bacdive_4
straininfo.strain:35405	straininfo.deposit:166113		conflicting_bacdive_reference_not_used	bacdive:15016; deposit matches kgmicrobe.strain:bacdive_15021
straininfo.strain:35405	straininfo.deposit:166114		conflicting_bacdive_reference_not_used	bacdive:15016; deposit matches kgmicrobe.strain:bacdive_15021
straininfo.strain:35514	straininfo.deposit:234899		conflicting_bacdive_reference_not_used	bacdive:142341; deposit matches kgmicrobe.strain:bacdive_137467
straininfo.strain:35572	straininfo.deposit:150757		conflicting_bacdive_reference_not_used	bacdive:136566; deposit matches kgmicrobe.strain:bacdive_100287
straininfo.strain:3561	straininfo.deposit:15051		conflicting_bacdive_reference_not_used	bacdive:7151; deposit matches kgmicrobe.strain:bacdive_7150
straininfo.strain:35673	straininfo.deposit:162983		conflicting_bacdive_reference_not_used	bacdive:139686; deposit matches kgmicrobe.strain:bacdive_629
straininfo.strain:3577	straininfo.deposit:214649		conflicting_bacdive_reference_not_used	bacdive:7673; deposit matches kgmicrobe.strain:bacdive_157397
straininfo.strain:3582	straininfo.deposit:234279		conflicting_bacdive_reference_not_used	bacdive:138929; deposit matches kgmicrobe.strain:bacdive_135601
straininfo.strain:35867	straininfo.deposit:164016		conflicting_bacdive_reference_not_used	bacdive:7476; deposit matches kgmicrobe.strain:bacdive_3081
straininfo.strain:35867	straininfo.deposit:164017		conflicting_bacdive_reference_not_used	bacdive:7476; deposit matches kgmicrobe.strain:bacdive_3081
straininfo.strain:35930	straininfo.deposit:163185		conflicting_bacdive_reference_not_used	bacdive:131740; deposit matches kgmicrobe.strain:bacdive_6874
straininfo.strain:35930	straininfo.deposit:231346		conflicting_bacdive_reference_not_used	bacdive:131740; deposit matches kgmicrobe.strain:bacdive_6874
straininfo.strain:35930	straininfo.deposit:55291		conflicting_bacdive_reference_not_used	bacdive:131740; deposit matches kgmicrobe.strain:bacdive_6874
straininfo.strain:35983	straininfo.deposit:230901		conflicting_bacdive_reference_not_used	bacdive:15344; deposit matches kgmicrobe.strain:bacdive_15349
straininfo.strain:35983	straininfo.deposit:486497		conflicting_bacdive_reference_not_used	bacdive:15344; deposit matches kgmicrobe.strain:bacdive_15349
straininfo.strain:35983	straininfo.deposit:50821		conflicting_bacdive_reference_not_used	bacdive:15344; deposit matches kgmicrobe.strain:bacdive_15349
straininfo.strain:35983	straininfo.deposit:50823		conflicting_bacdive_reference_not_used	bacdive:15344; deposit matches kgmicrobe.strain:bacdive_15349
straininfo.strain:35983	straininfo.deposit:50825		conflicting_bacdive_reference_not_used	bacdive:15344; deposit matches kgmicrobe.strain:bacdive_15349
straininfo.strain:35983	straininfo.deposit:50828		conflicting_bacdive_reference_not_used	bacdive:15344; deposit matches kgmicrobe.strain:bacdive_15349
straininfo.strain:35983	straininfo.deposit:691498		conflicting_bacdive_reference_not_used	bacdive:15344; deposit matches kgmicrobe.strain:bacdive_15362
straininfo.strain:35983	straininfo.deposit:691500		conflicting_bacdive_reference_not_used	bacdive:15344; deposit matches kgmicrobe.strain:bacdive_15364
straininfo.strain:35983	straininfo.deposit:97353		conflicting_bacdive_reference_not_used	bacdive:15344; deposit matches kgmicrobe.strain:bacdive_15362
straininfo.strain:35983	straininfo.deposit:97354		conflicting_bacdive_reference_not_used	bacdive:15344; deposit matches kgmicrobe.strain:bacdive_15362
straininfo.strain:35983	straininfo.deposit:97361		conflicting_bacdive_reference_not_used	bacdive:15344; deposit matches kgmicrobe.strain:bacdive_15364
straininfo.strain:35983	straininfo.deposit:97362		conflicting_bacdive_reference_not_used	bacdive:15344; deposit matches kgmicrobe.strain:bacdive_15364
straininfo.strain:360701	straininfo.deposit:837131		conflicting_bacdive_reference_not_used	bacdive:13760; deposit matches kgmicrobe.strain:bacdive_13759
straininfo.strain:360701	straininfo.deposit:871689		conflicting_bacdive_reference_not_used	bacdive:13760; deposit matches kgmicrobe.strain:bacdive_13759
straininfo.strain:360701	straininfo.deposit:913670		conflicting_bacdive_reference_not_used	bacdive:13760; deposit matches kgmicrobe.strain:bacdive_13759
straininfo.strain:361451	straininfo.deposit:897272		conflicting_bacdive_reference_not_used	bacdive:14130; deposit matches kgmicrobe.strain:bacdive_14380
straininfo.strain:36166	straininfo.deposit:140670		conflicting_bacdive_reference_not_used	bacdive:10746; deposit matches kgmicrobe.strain:bacdive_142052
straininfo.strain:36166	straininfo.deposit:140673		conflicting_bacdive_reference_not_used	bacdive:10746; deposit matches kgmicrobe.strain:bacdive_142052
straininfo.strain:362086	straininfo.deposit:840685		conflicting_bacdive_reference_not_used	bacdive:138529; deposit matches kgmicrobe.strain:bacdive_131373
straininfo.strain:36221	straininfo.deposit:166805		conflicting_bacdive_reference_not_used	bacdive:15249; deposit matches kgmicrobe.strain:bacdive_15251
straininfo.strain:362851	straininfo.deposit:900068		conflicting_bacdive_reference_not_used	bacdive:14251; deposit matches kgmicrobe.strain:bacdive_23129
straininfo.strain:36301	straininfo.deposit:691621		conflicting_bacdive_reference_not_used	bacdive:15570; deposit matches kgmicrobe.strain:bacdive_15855
straininfo.strain:36370	straininfo.deposit:166254		conflicting_bacdive_reference_not_used	bacdive:15497; deposit matches kgmicrobe.strain:bacdive_15495
straininfo.strain:36395	straininfo.deposit:537907		conflicting_bacdive_reference_not_used	bacdive:135618; deposit matches kgmicrobe.strain:bacdive_162902
straininfo.strain:36395	straininfo.deposit:803291		conflicting_bacdive_reference_not_used	bacdive:135618; deposit matches kgmicrobe.strain:bacdive_162902
straininfo.strain:36395	straininfo.deposit:98451		conflicting_bacdive_reference_not_used	bacdive:135618; deposit matches kgmicrobe.strain:bacdive_162902
straininfo.strain:36401	straininfo.deposit:802463		conflicting_bacdive_reference_not_used	bacdive:161159; deposit matches kgmicrobe.strain:bacdive_162860
straininfo.strain:364811	straininfo.deposit:845993		conflicting_bacdive_reference_not_used	bacdive:77; deposit matches kgmicrobe.strain:bacdive_78
straininfo.strain:364811	straininfo.deposit:857677		conflicting_bacdive_reference_not_used	bacdive:77; deposit matches kgmicrobe.strain:bacdive_78
straininfo.strain:364811	straininfo.deposit:913352		conflicting_bacdive_reference_not_used	bacdive:77; deposit matches kgmicrobe.strain:bacdive_78
straininfo.strain:365	straininfo.deposit:1828		conflicting_bacdive_reference_not_used	bacdive:253; deposit matches kgmicrobe.strain:bacdive_139681
straininfo.strain:36766	straininfo.deposit:156977		conflicting_bacdive_reference_not_used	bacdive:10870; deposit matches kgmicrobe.strain:bacdive_10854
straininfo.strain:36766	straininfo.deposit:156978		conflicting_bacdive_reference_not_used	bacdive:10870; deposit matches kgmicrobe.strain:bacdive_10854
straininfo.strain:368608	straininfo.deposit:53146		conflicting_bacdive_reference_not_used	bacdive:24505; deposit matches kgmicrobe.strain:bacdive_130627
straininfo.strain:368608	straininfo.deposit:53146		conflicting_bacdive_reference_not_used	bacdive:24505; deposit matches kgmicrobe.strain:bacdive_132916
straininfo.strain:368608	straininfo.deposit:54852		conflicting_bacdive_reference_not_used	bacdive:24505; deposit matches kgmicrobe.strain:bacdive_130627
straininfo.strain:368608	straininfo.deposit:54852		conflicting_bacdive_reference_not_used	bacdive:24505; deposit matches kgmicrobe.strain:bacdive_132916
straininfo.strain:368608	straininfo.deposit:55134		conflicting_bacdive_reference_not_used	bacdive:24505; deposit matches kgmicrobe.strain:bacdive_130627
straininfo.strain:368608	straininfo.deposit:55134		conflicting_bacdive_reference_not_used	bacdive:24505; deposit matches kgmicrobe.strain:bacdive_132916
straininfo.strain:368608	straininfo.deposit:852715		conflicting_bacdive_reference_not_used	bacdive:24505; deposit matches kgmicrobe.strain:bacdive_130627
straininfo.strain:368608	straininfo.deposit:852715		conflicting_bacdive_reference_not_used	bacdive:24505; deposit matches kgmicrobe.strain:bacdive_132916
straininfo.strain:368608	straininfo.deposit:886550		conflicting_bacdive_reference_not_used	bacdive:24505; deposit matches kgmicrobe.strain:bacdive_130627
straininfo.strain:368608	straininfo.deposit:886550		conflicting_bacdive_reference_not_used	bacdive:24505; deposit matches kgmicrobe.strain:bacdive_132916
straininfo.strain:368608	straininfo.deposit:886551		conflicting_bacdive_reference_not_used	bacdive:24505; deposit matches kgmicrobe.strain:bacdive_130627
straininfo.strain:368608	straininfo.deposit:886551		conflicting_bacdive_reference_not_used	bacdive:24505; deposit matches kgmicrobe.strain:bacdive_132916
straininfo.strain:36959	straininfo.deposit:53654		conflicting_bacdive_reference_not_used	bacdive:10866; deposit matches kgmicrobe.strain:bacdive_10853
straininfo.strain:36959	straininfo.deposit:53658		conflicting_bacdive_reference_not_used	bacdive:10866; deposit matches kgmicrobe.strain:bacdive_10853
straininfo.strain:36959	straininfo.deposit:53661		conflicting_bacdive_reference_not_used	bacdive:10866; deposit matches kgmicrobe.strain:bacdive_10853
straininfo.strain:36959	straininfo.deposit:53667		conflicting_bacdive_reference_not_used	bacdive:10866; deposit matches kgmicrobe.strain:bacdive_10865
straininfo.strain:36959	straininfo.deposit:53672		conflicting_bacdive_reference_not_used	bacdive:10866; deposit matches kgmicrobe.strain:bacdive_10853
straininfo.strain:36960	straininfo.deposit:692074		conflicting_bacdive_reference_not_used	bacdive:131828; deposit matches kgmicrobe.strain:bacdive_10872
straininfo.strain:36984	straininfo.deposit:217200		conflicting_bacdive_reference_not_used	bacdive:16933; deposit matches kgmicrobe.strain:bacdive_165590
straininfo.strain:37030	straininfo.deposit:100247		conflicting_bacdive_reference_not_used	bacdive:15193; deposit matches kgmicrobe.strain:bacdive_15203
straininfo.strain:37030	straininfo.deposit:100249		conflicting_bacdive_reference_not_used	bacdive:15193; deposit matches kgmicrobe.strain:bacdive_15203
straininfo.strain:37030	straininfo.deposit:167473		conflicting_bacdive_reference_not_used	bacdive:15193; deposit matches kgmicrobe.strain:bacdive_15203
straininfo.strain:37061	straininfo.deposit:691622		conflicting_bacdive_reference_not_used	bacdive:15545; deposit matches kgmicrobe.strain:bacdive_15856
straininfo.strain:370651	straininfo.deposit:856137		conflicting_bacdive_reference_not_used	bacdive:5741; deposit matches kgmicrobe.strain:bacdive_5742
straininfo.strain:370651	straininfo.deposit:906547		conflicting_bacdive_reference_not_used	bacdive:5741; deposit matches kgmicrobe.strain:bacdive_5742
straininfo.strain:371054	straininfo.deposit:866434		conflicting_bacdive_reference_not_used	bacdive:161961; deposit matches kgmicrobe.strain:bacdive_161979
straininfo.strain:37107	straininfo.deposit:119357		conflicting_bacdive_reference_not_used	bacdive:15234; deposit matches kgmicrobe.strain:bacdive_15010
straininfo.strain:37107	straininfo.deposit:166248		conflicting_bacdive_reference_not_used	bacdive:15234; deposit matches kgmicrobe.strain:bacdive_15010
straininfo.strain:37107	straininfo.deposit:166249		conflicting_bacdive_reference_not_used	bacdive:15234; deposit matches kgmicrobe.strain:bacdive_15010
straininfo.strain:371184	straininfo.deposit:890950		conflicting_bacdive_reference_not_used	bacdive:5977; deposit matches kgmicrobe.strain:bacdive_24088
straininfo.strain:371184	straininfo.deposit:890951		conflicting_bacdive_reference_not_used	bacdive:5977; deposit matches kgmicrobe.strain:bacdive_24088
straininfo.strain:371184	straininfo.deposit:914202		conflicting_bacdive_reference_not_used	bacdive:5977; deposit matches kgmicrobe.strain:bacdive_24088
straininfo.strain:37131	straininfo.deposit:178754		conflicting_bacdive_reference_not_used	bacdive:15679; deposit matches kgmicrobe.strain:bacdive_164961
straininfo.strain:37131	straininfo.deposit:178755		conflicting_bacdive_reference_not_used	bacdive:15679; deposit matches kgmicrobe.strain:bacdive_164961
straininfo.strain:37279	straininfo.deposit:101048		conflicting_bacdive_reference_not_used	bacdive:15181; deposit matches kgmicrobe.strain:bacdive_15194
straininfo.strain:37279	straininfo.deposit:101050		conflicting_bacdive_reference_not_used	bacdive:15181; deposit matches kgmicrobe.strain:bacdive_15194
straininfo.strain:37279	straininfo.deposit:691476		conflicting_bacdive_reference_not_used	bacdive:15181; deposit matches kgmicrobe.strain:bacdive_15194
straininfo.strain:376990	straininfo.deposit:16496		conflicting_bacdive_reference_not_used	bacdive:134453; deposit matches kgmicrobe.strain:bacdive_12759
straininfo.strain:37733	straininfo.deposit:170092		conflicting_bacdive_reference_not_used	bacdive:16519; deposit matches kgmicrobe.strain:bacdive_16520
straininfo.strain:37745	straininfo.deposit:101997		conflicting_bacdive_reference_not_used	bacdive:7995; deposit matches kgmicrobe.strain:bacdive_7978
straininfo.strain:37745	straininfo.deposit:169028		conflicting_bacdive_reference_not_used	bacdive:7995; deposit matches kgmicrobe.strain:bacdive_7978
straininfo.strain:37745	straininfo.deposit:169029		conflicting_bacdive_reference_not_used	bacdive:7995; deposit matches kgmicrobe.strain:bacdive_7978
straininfo.strain:37745	straininfo.deposit:169031		conflicting_bacdive_reference_not_used	bacdive:7995; deposit matches kgmicrobe.strain:bacdive_7978
straininfo.strain:37745	straininfo.deposit:319477		conflicting_bacdive_reference_not_used	bacdive:7995; deposit matches kgmicrobe.strain:bacdive_7978
straininfo.strain:37745	straininfo.deposit:534330		conflicting_bacdive_reference_not_used	bacdive:7995; deposit matches kgmicrobe.strain:bacdive_7978
straininfo.strain:377524	straininfo.deposit:28819		conflicting_bacdive_reference_not_used	bacdive:13016; deposit matches kgmicrobe.strain:bacdive_24401
straininfo.strain:37781	straininfo.deposit:102090		conflicting_bacdive_reference_not_used	bacdive:15198; deposit matches kgmicrobe.strain:bacdive_15180
straininfo.strain:37781	straininfo.deposit:691712		conflicting_bacdive_reference_not_used	bacdive:15198; deposit matches kgmicrobe.strain:bacdive_15180
straininfo.strain:379501	straininfo.deposit:25868		conflicting_bacdive_reference_not_used	bacdive:24023; deposit matches kgmicrobe.strain:bacdive_22904
straininfo.strain:379501	straininfo.deposit:886281		conflicting_bacdive_reference_not_used	bacdive:24023; deposit matches kgmicrobe.strain:bacdive_22904
straininfo.strain:379616	straininfo.deposit:869826		conflicting_bacdive_reference_not_used	bacdive:23012; deposit matches kgmicrobe.strain:bacdive_133713
straininfo.strain:37988	straininfo.deposit:102575		conflicting_bacdive_reference_not_used	bacdive:150819; deposit matches kgmicrobe.strain:bacdive_8443
straininfo.strain:37988	straininfo.deposit:102576		conflicting_bacdive_reference_not_used	bacdive:150819; deposit matches kgmicrobe.strain:bacdive_8443
straininfo.strain:380837	straininfo.deposit:58505		conflicting_bacdive_reference_not_used	bacdive:131740; deposit matches kgmicrobe.strain:bacdive_6874
straininfo.strain:380837	straininfo.deposit:58506		conflicting_bacdive_reference_not_used	bacdive:131740; deposit matches kgmicrobe.strain:bacdive_6874
straininfo.strain:38085	straininfo.deposit:167659		conflicting_bacdive_reference_not_used	bacdive:6242; deposit matches kgmicrobe.strain:bacdive_6244
straininfo.strain:38085	straininfo.deposit:52769		conflicting_bacdive_reference_not_used	bacdive:6242; deposit matches kgmicrobe.strain:bacdive_6244
straininfo.strain:38138	straininfo.deposit:839886		conflicting_bacdive_reference_not_used	bacdive:139829; deposit matches kgmicrobe.strain:bacdive_131048
straininfo.strain:38138	straininfo.deposit:909376		conflicting_bacdive_reference_not_used	bacdive:139829; deposit matches kgmicrobe.strain:bacdive_131048
straininfo.strain:38139	straininfo.deposit:102984		conflicting_bacdive_reference_not_used	bacdive:130809; deposit matches kgmicrobe.strain:bacdive_131047
straininfo.strain:38139	straininfo.deposit:911722		conflicting_bacdive_reference_not_used	bacdive:130809; deposit matches kgmicrobe.strain:bacdive_131047
straininfo.strain:38284	straininfo.deposit:103392		conflicting_bacdive_reference_not_used	bacdive:16137; deposit matches kgmicrobe.strain:bacdive_127801
straininfo.strain:38345	straininfo.deposit:108836		conflicting_bacdive_reference_not_used	bacdive:14320; deposit matches kgmicrobe.strain:bacdive_14342
straininfo.strain:38345	straininfo.deposit:158016		conflicting_bacdive_reference_not_used	bacdive:14320; deposit matches kgmicrobe.strain:bacdive_14342
straininfo.strain:3839	straininfo.deposit:16283		conflicting_bacdive_reference_not_used	bacdive:11874; deposit matches kgmicrobe.strain:bacdive_163014
straininfo.strain:3839	straininfo.deposit:540689		conflicting_bacdive_reference_not_used	bacdive:11874; deposit matches kgmicrobe.strain:bacdive_163014
straininfo.strain:3839	straininfo.deposit:802878		conflicting_bacdive_reference_not_used	bacdive:11874; deposit matches kgmicrobe.strain:bacdive_163014
straininfo.strain:38561	straininfo.deposit:691775		conflicting_bacdive_reference_not_used	bacdive:15658; deposit matches kgmicrobe.strain:bacdive_15818
straininfo.strain:38612	straininfo.deposit:214643		conflicting_bacdive_reference_not_used	bacdive:15722; deposit matches kgmicrobe.strain:bacdive_157527
straininfo.strain:38645	straininfo.deposit:169922		conflicting_bacdive_reference_not_used	bacdive:10845; deposit matches kgmicrobe.strain:bacdive_10847
straininfo.strain:386960	straininfo.deposit:888824		conflicting_bacdive_reference_not_used	bacdive:16512; deposit matches kgmicrobe.strain:bacdive_100155
straininfo.strain:38791	straininfo.deposit:661963		conflicting_bacdive_reference_not_used	bacdive:173546; deposit matches kgmicrobe.strain:bacdive_11675
straininfo.strain:388332	straininfo.deposit:898843		conflicting_bacdive_reference_not_used	bacdive:24537; deposit matches kgmicrobe.strain:bacdive_45
straininfo.strain:389259	straininfo.deposit:215023		conflicting_bacdive_reference_not_used	bacdive:1006; deposit matches kgmicrobe.strain:bacdive_157308
straininfo.strain:389274	straininfo.deposit:178782		conflicting_bacdive_reference_not_used	bacdive:16131; deposit matches kgmicrobe.strain:bacdive_164967
straininfo.strain:389274	straininfo.deposit:506351		conflicting_bacdive_reference_not_used	bacdive:16131; deposit matches kgmicrobe.strain:bacdive_164967
straininfo.strain:3893	straininfo.deposit:214654		conflicting_bacdive_reference_not_used	bacdive:12760; deposit matches kgmicrobe.strain:bacdive_157417
straininfo.strain:389311	straininfo.deposit:166227		conflicting_bacdive_reference_not_used	bacdive:15463; deposit matches kgmicrobe.strain:bacdive_15465
straininfo.strain:389311	straininfo.deposit:166228		conflicting_bacdive_reference_not_used	bacdive:15463; deposit matches kgmicrobe.strain:bacdive_15465
straininfo.strain:389381	straininfo.deposit:170048		conflicting_bacdive_reference_not_used	bacdive:7839; deposit matches kgmicrobe.strain:bacdive_7824
straininfo.strain:389381	straininfo.deposit:170049		conflicting_bacdive_reference_not_used	bacdive:7839; deposit matches kgmicrobe.strain:bacdive_7824
straininfo.strain:389395	straininfo.deposit:147342		conflicting_bacdive_reference_not_used	bacdive:17321; deposit matches kgmicrobe.strain:bacdive_142843
straininfo.strain:389401	straininfo.deposit:183597		conflicting_bacdive_reference_not_used	bacdive:17996; deposit matches kgmicrobe.strain:bacdive_165747
straininfo.strain:389401	straininfo.deposit:335496		conflicting_bacdive_reference_not_used	bacdive:17996; deposit matches kgmicrobe.strain:bacdive_165747
straininfo.strain:389403	straininfo.deposit:158888		conflicting_bacdive_reference_not_used	bacdive:318; deposit matches kgmicrobe.strain:bacdive_316
straininfo.strain:389403	straininfo.deposit:3327		conflicting_bacdive_reference_not_used	bacdive:318; deposit matches kgmicrobe.strain:bacdive_316
straininfo.strain:3895	straininfo.deposit:214650		conflicting_bacdive_reference_not_used	bacdive:136459; deposit matches kgmicrobe.strain:bacdive_157415
straininfo.strain:3895	straininfo.deposit:214652		conflicting_bacdive_reference_not_used	bacdive:136459; deposit matches kgmicrobe.strain:bacdive_157416
straininfo.strain:38976	straininfo.deposit:105291		conflicting_bacdive_reference_not_used	bacdive:13224; deposit matches kgmicrobe.strain:bacdive_13225
straininfo.strain:38976	straininfo.deposit:180705		conflicting_bacdive_reference_not_used	bacdive:13224; deposit matches kgmicrobe.strain:bacdive_13225
straininfo.strain:39035	straininfo.deposit:157429		conflicting_bacdive_reference_not_used	bacdive:168690; deposit matches kgmicrobe.strain:bacdive_6182
straininfo.strain:390410	straininfo.deposit:227316		conflicting_bacdive_reference_not_used	bacdive:163427; deposit matches kgmicrobe.strain:bacdive_7168
straininfo.strain:390411	straininfo.deposit:166947		conflicting_bacdive_reference_not_used	bacdive:16091; deposit matches kgmicrobe.strain:bacdive_16097
straininfo.strain:39198	straininfo.deposit:106027		conflicting_bacdive_reference_not_used	bacdive:139827; deposit matches kgmicrobe.strain:bacdive_131046
straininfo.strain:39198	straininfo.deposit:909443		conflicting_bacdive_reference_not_used	bacdive:139827; deposit matches kgmicrobe.strain:bacdive_131046
straininfo.strain:39207	straininfo.deposit:106036		conflicting_bacdive_reference_not_used	bacdive:130353; deposit matches kgmicrobe.strain:bacdive_131045
straininfo.strain:39207	straininfo.deposit:906621		conflicting_bacdive_reference_not_used	bacdive:130353; deposit matches kgmicrobe.strain:bacdive_131045
straininfo.strain:3933	straininfo.deposit:142391		conflicting_bacdive_reference_not_used	bacdive:12809; deposit matches kgmicrobe.strain:bacdive_147064
straininfo.strain:3933	straininfo.deposit:16700		conflicting_bacdive_reference_not_used	bacdive:12809; deposit matches kgmicrobe.strain:bacdive_147064
straininfo.strain:39345	straininfo.deposit:106377		conflicting_bacdive_reference_not_used	bacdive:7779; deposit matches kgmicrobe.strain:bacdive_14561
straininfo.strain:39345	straininfo.deposit:144572		conflicting_bacdive_reference_not_used	bacdive:7779; deposit matches kgmicrobe.strain:bacdive_14561
straininfo.strain:39345	straininfo.deposit:155386		conflicting_bacdive_reference_not_used	bacdive:7779; deposit matches kgmicrobe.strain:bacdive_14561
straininfo.strain:39345	straininfo.deposit:155387		conflicting_bacdive_reference_not_used	bacdive:7779; deposit matches kgmicrobe.strain:bacdive_14561
straininfo.strain:39345	straininfo.deposit:155388		conflicting_bacdive_reference_not_used	bacdive:7779; deposit matches kgmicrobe.strain:bacdive_14561
straininfo.strain:39345	straininfo.deposit:507256		conflicting_bacdive_reference_not_used	bacdive:7779; deposit matches kgmicrobe.strain:bacdive_14561
straininfo.strain:39345	straininfo.deposit:621744		conflicting_bacdive_reference_not_used	bacdive:7779; deposit matches kgmicrobe.strain:bacdive_14561
straininfo.strain:39345	straininfo.deposit:900982		conflicting_bacdive_reference_not_used	bacdive:7779; deposit matches kgmicrobe.strain:bacdive_14561
straininfo.strain:394347	straininfo.deposit:900170		conflicting_bacdive_reference_not_used	bacdive:130149; deposit matches kgmicrobe.strain:bacdive_130276
straininfo.strain:395465	straininfo.deposit:900507		conflicting_bacdive_reference_not_used	bacdive:138948; deposit matches kgmicrobe.strain:bacdive_6015
straininfo.strain:39625	straininfo.deposit:182660		conflicting_bacdive_reference_not_used	bacdive:148408; deposit matches kgmicrobe.strain:bacdive_165441
straininfo.strain:39625	straininfo.deposit:182661		conflicting_bacdive_reference_not_used	bacdive:148408; deposit matches kgmicrobe.strain:bacdive_165441
straininfo.strain:39625	straininfo.deposit:335264		conflicting_bacdive_reference_not_used	bacdive:148408; deposit matches kgmicrobe.strain:bacdive_165441
straininfo.strain:396468	straininfo.deposit:902294		conflicting_bacdive_reference_not_used	bacdive:132435; deposit matches kgmicrobe.strain:bacdive_131309
straininfo.strain:396474	straininfo.deposit:902329		conflicting_bacdive_reference_not_used	bacdive:132437; deposit matches kgmicrobe.strain:bacdive_132402
straininfo.strain:39733	straininfo.deposit:753653		conflicting_bacdive_reference_not_used	bacdive:16321; deposit matches kgmicrobe.strain:bacdive_15246
straininfo.strain:397595	straininfo.deposit:23813		conflicting_bacdive_reference_not_used	bacdive:130376; deposit matches kgmicrobe.strain:bacdive_170719
straininfo.strain:398520	straininfo.deposit:912390		conflicting_bacdive_reference_not_used	bacdive:13278; deposit matches kgmicrobe.strain:bacdive_13277
straininfo.strain:39906	straininfo.deposit:107768		conflicting_bacdive_reference_not_used	bacdive:7803; deposit matches kgmicrobe.strain:bacdive_7820
straininfo.strain:39906	straininfo.deposit:168920		conflicting_bacdive_reference_not_used	bacdive:7803; deposit matches kgmicrobe.strain:bacdive_7820
straininfo.strain:39906	straininfo.deposit:168921		conflicting_bacdive_reference_not_used	bacdive:7803; deposit matches kgmicrobe.strain:bacdive_7820
straininfo.strain:39906	straininfo.deposit:168922		conflicting_bacdive_reference_not_used	bacdive:7803; deposit matches kgmicrobe.strain:bacdive_7820
straininfo.strain:39906	straininfo.deposit:176475		conflicting_bacdive_reference_not_used	bacdive:7803; deposit matches kgmicrobe.strain:bacdive_7820
straininfo.strain:39906	straininfo.deposit:221634		conflicting_bacdive_reference_not_used	bacdive:7803; deposit matches kgmicrobe.strain:bacdive_7820
straininfo.strain:39906	straininfo.deposit:333656		conflicting_bacdive_reference_not_used	bacdive:7803; deposit matches kgmicrobe.strain:bacdive_7820
straininfo.strain:39928	straininfo.deposit:107827		conflicting_bacdive_reference_not_used	bacdive:16010; deposit matches kgmicrobe.strain:bacdive_15937
straininfo.strain:39928	straininfo.deposit:691372		conflicting_bacdive_reference_not_used	bacdive:16010; deposit matches kgmicrobe.strain:bacdive_15937
straininfo.strain:399665	straininfo.deposit:923828		conflicting_bacdive_reference_not_used	bacdive:160803; deposit matches kgmicrobe.strain:bacdive_160804
straininfo.strain:400046	straininfo.deposit:909366		conflicting_bacdive_reference_not_used	bacdive:131129; deposit matches kgmicrobe.strain:bacdive_14102
straininfo.strain:400320	straininfo.deposit:907179		conflicting_bacdive_reference_not_used	bacdive:166825; deposit matches kgmicrobe.strain:bacdive_169772
straininfo.strain:402299	straininfo.deposit:909297		conflicting_bacdive_reference_not_used	bacdive:158145; deposit matches kgmicrobe.strain:bacdive_134300
straininfo.strain:40240	straininfo.deposit:108609		conflicting_bacdive_reference_not_used	bacdive:5102; deposit matches kgmicrobe.strain:bacdive_136222
straininfo.strain:40240	straininfo.deposit:108611		conflicting_bacdive_reference_not_used	bacdive:5102; deposit matches kgmicrobe.strain:bacdive_136222
straininfo.strain:402665	straininfo.deposit:909685		conflicting_bacdive_reference_not_used	bacdive:167024; deposit matches kgmicrobe.strain:bacdive_160723
straininfo.strain:4029	straininfo.deposit:233600		conflicting_bacdive_reference_not_used	bacdive:133564; deposit matches kgmicrobe.strain:bacdive_135770
straininfo.strain:40356	straininfo.deposit:147551		conflicting_bacdive_reference_not_used	bacdive:136180; deposit matches kgmicrobe.strain:bacdive_149798
straininfo.strain:40356	straininfo.deposit:147552		conflicting_bacdive_reference_not_used	bacdive:136180; deposit matches kgmicrobe.strain:bacdive_149798
straininfo.strain:40390	straininfo.deposit:109015		conflicting_bacdive_reference_not_used	bacdive:16536; deposit matches kgmicrobe.strain:bacdive_16777
straininfo.strain:40390	straininfo.deposit:109017		conflicting_bacdive_reference_not_used	bacdive:16536; deposit matches kgmicrobe.strain:bacdive_16777
straininfo.strain:40390	straininfo.deposit:168853		conflicting_bacdive_reference_not_used	bacdive:16536; deposit matches kgmicrobe.strain:bacdive_16777
straininfo.strain:40390	straininfo.deposit:168854		conflicting_bacdive_reference_not_used	bacdive:16536; deposit matches kgmicrobe.strain:bacdive_16777
straininfo.strain:40390	straininfo.deposit:168855		conflicting_bacdive_reference_not_used	bacdive:16536; deposit matches kgmicrobe.strain:bacdive_16777
straininfo.strain:40390	straininfo.deposit:176591		conflicting_bacdive_reference_not_used	bacdive:16536; deposit matches kgmicrobe.strain:bacdive_16777
straininfo.strain:40390	straininfo.deposit:176593		conflicting_bacdive_reference_not_used	bacdive:16536; deposit matches kgmicrobe.strain:bacdive_16777
straininfo.strain:40390	straininfo.deposit:223556		conflicting_bacdive_reference_not_used	bacdive:16536; deposit matches kgmicrobe.strain:bacdive_16777
straininfo.strain:40390	straininfo.deposit:333719		conflicting_bacdive_reference_not_used	bacdive:16536; deposit matches kgmicrobe.strain:bacdive_16777
straininfo.strain:40435	straininfo.deposit:53765		conflicting_bacdive_reference_not_used	bacdive:14120; deposit matches kgmicrobe.strain:bacdive_14121
straininfo.strain:404879	straininfo.deposit:912056		conflicting_bacdive_reference_not_used	bacdive:158144; deposit matches kgmicrobe.strain:bacdive_134301
straininfo.strain:40509	straininfo.deposit:152354		conflicting_bacdive_reference_not_used	bacdive:6729; deposit matches kgmicrobe.strain:bacdive_142617
straininfo.strain:4055	straininfo.deposit:215015		conflicting_bacdive_reference_not_used	bacdive:12851; deposit matches kgmicrobe.strain:bacdive_157428
straininfo.strain:40609	straininfo.deposit:142663		conflicting_bacdive_reference_not_used	bacdive:11314; deposit matches kgmicrobe.strain:bacdive_141521
straininfo.strain:40609	straininfo.deposit:142664		conflicting_bacdive_reference_not_used	bacdive:11314; deposit matches kgmicrobe.strain:bacdive_141521
straininfo.strain:406594	straininfo.deposit:915304		conflicting_bacdive_reference_not_used	bacdive:24501; deposit matches kgmicrobe.strain:bacdive_130626
straininfo.strain:406732	straininfo.deposit:914054		conflicting_bacdive_reference_not_used	bacdive:167931; deposit matches kgmicrobe.strain:bacdive_169301
straininfo.strain:407612	straininfo.deposit:915002		conflicting_bacdive_reference_not_used	bacdive:167092; deposit matches kgmicrobe.strain:bacdive_169300
straininfo.strain:407853	straininfo.deposit:916964		conflicting_bacdive_reference_not_used	bacdive:169374; deposit matches kgmicrobe.strain:bacdive_156855
straininfo.strain:4084	straininfo.deposit:214971		conflicting_bacdive_reference_not_used	bacdive:17532; deposit matches kgmicrobe.strain:bacdive_157519
straininfo.strain:40897	straininfo.deposit:110275		conflicting_bacdive_reference_not_used	bacdive:13257; deposit matches kgmicrobe.strain:bacdive_13218
straininfo.strain:40897	straininfo.deposit:169947		conflicting_bacdive_reference_not_used	bacdive:13257; deposit matches kgmicrobe.strain:bacdive_13218
straininfo.strain:40897	straininfo.deposit:169948		conflicting_bacdive_reference_not_used	bacdive:13257; deposit matches kgmicrobe.strain:bacdive_13218
straininfo.strain:4102	straininfo.deposit:398477		conflicting_bacdive_reference_not_used	bacdive:1911; deposit matches kgmicrobe.strain:bacdive_1913
straininfo.strain:41060	straininfo.deposit:115678		conflicting_bacdive_reference_not_used	bacdive:14344; deposit matches kgmicrobe.strain:bacdive_14324
straininfo.strain:41060	straininfo.deposit:115680		conflicting_bacdive_reference_not_used	bacdive:14344; deposit matches kgmicrobe.strain:bacdive_14324
straininfo.strain:41102	straininfo.deposit:134753		conflicting_bacdive_reference_not_used	bacdive:165317; deposit matches kgmicrobe.strain:bacdive_143726
straininfo.strain:41104	straininfo.deposit:134748		conflicting_bacdive_reference_not_used	bacdive:165318; deposit matches kgmicrobe.strain:bacdive_143724
straininfo.strain:41191	straininfo.deposit:110970		conflicting_bacdive_reference_not_used	bacdive:16811; deposit matches kgmicrobe.strain:bacdive_16812
straininfo.strain:41191	straininfo.deposit:158241		conflicting_bacdive_reference_not_used	bacdive:16811; deposit matches kgmicrobe.strain:bacdive_16812
straininfo.strain:412343	straininfo.deposit:920512		conflicting_bacdive_reference_not_used	bacdive:16012; deposit matches kgmicrobe.strain:bacdive_132886
straininfo.strain:413326	straininfo.deposit:921651		conflicting_bacdive_reference_not_used	bacdive:172757; deposit matches kgmicrobe.strain:bacdive_135567
straininfo.strain:4140	straininfo.deposit:214969		conflicting_bacdive_reference_not_used	bacdive:12863; deposit matches kgmicrobe.strain:bacdive_157435
straininfo.strain:41713	straininfo.deposit:112312		conflicting_bacdive_reference_not_used	bacdive:5889; deposit matches kgmicrobe.strain:bacdive_5910
straininfo.strain:41713	straininfo.deposit:153159		conflicting_bacdive_reference_not_used	bacdive:5889; deposit matches kgmicrobe.strain:bacdive_5890
straininfo.strain:41713	straininfo.deposit:153162		conflicting_bacdive_reference_not_used	bacdive:5889; deposit matches kgmicrobe.strain:bacdive_5890
straininfo.strain:41713	straininfo.deposit:153163		conflicting_bacdive_reference_not_used	bacdive:5889; deposit matches kgmicrobe.strain:bacdive_5890
straininfo.strain:41713	straininfo.deposit:156908		conflicting_bacdive_reference_not_used	bacdive:5889; deposit matches kgmicrobe.strain:bacdive_5910
straininfo.strain:41713	straininfo.deposit:802730		conflicting_bacdive_reference_not_used	bacdive:5889; deposit matches kgmicrobe.strain:bacdive_5910
straininfo.strain:41713	straininfo.deposit:903483		conflicting_bacdive_reference_not_used	bacdive:5889; deposit matches kgmicrobe.strain:bacdive_5890
straininfo.strain:419	straininfo.deposit:215119		conflicting_bacdive_reference_not_used	bacdive:13584; deposit matches kgmicrobe.strain:bacdive_157291
straininfo.strain:41963	straininfo.deposit:210355		conflicting_bacdive_reference_not_used	bacdive:11949; deposit matches kgmicrobe.strain:bacdive_131072
straininfo.strain:41963	straininfo.deposit:692142		conflicting_bacdive_reference_not_used	bacdive:11949; deposit matches kgmicrobe.strain:bacdive_131072
straininfo.strain:41965	straininfo.deposit:112936		conflicting_bacdive_reference_not_used	bacdive:16755; deposit matches kgmicrobe.strain:bacdive_151106
straininfo.strain:41965	straininfo.deposit:328438		conflicting_bacdive_reference_not_used	bacdive:16755; deposit matches kgmicrobe.strain:bacdive_151106
straininfo.strain:41988	straininfo.deposit:122967		conflicting_bacdive_reference_not_used	bacdive:15423; deposit matches kgmicrobe.strain:bacdive_15424
straininfo.strain:41988	straininfo.deposit:122970		conflicting_bacdive_reference_not_used	bacdive:15423; deposit matches kgmicrobe.strain:bacdive_15424
straininfo.strain:41988	straininfo.deposit:167677		conflicting_bacdive_reference_not_used	bacdive:15423; deposit matches kgmicrobe.strain:bacdive_15424
straininfo.strain:41988	straininfo.deposit:167678		conflicting_bacdive_reference_not_used	bacdive:15423; deposit matches kgmicrobe.strain:bacdive_15424
straininfo.strain:41988	straininfo.deposit:176129		conflicting_bacdive_reference_not_used	bacdive:15423; deposit matches kgmicrobe.strain:bacdive_15424
straininfo.strain:41988	straininfo.deposit:176130		conflicting_bacdive_reference_not_used	bacdive:15423; deposit matches kgmicrobe.strain:bacdive_15424
straininfo.strain:41988	straininfo.deposit:176132		conflicting_bacdive_reference_not_used	bacdive:15423; deposit matches kgmicrobe.strain:bacdive_15424
straininfo.strain:41988	straininfo.deposit:230115		conflicting_bacdive_reference_not_used	bacdive:15423; deposit matches kgmicrobe.strain:bacdive_15424
straininfo.strain:41988	straininfo.deposit:231093		conflicting_bacdive_reference_not_used	bacdive:15423; deposit matches kgmicrobe.strain:bacdive_15424
straininfo.strain:41988	straininfo.deposit:333489		conflicting_bacdive_reference_not_used	bacdive:15423; deposit matches kgmicrobe.strain:bacdive_15424
straininfo.strain:41988	straininfo.deposit:333490		conflicting_bacdive_reference_not_used	bacdive:15423; deposit matches kgmicrobe.strain:bacdive_15424
straininfo.strain:41988	straininfo.deposit:99384		conflicting_bacdive_reference_not_used	bacdive:15423; deposit matches kgmicrobe.strain:bacdive_15424
straininfo.strain:4204	straininfo.deposit:160559		conflicting_bacdive_reference_not_used	bacdive:147038; deposit matches kgmicrobe.strain:bacdive_1916
straininfo.strain:4204	straininfo.deposit:18010		conflicting_bacdive_reference_not_used	bacdive:147038; deposit matches kgmicrobe.strain:bacdive_1916
straininfo.strain:42119	straininfo.deposit:113310		conflicting_bacdive_reference_not_used	bacdive:8402; deposit matches kgmicrobe.strain:bacdive_8500
straininfo.strain:42119	straininfo.deposit:113311		conflicting_bacdive_reference_not_used	bacdive:8402; deposit matches kgmicrobe.strain:bacdive_8500
straininfo.strain:42119	straininfo.deposit:139339		conflicting_bacdive_reference_not_used	bacdive:8402; deposit matches kgmicrobe.strain:bacdive_149400
straininfo.strain:42119	straininfo.deposit:153008		conflicting_bacdive_reference_not_used	bacdive:8402; deposit matches kgmicrobe.strain:bacdive_136782
straininfo.strain:42119	straininfo.deposit:169749		conflicting_bacdive_reference_not_used	bacdive:8402; deposit matches kgmicrobe.strain:bacdive_8500
straininfo.strain:4217	straininfo.deposit:538031		conflicting_bacdive_reference_not_used	bacdive:12871; deposit matches kgmicrobe.strain:bacdive_162768
straininfo.strain:4217	straininfo.deposit:745851		conflicting_bacdive_reference_not_used	bacdive:12871; deposit matches kgmicrobe.strain:bacdive_162768
straininfo.strain:42222	straininfo.deposit:118702		conflicting_bacdive_reference_not_used	bacdive:155687; deposit matches kgmicrobe.strain:bacdive_4902
straininfo.strain:42231	straininfo.deposit:113579		conflicting_bacdive_reference_not_used	bacdive:172444; deposit matches kgmicrobe.strain:bacdive_172567
straininfo.strain:4234	straininfo.deposit:161426		conflicting_bacdive_reference_not_used	bacdive:11356; deposit matches kgmicrobe.strain:bacdive_11357
straininfo.strain:4234	straininfo.deposit:18167		conflicting_bacdive_reference_not_used	bacdive:11356; deposit matches kgmicrobe.strain:bacdive_11357
straininfo.strain:4234	straininfo.deposit:18169		conflicting_bacdive_reference_not_used	bacdive:11356; deposit matches kgmicrobe.strain:bacdive_11357
straininfo.strain:4234	straininfo.deposit:18170		conflicting_bacdive_reference_not_used	bacdive:11356; deposit matches kgmicrobe.strain:bacdive_11357
straininfo.strain:4234	straininfo.deposit:99970		conflicting_bacdive_reference_not_used	bacdive:11356; deposit matches kgmicrobe.strain:bacdive_11357
straininfo.strain:42352	straininfo.deposit:105987		conflicting_bacdive_reference_not_used	bacdive:3051; deposit matches kgmicrobe.strain:bacdive_5423
straininfo.strain:42352	straininfo.deposit:158608		conflicting_bacdive_reference_not_used	bacdive:3051; deposit matches kgmicrobe.strain:bacdive_5423
straininfo.strain:42352	straininfo.deposit:158609		conflicting_bacdive_reference_not_used	bacdive:3051; deposit matches kgmicrobe.strain:bacdive_5423
straininfo.strain:42374	straininfo.deposit:159042		conflicting_bacdive_reference_not_used	bacdive:14604; deposit matches kgmicrobe.strain:bacdive_5941
straininfo.strain:42692	straininfo.deposit:114849		conflicting_bacdive_reference_not_used	bacdive:7834; deposit matches kgmicrobe.strain:bacdive_100174
straininfo.strain:42692	straininfo.deposit:114851		conflicting_bacdive_reference_not_used	bacdive:7834; deposit matches kgmicrobe.strain:bacdive_100174
straininfo.strain:42817	straininfo.deposit:162101		conflicting_bacdive_reference_not_used	bacdive:137169; deposit matches kgmicrobe.strain:bacdive_14618
straininfo.strain:42817	straininfo.deposit:162102		conflicting_bacdive_reference_not_used	bacdive:137169; deposit matches kgmicrobe.strain:bacdive_14618
straininfo.strain:42874	straininfo.deposit:339522		conflicting_bacdive_reference_not_used	bacdive:9805; deposit matches kgmicrobe.strain:bacdive_4535
straininfo.strain:42952	straininfo.deposit:126936		conflicting_bacdive_reference_not_used	bacdive:170; deposit matches kgmicrobe.strain:bacdive_148612
straininfo.strain:43267	straininfo.deposit:692220		conflicting_bacdive_reference_not_used	bacdive:169138; deposit matches kgmicrobe.strain:bacdive_14127
straininfo.strain:43731	straininfo.deposit:138744		conflicting_bacdive_reference_not_used	bacdive:8172; deposit matches kgmicrobe.strain:bacdive_138092
straininfo.strain:43731	straininfo.deposit:152836		conflicting_bacdive_reference_not_used	bacdive:8172; deposit matches kgmicrobe.strain:bacdive_138092
straininfo.strain:43966	straininfo.deposit:303135		conflicting_bacdive_reference_not_used	bacdive:8525; deposit matches kgmicrobe.strain:bacdive_8524
straininfo.strain:43966	straininfo.deposit:331791		conflicting_bacdive_reference_not_used	bacdive:8525; deposit matches kgmicrobe.strain:bacdive_8524
straininfo.strain:43966	straininfo.deposit:900470		conflicting_bacdive_reference_not_used	bacdive:8525; deposit matches kgmicrobe.strain:bacdive_8524
straininfo.strain:44091	straininfo.deposit:118366		conflicting_bacdive_reference_not_used	bacdive:8498; deposit matches kgmicrobe.strain:bacdive_8497
straininfo.strain:44091	straininfo.deposit:169790		conflicting_bacdive_reference_not_used	bacdive:8498; deposit matches kgmicrobe.strain:bacdive_8497
straininfo.strain:44134	straininfo.deposit:303710		conflicting_bacdive_reference_not_used	bacdive:24493; deposit matches kgmicrobe.strain:bacdive_24351
straininfo.strain:44134	straininfo.deposit:690186		conflicting_bacdive_reference_not_used	bacdive:24493; deposit matches kgmicrobe.strain:bacdive_13730
straininfo.strain:44146	straininfo.deposit:332196		conflicting_bacdive_reference_not_used	bacdive:137332; deposit matches kgmicrobe.strain:bacdive_152850
straininfo.strain:44210	straininfo.deposit:55326		conflicting_bacdive_reference_not_used	bacdive:161127; deposit matches kgmicrobe.strain:bacdive_175365
straininfo.strain:44351	straininfo.deposit:119105		conflicting_bacdive_reference_not_used	bacdive:163232; deposit matches kgmicrobe.strain:bacdive_100632
straininfo.strain:44401	straininfo.deposit:144201		conflicting_bacdive_reference_not_used	bacdive:14490; deposit matches kgmicrobe.strain:bacdive_141499
straininfo.strain:44401	straininfo.deposit:144204		conflicting_bacdive_reference_not_used	bacdive:14490; deposit matches kgmicrobe.strain:bacdive_141499
straininfo.strain:44401	straininfo.deposit:144349		conflicting_bacdive_reference_not_used	bacdive:14490; deposit matches kgmicrobe.strain:bacdive_150191
straininfo.strain:44401	straininfo.deposit:231457		conflicting_bacdive_reference_not_used	bacdive:14490; deposit matches kgmicrobe.strain:bacdive_138486
straininfo.strain:44698	straininfo.deposit:691774		conflicting_bacdive_reference_not_used	bacdive:15491; deposit matches kgmicrobe.strain:bacdive_15817
straininfo.strain:45245	straininfo.deposit:121484		conflicting_bacdive_reference_not_used	bacdive:7830; deposit matches kgmicrobe.strain:bacdive_100175
straininfo.strain:45245	straininfo.deposit:121486		conflicting_bacdive_reference_not_used	bacdive:7830; deposit matches kgmicrobe.strain:bacdive_100175
straininfo.strain:45260	straininfo.deposit:138219		conflicting_bacdive_reference_not_used	bacdive:135260; deposit matches kgmicrobe.strain:bacdive_144431
straininfo.strain:4542	straininfo.deposit:214881		conflicting_bacdive_reference_not_used	bacdive:13024; deposit matches kgmicrobe.strain:bacdive_157479
straininfo.strain:4542	straininfo.deposit:53528		conflicting_bacdive_reference_not_used	bacdive:13024; deposit matches kgmicrobe.strain:bacdive_24420
straininfo.strain:45450	straininfo.deposit:122030		conflicting_bacdive_reference_not_used	bacdive:6076; deposit matches kgmicrobe.strain:bacdive_1119
straininfo.strain:45450	straininfo.deposit:122031		conflicting_bacdive_reference_not_used	bacdive:6076; deposit matches kgmicrobe.strain:bacdive_1119
straininfo.strain:45450	straininfo.deposit:691280		conflicting_bacdive_reference_not_used	bacdive:6076; deposit matches kgmicrobe.strain:bacdive_1119
straininfo.strain:45638	straininfo.deposit:178354		conflicting_bacdive_reference_not_used	bacdive:15513; deposit matches kgmicrobe.strain:bacdive_164943
straininfo.strain:45734	straininfo.deposit:691573		conflicting_bacdive_reference_not_used	bacdive:15233; deposit matches kgmicrobe.strain:bacdive_15832
straininfo.strain:45753	straininfo.deposit:55546		conflicting_bacdive_reference_not_used	bacdive:14904; deposit matches kgmicrobe.strain:bacdive_14908
straininfo.strain:45808	straininfo.deposit:228865		conflicting_bacdive_reference_not_used	bacdive:15154; deposit matches kgmicrobe.strain:bacdive_15155
straininfo.strain:45808	straininfo.deposit:50267		conflicting_bacdive_reference_not_used	bacdive:15154; deposit matches kgmicrobe.strain:bacdive_127183
straininfo.strain:45808	straininfo.deposit:50267		conflicting_bacdive_reference_not_used	bacdive:15154; deposit matches kgmicrobe.strain:bacdive_15155
straininfo.strain:45808	straininfo.deposit:50273		conflicting_bacdive_reference_not_used	bacdive:15154; deposit matches kgmicrobe.strain:bacdive_15155
straininfo.strain:45808	straininfo.deposit:50276		conflicting_bacdive_reference_not_used	bacdive:15154; deposit matches kgmicrobe.strain:bacdive_127183
straininfo.strain:45808	straininfo.deposit:847400		conflicting_bacdive_reference_not_used	bacdive:15154; deposit matches kgmicrobe.strain:bacdive_15155
straininfo.strain:45869	straininfo.deposit:182664		conflicting_bacdive_reference_not_used	bacdive:148409; deposit matches kgmicrobe.strain:bacdive_165443
straininfo.strain:45869	straininfo.deposit:182665		conflicting_bacdive_reference_not_used	bacdive:148409; deposit matches kgmicrobe.strain:bacdive_165443
straininfo.strain:45869	straininfo.deposit:335266		conflicting_bacdive_reference_not_used	bacdive:148409; deposit matches kgmicrobe.strain:bacdive_165443
straininfo.strain:45952	straininfo.deposit:156834		conflicting_bacdive_reference_not_used	bacdive:8068; deposit matches kgmicrobe.strain:bacdive_8069
straininfo.strain:46036	straininfo.deposit:124755		conflicting_bacdive_reference_not_used	bacdive:165985; deposit matches kgmicrobe.strain:bacdive_24076
straininfo.strain:46036	straininfo.deposit:151643		conflicting_bacdive_reference_not_used	bacdive:165985; deposit matches kgmicrobe.strain:bacdive_5942
straininfo.strain:46036	straininfo.deposit:151644		conflicting_bacdive_reference_not_used	bacdive:165985; deposit matches kgmicrobe.strain:bacdive_5942
straininfo.strain:46036	straininfo.deposit:184563		conflicting_bacdive_reference_not_used	bacdive:165985; deposit matches kgmicrobe.strain:bacdive_24076
straininfo.strain:46036	straininfo.deposit:184565		conflicting_bacdive_reference_not_used	bacdive:165985; deposit matches kgmicrobe.strain:bacdive_24076
straininfo.strain:46036	straininfo.deposit:211509		conflicting_bacdive_reference_not_used	bacdive:165985; deposit matches kgmicrobe.strain:bacdive_5942
straininfo.strain:46036	straininfo.deposit:540767		conflicting_bacdive_reference_not_used	bacdive:165985; deposit matches kgmicrobe.strain:bacdive_24076
straininfo.strain:46036	straininfo.deposit:692132		conflicting_bacdive_reference_not_used	bacdive:165985; deposit matches kgmicrobe.strain:bacdive_24076
straininfo.strain:46036	straininfo.deposit:893752		conflicting_bacdive_reference_not_used	bacdive:165985; deposit matches kgmicrobe.strain:bacdive_5942
straininfo.strain:46102	straininfo.deposit:124990		conflicting_bacdive_reference_not_used	bacdive:14463; deposit matches kgmicrobe.strain:bacdive_141494
straininfo.strain:46102	straininfo.deposit:144194		conflicting_bacdive_reference_not_used	bacdive:14463; deposit matches kgmicrobe.strain:bacdive_141494
straininfo.strain:46127	straininfo.deposit:221097		conflicting_bacdive_reference_not_used	bacdive:16740; deposit matches kgmicrobe.strain:bacdive_151105
straininfo.strain:46127	straininfo.deposit:328437		conflicting_bacdive_reference_not_used	bacdive:16740; deposit matches kgmicrobe.strain:bacdive_151105
straininfo.strain:46277	straininfo.deposit:125626		conflicting_bacdive_reference_not_used	bacdive:131083; deposit matches kgmicrobe.strain:bacdive_22999
straininfo.strain:46277	straininfo.deposit:125628		conflicting_bacdive_reference_not_used	bacdive:131083; deposit matches kgmicrobe.strain:bacdive_22999
straininfo.strain:46277	straininfo.deposit:125629		conflicting_bacdive_reference_not_used	bacdive:131083; deposit matches kgmicrobe.strain:bacdive_22999
straininfo.strain:46277	straininfo.deposit:533483		conflicting_bacdive_reference_not_used	bacdive:131083; deposit matches kgmicrobe.strain:bacdive_22999
straininfo.strain:46277	straininfo.deposit:910285		conflicting_bacdive_reference_not_used	bacdive:131083; deposit matches kgmicrobe.strain:bacdive_22999
straininfo.strain:46307	straininfo.deposit:136114		conflicting_bacdive_reference_not_used	bacdive:11701; deposit matches kgmicrobe.strain:bacdive_143380
straininfo.strain:46551	straininfo.deposit:156353		conflicting_bacdive_reference_not_used	bacdive:2656; deposit matches kgmicrobe.strain:bacdive_2551
straininfo.strain:46629	straininfo.deposit:331249		conflicting_bacdive_reference_not_used	bacdive:10731; deposit matches kgmicrobe.strain:bacdive_152378
straininfo.strain:46629	straininfo.deposit:331250		conflicting_bacdive_reference_not_used	bacdive:10731; deposit matches kgmicrobe.strain:bacdive_152378
straininfo.strain:46751	straininfo.deposit:100508		conflicting_bacdive_reference_not_used	bacdive:15294; deposit matches kgmicrobe.strain:bacdive_105472
straininfo.strain:46805	straininfo.deposit:144165		conflicting_bacdive_reference_not_used	bacdive:137653; deposit matches kgmicrobe.strain:bacdive_149193
straininfo.strain:46805	straininfo.deposit:144166		conflicting_bacdive_reference_not_used	bacdive:137653; deposit matches kgmicrobe.strain:bacdive_149193
straininfo.strain:46974	straininfo.deposit:118391		conflicting_bacdive_reference_not_used	bacdive:5117; deposit matches kgmicrobe.strain:bacdive_5119
straininfo.strain:46974	straininfo.deposit:52721		conflicting_bacdive_reference_not_used	bacdive:5117; deposit matches kgmicrobe.strain:bacdive_5119
straininfo.strain:47057	straininfo.deposit:156383		conflicting_bacdive_reference_not_used	bacdive:148898; deposit matches kgmicrobe.strain:bacdive_2591
straininfo.strain:47277	straininfo.deposit:157009		conflicting_bacdive_reference_not_used	bacdive:7937; deposit matches kgmicrobe.strain:bacdive_7894
straininfo.strain:47277	straininfo.deposit:157010		conflicting_bacdive_reference_not_used	bacdive:7937; deposit matches kgmicrobe.strain:bacdive_7894
straininfo.strain:47690	straininfo.deposit:288636		conflicting_bacdive_reference_not_used	bacdive:13018; deposit matches kgmicrobe.strain:bacdive_6025
straininfo.strain:4782	straininfo.deposit:20830		conflicting_bacdive_reference_not_used	bacdive:138443; deposit matches kgmicrobe.strain:bacdive_13636
straininfo.strain:4782	straininfo.deposit:489387		conflicting_bacdive_reference_not_used	bacdive:138443; deposit matches kgmicrobe.strain:bacdive_13636
straininfo.strain:4782	straininfo.deposit:745859		conflicting_bacdive_reference_not_used	bacdive:138443; deposit matches kgmicrobe.strain:bacdive_13636
straininfo.strain:4782	straininfo.deposit:847966		conflicting_bacdive_reference_not_used	bacdive:138443; deposit matches kgmicrobe.strain:bacdive_13636
straininfo.strain:4782	straininfo.deposit:95228		conflicting_bacdive_reference_not_used	bacdive:138443; deposit matches kgmicrobe.strain:bacdive_13636
straininfo.strain:4815	straininfo.deposit:223396		conflicting_bacdive_reference_not_used	bacdive:165805; deposit matches kgmicrobe.strain:bacdive_165804
straininfo.strain:48156	straininfo.deposit:159964		conflicting_bacdive_reference_not_used	bacdive:169822; deposit matches kgmicrobe.strain:bacdive_10855
straininfo.strain:4844	straininfo.deposit:143011		conflicting_bacdive_reference_not_used	bacdive:10835; deposit matches kgmicrobe.strain:bacdive_144206
straininfo.strain:4883	straininfo.deposit:21230		conflicting_bacdive_reference_not_used	bacdive:10897; deposit matches kgmicrobe.strain:bacdive_100625
straininfo.strain:4884	straininfo.deposit:21232		conflicting_bacdive_reference_not_used	bacdive:10905; deposit matches kgmicrobe.strain:bacdive_10902
straininfo.strain:4884	straininfo.deposit:21233		conflicting_bacdive_reference_not_used	bacdive:10905; deposit matches kgmicrobe.strain:bacdive_10902
straininfo.strain:49038	straininfo.deposit:162492		conflicting_bacdive_reference_not_used	bacdive:3807; deposit matches kgmicrobe.strain:bacdive_3806
straininfo.strain:49038	straininfo.deposit:900391		conflicting_bacdive_reference_not_used	bacdive:3807; deposit matches kgmicrobe.strain:bacdive_3806
straininfo.strain:49218	straininfo.deposit:684852		conflicting_bacdive_reference_not_used	bacdive:7402; deposit matches kgmicrobe.strain:bacdive_7403
straininfo.strain:49234	straininfo.deposit:319929		conflicting_bacdive_reference_not_used	bacdive:1962; deposit matches kgmicrobe.strain:bacdive_161187
straininfo.strain:49556	straininfo.deposit:163955		conflicting_bacdive_reference_not_used	bacdive:7266; deposit matches kgmicrobe.strain:bacdive_7512
straininfo.strain:49556	straininfo.deposit:869865		conflicting_bacdive_reference_not_used	bacdive:7266; deposit matches kgmicrobe.strain:bacdive_7512
straininfo.strain:49556	straininfo.deposit:904838		conflicting_bacdive_reference_not_used	bacdive:7266; deposit matches kgmicrobe.strain:bacdive_7512
straininfo.strain:49649	straininfo.deposit:164183		conflicting_bacdive_reference_not_used	bacdive:135189; deposit matches kgmicrobe.strain:bacdive_6539
straininfo.strain:49649	straininfo.deposit:164184		conflicting_bacdive_reference_not_used	bacdive:135189; deposit matches kgmicrobe.strain:bacdive_6539
straininfo.strain:49649	straininfo.deposit:164185		conflicting_bacdive_reference_not_used	bacdive:135189; deposit matches kgmicrobe.strain:bacdive_6539
straininfo.strain:49723	straininfo.deposit:691659		conflicting_bacdive_reference_not_used	bacdive:15237; deposit matches kgmicrobe.strain:bacdive_15875
straininfo.strain:49803	straininfo.deposit:166241		conflicting_bacdive_reference_not_used	bacdive:15653; deposit matches kgmicrobe.strain:bacdive_15735
straininfo.strain:49803	straininfo.deposit:166242		conflicting_bacdive_reference_not_used	bacdive:15653; deposit matches kgmicrobe.strain:bacdive_15735
straininfo.strain:49815	straininfo.deposit:127704		conflicting_bacdive_reference_not_used	bacdive:157; deposit matches kgmicrobe.strain:bacdive_148441
straininfo.strain:49815	straininfo.deposit:166363		conflicting_bacdive_reference_not_used	bacdive:157; deposit matches kgmicrobe.strain:bacdive_15751
straininfo.strain:49815	straininfo.deposit:166364		conflicting_bacdive_reference_not_used	bacdive:157; deposit matches kgmicrobe.strain:bacdive_15751
straininfo.strain:49815	straininfo.deposit:166364		conflicting_bacdive_reference_not_used	bacdive:157; deposit matches kgmicrobe.strain:bacdive_15940
straininfo.strain:49815	straininfo.deposit:167119		conflicting_bacdive_reference_not_used	bacdive:157; deposit matches kgmicrobe.strain:bacdive_15751
straininfo.strain:49815	straininfo.deposit:167119		conflicting_bacdive_reference_not_used	bacdive:157; deposit matches kgmicrobe.strain:bacdive_15940
straininfo.strain:49815	straininfo.deposit:560178		conflicting_bacdive_reference_not_used	bacdive:157; deposit matches kgmicrobe.strain:bacdive_15751
straininfo.strain:49841	straininfo.deposit:166523		conflicting_bacdive_reference_not_used	bacdive:16250; deposit matches kgmicrobe.strain:bacdive_16275
straininfo.strain:49841	straininfo.deposit:166799		conflicting_bacdive_reference_not_used	bacdive:16250; deposit matches kgmicrobe.strain:bacdive_16275
straininfo.strain:50158	straininfo.deposit:168511		conflicting_bacdive_reference_not_used	bacdive:13337; deposit matches kgmicrobe.strain:bacdive_13351
straininfo.strain:50158	straininfo.deposit:230717		conflicting_bacdive_reference_not_used	bacdive:13337; deposit matches kgmicrobe.strain:bacdive_13351
straininfo.strain:50165	straininfo.deposit:167798		conflicting_bacdive_reference_not_used	bacdive:13345; deposit matches kgmicrobe.strain:bacdive_13346
straininfo.strain:50193	straininfo.deposit:559304		conflicting_bacdive_reference_not_used	bacdive:16516; deposit matches kgmicrobe.strain:bacdive_16519
straininfo.strain:5022	straininfo.deposit:125949		conflicting_bacdive_reference_not_used	bacdive:5176; deposit matches kgmicrobe.strain:bacdive_161886
straininfo.strain:5022	straininfo.deposit:172603		conflicting_bacdive_reference_not_used	bacdive:5176; deposit matches kgmicrobe.strain:bacdive_161886
straininfo.strain:5022	straininfo.deposit:508852		conflicting_bacdive_reference_not_used	bacdive:5176; deposit matches kgmicrobe.strain:bacdive_161886
straininfo.strain:50478	straininfo.deposit:169143		conflicting_bacdive_reference_not_used	bacdive:16955; deposit matches kgmicrobe.strain:bacdive_16962
straininfo.strain:50478	straininfo.deposit:170116		conflicting_bacdive_reference_not_used	bacdive:16955; deposit matches kgmicrobe.strain:bacdive_16962
straininfo.strain:50584	straininfo.deposit:169517		conflicting_bacdive_reference_not_used	bacdive:8504; deposit matches kgmicrobe.strain:bacdive_8499
straininfo.strain:50584	straininfo.deposit:169518		conflicting_bacdive_reference_not_used	bacdive:8504; deposit matches kgmicrobe.strain:bacdive_8499
straininfo.strain:50584	straininfo.deposit:692054		conflicting_bacdive_reference_not_used	bacdive:8504; deposit matches kgmicrobe.strain:bacdive_8499
straininfo.strain:50631	straininfo.deposit:295649		conflicting_bacdive_reference_not_used	bacdive:10760; deposit matches kgmicrobe.strain:bacdive_152377
straininfo.strain:50631	straininfo.deposit:331247		conflicting_bacdive_reference_not_used	bacdive:10760; deposit matches kgmicrobe.strain:bacdive_152377
straininfo.strain:50698	straininfo.deposit:169869		conflicting_bacdive_reference_not_used	bacdive:15993; deposit matches kgmicrobe.strain:bacdive_121433
straininfo.strain:50732	straininfo.deposit:143006		conflicting_bacdive_reference_not_used	bacdive:10986; deposit matches kgmicrobe.strain:bacdive_136330
straininfo.strain:50732	straininfo.deposit:154532		conflicting_bacdive_reference_not_used	bacdive:10986; deposit matches kgmicrobe.strain:bacdive_136330
straininfo.strain:50753	straininfo.deposit:170035		conflicting_bacdive_reference_not_used	bacdive:15994; deposit matches kgmicrobe.strain:bacdive_123600
straininfo.strain:50753	straininfo.deposit:170036		conflicting_bacdive_reference_not_used	bacdive:15994; deposit matches kgmicrobe.strain:bacdive_123600
straininfo.strain:50810	straininfo.deposit:170236		conflicting_bacdive_reference_not_used	bacdive:3146; deposit matches kgmicrobe.strain:bacdive_3145
straininfo.strain:50810	straininfo.deposit:170237		conflicting_bacdive_reference_not_used	bacdive:3146; deposit matches kgmicrobe.strain:bacdive_3145
straininfo.strain:50822	straininfo.deposit:170287		conflicting_bacdive_reference_not_used	bacdive:10987; deposit matches kgmicrobe.strain:bacdive_103688
straininfo.strain:50823	straininfo.deposit:170290		conflicting_bacdive_reference_not_used	bacdive:10988; deposit matches kgmicrobe.strain:bacdive_103629
straininfo.strain:51960	straininfo.deposit:325770		conflicting_bacdive_reference_not_used	bacdive:158349; deposit matches kgmicrobe.strain:bacdive_148854
straininfo.strain:535	straininfo.deposit:214682		conflicting_bacdive_reference_not_used	bacdive:139239; deposit matches kgmicrobe.strain:bacdive_157293
straininfo.strain:54242	straininfo.deposit:141335		conflicting_bacdive_reference_not_used	bacdive:148835; deposit matches kgmicrobe.strain:bacdive_145270
straininfo.strain:54504	straininfo.deposit:136242		conflicting_bacdive_reference_not_used	bacdive:152431; deposit matches kgmicrobe.strain:bacdive_143521
straininfo.strain:54897	straininfo.deposit:137367		conflicting_bacdive_reference_not_used	bacdive:165741; deposit matches kgmicrobe.strain:bacdive_148013
straininfo.strain:56854	straininfo.deposit:143505		conflicting_bacdive_reference_not_used	bacdive:165440; deposit matches kgmicrobe.strain:bacdive_148260
straininfo.strain:56854	straininfo.deposit:143507		conflicting_bacdive_reference_not_used	bacdive:165440; deposit matches kgmicrobe.strain:bacdive_148260
straininfo.strain:5719	straininfo.deposit:214900		conflicting_bacdive_reference_not_used	bacdive:17621; deposit matches kgmicrobe.strain:bacdive_157570
straininfo.strain:5719	straininfo.deposit:25023		conflicting_bacdive_reference_not_used	bacdive:17621; deposit matches kgmicrobe.strain:bacdive_17588
straininfo.strain:5719	straininfo.deposit:25025		conflicting_bacdive_reference_not_used	bacdive:17621; deposit matches kgmicrobe.strain:bacdive_17588
straininfo.strain:5719	straininfo.deposit:843153		conflicting_bacdive_reference_not_used	bacdive:17621; deposit matches kgmicrobe.strain:bacdive_17588
straininfo.strain:5719	straininfo.deposit:911913		conflicting_bacdive_reference_not_used	bacdive:17621; deposit matches kgmicrobe.strain:bacdive_17588
straininfo.strain:57960	straininfo.deposit:146378		conflicting_bacdive_reference_not_used	bacdive:141407; deposit matches kgmicrobe.strain:bacdive_141441
straininfo.strain:57960	straininfo.deposit:146380		conflicting_bacdive_reference_not_used	bacdive:141407; deposit matches kgmicrobe.strain:bacdive_141442
straininfo.strain:58225	straininfo.deposit:147286		conflicting_bacdive_reference_not_used	bacdive:143429; deposit matches kgmicrobe.strain:bacdive_143444
straininfo.strain:588	straininfo.deposit:214656		conflicting_bacdive_reference_not_used	bacdive:12867; deposit matches kgmicrobe.strain:bacdive_157438
straininfo.strain:59946	straininfo.deposit:233372		conflicting_bacdive_reference_not_used	bacdive:135931; deposit matches kgmicrobe.strain:bacdive_136508
straininfo.strain:60623	straininfo.deposit:214657		conflicting_bacdive_reference_not_used	bacdive:14058; deposit matches kgmicrobe.strain:bacdive_157516
straininfo.strain:60624	straininfo.deposit:214646		conflicting_bacdive_reference_not_used	bacdive:4324; deposit matches kgmicrobe.strain:bacdive_157319
straininfo.strain:61270	straininfo.deposit:153598		conflicting_bacdive_reference_not_used	bacdive:138111; deposit matches kgmicrobe.strain:bacdive_137671
straininfo.strain:61270	straininfo.deposit:234422		conflicting_bacdive_reference_not_used	bacdive:138111; deposit matches kgmicrobe.strain:bacdive_137671
straininfo.strain:61675	straininfo.deposit:183302		conflicting_bacdive_reference_not_used	bacdive:165636; deposit matches kgmicrobe.strain:bacdive_165639
straininfo.strain:61675	straininfo.deposit:183303		conflicting_bacdive_reference_not_used	bacdive:165636; deposit matches kgmicrobe.strain:bacdive_165639
straininfo.strain:62375	straininfo.deposit:538312		conflicting_bacdive_reference_not_used	bacdive:162887; deposit matches kgmicrobe.strain:bacdive_162889
straininfo.strain:62375	straininfo.deposit:538452		conflicting_bacdive_reference_not_used	bacdive:162887; deposit matches kgmicrobe.strain:bacdive_162888
straininfo.strain:62375	straininfo.deposit:803272		conflicting_bacdive_reference_not_used	bacdive:162887; deposit matches kgmicrobe.strain:bacdive_162888
straininfo.strain:62375	straininfo.deposit:803273		conflicting_bacdive_reference_not_used	bacdive:162887; deposit matches kgmicrobe.strain:bacdive_162889
straininfo.strain:62430	straininfo.deposit:151680		conflicting_bacdive_reference_not_used	bacdive:12954; deposit matches kgmicrobe.strain:bacdive_134600
straininfo.strain:62430	straininfo.deposit:151681		conflicting_bacdive_reference_not_used	bacdive:12954; deposit matches kgmicrobe.strain:bacdive_134600
straininfo.strain:62434	straininfo.deposit:237587		conflicting_bacdive_reference_not_used	bacdive:164557; deposit matches kgmicrobe.strain:bacdive_11196
straininfo.strain:62434	straininfo.deposit:340757		conflicting_bacdive_reference_not_used	bacdive:164557; deposit matches kgmicrobe.strain:bacdive_11196
straininfo.strain:62479	straininfo.deposit:14696		conflicting_bacdive_reference_not_used	bacdive:135794; deposit matches kgmicrobe.strain:bacdive_6824
straininfo.strain:62479	straininfo.deposit:164049		conflicting_bacdive_reference_not_used	bacdive:135794; deposit matches kgmicrobe.strain:bacdive_6824
straininfo.strain:62479	straininfo.deposit:164050		conflicting_bacdive_reference_not_used	bacdive:135794; deposit matches kgmicrobe.strain:bacdive_6824
straininfo.strain:62479	straininfo.deposit:847309		conflicting_bacdive_reference_not_used	bacdive:135794; deposit matches kgmicrobe.strain:bacdive_6824
straininfo.strain:62733	straininfo.deposit:180642		conflicting_bacdive_reference_not_used	bacdive:15096; deposit matches kgmicrobe.strain:bacdive_165017
straininfo.strain:62733	straininfo.deposit:180644		conflicting_bacdive_reference_not_used	bacdive:15096; deposit matches kgmicrobe.strain:bacdive_165017
straininfo.strain:62733	straininfo.deposit:180645		conflicting_bacdive_reference_not_used	bacdive:15096; deposit matches kgmicrobe.strain:bacdive_165017
straininfo.strain:62733	straininfo.deposit:334791		conflicting_bacdive_reference_not_used	bacdive:15096; deposit matches kgmicrobe.strain:bacdive_165017
straininfo.strain:62733	straininfo.deposit:751303		conflicting_bacdive_reference_not_used	bacdive:15096; deposit matches kgmicrobe.strain:bacdive_165017
straininfo.strain:63610	straininfo.deposit:180713		conflicting_bacdive_reference_not_used	bacdive:15044; deposit matches kgmicrobe.strain:bacdive_165037
straininfo.strain:63952	straininfo.deposit:170314		conflicting_bacdive_reference_not_used	bacdive:15172; deposit matches kgmicrobe.strain:bacdive_15204
straininfo.strain:63952	straininfo.deposit:170316		conflicting_bacdive_reference_not_used	bacdive:15172; deposit matches kgmicrobe.strain:bacdive_15204
straininfo.strain:63952	straininfo.deposit:334131		conflicting_bacdive_reference_not_used	bacdive:15172; deposit matches kgmicrobe.strain:bacdive_15204
straininfo.strain:63952	straininfo.deposit:55930		conflicting_bacdive_reference_not_used	bacdive:15172; deposit matches kgmicrobe.strain:bacdive_15204
straininfo.strain:63952	straininfo.deposit:55936		conflicting_bacdive_reference_not_used	bacdive:15172; deposit matches kgmicrobe.strain:bacdive_15204
straininfo.strain:63952	straininfo.deposit:55948		conflicting_bacdive_reference_not_used	bacdive:15172; deposit matches kgmicrobe.strain:bacdive_15204
straininfo.strain:63952	straininfo.deposit:95442		conflicting_bacdive_reference_not_used	bacdive:15172; deposit matches kgmicrobe.strain:bacdive_15204
straininfo.strain:64068	straininfo.deposit:149155		conflicting_bacdive_reference_not_used	bacdive:1075; deposit matches kgmicrobe.strain:bacdive_1074
straininfo.strain:64068	straininfo.deposit:206609		conflicting_bacdive_reference_not_used	bacdive:1075; deposit matches kgmicrobe.strain:bacdive_1074
straininfo.strain:64068	straininfo.deposit:228886		conflicting_bacdive_reference_not_used	bacdive:1075; deposit matches kgmicrobe.strain:bacdive_1074
straininfo.strain:64068	straininfo.deposit:486835		conflicting_bacdive_reference_not_used	bacdive:1075; deposit matches kgmicrobe.strain:bacdive_1074
straininfo.strain:64068	straininfo.deposit:5169		conflicting_bacdive_reference_not_used	bacdive:1075; deposit matches kgmicrobe.strain:bacdive_1074
straininfo.strain:64068	straininfo.deposit:5172		conflicting_bacdive_reference_not_used	bacdive:1075; deposit matches kgmicrobe.strain:bacdive_1074
straininfo.strain:64068	straininfo.deposit:5173		conflicting_bacdive_reference_not_used	bacdive:1075; deposit matches kgmicrobe.strain:bacdive_1074
straininfo.strain:64068	straininfo.deposit:847375		conflicting_bacdive_reference_not_used	bacdive:1075; deposit matches kgmicrobe.strain:bacdive_1074
straininfo.strain:6501	straininfo.deposit:683582		conflicting_bacdive_reference_not_used	bacdive:14291; deposit matches kgmicrobe.strain:bacdive_128610
straininfo.strain:66120	straininfo.deposit:217374		conflicting_bacdive_reference_not_used	bacdive:175052; deposit matches kgmicrobe.strain:bacdive_135009
straininfo.strain:66120	straininfo.deposit:840207		conflicting_bacdive_reference_not_used	bacdive:175052; deposit matches kgmicrobe.strain:bacdive_135009
straininfo.strain:6668	straininfo.deposit:160356		conflicting_bacdive_reference_not_used	bacdive:23828; deposit matches kgmicrobe.strain:bacdive_13050
straininfo.strain:6668	straininfo.deposit:234491		conflicting_bacdive_reference_not_used	bacdive:23828; deposit matches kgmicrobe.strain:bacdive_13050
straininfo.strain:6668	straininfo.deposit:28258		conflicting_bacdive_reference_not_used	bacdive:23828; deposit matches kgmicrobe.strain:bacdive_13050
straininfo.strain:6668	straininfo.deposit:28260		conflicting_bacdive_reference_not_used	bacdive:23828; deposit matches kgmicrobe.strain:bacdive_13050
straininfo.strain:6668	straininfo.deposit:403943		conflicting_bacdive_reference_not_used	bacdive:23828; deposit matches kgmicrobe.strain:bacdive_13050
straininfo.strain:6668	straininfo.deposit:53631		conflicting_bacdive_reference_not_used	bacdive:23828; deposit matches kgmicrobe.strain:bacdive_23829
straininfo.strain:6668	straininfo.deposit:54545		conflicting_bacdive_reference_not_used	bacdive:23828; deposit matches kgmicrobe.strain:bacdive_24386
straininfo.strain:67257	straininfo.deposit:148537		conflicting_bacdive_reference_not_used	bacdive:131095; deposit matches kgmicrobe.strain:bacdive_448
straininfo.strain:67257	straininfo.deposit:692088		conflicting_bacdive_reference_not_used	bacdive:131095; deposit matches kgmicrobe.strain:bacdive_448
straininfo.strain:67365	straininfo.deposit:486752		conflicting_bacdive_reference_not_used	bacdive:642; deposit matches kgmicrobe.strain:bacdive_162728
straininfo.strain:67444	straininfo.deposit:157945		conflicting_bacdive_reference_not_used	bacdive:136560; deposit matches kgmicrobe.strain:bacdive_18130
straininfo.strain:68529	straininfo.deposit:286224		conflicting_bacdive_reference_not_used	bacdive:135769; deposit matches kgmicrobe.strain:bacdive_142282
straininfo.strain:68624	straininfo.deposit:233982		conflicting_bacdive_reference_not_used	bacdive:137154; deposit matches kgmicrobe.strain:bacdive_138960
straininfo.strain:6872	straininfo.deposit:53598		conflicting_bacdive_reference_not_used	bacdive:13016; deposit matches kgmicrobe.strain:bacdive_24401
straininfo.strain:69	straininfo.deposit:42990		conflicting_bacdive_reference_not_used	bacdive:52; deposit matches kgmicrobe.strain:bacdive_128363
straininfo.strain:69068	straininfo.deposit:152206		conflicting_bacdive_reference_not_used	bacdive:135443; deposit matches kgmicrobe.strain:bacdive_135423
straininfo.strain:69068	straininfo.deposit:152207		conflicting_bacdive_reference_not_used	bacdive:135443; deposit matches kgmicrobe.strain:bacdive_135423
straininfo.strain:70475	straininfo.deposit:155789		conflicting_bacdive_reference_not_used	bacdive:137259; deposit matches kgmicrobe.strain:bacdive_136271
straininfo.strain:70475	straininfo.deposit:234954		conflicting_bacdive_reference_not_used	bacdive:137259; deposit matches kgmicrobe.strain:bacdive_136271
straininfo.strain:70519	straininfo.deposit:328226		conflicting_bacdive_reference_not_used	bacdive:135921; deposit matches kgmicrobe.strain:bacdive_151004
straininfo.strain:70749	straininfo.deposit:15501		conflicting_bacdive_reference_not_used	bacdive:10669; deposit matches kgmicrobe.strain:bacdive_100233
straininfo.strain:70749	straininfo.deposit:168099		conflicting_bacdive_reference_not_used	bacdive:10669; deposit matches kgmicrobe.strain:bacdive_8228
straininfo.strain:70749	straininfo.deposit:168100		conflicting_bacdive_reference_not_used	bacdive:10669; deposit matches kgmicrobe.strain:bacdive_8228
straininfo.strain:7209	straininfo.deposit:133917		conflicting_bacdive_reference_not_used	bacdive:138613; deposit matches kgmicrobe.strain:bacdive_146196
straininfo.strain:7209	straininfo.deposit:133918		conflicting_bacdive_reference_not_used	bacdive:138613; deposit matches kgmicrobe.strain:bacdive_146196
straininfo.strain:7310	straininfo.deposit:30137		conflicting_bacdive_reference_not_used	bacdive:150924; deposit matches kgmicrobe.strain:bacdive_6506
straininfo.strain:7310	straininfo.deposit:840743		conflicting_bacdive_reference_not_used	bacdive:150924; deposit matches kgmicrobe.strain:bacdive_6506
straininfo.strain:7401	straininfo.deposit:509811		conflicting_bacdive_reference_not_used	bacdive:1743; deposit matches kgmicrobe.strain:bacdive_1744
straininfo.strain:7403	straininfo.deposit:149250		conflicting_bacdive_reference_not_used	bacdive:1691; deposit matches kgmicrobe.strain:bacdive_151925
straininfo.strain:7403	straininfo.deposit:233551		conflicting_bacdive_reference_not_used	bacdive:1691; deposit matches kgmicrobe.strain:bacdive_151925
straininfo.strain:7904	straininfo.deposit:131558		conflicting_bacdive_reference_not_used	bacdive:2358; deposit matches kgmicrobe.strain:bacdive_2357
straininfo.strain:8005	straininfo.deposit:213902		conflicting_bacdive_reference_not_used	bacdive:136477; deposit matches kgmicrobe.strain:bacdive_151351
straininfo.strain:8005	straininfo.deposit:328910		conflicting_bacdive_reference_not_used	bacdive:136477; deposit matches kgmicrobe.strain:bacdive_151351
straininfo.strain:8204	straininfo.deposit:184883		conflicting_bacdive_reference_not_used	bacdive:7376; deposit matches kgmicrobe.strain:bacdive_151103
straininfo.strain:8204	straininfo.deposit:328432		conflicting_bacdive_reference_not_used	bacdive:7376; deposit matches kgmicrobe.strain:bacdive_151103
straininfo.strain:8206	straininfo.deposit:184885		conflicting_bacdive_reference_not_used	bacdive:7377; deposit matches kgmicrobe.strain:bacdive_151104
straininfo.strain:8206	straininfo.deposit:328433		conflicting_bacdive_reference_not_used	bacdive:7377; deposit matches kgmicrobe.strain:bacdive_151104
straininfo.strain:8234	straininfo.deposit:159570		conflicting_bacdive_reference_not_used	bacdive:2266; deposit matches kgmicrobe.strain:bacdive_2267
straininfo.strain:8344	straininfo.deposit:34268		conflicting_bacdive_reference_not_used	bacdive:11492; deposit matches kgmicrobe.strain:bacdive_135258
straininfo.strain:8345	straininfo.deposit:34275		conflicting_bacdive_reference_not_used	bacdive:135182; deposit matches kgmicrobe.strain:bacdive_11493
straininfo.strain:85089	straininfo.deposit:539321		conflicting_bacdive_reference_not_used	bacdive:17311; deposit matches kgmicrobe.strain:bacdive_163218
straininfo.strain:85089	straininfo.deposit:803384		conflicting_bacdive_reference_not_used	bacdive:17311; deposit matches kgmicrobe.strain:bacdive_163218
straininfo.strain:85200	straininfo.deposit:149453		conflicting_bacdive_reference_not_used	bacdive:2302; deposit matches kgmicrobe.strain:bacdive_2301
straininfo.strain:85200	straininfo.deposit:20182		conflicting_bacdive_reference_not_used	bacdive:2302; deposit matches kgmicrobe.strain:bacdive_2301
straininfo.strain:85200	straininfo.deposit:20183		conflicting_bacdive_reference_not_used	bacdive:2302; deposit matches kgmicrobe.strain:bacdive_2301
straininfo.strain:85200	straininfo.deposit:20185		conflicting_bacdive_reference_not_used	bacdive:2302; deposit matches kgmicrobe.strain:bacdive_2301
straininfo.strain:85200	straininfo.deposit:20186		conflicting_bacdive_reference_not_used	bacdive:2302; deposit matches kgmicrobe.strain:bacdive_2301
straininfo.strain:85200	straininfo.deposit:20187		conflicting_bacdive_reference_not_used	bacdive:2302; deposit matches kgmicrobe.strain:bacdive_2301
straininfo.strain:85200	straininfo.deposit:20188		conflicting_bacdive_reference_not_used	bacdive:2302; deposit matches kgmicrobe.strain:bacdive_2301
straininfo.strain:85200	straininfo.deposit:20189		conflicting_bacdive_reference_not_used	bacdive:2302; deposit matches kgmicrobe.strain:bacdive_2301
straininfo.strain:85200	straininfo.deposit:20191		conflicting_bacdive_reference_not_used	bacdive:2302; deposit matches kgmicrobe.strain:bacdive_2301
straininfo.strain:85200	straininfo.deposit:20192		conflicting_bacdive_reference_not_used	bacdive:2302; deposit matches kgmicrobe.strain:bacdive_2301
straininfo.strain:8651	straininfo.deposit:141966		conflicting_bacdive_reference_not_used	bacdive:12634; deposit matches kgmicrobe.strain:bacdive_149200
straininfo.strain:86534	straininfo.deposit:276905		conflicting_bacdive_reference_not_used	bacdive:23007; deposit matches kgmicrobe.strain:bacdive_166139
straininfo.strain:86534	straininfo.deposit:843064		conflicting_bacdive_reference_not_used	bacdive:23007; deposit matches kgmicrobe.strain:bacdive_166139
straininfo.strain:87522	straininfo.deposit:31935		conflicting_bacdive_reference_not_used	bacdive:13024; deposit matches kgmicrobe.strain:bacdive_24420
straininfo.strain:87714	straininfo.deposit:278094		conflicting_bacdive_reference_not_used	bacdive:139828; deposit matches kgmicrobe.strain:bacdive_140650
straininfo.strain:87878	straininfo.deposit:381515		conflicting_bacdive_reference_not_used	bacdive:158046; deposit matches kgmicrobe.strain:bacdive_13101
straininfo.strain:87966	straininfo.deposit:302669		conflicting_bacdive_reference_not_used	bacdive:1568; deposit matches kgmicrobe.strain:bacdive_135080
straininfo.strain:87966	straininfo.deposit:400407		conflicting_bacdive_reference_not_used	bacdive:1568; deposit matches kgmicrobe.strain:bacdive_135080
straininfo.strain:87966	straininfo.deposit:840687		conflicting_bacdive_reference_not_used	bacdive:1568; deposit matches kgmicrobe.strain:bacdive_135080
straininfo.strain:88044	straininfo.deposit:15640		conflicting_bacdive_reference_not_used	bacdive:1878; deposit matches kgmicrobe.strain:bacdive_141433
straininfo.strain:88044	straininfo.deposit:15641		conflicting_bacdive_reference_not_used	bacdive:1878; deposit matches kgmicrobe.strain:bacdive_141433
straininfo.strain:88044	straininfo.deposit:15642		conflicting_bacdive_reference_not_used	bacdive:1878; deposit matches kgmicrobe.strain:bacdive_141433
straininfo.strain:8812	straininfo.deposit:150627		conflicting_bacdive_reference_not_used	bacdive:5274; deposit matches kgmicrobe.strain:bacdive_138610
straininfo.strain:8812	straininfo.deposit:35598		conflicting_bacdive_reference_not_used	bacdive:5274; deposit matches kgmicrobe.strain:bacdive_138610
straininfo.strain:88614	straininfo.deposit:168883		conflicting_bacdive_reference_not_used	bacdive:7805; deposit matches kgmicrobe.strain:bacdive_100082
straininfo.strain:88614	straininfo.deposit:168884		conflicting_bacdive_reference_not_used	bacdive:7805; deposit matches kgmicrobe.strain:bacdive_100082
straininfo.strain:88614	straininfo.deposit:168885		conflicting_bacdive_reference_not_used	bacdive:7805; deposit matches kgmicrobe.strain:bacdive_100082
straininfo.strain:88615	straininfo.deposit:114861		conflicting_bacdive_reference_not_used	bacdive:7833; deposit matches kgmicrobe.strain:bacdive_100173
straininfo.strain:88615	straininfo.deposit:114863		conflicting_bacdive_reference_not_used	bacdive:7833; deposit matches kgmicrobe.strain:bacdive_100173
straininfo.strain:88617	straininfo.deposit:170071		conflicting_bacdive_reference_not_used	bacdive:7838; deposit matches kgmicrobe.strain:bacdive_7828
straininfo.strain:88617	straininfo.deposit:170072		conflicting_bacdive_reference_not_used	bacdive:7838; deposit matches kgmicrobe.strain:bacdive_7828
straininfo.strain:88617	straininfo.deposit:170073		conflicting_bacdive_reference_not_used	bacdive:7838; deposit matches kgmicrobe.strain:bacdive_7828
straininfo.strain:88617	straininfo.deposit:170074		conflicting_bacdive_reference_not_used	bacdive:7838; deposit matches kgmicrobe.strain:bacdive_7828
straininfo.strain:88617	straininfo.deposit:176197		conflicting_bacdive_reference_not_used	bacdive:7838; deposit matches kgmicrobe.strain:bacdive_7828
straininfo.strain:88617	straininfo.deposit:176198		conflicting_bacdive_reference_not_used	bacdive:7838; deposit matches kgmicrobe.strain:bacdive_7828
straininfo.strain:88617	straininfo.deposit:237506		conflicting_bacdive_reference_not_used	bacdive:7838; deposit matches kgmicrobe.strain:bacdive_7828
straininfo.strain:88617	straininfo.deposit:319830		conflicting_bacdive_reference_not_used	bacdive:7838; deposit matches kgmicrobe.strain:bacdive_7828
straininfo.strain:88617	straininfo.deposit:333520		conflicting_bacdive_reference_not_used	bacdive:7838; deposit matches kgmicrobe.strain:bacdive_7828
straininfo.strain:88617	straininfo.deposit:508381		conflicting_bacdive_reference_not_used	bacdive:7838; deposit matches kgmicrobe.strain:bacdive_7828
straininfo.strain:88617	straininfo.deposit:752433		conflicting_bacdive_reference_not_used	bacdive:7838; deposit matches kgmicrobe.strain:bacdive_7828
straininfo.strain:88643	straininfo.deposit:114857		conflicting_bacdive_reference_not_used	bacdive:7832; deposit matches kgmicrobe.strain:bacdive_100176
straininfo.strain:88643	straininfo.deposit:114859		conflicting_bacdive_reference_not_used	bacdive:7832; deposit matches kgmicrobe.strain:bacdive_100176
straininfo.strain:8913	straininfo.deposit:747112		conflicting_bacdive_reference_not_used	bacdive:6454; deposit matches kgmicrobe.strain:bacdive_6570
straininfo.strain:9076	straininfo.deposit:36303		conflicting_bacdive_reference_not_used	bacdive:2291; deposit matches kgmicrobe.strain:bacdive_2289
straininfo.strain:9112	straininfo.deposit:36394		conflicting_bacdive_reference_not_used	bacdive:135992; deposit matches kgmicrobe.strain:bacdive_143943
straininfo.strain:92094	straininfo.deposit:150773		conflicting_bacdive_reference_not_used	bacdive:241; deposit matches kgmicrobe.strain:bacdive_4409
straininfo.strain:92094	straininfo.deposit:233921		conflicting_bacdive_reference_not_used	bacdive:241; deposit matches kgmicrobe.strain:bacdive_4409
straininfo.strain:92094	straininfo.deposit:847403		conflicting_bacdive_reference_not_used	bacdive:241; deposit matches kgmicrobe.strain:bacdive_4409
straininfo.strain:92094	straininfo.deposit:94082		conflicting_bacdive_reference_not_used	bacdive:241; deposit matches kgmicrobe.strain:bacdive_4409
straininfo.strain:92094	straininfo.deposit:94085		conflicting_bacdive_reference_not_used	bacdive:241; deposit matches kgmicrobe.strain:bacdive_4409
straininfo.strain:92102	straininfo.deposit:2942		conflicting_bacdive_reference_not_used	bacdive:327; deposit matches kgmicrobe.strain:bacdive_141383
straininfo.strain:92125	straininfo.deposit:4219		conflicting_bacdive_reference_not_used	bacdive:151838; deposit matches kgmicrobe.strain:bacdive_13969
straininfo.strain:92125	straininfo.deposit:4221		conflicting_bacdive_reference_not_used	bacdive:151838; deposit matches kgmicrobe.strain:bacdive_13969
straininfo.strain:92140	straininfo.deposit:233388		conflicting_bacdive_reference_not_used	bacdive:683; deposit matches kgmicrobe.strain:bacdive_139166
straininfo.strain:92140	straininfo.deposit:283426		conflicting_bacdive_reference_not_used	bacdive:683; deposit matches kgmicrobe.strain:bacdive_141432
straininfo.strain:92182	straininfo.deposit:38416		conflicting_bacdive_reference_not_used	bacdive:6507; deposit matches kgmicrobe.strain:bacdive_143528
straininfo.strain:92183	straininfo.deposit:6238		conflicting_bacdive_reference_not_used	bacdive:144032; deposit matches kgmicrobe.strain:bacdive_144283
straininfo.strain:92183	straininfo.deposit:6240		conflicting_bacdive_reference_not_used	bacdive:144032; deposit matches kgmicrobe.strain:bacdive_144283
straininfo.strain:92187	straininfo.deposit:6430		conflicting_bacdive_reference_not_used	bacdive:143850; deposit matches kgmicrobe.strain:bacdive_143851
straininfo.strain:92200	straininfo.deposit:133113		conflicting_bacdive_reference_not_used	bacdive:137335; deposit matches kgmicrobe.strain:bacdive_144250
straininfo.strain:92200	straininfo.deposit:214745		conflicting_bacdive_reference_not_used	bacdive:137335; deposit matches kgmicrobe.strain:bacdive_157335
straininfo.strain:92200	straininfo.deposit:8524		conflicting_bacdive_reference_not_used	bacdive:137335; deposit matches kgmicrobe.strain:bacdive_144250
straininfo.strain:92204	straininfo.deposit:214720		conflicting_bacdive_reference_not_used	bacdive:7556; deposit matches kgmicrobe.strain:bacdive_157510
straininfo.strain:92212	straininfo.deposit:13076		conflicting_bacdive_reference_not_used	bacdive:137642; deposit matches kgmicrobe.strain:bacdive_6405
straininfo.strain:92244	straininfo.deposit:214648		conflicting_bacdive_reference_not_used	bacdive:4433; deposit matches kgmicrobe.strain:bacdive_157389
straininfo.strain:92300	straininfo.deposit:163970		conflicting_bacdive_reference_not_used	bacdive:6444; deposit matches kgmicrobe.strain:bacdive_6443
straininfo.strain:92300	straininfo.deposit:171317		conflicting_bacdive_reference_not_used	bacdive:6444; deposit matches kgmicrobe.strain:bacdive_6443
straininfo.strain:92338	straininfo.deposit:137648		conflicting_bacdive_reference_not_used	bacdive:6817; deposit matches kgmicrobe.strain:bacdive_143934
straininfo.strain:92366	straininfo.deposit:140945		conflicting_bacdive_reference_not_used	bacdive:13693; deposit matches kgmicrobe.strain:bacdive_146009
straininfo.strain:92366	straininfo.deposit:153691		conflicting_bacdive_reference_not_used	bacdive:13693; deposit matches kgmicrobe.strain:bacdive_13707
straininfo.strain:92366	straininfo.deposit:16113		conflicting_bacdive_reference_not_used	bacdive:13693; deposit matches kgmicrobe.strain:bacdive_146009
straininfo.strain:92366	straininfo.deposit:16115		conflicting_bacdive_reference_not_used	bacdive:13693; deposit matches kgmicrobe.strain:bacdive_13707
straininfo.strain:92366	straininfo.deposit:16120		conflicting_bacdive_reference_not_used	bacdive:13693; deposit matches kgmicrobe.strain:bacdive_13707
straininfo.strain:92366	straininfo.deposit:335214		conflicting_bacdive_reference_not_used	bacdive:13693; deposit matches kgmicrobe.strain:bacdive_162970
straininfo.strain:92366	straininfo.deposit:335215		conflicting_bacdive_reference_not_used	bacdive:13693; deposit matches kgmicrobe.strain:bacdive_162970
straininfo.strain:92366	straininfo.deposit:802670		conflicting_bacdive_reference_not_used	bacdive:13693; deposit matches kgmicrobe.strain:bacdive_162970
straininfo.strain:92404	straininfo.deposit:533794		conflicting_bacdive_reference_not_used	bacdive:13065; deposit matches kgmicrobe.strain:bacdive_141279
straininfo.strain:9242	straininfo.deposit:137241		conflicting_bacdive_reference_not_used	bacdive:11950; deposit matches kgmicrobe.strain:bacdive_149394
straininfo.strain:9242	straininfo.deposit:686142		conflicting_bacdive_reference_not_used	bacdive:11950; deposit matches kgmicrobe.strain:bacdive_149394
straininfo.strain:92422	straininfo.deposit:909296		conflicting_bacdive_reference_not_used	bacdive:10906; deposit matches kgmicrobe.strain:bacdive_130476
straininfo.strain:92446	straininfo.deposit:401310		conflicting_bacdive_reference_not_used	bacdive:15184; deposit matches kgmicrobe.strain:bacdive_15199
straininfo.strain:92446	straininfo.deposit:691472		conflicting_bacdive_reference_not_used	bacdive:15184; deposit matches kgmicrobe.strain:bacdive_15199
straininfo.strain:92446	straininfo.deposit:95933		conflicting_bacdive_reference_not_used	bacdive:15184; deposit matches kgmicrobe.strain:bacdive_15199
straininfo.strain:92469	straininfo.deposit:28916		conflicting_bacdive_reference_not_used	bacdive:145690; deposit matches kgmicrobe.strain:bacdive_146049
straininfo.strain:92501	straininfo.deposit:32703		conflicting_bacdive_reference_not_used	bacdive:14799; deposit matches kgmicrobe.strain:bacdive_148447
straininfo.strain:92504	straininfo.deposit:32784		conflicting_bacdive_reference_not_used	bacdive:14730; deposit matches kgmicrobe.strain:bacdive_145482
straininfo.strain:92550	straininfo.deposit:152469		conflicting_bacdive_reference_not_used	bacdive:6870; deposit matches kgmicrobe.strain:bacdive_134408
straininfo.strain:92551	straininfo.deposit:538432		conflicting_bacdive_reference_not_used	bacdive:7669; deposit matches kgmicrobe.strain:bacdive_162885
straininfo.strain:92551	straininfo.deposit:538433		conflicting_bacdive_reference_not_used	bacdive:7669; deposit matches kgmicrobe.strain:bacdive_162885
straininfo.strain:92551	straininfo.deposit:803289		conflicting_bacdive_reference_not_used	bacdive:7669; deposit matches kgmicrobe.strain:bacdive_162885
straininfo.strain:92551	straininfo.deposit:93718		conflicting_bacdive_reference_not_used	bacdive:7669; deposit matches kgmicrobe.strain:bacdive_162885
straininfo.strain:92551	straininfo.deposit:93719		conflicting_bacdive_reference_not_used	bacdive:7669; deposit matches kgmicrobe.strain:bacdive_162885
straininfo.strain:9258	straininfo.deposit:327303		conflicting_bacdive_reference_not_used	bacdive:147939; deposit matches kgmicrobe.strain:bacdive_6603
straininfo.strain:9258	straininfo.deposit:371310		conflicting_bacdive_reference_not_used	bacdive:147939; deposit matches kgmicrobe.strain:bacdive_6603
straininfo.strain:9258	straininfo.deposit:840757		conflicting_bacdive_reference_not_used	bacdive:147939; deposit matches kgmicrobe.strain:bacdive_6603
straininfo.strain:92580	straininfo.deposit:40521		conflicting_bacdive_reference_not_used	bacdive:14683; deposit matches kgmicrobe.strain:bacdive_14686
straininfo.strain:92601	straininfo.deposit:156791		conflicting_bacdive_reference_not_used	bacdive:2563; deposit matches kgmicrobe.strain:bacdive_2547
straininfo.strain:92601	straininfo.deposit:42819		conflicting_bacdive_reference_not_used	bacdive:2563; deposit matches kgmicrobe.strain:bacdive_2547
straininfo.strain:92620	straininfo.deposit:170303		conflicting_bacdive_reference_not_used	bacdive:15630; deposit matches kgmicrobe.strain:bacdive_15995
straininfo.strain:92620	straininfo.deposit:170305		conflicting_bacdive_reference_not_used	bacdive:15630; deposit matches kgmicrobe.strain:bacdive_15995
straininfo.strain:92620	straininfo.deposit:170307		conflicting_bacdive_reference_not_used	bacdive:15630; deposit matches kgmicrobe.strain:bacdive_15995
straininfo.strain:92620	straininfo.deposit:170308		conflicting_bacdive_reference_not_used	bacdive:15630; deposit matches kgmicrobe.strain:bacdive_15995
straininfo.strain:92620	straininfo.deposit:228644		conflicting_bacdive_reference_not_used	bacdive:15630; deposit matches kgmicrobe.strain:bacdive_15995
straininfo.strain:92620	straininfo.deposit:230465		conflicting_bacdive_reference_not_used	bacdive:15630; deposit matches kgmicrobe.strain:bacdive_15995
straininfo.strain:92620	straininfo.deposit:48482		conflicting_bacdive_reference_not_used	bacdive:15630; deposit matches kgmicrobe.strain:bacdive_15995
straininfo.strain:92646	straininfo.deposit:223461		conflicting_bacdive_reference_not_used	bacdive:16098; deposit matches kgmicrobe.strain:bacdive_16442
straininfo.strain:92646	straininfo.deposit:691539		conflicting_bacdive_reference_not_used	bacdive:16098; deposit matches kgmicrobe.strain:bacdive_16442
straininfo.strain:92686	straininfo.deposit:234567		conflicting_bacdive_reference_not_used	bacdive:165352; deposit matches kgmicrobe.strain:bacdive_135573
straininfo.strain:92688	straininfo.deposit:149754		conflicting_bacdive_reference_not_used	bacdive:5499; deposit matches kgmicrobe.strain:bacdive_5497
straininfo.strain:92688	straininfo.deposit:157697		conflicting_bacdive_reference_not_used	bacdive:5499; deposit matches kgmicrobe.strain:bacdive_5497
straininfo.strain:92688	straininfo.deposit:487125		conflicting_bacdive_reference_not_used	bacdive:5499; deposit matches kgmicrobe.strain:bacdive_5497
straininfo.strain:92696	straininfo.deposit:137020		conflicting_bacdive_reference_not_used	bacdive:14470; deposit matches kgmicrobe.strain:bacdive_4970
straininfo.strain:92713	straininfo.deposit:234730		conflicting_bacdive_reference_not_used	bacdive:14053; deposit matches kgmicrobe.strain:bacdive_138895
straininfo.strain:92713	straininfo.deposit:53753		conflicting_bacdive_reference_not_used	bacdive:14053; deposit matches kgmicrobe.strain:bacdive_138895
straininfo.strain:92713	straininfo.deposit:53762		conflicting_bacdive_reference_not_used	bacdive:14053; deposit matches kgmicrobe.strain:bacdive_138895
straininfo.strain:92713	straininfo.deposit:538995		conflicting_bacdive_reference_not_used	bacdive:14053; deposit matches kgmicrobe.strain:bacdive_138895
straininfo.strain:92713	straininfo.deposit:802638		conflicting_bacdive_reference_not_used	bacdive:14053; deposit matches kgmicrobe.strain:bacdive_138895
straininfo.strain:92752	straininfo.deposit:8758		conflicting_bacdive_reference_not_used	bacdive:3771; deposit matches kgmicrobe.strain:bacdive_17742
straininfo.strain:92759	straininfo.deposit:207629		conflicting_bacdive_reference_not_used	bacdive:163096; deposit matches kgmicrobe.strain:bacdive_163301
straininfo.strain:92759	straininfo.deposit:486857		conflicting_bacdive_reference_not_used	bacdive:163096; deposit matches kgmicrobe.strain:bacdive_163301
straininfo.strain:92793	straininfo.deposit:166674		conflicting_bacdive_reference_not_used	bacdive:16231; deposit matches kgmicrobe.strain:bacdive_16258
straininfo.strain:92793	straininfo.deposit:95708		conflicting_bacdive_reference_not_used	bacdive:16231; deposit matches kgmicrobe.strain:bacdive_16258
straininfo.strain:92793	straininfo.deposit:95710		conflicting_bacdive_reference_not_used	bacdive:16231; deposit matches kgmicrobe.strain:bacdive_102999
straininfo.strain:92818	straininfo.deposit:132196		conflicting_bacdive_reference_not_used	bacdive:2723; deposit matches kgmicrobe.strain:bacdive_2724
straininfo.strain:92818	straininfo.deposit:177686		conflicting_bacdive_reference_not_used	bacdive:2723; deposit matches kgmicrobe.strain:bacdive_2724
straininfo.strain:92940	straininfo.deposit:156967		conflicting_bacdive_reference_not_used	bacdive:15692; deposit matches kgmicrobe.strain:bacdive_15621
straininfo.strain:92940	straininfo.deposit:156968		conflicting_bacdive_reference_not_used	bacdive:15692; deposit matches kgmicrobe.strain:bacdive_15621
straininfo.strain:92952	straininfo.deposit:228412		conflicting_bacdive_reference_not_used	bacdive:15603; deposit matches kgmicrobe.strain:bacdive_15604
straininfo.strain:92965	straininfo.deposit:169078		conflicting_bacdive_reference_not_used	bacdive:16968; deposit matches kgmicrobe.strain:bacdive_16773
straininfo.strain:92970	straininfo.deposit:126909		conflicting_bacdive_reference_not_used	bacdive:147057; deposit matches kgmicrobe.strain:bacdive_160
straininfo.strain:92985	straininfo.deposit:167032		conflicting_bacdive_reference_not_used	bacdive:16186; deposit matches kgmicrobe.strain:bacdive_16185
straininfo.strain:92985	straininfo.deposit:182311		conflicting_bacdive_reference_not_used	bacdive:16186; deposit matches kgmicrobe.strain:bacdive_16185
straininfo.strain:92985	straininfo.deposit:182312		conflicting_bacdive_reference_not_used	bacdive:16186; deposit matches kgmicrobe.strain:bacdive_16185
straininfo.strain:92985	straininfo.deposit:182314		conflicting_bacdive_reference_not_used	bacdive:16186; deposit matches kgmicrobe.strain:bacdive_16185
straininfo.strain:92985	straininfo.deposit:335164		conflicting_bacdive_reference_not_used	bacdive:16186; deposit matches kgmicrobe.strain:bacdive_16185
straininfo.strain:92988	straininfo.deposit:113052		conflicting_bacdive_reference_not_used	bacdive:13957; deposit matches kgmicrobe.strain:bacdive_14012
straininfo.strain:92988	straininfo.deposit:160934		conflicting_bacdive_reference_not_used	bacdive:13957; deposit matches kgmicrobe.strain:bacdive_14012
straininfo.strain:92988	straininfo.deposit:719316		conflicting_bacdive_reference_not_used	bacdive:13957; deposit matches kgmicrobe.strain:bacdive_14012
straininfo.strain:93049	straininfo.deposit:166837		conflicting_bacdive_reference_not_used	bacdive:15663; deposit matches kgmicrobe.strain:bacdive_15116
straininfo.strain:93050	straininfo.deposit:167635		conflicting_bacdive_reference_not_used	bacdive:10690; deposit matches kgmicrobe.strain:bacdive_3936
straininfo.strain:93050	straininfo.deposit:167636		conflicting_bacdive_reference_not_used	bacdive:10690; deposit matches kgmicrobe.strain:bacdive_3936
straininfo.strain:93050	straininfo.deposit:333360		conflicting_bacdive_reference_not_used	bacdive:10690; deposit matches kgmicrobe.strain:bacdive_3936
straininfo.strain:93085	straininfo.deposit:214957		conflicting_bacdive_reference_not_used	bacdive:157534; deposit matches kgmicrobe.strain:bacdive_157436
straininfo.strain:93087	straininfo.deposit:215062		conflicting_bacdive_reference_not_used	bacdive:157310; deposit matches kgmicrobe.strain:bacdive_157453
straininfo.strain:9366	straininfo.deposit:488639		conflicting_bacdive_reference_not_used	bacdive:14144; deposit matches kgmicrobe.strain:bacdive_14223
straininfo.strain:93768	straininfo.deposit:155476		conflicting_bacdive_reference_not_used	bacdive:14711; deposit matches kgmicrobe.strain:bacdive_137044
straininfo.strain:93768	straininfo.deposit:34532		conflicting_bacdive_reference_not_used	bacdive:14711; deposit matches kgmicrobe.strain:bacdive_137044
straininfo.strain:93897	straininfo.deposit:368432		conflicting_bacdive_reference_not_used	bacdive:155548; deposit matches kgmicrobe.strain:bacdive_133126
straininfo.strain:93897	straininfo.deposit:533447		conflicting_bacdive_reference_not_used	bacdive:155548; deposit matches kgmicrobe.strain:bacdive_153039
straininfo.strain:93897	straininfo.deposit:533449		conflicting_bacdive_reference_not_used	bacdive:155548; deposit matches kgmicrobe.strain:bacdive_153039
straininfo.strain:93903	straininfo.deposit:300441		conflicting_bacdive_reference_not_used	bacdive:135748; deposit matches kgmicrobe.strain:bacdive_134097
straininfo.strain:93903	straininfo.deposit:381738		conflicting_bacdive_reference_not_used	bacdive:135748; deposit matches kgmicrobe.strain:bacdive_134097
straininfo.strain:9417	straininfo.deposit:145523		conflicting_bacdive_reference_not_used	bacdive:137239; deposit matches kgmicrobe.strain:bacdive_148112
straininfo.strain:9425	straininfo.deposit:890463		conflicting_bacdive_reference_not_used	bacdive:14718; deposit matches kgmicrobe.strain:bacdive_24170
straininfo.strain:9425	straininfo.deposit:890464		conflicting_bacdive_reference_not_used	bacdive:14718; deposit matches kgmicrobe.strain:bacdive_24170
straininfo.strain:9521	straininfo.deposit:127887		conflicting_bacdive_reference_not_used	bacdive:254; deposit matches kgmicrobe.strain:bacdive_146082
straininfo.strain:97552	straininfo.deposit:319963		conflicting_bacdive_reference_not_used	bacdive:5658; deposit matches kgmicrobe.strain:bacdive_5659
straininfo.strain:97552	straininfo.deposit:376965		conflicting_bacdive_reference_not_used	bacdive:5658; deposit matches kgmicrobe.strain:bacdive_5659
straininfo.strain:97552	straininfo.deposit:907762		conflicting_bacdive_reference_not_used	bacdive:5658; deposit matches kgmicrobe.strain:bacdive_5659
straininfo.strain:9908	straininfo.deposit:159272		conflicting_bacdive_reference_not_used	bacdive:11461; deposit matches kgmicrobe.strain:bacdive_11462
straininfo.strain:9916	straininfo.deposit:156593		conflicting_bacdive_reference_not_used	bacdive:11545; deposit matches kgmicrobe.strain:bacdive_11544
straininfo.strain:9916	straininfo.deposit:163654		conflicting_bacdive_reference_not_used	bacdive:11545; deposit matches kgmicrobe.strain:bacdive_11547
straininfo.strain:9916	straininfo.deposit:163664		conflicting_bacdive_reference_not_used	bacdive:11545; deposit matches kgmicrobe.strain:bacdive_11548
straininfo.strain:9916	straininfo.deposit:38995		conflicting_bacdive_reference_not_used	bacdive:11545; deposit matches kgmicrobe.strain:bacdive_11547
straininfo.strain:9916	straininfo.deposit:41326		conflicting_bacdive_reference_not_used	bacdive:11545; deposit matches kgmicrobe.strain:bacdive_11544
straininfo.strain:9916	straininfo.deposit:41326		conflicting_bacdive_reference_not_used	bacdive:11545; deposit matches kgmicrobe.strain:bacdive_11548
straininfo.strain:9916	straininfo.deposit:41327		conflicting_bacdive_reference_not_used	bacdive:11545; deposit matches kgmicrobe.strain:bacdive_11544
straininfo.strain:9916	straininfo.deposit:41330		conflicting_bacdive_reference_not_used	bacdive:11545; deposit matches kgmicrobe.strain:bacdive_11544
straininfo.strain:9916	straininfo.deposit:41344		conflicting_bacdive_reference_not_used	bacdive:11545; deposit matches kgmicrobe.strain:bacdive_11548
straininfo.strain:99593	straininfo.deposit:320037		conflicting_bacdive_reference_not_used	bacdive:5604; deposit matches kgmicrobe.strain:bacdive_132751
straininfo.strain:99593	straininfo.deposit:379553		conflicting_bacdive_reference_not_used	bacdive:5604; deposit matches kgmicrobe.strain:bacdive_132751
straininfo.strain:99593	straininfo.deposit:692166		conflicting_bacdive_reference_not_used	bacdive:5604; deposit matches kgmicrobe.strain:bacdive_132751
straininfo.strain:99605	straininfo.deposit:320040		conflicting_bacdive_reference_not_used	bacdive:5607; deposit matches kgmicrobe.strain:bacdive_131101
straininfo.strain:99605	straininfo.deposit:52796		conflicting_bacdive_reference_not_used	bacdive:5607; deposit matches kgmicrobe.strain:bacdive_131101
straininfo.strain:9979	straininfo.deposit:159315		conflicting_bacdive_reference_not_used	bacdive:11516; deposit matches kgmicrobe.strain:bacdive_11517
straininfo.strain:9979	straininfo.deposit:39207		conflicting_bacdive_reference_not_used	bacdive:11516; deposit matches kgmicrobe.strain:bacdive_11517
straininfo.strain:9979	straininfo.deposit:39210		conflicting_bacdive_reference_not_used	bacdive:11516; deposit matches kgmicrobe.strain:bacdive_11517
