taxon_id	assertion_count
NCBITaxon:100	1
NCBITaxon:1000562	1
NCBITaxon:100133	2
NCBITaxon:1002220	2
NCBITaxon:1002227	2
NCBITaxon:1002367	9
NCBITaxon:1002689	26
NCBITaxon:1002691	22
NCBITaxon:1003091	4
NCBITaxon:1003110	1
NCBITaxon:1004150	1
NCBITaxon:1004261	27
NCBITaxon:1004279	14
NCBITaxon:1004304	20
NCBITaxon:1004316	1
NCBITaxon:1004322	1
NCBITaxon:1004326	1
NCBITaxon:1004583	2
NCBITaxon:100469	3
NCBITaxon:1005	1
NCBITaxon:1005740	23
NCBITaxon:1005926	27
NCBITaxon:1005928	24
NCBITaxon:1005944	25
NCBITaxon:1005945	19
NCBITaxon:1005995	1
NCBITaxon:1005996	1
NCBITaxon:1006000	1
NCBITaxon:1006003	1
NCBITaxon:1006155	18
NCBITaxon:1006576	19
NCBITaxon:1007092	1
NCBITaxon:1007097	26
NCBITaxon:1007098	23
NCBITaxon:1007099	1
NCBITaxon:1007511	21
NCBITaxon:1007516	21
NCBITaxon:1007676	1
NCBITaxon:1008308	24
NCBITaxon:1008392	1
NCBITaxon:1009370	2
NCBITaxon:1009852	1
NCBITaxon:101059	11
NCBITaxon:1010610	10
NCBITaxon:101070	1
NCBITaxon:101571	6
NCBITaxon:101689	3
NCBITaxon:1017184	17
NCBITaxon:1017354	1
NCBITaxon:1018	1
NCBITaxon:102170	2
NCBITaxon:1022	3
NCBITaxon:102226	1
NCBITaxon:102227	1
NCBITaxon:102618	7
NCBITaxon:102619	1
NCBITaxon:102684	1
NCBITaxon:1027249	30
NCBITaxon:1027371	6
NCBITaxon:1027633	24
NCBITaxon:1028	1
NCBITaxon:1028750	1
NCBITaxon:1031541	26
NCBITaxon:1031542	8
NCBITaxon:1031564	4
NCBITaxon:1031594	25
NCBITaxon:1031753	5
NCBITaxon:1032070	4
NCBITaxon:1032238	18
NCBITaxon:1032239	8
NCBITaxon:1032240	13
NCBITaxon:1032241	15
NCBITaxon:103232	1
NCBITaxon:1032476	16
NCBITaxon:1032623	4
NCBITaxon:1033734	1
NCBITaxon:1033736	1
NCBITaxon:1033739	1
NCBITaxon:1033740	1
NCBITaxon:1033741	1
NCBITaxon:1033846	19
NCBITaxon:1034346	2
NCBITaxon:1034471	8
NCBITaxon:1034943	8
NCBITaxon:1034944	9
NCBITaxon:1035	4
NCBITaxon:1035043	1
NCBITaxon:1035120	20
NCBITaxon:1035184	2
NCBITaxon:1035188	1
NCBITaxon:1035194	1
NCBITaxon:1035196	2
NCBITaxon:1035271	1
NCBITaxon:1035707	23
NCBITaxon:1035839	1
NCBITaxon:1036171	1
NCBITaxon:1036181	23
NCBITaxon:1036182	16
NCBITaxon:1036778	6
NCBITaxon:1036779	6
NCBITaxon:1036780	6
NCBITaxon:103728	4
NCBITaxon:103729	6
NCBITaxon:103732	4
NCBITaxon:103733	4
NCBITaxon:103734	5
NCBITaxon:1037362	1
NCBITaxon:1037382	19
NCBITaxon:1037680	1
NCBITaxon:1038014	1
NCBITaxon:103816	1
NCBITaxon:103836	4
NCBITaxon:103837	5
NCBITaxon:103838	4
NCBITaxon:1038869	13
NCBITaxon:103891	2
NCBITaxon:103892	2
NCBITaxon:1038929	26
NCBITaxon:104098	1
NCBITaxon:1041147	14
NCBITaxon:1041641	23
NCBITaxon:104206	1
NCBITaxon:104268	1
NCBITaxon:104269	1
NCBITaxon:1042984	4
NCBITaxon:1043168	15
NCBITaxon:104336	2
NCBITaxon:1043493	23
NCBITaxon:1045004	2
NCBITaxon:1045501	23
NCBITaxon:1045773	23
NCBITaxon:1045774	27
NCBITaxon:1045775	23
NCBITaxon:1045776	14
NCBITaxon:1046556	26
NCBITaxon:1046593	1
NCBITaxon:1048	2
NCBITaxon:1048339	1
NCBITaxon:1048340	15
NCBITaxon:1048357	18
NCBITaxon:1048394	24
NCBITaxon:1048753	22
NCBITaxon:1049	2
NCBITaxon:1049199	22
NCBITaxon:1050107	2
NCBITaxon:1050153	11
NCBITaxon:1050174	4
NCBITaxon:1050201	2
NCBITaxon:1050202	5
NCBITaxon:1051139	23
NCBITaxon:1051501	8
NCBITaxon:1051646	4
NCBITaxon:1051981	1
NCBITaxon:1051985	7
NCBITaxon:1052	4
NCBITaxon:1052017	1
NCBITaxon:1052257	14
NCBITaxon:1052258	21
NCBITaxon:1052259	22
NCBITaxon:1052260	22
NCBITaxon:1053547	21
NCBITaxon:1053688	2
NCBITaxon:1054	2
NCBITaxon:1054041	21
NCBITaxon:1054550	1
NCBITaxon:1054862	1
NCBITaxon:1054972	28
NCBITaxon:1054996	1
NCBITaxon:1055355	24
NCBITaxon:1055487	13
NCBITaxon:1056982	10
NCBITaxon:1057	2
NCBITaxon:105751	5
NCBITaxon:1058	2
NCBITaxon:105843	1
NCBITaxon:105972	2
NCBITaxon:105973	2
NCBITaxon:1061	3
NCBITaxon:1062	1
NCBITaxon:106262	2
NCBITaxon:1063	2
NCBITaxon:106370	10
NCBITaxon:106411	16
NCBITaxon:106412	1
NCBITaxon:106413	10
NCBITaxon:1064514	1
NCBITaxon:1064516	17
NCBITaxon:1064517	18
NCBITaxon:1064518	19
NCBITaxon:1064535	2
NCBITaxon:106578	2
NCBITaxon:106590	8
NCBITaxon:1066	1
NCBITaxon:106634	1
NCBITaxon:1067	2
NCBITaxon:1068979	4
NCBITaxon:1068980	23
NCBITaxon:1069	2
NCBITaxon:1069080	14
NCBITaxon:1069081	20
NCBITaxon:1069161	24
NCBITaxon:1069220	8
NCBITaxon:1069221	10
NCBITaxon:1069448	19
NCBITaxon:1069963	1
NCBITaxon:1070421	15
NCBITaxon:1070424	12
NCBITaxon:1070866	23
NCBITaxon:1070870	1
NCBITaxon:1070872	1
NCBITaxon:1070982	27
NCBITaxon:1071	1
NCBITaxon:1071052	26
NCBITaxon:1071053	26
NCBITaxon:1071054	26
NCBITaxon:1071679	24
NCBITaxon:1071918	14
NCBITaxon:1071947	11
NCBITaxon:1071983	3
NCBITaxon:1072256	1
NCBITaxon:1072463	18
NCBITaxon:1072583	28
NCBITaxon:1072685	2
NCBITaxon:1073253	19
NCBITaxon:1073325	1
NCBITaxon:1073327	29
NCBITaxon:1073328	24
NCBITaxon:1073423	2
NCBITaxon:1073574	9
NCBITaxon:1073999	5
NCBITaxon:1074	2
NCBITaxon:107400	1
NCBITaxon:1074000	5
NCBITaxon:1074311	25
NCBITaxon:1074454	1
NCBITaxon:1074467	6
NCBITaxon:1076	2
NCBITaxon:1076124	17
NCBITaxon:1076125	16
NCBITaxon:1076126	19
NCBITaxon:1076330	22
NCBITaxon:1076331	14
NCBITaxon:1076414	1
NCBITaxon:1076549	7
NCBITaxon:1076551	7
NCBITaxon:1076588	5
NCBITaxon:1076695	26
NCBITaxon:1076937	16
NCBITaxon:107709	1
NCBITaxon:1077144	5
NCBITaxon:1077285	15
NCBITaxon:1077464	12
NCBITaxon:1077675	13
NCBITaxon:1077972	2
NCBITaxon:1077974	8
NCBITaxon:1077975	4
NCBITaxon:1078	1
NCBITaxon:1078020	1
NCBITaxon:1078050	21
NCBITaxon:107820	1
NCBITaxon:1078469	17
NCBITaxon:1078475	26
NCBITaxon:1078754	1
NCBITaxon:1079	2
NCBITaxon:1079109	23
NCBITaxon:1079859	19
NCBITaxon:1079988	1
NCBITaxon:1079994	4
NCBITaxon:108	1
NCBITaxon:1080	2
NCBITaxon:108003	1
NCBITaxon:1080071	7
NCBITaxon:1080072	7
NCBITaxon:1080225	1
NCBITaxon:1080227	24
NCBITaxon:108028	3
NCBITaxon:1081040	9
NCBITaxon:1081097	22
NCBITaxon:108150	1
NCBITaxon:1081601	1
NCBITaxon:1081736	1
NCBITaxon:1082	2
NCBITaxon:1082276	2
NCBITaxon:1082345	21
NCBITaxon:1082479	22
NCBITaxon:1082580	23
NCBITaxon:1082851	1
NCBITaxon:1082931	1
NCBITaxon:1084	2
NCBITaxon:1084520	1
NCBITaxon:1085	1
NCBITaxon:1085644	8
NCBITaxon:1085647	13
NCBITaxon:1086013	1
NCBITaxon:1086393	1
NCBITaxon:1086726	1
NCBITaxon:1087253	1
NCBITaxon:1087449	24
NCBITaxon:1087479	4
NCBITaxon:1088	1
NCBITaxon:1088767	1
NCBITaxon:1088883	1
NCBITaxon:1089305	1
NCBITaxon:1089439	26
NCBITaxon:1089453	1
NCBITaxon:1089454	6
NCBITaxon:1089455	1
NCBITaxon:1089545	5
NCBITaxon:1089546	2
NCBITaxon:1089547	25
NCBITaxon:1089548	2
NCBITaxon:1089549	22
NCBITaxon:1089550	23
NCBITaxon:1089551	1
NCBITaxon:1089552	2
NCBITaxon:1089553	2
NCBITaxon:1090320	1
NCBITaxon:1090615	1
NCBITaxon:1091038	4
NCBITaxon:1091042	2
NCBITaxon:1091046	2
NCBITaxon:1092	2
NCBITaxon:109263	1
NCBITaxon:109325	2
NCBITaxon:1094	2
NCBITaxon:1094466	1
NCBITaxon:1094491	3
NCBITaxon:1094551	5
NCBITaxon:1094553	1
NCBITaxon:109472	1
NCBITaxon:1095025	24
NCBITaxon:1095026	24
NCBITaxon:1095729	8
NCBITaxon:1095731	2
NCBITaxon:1095744	1
NCBITaxon:1095747	1
NCBITaxon:1095749	1
NCBITaxon:1095777	27
NCBITaxon:1095805	2
NCBITaxon:1095900	1
NCBITaxon:1095914	1
NCBITaxon:1096091	23
NCBITaxon:1096341	20
NCBITaxon:1096779	26
NCBITaxon:1097	3
NCBITaxon:1097667	23
NCBITaxon:1098	7
NCBITaxon:110	1
NCBITaxon:1100	2
NCBITaxon:110101	1
NCBITaxon:1101402	16
NCBITaxon:110500	2
NCBITaxon:110505	1
NCBITaxon:1105143	12
NCBITaxon:1105144	1
NCBITaxon:1105145	5
NCBITaxon:110578	1
NCBITaxon:1107316	7
NCBITaxon:1108	4
NCBITaxon:1108044	12
NCBITaxon:1108045	2
NCBITaxon:110845	16
NCBITaxon:1108595	20
NCBITaxon:1108801	16
NCBITaxon:1108812	9
NCBITaxon:1108969	10
NCBITaxon:110933	1
NCBITaxon:110935	5
NCBITaxon:1109412	13
NCBITaxon:1109740	24
NCBITaxon:111015	1
NCBITaxon:1110546	8
NCBITaxon:1110697	5
NCBITaxon:1111115	1
NCBITaxon:1111140	12
NCBITaxon:111143	13
NCBITaxon:1111473	25
NCBITaxon:1111728	1
NCBITaxon:1111729	6
NCBITaxon:1111730	23
NCBITaxon:1111731	1
NCBITaxon:1111732	2
NCBITaxon:1111733	18
NCBITaxon:1111734	2
NCBITaxon:1111735	1
NCBITaxon:1111737	7
NCBITaxon:1111738	6
NCBITaxon:1111760	6
NCBITaxon:1112212	5
NCBITaxon:1113644	1
NCBITaxon:1113645	1
NCBITaxon:1113915	1
NCBITaxon:1114878	17
NCBITaxon:1114880	14
NCBITaxon:1114962	21
NCBITaxon:1114972	7
NCBITaxon:111519	2
NCBITaxon:1115511	1
NCBITaxon:1115515	5
NCBITaxon:1115758	2
NCBITaxon:1117041	23
NCBITaxon:1117177	2
NCBITaxon:1117314	3
NCBITaxon:1117316	1
NCBITaxon:1117379	8
NCBITaxon:1117645	5
NCBITaxon:1117647	20
NCBITaxon:1117702	17
NCBITaxon:1117703	21
NCBITaxon:1117704	1
NCBITaxon:1117708	5
NCBITaxon:111802	9
NCBITaxon:111803	7
NCBITaxon:111804	4
NCBITaxon:1118054	1
NCBITaxon:111806	4
NCBITaxon:1118202	2
NCBITaxon:1118379	9
NCBITaxon:1119056	17
NCBITaxon:1119058	1
NCBITaxon:1119529	2
NCBITaxon:1119534	23
NCBITaxon:1120917	18
NCBITaxon:1120918	2
NCBITaxon:1120920	2
NCBITaxon:1120921	6
NCBITaxon:1120923	1
NCBITaxon:1120924	5
NCBITaxon:1120925	1
NCBITaxon:1120928	1
NCBITaxon:1120929	1
NCBITaxon:1120931	1
NCBITaxon:1120932	4
NCBITaxon:1120933	2
NCBITaxon:1120934	1
NCBITaxon:1120935	6
NCBITaxon:1120936	1
NCBITaxon:1120937	2
NCBITaxon:1120940	4
NCBITaxon:1120941	6
NCBITaxon:1120942	11
NCBITaxon:1120943	4
NCBITaxon:1120944	1
NCBITaxon:1120945	5
NCBITaxon:1120946	3
NCBITaxon:1120947	4
NCBITaxon:1120948	6
NCBITaxon:1120950	20
NCBITaxon:1120951	25
NCBITaxon:1120952	7
NCBITaxon:1120953	30
NCBITaxon:1120954	19
NCBITaxon:1120955	2
NCBITaxon:1120956	20
NCBITaxon:1120957	2
NCBITaxon:1120959	25
NCBITaxon:1120960	25
NCBITaxon:1120962	5
NCBITaxon:1120963	1
NCBITaxon:1120964	21
NCBITaxon:1120965	13
NCBITaxon:1120966	5
NCBITaxon:1120967	25
NCBITaxon:1120968	19
NCBITaxon:1120969	23
NCBITaxon:1120970	23
NCBITaxon:1120971	19
NCBITaxon:1120973	15
NCBITaxon:1120975	2
NCBITaxon:1120976	2
NCBITaxon:1120978	1
NCBITaxon:1120979	11
NCBITaxon:1120980	1
NCBITaxon:1120981	1
NCBITaxon:1120983	18
NCBITaxon:1120984	17
NCBITaxon:1120985	2
NCBITaxon:1120987	24
NCBITaxon:1120988	2
NCBITaxon:1120989	19
NCBITaxon:1120990	2
NCBITaxon:1120991	22
NCBITaxon:1120992	2
NCBITaxon:1120995	24
NCBITaxon:1120996	24
NCBITaxon:1120997	1
NCBITaxon:1120998	2
NCBITaxon:1120999	23
NCBITaxon:1121001	22
NCBITaxon:1121002	20
NCBITaxon:1121003	13
NCBITaxon:1121004	4
NCBITaxon:1121005	25
NCBITaxon:1121006	5
NCBITaxon:1121010	19
NCBITaxon:1121011	21
NCBITaxon:1121012	7
NCBITaxon:1121013	23
NCBITaxon:1121014	24
NCBITaxon:1121015	21
NCBITaxon:1121016	1
NCBITaxon:1121017	6
NCBITaxon:1121018	2
NCBITaxon:1121019	14
NCBITaxon:1121020	2
NCBITaxon:1121021	7
NCBITaxon:1121022	1
NCBITaxon:1121023	1
NCBITaxon:1121024	11
NCBITaxon:1121025	2
NCBITaxon:1121026	23
NCBITaxon:1121027	17
NCBITaxon:1121028	22
NCBITaxon:1121031	1
NCBITaxon:1121032	14
NCBITaxon:1121033	1
NCBITaxon:1121085	26
NCBITaxon:1121086	26
NCBITaxon:1121087	27
NCBITaxon:1121089	16
NCBITaxon:1121091	16
NCBITaxon:1121092	27
NCBITaxon:1121093	1
NCBITaxon:1121096	2
NCBITaxon:1121097	21
NCBITaxon:1121099	22
NCBITaxon:1121100	2
NCBITaxon:1121102	2
NCBITaxon:1121103	5
NCBITaxon:1121104	21
NCBITaxon:1121106	15
NCBITaxon:1121107	2
NCBITaxon:1121108	2
NCBITaxon:1121109	2
NCBITaxon:1121110	2
NCBITaxon:1121112	10
NCBITaxon:1121114	2
NCBITaxon:1121115	1
NCBITaxon:1121116	24
NCBITaxon:1121117	1
NCBITaxon:1121118	11
NCBITaxon:1121119	7
NCBITaxon:1121120	1
NCBITaxon:1121121	2
NCBITaxon:1121122	24
NCBITaxon:1121123	22
NCBITaxon:1121125	26
NCBITaxon:1121126	6
NCBITaxon:1121127	12
NCBITaxon:1121128	8
NCBITaxon:1121129	8
NCBITaxon:1121130	8
NCBITaxon:1121131	1
NCBITaxon:1121132	2
NCBITaxon:1121255	12
NCBITaxon:1121256	19
NCBITaxon:1121257	2
NCBITaxon:1121258	20
NCBITaxon:1121259	2
NCBITaxon:1121261	2
NCBITaxon:1121262	2
NCBITaxon:1121263	2
NCBITaxon:1121264	2
NCBITaxon:1121266	2
NCBITaxon:1121267	12
NCBITaxon:1121269	2
NCBITaxon:1121270	15
NCBITaxon:1121271	21
NCBITaxon:1121272	1
NCBITaxon:1121274	20
NCBITaxon:1121275	23
NCBITaxon:1121278	15
NCBITaxon:1121279	1
NCBITaxon:1121280	1
NCBITaxon:1121281	1
NCBITaxon:1121282	1
NCBITaxon:1121283	7
NCBITaxon:1121286	27
NCBITaxon:1121287	14
NCBITaxon:1121288	26
NCBITaxon:1121289	21
NCBITaxon:1121290	2
NCBITaxon:1121291	2
NCBITaxon:1121293	2
NCBITaxon:1121295	1
NCBITaxon:1121296	2
NCBITaxon:1121297	2
NCBITaxon:1121299	21
NCBITaxon:1121300	19
NCBITaxon:1121301	4
NCBITaxon:1121302	23
NCBITaxon:1121304	2
NCBITaxon:1121305	2
NCBITaxon:1121306	2
NCBITaxon:1121307	2
NCBITaxon:1121309	2
NCBITaxon:1121310	2
NCBITaxon:1121311	2
NCBITaxon:1121312	1
NCBITaxon:1121314	1
NCBITaxon:1121316	1
NCBITaxon:1121317	6
NCBITaxon:1121318	2
NCBITaxon:1121319	23
NCBITaxon:1121320	2
NCBITaxon:1121321	1
NCBITaxon:1121323	8
NCBITaxon:1121324	17
NCBITaxon:1121325	2
NCBITaxon:1121326	2
NCBITaxon:1121327	8
NCBITaxon:1121329	2
NCBITaxon:1121330	2
NCBITaxon:1121331	9
NCBITaxon:1121333	1
NCBITaxon:1121335	2
NCBITaxon:1121336	2
NCBITaxon:1121337	19
NCBITaxon:1121338	26
NCBITaxon:1121339	2
NCBITaxon:1121340	2
NCBITaxon:1121341	2
NCBITaxon:1121342	2
NCBITaxon:1121343	2
NCBITaxon:1121344	2
NCBITaxon:1121345	2
NCBITaxon:1121346	20
NCBITaxon:1121347	14
NCBITaxon:1121348	1
NCBITaxon:1121349	24
NCBITaxon:1121351	1
NCBITaxon:1121352	1
NCBITaxon:1121353	5
NCBITaxon:1121354	4
NCBITaxon:1121355	12
NCBITaxon:1121356	4
NCBITaxon:1121357	6
NCBITaxon:1121360	3
NCBITaxon:1121361	2
NCBITaxon:1121362	9
NCBITaxon:1121363	11
NCBITaxon:1121365	7
NCBITaxon:1121366	6
NCBITaxon:1121367	9
NCBITaxon:1121368	2
NCBITaxon:1121369	4
NCBITaxon:1121370	5
NCBITaxon:1121371	1
NCBITaxon:1121372	22
NCBITaxon:1121373	4
NCBITaxon:1121375	22
NCBITaxon:1121377	4
NCBITaxon:1121378	19
NCBITaxon:1121379	18
NCBITaxon:1121380	1
NCBITaxon:1121381	21
NCBITaxon:1121382	1
NCBITaxon:1121383	13
NCBITaxon:1121385	6
NCBITaxon:1121386	2
NCBITaxon:1121387	11
NCBITaxon:1121388	1
NCBITaxon:1121389	9
NCBITaxon:1121390	2
NCBITaxon:1121391	2
NCBITaxon:1121392	20
NCBITaxon:1121393	19
NCBITaxon:1121394	18
NCBITaxon:1121395	1
NCBITaxon:1121396	2
NCBITaxon:1121397	2
NCBITaxon:1121398	20
NCBITaxon:1121399	2
NCBITaxon:1121400	2
NCBITaxon:1121401	2
NCBITaxon:1121402	2
NCBITaxon:1121403	23
NCBITaxon:1121404	2
NCBITaxon:1121405	2
NCBITaxon:1121406	23
NCBITaxon:1121409	2
NCBITaxon:1121410	26
NCBITaxon:1121411	2
NCBITaxon:1121412	4
NCBITaxon:1121413	21
NCBITaxon:1121414	27
NCBITaxon:1121415	2
NCBITaxon:1121416	25
NCBITaxon:1121418	2
NCBITaxon:1121419	22
NCBITaxon:1121420	2
NCBITaxon:1121421	2
NCBITaxon:1121422	19
NCBITaxon:1121423	2
NCBITaxon:1121424	25
NCBITaxon:1121425	2
NCBITaxon:1121426	2
NCBITaxon:1121427	2
NCBITaxon:1121429	4
NCBITaxon:1121430	1
NCBITaxon:1121431	2
NCBITaxon:1121432	1
NCBITaxon:1121433	2
NCBITaxon:1121434	2
NCBITaxon:1121435	2
NCBITaxon:1121436	28
NCBITaxon:1121438	2
NCBITaxon:1121440	2
NCBITaxon:1121441	26
NCBITaxon:1121443	2
NCBITaxon:1121445	2
NCBITaxon:1121446	17
NCBITaxon:1121447	13
NCBITaxon:1121449	22
NCBITaxon:1121450	2
NCBITaxon:1121452	21
NCBITaxon:1121453	2
NCBITaxon:1121454	2
NCBITaxon:1121455	2
NCBITaxon:1121456	2
NCBITaxon:1121457	21
NCBITaxon:1121458	2
NCBITaxon:1121459	1
NCBITaxon:1121460	26
NCBITaxon:1121462	14
NCBITaxon:1121463	2
NCBITaxon:1121464	2
NCBITaxon:1121465	26
NCBITaxon:1121466	2
NCBITaxon:1121467	2
NCBITaxon:1121468	14
NCBITaxon:1121470	2
NCBITaxon:1121472	17
NCBITaxon:1121473	2
NCBITaxon:1121475	2
NCBITaxon:1121476	27
NCBITaxon:1121477	10
NCBITaxon:1121478	14
NCBITaxon:1121479	20
NCBITaxon:1121480	2
NCBITaxon:1121481	20
NCBITaxon:1121482	22
NCBITaxon:1121483	20
NCBITaxon:1121484	22
NCBITaxon:1121485	2
NCBITaxon:1121859	26
NCBITaxon:1121860	14
NCBITaxon:1121861	17
NCBITaxon:1121862	1
NCBITaxon:1121863	14
NCBITaxon:1121864	2
NCBITaxon:1121865	1
NCBITaxon:1121866	18
NCBITaxon:1121867	1
NCBITaxon:1121868	16
NCBITaxon:1121869	5
NCBITaxon:1121871	3
NCBITaxon:1121873	16
NCBITaxon:1121874	1
NCBITaxon:1121875	23
NCBITaxon:1121878	1
NCBITaxon:1121879	1
NCBITaxon:1121880	17
NCBITaxon:1121881	7
NCBITaxon:1121882	16
NCBITaxon:1121883	2
NCBITaxon:1121884	12
NCBITaxon:1121885	13
NCBITaxon:1121886	1
NCBITaxon:1121887	25
NCBITaxon:1121888	18
NCBITaxon:1121889	24
NCBITaxon:1121890	1
NCBITaxon:1121894	15
NCBITaxon:1121895	21
NCBITaxon:1121896	23
NCBITaxon:1121897	23
NCBITaxon:1121898	22
NCBITaxon:1121899	23
NCBITaxon:1121900	12
NCBITaxon:1121901	2
NCBITaxon:1121902	1
NCBITaxon:1121903	1
NCBITaxon:1121904	1
NCBITaxon:1121905	2
NCBITaxon:1121906	15
NCBITaxon:1121907	22
NCBITaxon:1121908	2
NCBITaxon:1121909	24
NCBITaxon:1121911	2
NCBITaxon:1121912	1
NCBITaxon:1121915	1
NCBITaxon:1121917	9
NCBITaxon:1121918	1
NCBITaxon:1121919	22
NCBITaxon:1121920	1
NCBITaxon:1121921	21
NCBITaxon:1121922	12
NCBITaxon:1121924	8
NCBITaxon:1121925	9
NCBITaxon:1121926	12
NCBITaxon:1121927	10
NCBITaxon:1121928	17
NCBITaxon:1121929	28
NCBITaxon:1121930	26
NCBITaxon:1121933	20
NCBITaxon:1121934	28
NCBITaxon:1121935	26
NCBITaxon:1121936	25
NCBITaxon:1121937	20
NCBITaxon:1121938	28
NCBITaxon:1121939	26
NCBITaxon:1121940	1
NCBITaxon:1121941	1
NCBITaxon:1121942	25
NCBITaxon:1121943	28
NCBITaxon:1121946	2
NCBITaxon:1121947	6
NCBITaxon:1121948	24
NCBITaxon:1121950	9
NCBITaxon:1121952	21
NCBITaxon:1121953	6
NCBITaxon:1121954	1
NCBITaxon:1121955	22
NCBITaxon:1121956	1
NCBITaxon:1121957	5
NCBITaxon:1121959	23
NCBITaxon:1122124	28
NCBITaxon:1122125	4
NCBITaxon:1122128	28
NCBITaxon:1122129	1
NCBITaxon:1122130	20
NCBITaxon:1122131	1
NCBITaxon:1122132	22
NCBITaxon:1122133	23
NCBITaxon:1122134	27
NCBITaxon:1122135	1
NCBITaxon:1122136	1
NCBITaxon:1122137	25
NCBITaxon:1122138	18
NCBITaxon:1122139	25
NCBITaxon:1122140	25
NCBITaxon:1122142	2
NCBITaxon:1122143	23
NCBITaxon:1122146	15
NCBITaxon:1122147	1
NCBITaxon:1122150	5
NCBITaxon:1122152	4
NCBITaxon:1122153	8
NCBITaxon:1122154	10
NCBITaxon:1122155	1
NCBITaxon:1122156	1
NCBITaxon:1122158	21
NCBITaxon:1122159	4
NCBITaxon:1122160	1
NCBITaxon:1122161	1
NCBITaxon:1122164	1
NCBITaxon:1122167	1
NCBITaxon:1122169	1
NCBITaxon:1122170	1
NCBITaxon:1122171	8
NCBITaxon:1122172	13
NCBITaxon:1122173	1
NCBITaxon:1122174	8
NCBITaxon:1122175	25
NCBITaxon:1122176	20
NCBITaxon:1122179	1
NCBITaxon:1122180	26
NCBITaxon:1122181	22
NCBITaxon:1122182	1
NCBITaxon:1122183	6
NCBITaxon:1122184	20
NCBITaxon:1122185	14
NCBITaxon:1122187	23
NCBITaxon:1122188	25
NCBITaxon:1122189	2
NCBITaxon:1122190	1
NCBITaxon:1122191	20
NCBITaxon:1122192	24
NCBITaxon:1122193	26
NCBITaxon:1122194	27
NCBITaxon:1122195	16
NCBITaxon:1122197	10
NCBITaxon:1122198	26
NCBITaxon:1122199	14
NCBITaxon:1122201	22
NCBITaxon:1122202	23
NCBITaxon:1122203	20
NCBITaxon:1122206	27
NCBITaxon:1122207	1
NCBITaxon:1122208	1
NCBITaxon:1122209	1
NCBITaxon:1122211	26
NCBITaxon:1122213	25
NCBITaxon:1122214	27
NCBITaxon:1122215	22
NCBITaxon:1122216	1
NCBITaxon:1122217	16
NCBITaxon:1122218	19
NCBITaxon:1122219	2
NCBITaxon:1122220	16
NCBITaxon:1122222	1
NCBITaxon:1122224	20
NCBITaxon:1122226	29
NCBITaxon:1122227	8
NCBITaxon:1122228	2
NCBITaxon:1122234	14
NCBITaxon:1122235	3
NCBITaxon:1122236	1
NCBITaxon:1122237	1
NCBITaxon:1122239	25
NCBITaxon:1122241	2
NCBITaxon:1122244	4
NCBITaxon:1122246	15
NCBITaxon:1122247	5
NCBITaxon:1122249	2
NCBITaxon:1122256	1
NCBITaxon:1122261	1
NCBITaxon:112234	2
NCBITaxon:1122595	2
NCBITaxon:1122597	2
NCBITaxon:1122599	22
NCBITaxon:1122600	15
NCBITaxon:1122601	16
NCBITaxon:1122602	25
NCBITaxon:1122603	1
NCBITaxon:1122604	20
NCBITaxon:1122605	25
NCBITaxon:1122606	19
NCBITaxon:1122607	21
NCBITaxon:1122608	21
NCBITaxon:1122609	1
NCBITaxon:1122610	20
NCBITaxon:1122611	24
NCBITaxon:1122612	19
NCBITaxon:1122614	28
NCBITaxon:1122618	1
NCBITaxon:1122619	10
NCBITaxon:1122620	16
NCBITaxon:1122621	23
NCBITaxon:1122622	19
NCBITaxon:1122623	20
NCBITaxon:1122915	1
NCBITaxon:1122918	21
NCBITaxon:1122919	18
NCBITaxon:1122920	24
NCBITaxon:1122922	26
NCBITaxon:1122923	10
NCBITaxon:1122925	10
NCBITaxon:1122926	23
NCBITaxon:1122927	24
NCBITaxon:1122928	19
NCBITaxon:1122929	27
NCBITaxon:1122930	2
NCBITaxon:1122932	1
NCBITaxon:1122933	26
NCBITaxon:1122934	1
NCBITaxon:1122935	1
NCBITaxon:1122936	3
NCBITaxon:1122937	2
NCBITaxon:1122938	1
NCBITaxon:1122939	20
NCBITaxon:1122940	26
NCBITaxon:1122946	11
NCBITaxon:1122947	2
NCBITaxon:1122949	2
NCBITaxon:1122951	22
NCBITaxon:1122952	20
NCBITaxon:1122953	24
NCBITaxon:1122954	25
NCBITaxon:1122955	2
NCBITaxon:1122956	2
NCBITaxon:1122957	2
NCBITaxon:1122958	25
NCBITaxon:1122959	26
NCBITaxon:1122962	21
NCBITaxon:1122963	7
NCBITaxon:1122969	26
NCBITaxon:1122971	7
NCBITaxon:1122972	2
NCBITaxon:1122973	2
NCBITaxon:1122974	2
NCBITaxon:1122975	2
NCBITaxon:1122976	2
NCBITaxon:1122977	1
NCBITaxon:1122979	8
NCBITaxon:1122981	2
NCBITaxon:1122982	2
NCBITaxon:1122983	8
NCBITaxon:1122984	2
NCBITaxon:1122987	6
NCBITaxon:1122993	1
NCBITaxon:1122994	7
NCBITaxon:1122996	1
NCBITaxon:1122997	2
NCBITaxon:1122998	1
NCBITaxon:1122999	2
NCBITaxon:1123000	2
NCBITaxon:1123001	2
NCBITaxon:1123002	2
NCBITaxon:1123003	18
NCBITaxon:1123004	2
NCBITaxon:1123005	2
NCBITaxon:1123006	2
NCBITaxon:1123007	21
NCBITaxon:1123008	26
NCBITaxon:1123009	25
NCBITaxon:1123011	2
NCBITaxon:1123012	1
NCBITaxon:1123013	15
NCBITaxon:1123014	22
NCBITaxon:1123015	21
NCBITaxon:1123021	6
NCBITaxon:1123023	23
NCBITaxon:1123025	1
NCBITaxon:1123026	6
NCBITaxon:1123028	23
NCBITaxon:1123029	18
NCBITaxon:1123030	18
NCBITaxon:1123031	1
NCBITaxon:1123032	18
NCBITaxon:1123033	15
NCBITaxon:1123035	21
NCBITaxon:1123036	4
NCBITaxon:1123037	4
NCBITaxon:1123043	1
NCBITaxon:1123052	2
NCBITaxon:1123053	4
NCBITaxon:1123055	20
NCBITaxon:1123056	27
NCBITaxon:1123057	6
NCBITaxon:1123058	2
NCBITaxon:1123059	24
NCBITaxon:1123060	20
NCBITaxon:1123061	25
NCBITaxon:1123062	1
NCBITaxon:1123064	23
NCBITaxon:1123065	27
NCBITaxon:1123066	23
NCBITaxon:1123069	11
NCBITaxon:1123070	1
NCBITaxon:1123071	21
NCBITaxon:1123072	1
NCBITaxon:1123073	22
NCBITaxon:1123075	7
NCBITaxon:1123076	20
NCBITaxon:1123077	1
NCBITaxon:1123078	1
NCBITaxon:1123226	26
NCBITaxon:1123227	13
NCBITaxon:1123228	1
NCBITaxon:1123229	25
NCBITaxon:1123230	26
NCBITaxon:1123231	1
NCBITaxon:1123232	29
NCBITaxon:1123233	29
NCBITaxon:1123234	27
NCBITaxon:1123235	29
NCBITaxon:1123236	27
NCBITaxon:1123237	25
NCBITaxon:1123238	1
NCBITaxon:1123239	19
NCBITaxon:1123240	8
NCBITaxon:1123241	24
NCBITaxon:1123242	19
NCBITaxon:1123243	2
NCBITaxon:1123244	22
NCBITaxon:1123245	2
NCBITaxon:1123246	2
NCBITaxon:1123247	26
NCBITaxon:1123248	23
NCBITaxon:1123249	2
NCBITaxon:1123250	20
NCBITaxon:1123251	28
NCBITaxon:1123256	14
NCBITaxon:1123257	24
NCBITaxon:1123258	13
NCBITaxon:1123260	2
NCBITaxon:1123261	18
NCBITaxon:1123262	22
NCBITaxon:1123263	2
NCBITaxon:1123264	6
NCBITaxon:1123265	1
NCBITaxon:1123266	15
NCBITaxon:1123267	2
NCBITaxon:1123268	22
NCBITaxon:1123269	9
NCBITaxon:1123270	23
NCBITaxon:1123274	21
NCBITaxon:1123275	24
NCBITaxon:1123276	1
NCBITaxon:1123277	22
NCBITaxon:1123278	1
NCBITaxon:1123279	27
NCBITaxon:1123280	21
NCBITaxon:1123281	2
NCBITaxon:1123282	2
NCBITaxon:1123284	24
NCBITaxon:1123285	13
NCBITaxon:1123286	2
NCBITaxon:1123287	2
NCBITaxon:1123288	2
NCBITaxon:1123289	2
NCBITaxon:1123290	1
NCBITaxon:1123291	2
NCBITaxon:1123293	9
NCBITaxon:1123295	9
NCBITaxon:1123296	1
NCBITaxon:1123298	4
NCBITaxon:1123299	4
NCBITaxon:1123300	2
NCBITaxon:1123302	1
NCBITaxon:1123303	2
NCBITaxon:1123304	4
NCBITaxon:1123305	2
NCBITaxon:1123306	4
NCBITaxon:1123307	13
NCBITaxon:1123308	18
NCBITaxon:1123309	4
NCBITaxon:112331	1
NCBITaxon:1123310	2
NCBITaxon:1123311	2
NCBITaxon:1123312	6
NCBITaxon:1123313	2
NCBITaxon:1123314	5
NCBITaxon:1123315	10
NCBITaxon:1123316	2
NCBITaxon:1123317	2
NCBITaxon:1123318	2
NCBITaxon:1123319	4
NCBITaxon:1123320	14
NCBITaxon:1123321	6
NCBITaxon:1123323	7
NCBITaxon:1123324	1
NCBITaxon:1123326	2
NCBITaxon:1123347	15
NCBITaxon:1123349	16
NCBITaxon:1123350	2
NCBITaxon:1123354	1
NCBITaxon:1123355	1
NCBITaxon:1123357	1
NCBITaxon:1123358	1
NCBITaxon:1123359	2
NCBITaxon:1123360	24
NCBITaxon:1123362	24
NCBITaxon:1123364	1
NCBITaxon:1123366	21
NCBITaxon:1123367	1
NCBITaxon:1123368	1
NCBITaxon:1123369	19
NCBITaxon:1123370	2
NCBITaxon:1123371	18
NCBITaxon:1123372	2
NCBITaxon:1123373	1
NCBITaxon:1123374	2
NCBITaxon:1123375	2
NCBITaxon:1123376	17
NCBITaxon:1123378	5
NCBITaxon:1123379	2
NCBITaxon:1123380	20
NCBITaxon:1123382	2
NCBITaxon:1123383	2
NCBITaxon:1123384	1
NCBITaxon:1123385	2
NCBITaxon:1123389	18
NCBITaxon:1123391	1
NCBITaxon:1123392	1
NCBITaxon:1123393	1
NCBITaxon:1123394	23
NCBITaxon:1123397	21
NCBITaxon:1123398	23
NCBITaxon:1123399	3
NCBITaxon:1123400	1
NCBITaxon:1123401	22
NCBITaxon:1123402	14
NCBITaxon:1123403	4
NCBITaxon:1123404	1
NCBITaxon:1123405	1
NCBITaxon:1123487	23
NCBITaxon:1123488	1
NCBITaxon:1123489	20
NCBITaxon:1123490	5
NCBITaxon:1123492	1
NCBITaxon:1123493	26
NCBITaxon:1123500	1
NCBITaxon:1123501	27
NCBITaxon:1123502	20
NCBITaxon:1123503	18
NCBITaxon:1123504	1
NCBITaxon:1123507	25
NCBITaxon:1123508	20
NCBITaxon:1123509	1
NCBITaxon:1123511	2
NCBITaxon:1123513	1
NCBITaxon:1123515	29
NCBITaxon:1123516	29
NCBITaxon:1123517	1
NCBITaxon:1123558	1
NCBITaxon:1123687	21
NCBITaxon:1123721	2
NCBITaxon:1123755	25
NCBITaxon:1123756	22
NCBITaxon:112413	1
NCBITaxon:1124188	19
NCBITaxon:1124239	20
NCBITaxon:1124743	1
NCBITaxon:1124744	1
NCBITaxon:1124754	1
NCBITaxon:1124761	1
NCBITaxon:1124835	13
NCBITaxon:1125699	1
NCBITaxon:1125711	4
NCBITaxon:1125779	9
NCBITaxon:1125875	17
NCBITaxon:1125876	24
NCBITaxon:1125964	24
NCBITaxon:1125967	1
NCBITaxon:1125971	6
NCBITaxon:1125972	5
NCBITaxon:1126831	27
NCBITaxon:1126832	1
NCBITaxon:1126833	1
NCBITaxon:1128111	2
NCBITaxon:1128664	24
NCBITaxon:1128665	24
NCBITaxon:1128667	1
NCBITaxon:1128670	1
NCBITaxon:1128671	1
NCBITaxon:1128672	1
NCBITaxon:1128675	1
NCBITaxon:1128676	1
NCBITaxon:1128677	22
NCBITaxon:1128682	20
NCBITaxon:1128912	1
NCBITaxon:1129133	22
NCBITaxon:1129264	1
NCBITaxon:1129374	23
NCBITaxon:1129547	20
NCBITaxon:1129792	24
NCBITaxon:1129793	18
NCBITaxon:1130080	27
NCBITaxon:1131292	17
NCBITaxon:1131609	1
NCBITaxon:1131703	14
NCBITaxon:1131707	12
NCBITaxon:1131730	7
NCBITaxon:1131731	10
NCBITaxon:1132028	1
NCBITaxon:1132417	27
NCBITaxon:1132444	19
NCBITaxon:1132659	1
NCBITaxon:113288	1
NCBITaxon:1133106	20
NCBITaxon:1133344	18
NCBITaxon:1133347	11
NCBITaxon:1133364	25
NCBITaxon:1133569	1
NCBITaxon:1133857	1
NCBITaxon:1134405	20
NCBITaxon:1134406	23
NCBITaxon:1134413	1
NCBITaxon:1134435	27
NCBITaxon:1134510	1
NCBITaxon:1134687	6
NCBITaxon:1134781	24
NCBITaxon:113559	2
NCBITaxon:113560	2
NCBITaxon:113561	5
NCBITaxon:113562	5
NCBITaxon:113563	2
NCBITaxon:113564	5
NCBITaxon:113566	2
NCBITaxon:113568	5
NCBITaxon:113570	5
NCBITaxon:113571	2
NCBITaxon:1135990	22
NCBITaxon:1136071	21
NCBITaxon:1136073	23
NCBITaxon:1136880	10
NCBITaxon:1136941	22
NCBITaxon:1137799	25
NCBITaxon:1137988	2
NCBITaxon:1137989	15
NCBITaxon:1137990	2
NCBITaxon:1137991	6
NCBITaxon:1137993	2
NCBITaxon:1137994	2
NCBITaxon:1138189	1
NCBITaxon:1138190	1
NCBITaxon:1138194	1
NCBITaxon:1138585	1
NCBITaxon:1138587	25
NCBITaxon:1139219	2
NCBITaxon:1139996	2
NCBITaxon:1140002	1
NCBITaxon:1140003	2
NCBITaxon:114090	1
NCBITaxon:1141106	1
NCBITaxon:1141647	1
NCBITaxon:1141657	2
NCBITaxon:1141660	3
NCBITaxon:1141662	3
NCBITaxon:1141874	1
NCBITaxon:1141878	1
NCBITaxon:1141882	1
NCBITaxon:1141888	16
NCBITaxon:1141889	25
NCBITaxon:1141890	1
NCBITaxon:1141892	1
NCBITaxon:114197	1
NCBITaxon:1142134	21
NCBITaxon:1142239	23
NCBITaxon:114404	19
NCBITaxon:1144275	1
NCBITaxon:1144278	1
NCBITaxon:1144477	24
NCBITaxon:1144478	1
NCBITaxon:1144547	1
NCBITaxon:1144548	24
NCBITaxon:1144553	22
NCBITaxon:1144617	19
NCBITaxon:1144618	24
NCBITaxon:1144750	19
NCBITaxon:1144882	12
NCBITaxon:1147123	16
NCBITaxon:1147159	1
NCBITaxon:114975	1
NCBITaxon:1150112	24
NCBITaxon:1150298	11
NCBITaxon:1150368	27
NCBITaxon:1150371	1
NCBITaxon:1150423	2
NCBITaxon:1150461	1
NCBITaxon:1150468	2
NCBITaxon:1150469	2
NCBITaxon:1150474	18
NCBITaxon:1150621	2
NCBITaxon:1150626	2
NCBITaxon:115335	2
NCBITaxon:115336	1
NCBITaxon:115433	2
NCBITaxon:1154862	1
NCBITaxon:1155073	25
NCBITaxon:115542	1
NCBITaxon:115545	2
NCBITaxon:115551	21
NCBITaxon:1155689	1
NCBITaxon:1155722	1
NCBITaxon:1155956	1
NCBITaxon:1156395	23
NCBITaxon:1156576	25
NCBITaxon:1156985	23
NCBITaxon:1157309	2
NCBITaxon:1157490	23
NCBITaxon:1157498	1
NCBITaxon:115781	1
NCBITaxon:1158052	2
NCBITaxon:1158459	17
NCBITaxon:115852	5
NCBITaxon:1158601	1
NCBITaxon:1158603	1
NCBITaxon:1158612	10
NCBITaxon:1159213	2
NCBITaxon:1159491	21
NCBITaxon:1159496	1
NCBITaxon:1159554	21
NCBITaxon:1159560	1
NCBITaxon:1159613	22
NCBITaxon:1159752	1
NCBITaxon:1159753	1
NCBITaxon:115979	23
NCBITaxon:1160091	5
NCBITaxon:1160095	1
NCBITaxon:1160719	2
NCBITaxon:116087	2
NCBITaxon:1161097	6
NCBITaxon:1161098	2
NCBITaxon:1161099	6
NCBITaxon:116188	1
NCBITaxon:1161902	2
NCBITaxon:1161919	9
NCBITaxon:1162296	1
NCBITaxon:1162633	23
NCBITaxon:1162717	1
NCBITaxon:1162967	1
NCBITaxon:1162970	1
NCBITaxon:1163408	1
NCBITaxon:1163617	17
NCBITaxon:1163776	28
NCBITaxon:1164594	24
NCBITaxon:1165507	25
NCBITaxon:1165689	22
NCBITaxon:1165852	1
NCBITaxon:1166018	21
NCBITaxon:1166073	1
NCBITaxon:1166078	2
NCBITaxon:1166257	22
NCBITaxon:1166323	24
NCBITaxon:1166337	25
NCBITaxon:1167006	2
NCBITaxon:1167092	1
NCBITaxon:1167628	10
NCBITaxon:1168034	1
NCBITaxon:1168035	1
NCBITaxon:1168039	1
NCBITaxon:1168067	28
NCBITaxon:1168171	1
NCBITaxon:1168289	1
NCBITaxon:116849	1
NCBITaxon:1169286	2
NCBITaxon:1169864	1
NCBITaxon:1169913	1
NCBITaxon:1170224	21
NCBITaxon:1171373	2
NCBITaxon:1171543	27
NCBITaxon:117157	1
NCBITaxon:117207	5
NCBITaxon:1172190	2
NCBITaxon:1172192	1
NCBITaxon:1172194	7
NCBITaxon:1172565	13
NCBITaxon:1173101	21
NCBITaxon:1173111	1
NCBITaxon:1173302	1
NCBITaxon:1173584	20
NCBITaxon:1173995	20
NCBITaxon:1174501	25
NCBITaxon:1174504	1
NCBITaxon:117504	2
NCBITaxon:117506	7
NCBITaxon:1175486	20
NCBITaxon:1175516	1
NCBITaxon:117567	4
NCBITaxon:1176176	7
NCBITaxon:1176177	7
NCBITaxon:1176198	24
NCBITaxon:1176239	29
NCBITaxon:1176240	1
NCBITaxon:1176249	1
NCBITaxon:1176257	1
NCBITaxon:1176482	14
NCBITaxon:1176492	1
NCBITaxon:1176697	26
NCBITaxon:1177180	5
NCBITaxon:1177185	27
NCBITaxon:1177574	14
NCBITaxon:1177728	1
NCBITaxon:1177755	2
NCBITaxon:1177982	6
NCBITaxon:1179467	1
NCBITaxon:1179773	1
NCBITaxon:1179777	1
NCBITaxon:1179818	1
NCBITaxon:118005	2
NCBITaxon:118060	16
NCBITaxon:1181879	1
NCBITaxon:1181882	1
NCBITaxon:1181884	25
NCBITaxon:1181886	1
NCBITaxon:1181887	26
NCBITaxon:1182444	20
NCBITaxon:118246	9
NCBITaxon:1182597	1
NCBITaxon:118367	2
NCBITaxon:1184387	2
NCBITaxon:1184607	5
NCBITaxon:1184609	3
NCBITaxon:1184688	1
NCBITaxon:1184706	21
NCBITaxon:1185412	25
NCBITaxon:1185415	22
NCBITaxon:1185650	2
NCBITaxon:1185653	21
NCBITaxon:1185766	21
NCBITaxon:1185843	18
NCBITaxon:1185876	2
NCBITaxon:1187080	25
NCBITaxon:118748	2
NCBITaxon:1187852	21
NCBITaxon:1187856	1
NCBITaxon:1187859	1
NCBITaxon:1188245	2
NCBITaxon:1188247	2
NCBITaxon:1188256	2
NCBITaxon:1188261	26
NCBITaxon:1188319	2
NCBITaxon:1189126	1
NCBITaxon:1189325	20
NCBITaxon:1189613	18
NCBITaxon:1189619	1
NCBITaxon:119000	1
NCBITaxon:1190417	17
NCBITaxon:1190508	2
NCBITaxon:119072	2
NCBITaxon:1191460	10
NCBITaxon:1191699	2
NCBITaxon:119206	5
NCBITaxon:119224	5
NCBITaxon:1192854	1
NCBITaxon:1193500	6
NCBITaxon:1193502	1
NCBITaxon:1193620	24
NCBITaxon:1193682	22
NCBITaxon:1193713	1
NCBITaxon:1194090	25
NCBITaxon:1194168	10
NCBITaxon:119485	2
NCBITaxon:119495	3
NCBITaxon:1195245	2
NCBITaxon:1195763	1
NCBITaxon:119602	1
NCBITaxon:1196056	1
NCBITaxon:1196083	11
NCBITaxon:1196095	10
NCBITaxon:1196353	26
NCBITaxon:1197861	1
NCBITaxon:119863	26
NCBITaxon:119978	1
NCBITaxon:119981	1
NCBITaxon:1200352	8
NCBITaxon:120044	1
NCBITaxon:1201031	6
NCBITaxon:120107	1
NCBITaxon:1201292	1
NCBITaxon:1201293	10
NCBITaxon:120213	3
NCBITaxon:1202450	1
NCBITaxon:1202724	6
NCBITaxon:120298	3
NCBITaxon:1203471	21
NCBITaxon:1203599	11
NCBITaxon:1203608	2
NCBITaxon:1203610	8
NCBITaxon:120370	2
NCBITaxon:120377	7
NCBITaxon:1204385	21
NCBITaxon:1204719	7
NCBITaxon:1205683	8
NCBITaxon:1206085	24
NCBITaxon:1206721	6
NCBITaxon:1206722	8
NCBITaxon:1206723	2
NCBITaxon:1206724	5
NCBITaxon:1206725	4
NCBITaxon:1206726	10
NCBITaxon:1206727	2
NCBITaxon:1206728	5
NCBITaxon:1206729	14
NCBITaxon:1206730	8
NCBITaxon:1206731	18
NCBITaxon:1206732	8
NCBITaxon:1206733	5
NCBITaxon:1206734	6
NCBITaxon:1206735	6
NCBITaxon:1206736	7
NCBITaxon:1206737	8
NCBITaxon:1206738	7
NCBITaxon:1206739	1
NCBITaxon:1206740	1
NCBITaxon:1206741	10
NCBITaxon:1206743	5
NCBITaxon:1206744	13
NCBITaxon:1206753	1
NCBITaxon:1206781	1
NCBITaxon:1206816	1
NCBITaxon:1206817	22
NCBITaxon:1206892	1
NCBITaxon:1206997	1
NCBITaxon:1207039	26
NCBITaxon:1207057	1
NCBITaxon:1207504	6
NCBITaxon:1208313	1
NCBITaxon:1208324	1
NCBITaxon:1208607	6
NCBITaxon:120956	1
NCBITaxon:120958	18
NCBITaxon:1209948	18
NCBITaxon:1209954	17
NCBITaxon:1209958	17
NCBITaxon:1209984	1
NCBITaxon:1210006	2
NCBITaxon:1210061	6
NCBITaxon:1210062	7
NCBITaxon:1210063	1
NCBITaxon:1210064	13
NCBITaxon:1210065	1
NCBITaxon:1210066	10
NCBITaxon:1210067	2
NCBITaxon:1210068	1
NCBITaxon:1210069	8
NCBITaxon:1210070	1
NCBITaxon:1210071	11
NCBITaxon:1210072	1
NCBITaxon:1210073	2
NCBITaxon:1210074	1
NCBITaxon:1210075	6
NCBITaxon:1210076	8
NCBITaxon:1210077	5
NCBITaxon:1210078	1
NCBITaxon:1210080	21
NCBITaxon:1210081	5
NCBITaxon:1210082	23
NCBITaxon:1210083	2
NCBITaxon:1210084	17
NCBITaxon:1210086	3
NCBITaxon:1210087	8
NCBITaxon:1210088	26
NCBITaxon:1210089	1
NCBITaxon:1210090	6
NCBITaxon:1210091	10
NCBITaxon:1210092	1
NCBITaxon:1210093	5
NCBITaxon:1210094	23
NCBITaxon:1210095	2
NCBITaxon:1210096	1
NCBITaxon:1210098	5
NCBITaxon:1210099	5
NCBITaxon:1210100	1
NCBITaxon:1210101	23
NCBITaxon:1211322	1
NCBITaxon:1211323	1
NCBITaxon:1211579	4
NCBITaxon:1211803	27
NCBITaxon:1211806	1
NCBITaxon:1211807	6
NCBITaxon:121291	1
NCBITaxon:121292	1
NCBITaxon:1213358	25
NCBITaxon:1213861	21
NCBITaxon:1214077	25
NCBITaxon:1214117	1
NCBITaxon:1214160	2
NCBITaxon:121428	1
NCBITaxon:1214787	1
NCBITaxon:1214928	1
NCBITaxon:1215089	19
NCBITaxon:1215092	5
NCBITaxon:1215093	1
NCBITaxon:1215094	5
NCBITaxon:1215095	1
NCBITaxon:1215097	1
NCBITaxon:1215098	2
NCBITaxon:1215099	8
NCBITaxon:1215100	4
NCBITaxon:1215102	1
NCBITaxon:1215103	2
NCBITaxon:1215104	1
NCBITaxon:1215105	1
NCBITaxon:1215106	1
NCBITaxon:1215107	1
NCBITaxon:1215108	5
NCBITaxon:1215109	1
NCBITaxon:1215110	6
NCBITaxon:1215112	8
NCBITaxon:1215113	1
NCBITaxon:1215115	1
NCBITaxon:1215117	5
NCBITaxon:1215118	1
NCBITaxon:1215385	24
NCBITaxon:1216006	1
NCBITaxon:1216008	25
NCBITaxon:1216040	21
NCBITaxon:1216062	2
NCBITaxon:121620	1
NCBITaxon:1216297	2
NCBITaxon:1216932	2
NCBITaxon:1216967	1
NCBITaxon:1216968	15
NCBITaxon:1216969	1
NCBITaxon:1216970	3
NCBITaxon:1216971	24
NCBITaxon:1216972	7
NCBITaxon:1216973	5
NCBITaxon:1216974	2
NCBITaxon:1216975	5
NCBITaxon:1216979	1
NCBITaxon:1216982	1
NCBITaxon:121719	27
NCBITaxon:1217282	2
NCBITaxon:121734	1
NCBITaxon:1217420	8
NCBITaxon:1217648	10
NCBITaxon:1217655	10
NCBITaxon:1217657	10
NCBITaxon:1217659	1
NCBITaxon:1217663	6
NCBITaxon:1217664	1
NCBITaxon:1217666	6
NCBITaxon:1217670	1
NCBITaxon:1217676	2
NCBITaxon:1217715	2
NCBITaxon:1217970	1
NCBITaxon:1217988	6
NCBITaxon:1218073	2
NCBITaxon:1218078	1
NCBITaxon:1218079	5
NCBITaxon:1218083	21
NCBITaxon:1218084	16
NCBITaxon:1218087	2
NCBITaxon:1218088	1
NCBITaxon:1218090	1
NCBITaxon:1218091	1
NCBITaxon:1218092	2
NCBITaxon:1218093	1
NCBITaxon:1218097	1
NCBITaxon:1218101	5
NCBITaxon:1218102	1
NCBITaxon:1218107	1
NCBITaxon:1218110	1
NCBITaxon:1218111	16
NCBITaxon:1218112	1
NCBITaxon:1218113	1
NCBITaxon:1218114	8
NCBITaxon:121821	1
NCBITaxon:1218492	2
NCBITaxon:1218493	2
NCBITaxon:1218494	2
NCBITaxon:1218495	2
NCBITaxon:1218506	2
NCBITaxon:1218507	2
NCBITaxon:1218508	2
NCBITaxon:1219010	4
NCBITaxon:1219011	5
NCBITaxon:1219014	5
NCBITaxon:1219015	1
NCBITaxon:1219016	2
NCBITaxon:1219017	1
NCBITaxon:1219019	1
NCBITaxon:1219020	1
NCBITaxon:1219023	6
NCBITaxon:1219024	6
NCBITaxon:1219025	3
NCBITaxon:1219026	10
NCBITaxon:1219027	2
NCBITaxon:1219028	7
NCBITaxon:1219030	7
NCBITaxon:1219032	5
NCBITaxon:1219034	1
NCBITaxon:1219035	2
NCBITaxon:1219038	1
NCBITaxon:1219039	4
NCBITaxon:1219040	1
NCBITaxon:1219041	17
NCBITaxon:1219042	1
NCBITaxon:1219043	20
NCBITaxon:1219044	1
NCBITaxon:1219045	1
NCBITaxon:1219048	1
NCBITaxon:1219049	2
NCBITaxon:1219050	1
NCBITaxon:1219051	1
NCBITaxon:1219052	1
NCBITaxon:1219055	19
NCBITaxon:1219056	1
NCBITaxon:1219057	1
NCBITaxon:1219060	6
NCBITaxon:1219062	1
NCBITaxon:1219063	16
NCBITaxon:1219065	1
NCBITaxon:1219067	1
NCBITaxon:1219068	1
NCBITaxon:1219070	18
NCBITaxon:1219076	1
NCBITaxon:1219077	16
NCBITaxon:1219078	17
NCBITaxon:1219080	1
NCBITaxon:1219085	1
NCBITaxon:1219257	15
NCBITaxon:1219356	6
NCBITaxon:1219359	2
NCBITaxon:1219361	20
NCBITaxon:1219362	2
NCBITaxon:1219383	13
NCBITaxon:1220495	12
NCBITaxon:1220553	6
NCBITaxon:1220556	22
NCBITaxon:1220557	10
NCBITaxon:1220558	1
NCBITaxon:1220559	5
NCBITaxon:1220560	1
NCBITaxon:1220561	4
NCBITaxon:1220562	1
NCBITaxon:1220563	2
NCBITaxon:1220564	4
NCBITaxon:1220565	1
NCBITaxon:1220566	1
NCBITaxon:1220569	4
NCBITaxon:1220571	19
NCBITaxon:1220572	1
NCBITaxon:1220573	20
NCBITaxon:1220574	3
NCBITaxon:1220577	19
NCBITaxon:1220583	1
NCBITaxon:1220584	4
NCBITaxon:1220586	23
NCBITaxon:1220587	12
NCBITaxon:1220588	1
NCBITaxon:1220589	25
NCBITaxon:1220590	2
NCBITaxon:1220591	14
NCBITaxon:1220593	3
NCBITaxon:1220594	9
NCBITaxon:1220595	16
NCBITaxon:1220596	1
NCBITaxon:1221450	1
NCBITaxon:1221500	22
NCBITaxon:1222016	2
NCBITaxon:1223317	20
NCBITaxon:1223489	9
NCBITaxon:1223494	1
NCBITaxon:1223496	4
NCBITaxon:1223500	5
NCBITaxon:1223502	20
NCBITaxon:1223503	20
NCBITaxon:1223505	1
NCBITaxon:1223507	23
NCBITaxon:1223511	5
NCBITaxon:1223512	7
NCBITaxon:1223513	8
NCBITaxon:1223515	28
NCBITaxon:1223516	2
NCBITaxon:1223517	19
NCBITaxon:1223518	27
NCBITaxon:1223521	1
NCBITaxon:1223522	12
NCBITaxon:1223523	6
NCBITaxon:1223525	5
NCBITaxon:1223526	2
NCBITaxon:1223527	13
NCBITaxon:1223528	14
NCBITaxon:1223529	2
NCBITaxon:1223540	2
NCBITaxon:1223541	12
NCBITaxon:1223542	10
NCBITaxon:1223543	1
NCBITaxon:1223544	1
NCBITaxon:1223545	1
NCBITaxon:1223546	4
NCBITaxon:1223548	13
NCBITaxon:122355	2
NCBITaxon:1223568	7
NCBITaxon:1223569	1
NCBITaxon:1223572	9
NCBITaxon:1223573	9
NCBITaxon:1223574	9
NCBITaxon:122358	1
NCBITaxon:1223802	2
NCBITaxon:1224162	18
NCBITaxon:1224163	20
NCBITaxon:1224164	3
NCBITaxon:1224302	20
NCBITaxon:1224718	1
NCBITaxon:1224742	1
NCBITaxon:1224743	1
NCBITaxon:1225127	23
NCBITaxon:1225642	1
NCBITaxon:1225769	1
NCBITaxon:1226327	10
NCBITaxon:1226679	1
NCBITaxon:1226750	4
NCBITaxon:1226751	1
NCBITaxon:1226752	3
NCBITaxon:1226758	14
NCBITaxon:1227077	1
NCBITaxon:1227549	1
NCBITaxon:1227550	1
NCBITaxon:1227553	21
NCBITaxon:1227734	4
NCBITaxon:1229281	2
NCBITaxon:1229493	1
NCBITaxon:1229494	25
NCBITaxon:1229621	2
NCBITaxon:1229656	1
NCBITaxon:1229727	1
NCBITaxon:1229971	20
NCBITaxon:1230341	1
NCBITaxon:1230342	1
NCBITaxon:1230530	1
NCBITaxon:1230531	25
NCBITaxon:1230532	9
NCBITaxon:1230533	1
NCBITaxon:1231000	11
NCBITaxon:1231184	24
NCBITaxon:1231185	20
NCBITaxon:1231337	21
NCBITaxon:1231342	4
NCBITaxon:1232426	2
NCBITaxon:1232427	1
NCBITaxon:1232428	1
NCBITaxon:1232429	1
NCBITaxon:1232430	1
NCBITaxon:1232575	9
NCBITaxon:1233081	1
NCBITaxon:1233099	1
NCBITaxon:123320	1
NCBITaxon:1233677	1
NCBITaxon:1234544	23
NCBITaxon:1234672	16
NCBITaxon:1234680	5
NCBITaxon:1235259	27
NCBITaxon:1235441	26
NCBITaxon:1235480	20
NCBITaxon:1235558	8
NCBITaxon:1235809	2
NCBITaxon:1235811	2
NCBITaxon:1235813	2
NCBITaxon:1235814	2
NCBITaxon:1235997	1
NCBITaxon:1236046	16
NCBITaxon:1236215	22
NCBITaxon:1236220	15
NCBITaxon:1236483	1
NCBITaxon:1236498	21
NCBITaxon:1236500	1
NCBITaxon:1236502	1
NCBITaxon:1236504	10
NCBITaxon:1236509	10
NCBITaxon:1236512	2
NCBITaxon:1236513	9
NCBITaxon:1236514	9
NCBITaxon:1236516	18
NCBITaxon:1236517	2
NCBITaxon:1236518	1
NCBITaxon:1236520	2
NCBITaxon:1236525	1
NCBITaxon:1236529	2
NCBITaxon:1236530	5
NCBITaxon:1236535	2
NCBITaxon:1236543	5
NCBITaxon:1236609	1
NCBITaxon:1236954	25
NCBITaxon:1236956	2
NCBITaxon:1236960	5
NCBITaxon:1236961	1
NCBITaxon:1236962	9
NCBITaxon:1236970	25
NCBITaxon:1236973	25
NCBITaxon:1236975	1
NCBITaxon:1236978	1
NCBITaxon:1237500	20
NCBITaxon:1237860	1
NCBITaxon:123812	2
NCBITaxon:1238180	6
NCBITaxon:1238186	19
NCBITaxon:123820	1
NCBITaxon:123822	2
NCBITaxon:123824	1
NCBITaxon:123833	1
NCBITaxon:123899	9
NCBITaxon:1239307	1
NCBITaxon:1241337	1
NCBITaxon:1241761	1
NCBITaxon:1242174	11
NCBITaxon:1242247	1
NCBITaxon:1242689	23
NCBITaxon:1242744	26
NCBITaxon:1242862	1
NCBITaxon:1242864	1
NCBITaxon:1242948	1
NCBITaxon:1242999	2
NCBITaxon:1243000	2
NCBITaxon:1243001	2
NCBITaxon:1243002	5
NCBITaxon:1243662	1
NCBITaxon:1243664	1
NCBITaxon:1244108	2
NCBITaxon:1244513	28
NCBITaxon:1244869	20
NCBITaxon:1245473	4
NCBITaxon:1245475	6
NCBITaxon:1245476	6
NCBITaxon:1245522	25
NCBITaxon:1245523	24
NCBITaxon:1245526	27
NCBITaxon:1246444	1
NCBITaxon:1246445	1
NCBITaxon:1246448	15
NCBITaxon:1246460	2
NCBITaxon:1246461	26
NCBITaxon:1246475	26
NCBITaxon:1246485	26
NCBITaxon:1246530	22
NCBITaxon:1246995	1
NCBITaxon:1247510	1
NCBITaxon:1247514	1
NCBITaxon:1247518	1
NCBITaxon:1247520	1
NCBITaxon:1247936	1
NCBITaxon:124798	2
NCBITaxon:1249630	1
NCBITaxon:125288	2
NCBITaxon:1254	1
NCBITaxon:1255	5
NCBITaxon:1255277	19
NCBITaxon:1255279	1
NCBITaxon:1255616	7
NCBITaxon:1255617	2
NCBITaxon:1255625	12
NCBITaxon:1255629	13
NCBITaxon:1255631	16
NCBITaxon:1255632	16
NCBITaxon:1255633	1
NCBITaxon:1255638	3
NCBITaxon:1255639	3
NCBITaxon:1255645	1
NCBITaxon:1255656	18
NCBITaxon:1255705	15
NCBITaxon:125602	2
NCBITaxon:1256678	2
NCBITaxon:1256908	2
NCBITaxon:1258546	1
NCBITaxon:1259795	2
NCBITaxon:1260	2
NCBITaxon:1260629	2
NCBITaxon:1260918	6
NCBITaxon:1260928	2
NCBITaxon:1260955	23
NCBITaxon:1261	2
NCBITaxon:1261393	2
NCBITaxon:1261403	1
NCBITaxon:126156	1
NCBITaxon:126157	1
NCBITaxon:1261617	1
NCBITaxon:1262	2
NCBITaxon:1262449	13
NCBITaxon:1262550	28
NCBITaxon:1262554	1
NCBITaxon:1262583	1
NCBITaxon:1262585	1
NCBITaxon:126333	23
NCBITaxon:1263550	5
NCBITaxon:1263637	1
NCBITaxon:1264899	1
NCBITaxon:1265	1
NCBITaxon:1265312	6
NCBITaxon:1265313	21
NCBITaxon:1265505	2
NCBITaxon:1265507	1
NCBITaxon:1265740	21
NCBITaxon:1265816	1
NCBITaxon:1265817	1
NCBITaxon:1265818	1
NCBITaxon:1265819	1
NCBITaxon:1265820	1
NCBITaxon:1265846	12
NCBITaxon:1265931	1
NCBITaxon:1265935	1
NCBITaxon:1266648	2
NCBITaxon:1266720	2
NCBITaxon:126673	5
NCBITaxon:1266770	24
NCBITaxon:1266772	1
NCBITaxon:1266829	16
NCBITaxon:1266845	2
NCBITaxon:1267	1
NCBITaxon:1267021	17
NCBITaxon:1267156	22
NCBITaxon:1267423	24
NCBITaxon:1267768	1
NCBITaxon:1267769	25
NCBITaxon:1268042	1
NCBITaxon:1268254	2
NCBITaxon:1268273	21
NCBITaxon:126843	1
NCBITaxon:1268635	1
NCBITaxon:1268671	1
NCBITaxon:1270	7
NCBITaxon:1272	2
NCBITaxon:1272518	7
NCBITaxon:1273132	1
NCBITaxon:1273429	1
NCBITaxon:1273442	10
NCBITaxon:1273540	2
NCBITaxon:1274	2
NCBITaxon:1274356	20
NCBITaxon:1274384	15
NCBITaxon:127458	1
NCBITaxon:1275	8
NCBITaxon:1276	2
NCBITaxon:1276218	1
NCBITaxon:1276220	1
NCBITaxon:1276224	2
NCBITaxon:1276227	2
NCBITaxon:1276229	1
NCBITaxon:1276246	2
NCBITaxon:1276259	1
NCBITaxon:1276757	5
NCBITaxon:1276936	8
NCBITaxon:1277350	1
NCBITaxon:1278207	1
NCBITaxon:1278232	2
NCBITaxon:127886	27
NCBITaxon:1279027	18
NCBITaxon:1280	2
NCBITaxon:1280000	1
NCBITaxon:1280004	15
NCBITaxon:1280375	18
NCBITaxon:1280376	27
NCBITaxon:1280390	1
NCBITaxon:1280637	1
NCBITaxon:1280706	2
NCBITaxon:1280843	1
NCBITaxon:1280846	26
NCBITaxon:1280847	24
NCBITaxon:1281	1
NCBITaxon:128104	1
NCBITaxon:1281485	9
NCBITaxon:1281767	2
NCBITaxon:1281780	12
NCBITaxon:1282	1
NCBITaxon:1282438	1
NCBITaxon:1282440	1
NCBITaxon:1282736	19
NCBITaxon:1282863	6
NCBITaxon:1282883	1
NCBITaxon:1282885	1
NCBITaxon:1282887	1
NCBITaxon:1283	2
NCBITaxon:1283279	9
NCBITaxon:1283300	23
NCBITaxon:1283715	1
NCBITaxon:1284	1
NCBITaxon:1284240	8
NCBITaxon:1284658	21
NCBITaxon:1285191	20
NCBITaxon:1285192	25
NCBITaxon:1285193	28
NCBITaxon:1285242	17
NCBITaxon:1285583	6
NCBITaxon:1285900	1
NCBITaxon:1285924	1
NCBITaxon:1285928	20
NCBITaxon:1285929	20
NCBITaxon:1286	3
NCBITaxon:1286148	25
NCBITaxon:1286171	17
NCBITaxon:1286180	23
NCBITaxon:1286181	23
NCBITaxon:1286230	1
NCBITaxon:1286635	1
NCBITaxon:1286695	1
NCBITaxon:1286698	2
NCBITaxon:1286938	1
NCBITaxon:1287068	24
NCBITaxon:1287657	1
NCBITaxon:1287735	1
NCBITaxon:1287736	1
NCBITaxon:1287738	1
NCBITaxon:128780	5
NCBITaxon:128782	17
NCBITaxon:128785	23
NCBITaxon:1287877	1
NCBITaxon:1287878	1
NCBITaxon:1288	2
NCBITaxon:128802	1
NCBITaxon:1288120	2
NCBITaxon:1288121	2
NCBITaxon:1288298	25
NCBITaxon:1288385	1
NCBITaxon:1288410	24
NCBITaxon:1288484	22
NCBITaxon:1288495	1
NCBITaxon:1288827	5
NCBITaxon:1288828	12
NCBITaxon:1289170	25
NCBITaxon:128944	4
NCBITaxon:128945	2
NCBITaxon:1289519	27
NCBITaxon:1290	2
NCBITaxon:1290095	1
NCBITaxon:1291049	2
NCBITaxon:1291050	2
NCBITaxon:1291555	1
NCBITaxon:1291556	1
NCBITaxon:12917	2
NCBITaxon:1291734	12
NCBITaxon:1291742	23
NCBITaxon:1291743	23
NCBITaxon:1291764	2
NCBITaxon:1292	2
NCBITaxon:1292030	28
NCBITaxon:1292037	1
NCBITaxon:1293	1
NCBITaxon:1293032	7
NCBITaxon:1293054	1
NCBITaxon:129337	1
NCBITaxon:129338	2
NCBITaxon:129339	20
NCBITaxon:12934	1
NCBITaxon:1293440	24
NCBITaxon:1293441	25
NCBITaxon:1293442	8
NCBITaxon:1293587	1
NCBITaxon:1293588	18
NCBITaxon:1293591	25
NCBITaxon:1293597	12
NCBITaxon:1293599	28
NCBITaxon:1294	2
NCBITaxon:1294021	2
NCBITaxon:1294022	26
NCBITaxon:1294023	17
NCBITaxon:1294024	16
NCBITaxon:1294026	1
NCBITaxon:1294260	17
NCBITaxon:1294263	14
NCBITaxon:1294264	20
NCBITaxon:1294265	1
NCBITaxon:1295	2
NCBITaxon:1295128	17
NCBITaxon:1295129	15
NCBITaxon:1295137	21
NCBITaxon:1295392	25
NCBITaxon:1295612	24
NCBITaxon:129578	1
NCBITaxon:1296	2
NCBITaxon:1296375	19
NCBITaxon:1296415	1
NCBITaxon:1296536	2
NCBITaxon:1296537	1
NCBITaxon:1296538	10
NCBITaxon:1296539	9
NCBITaxon:1296565	2
NCBITaxon:1297424	2
NCBITaxon:1297617	14
NCBITaxon:1297750	2
NCBITaxon:1297793	2
NCBITaxon:1297794	1
NCBITaxon:129817	2
NCBITaxon:129847	1
NCBITaxon:1298594	5
NCBITaxon:1298595	6
NCBITaxon:1298598	27
NCBITaxon:1298604	1
NCBITaxon:1298605	2
NCBITaxon:1298767	1
NCBITaxon:1298920	2
NCBITaxon:1298959	2
NCBITaxon:1299	1
NCBITaxon:129921	1
NCBITaxon:129922	1
NCBITaxon:1299340	1
NCBITaxon:1299341	1
NCBITaxon:129958	2
NCBITaxon:129985	18
NCBITaxon:1299998	2
NCBITaxon:1300165	1
NCBITaxon:1300267	1
NCBITaxon:1300350	1
NCBITaxon:1301	1
NCBITaxon:1301026	1
NCBITaxon:1301098	15
NCBITaxon:1301100	2
NCBITaxon:1301839	1
NCBITaxon:1302	2
NCBITaxon:1302235	6
NCBITaxon:1302247	1
NCBITaxon:1302250	2
NCBITaxon:1302351	1
NCBITaxon:1302659	26
NCBITaxon:1302685	1
NCBITaxon:1302687	1
NCBITaxon:1302689	1
NCBITaxon:1302690	1
NCBITaxon:1302723	13
NCBITaxon:1302724	2
NCBITaxon:1302725	19
NCBITaxon:1302728	1
NCBITaxon:1302730	24
NCBITaxon:1303	2
NCBITaxon:1303090	1
NCBITaxon:1303579	1
NCBITaxon:1303590	2
NCBITaxon:1303677	25
NCBITaxon:1303679	16
NCBITaxon:1303680	1
NCBITaxon:1303681	7
NCBITaxon:1303683	5
NCBITaxon:1303688	1
NCBITaxon:1303689	3
NCBITaxon:1303690	1
NCBITaxon:1303692	5
NCBITaxon:1303863	1
NCBITaxon:1304	2
NCBITaxon:1304281	12
NCBITaxon:1304284	2
NCBITaxon:1304874	23
NCBITaxon:1304875	2
NCBITaxon:1304880	20
NCBITaxon:1304881	2
NCBITaxon:1304884	2
NCBITaxon:1304886	2
NCBITaxon:1305	1
NCBITaxon:1305618	2
NCBITaxon:1305622	1
NCBITaxon:1305623	3
NCBITaxon:1305624	6
NCBITaxon:1305625	2
NCBITaxon:1305626	8
NCBITaxon:1305627	1
NCBITaxon:1305629	5
NCBITaxon:1305674	26
NCBITaxon:1305675	1
NCBITaxon:1305854	1
NCBITaxon:1305856	10
NCBITaxon:1305857	13
NCBITaxon:1305858	17
NCBITaxon:1305859	25
NCBITaxon:1305862	13
NCBITaxon:1305863	9
NCBITaxon:1305864	14
NCBITaxon:1305865	23
NCBITaxon:1305868	6
NCBITaxon:1305869	1
NCBITaxon:1306	1
NCBITaxon:1306174	1
NCBITaxon:1306175	1
NCBITaxon:1306176	4
NCBITaxon:1306180	1
NCBITaxon:1306181	6
NCBITaxon:1306852	24
NCBITaxon:1306990	1
NCBITaxon:1307	2
NCBITaxon:1307448	2
NCBITaxon:1307449	3
NCBITaxon:1307450	1
NCBITaxon:1307451	4
NCBITaxon:1307452	1
NCBITaxon:1307453	1
NCBITaxon:1307454	2
NCBITaxon:1307455	2
NCBITaxon:1307456	2
NCBITaxon:1307457	2
NCBITaxon:13076	1
NCBITaxon:1307761	2
NCBITaxon:1307763	1
NCBITaxon:1307839	1
NCBITaxon:1307903	8
NCBITaxon:1307906	5
NCBITaxon:1307907	5
NCBITaxon:1307910	7
NCBITaxon:1307912	9
NCBITaxon:1307917	5
NCBITaxon:1307918	12
NCBITaxon:1307921	1
NCBITaxon:1307927	7
NCBITaxon:1307929	7
NCBITaxon:1307932	13
NCBITaxon:1307935	13
NCBITaxon:1307938	1
NCBITaxon:1307939	1
NCBITaxon:1307940	7
NCBITaxon:1307942	1
NCBITaxon:1307943	1
NCBITaxon:1308	1
NCBITaxon:1308924	20
NCBITaxon:1309	1
NCBITaxon:1309411	21
NCBITaxon:1309795	2
NCBITaxon:1310	1
NCBITaxon:1310167	1
NCBITaxon:1310168	1
NCBITaxon:131080	15
NCBITaxon:1311	1
NCBITaxon:131109	5
NCBITaxon:131110	1
NCBITaxon:131111	2
NCBITaxon:131112	1
NCBITaxon:1311774	1
NCBITaxon:1312182	9
NCBITaxon:1312184	10
NCBITaxon:1312234	2
NCBITaxon:1312852	16
NCBITaxon:1312905	26
NCBITaxon:1313	2
NCBITaxon:131318	8
NCBITaxon:1313296	1
NCBITaxon:1313301	1
NCBITaxon:1314	1
NCBITaxon:1314749	1
NCBITaxon:1314751	13
NCBITaxon:1314752	7
NCBITaxon:1314753	2
NCBITaxon:1314754	9
NCBITaxon:1315273	1
NCBITaxon:1315275	25
NCBITaxon:1315277	1
NCBITaxon:1315282	1
NCBITaxon:1315283	1
NCBITaxon:13160	1
NCBITaxon:1316584	2
NCBITaxon:1316931	2
NCBITaxon:1316935	1
NCBITaxon:1318743	1
NCBITaxon:1319815	2
NCBITaxon:1321609	22
NCBITaxon:1321610	2
NCBITaxon:1321814	1
NCBITaxon:1322049	1
NCBITaxon:1322246	2
NCBITaxon:1322249	6
NCBITaxon:1323	2
NCBITaxon:1323230	2
NCBITaxon:1323370	2
NCBITaxon:1323375	2
NCBITaxon:1323731	27
NCBITaxon:1324217	19
NCBITaxon:13243	5
NCBITaxon:1324351	1
NCBITaxon:1324352	1
NCBITaxon:1324617	1
NCBITaxon:132473	1
NCBITaxon:132474	1
NCBITaxon:132476	1
NCBITaxon:1324766	28
NCBITaxon:1324851	1
NCBITaxon:1324934	1
NCBITaxon:1324935	1
NCBITaxon:1324945	1
NCBITaxon:1324956	2
NCBITaxon:1325125	16
NCBITaxon:1325358	29
NCBITaxon:1325360	27
NCBITaxon:1325931	22
NCBITaxon:1325932	23
NCBITaxon:1325933	2
NCBITaxon:1325934	1
NCBITaxon:1325935	1
NCBITaxon:1326	1
NCBITaxon:13276	5
NCBITaxon:1327753	28
NCBITaxon:1328	2
NCBITaxon:1328864	4
NCBITaxon:1328865	4
NCBITaxon:1328866	1
NCBITaxon:1328867	1
NCBITaxon:1328868	4
NCBITaxon:1329	2
NCBITaxon:132920	24
NCBITaxon:132925	2
NCBITaxon:132926	2
NCBITaxon:1329262	26
NCBITaxon:132932	2
NCBITaxon:132933	3
NCBITaxon:1329367	1
NCBITaxon:1329370	1
NCBITaxon:1329411	2
NCBITaxon:1329796	1
NCBITaxon:1329800	27
NCBITaxon:1330330	2
NCBITaxon:1330700	1
NCBITaxon:1331258	3
NCBITaxon:1331682	1
NCBITaxon:1331689	2
NCBITaxon:1331910	1
NCBITaxon:133194	1
NCBITaxon:1332824	1
NCBITaxon:1332898	1
NCBITaxon:1333	2
NCBITaxon:1333660	1
NCBITaxon:1333667	2
NCBITaxon:1333845	25
NCBITaxon:1333996	1
NCBITaxon:1333998	1
NCBITaxon:1334	2
NCBITaxon:1334628	11
NCBITaxon:1335	1
NCBITaxon:1335061	1
NCBITaxon:1335062	1
NCBITaxon:133532	2
NCBITaxon:133534	2
NCBITaxon:133535	2
NCBITaxon:133552	20
NCBITaxon:1335613	2
NCBITaxon:1335616	22
NCBITaxon:1335619	2
NCBITaxon:1335622	1
NCBITaxon:1335627	1
NCBITaxon:1335628	1
NCBITaxon:1335629	1
NCBITaxon:1335757	1
NCBITaxon:1336	2
NCBITaxon:1336204	1
NCBITaxon:1336237	15
NCBITaxon:1336248	20
NCBITaxon:1336250	2
NCBITaxon:1336745	1
NCBITaxon:1336748	1
NCBITaxon:1336749	2
NCBITaxon:1337	2
NCBITaxon:1337051	2
NCBITaxon:1337094	2
NCBITaxon:1337839	1
NCBITaxon:1337874	1
NCBITaxon:1337876	1
NCBITaxon:1337886	6
NCBITaxon:1338368	1
NCBITaxon:1338426	1
NCBITaxon:1338436	1
NCBITaxon:1339210	1
NCBITaxon:1340	2
NCBITaxon:134034	6
NCBITaxon:1340531	1
NCBITaxon:1341	6
NCBITaxon:1341119	1
NCBITaxon:1341646	3
NCBITaxon:1341683	2
NCBITaxon:1341692	2
NCBITaxon:1341695	16
NCBITaxon:1341696	21
NCBITaxon:1342301	1
NCBITaxon:1342302	1
NCBITaxon:1343102	1
NCBITaxon:1343103	1
NCBITaxon:1343159	1
NCBITaxon:1343740	15
NCBITaxon:134375	5
NCBITaxon:1344003	25
NCBITaxon:1345	1
NCBITaxon:134537	1
NCBITaxon:1345695	2
NCBITaxon:1346	5
NCBITaxon:134602	1
NCBITaxon:134605	2
NCBITaxon:1346286	2
NCBITaxon:1346611	2
NCBITaxon:1346614	4
NCBITaxon:1346684	2
NCBITaxon:1347087	1
NCBITaxon:1347342	21
NCBITaxon:1347368	1
NCBITaxon:1347392	2
NCBITaxon:1347393	2
NCBITaxon:1347788	1
NCBITaxon:1347891	24
NCBITaxon:1347902	1
NCBITaxon:1347903	1
NCBITaxon:1348	1
NCBITaxon:1348058	1
NCBITaxon:1348163	2
NCBITaxon:1348253	1
NCBITaxon:1348266	1
NCBITaxon:1348284	1
NCBITaxon:1348429	1
NCBITaxon:1348469	1
NCBITaxon:1348613	2
NCBITaxon:1348624	6
NCBITaxon:1348625	1
NCBITaxon:1348626	5
NCBITaxon:1348627	6
NCBITaxon:1348630	6
NCBITaxon:1348632	1
NCBITaxon:1348633	2
NCBITaxon:1348634	3
NCBITaxon:1348635	6
NCBITaxon:1348637	5
NCBITaxon:1348655	2
NCBITaxon:1348656	1
NCBITaxon:1348662	7
NCBITaxon:1348663	1
NCBITaxon:1348852	1
NCBITaxon:1348853	1
NCBITaxon:1349	2
NCBITaxon:1349415	2
NCBITaxon:1349416	2
NCBITaxon:1349425	1
NCBITaxon:1349749	23
NCBITaxon:1349750	7
NCBITaxon:1349751	6
NCBITaxon:1349752	1
NCBITaxon:1349756	9
NCBITaxon:1349757	26
NCBITaxon:1349761	16
NCBITaxon:1349763	1
NCBITaxon:1349764	8
NCBITaxon:1349765	1
NCBITaxon:1349766	12
NCBITaxon:1349767	2
NCBITaxon:1349768	2
NCBITaxon:1349773	6
NCBITaxon:1349775	2
NCBITaxon:1349776	26
NCBITaxon:1349777	5
NCBITaxon:1349778	24
NCBITaxon:1349779	5
NCBITaxon:1349780	2
NCBITaxon:1349781	2
NCBITaxon:1349782	1
NCBITaxon:1349783	1
NCBITaxon:1349784	1
NCBITaxon:1349785	14
NCBITaxon:1349788	19
NCBITaxon:1349791	12
NCBITaxon:1349792	12
NCBITaxon:1349822	8
NCBITaxon:1350067	2
NCBITaxon:1351	2
NCBITaxon:1352	1
NCBITaxon:1352223	5
NCBITaxon:1352348	1
NCBITaxon:1352928	24
NCBITaxon:1353	2
NCBITaxon:1353276	23
NCBITaxon:1353537	17
NCBITaxon:1353941	2
NCBITaxon:1354	1
NCBITaxon:1354027	6
NCBITaxon:1354251	1
NCBITaxon:1354253	1
NCBITaxon:1354254	1
NCBITaxon:1354255	1
NCBITaxon:1354256	1
NCBITaxon:1354264	1
NCBITaxon:1354267	1
NCBITaxon:1354268	2
NCBITaxon:1354269	1
NCBITaxon:1354272	1
NCBITaxon:1354274	6
NCBITaxon:1354303	17
NCBITaxon:1355015	1
NCBITaxon:135517	21
NCBITaxon:1355755	26
NCBITaxon:135577	1
NCBITaxon:1356851	1
NCBITaxon:1356854	1
NCBITaxon:135719	1
NCBITaxon:1357496	1
NCBITaxon:1358	2
NCBITaxon:1358026	6
NCBITaxon:135826	13
NCBITaxon:135948	1
NCBITaxon:136273	8
NCBITaxon:136274	2
NCBITaxon:1363	2
NCBITaxon:136399	2
NCBITaxon:1364	1
NCBITaxon:1365492	1
NCBITaxon:1365628	2
NCBITaxon:1366047	8
NCBITaxon:1367462	2
NCBITaxon:1367504	1
NCBITaxon:1367506	1
NCBITaxon:1367847	1
NCBITaxon:1367852	22
NCBITaxon:1367882	1
NCBITaxon:1368428	9
NCBITaxon:136857	9
NCBITaxon:13689	1
NCBITaxon:13690	1
NCBITaxon:1371	1
NCBITaxon:13725	2
NCBITaxon:137265	1
NCBITaxon:1373	1
NCBITaxon:137357	1
NCBITaxon:1374	1
NCBITaxon:137591	2
NCBITaxon:1377	1
NCBITaxon:137733	1
NCBITaxon:1377993	1
NCBITaxon:1379154	1
NCBITaxon:1379159	27
NCBITaxon:1379270	2
NCBITaxon:1379734	1
NCBITaxon:1379903	1
NCBITaxon:137993	14
NCBITaxon:138	1
NCBITaxon:1380675	26
NCBITaxon:1380684	2
NCBITaxon:1380685	2
NCBITaxon:138074	1
NCBITaxon:1380763	1
NCBITaxon:1381	2
NCBITaxon:1381557	2
NCBITaxon:1381558	1
NCBITaxon:1382306	15
NCBITaxon:1382356	1
NCBITaxon:1382359	22
NCBITaxon:1382466	21
NCBITaxon:1382803	1
NCBITaxon:138300	1
NCBITaxon:1383067	24
NCBITaxon:138336	19
NCBITaxon:1384037	1
NCBITaxon:1384038	1
NCBITaxon:1384049	25
NCBITaxon:1384459	1
NCBITaxon:1384487	27
NCBITaxon:1384509	1
NCBITaxon:1384589	1
NCBITaxon:1384638	24
NCBITaxon:1384639	25
NCBITaxon:1385368	23
NCBITaxon:1385510	27
NCBITaxon:1385511	28
NCBITaxon:1385512	28
NCBITaxon:1385519	26
NCBITaxon:1385520	2
NCBITaxon:1385521	7
NCBITaxon:1385522	24
NCBITaxon:1385941	2
NCBITaxon:1386082	23
NCBITaxon:1386088	25
NCBITaxon:1386089	25
NCBITaxon:1386092	25
NCBITaxon:1386098	25
NCBITaxon:1387166	1
NCBITaxon:1387275	1
NCBITaxon:1387297	2
NCBITaxon:1387313	1
NCBITaxon:1387353	21
NCBITaxon:1387568	11
NCBITaxon:1387713	1
NCBITaxon:1387716	1
NCBITaxon:1387779	1
NCBITaxon:1387834	11
NCBITaxon:1387883	1
NCBITaxon:1387982	1
NCBITaxon:1387985	1
NCBITaxon:1388	1
NCBITaxon:1388748	15
NCBITaxon:1389020	1
NCBITaxon:1389489	5
NCBITaxon:1389922	1
NCBITaxon:1389932	1
NCBITaxon:1389935	1
NCBITaxon:139	4
NCBITaxon:139021	1
NCBITaxon:1390249	26
NCBITaxon:1391222	1
NCBITaxon:1391653	1
NCBITaxon:1391654	1
NCBITaxon:1392498	27
NCBITaxon:1392540	9
NCBITaxon:1393	2
NCBITaxon:1393034	1
NCBITaxon:1393035	1
NCBITaxon:1393122	1
NCBITaxon:139438	2
NCBITaxon:1395513	2
NCBITaxon:1395571	23
NCBITaxon:1396	1
NCBITaxon:1396819	1
NCBITaxon:1396821	1
NCBITaxon:1396826	1
NCBITaxon:1397367	1
NCBITaxon:1397368	1
NCBITaxon:1397475	1
NCBITaxon:1397476	1
NCBITaxon:1397477	1
NCBITaxon:1397668	25
NCBITaxon:1397693	8
NCBITaxon:1397694	3
NCBITaxon:1397696	1
NCBITaxon:1397697	2
NCBITaxon:1397699	26
NCBITaxon:1397700	2
NCBITaxon:1398	7
NCBITaxon:1398493	1
NCBITaxon:1398664	1
NCBITaxon:1399968	1
NCBITaxon:1399969	1
NCBITaxon:14	17
NCBITaxon:1400387	1
NCBITaxon:1400522	22
NCBITaxon:1401264	1
NCBITaxon:1401441	1
NCBITaxon:1401547	1
NCBITaxon:1401690	1
NCBITaxon:1402	6
NCBITaxon:1402135	1
NCBITaxon:1402137	24
NCBITaxon:140314	2
NCBITaxon:1403274	22
NCBITaxon:1403347	5
NCBITaxon:1403566	27
NCBITaxon:1404	7
NCBITaxon:1404245	1
NCBITaxon:1404341	15
NCBITaxon:1405	7
NCBITaxon:1406906	2
NCBITaxon:1407	4
NCBITaxon:1407559	1
NCBITaxon:1407560	1
NCBITaxon:1408	8
NCBITaxon:1408191	1
NCBITaxon:1408250	5
NCBITaxon:1408281	1
NCBITaxon:1408318	1
NCBITaxon:1408360	2
NCBITaxon:1408422	1
NCBITaxon:1408433	1
NCBITaxon:1408442	1
NCBITaxon:1408445	1
NCBITaxon:1408545	1
NCBITaxon:1408819	2
NCBITaxon:1410644	2
NCBITaxon:1410645	2
NCBITaxon:1410646	9
NCBITaxon:1410647	9
NCBITaxon:1410648	2
NCBITaxon:1410649	2
NCBITaxon:1410653	24
NCBITaxon:1410657	2
NCBITaxon:1410665	2
NCBITaxon:1410668	21
NCBITaxon:1410674	14
NCBITaxon:1410681	1
NCBITaxon:1411117	1
NCBITaxon:1411118	1
NCBITaxon:1411121	1
NCBITaxon:1411122	1
NCBITaxon:1411316	6
NCBITaxon:1411902	1
NCBITaxon:1413187	14
NCBITaxon:1413211	26
NCBITaxon:1413215	1
NCBITaxon:1413221	1
NCBITaxon:141451	1
NCBITaxon:1414643	3
NCBITaxon:1414719	1
NCBITaxon:1414720	2
NCBITaxon:1416876	1
NCBITaxon:1416877	1
NCBITaxon:141693	28
NCBITaxon:1417629	1
NCBITaxon:1417852	2
NCBITaxon:1417980	4
NCBITaxon:1420591	20
NCBITaxon:1420851	1
NCBITaxon:1420889	17
NCBITaxon:1420899	1
NCBITaxon:1420916	1
NCBITaxon:1420917	1
NCBITaxon:1421	1
NCBITaxon:1421019	1
NCBITaxon:1421430	1
NCBITaxon:1422	4
NCBITaxon:1423	1
NCBITaxon:1423714	2
NCBITaxon:1423715	13
NCBITaxon:1423716	1
NCBITaxon:1423717	2
NCBITaxon:1423718	1
NCBITaxon:1423719	1
NCBITaxon:1423720	2
NCBITaxon:1423722	1
NCBITaxon:1423725	19
NCBITaxon:1423726	6
NCBITaxon:1423727	15
NCBITaxon:1423729	14
NCBITaxon:1423731	19
NCBITaxon:1423735	23
NCBITaxon:1423736	1
NCBITaxon:1423738	7
NCBITaxon:1423739	1
NCBITaxon:1423746	2
NCBITaxon:1423748	2
NCBITaxon:1423749	14
NCBITaxon:1423750	12
NCBITaxon:1423751	23
NCBITaxon:1423752	5
NCBITaxon:1423753	25
NCBITaxon:1423754	1
NCBITaxon:1423758	24
NCBITaxon:1423759	20
NCBITaxon:1423760	1
NCBITaxon:1423761	2
NCBITaxon:1423763	15
NCBITaxon:1423767	2
NCBITaxon:1423770	1
NCBITaxon:1423771	2
NCBITaxon:1423773	11
NCBITaxon:1423774	22
NCBITaxon:1423777	19
NCBITaxon:1423779	1
NCBITaxon:1423782	2
NCBITaxon:1423787	2
NCBITaxon:1423788	22
NCBITaxon:1423789	1
NCBITaxon:1423790	23
NCBITaxon:1423791	1
NCBITaxon:1423792	1
NCBITaxon:1423794	2
NCBITaxon:1423800	1
NCBITaxon:1423805	2
NCBITaxon:1423808	2
NCBITaxon:1423809	19
NCBITaxon:1423811	1
NCBITaxon:1423812	2
NCBITaxon:1423813	2
NCBITaxon:1423817	13
NCBITaxon:1423819	2
NCBITaxon:1423820	2
NCBITaxon:1423823	1
NCBITaxon:1423824	1
NCBITaxon:1423827	5
NCBITaxon:1423828	2
NCBITaxon:1423830	1
NCBITaxon:1424080	26
NCBITaxon:1424653	2
NCBITaxon:1424659	18
NCBITaxon:1424661	18
NCBITaxon:142586	3
NCBITaxon:142588	2
NCBITaxon:1426	11
NCBITaxon:1427523	1
NCBITaxon:1427538	1
NCBITaxon:1428	1
NCBITaxon:1428620	1
NCBITaxon:1428626	1
NCBITaxon:1428644	1
NCBITaxon:1428657	22
NCBITaxon:1428684	26
NCBITaxon:1429043	20
NCBITaxon:1429073	18
NCBITaxon:1429076	1
NCBITaxon:1430331	1
NCBITaxon:1431344	1
NCBITaxon:1431546	4
NCBITaxon:1431848	1
NCBITaxon:1431962	2
NCBITaxon:1432052	2
NCBITaxon:1432792	1
NCBITaxon:1433126	2
NCBITaxon:143388	1
NCBITaxon:1434011	1
NCBITaxon:1434255	1
NCBITaxon:1434256	1
NCBITaxon:1434326	2
NCBITaxon:1434700	1
NCBITaxon:1434701	1
NCBITaxon:1434730	1
NCBITaxon:1434731	1
NCBITaxon:1434881	1
NCBITaxon:1434887	20
NCBITaxon:143495	1
NCBITaxon:1435036	1
NCBITaxon:1435051	2
NCBITaxon:1435342	2
NCBITaxon:1435463	2
NCBITaxon:1435464	19
NCBITaxon:1435465	24
NCBITaxon:1436010	24
NCBITaxon:1436120	1
NCBITaxon:1436122	1
NCBITaxon:1436133	1
NCBITaxon:1436965	2
NCBITaxon:1437009	26
NCBITaxon:1437059	16
NCBITaxon:1437280	1
NCBITaxon:1437324	1
NCBITaxon:1437453	1
NCBITaxon:1437594	1
NCBITaxon:1437596	1
NCBITaxon:1437597	2
NCBITaxon:1437601	2
NCBITaxon:1437603	19
NCBITaxon:1437605	2
NCBITaxon:1437606	2
NCBITaxon:1437607	2
NCBITaxon:1437608	2
NCBITaxon:1437609	2
NCBITaxon:1437610	2
NCBITaxon:1437612	10
NCBITaxon:1437816	1
NCBITaxon:1437874	5
NCBITaxon:1437875	11
NCBITaxon:1439726	2
NCBITaxon:1440053	5
NCBITaxon:144022	1
NCBITaxon:144025	1
NCBITaxon:144026	1
NCBITaxon:144055	4
NCBITaxon:1440762	19
NCBITaxon:1440763	21
NCBITaxon:1440774	13
NCBITaxon:1441095	24
NCBITaxon:1441386	22
NCBITaxon:1441723	1
NCBITaxon:144178	2
NCBITaxon:144183	1
NCBITaxon:144184	4
NCBITaxon:1441873	1
NCBITaxon:1441875	1
NCBITaxon:1441876	1
NCBITaxon:1441877	1
NCBITaxon:1441878	1
NCBITaxon:144191	2
NCBITaxon:1441929	1
NCBITaxon:1442598	11
NCBITaxon:1443036	1
NCBITaxon:1443111	1
NCBITaxon:1443441	1
NCBITaxon:1443666	1
NCBITaxon:1443800	1
NCBITaxon:1443941	2
NCBITaxon:1444306	1
NCBITaxon:1444770	4
NCBITaxon:1445	4
NCBITaxon:144550	3
NCBITaxon:1445607	14
NCBITaxon:1445614	2
NCBITaxon:1448389	15
NCBITaxon:1448857	2
NCBITaxon:1449080	1
NCBITaxon:1449332	1
NCBITaxon:1449335	4
NCBITaxon:1449336	2
NCBITaxon:1449337	3
NCBITaxon:1449338	2
NCBITaxon:1449339	1
NCBITaxon:1449341	2
NCBITaxon:1449342	1
NCBITaxon:1449347	5
NCBITaxon:1449350	1
NCBITaxon:1449351	26
NCBITaxon:1449976	5
NCBITaxon:1449978	1
NCBITaxon:1449981	27
NCBITaxon:1450	1
NCBITaxon:1450019	1
NCBITaxon:1450134	24
NCBITaxon:1450156	22
NCBITaxon:1450165	1
NCBITaxon:1450525	5
NCBITaxon:1450526	26
NCBITaxon:1450648	2
NCBITaxon:1450649	2
NCBITaxon:1451	1
NCBITaxon:1451189	7
NCBITaxon:1451356	2
NCBITaxon:1451357	1
NCBITaxon:1452487	1
NCBITaxon:1452508	1
NCBITaxon:1452742	1
NCBITaxon:145287	12
NCBITaxon:1453497	2
NCBITaxon:1453498	2
NCBITaxon:1453594	1
NCBITaxon:145391	1
NCBITaxon:145393	2
NCBITaxon:1454007	18
NCBITaxon:1454184	29
NCBITaxon:1454373	15
NCBITaxon:145483	2
NCBITaxon:1456	2
NCBITaxon:1456769	1
NCBITaxon:1457	1
NCBITaxon:1457232	1
NCBITaxon:1457311	1
NCBITaxon:1457523	1
NCBITaxon:1458	1
NCBITaxon:1458122	18
NCBITaxon:1458253	15
NCBITaxon:1458307	1
NCBITaxon:1458336	28
NCBITaxon:1458337	1
NCBITaxon:1458355	1
NCBITaxon:145854	1
NCBITaxon:1459	2
NCBITaxon:1459942	1
NCBITaxon:145996	5
NCBITaxon:146017	10
NCBITaxon:146018	10
NCBITaxon:146020	9
NCBITaxon:146021	9
NCBITaxon:1460226	1
NCBITaxon:146035	25
NCBITaxon:1460371	6
NCBITaxon:1460372	4
NCBITaxon:1460875	1
NCBITaxon:1460882	1
NCBITaxon:1461	4
NCBITaxon:1461247	1
NCBITaxon:1461250	1
NCBITaxon:1461259	1
NCBITaxon:1461260	1
NCBITaxon:1461353	1
NCBITaxon:1461577	1
NCBITaxon:1461579	1
NCBITaxon:1461580	1
NCBITaxon:1462575	2
NCBITaxon:1462919	2
NCBITaxon:1462921	2
NCBITaxon:1462938	1
NCBITaxon:1463159	1
NCBITaxon:1463164	2
NCBITaxon:1463165	2
NCBITaxon:1463404	1
NCBITaxon:1464	1
NCBITaxon:1464038	2
NCBITaxon:1464070	1
NCBITaxon:1464554	1
NCBITaxon:146536	1
NCBITaxon:146537	5
NCBITaxon:1465489	1
NCBITaxon:1465490	1
NCBITaxon:1465501	1
NCBITaxon:1465502	1
NCBITaxon:1465754	2
NCBITaxon:1465756	2
NCBITaxon:1465757	2
NCBITaxon:1465766	1
NCBITaxon:1465809	2
NCBITaxon:1465811	1
NCBITaxon:1465823	9
NCBITaxon:1465825	1
NCBITaxon:1465826	2
NCBITaxon:1468	1
NCBITaxon:146806	1
NCBITaxon:146819	1
NCBITaxon:146820	1
NCBITaxon:146821	1
NCBITaxon:1468259	1
NCBITaxon:146827	5
NCBITaxon:1468449	1
NCBITaxon:146907	1
NCBITaxon:1469162	29
NCBITaxon:146922	1
NCBITaxon:146923	5
NCBITaxon:146939	1
NCBITaxon:146940	5
NCBITaxon:1469425	1
NCBITaxon:1469601	1
NCBITaxon:1469603	1
NCBITaxon:1469948	21
NCBITaxon:147	1
NCBITaxon:1470180	1
NCBITaxon:1470200	5
NCBITaxon:1470345	2
NCBITaxon:1470347	2
NCBITaxon:1470356	2
NCBITaxon:1470455	1
NCBITaxon:1470456	1
NCBITaxon:1471	1
NCBITaxon:1471381	1
NCBITaxon:1472040	2
NCBITaxon:147207	1
NCBITaxon:1472416	5
NCBITaxon:1472417	1
NCBITaxon:147248	1
NCBITaxon:1472640	25
NCBITaxon:147267	1
NCBITaxon:147268	15
NCBITaxon:1472722	1
NCBITaxon:1472723	1
NCBITaxon:1472724	1
NCBITaxon:1472761	2
NCBITaxon:1472765	2
NCBITaxon:1473	15
NCBITaxon:1473216	2
NCBITaxon:1473586	5
NCBITaxon:1473598	2
NCBITaxon:1474	2
NCBITaxon:1475481	1
NCBITaxon:1475485	1
NCBITaxon:1476	1
NCBITaxon:1476543	1
NCBITaxon:1476748	1
NCBITaxon:1476870	1
NCBITaxon:1476959	1
NCBITaxon:1476996	1
NCBITaxon:1477	1
NCBITaxon:1478	2
NCBITaxon:147802	1
NCBITaxon:147809	1
NCBITaxon:147825	4
NCBITaxon:1479	1
NCBITaxon:1479025	1
NCBITaxon:1479233	2
NCBITaxon:1479511	1
NCBITaxon:1481923	1
NCBITaxon:1482730	1
NCBITaxon:1482736	2
NCBITaxon:1482737	2
NCBITaxon:1483604	1
NCBITaxon:1484	19
NCBITaxon:1484053	1
NCBITaxon:148447	2
NCBITaxon:1484693	2
NCBITaxon:1485	2
NCBITaxon:1485217	1
NCBITaxon:1485585	1
NCBITaxon:1485586	1
NCBITaxon:1485952	1
NCBITaxon:1486034	1
NCBITaxon:148604	1
NCBITaxon:1488	1
NCBITaxon:148814	1
NCBITaxon:1488331	2
NCBITaxon:149	1
NCBITaxon:1490	2
NCBITaxon:149017	4
NCBITaxon:1490215	1
NCBITaxon:1490222	1
NCBITaxon:1490288	1
NCBITaxon:1491	2
NCBITaxon:1491831	1
NCBITaxon:1492	2
NCBITaxon:1493	18
NCBITaxon:1494	2
NCBITaxon:1494429	30
NCBITaxon:1494430	27
NCBITaxon:1494448	24
NCBITaxon:1494461	2
NCBITaxon:1494462	2
NCBITaxon:1494606	2
NCBITaxon:1494959	1
NCBITaxon:1495	1
NCBITaxon:1495200	1
NCBITaxon:1495572	1
NCBITaxon:1496	2
NCBITaxon:1496996	1
NCBITaxon:1497	2
NCBITaxon:149712	2
NCBITaxon:149715	2
NCBITaxon:1497396	1
NCBITaxon:1497681	1
NCBITaxon:1498	9
NCBITaxon:1498499	2
NCBITaxon:1499973	1
NCBITaxon:150	2
NCBITaxon:1500077	24
NCBITaxon:150025	2
NCBITaxon:150026	2
NCBITaxon:1500506	12
NCBITaxon:150053	1
NCBITaxon:150056	6
NCBITaxon:1501	1
NCBITaxon:150121	2
NCBITaxon:150122	2
NCBITaxon:150123	2
NCBITaxon:1501329	2
NCBITaxon:1501332	2
NCBITaxon:1501391	1
NCBITaxon:1501392	1
NCBITaxon:1501432	1
NCBITaxon:150146	1
NCBITaxon:1501662	2
NCBITaxon:150177	1
NCBITaxon:1502	1
NCBITaxon:150248	2
NCBITaxon:1502943	1
NCBITaxon:1503	11
NCBITaxon:1503054	1
NCBITaxon:1503055	1
NCBITaxon:150336	2
NCBITaxon:1503750	1
NCBITaxon:1504	1
NCBITaxon:1504265	1
NCBITaxon:1505	1
NCBITaxon:1505232	2
NCBITaxon:1505664	1
NCBITaxon:1505723	1
NCBITaxon:1505725	2
NCBITaxon:1505726	2
NCBITaxon:1505727	2
NCBITaxon:1506	3
NCBITaxon:1506996	2
NCBITaxon:150723	13
NCBITaxon:1507331	1
NCBITaxon:1507449	1
NCBITaxon:150832	2
NCBITaxon:1508375	1
NCBITaxon:1508388	1
NCBITaxon:1508389	1
NCBITaxon:1508390	1
NCBITaxon:1508404	1
NCBITaxon:1508419	2
NCBITaxon:1508420	2
NCBITaxon:1509	2
NCBITaxon:151	21
NCBITaxon:1510150	1
NCBITaxon:1510569	1
NCBITaxon:1510570	1
NCBITaxon:1510573	1
NCBITaxon:1510574	1
NCBITaxon:1511599	21
NCBITaxon:1511749	2
NCBITaxon:1511761	11
NCBITaxon:1512	1
NCBITaxon:1513	2
NCBITaxon:1513271	1
NCBITaxon:1513468	2
NCBITaxon:1513890	1
NCBITaxon:1513892	18
NCBITaxon:1513896	21
NCBITaxon:1513898	2
NCBITaxon:1514080	1
NCBITaxon:1514105	2
NCBITaxon:151414	8
NCBITaxon:151416	4
NCBITaxon:151419	4
NCBITaxon:151454	5
NCBITaxon:1514904	27
NCBITaxon:1514948	1
NCBITaxon:1515	2
NCBITaxon:1515439	1
NCBITaxon:1515612	1
NCBITaxon:1516	4
NCBITaxon:1516126	1
NCBITaxon:1517	2
NCBITaxon:1517702	1
NCBITaxon:151783	6
NCBITaxon:151784	5
NCBITaxon:1519	2
NCBITaxon:152	1
NCBITaxon:1520	2
NCBITaxon:1520670	1
NCBITaxon:1521	15
NCBITaxon:1521118	1
NCBITaxon:1521328	14
NCBITaxon:152142	2
NCBITaxon:1521434	1
NCBITaxon:1521435	1
NCBITaxon:1521930	1
NCBITaxon:1521931	1
NCBITaxon:1522	2
NCBITaxon:1522057	1
NCBITaxon:1522174	1
NCBITaxon:1522175	26
NCBITaxon:1522176	1
NCBITaxon:1522315	1
NCBITaxon:1522368	1
NCBITaxon:152260	2
NCBITaxon:152268	28
NCBITaxon:1523160	1
NCBITaxon:1523247	2
NCBITaxon:152331	2
NCBITaxon:152335	5
NCBITaxon:1523623	2
NCBITaxon:1524084	1
NCBITaxon:1524338	1
NCBITaxon:152475	1
NCBITaxon:152480	1
NCBITaxon:1524924	22
NCBITaxon:1524965	1
NCBITaxon:1524974	5
NCBITaxon:1525	2
NCBITaxon:152500	5
NCBITaxon:152526	2
NCBITaxon:152573	1
NCBITaxon:1526551	1
NCBITaxon:1527608	1
NCBITaxon:152794	1
NCBITaxon:1528	6
NCBITaxon:1528099	10
NCBITaxon:1529	2
NCBITaxon:1529066	23
NCBITaxon:1530	2
NCBITaxon:1530123	1
NCBITaxon:153026	1
NCBITaxon:1531	2
NCBITaxon:153151	1
NCBITaxon:1534	1
NCBITaxon:153494	2
NCBITaxon:1535313	1
NCBITaxon:1536	9
NCBITaxon:153622	1
NCBITaxon:1536641	1
NCBITaxon:153730	2
NCBITaxon:153731	2
NCBITaxon:1537524	2
NCBITaxon:1537566	27
NCBITaxon:1537567	2
NCBITaxon:1537568	2
NCBITaxon:1538102	1
NCBITaxon:1538103	1
NCBITaxon:1538144	1
NCBITaxon:153832	1
NCBITaxon:1538463	1
NCBITaxon:1539	2
NCBITaxon:1539049	22
NCBITaxon:1539050	1
NCBITaxon:1539051	1
NCBITaxon:1539298	4
NCBITaxon:1540	1
NCBITaxon:1540163	1
NCBITaxon:154046	1
NCBITaxon:1541	2
NCBITaxon:1541063	1
NCBITaxon:154108	1
NCBITaxon:154117	17
NCBITaxon:1541170	1
NCBITaxon:1541174	1
NCBITaxon:1542	1
NCBITaxon:1542726	1
NCBITaxon:1542736	1
NCBITaxon:1542737	1
NCBITaxon:154288	2
NCBITaxon:1543	2
NCBITaxon:1543381	25
NCBITaxon:1543721	1
NCBITaxon:1543852	1
NCBITaxon:1544	16
NCBITaxon:1544413	6
NCBITaxon:1544416	6
NCBITaxon:1544727	1
NCBITaxon:1544732	18
NCBITaxon:1544736	1
NCBITaxon:1544741	1
NCBITaxon:1544744	20
NCBITaxon:1544745	19
NCBITaxon:1545044	1
NCBITaxon:1547	1
NCBITaxon:1547447	6
NCBITaxon:1547891	1
NCBITaxon:1547892	19
NCBITaxon:1548	2
NCBITaxon:1548208	20
NCBITaxon:1548213	26
NCBITaxon:1548548	1
NCBITaxon:1548599	27
NCBITaxon:1548602	29
NCBITaxon:1548749	28
NCBITaxon:1549	2
NCBITaxon:1549637	24
NCBITaxon:1549638	21
NCBITaxon:1549639	23
NCBITaxon:154981	9
NCBITaxon:1549855	2
NCBITaxon:1549888	1
NCBITaxon:1549889	1
NCBITaxon:1549945	1
NCBITaxon:1549949	12
NCBITaxon:1550	1
NCBITaxon:1550024	12
NCBITaxon:1550229	1
NCBITaxon:1550242	1
NCBITaxon:155042	2
NCBITaxon:1550579	1
NCBITaxon:1550617	1
NCBITaxon:1550618	1
NCBITaxon:1550619	1
NCBITaxon:1550620	1
NCBITaxon:1550728	23
NCBITaxon:155085	1
NCBITaxon:155192	3
NCBITaxon:1552123	1
NCBITaxon:1552750	1
NCBITaxon:1553	1
NCBITaxon:1553429	2
NCBITaxon:1553448	1
NCBITaxon:1553906	1
NCBITaxon:1555112	2
NCBITaxon:1556	12
NCBITaxon:155617	5
NCBITaxon:155618	5
NCBITaxon:155866	1
NCBITaxon:1559	2
NCBITaxon:155974	4
NCBITaxon:155976	1
NCBITaxon:1559896	1
NCBITaxon:156	1
NCBITaxon:1560005	18
NCBITaxon:1560006	25
NCBITaxon:1560324	30
NCBITaxon:1561	2
NCBITaxon:1561923	1
NCBITaxon:156205	32
NCBITaxon:1562603	26
NCBITaxon:1562698	25
NCBITaxon:1562970	22
NCBITaxon:1563	1
NCBITaxon:1563222	1
NCBITaxon:1563671	1
NCBITaxon:1563703	25
NCBITaxon:1564	1
NCBITaxon:1564158	1
NCBITaxon:1564159	1
NCBITaxon:1564162	1
NCBITaxon:1564163	14
NCBITaxon:1564164	1
NCBITaxon:1564487	2
NCBITaxon:1565	25
NCBITaxon:1565035	20
NCBITaxon:1565605	19
NCBITaxon:1566026	1
NCBITaxon:1566352	1
NCBITaxon:1566827	27
NCBITaxon:1567106	1
NCBITaxon:1567107	1
NCBITaxon:156892	4
NCBITaxon:156976	1
NCBITaxon:156978	2
NCBITaxon:156979	1
NCBITaxon:1570	1
NCBITaxon:1571	1
NCBITaxon:1571184	1
NCBITaxon:1571224	26
NCBITaxon:157225	7
NCBITaxon:157227	1
NCBITaxon:1572581	27
NCBITaxon:1572644	1
NCBITaxon:1572751	1
NCBITaxon:1572761	28
NCBITaxon:1572858	23
NCBITaxon:1573172	26
NCBITaxon:157339	1
NCBITaxon:1574624	21
NCBITaxon:157463	1
NCBITaxon:157465	1
NCBITaxon:157592	1
NCBITaxon:1576369	1
NCBITaxon:1576610	7
NCBITaxon:1577442	1
NCBITaxon:1577474	29
NCBITaxon:1577687	1
NCBITaxon:157779	1
NCBITaxon:157792	21
NCBITaxon:1578198	26
NCBITaxon:157838	22
NCBITaxon:157839	25
NCBITaxon:157842	2
NCBITaxon:1578720	1
NCBITaxon:157910	1
NCBITaxon:1579424	1
NCBITaxon:1580	4
NCBITaxon:1581	1
NCBITaxon:1581472	2
NCBITaxon:158192	1
NCBITaxon:1582	8
NCBITaxon:1583	5
NCBITaxon:1585241	1
NCBITaxon:1585974	1
NCBITaxon:1586267	8
NCBITaxon:158627	1
NCBITaxon:1586287	1
NCBITaxon:1587	1
NCBITaxon:1587527	1
NCBITaxon:1588	1
NCBITaxon:158850	1
NCBITaxon:1588641	19
NCBITaxon:1588644	1
NCBITaxon:158890	1
NCBITaxon:158897	1
NCBITaxon:158899	12
NCBITaxon:1589	1
NCBITaxon:1590	5
NCBITaxon:1591	2
NCBITaxon:1591085	1
NCBITaxon:1591087	1
NCBITaxon:1591088	1
NCBITaxon:1592105	1
NCBITaxon:1592106	1
NCBITaxon:1592317	2
NCBITaxon:1592324	1
NCBITaxon:159291	1
NCBITaxon:159292	2
NCBITaxon:1593234	24
NCBITaxon:159346	20
NCBITaxon:159450	3
NCBITaxon:159478	14
NCBITaxon:159612	1
NCBITaxon:1597	1
NCBITaxon:159723	1
NCBITaxon:159728	1
NCBITaxon:1597977	1
NCBITaxon:1598	2
NCBITaxon:1599	2
NCBITaxon:1600	1
NCBITaxon:1601	1
NCBITaxon:1603	1
NCBITaxon:1603258	9
NCBITaxon:1603869	1
NCBITaxon:1603870	26
NCBITaxon:1603871	1
NCBITaxon:1603886	2
NCBITaxon:160396	6
NCBITaxon:1604	1
NCBITaxon:160434	1
NCBITaxon:1604349	23
NCBITaxon:1604721	1
NCBITaxon:1605	1
NCBITaxon:1605892	1
NCBITaxon:1605990	1
NCBITaxon:1606	3
NCBITaxon:160660	1
NCBITaxon:160689	5
NCBITaxon:1607685	21
NCBITaxon:1607738	1
NCBITaxon:1607837	2
NCBITaxon:160799	1
NCBITaxon:160808	1
NCBITaxon:160825	1
NCBITaxon:160826	2
NCBITaxon:1608400	1
NCBITaxon:1608407	1
NCBITaxon:1608613	1
NCBITaxon:1608614	1
NCBITaxon:1608710	1
NCBITaxon:1608994	18
NCBITaxon:1608996	18
NCBITaxon:1609272	25
NCBITaxon:1610	1
NCBITaxon:1610748	1
NCBITaxon:1611422	16
NCBITaxon:161156	2
NCBITaxon:1611836	2
NCBITaxon:1612	1
NCBITaxon:1612150	3
NCBITaxon:1612172	27
NCBITaxon:1612308	1
NCBITaxon:1612435	21
NCBITaxon:1613	1
NCBITaxon:161354	1
NCBITaxon:161355	6
NCBITaxon:161361	1
NCBITaxon:1614	6
NCBITaxon:1614693	1
NCBITaxon:161482	1
NCBITaxon:161493	1
NCBITaxon:161536	19
NCBITaxon:1615673	25
NCBITaxon:1615674	24
NCBITaxon:1615681	23
NCBITaxon:1616	5
NCBITaxon:1616106	18
NCBITaxon:1616107	1
NCBITaxon:1616110	23
NCBITaxon:1616117	1
NCBITaxon:1616125	23
NCBITaxon:1616788	28
NCBITaxon:1617086	1
NCBITaxon:1617087	19
NCBITaxon:1617979	1
NCBITaxon:1618	1
NCBITaxon:161890	1
NCBITaxon:161895	1
NCBITaxon:161896	8
NCBITaxon:161899	6
NCBITaxon:161902	4
NCBITaxon:161920	2
NCBITaxon:1619234	2
NCBITaxon:1619308	26
NCBITaxon:1619309	1
NCBITaxon:1619310	23
NCBITaxon:1619311	1
NCBITaxon:1620	2
NCBITaxon:1620215	1
NCBITaxon:162028	1
NCBITaxon:1620385	1
NCBITaxon:1620943	14
NCBITaxon:162169	7
NCBITaxon:162170	8
NCBITaxon:1622	2
NCBITaxon:162209	1
NCBITaxon:1622118	20
NCBITaxon:1623	2
NCBITaxon:1623396	11
NCBITaxon:1623397	11
NCBITaxon:162393	2
NCBITaxon:1624	2
NCBITaxon:162496	1
NCBITaxon:1625	1
NCBITaxon:1626	1
NCBITaxon:1627892	1
NCBITaxon:1627895	1
NCBITaxon:1628085	21
NCBITaxon:1628250	1
NCBITaxon:1628251	22
NCBITaxon:1629	2
NCBITaxon:1629062	1
NCBITaxon:1629072	20
NCBITaxon:163	2
NCBITaxon:163011	5
NCBITaxon:1630135	24
NCBITaxon:1630136	22
NCBITaxon:1630162	16
NCBITaxon:1630166	18
NCBITaxon:1630172	17
NCBITaxon:1630542	1
NCBITaxon:1630594	23
NCBITaxon:1630595	28
NCBITaxon:1631477	1
NCBITaxon:1631871	1
NCBITaxon:1632	1
NCBITaxon:1632013	1
NCBITaxon:1632740	24
NCBITaxon:1632858	1
NCBITaxon:1633	4
NCBITaxon:163359	1
NCBITaxon:1634059	1
NCBITaxon:1636188	18
NCBITaxon:1636843	1
NCBITaxon:1637102	1
NCBITaxon:1638	2
NCBITaxon:163874	25
NCBITaxon:163875	20
NCBITaxon:163877	16
NCBITaxon:163879	22
NCBITaxon:1638980	1
NCBITaxon:1638981	1
NCBITaxon:1638982	1
NCBITaxon:1638984	1
NCBITaxon:1638985	1
NCBITaxon:1638987	1
NCBITaxon:1638988	1
NCBITaxon:1638989	1
NCBITaxon:1639035	26
NCBITaxon:1639108	9
NCBITaxon:1639118	1
NCBITaxon:1639133	23
NCBITaxon:1639689	1
NCBITaxon:1639882	27
NCBITaxon:1639998	25
NCBITaxon:1640	1
NCBITaxon:1640151	2
NCBITaxon:1640152	17
NCBITaxon:1640652	1
NCBITaxon:1640865	26
NCBITaxon:1640866	25
NCBITaxon:1641990	5
NCBITaxon:1641992	4
NCBITaxon:1642299	1
NCBITaxon:1642303	9
NCBITaxon:1642469	26
NCBITaxon:1642495	1
NCBITaxon:1642646	23
NCBITaxon:1642647	25
NCBITaxon:1642702	25
NCBITaxon:1643	1
NCBITaxon:164332	1
NCBITaxon:1643805	14
NCBITaxon:164393	2
NCBITaxon:1644118	1
NCBITaxon:1644129	1
NCBITaxon:1645614	24
NCBITaxon:1645681	25
NCBITaxon:1646119	16
NCBITaxon:1646373	9
NCBITaxon:1646377	11
NCBITaxon:1646383	1
NCBITaxon:164759	1
NCBITaxon:1648182	23
NCBITaxon:1648214	2
NCBITaxon:1649257	5
NCBITaxon:1649580	1
NCBITaxon:1650	5
NCBITaxon:1650662	1
NCBITaxon:1650663	15
NCBITaxon:1651082	29
NCBITaxon:1651218	1
NCBITaxon:1652028	1
NCBITaxon:1652031	1
NCBITaxon:1652109	1
NCBITaxon:1652145	22
NCBITaxon:1652492	1
NCBITaxon:1652495	7
NCBITaxon:1653434	16
NCBITaxon:1653476	21
NCBITaxon:1653776	30
NCBITaxon:1654360	1
NCBITaxon:1654388	1
NCBITaxon:1654476	1
NCBITaxon:1655	3
NCBITaxon:1655232	24
NCBITaxon:1655277	25
NCBITaxon:165694	1
NCBITaxon:1657	14
NCBITaxon:165758	1
NCBITaxon:1658	1
NCBITaxon:1658111	1
NCBITaxon:165814	2
NCBITaxon:1658519	21
NCBITaxon:1659	1
NCBITaxon:166	4
NCBITaxon:1660197	25
NCBITaxon:1660341	21
NCBITaxon:1661	7
NCBITaxon:1662395	24
NCBITaxon:1663	1
NCBITaxon:1664035	16
NCBITaxon:1665626	21
NCBITaxon:1667	2
NCBITaxon:1667024	26
NCBITaxon:1667168	24
NCBITaxon:1667239	29
NCBITaxon:1670	13
NCBITaxon:1670446	1
NCBITaxon:1670621	1
NCBITaxon:1670801	20
NCBITaxon:1670832	24
NCBITaxon:1671	7
NCBITaxon:1671022	5
NCBITaxon:1671023	9
NCBITaxon:1673	4
NCBITaxon:1674310	24
NCBITaxon:1674942	22
NCBITaxon:1675686	2
NCBITaxon:1675854	24
NCBITaxon:1676	5
NCBITaxon:1676396	1
NCBITaxon:167643	2
NCBITaxon:167644	2
NCBITaxon:167645	2
NCBITaxon:1676991	1
NCBITaxon:1677	11
NCBITaxon:1677852	1
NCBITaxon:1677853	21
NCBITaxon:1677857	20
NCBITaxon:1678841	19
NCBITaxon:1678900	1
NCBITaxon:1679170	24
NCBITaxon:1679444	18
NCBITaxon:1679495	15
NCBITaxon:1679497	1
NCBITaxon:167964	19
NCBITaxon:1679721	20
NCBITaxon:1680	2
NCBITaxon:1681	1
NCBITaxon:1682	2
NCBITaxon:1682732	1
NCBITaxon:1682742	22
NCBITaxon:1682748	6
NCBITaxon:1683	2
NCBITaxon:168379	1
NCBITaxon:1684	1
NCBITaxon:168469	2
NCBITaxon:1685017	22
NCBITaxon:1685901	1
NCBITaxon:1686	2
NCBITaxon:1686310	5
NCBITaxon:1687	1
NCBITaxon:1688485	1
NCBITaxon:1689	2
NCBITaxon:1689449	29
NCBITaxon:1689834	10
NCBITaxon:1690	2
NCBITaxon:1690039	27
NCBITaxon:1690220	27
NCBITaxon:1690221	22
NCBITaxon:169050	4
NCBITaxon:1691	1
NCBITaxon:169134	5
NCBITaxon:1691563	23
NCBITaxon:1691571	1
NCBITaxon:1691940	2
NCBITaxon:1692	2
NCBITaxon:169283	15
NCBITaxon:169292	4
NCBITaxon:1694	2
NCBITaxon:169427	1
NCBITaxon:169430	1
NCBITaxon:169435	1
NCBITaxon:169480	5
NCBITaxon:1695	1
NCBITaxon:1695161	22
NCBITaxon:169669	2
NCBITaxon:1697053	24
NCBITaxon:169760	5
NCBITaxon:1698	1
NCBITaxon:1698521	1
NCBITaxon:169875	1
NCBITaxon:169960	2
NCBITaxon:1701	1
NCBITaxon:1701085	7
NCBITaxon:1701573	4
NCBITaxon:1702221	1
NCBITaxon:1702242	1
NCBITaxon:1703256	26
NCBITaxon:1703337	13
NCBITaxon:1703339	25
NCBITaxon:1703341	27
NCBITaxon:1703343	27
NCBITaxon:170367	25
NCBITaxon:1704076	18
NCBITaxon:1704499	23
NCBITaxon:1705	11
NCBITaxon:1705565	28
NCBITaxon:1705607	24
NCBITaxon:170573	4
NCBITaxon:1706046	1
NCBITaxon:170623	1
NCBITaxon:170673	2
NCBITaxon:170679	2
NCBITaxon:1706840	21
NCBITaxon:1707527	20
NCBITaxon:1707952	16
NCBITaxon:1707966	20
NCBITaxon:1708	1
NCBITaxon:1708347	22
NCBITaxon:1708749	20
NCBITaxon:1708783	24
NCBITaxon:1709	10
NCBITaxon:170994	2
NCBITaxon:1710	3
NCBITaxon:1710544	24
NCBITaxon:1712	6
NCBITaxon:1712031	1
NCBITaxon:1712515	1
NCBITaxon:171260	1
NCBITaxon:1712665	20
NCBITaxon:171383	1
NCBITaxon:171398	1
NCBITaxon:1714	13
NCBITaxon:171400	1
NCBITaxon:171401	1
NCBITaxon:1714016	29
NCBITaxon:171402	1
NCBITaxon:171403	1
NCBITaxon:171404	1
NCBITaxon:171405	1
NCBITaxon:1714264	25
NCBITaxon:171442	1
NCBITaxon:1714681	21
NCBITaxon:1714682	16
NCBITaxon:171523	1
NCBITaxon:1715347	20
NCBITaxon:1715720	1
NCBITaxon:1716077	26
NCBITaxon:1716141	5
NCBITaxon:1716143	24
NCBITaxon:171685	21
NCBITaxon:171692	16
NCBITaxon:171693	14
NCBITaxon:1717	2
NCBITaxon:1717229	25
NCBITaxon:1718	1
NCBITaxon:171865	1
NCBITaxon:171869	2
NCBITaxon:1719	2
NCBITaxon:1720063	1
NCBITaxon:1720199	1
NCBITaxon:172040	8
NCBITaxon:172042	4
NCBITaxon:172043	11
NCBITaxon:172044	11
NCBITaxon:172045	1
NCBITaxon:1720557	7
NCBITaxon:1721087	26
NCBITaxon:1723361	24
NCBITaxon:172371	1
NCBITaxon:1724	6
NCBITaxon:1725	2
NCBITaxon:1727	6
NCBITaxon:172713	1
NCBITaxon:172827	1
NCBITaxon:1729899	25
NCBITaxon:1730245	1
NCBITaxon:1730378	24
NCBITaxon:173040	1
NCBITaxon:173041	23
NCBITaxon:1730526	27
NCBITaxon:1730894	24
NCBITaxon:1732	2
NCBITaxon:1732567	27
NCBITaxon:173361	2
NCBITaxon:173362	2
NCBITaxon:173363	2
NCBITaxon:173364	3
NCBITaxon:1734049	23
NCBITaxon:173560	19
NCBITaxon:1736	2
NCBITaxon:1736674	1
NCBITaxon:1737	1
NCBITaxon:1737353	19
NCBITaxon:1737354	26
NCBITaxon:1737356	1
NCBITaxon:1737357	23
NCBITaxon:1737446	25
NCBITaxon:1737571	21
NCBITaxon:173856	6
NCBITaxon:173861	2
NCBITaxon:173862	4
NCBITaxon:173990	2
NCBITaxon:174038	1
NCBITaxon:1740611	17
NCBITaxon:1740721	20
NCBITaxon:1742358	27
NCBITaxon:1742687	18
NCBITaxon:1742688	20
NCBITaxon:1743143	27
NCBITaxon:1743157	9
NCBITaxon:1743159	9
NCBITaxon:1743168	16
NCBITaxon:1743169	15
NCBITaxon:1743235	25
NCBITaxon:1743262	25
NCBITaxon:1743263	23
NCBITaxon:1744	2
NCBITaxon:1744844	14
NCBITaxon:1744846	14
NCBITaxon:1747	9
NCBITaxon:1748	2
NCBITaxon:1748298	24
NCBITaxon:1748367	23
NCBITaxon:1749	3
NCBITaxon:1749036	19
NCBITaxon:1749037	1
NCBITaxon:1750561	5
NCBITaxon:1750597	26
NCBITaxon:1750599	25
NCBITaxon:1750603	17
NCBITaxon:1750644	1
NCBITaxon:1751	1
NCBITaxon:1751298	21
NCBITaxon:1752	2
NCBITaxon:1753	2
NCBITaxon:175306	11
NCBITaxon:1754	2
NCBITaxon:1754012	1
NCBITaxon:1755	2
NCBITaxon:1755100	1
NCBITaxon:1755582	26
NCBITaxon:175570	1
NCBITaxon:1756761	23
NCBITaxon:1757	2
NCBITaxon:1758122	1
NCBITaxon:1758466	24
NCBITaxon:1759536	25
NCBITaxon:176090	1
NCBITaxon:1760988	1
NCBITaxon:1761781	2
NCBITaxon:176291	5
NCBITaxon:176292	2
NCBITaxon:1763509	25
NCBITaxon:1763541	1
NCBITaxon:1763543	20
NCBITaxon:1764539	23
NCBITaxon:1765219	13
NCBITaxon:1765737	26
NCBITaxon:1765746	26
NCBITaxon:1765967	1
NCBITaxon:1766	4
NCBITaxon:1766719	8
NCBITaxon:1766802	20
NCBITaxon:1767	1
NCBITaxon:1768010	19
NCBITaxon:1768011	24
NCBITaxon:176898	2
NCBITaxon:1769291	14
NCBITaxon:1769421	19
NCBITaxon:1769422	22
NCBITaxon:1769423	23
NCBITaxon:1769424	20
NCBITaxon:1773489	28
NCBITaxon:177413	24
NCBITaxon:1775170	28
NCBITaxon:1775474	1
NCBITaxon:1775911	1
NCBITaxon:1776856	25
NCBITaxon:1776857	23
NCBITaxon:1776858	27
NCBITaxon:1776859	24
NCBITaxon:177758	2
NCBITaxon:1778267	16
NCBITaxon:1778540	3
NCBITaxon:1778590	27
NCBITaxon:177972	2
NCBITaxon:1780	1
NCBITaxon:1780362	6
NCBITaxon:1781	5
NCBITaxon:1781211	22
NCBITaxon:1782	1
NCBITaxon:1783348	29
NCBITaxon:1783352	22
NCBITaxon:178337	2
NCBITaxon:178338	1
NCBITaxon:178339	1
NCBITaxon:178340	5
NCBITaxon:1783498	26
NCBITaxon:178355	1
NCBITaxon:178356	1
NCBITaxon:178440	1
NCBITaxon:1785	1
NCBITaxon:1785913	12
NCBITaxon:178606	1
NCBITaxon:1787	2
NCBITaxon:178774	10
NCBITaxon:1788	1
NCBITaxon:178898	1
NCBITaxon:178899	2
NCBITaxon:1789	3
NCBITaxon:178900	1
NCBITaxon:1789691	27
NCBITaxon:1790	1
NCBITaxon:1790137	25
NCBITaxon:179095	16
NCBITaxon:1791	1
NCBITaxon:1792	2
NCBITaxon:1792846	22
NCBITaxon:1793	1
NCBITaxon:1793873	28
NCBITaxon:1794	1
NCBITaxon:179467	6
NCBITaxon:1794699	20
NCBITaxon:1794912	17
NCBITaxon:1794944	1
NCBITaxon:1795305	25
NCBITaxon:1795308	26
NCBITaxon:1795632	22
NCBITaxon:1796469	26
NCBITaxon:1796610	2
NCBITaxon:1796613	2
NCBITaxon:1796615	2
NCBITaxon:1796616	1
NCBITaxon:1796618	2
NCBITaxon:1796619	1
NCBITaxon:1796620	2
NCBITaxon:1796622	1
NCBITaxon:1796627	1
NCBITaxon:1796628	2
NCBITaxon:1796634	2
NCBITaxon:1796635	1
NCBITaxon:1796636	2
NCBITaxon:1796644	3
NCBITaxon:1796646	2
NCBITaxon:1796652	1
NCBITaxon:1797	3
NCBITaxon:1798155	1
NCBITaxon:1798157	1
NCBITaxon:1798158	1
NCBITaxon:1798182	1
NCBITaxon:179819	1
NCBITaxon:179879	5
NCBITaxon:1798805	25
NCBITaxon:1799	5
NCBITaxon:1799789	23
NCBITaxon:179995	2
NCBITaxon:180	1
NCBITaxon:1800	6
NCBITaxon:180195	8
NCBITaxon:180198	5
NCBITaxon:180200	5
NCBITaxon:180286	9
NCBITaxon:1803177	7
NCBITaxon:1803180	15
NCBITaxon:180344	6
NCBITaxon:1804	2
NCBITaxon:180400	1
NCBITaxon:180434	1
NCBITaxon:180441	2
NCBITaxon:1804624	21
NCBITaxon:1804630	24
NCBITaxon:180542	1
NCBITaxon:1805671	1
NCBITaxon:1805840	20
NCBITaxon:1806052	18
NCBITaxon:1806172	27
NCBITaxon:1806370	27
NCBITaxon:1806669	1
NCBITaxon:1806670	1
NCBITaxon:1807	2
NCBITaxon:1808955	1
NCBITaxon:180915	1
NCBITaxon:180916	1
NCBITaxon:181	1
NCBITaxon:1810504	22
NCBITaxon:181073	1
NCBITaxon:1810851	23
NCBITaxon:1811193	7
NCBITaxon:1811807	25
NCBITaxon:1812012	21
NCBITaxon:1812100	17
NCBITaxon:1812261	11
NCBITaxon:1812262	18
NCBITaxon:1812349	22
NCBITaxon:1813013	1
NCBITaxon:1813871	22
NCBITaxon:1814128	14
NCBITaxon:1814289	25
NCBITaxon:181487	1
NCBITaxon:1815583	5
NCBITaxon:1816181	22
NCBITaxon:1816182	22
NCBITaxon:181662	2
NCBITaxon:181663	2
NCBITaxon:1817	1
NCBITaxon:1817405	1
NCBITaxon:1817495	26
NCBITaxon:1818004	1
NCBITaxon:1819254	23
NCBITaxon:1819600	5
NCBITaxon:1820002	1
NCBITaxon:1821	4
NCBITaxon:182182	2
NCBITaxon:1821960	2
NCBITaxon:182264	2
NCBITaxon:1823	5
NCBITaxon:1824	4
NCBITaxon:1825069	13
NCBITaxon:1825660	1
NCBITaxon:1826607	26
NCBITaxon:182710	1
NCBITaxon:1827502	28
NCBITaxon:182773	2
NCBITaxon:182774	1
NCBITaxon:1828	1
NCBITaxon:1829	2
NCBITaxon:182984	2
NCBITaxon:1833	8
NCBITaxon:1834516	9
NCBITaxon:1835	1
NCBITaxon:1835254	9
NCBITaxon:1835722	13
NCBITaxon:1836499	27
NCBITaxon:183670	1
NCBITaxon:1837	9
NCBITaxon:1838	4
NCBITaxon:1839617	20
NCBITaxon:1840411	27
NCBITaxon:1840415	19
NCBITaxon:1840606	25
NCBITaxon:184065	26
NCBITaxon:184072	5
NCBITaxon:184077	1
NCBITaxon:1841	7
NCBITaxon:1843235	24
NCBITaxon:1843237	24
NCBITaxon:1844	3
NCBITaxon:1844006	22
NCBITaxon:184748	1
NCBITaxon:1847819	24
NCBITaxon:1848771	1
NCBITaxon:1848773	1
NCBITaxon:1848903	1
NCBITaxon:1849018	15
NCBITaxon:1849041	17
NCBITaxon:184917	2
NCBITaxon:185007	1
NCBITaxon:185008	1
NCBITaxon:1850093	20
NCBITaxon:1850238	25
NCBITaxon:1850347	22
NCBITaxon:1851019	28
NCBITaxon:1852	6
NCBITaxon:1852309	19
NCBITaxon:185243	2
NCBITaxon:185293	2
NCBITaxon:185294	24
NCBITaxon:1855823	5
NCBITaxon:1855912	27
NCBITaxon:1856	1
NCBITaxon:185641	1
NCBITaxon:185642	9
NCBITaxon:185678	17
NCBITaxon:1856807	25
NCBITaxon:185684	17
NCBITaxon:185696	1
NCBITaxon:1857024	28
NCBITaxon:185761	3
NCBITaxon:1857645	27
NCBITaxon:1858794	9
NCBITaxon:1859	10
NCBITaxon:1859103	27
NCBITaxon:1859295	26
NCBITaxon:185949	1
NCBITaxon:185950	1
NCBITaxon:185951	1
NCBITaxon:186116	19
NCBITaxon:1862668	7
NCBITaxon:1862672	7
NCBITaxon:1862713	20
NCBITaxon:186280	1
NCBITaxon:186571	20
NCBITaxon:1866	7
NCBITaxon:1866326	26
NCBITaxon:1867408	26
NCBITaxon:1867410	27
NCBITaxon:186761	1
NCBITaxon:1867774	25
NCBITaxon:1867775	23
NCBITaxon:1867796	23
NCBITaxon:1867797	22
NCBITaxon:186814	2
NCBITaxon:186817	1
NCBITaxon:1869227	4
NCBITaxon:187101	1
NCBITaxon:1871047	1
NCBITaxon:1871063	1
NCBITaxon:1871111	22
NCBITaxon:1871331	2
NCBITaxon:1871622	1
NCBITaxon:1872094	3
NCBITaxon:1872122	1
NCBITaxon:1872465	2
NCBITaxon:1872522	1
NCBITaxon:1872678	24
NCBITaxon:1872700	1
NCBITaxon:1872711	22
NCBITaxon:187272	17
NCBITaxon:187326	2
NCBITaxon:1873459	1
NCBITaxon:1873460	1
NCBITaxon:1873466	3
NCBITaxon:1873719	6
NCBITaxon:1874	4
NCBITaxon:1874116	23
NCBITaxon:1874362	1
NCBITaxon:187491	6
NCBITaxon:187493	19
NCBITaxon:1876	4
NCBITaxon:1877	1
NCBITaxon:187868	1
NCBITaxon:187982	22
NCBITaxon:188	2
NCBITaxon:1880	1
NCBITaxon:1882231	19
NCBITaxon:1882232	18
NCBITaxon:1882233	19
NCBITaxon:1882945	1
NCBITaxon:1883	1
NCBITaxon:1884	4
NCBITaxon:1884249	1
NCBITaxon:1884669	8
NCBITaxon:1884792	24
NCBITaxon:1884992	25
NCBITaxon:1885912	9
NCBITaxon:1886	6
NCBITaxon:1887	5
NCBITaxon:188770	5
NCBITaxon:188789	1
NCBITaxon:1888195	10
NCBITaxon:188872	1
NCBITaxon:188915	8
NCBITaxon:1890280	1
NCBITaxon:1890295	15
NCBITaxon:1890302	16
NCBITaxon:1890675	3
NCBITaxon:1891233	2
NCBITaxon:1891658	1
NCBITaxon:1891787	21
NCBITaxon:1892	1
NCBITaxon:1892563	23
NCBITaxon:1892865	24
NCBITaxon:1893	2
NCBITaxon:189381	24
NCBITaxon:189382	25
NCBITaxon:1894	2
NCBITaxon:189425	1
NCBITaxon:189426	1
NCBITaxon:1894989	22
NCBITaxon:1895	6
NCBITaxon:1895664	1
NCBITaxon:1896	2
NCBITaxon:189685	1
NCBITaxon:189722	7
NCBITaxon:189750	4
NCBITaxon:189863	1
NCBITaxon:1898651	26
NCBITaxon:189866	2
NCBITaxon:1898978	4
NCBITaxon:189966	1
NCBITaxon:190148	1
NCBITaxon:190194	1
NCBITaxon:190195	1
NCBITaxon:190197	1
NCBITaxon:1902	6
NCBITaxon:1902428	25
NCBITaxon:1903	1
NCBITaxon:190304	1
NCBITaxon:190387	1
NCBITaxon:1904463	15
NCBITaxon:1904862	2
NCBITaxon:190655	2
NCBITaxon:1906745	4
NCBITaxon:1907	2
NCBITaxon:190721	7
NCBITaxon:1907939	4
NCBITaxon:1908	1
NCBITaxon:1908257	4
NCBITaxon:1908258	4
NCBITaxon:1908260	4
NCBITaxon:1908263	4
NCBITaxon:1908521	1
NCBITaxon:1908541	1
NCBITaxon:190897	12
NCBITaxon:1909	1
NCBITaxon:190905	1
NCBITaxon:190967	2
NCBITaxon:1909699	11
NCBITaxon:1910	5
NCBITaxon:191026	1
NCBITaxon:1911	6
NCBITaxon:1912	9
NCBITaxon:1912090	1
NCBITaxon:1912094	3
NCBITaxon:1912855	18
NCBITaxon:191292	1
NCBITaxon:1912961	20
NCBITaxon:191390	2
NCBITaxon:1913982	1
NCBITaxon:1914243	17
NCBITaxon:1914305	23
NCBITaxon:1914461	17
NCBITaxon:1914471	24
NCBITaxon:1914755	26
NCBITaxon:191497	2
NCBITaxon:1915074	21
NCBITaxon:1915309	17
NCBITaxon:191564	9
NCBITaxon:191577	15
NCBITaxon:191610	4
NCBITaxon:1917180	24
NCBITaxon:1917181	24
NCBITaxon:1917182	20
NCBITaxon:1917441	7
NCBITaxon:191768	1
NCBITaxon:191770	2
NCBITaxon:1917811	20
NCBITaxon:191863	12
NCBITaxon:1919	4
NCBITaxon:192	1
NCBITaxon:1920	15
NCBITaxon:1920505	2
NCBITaxon:1920512	24
NCBITaxon:192066	2
NCBITaxon:192073	3
NCBITaxon:1921	1
NCBITaxon:1921566	26
NCBITaxon:1921578	16
NCBITaxon:1921764	11
NCBITaxon:1923	6
NCBITaxon:192389	6
NCBITaxon:1923961	24
NCBITaxon:1924	5
NCBITaxon:192421	1
NCBITaxon:1926	1
NCBITaxon:1926648	23
NCBITaxon:1926649	27
NCBITaxon:1927124	3
NCBITaxon:1927715	1
NCBITaxon:1928	5
NCBITaxon:1928082	28
NCBITaxon:192814	10
NCBITaxon:192903	18
NCBITaxon:192904	22
NCBITaxon:1929088	22
NCBITaxon:1929416	25
NCBITaxon:1929886	1
NCBITaxon:1930	6
NCBITaxon:1930076	1
NCBITaxon:1930533	24
NCBITaxon:1930622	26
NCBITaxon:1930747	1
NCBITaxon:1931	2
NCBITaxon:1931217	2
NCBITaxon:1932	1
NCBITaxon:1933	17
NCBITaxon:193384	1
NCBITaxon:1933880	26
NCBITaxon:1934	11
NCBITaxon:193460	1
NCBITaxon:193461	1
NCBITaxon:193462	1
NCBITaxon:1934933	1
NCBITaxon:1935	5
NCBITaxon:1936021	1
NCBITaxon:1937692	3
NCBITaxon:1937790	1
NCBITaxon:1938	1
NCBITaxon:1940611	20
NCBITaxon:1940612	20
NCBITaxon:1940617	21
NCBITaxon:1941	6
NCBITaxon:194197	1
NCBITaxon:1942	6
NCBITaxon:1943	5
NCBITaxon:194326	1
NCBITaxon:1943576	21
NCBITaxon:1944	1
NCBITaxon:1946	5
NCBITaxon:194673	6
NCBITaxon:1947	6
NCBITaxon:194702	1
NCBITaxon:194841	1
NCBITaxon:194963	2
NCBITaxon:195	2
NCBITaxon:195064	2
NCBITaxon:195088	30
NCBITaxon:1951	6
NCBITaxon:195103	2
NCBITaxon:1952	5
NCBITaxon:1954	1
NCBITaxon:1955	1
NCBITaxon:1955013	1
NCBITaxon:1955243	2
NCBITaxon:1955250	1
NCBITaxon:1956	6
NCBITaxon:195748	1
NCBITaxon:195749	1
NCBITaxon:195801	2
NCBITaxon:195913	20
NCBITaxon:195930	6
NCBITaxon:196	2
NCBITaxon:1960	1
NCBITaxon:1960083	11
NCBITaxon:196023	1
NCBITaxon:196024	12
NCBITaxon:1960874	16
NCBITaxon:1960881	1
NCBITaxon:1961	5
NCBITaxon:196164	21
NCBITaxon:1962118	2
NCBITaxon:1962263	21
NCBITaxon:1962348	25
NCBITaxon:1962857	1
NCBITaxon:1963	4
NCBITaxon:1963359	1
NCBITaxon:196367	5
NCBITaxon:1965231	3
NCBITaxon:1965289	1
NCBITaxon:1965305	1
NCBITaxon:196587	1
NCBITaxon:196627	5
NCBITaxon:1967	5
NCBITaxon:1968	5
NCBITaxon:1968433	21
NCBITaxon:1969	1
NCBITaxon:1969108	27
NCBITaxon:197	1
NCBITaxon:1970	6
NCBITaxon:1971214	2
NCBITaxon:1972068	19
NCBITaxon:1972704	27
NCBITaxon:1973496	20
NCBITaxon:197479	1
NCBITaxon:197482	12
NCBITaxon:197614	1
NCBITaxon:1978372	1
NCBITaxon:1978490	1
NCBITaxon:198	7
NCBITaxon:198092	1
NCBITaxon:198093	2
NCBITaxon:198119	27
NCBITaxon:1981331	1
NCBITaxon:1981791	1
NCBITaxon:198347	2
NCBITaxon:198467	1
NCBITaxon:198482	7
NCBITaxon:198483	6
NCBITaxon:198484	8
NCBITaxon:198618	1
NCBITaxon:198620	1
NCBITaxon:1987063	1
NCBITaxon:1987064	1
NCBITaxon:198832	1
NCBITaxon:1989	1
NCBITaxon:1991	4
NCBITaxon:199136	7
NCBITaxon:1992	4
NCBITaxon:1994	5
NCBITaxon:199591	8
NCBITaxon:199592	1
NCBITaxon:199596	16
NCBITaxon:1997	5
NCBITaxon:1999	5
NCBITaxon:2	1
NCBITaxon:2000	1
NCBITaxon:2002	4
NCBITaxon:200252	10
NCBITaxon:200253	8
NCBITaxon:2002775	1
NCBITaxon:200378	23
NCBITaxon:200379	1
NCBITaxon:200450	5
NCBITaxon:200451	5
NCBITaxon:200452	1
NCBITaxon:200454	1
NCBITaxon:200476	1
NCBITaxon:2005073	23
NCBITaxon:200615	23
NCBITaxon:200616	22
NCBITaxon:200617	1
NCBITaxon:200624	1
NCBITaxon:200905	1
NCBITaxon:200989	27
NCBITaxon:200990	27
NCBITaxon:200991	1
NCBITaxon:201	2
NCBITaxon:2013	1
NCBITaxon:2014	6
NCBITaxon:2015592	1
NCBITaxon:2017	5
NCBITaxon:201828	6
NCBITaxon:201829	2
NCBITaxon:2018667	19
NCBITaxon:2018668	21
NCBITaxon:2018669	20
NCBITaxon:201973	7
NCBITaxon:201975	7
NCBITaxon:2020703	23
NCBITaxon:2020714	25
NCBITaxon:2020716	25
NCBITaxon:2021	2
NCBITaxon:202260	24
NCBITaxon:2022602	2
NCBITaxon:202261	28
NCBITaxon:2023875	22
NCBITaxon:2024995	5
NCBITaxon:2025884	1
NCBITaxon:2026	3
NCBITaxon:2026353	1
NCBITaxon:202750	1
NCBITaxon:2027872	19
NCBITaxon:202789	7
NCBITaxon:2028108	1
NCBITaxon:2029103	28
NCBITaxon:2029754	13
NCBITaxon:2029884	23
NCBITaxon:203	2
NCBITaxon:2030	5
NCBITaxon:2030913	25
NCBITaxon:203119	3
NCBITaxon:203120	1
NCBITaxon:203122	28
NCBITaxon:2033	6
NCBITaxon:203482	1
NCBITaxon:2035	1
NCBITaxon:2035343	14
NCBITaxon:2035533	19
NCBITaxon:2036	6
NCBITaxon:203699	1
NCBITaxon:203799	19
NCBITaxon:2038680	25
NCBITaxon:204	11
NCBITaxon:2040258	18
NCBITaxon:204072	1
NCBITaxon:2041	2
NCBITaxon:2041421	25
NCBITaxon:2045	1
NCBITaxon:204516	15
NCBITaxon:204773	18
NCBITaxon:2047734	23
NCBITaxon:2047739	20
NCBITaxon:2047744	21
NCBITaxon:204798	15
NCBITaxon:2048549	24
NCBITaxon:204891	8
NCBITaxon:2049319	16
NCBITaxon:204936	1
NCBITaxon:2052	2
NCBITaxon:205327	2
NCBITaxon:205328	2
NCBITaxon:205332	1
NCBITaxon:2053530	3
NCBITaxon:2053590	1
NCBITaxon:2053610	1
NCBITaxon:2053611	1
NCBITaxon:2053622	2
NCBITaxon:2054627	1
NCBITaxon:2054628	1
NCBITaxon:2055	1
NCBITaxon:2056700	25
NCBITaxon:205844	18
NCBITaxon:205941	4
NCBITaxon:206	2
NCBITaxon:206043	4
NCBITaxon:2060666	25
NCBITaxon:206084	17
NCBITaxon:206163	11
NCBITaxon:206249	1
NCBITaxon:2064	2
NCBITaxon:206403	22
NCBITaxon:206499	8
NCBITaxon:2065	2
NCBITaxon:206506	9
NCBITaxon:2065818	1
NCBITaxon:2066	2
NCBITaxon:206665	2
NCBITaxon:2067988	2
NCBITaxon:2072	4
NCBITaxon:2078	1
NCBITaxon:2078658	6
NCBITaxon:2079197	1
NCBITaxon:207949	20
NCBITaxon:2081794	1
NCBITaxon:208199	27
NCBITaxon:2082	1
NCBITaxon:208304	2
NCBITaxon:208439	5
NCBITaxon:208442	1
NCBITaxon:208445	5
NCBITaxon:208479	1
NCBITaxon:208480	4
NCBITaxon:208958	5
NCBITaxon:208968	1
NCBITaxon:209389	21
NCBITaxon:2093942	1
NCBITaxon:209639	26
NCBITaxon:209650	1
NCBITaxon:209880	2
NCBITaxon:2099376	2
NCBITaxon:21	14
NCBITaxon:210	2
NCBITaxon:2100	1
NCBITaxon:2104	1
NCBITaxon:2105	7
NCBITaxon:2107999	1
NCBITaxon:2108	1
NCBITaxon:211113	5
NCBITaxon:211114	3
NCBITaxon:211460	8
NCBITaxon:212020	16
NCBITaxon:212021	18
NCBITaxon:212194	1
NCBITaxon:212218	4
NCBITaxon:2126352	1
NCBITaxon:212659	1
NCBITaxon:212663	1
NCBITaxon:212667	5
NCBITaxon:213224	2
NCBITaxon:213248	18
NCBITaxon:2133	1
NCBITaxon:213312	1
NCBITaxon:2134	2
NCBITaxon:2135459	1
NCBITaxon:213554	1
NCBITaxon:213806	2
NCBITaxon:213810	13
NCBITaxon:2139	1
NCBITaxon:214014	6
NCBITaxon:2142	1
NCBITaxon:2143	1
NCBITaxon:214325	1
NCBITaxon:214326	2
NCBITaxon:214473	2
NCBITaxon:214688	1
NCBITaxon:214853	1
NCBITaxon:215	2
NCBITaxon:215200	2
NCBITaxon:215580	1
NCBITaxon:215590	13
NCBITaxon:215743	1
NCBITaxon:215803	1
NCBITaxon:216	1
NCBITaxon:2163172	16
NCBITaxon:216465	15
NCBITaxon:216778	1
NCBITaxon:216903	16
NCBITaxon:216929	13
NCBITaxon:216931	2
NCBITaxon:216932	2
NCBITaxon:216934	2
NCBITaxon:216938	1
NCBITaxon:216942	2
NCBITaxon:216943	1
NCBITaxon:216946	1
NCBITaxon:216947	1
NCBITaxon:217041	19
NCBITaxon:217069	18
NCBITaxon:217158	2
NCBITaxon:217159	10
NCBITaxon:217203	10
NCBITaxon:217204	13
NCBITaxon:217495	19
NCBITaxon:217511	28
NCBITaxon:218139	15
NCBITaxon:218144	7
NCBITaxon:218206	2
NCBITaxon:218493	1
NCBITaxon:218672	25
NCBITaxon:218673	26
NCBITaxon:218936	10
NCBITaxon:219301	4
NCBITaxon:219572	13
NCBITaxon:219574	14
NCBITaxon:219649	10
NCBITaxon:220378	17
NCBITaxon:220670	2
NCBITaxon:220752	23
NCBITaxon:220754	22
NCBITaxon:220927	7
NCBITaxon:221028	10
NCBITaxon:221126	27
NCBITaxon:2212460	2
NCBITaxon:221276	1
NCBITaxon:221404	10
NCBITaxon:221711	2
NCBITaxon:221725	1
NCBITaxon:221989	25
NCBITaxon:222534	11
NCBITaxon:222805	10
NCBITaxon:223184	17
NCBITaxon:223389	20
NCBITaxon:223390	27
NCBITaxon:223392	5
NCBITaxon:223527	1
NCBITaxon:223556	17
NCBITaxon:223788	18
NCBITaxon:223919	1
NCBITaxon:224312	19
NCBITaxon:224436	19
NCBITaxon:224999	21
NCBITaxon:2250209	1
NCBITaxon:225049	1
NCBITaxon:225194	16
NCBITaxon:225195	2
NCBITaxon:225324	1
NCBITaxon:225325	22
NCBITaxon:225327	23
NCBITaxon:225345	2
NCBITaxon:225347	1
NCBITaxon:225422	25
NCBITaxon:225843	27
NCBITaxon:225894	1
NCBITaxon:225915	10
NCBITaxon:225917	11
NCBITaxon:225971	1
NCBITaxon:225988	19
NCBITaxon:225991	5
NCBITaxon:225992	10
NCBITaxon:226011	30
NCBITaxon:226217	11
NCBITaxon:226505	11
NCBITaxon:226506	13
NCBITaxon:226900	5
NCBITaxon:227084	28
NCBITaxon:227316	12
NCBITaxon:227318	23
NCBITaxon:227605	3
NCBITaxon:227865	22
NCBITaxon:227882	5
NCBITaxon:227944	1
NCBITaxon:227945	1
NCBITaxon:228005	8
NCBITaxon:228229	1
NCBITaxon:228230	6
NCBITaxon:228405	1
NCBITaxon:228576	1
NCBITaxon:228603	8
NCBITaxon:228654	1
NCBITaxon:228924	17
NCBITaxon:228956	26
NCBITaxon:228957	26
NCBITaxon:228958	25
NCBITaxon:228959	26
NCBITaxon:228973	13
NCBITaxon:229007	26
NCBITaxon:2291	2
NCBITaxon:229155	8
NCBITaxon:2291674	28
NCBITaxon:229203	15
NCBITaxon:229204	13
NCBITaxon:229205	14
NCBITaxon:2293	1
NCBITaxon:2293781	2
NCBITaxon:2294	1
NCBITaxon:229486	16
NCBITaxon:2296	2
NCBITaxon:2297	2
NCBITaxon:229919	14
NCBITaxon:229920	18
NCBITaxon:229921	19
NCBITaxon:23	19
NCBITaxon:230091	2
NCBITaxon:230143	7
NCBITaxon:230470	16
NCBITaxon:230495	19
NCBITaxon:230709	1
NCBITaxon:231024	1
NCBITaxon:231025	23
NCBITaxon:231048	5
NCBITaxon:231391	1
NCBITaxon:231439	2
NCBITaxon:231447	2
NCBITaxon:232	4
NCBITaxon:232444	2
NCBITaxon:2325	2
NCBITaxon:233100	6
NCBITaxon:233101	20
NCBITaxon:2333	2
NCBITaxon:233316	31
NCBITaxon:2337	2
NCBITaxon:234613	10
NCBITaxon:234614	8
NCBITaxon:234908	1
NCBITaxon:235932	1
NCBITaxon:235985	1
NCBITaxon:235986	23
NCBITaxon:236067	6
NCBITaxon:236068	8
NCBITaxon:236100	27
NCBITaxon:236402	2
NCBITaxon:236508	19
NCBITaxon:236510	4
NCBITaxon:236753	5
NCBITaxon:236814	6
NCBITaxon:237017	17
NCBITaxon:237018	20
NCBITaxon:237019	17
NCBITaxon:237258	18
NCBITaxon:237373	23
NCBITaxon:237530	27
NCBITaxon:237576	5
NCBITaxon:2376	2
NCBITaxon:237611	15
NCBITaxon:237612	17
NCBITaxon:237679	27
NCBITaxon:2377	2
NCBITaxon:2378	6
NCBITaxon:238083	15
NCBITaxon:238540	16
NCBITaxon:238834	2
NCBITaxon:239	1
NCBITaxon:239498	14
NCBITaxon:239935	1
NCBITaxon:239984	1
NCBITaxon:24	1
NCBITaxon:240015	6
NCBITaxon:240167	2
NCBITaxon:240169	2
NCBITaxon:240302	29
NCBITaxon:240303	27
NCBITaxon:240427	4
NCBITaxon:240521	26
NCBITaxon:240840	1
NCBITaxon:241145	21
NCBITaxon:241244	16
NCBITaxon:241368	2
NCBITaxon:242065	1
NCBITaxon:2421	2
NCBITaxon:2423	2
NCBITaxon:2424	14
NCBITaxon:2426	24
NCBITaxon:242698	21
NCBITaxon:242737	5
NCBITaxon:243064	1
NCBITaxon:243159	1
NCBITaxon:243230	1
NCBITaxon:243274	2
NCBITaxon:243275	1
NCBITaxon:243365	1
NCBITaxon:243701	2
NCBITaxon:243924	8
NCBITaxon:244	1
NCBITaxon:244292	9
NCBITaxon:244366	5
NCBITaxon:244566	4
NCBITaxon:244573	12
NCBITaxon:244596	24
NCBITaxon:244734	5
NCBITaxon:244735	25
NCBITaxon:244787	23
NCBITaxon:244830	2
NCBITaxon:245160	22
NCBITaxon:245187	19
NCBITaxon:245294	27
NCBITaxon:245385	28
NCBITaxon:246167	8
NCBITaxon:246201	2
NCBITaxon:246264	20
NCBITaxon:246432	1
NCBITaxon:246603	29
NCBITaxon:246613	22
NCBITaxon:246618	2
NCBITaxon:246786	28
NCBITaxon:247022	22
NCBITaxon:247157	15
NCBITaxon:247480	1
NCBITaxon:247482	1
NCBITaxon:247523	22
NCBITaxon:248026	13
NCBITaxon:248315	2
NCBITaxon:248316	2
NCBITaxon:248451	14
NCBITaxon:248903	9
NCBITaxon:249189	18
NCBITaxon:249351	15
NCBITaxon:249352	15
NCBITaxon:249403	1
NCBITaxon:249406	1
NCBITaxon:249408	1
NCBITaxon:249410	1
NCBITaxon:249567	5
NCBITaxon:2509153	4
NCBITaxon:251051	1
NCBITaxon:251747	24
NCBITaxon:252130	9
NCBITaxon:252230	20
NCBITaxon:252246	19
NCBITaxon:252302	28
NCBITaxon:252305	28
NCBITaxon:252307	31
NCBITaxon:252474	1
NCBITaxon:252514	21
NCBITaxon:252967	24
NCBITaxon:252970	1
NCBITaxon:253184	26
NCBITaxon:253239	26
NCBITaxon:253257	2
NCBITaxon:254161	21
NCBITaxon:254246	1
NCBITaxon:254247	1
NCBITaxon:254356	20
NCBITaxon:254357	18
NCBITaxon:254757	12
NCBITaxon:254758	12
NCBITaxon:254759	12
NCBITaxon:254785	4
NCBITaxon:254787	13
NCBITaxon:254788	13
NCBITaxon:254793	19
NCBITaxon:255042	7
NCBITaxon:255045	6
NCBITaxon:255205	23
NCBITaxon:255247	22
NCBITaxon:255457	2
NCBITaxon:255723	8
NCBITaxon:256034	12
NCBITaxon:256037	12
NCBITaxon:256323	20
NCBITaxon:256324	20
NCBITaxon:256325	29
NCBITaxon:256326	3
NCBITaxon:256618	5
NCBITaxon:256702	6
NCBITaxon:256731	1
NCBITaxon:257003	7
NCBITaxon:257285	1
NCBITaxon:257454	19
NCBITaxon:257772	25
NCBITaxon:258049	20
NCBITaxon:258050	21
NCBITaxon:258051	21
NCBITaxon:258052	20
NCBITaxon:258053	23
NCBITaxon:258475	21
NCBITaxon:258533	12
NCBITaxon:2586924	2
NCBITaxon:258723	29
NCBITaxon:2590157	9
NCBITaxon:259059	14
NCBITaxon:259390	1
NCBITaxon:260085	26
NCBITaxon:260086	19
NCBITaxon:260552	21
NCBITaxon:260553	26
NCBITaxon:260554	5
NCBITaxon:261164	26
NCBITaxon:261302	12
NCBITaxon:2613924	1
NCBITaxon:2614234	1
NCBITaxon:261654	4
NCBITaxon:261685	14
NCBITaxon:262004	1
NCBITaxon:262076	11
NCBITaxon:262208	2
NCBITaxon:262320	5
NCBITaxon:262323	2
NCBITaxon:262324	2
NCBITaxon:262898	16
NCBITaxon:263067	1
NCBITaxon:263475	16
NCBITaxon:263476	17
NCBITaxon:263723	27
NCBITaxon:263724	26
NCBITaxon:263819	3
NCBITaxon:264027	4
NCBITaxon:264446	23
NCBITaxon:264462	1
NCBITaxon:264697	5
NCBITaxon:264736	21
NCBITaxon:264739	26
NCBITaxon:265426	25
NCBITaxon:265546	1
NCBITaxon:265606	12
NCBITaxon:265668	7
NCBITaxon:2656735	1
NCBITaxon:265730	1
NCBITaxon:265883	25
NCBITaxon:265948	14
NCBITaxon:265981	1
NCBITaxon:266062	10
NCBITaxon:266117	14
NCBITaxon:266121	1
NCBITaxon:266122	16
NCBITaxon:266123	25
NCBITaxon:266125	23
NCBITaxon:266128	5
NCBITaxon:2664918	1
NCBITaxon:266748	5
NCBITaxon:266749	5
NCBITaxon:266809	14
NCBITaxon:266812	1
NCBITaxon:266892	26
NCBITaxon:266951	1
NCBITaxon:266952	1
NCBITaxon:267135	26
NCBITaxon:267633	1
NCBITaxon:267736	1
NCBITaxon:267737	1
NCBITaxon:267746	1
NCBITaxon:267800	12
NCBITaxon:267850	17
NCBITaxon:267854	7
NCBITaxon:267990	22
NCBITaxon:268407	20
NCBITaxon:268410	1
NCBITaxon:269069	1
NCBITaxon:269144	24
NCBITaxon:269420	13
NCBITaxon:269421	18
NCBITaxon:269660	15
NCBITaxon:269670	1
NCBITaxon:269671	1
NCBITaxon:269672	2
NCBITaxon:269709	15
NCBITaxon:269798	4
NCBITaxon:2698	2
NCBITaxon:2699	1
NCBITaxon:2702	1
NCBITaxon:270344	1
NCBITaxon:270345	1
NCBITaxon:270350	20
NCBITaxon:270351	18
NCBITaxon:270368	11
NCBITaxon:270498	2
NCBITaxon:270689	4
NCBITaxon:2708114	1
NCBITaxon:270918	1
NCBITaxon:270921	1
NCBITaxon:271	1
NCBITaxon:271065	15
NCBITaxon:271096	16
NCBITaxon:271097	17
NCBITaxon:271098	18
NCBITaxon:271099	17
NCBITaxon:271156	23
NCBITaxon:271157	22
NCBITaxon:271160	1
NCBITaxon:271417	8
NCBITaxon:271420	2
NCBITaxon:271432	25
NCBITaxon:271433	19
NCBITaxon:271434	26
NCBITaxon:271848	5
NCBITaxon:272161	12
NCBITaxon:272210	17
NCBITaxon:272239	18
NCBITaxon:272240	1
NCBITaxon:272241	12
NCBITaxon:2724616	1
NCBITaxon:272559	2
NCBITaxon:272562	2
NCBITaxon:272564	8
NCBITaxon:272568	1
NCBITaxon:272775	26
NCBITaxon:272914	1
NCBITaxon:272917	1
NCBITaxon:272918	18
NCBITaxon:272919	15
NCBITaxon:273032	1
NCBITaxon:273121	2
NCBITaxon:273251	13
NCBITaxon:273384	1
NCBITaxon:273527	2
NCBITaxon:2735890	3
NCBITaxon:273676	16
NCBITaxon:273793	22
NCBITaxon:2738	1
NCBITaxon:2739	5
NCBITaxon:2741	2
NCBITaxon:2743	1
NCBITaxon:2744308	2
NCBITaxon:274537	4
NCBITaxon:274539	7
NCBITaxon:274592	1
NCBITaxon:274593	17
NCBITaxon:2746	1
NCBITaxon:2748	1
NCBITaxon:2750	1
NCBITaxon:2751	1
NCBITaxon:2752	1
NCBITaxon:2757	1
NCBITaxon:2775030	1
NCBITaxon:277961	27
NCBITaxon:278957	1
NCBITaxon:278990	20
NCBITaxon:278992	1
NCBITaxon:278994	16
NCBITaxon:279010	1
NCBITaxon:279058	1
NCBITaxon:279113	1
NCBITaxon:279208	20
NCBITaxon:279215	20
NCBITaxon:279238	1
NCBITaxon:279359	1
NCBITaxon:279360	1
NCBITaxon:2794877	2
NCBITaxon:279573	23
NCBITaxon:279574	25
NCBITaxon:2796645	1
NCBITaxon:279810	2
NCBITaxon:279813	26
NCBITaxon:279826	5
NCBITaxon:279827	1
NCBITaxon:279828	1
NCBITaxon:279832	15
NCBITaxon:280	1
NCBITaxon:2800120	1
NCBITaxon:280093	19
NCBITaxon:280145	11
NCBITaxon:2801452	6
NCBITaxon:280238	26
NCBITaxon:280240	26
NCBITaxon:28025	2
NCBITaxon:28026	1
NCBITaxon:28028	6
NCBITaxon:280293	16
NCBITaxon:28031	4
NCBITaxon:280332	15
NCBITaxon:280333	17
NCBITaxon:28034	1
NCBITaxon:28035	3
NCBITaxon:28038	2
NCBITaxon:28044	1
NCBITaxon:28047	8
NCBITaxon:28064	1
NCBITaxon:28066	2
NCBITaxon:28068	2
NCBITaxon:28077	1
NCBITaxon:28082	1
NCBITaxon:28083	1
NCBITaxon:28085	1
NCBITaxon:28087	1
NCBITaxon:280871	10
NCBITaxon:28092	1
NCBITaxon:28097	6
NCBITaxon:28099	1
NCBITaxon:281	1
NCBITaxon:28101	3
NCBITaxon:281105	23
NCBITaxon:28113	1
NCBITaxon:281186	5
NCBITaxon:28121	1
NCBITaxon:281252	16
NCBITaxon:28126	2
NCBITaxon:28132	1
NCBITaxon:28135	2
NCBITaxon:281362	19
NCBITaxon:281375	2
NCBITaxon:281376	6
NCBITaxon:28141	1
NCBITaxon:28151	1
NCBITaxon:281689	1
NCBITaxon:281739	1
NCBITaxon:28181	13
NCBITaxon:28188	1
NCBITaxon:28192	12
NCBITaxon:28197	10
NCBITaxon:28202	1
NCBITaxon:282078	6
NCBITaxon:28210	12
NCBITaxon:28214	8
NCBITaxon:282175	1
NCBITaxon:282197	15
NCBITaxon:28227	1
NCBITaxon:28230	1
NCBITaxon:28232	2
NCBITaxon:28240	1
NCBITaxon:28264	2
NCBITaxon:282669	23
NCBITaxon:282683	1
NCBITaxon:283166	1
NCBITaxon:283702	17
NCBITaxon:283718	1
NCBITaxon:283734	8
NCBITaxon:283786	1
NCBITaxon:283816	22
NCBITaxon:283877	1
NCBITaxon:283878	1
NCBITaxon:283923	2
NCBITaxon:284027	5
NCBITaxon:284028	4
NCBITaxon:284029	1
NCBITaxon:284030	5
NCBITaxon:284031	5
NCBITaxon:284032	5
NCBITaxon:284033	6
NCBITaxon:284035	5
NCBITaxon:284036	4
NCBITaxon:284039	6
NCBITaxon:284040	5
NCBITaxon:284041	5
NCBITaxon:284042	6
NCBITaxon:284043	6
NCBITaxon:284044	5
NCBITaxon:28444	17
NCBITaxon:284452	1
NCBITaxon:28446	2
NCBITaxon:28447	1
NCBITaxon:28448	1
NCBITaxon:284570	26
NCBITaxon:284575	25
NCBITaxon:284577	27
NCBITaxon:284578	27
NCBITaxon:284579	24
NCBITaxon:284580	27
NCBITaxon:284581	27
NCBITaxon:284582	1
NCBITaxon:285	1
NCBITaxon:285070	20
NCBITaxon:285091	22
NCBITaxon:285106	25
NCBITaxon:285258	21
NCBITaxon:285279	23
NCBITaxon:285351	23
NCBITaxon:285444	1
NCBITaxon:285446	1
NCBITaxon:285515	6
NCBITaxon:285536	5
NCBITaxon:285545	2
NCBITaxon:285556	5
NCBITaxon:285557	6
NCBITaxon:285558	6
NCBITaxon:285560	4
NCBITaxon:285561	5
NCBITaxon:285562	5
NCBITaxon:285563	4
NCBITaxon:285566	6
NCBITaxon:285568	2
NCBITaxon:285572	5
NCBITaxon:285578	12
NCBITaxon:285676	12
NCBITaxon:285679	12
NCBITaxon:285729	2
NCBITaxon:285983	1
NCBITaxon:286	1
NCBITaxon:286136	1
NCBITaxon:286438	2
NCBITaxon:286804	1
NCBITaxon:287	19
NCBITaxon:287097	21
NCBITaxon:287098	27
NCBITaxon:287099	27
NCBITaxon:287488	1
NCBITaxon:287752	1
NCBITaxon:2878561	1
NCBITaxon:287930	19
NCBITaxon:287986	1
NCBITaxon:288004	23
NCBITaxon:288436	28
NCBITaxon:288705	3
NCBITaxon:28887	5
NCBITaxon:28893	6
NCBITaxon:28894	5
NCBITaxon:28896	2
NCBITaxon:288992	13
NCBITaxon:289003	13
NCBITaxon:28901	3
NCBITaxon:289370	12
NCBITaxon:289376	2
NCBITaxon:289377	2
NCBITaxon:29	4
NCBITaxon:290	2
NCBITaxon:290052	2
NCBITaxon:290055	15
NCBITaxon:290315	2
NCBITaxon:290318	2
NCBITaxon:290335	17
NCBITaxon:290398	1
NCBITaxon:290513	1
NCBITaxon:290588	27
NCBITaxon:291045	19
NCBITaxon:291370	2
NCBITaxon:291403	22
NCBITaxon:291594	14
NCBITaxon:291602	20
NCBITaxon:291742	28
NCBITaxon:291995	20
NCBITaxon:292459	2
NCBITaxon:292462	9
NCBITaxon:292733	26
NCBITaxon:292734	27
NCBITaxon:292800	1
NCBITaxon:292806	13
NCBITaxon:292807	28
NCBITaxon:2929842	1
NCBITaxon:29299	7
NCBITaxon:2930037	1
NCBITaxon:29301	2
NCBITaxon:29304	1
NCBITaxon:29305	1
NCBITaxon:29306	1
NCBITaxon:293075	10
NCBITaxon:29314	1
NCBITaxon:29316	1
NCBITaxon:29317	1
NCBITaxon:29318	1
NCBITaxon:29320	6
NCBITaxon:29323	2
NCBITaxon:293256	25
NCBITaxon:29332	1
NCBITaxon:293371	6
NCBITaxon:293387	2
NCBITaxon:29343	1
NCBITaxon:29346	2
NCBITaxon:29349	2
NCBITaxon:29353	2
NCBITaxon:29354	2
NCBITaxon:29355	2
NCBITaxon:29356	2
NCBITaxon:29358	2
NCBITaxon:29363	2
NCBITaxon:29367	2
NCBITaxon:29369	1
NCBITaxon:29370	2
NCBITaxon:29371	2
NCBITaxon:29374	1
NCBITaxon:29375	6
NCBITaxon:29376	2
NCBITaxon:29378	1
NCBITaxon:29379	1
NCBITaxon:29382	2
NCBITaxon:29384	2
NCBITaxon:29385	1
NCBITaxon:29387	1
NCBITaxon:29388	1
NCBITaxon:29389	3
NCBITaxon:29391	2
NCBITaxon:29396	1
NCBITaxon:29397	1
NCBITaxon:294	1
NCBITaxon:29405	2
NCBITaxon:29408	1
NCBITaxon:29409	1
NCBITaxon:29422	1
NCBITaxon:29427	1
NCBITaxon:29443	1
NCBITaxon:29466	2
NCBITaxon:294699	1
NCBITaxon:29488	1
NCBITaxon:29489	6
NCBITaxon:294935	11
NCBITaxon:29495	5
NCBITaxon:29497	23
NCBITaxon:2949965	1
NCBITaxon:295028	2
NCBITaxon:29506	1
NCBITaxon:295065	26
NCBITaxon:295069	17
NCBITaxon:29508	1
NCBITaxon:29518	1
NCBITaxon:29519	1
NCBITaxon:29523	1
NCBITaxon:29524	1
NCBITaxon:295255	1
NCBITaxon:29527	1
NCBITaxon:29529	1
NCBITaxon:295324	21
NCBITaxon:29533	10
NCBITaxon:29534	16
NCBITaxon:29535	6
NCBITaxon:295352	20
NCBITaxon:29536	5
NCBITaxon:29542	2
NCBITaxon:295428	20
NCBITaxon:29545	6
NCBITaxon:29549	1
NCBITaxon:29581	7
NCBITaxon:296199	9
NCBITaxon:296218	20
NCBITaxon:296842	2
NCBITaxon:297171	28
NCBITaxon:297244	18
NCBITaxon:2972457	2
NCBITaxon:297318	25
NCBITaxon:297536	26
NCBITaxon:297584	1
NCBITaxon:298	18
NCBITaxon:2981616	2
NCBITaxon:2984951	1
NCBITaxon:298654	1
NCBITaxon:298708	9
NCBITaxon:298794	20
NCBITaxon:298908	5
NCBITaxon:299146	1
NCBITaxon:299214	2
NCBITaxon:299766	5
NCBITaxon:299767	5
NCBITaxon:300019	26
NCBITaxon:300179	26
NCBITaxon:300193	2
NCBITaxon:300266	22
NCBITaxon:300419	6
NCBITaxon:300560	7
NCBITaxon:300852	1
NCBITaxon:301	1
NCBITaxon:301102	5
NCBITaxon:301154	18
NCBITaxon:301301	2
NCBITaxon:301302	2
NCBITaxon:301953	14
NCBITaxon:302044	16
NCBITaxon:302167	11
NCBITaxon:302168	28
NCBITaxon:302401	18
NCBITaxon:302406	14
NCBITaxon:302449	1
NCBITaxon:303	1
NCBITaxon:303380	1
NCBITaxon:303541	2
NCBITaxon:304	1
NCBITaxon:304268	25
NCBITaxon:304413	14
NCBITaxon:304417	14
NCBITaxon:304899	20
NCBITaxon:3051332	2
NCBITaxon:305507	26
NCBITaxon:305517	27
NCBITaxon:305719	7
NCBITaxon:305976	20
NCBITaxon:305977	11
NCBITaxon:306	2
NCBITaxon:306540	27
NCBITaxon:306541	29
NCBITaxon:306542	1
NCBITaxon:306544	1
NCBITaxon:306545	29
NCBITaxon:306572	27
NCBITaxon:3069695	4
NCBITaxon:307119	21
NCBITaxon:307120	17
NCBITaxon:307121	1
NCBITaxon:307126	15
NCBITaxon:307480	16
NCBITaxon:307497	2
NCBITaxon:307580	25
NCBITaxon:307643	24
NCBITaxon:308163	25
NCBITaxon:308354	2
NCBITaxon:309798	2
NCBITaxon:309801	1
NCBITaxon:309803	2
NCBITaxon:309805	22
NCBITaxon:309806	14
NCBITaxon:309807	1
NCBITaxon:310353	17
NCBITaxon:310354	18
NCBITaxon:310355	14
NCBITaxon:310400	15
NCBITaxon:310575	22
NCBITaxon:310779	17
NCBITaxon:310780	17
NCBITaxon:310781	17
NCBITaxon:310782	18
NCBITaxon:310783	20
NCBITaxon:311180	26
NCBITaxon:311194	9
NCBITaxon:311235	19
NCBITaxon:311333	19
NCBITaxon:311334	22
NCBITaxon:311410	3
NCBITaxon:311460	1
NCBITaxon:311789	17
NCBITaxon:3119911	1
NCBITaxon:3119912	1
NCBITaxon:312089	24
NCBITaxon:312168	1
NCBITaxon:312285	10
NCBITaxon:312286	8
NCBITaxon:312306	2
NCBITaxon:312720	16
NCBITaxon:313007	11
NCBITaxon:313367	25
NCBITaxon:313368	25
NCBITaxon:313606	13
NCBITaxon:313985	2
NCBITaxon:314200	20
NCBITaxon:314202	20
NCBITaxon:314230	1
NCBITaxon:314275	1
NCBITaxon:314281	1
NCBITaxon:314722	26
NCBITaxon:315405	26
NCBITaxon:315423	27
NCBITaxon:315478	24
NCBITaxon:315749	11
NCBITaxon:316274	2
NCBITaxon:316276	2
NCBITaxon:316277	2
NCBITaxon:316335	26
NCBITaxon:316996	1
NCBITaxon:317010	13
NCBITaxon:317015	22
NCBITaxon:317018	1
NCBITaxon:317019	25
NCBITaxon:317658	20
NCBITaxon:317664	21
NCBITaxon:318464	19
NCBITaxon:318465	1
NCBITaxon:31910	1
NCBITaxon:319225	2
NCBITaxon:31963	1
NCBITaxon:31965	2
NCBITaxon:319652	19
NCBITaxon:319653	2
NCBITaxon:319706	1
NCBITaxon:319707	1
NCBITaxon:319795	13
NCBITaxon:319942	2
NCBITaxon:319947	17
NCBITaxon:319970	16
NCBITaxon:32016	1
NCBITaxon:32025	1
NCBITaxon:32040	1
NCBITaxon:32062	1
NCBITaxon:320778	28
NCBITaxon:320909	20
NCBITaxon:320912	27
NCBITaxon:321265	1
NCBITaxon:321266	1
NCBITaxon:321267	24
NCBITaxon:321316	1
NCBITaxon:321317	2
NCBITaxon:321318	14
NCBITaxon:321325	12
NCBITaxon:321339	1
NCBITaxon:321763	2
NCBITaxon:321846	1
NCBITaxon:321895	12
NCBITaxon:321982	24
NCBITaxon:321983	24
NCBITaxon:321984	24
NCBITaxon:321985	24
NCBITaxon:322163	24
NCBITaxon:322505	2
NCBITaxon:322508	24
NCBITaxon:322509	23
NCBITaxon:322596	21
NCBITaxon:322601	7
NCBITaxon:322602	2
NCBITaxon:323415	21
NCBITaxon:323423	15
NCBITaxon:323621	26
NCBITaxon:323761	23
NCBITaxon:324058	7
NCBITaxon:324079	1
NCBITaxon:324602	4
NCBITaxon:324679	22
NCBITaxon:324767	10
NCBITaxon:324768	1
NCBITaxon:324831	1
NCBITaxon:324851	22
NCBITaxon:324852	22
NCBITaxon:324854	25
NCBITaxon:324855	16
NCBITaxon:324952	8
NCBITaxon:325472	1
NCBITaxon:326298	2
NCBITaxon:326320	26
NCBITaxon:326329	24
NCBITaxon:326427	7
NCBITaxon:326522	14
NCBITaxon:326523	14
NCBITaxon:327095	1
NCBITaxon:327104	1
NCBITaxon:327574	1
NCBITaxon:327575	6
NCBITaxon:328075	16
NCBITaxon:328224	24
NCBITaxon:328225	27
NCBITaxon:328301	1
NCBITaxon:328396	13
NCBITaxon:328412	24
NCBITaxon:328415	24
NCBITaxon:328515	24
NCBITaxon:328692	23
NCBITaxon:328812	1
NCBITaxon:328813	10
NCBITaxon:329186	22
NCBITaxon:329267	20
NCBITaxon:329406	18
NCBITaxon:329993	23
NCBITaxon:33	1
NCBITaxon:330083	15
NCBITaxon:330084	12
NCBITaxon:33011	2
NCBITaxon:33014	1
NCBITaxon:33018	3
NCBITaxon:33025	2
NCBITaxon:33027	1
NCBITaxon:33028	2
NCBITaxon:33034	1
NCBITaxon:33035	1
NCBITaxon:33036	2
NCBITaxon:33037	1
NCBITaxon:33049	1
NCBITaxon:33059	1
NCBITaxon:330642	2
NCBITaxon:330922	18
NCBITaxon:330943	25
NCBITaxon:331618	18
NCBITaxon:331679	16
NCBITaxon:331697	1
NCBITaxon:332101	20
NCBITaxon:332174	2
NCBITaxon:332175	20
NCBITaxon:332186	26
NCBITaxon:332249	1
NCBITaxon:332522	17
NCBITaxon:332524	2
NCBITaxon:332582	5
NCBITaxon:332589	6
NCBITaxon:332591	6
NCBITaxon:332949	19
NCBITaxon:332950	20
NCBITaxon:332999	25
NCBITaxon:333140	27
NCBITaxon:333142	1
NCBITaxon:333297	23
NCBITaxon:333367	2
NCBITaxon:333368	12
NCBITaxon:333384	5
NCBITaxon:333702	16
NCBITaxon:333708	25
NCBITaxon:333725	1
NCBITaxon:333728	1
NCBITaxon:334253	28
NCBITaxon:334413	2
NCBITaxon:334542	23
NCBITaxon:334543	15
NCBITaxon:334715	28
NCBITaxon:334735	25
NCBITaxon:334736	25
NCBITaxon:334852	21
NCBITaxon:334858	19
NCBITaxon:335286	19
NCBITaxon:335383	24
NCBITaxon:335406	19
NCBITaxon:335476	16
NCBITaxon:335543	2
NCBITaxon:335974	1
NCBITaxon:335975	23
NCBITaxon:336203	1
NCBITaxon:336566	2
NCBITaxon:336831	1
NCBITaxon:337005	1
NCBITaxon:337097	25
NCBITaxon:337250	23
NCBITaxon:337330	3
NCBITaxon:337701	22
NCBITaxon:337894	12
NCBITaxon:338	1
NCBITaxon:338077	25
NCBITaxon:338193	23
NCBITaxon:338584	14
NCBITaxon:338644	19
NCBITaxon:33878	2
NCBITaxon:33879	1
NCBITaxon:33881	7
NCBITaxon:33883	6
NCBITaxon:33884	6
NCBITaxon:33885	6
NCBITaxon:33889	1
NCBITaxon:33895	1
NCBITaxon:338963	2
NCBITaxon:338966	2
NCBITaxon:33897	1
NCBITaxon:33898	1
NCBITaxon:33899	1
NCBITaxon:339	1
NCBITaxon:33900	6
NCBITaxon:33904	1
NCBITaxon:33905	1
NCBITaxon:33907	5
NCBITaxon:33910	1
NCBITaxon:33911	5
NCBITaxon:33915	1
NCBITaxon:33917	7
NCBITaxon:33918	7
NCBITaxon:33919	5
NCBITaxon:33920	5
NCBITaxon:33921	6
NCBITaxon:33932	1
NCBITaxon:33934	13
NCBITaxon:33935	25
NCBITaxon:33936	1
NCBITaxon:33938	11
NCBITaxon:33939	1
NCBITaxon:33941	14
NCBITaxon:33942	2
NCBITaxon:33950	2
NCBITaxon:33954	2
NCBITaxon:33959	1
NCBITaxon:33960	1
NCBITaxon:33962	2
NCBITaxon:33964	2
NCBITaxon:33966	1
NCBITaxon:33967	1
NCBITaxon:33968	1
NCBITaxon:33984	7
NCBITaxon:339861	25
NCBITaxon:33987	1
NCBITaxon:34002	1
NCBITaxon:340021	6
NCBITaxon:34004	1
NCBITaxon:34007	1
NCBITaxon:340095	1
NCBITaxon:340099	5
NCBITaxon:340100	6
NCBITaxon:340101	5
NCBITaxon:34012	1
NCBITaxon:340145	2
NCBITaxon:340146	5
NCBITaxon:34015	1
NCBITaxon:34017	2
NCBITaxon:340172	23
NCBITaxon:34018	1
NCBITaxon:340214	28
NCBITaxon:34032	2
NCBITaxon:340320	1
NCBITaxon:340321	1
NCBITaxon:34059	1
NCBITaxon:34060	1
NCBITaxon:34073	1
NCBITaxon:34085	1
NCBITaxon:34086	1
NCBITaxon:34092	1
NCBITaxon:341027	1
NCBITaxon:341045	17
NCBITaxon:341202	11
NCBITaxon:342002	9
NCBITaxon:342113	9
NCBITaxon:342451	1
NCBITaxon:342942	2
NCBITaxon:342944	19
NCBITaxon:343013	22
NCBITaxon:343510	1
NCBITaxon:344165	1
NCBITaxon:344166	1
NCBITaxon:344736	29
NCBITaxon:344747	1
NCBITaxon:344882	24
NCBITaxon:344883	26
NCBITaxon:345309	1
NCBITaxon:345342	1
NCBITaxon:345370	18
NCBITaxon:345592	19
NCBITaxon:345632	1
NCBITaxon:345907	29
NCBITaxon:346179	21
NCBITaxon:346181	25
NCBITaxon:346182	20
NCBITaxon:346183	21
NCBITaxon:346376	2
NCBITaxon:346911	20
NCBITaxon:346912	20
NCBITaxon:347483	15
NCBITaxon:347534	28
NCBITaxon:348151	2
NCBITaxon:348442	20
NCBITaxon:348818	17
NCBITaxon:349064	25
NCBITaxon:349094	16
NCBITaxon:349096	13
NCBITaxon:349123	1
NCBITaxon:349124	2
NCBITaxon:349313	1
NCBITaxon:349315	1
NCBITaxon:349316	1
NCBITaxon:349522	25
NCBITaxon:349741	2
NCBITaxon:349934	21
NCBITaxon:349966	5
NCBITaxon:349968	5
NCBITaxon:350814	1
NCBITaxon:351187	1
NCBITaxon:351224	3
NCBITaxon:351345	15
NCBITaxon:351627	1
NCBITaxon:351628	25
NCBITaxon:352475	1
NCBITaxon:353	2
NCBITaxon:353224	19
NCBITaxon:354	2
NCBITaxon:354197	9
NCBITaxon:354237	1
NCBITaxon:354240	1
NCBITaxon:354243	1
NCBITaxon:354245	24
NCBITaxon:354246	24
NCBITaxon:354351	10
NCBITaxon:354352	7
NCBITaxon:355243	26
NCBITaxon:35554	2
NCBITaxon:355591	1
NCBITaxon:355930	1
NCBITaxon:35619	1
NCBITaxon:35620	2
NCBITaxon:356305	26
NCBITaxon:356659	26
NCBITaxon:356660	28
NCBITaxon:356828	1
NCBITaxon:356829	1
NCBITaxon:356851	1
NCBITaxon:356852	1
NCBITaxon:35699	2
NCBITaxon:35700	1
NCBITaxon:35701	2
NCBITaxon:35703	1
NCBITaxon:357441	15
NCBITaxon:35755	7
NCBITaxon:35762	5
NCBITaxon:35763	4
NCBITaxon:35764	5
NCBITaxon:35765	5
NCBITaxon:357760	6
NCBITaxon:357761	6
NCBITaxon:357794	17
NCBITaxon:35783	1
NCBITaxon:35785	2
NCBITaxon:35786	1
NCBITaxon:35787	2
NCBITaxon:357999	1
NCBITaxon:35804	2
NCBITaxon:35805	2
NCBITaxon:35806	2
NCBITaxon:358099	25
NCBITaxon:35811	8
NCBITaxon:35813	11
NCBITaxon:35816	2
NCBITaxon:35817	7
NCBITaxon:35825	2
NCBITaxon:35833	1
NCBITaxon:35835	3
NCBITaxon:35841	1
NCBITaxon:358742	1
NCBITaxon:358743	1
NCBITaxon:359158	9
NCBITaxon:359303	27
NCBITaxon:359917	1
NCBITaxon:360054	21
NCBITaxon:360086	12
NCBITaxon:360184	25
NCBITaxon:360241	24
NCBITaxon:360296	15
NCBITaxon:360411	14
NCBITaxon:360422	23
NCBITaxon:361	1
NCBITaxon:361041	1
NCBITaxon:361101	1
NCBITaxon:361111	2
NCBITaxon:361277	29
NCBITaxon:361279	29
NCBITaxon:361280	20
NCBITaxon:361365	2
NCBITaxon:361575	19
NCBITaxon:361581	18
NCBITaxon:361876	24
NCBITaxon:362	6
NCBITaxon:362257	5
NCBITaxon:362413	19
NCBITaxon:362418	21
NCBITaxon:362649	2
NCBITaxon:362781	28
NCBITaxon:362787	4
NCBITaxon:362837	2
NCBITaxon:363260	28
NCBITaxon:363630	25
NCBITaxon:363835	10
NCBITaxon:363837	1
NCBITaxon:363839	27
NCBITaxon:363840	12
NCBITaxon:363843	13
NCBITaxon:363844	16
NCBITaxon:363846	17
NCBITaxon:363847	1
NCBITaxon:363848	25
NCBITaxon:363854	1
NCBITaxon:363860	16
NCBITaxon:363861	23
NCBITaxon:363862	18
NCBITaxon:363863	24
NCBITaxon:363864	1
NCBITaxon:363865	21
NCBITaxon:363866	1
NCBITaxon:363867	23
NCBITaxon:363868	23
NCBITaxon:363869	1
NCBITaxon:363870	1
NCBITaxon:363885	23
NCBITaxon:363888	1
NCBITaxon:364030	2
NCBITaxon:364032	18
NCBITaxon:364098	8
NCBITaxon:364197	1
NCBITaxon:364199	1
NCBITaxon:364200	1
NCBITaxon:364317	7
NCBITaxon:364410	8
NCBITaxon:365049	1
NCBITaxon:365341	6
NCBITaxon:365343	24
NCBITaxon:365616	25
NCBITaxon:365617	25
NCBITaxon:366533	22
NCBITaxon:366584	2
NCBITaxon:366888	26
NCBITaxon:367190	4
NCBITaxon:367279	23
NCBITaxon:367282	22
NCBITaxon:36745	6
NCBITaxon:367456	11
NCBITaxon:36746	1
NCBITaxon:367742	17
NCBITaxon:367743	19
NCBITaxon:367791	1
NCBITaxon:367928	2
NCBITaxon:36805	10
NCBITaxon:36806	7
NCBITaxon:36807	7
NCBITaxon:36811	2
NCBITaxon:36813	2
NCBITaxon:36814	1
NCBITaxon:36816	4
NCBITaxon:36821	4
NCBITaxon:36832	2
NCBITaxon:36839	2
NCBITaxon:36841	2
NCBITaxon:36845	1
NCBITaxon:36849	2
NCBITaxon:36850	2
NCBITaxon:368603	5
NCBITaxon:36861	1
NCBITaxon:36873	7
NCBITaxon:36878	1
NCBITaxon:368811	1
NCBITaxon:368977	1
NCBITaxon:369399	22
NCBITaxon:369401	1
NCBITaxon:369723	11
NCBITaxon:369798	11
NCBITaxon:369935	24
NCBITaxon:369936	24
NCBITaxon:370038	26
NCBITaxon:370111	14
NCBITaxon:370622	1
NCBITaxon:370736	9
NCBITaxon:370764	1
NCBITaxon:370766	28
NCBITaxon:370767	28
NCBITaxon:370769	26
NCBITaxon:370777	23
NCBITaxon:370959	15
NCBITaxon:370976	21
NCBITaxon:370979	22
NCBITaxon:370980	20
NCBITaxon:371042	8
NCBITaxon:371601	20
NCBITaxon:371602	4
NCBITaxon:371674	8
NCBITaxon:371722	1
NCBITaxon:372072	22
NCBITaxon:372463	27
NCBITaxon:372484	24
NCBITaxon:372655	1
NCBITaxon:373040	2
NCBITaxon:373043	20
NCBITaxon:373074	1
NCBITaxon:37331	3
NCBITaxon:37333	4
NCBITaxon:373540	6
NCBITaxon:373543	6
NCBITaxon:373668	20
NCBITaxon:373671	14
NCBITaxon:373672	14
NCBITaxon:373675	25
NCBITaxon:373891	22
NCBITaxon:374424	14
NCBITaxon:374426	14
NCBITaxon:374432	13
NCBITaxon:374513	30
NCBITaxon:374514	27
NCBITaxon:374515	23
NCBITaxon:37482	10
NCBITaxon:37483	20
NCBITaxon:374838	14
NCBITaxon:37484	4
NCBITaxon:374858	15
NCBITaxon:37487	1
NCBITaxon:375	1
NCBITaxon:375175	22
NCBITaxon:375489	1
NCBITaxon:375541	29
NCBITaxon:375542	27
NCBITaxon:375757	1
NCBITaxon:375760	26
NCBITaxon:375929	2
NCBITaxon:376165	17
NCBITaxon:37624	2
NCBITaxon:37625	2
NCBITaxon:37626	2
NCBITaxon:37633	5
NCBITaxon:37637	5
NCBITaxon:376427	26
NCBITaxon:376490	2
NCBITaxon:37658	1
NCBITaxon:376727	2
NCBITaxon:376804	2
NCBITaxon:376815	23
NCBITaxon:37734	2
NCBITaxon:377616	23
NCBITaxon:378211	3
NCBITaxon:378543	16
NCBITaxon:379075	18
NCBITaxon:379097	17
NCBITaxon:37915	11
NCBITaxon:37919	6
NCBITaxon:37921	5
NCBITaxon:37922	7
NCBITaxon:37923	1
NCBITaxon:37927	2
NCBITaxon:37928	6
NCBITaxon:37929	7
NCBITaxon:37930	1
NCBITaxon:37931	2
NCBITaxon:379347	35
NCBITaxon:379684	1
NCBITaxon:379893	26
NCBITaxon:379895	24
NCBITaxon:380021	1
NCBITaxon:380244	9
NCBITaxon:380248	22
NCBITaxon:380628	22
NCBITaxon:380629	25
NCBITaxon:380630	17
NCBITaxon:380674	5
NCBITaxon:380675	25
NCBITaxon:380685	2
NCBITaxon:380703	5
NCBITaxon:38072	1
NCBITaxon:380763	16
NCBITaxon:381	1
NCBITaxon:381300	1
NCBITaxon:381306	21
NCBITaxon:381308	2
NCBITaxon:381634	25
NCBITaxon:381665	20
NCBITaxon:381706	23
NCBITaxon:381741	2
NCBITaxon:381742	2
NCBITaxon:381751	18
NCBITaxon:381802	1
NCBITaxon:381830	27
NCBITaxon:382	1
NCBITaxon:382454	26
NCBITaxon:382514	2
NCBITaxon:382641	1
NCBITaxon:382777	1
NCBITaxon:38282	1
NCBITaxon:38284	1
NCBITaxon:38286	9
NCBITaxon:38290	6
NCBITaxon:38293	2
NCBITaxon:38302	12
NCBITaxon:38304	5
NCBITaxon:38308	2
NCBITaxon:38314	1
NCBITaxon:383372	17
NCBITaxon:384602	18
NCBITaxon:384613	5
NCBITaxon:38501	23
NCBITaxon:38502	3
NCBITaxon:385682	20
NCBITaxon:386056	1
NCBITaxon:386300	1
NCBITaxon:386301	22
NCBITaxon:386302	25
NCBITaxon:386305	12
NCBITaxon:386414	13
NCBITaxon:386874	13
NCBITaxon:386891	5
NCBITaxon:386892	21
NCBITaxon:386911	8
NCBITaxon:386913	8
NCBITaxon:387090	7
NCBITaxon:387094	20
NCBITaxon:387096	26
NCBITaxon:38746	1
NCBITaxon:387889	23
NCBITaxon:387890	23
NCBITaxon:38815	2
NCBITaxon:388278	26
NCBITaxon:388357	18
NCBITaxon:388408	19
NCBITaxon:388413	28
NCBITaxon:388466	12
NCBITaxon:388741	21
NCBITaxon:388746	27
NCBITaxon:38875	19
NCBITaxon:388950	27
NCBITaxon:389480	19
NCBITaxon:390241	1
NCBITaxon:390242	1
NCBITaxon:390269	28
NCBITaxon:390270	22
NCBITaxon:39029	2
NCBITaxon:390333	1
NCBITaxon:390640	27
NCBITaxon:390807	25
NCBITaxon:390841	21
NCBITaxon:390842	20
NCBITaxon:390879	14
NCBITaxon:390883	1
NCBITaxon:390919	1
NCBITaxon:390989	16
NCBITaxon:391	1
NCBITaxon:391287	8
NCBITaxon:391358	1
NCBITaxon:391592	15
NCBITaxon:391606	2
NCBITaxon:391616	1
NCBITaxon:391626	1
NCBITaxon:391736	11
NCBITaxon:391904	2
NCBITaxon:391905	21
NCBITaxon:391948	22
NCBITaxon:391953	20
NCBITaxon:391967	12
NCBITaxon:392009	27
NCBITaxon:392010	21
NCBITaxon:392011	24
NCBITaxon:392015	20
NCBITaxon:392408	1
NCBITaxon:392414	24
NCBITaxon:392593	2
NCBITaxon:392597	23
NCBITaxon:392711	24
NCBITaxon:392823	25
NCBITaxon:392838	2
NCBITaxon:392844	1
NCBITaxon:393003	27
NCBITaxon:393030	1
NCBITaxon:393060	1
NCBITaxon:393250	20
NCBITaxon:393251	24
NCBITaxon:393267	22
NCBITaxon:393278	27
NCBITaxon:393480	1
NCBITaxon:393481	1
NCBITaxon:393538	27
NCBITaxon:393607	22
NCBITaxon:393657	26
NCBITaxon:393662	24
NCBITaxon:393663	25
NCBITaxon:393664	21
NCBITaxon:393763	2
NCBITaxon:393907	27
NCBITaxon:394193	22
NCBITaxon:394230	23
NCBITaxon:394264	26
NCBITaxon:394294	1
NCBITaxon:394506	27
NCBITaxon:394732	17
NCBITaxon:394733	17
NCBITaxon:394751	22
NCBITaxon:39478	5
NCBITaxon:39479	2
NCBITaxon:39480	20
NCBITaxon:394805	2
NCBITaxon:39481	1
NCBITaxon:39482	17
NCBITaxon:39489	6
NCBITaxon:39490	1
NCBITaxon:39493	14
NCBITaxon:394964	6
NCBITaxon:395598	7
NCBITaxon:395599	8
NCBITaxon:395600	6
NCBITaxon:395631	1
NCBITaxon:395930	26
NCBITaxon:396	1
NCBITaxon:396013	27
NCBITaxon:396014	27
NCBITaxon:396015	25
NCBITaxon:396056	26
NCBITaxon:396268	12
NCBITaxon:396322	19
NCBITaxon:39651	1
NCBITaxon:396716	9
NCBITaxon:39687	1
NCBITaxon:39688	2
NCBITaxon:39691	6
NCBITaxon:39693	8
NCBITaxon:39694	1
NCBITaxon:39695	1
NCBITaxon:397258	25
NCBITaxon:397271	12
NCBITaxon:397278	27
NCBITaxon:397457	23
NCBITaxon:39765	4
NCBITaxon:39777	1
NCBITaxon:39791	1
NCBITaxon:398198	1
NCBITaxon:398235	5
NCBITaxon:398257	22
NCBITaxon:39841	2
NCBITaxon:39846	3
NCBITaxon:398514	2
NCBITaxon:398515	1
NCBITaxon:398518	5
NCBITaxon:398555	21
NCBITaxon:398580	23
NCBITaxon:398743	27
NCBITaxon:398773	17
NCBITaxon:398843	23
NCBITaxon:399370	6
NCBITaxon:399497	22
NCBITaxon:39950	1
NCBITaxon:39956	3
NCBITaxon:39960	14
NCBITaxon:399736	26
NCBITaxon:399969	2
NCBITaxon:400055	25
NCBITaxon:400153	25
NCBITaxon:40041	2
NCBITaxon:400768	22
NCBITaxon:400772	21
NCBITaxon:400774	21
NCBITaxon:400775	1
NCBITaxon:400777	25
NCBITaxon:401106	16
NCBITaxon:401470	6
NCBITaxon:401471	2
NCBITaxon:401472	4
NCBITaxon:401976	21
NCBITaxon:402171	25
NCBITaxon:40218	2
NCBITaxon:40223	3
NCBITaxon:402297	27
NCBITaxon:402384	28
NCBITaxon:402385	26
NCBITaxon:402596	1
NCBITaxon:402600	25
NCBITaxon:402648	19
NCBITaxon:402734	18
NCBITaxon:40318	4
NCBITaxon:40324	1
NCBITaxon:40335	1
NCBITaxon:403638	7
NCBITaxon:403833	2
NCBITaxon:403935	24
NCBITaxon:40414	2
NCBITaxon:404236	27
NCBITaxon:404366	24
NCBITaxon:404385	24
NCBITaxon:404403	9
NCBITaxon:404405	19
NCBITaxon:404433	1
NCBITaxon:404875	1
NCBITaxon:404881	1
NCBITaxon:404937	1
NCBITaxon:405005	18
NCBITaxon:405436	13
NCBITaxon:405444	20
NCBITaxon:405446	24
NCBITaxon:40545	1
NCBITaxon:40549	1
NCBITaxon:405551	19
NCBITaxon:405555	27
NCBITaxon:405559	28
NCBITaxon:405564	1
NCBITaxon:405671	25
NCBITaxon:40571	7
NCBITaxon:40577	27
NCBITaxon:405770	28
NCBITaxon:405782	9
NCBITaxon:405946	20
NCBITaxon:405948	4
NCBITaxon:406	1
NCBITaxon:406020	16
NCBITaxon:406100	28
NCBITaxon:406431	6
NCBITaxon:406548	1
NCBITaxon:406817	1
NCBITaxon:407035	27
NCBITaxon:407036	28
NCBITaxon:407152	4
NCBITaxon:407998	16
NCBITaxon:408015	15
NCBITaxon:408066	21
NCBITaxon:408067	1
NCBITaxon:408074	21
NCBITaxon:408174	20
NCBITaxon:40837	1
NCBITaxon:408580	14
NCBITaxon:408657	18
NCBITaxon:409290	19
NCBITaxon:409291	18
NCBITaxon:409322	4
NCBITaxon:40982	1
NCBITaxon:40983	2
NCBITaxon:409997	22
NCBITaxon:41	1
NCBITaxon:410	1
NCBITaxon:410764	20
NCBITaxon:410837	27
NCBITaxon:410839	1
NCBITaxon:410840	1
NCBITaxon:411235	10
NCBITaxon:411316	1
NCBITaxon:411318	1
NCBITaxon:411459	1
NCBITaxon:411461	1
NCBITaxon:411462	2
NCBITaxon:411463	1
NCBITaxon:411464	2
NCBITaxon:411465	2
NCBITaxon:411467	2
NCBITaxon:411468	2
NCBITaxon:411469	2
NCBITaxon:411471	2
NCBITaxon:411472	2
NCBITaxon:411475	2
NCBITaxon:411476	1
NCBITaxon:411477	2
NCBITaxon:411479	1
NCBITaxon:411483	1
NCBITaxon:411490	2
NCBITaxon:411567	1
NCBITaxon:411570	1
NCBITaxon:411577	1
NCBITaxon:411901	1
NCBITaxon:411902	2
NCBITaxon:411903	1
NCBITaxon:412034	22
NCBITaxon:41211	1
NCBITaxon:412417	22
NCBITaxon:412437	26
NCBITaxon:412439	27
NCBITaxon:412593	20
NCBITaxon:412689	23
NCBITaxon:412690	20
NCBITaxon:41274	2
NCBITaxon:412895	20
NCBITaxon:413194	1
NCBITaxon:413232	24
NCBITaxon:413306	11
NCBITaxon:413434	25
NCBITaxon:413712	5
NCBITaxon:413713	20
NCBITaxon:414048	25
NCBITaxon:414049	27
NCBITaxon:414050	24
NCBITaxon:414286	28
NCBITaxon:414682	14
NCBITaxon:414771	1
NCBITaxon:414778	1
NCBITaxon:414996	1
NCBITaxon:415010	20
NCBITaxon:415209	25
NCBITaxon:415210	25
NCBITaxon:415214	1
NCBITaxon:415215	1
NCBITaxon:415216	1
NCBITaxon:415217	1
NCBITaxon:415218	20
NCBITaxon:415229	15
NCBITaxon:415425	24
NCBITaxon:415721	21
NCBITaxon:415747	16
NCBITaxon:415851	28
NCBITaxon:415996	27
NCBITaxon:416012	24
NCBITaxon:416016	25
NCBITaxon:416017	18
NCBITaxon:416169	25
NCBITaxon:416170	10
NCBITaxon:416555	2
NCBITaxon:416568	25
NCBITaxon:416872	26
NCBITaxon:416873	26
NCBITaxon:416874	26
NCBITaxon:416943	1
NCBITaxon:417203	22
NCBITaxon:417367	25
NCBITaxon:417368	21
NCBITaxon:417373	11
NCBITaxon:417745	18
NCBITaxon:418184	21
NCBITaxon:418199	1
NCBITaxon:418495	20
NCBITaxon:418643	24
NCBITaxon:418646	23
NCBITaxon:418647	22
NCBITaxon:418707	20
NCBITaxon:418708	23
NCBITaxon:418719	27
NCBITaxon:418750	27
NCBITaxon:418759	14
NCBITaxon:41899	2
NCBITaxon:419007	2
NCBITaxon:419208	1
NCBITaxon:419474	8
NCBITaxon:419475	7
NCBITaxon:419476	27
NCBITaxon:419479	19
NCBITaxon:419481	20
NCBITaxon:419590	1
NCBITaxon:419597	25
NCBITaxon:41977	1
NCBITaxon:419825	22
NCBITaxon:41985	3
NCBITaxon:41986	2
NCBITaxon:41988	4
NCBITaxon:419940	23
NCBITaxon:420403	22
NCBITaxon:420404	21
NCBITaxon:42056	2
NCBITaxon:42095	1
NCBITaxon:420952	6
NCBITaxon:420953	6
NCBITaxon:420998	23
NCBITaxon:420999	19
NCBITaxon:421	3
NCBITaxon:421052	2
NCBITaxon:421058	25
NCBITaxon:421072	24
NCBITaxon:421115	1
NCBITaxon:421530	25
NCBITaxon:421531	14
NCBITaxon:421629	2
NCBITaxon:421767	27
NCBITaxon:421768	1
NCBITaxon:42197	6
NCBITaxon:42198	1
NCBITaxon:422296	24
NCBITaxon:42233	2
NCBITaxon:42234	1
NCBITaxon:42236	5
NCBITaxon:42237	1
NCBITaxon:42239	5
NCBITaxon:422442	26
NCBITaxon:42252	2
NCBITaxon:423350	23
NCBITaxon:423541	24
NCBITaxon:42419	2
NCBITaxon:42421	6
NCBITaxon:42448	2
NCBITaxon:424757	22
NCBITaxon:424758	22
NCBITaxon:424795	26
NCBITaxon:424796	20
NCBITaxon:424797	21
NCBITaxon:424800	23
NCBITaxon:425004	24
NCBITaxon:425005	1
NCBITaxon:425006	24
NCBITaxon:425306	1
NCBITaxon:425504	13
NCBITaxon:425511	23
NCBITaxon:425512	21
NCBITaxon:425513	22
NCBITaxon:425514	20
NCBITaxon:42566	4
NCBITaxon:425677	18
NCBITaxon:425941	8
NCBITaxon:426114	1
NCBITaxon:426355	1
NCBITaxon:426701	28
NCBITaxon:426702	27
NCBITaxon:426703	18
NCBITaxon:426704	28
NCBITaxon:426706	2
NCBITaxon:426707	2
NCBITaxon:426756	29
NCBITaxon:426757	29
NCBITaxon:42684	1
NCBITaxon:427333	18
NCBITaxon:427369	23
NCBITaxon:42777	4
NCBITaxon:427920	1
NCBITaxon:42808	1
NCBITaxon:428125	2
NCBITaxon:428126	2
NCBITaxon:428127	1
NCBITaxon:428128	1
NCBITaxon:42838	2
NCBITaxon:42858	1
NCBITaxon:42859	1
NCBITaxon:42881	5
NCBITaxon:429014	2
NCBITaxon:42906	6
NCBITaxon:429133	23
NCBITaxon:429134	18
NCBITaxon:429344	27
NCBITaxon:430457	28
NCBITaxon:430522	22
NCBITaxon:43064	5
NCBITaxon:431269	9
NCBITaxon:431273	11
NCBITaxon:43131	1
NCBITaxon:43143	2
NCBITaxon:431489	23
NCBITaxon:431677	1
NCBITaxon:431943	2
NCBITaxon:431947	2
NCBITaxon:433279	27
NCBITaxon:433286	28
NCBITaxon:433287	27
NCBITaxon:433293	28
NCBITaxon:433321	2
NCBITaxon:433323	2
NCBITaxon:433330	2
NCBITaxon:433338	2
NCBITaxon:43348	2
NCBITaxon:43354	2
NCBITaxon:43355	6
NCBITaxon:433606	21
NCBITaxon:433641	25
NCBITaxon:433643	23
NCBITaxon:433644	25
NCBITaxon:433645	24
NCBITaxon:433646	20
NCBITaxon:433647	21
NCBITaxon:433648	18
NCBITaxon:433649	13
NCBITaxon:433651	22
NCBITaxon:433652	1
NCBITaxon:433654	1
NCBITaxon:433657	18
NCBITaxon:433659	15
NCBITaxon:433663	1
NCBITaxon:433664	17
NCBITaxon:433924	10
NCBITaxon:434086	25
NCBITaxon:434347	18
NCBITaxon:434464	15
NCBITaxon:435	1
NCBITaxon:435590	2
NCBITaxon:435591	2
NCBITaxon:435880	25
NCBITaxon:435897	25
NCBITaxon:435906	25
NCBITaxon:435908	26
NCBITaxon:435910	1
NCBITaxon:435911	1
NCBITaxon:435914	17
NCBITaxon:436231	24
NCBITaxon:436356	26
NCBITaxon:436510	26
NCBITaxon:43663	2
NCBITaxon:43664	8
NCBITaxon:43665	6
NCBITaxon:43666	6
NCBITaxon:43667	6
NCBITaxon:43675	1
NCBITaxon:43677	4
NCBITaxon:43678	2
NCBITaxon:437529	24
NCBITaxon:43759	5
NCBITaxon:43765	6
NCBITaxon:43767	7
NCBITaxon:43774	1
NCBITaxon:43775	2
NCBITaxon:437897	8
NCBITaxon:437900	24
NCBITaxon:438	2
NCBITaxon:438595	29
NCBITaxon:438744	27
NCBITaxon:438751	26
NCBITaxon:438752	24
NCBITaxon:438851	1
NCBITaxon:438855	23
NCBITaxon:438856	1
NCBITaxon:439481	1
NCBITaxon:439612	23
NCBITaxon:439699	15
NCBITaxon:439703	7
NCBITaxon:43992	7
NCBITaxon:440079	3
NCBITaxon:44032	2
NCBITaxon:44033	5
NCBITaxon:440514	26
NCBITaxon:440515	20
NCBITaxon:44060	4
NCBITaxon:441103	26
NCBITaxon:441112	25
NCBITaxon:441119	28
NCBITaxon:441151	11
NCBITaxon:441209	2
NCBITaxon:441500	1
NCBITaxon:441616	17
NCBITaxon:442	7
NCBITaxon:44251	2
NCBITaxon:44252	1
NCBITaxon:442526	21
NCBITaxon:442528	1
NCBITaxon:44253	1
NCBITaxon:44255	6
NCBITaxon:442562	20
NCBITaxon:442709	14
NCBITaxon:442714	22
NCBITaxon:44273	2
NCBITaxon:442866	22
NCBITaxon:442868	25
NCBITaxon:442870	18
NCBITaxon:443156	26
NCBITaxon:443157	23
NCBITaxon:443253	1
NCBITaxon:443610	16
NCBITaxon:443612	25
NCBITaxon:443615	21
NCBITaxon:443616	23
NCBITaxon:444060	22
NCBITaxon:444091	13
NCBITaxon:444093	15
NCBITaxon:444444	24
NCBITaxon:444461	1
NCBITaxon:444597	9
NCBITaxon:444918	21
NCBITaxon:445220	1
NCBITaxon:445709	25
NCBITaxon:445710	15
NCBITaxon:445930	7
NCBITaxon:445960	24
NCBITaxon:445961	22
NCBITaxon:445970	2
NCBITaxon:445971	2
NCBITaxon:445972	17
NCBITaxon:445973	2
NCBITaxon:445974	2
NCBITaxon:445975	2
NCBITaxon:446075	18
NCBITaxon:446372	1
NCBITaxon:446374	1
NCBITaxon:446462	9
NCBITaxon:446465	6
NCBITaxon:446466	16
NCBITaxon:446469	6
NCBITaxon:446470	17
NCBITaxon:446471	2
NCBITaxon:446660	8
NCBITaxon:44671	2
NCBITaxon:44672	2
NCBITaxon:44674	10
NCBITaxon:446786	18
NCBITaxon:446787	23
NCBITaxon:446820	14
NCBITaxon:446860	19
NCBITaxon:447	1
NCBITaxon:447199	27
NCBITaxon:447421	15
NCBITaxon:447422	26
NCBITaxon:447424	28
NCBITaxon:447425	28
NCBITaxon:44750	4
NCBITaxon:44753	1
NCBITaxon:447567	24
NCBITaxon:447594	17
NCBITaxon:447679	18
NCBITaxon:448	1
NCBITaxon:448141	17
NCBITaxon:448385	1
NCBITaxon:449	1
NCBITaxon:449304	1
NCBITaxon:449305	1
NCBITaxon:449306	1
NCBITaxon:449307	1
NCBITaxon:449308	1
NCBITaxon:449309	1
NCBITaxon:449310	1
NCBITaxon:449311	1
NCBITaxon:449312	2
NCBITaxon:449313	1
NCBITaxon:44935	3
NCBITaxon:449461	20
NCBITaxon:449520	12
NCBITaxon:449659	12
NCBITaxon:449662	24
NCBITaxon:449663	23
NCBITaxon:449673	2
NCBITaxon:449973	18
NCBITaxon:449974	18
NCBITaxon:450	1
NCBITaxon:450200	9
NCBITaxon:450364	22
NCBITaxon:450365	16
NCBITaxon:450366	25
NCBITaxon:450367	11
NCBITaxon:450380	26
NCBITaxon:45056	1
NCBITaxon:45066	1
NCBITaxon:45068	1
NCBITaxon:45070	1
NCBITaxon:45071	1
NCBITaxon:450734	25
NCBITaxon:45074	2
NCBITaxon:45076	2
NCBITaxon:450798	5
NCBITaxon:450799	16
NCBITaxon:450800	19
NCBITaxon:450804	11
NCBITaxon:451	1
NCBITaxon:451640	2
NCBITaxon:451876	1
NCBITaxon:452	1
NCBITaxon:45243	2
NCBITaxon:452565	1
NCBITaxon:452637	2
NCBITaxon:452922	25
NCBITaxon:453	1
NCBITaxon:453214	1
NCBITaxon:453215	1
NCBITaxon:453220	1
NCBITaxon:453224	22
NCBITaxon:453304	16
NCBITaxon:453573	16
NCBITaxon:453783	23
NCBITaxon:453816	5
NCBITaxon:453817	22
NCBITaxon:453831	22
NCBITaxon:453835	16
NCBITaxon:453836	1
NCBITaxon:453837	1
NCBITaxon:453838	27
NCBITaxon:453842	22
NCBITaxon:453960	1
NCBITaxon:454006	26
NCBITaxon:454156	16
NCBITaxon:454171	14
NCBITaxon:454188	1
NCBITaxon:454194	1
NCBITaxon:454586	22
NCBITaxon:454598	26
NCBITaxon:45462	2
NCBITaxon:455078	19
NCBITaxon:455193	23
NCBITaxon:455253	16
NCBITaxon:455343	24
NCBITaxon:455344	22
NCBITaxon:455359	20
NCBITaxon:455361	1
NCBITaxon:456	1
NCBITaxon:45610	1
NCBITaxon:45611	4
NCBITaxon:456455	20
NCBITaxon:456490	21
NCBITaxon:45657	2
NCBITaxon:45668	32
NCBITaxon:45670	1
NCBITaxon:457385	18
NCBITaxon:457423	6
NCBITaxon:457454	21
NCBITaxon:457502	22
NCBITaxon:457575	1
NCBITaxon:457921	21
NCBITaxon:457923	21
NCBITaxon:458	1
NCBITaxon:458208	11
NCBITaxon:45851	2
NCBITaxon:458836	16
NCBITaxon:459472	23
NCBITaxon:459519	15
NCBITaxon:459525	28
NCBITaxon:459526	27
NCBITaxon:459528	27
NCBITaxon:459658	4
NCBITaxon:45972	1
NCBITaxon:459816	20
NCBITaxon:459858	2
NCBITaxon:459885	1
NCBITaxon:460	2
NCBITaxon:460060	23
NCBITaxon:460087	25
NCBITaxon:460257	28
NCBITaxon:460384	9
NCBITaxon:460870	20
NCBITaxon:460873	16
NCBITaxon:46126	2
NCBITaxon:46127	1
NCBITaxon:46158	3
NCBITaxon:46159	4
NCBITaxon:46160	7
NCBITaxon:46163	6
NCBITaxon:46165	5
NCBITaxon:46171	4
NCBITaxon:46172	4
NCBITaxon:46173	4
NCBITaxon:46174	5
NCBITaxon:46175	5
NCBITaxon:46176	4
NCBITaxon:46178	4
NCBITaxon:46179	4
NCBITaxon:46180	4
NCBITaxon:46181	4
NCBITaxon:46182	4
NCBITaxon:46186	5
NCBITaxon:46187	5
NCBITaxon:461876	1
NCBITaxon:46188	6
NCBITaxon:46189	5
NCBITaxon:46190	5
NCBITaxon:46203	1
NCBITaxon:46204	1
NCBITaxon:46223	1
NCBITaxon:46224	22
NCBITaxon:462372	18
NCBITaxon:46256	1
NCBITaxon:462710	18
NCBITaxon:462949	15
NCBITaxon:462991	25
NCBITaxon:463	1
NCBITaxon:463200	23
NCBITaxon:463301	29
NCBITaxon:46353	5
NCBITaxon:46354	1
NCBITaxon:463825	22
NCBITaxon:464	2
NCBITaxon:46429	1
NCBITaxon:46431	2
NCBITaxon:46470	1
NCBITaxon:464995	24
NCBITaxon:46507	1
NCBITaxon:46541	2
NCBITaxon:465515	7
NCBITaxon:465561	1
NCBITaxon:465721	17
NCBITaxon:465797	1
NCBITaxon:466	1
NCBITaxon:466084	24
NCBITaxon:46609	2
NCBITaxon:46610	1
NCBITaxon:466109	1
NCBITaxon:46680	5
NCBITaxon:467091	1
NCBITaxon:467174	2
NCBITaxon:467180	18
NCBITaxon:467974	4
NCBITaxon:467976	21
NCBITaxon:467997	15
NCBITaxon:468056	21
NCBITaxon:468058	20
NCBITaxon:468059	23
NCBITaxon:468528	23
NCBITaxon:468556	22
NCBITaxon:46867	1
NCBITaxon:468911	1
NCBITaxon:469	2
NCBITaxon:469371	2
NCBITaxon:469378	7
NCBITaxon:469381	2
NCBITaxon:469383	1
NCBITaxon:469547	6
NCBITaxon:469551	10
NCBITaxon:469615	1
NCBITaxon:469617	1
NCBITaxon:469656	2
NCBITaxon:469798	2
NCBITaxon:469799	27
NCBITaxon:469869	21
NCBITaxon:470	1
NCBITaxon:470028	14
NCBITaxon:470076	9
NCBITaxon:470145	9
NCBITaxon:470565	1
NCBITaxon:470774	1
NCBITaxon:470784	1
NCBITaxon:470815	32
NCBITaxon:470826	27
NCBITaxon:470864	25
NCBITaxon:470868	1
NCBITaxon:470932	7
NCBITaxon:470933	7
NCBITaxon:470934	6
NCBITaxon:471189	8
NCBITaxon:471225	25
NCBITaxon:471514	23
NCBITaxon:471575	12
NCBITaxon:471799	2
NCBITaxon:471802	2
NCBITaxon:471825	6
NCBITaxon:471853	7
NCBITaxon:471854	14
NCBITaxon:471855	1
NCBITaxon:471856	6
NCBITaxon:471870	10
NCBITaxon:471872	1
NCBITaxon:472	1
NCBITaxon:472056	20
NCBITaxon:472059	1
NCBITaxon:472166	23
NCBITaxon:472181	23
NCBITaxon:472186	25
NCBITaxon:472569	14
NCBITaxon:472963	22
NCBITaxon:47312	6
NCBITaxon:47421	1
NCBITaxon:47478	1
NCBITaxon:47479	5
NCBITaxon:47482	1
NCBITaxon:47490	2
NCBITaxon:474949	27
NCBITaxon:474950	27
NCBITaxon:474951	27
NCBITaxon:474952	27
NCBITaxon:474953	24
NCBITaxon:474957	15
NCBITaxon:474960	21
NCBITaxon:47500	2
NCBITaxon:475069	1
NCBITaxon:475081	20
NCBITaxon:475083	18
NCBITaxon:475253	20
NCBITaxon:475255	20
NCBITaxon:475299	14
NCBITaxon:476	2
NCBITaxon:476272	2
NCBITaxon:476279	18
NCBITaxon:476550	5
NCBITaxon:476552	3
NCBITaxon:476555	12
NCBITaxon:476652	2
NCBITaxon:47714	2
NCBITaxon:47715	5
NCBITaxon:47716	6
NCBITaxon:47735	2
NCBITaxon:47759	4
NCBITaxon:47760	1
NCBITaxon:47762	4
NCBITaxon:47763	1
NCBITaxon:477641	1
NCBITaxon:477675	22
NCBITaxon:477680	22
NCBITaxon:47770	1
NCBITaxon:478106	22
NCBITaxon:478107	22
NCBITaxon:478108	1
NCBITaxon:478109	21
NCBITaxon:478110	20
NCBITaxon:478111	23
NCBITaxon:478114	21
NCBITaxon:478115	22
NCBITaxon:478174	1
NCBITaxon:47834	1
NCBITaxon:47839	1
NCBITaxon:47846	2
NCBITaxon:47847	2
NCBITaxon:47849	2
NCBITaxon:47854	5
NCBITaxon:47856	6
NCBITaxon:47864	4
NCBITaxon:47865	4
NCBITaxon:47872	1
NCBITaxon:478738	18
NCBITaxon:47874	4
NCBITaxon:478744	23
NCBITaxon:478749	2
NCBITaxon:478780	1
NCBITaxon:478801	7
NCBITaxon:47884	1
NCBITaxon:47885	16
NCBITaxon:479117	22
NCBITaxon:47920	2
NCBITaxon:479410	12
NCBITaxon:479430	18
NCBITaxon:479431	2
NCBITaxon:479432	8
NCBITaxon:479433	25
NCBITaxon:479434	13
NCBITaxon:479435	1
NCBITaxon:479437	2
NCBITaxon:479474	19
NCBITaxon:47951	1
NCBITaxon:47959	23
NCBITaxon:47960	23
NCBITaxon:47988	6
NCBITaxon:47989	5
NCBITaxon:47990	5
NCBITaxon:47994	1
NCBITaxon:479978	17
NCBITaxon:48	1
NCBITaxon:480035	1
NCBITaxon:480070	2
NCBITaxon:480224	3
NCBITaxon:480284	17
NCBITaxon:480391	18
NCBITaxon:480520	3
NCBITaxon:48074	19
NCBITaxon:480813	2
NCBITaxon:480930	25
NCBITaxon:480996	18
NCBITaxon:480997	20
NCBITaxon:481002	23
NCBITaxon:481137	18
NCBITaxon:481138	5
NCBITaxon:481139	5
NCBITaxon:481181	24
NCBITaxon:481353	29
NCBITaxon:481446	26
NCBITaxon:481520	24
NCBITaxon:481719	1
NCBITaxon:481720	2
NCBITaxon:481722	2
NCBITaxon:481723	2
NCBITaxon:481805	4
NCBITaxon:482461	27
NCBITaxon:48256	2
NCBITaxon:482957	11
NCBITaxon:483013	27
NCBITaxon:483014	23
NCBITaxon:483016	22
NCBITaxon:483215	16
NCBITaxon:483216	2
NCBITaxon:483217	10
NCBITaxon:483545	3
NCBITaxon:483547	25
NCBITaxon:483937	10
NCBITaxon:484018	9
NCBITaxon:484088	21
NCBITaxon:484184	24
NCBITaxon:484498	25
NCBITaxon:485	1
NCBITaxon:485577	26
NCBITaxon:485602	1
NCBITaxon:485907	22
NCBITaxon:485913	17
NCBITaxon:485915	20
NCBITaxon:485916	2
NCBITaxon:485917	4
NCBITaxon:485918	24
NCBITaxon:486505	1
NCBITaxon:486507	1
NCBITaxon:48664	5
NCBITaxon:486698	8
NCBITaxon:487	1
NCBITaxon:487172	14
NCBITaxon:487184	27
NCBITaxon:48727	4
NCBITaxon:48729	1
NCBITaxon:487514	9
NCBITaxon:487698	23
NCBITaxon:488	5
NCBITaxon:488212	4
NCBITaxon:488438	8
NCBITaxon:488446	10
NCBITaxon:488485	25
NCBITaxon:488547	2
NCBITaxon:488729	11
NCBITaxon:488730	10
NCBITaxon:488732	10
NCBITaxon:488938	2
NCBITaxon:489142	28
NCBITaxon:48935	1
NCBITaxon:489619	1
NCBITaxon:489632	1
NCBITaxon:489910	20
NCBITaxon:489916	1
NCBITaxon:489971	2
NCBITaxon:490	1
NCBITaxon:490089	1
NCBITaxon:490090	1
NCBITaxon:490185	23
NCBITaxon:490570	26
NCBITaxon:490571	26
NCBITaxon:490572	1
NCBITaxon:490573	1
NCBITaxon:490575	1
NCBITaxon:490629	25
NCBITaxon:490829	21
NCBITaxon:491205	24
NCBITaxon:491207	2
NCBITaxon:492	1
NCBITaxon:492670	25
NCBITaxon:492735	16
NCBITaxon:49280	1
NCBITaxon:492809	25
NCBITaxon:49283	1
NCBITaxon:493	1
NCBITaxon:493375	26
NCBITaxon:49338	2
NCBITaxon:493385	1
NCBITaxon:493781	22
NCBITaxon:494023	23
NCBITaxon:49447	2
NCBITaxon:494916	1
NCBITaxon:495	1
NCBITaxon:49546	36
NCBITaxon:496056	24
NCBITaxon:496831	2
NCBITaxon:497722	26
NCBITaxon:497735	24
NCBITaxon:498	4
NCBITaxon:498198	27
NCBITaxon:498199	26
NCBITaxon:498367	9
NCBITaxon:498371	21
NCBITaxon:498718	8
NCBITaxon:49896	1
NCBITaxon:499059	1
NCBITaxon:499177	2
NCBITaxon:499207	2
NCBITaxon:499229	2
NCBITaxon:499528	13
NCBITaxon:499548	12
NCBITaxon:499555	16
NCBITaxon:500153	12
NCBITaxon:500465	24
NCBITaxon:500610	23
NCBITaxon:500633	2
NCBITaxon:500634	1
NCBITaxon:500635	2
NCBITaxon:501010	26
NCBITaxon:501024	1
NCBITaxon:501340	20
NCBITaxon:501482	13
NCBITaxon:501483	16
NCBITaxon:501487	17
NCBITaxon:502025	1
NCBITaxon:502049	20
NCBITaxon:502180	23
NCBITaxon:502181	19
NCBITaxon:502268	10
NCBITaxon:502282	2
NCBITaxon:502333	1
NCBITaxon:502394	19
NCBITaxon:502577	6
NCBITaxon:502821	27
NCBITaxon:502829	27
NCBITaxon:502909	5
NCBITaxon:503834	1
NCBITaxon:504468	1
NCBITaxon:504472	1
NCBITaxon:504474	7
NCBITaxon:504486	24
NCBITaxon:504487	25
NCBITaxon:504488	25
NCBITaxon:504728	1
NCBITaxon:504797	16
NCBITaxon:504798	19
NCBITaxon:504800	19
NCBITaxon:504805	18
NCBITaxon:504832	1
NCBITaxon:504901	1
NCBITaxon:504926	1
NCBITaxon:504936	14
NCBITaxon:505249	26
NCBITaxon:505251	18
NCBITaxon:505252	19
NCBITaxon:505254	26
NCBITaxon:505256	26
NCBITaxon:505317	4
NCBITaxon:505353	23
NCBITaxon:505389	14
NCBITaxon:505694	22
NCBITaxon:506594	23
NCBITaxon:50712	2
NCBITaxon:50715	15
NCBITaxon:50717	1
NCBITaxon:50718	1
NCBITaxon:50741	1
NCBITaxon:507751	4
NCBITaxon:507844	5
NCBITaxon:508451	1
NCBITaxon:508461	26
NCBITaxon:508661	1
NCBITaxon:509191	1
NCBITaxon:509193	2
NCBITaxon:509199	13
NCBITaxon:509200	9
NCBITaxon:51048	1
NCBITaxon:510515	26
NCBITaxon:510955	28
NCBITaxon:51101	2
NCBITaxon:511108	1
NCBITaxon:511487	17
NCBITaxon:51161	1
NCBITaxon:511662	14
NCBITaxon:51173	10
NCBITaxon:511811	24
NCBITaxon:511998	5
NCBITaxon:51201	4
NCBITaxon:512349	21
NCBITaxon:512350	20
NCBITaxon:512382	22
NCBITaxon:512383	22
NCBITaxon:512397	26
NCBITaxon:512399	21
NCBITaxon:512402	8
NCBITaxon:512643	13
NCBITaxon:512762	22
NCBITaxon:51288	5
NCBITaxon:513160	17
NCBITaxon:51367	5
NCBITaxon:515326	23
NCBITaxon:515350	25
NCBITaxon:515361	25
NCBITaxon:515393	2
NCBITaxon:515415	21
NCBITaxon:515489	8
NCBITaxon:515620	2
NCBITaxon:515635	5
NCBITaxon:515662	26
NCBITaxon:515897	27
NCBITaxon:515947	1
NCBITaxon:515949	23
NCBITaxon:516123	26
NCBITaxon:51663	2
NCBITaxon:51664	1
NCBITaxon:516699	1
NCBITaxon:51670	1
NCBITaxon:516702	27
NCBITaxon:516965	7
NCBITaxon:517011	2
NCBITaxon:517424	25
NCBITaxon:517425	27
NCBITaxon:517719	24
NCBITaxon:517720	26
NCBITaxon:518	1
NCBITaxon:518634	2
NCBITaxon:518635	2
NCBITaxon:518637	2
NCBITaxon:518642	23
NCBITaxon:518766	1
NCBITaxon:518825	1
NCBITaxon:519	2
NCBITaxon:519050	13
NCBITaxon:519061	21
NCBITaxon:519081	18
NCBITaxon:519421	25
NCBITaxon:519441	1
NCBITaxon:519472	1
NCBITaxon:520	1
NCBITaxon:52004	1
NCBITaxon:520043	25
NCBITaxon:520089	24
NCBITaxon:520092	1
NCBITaxon:52017	2
NCBITaxon:52020	3
NCBITaxon:52022	1
NCBITaxon:520764	19
NCBITaxon:520767	16
NCBITaxon:520999	5
NCBITaxon:521	11
NCBITaxon:521003	2
NCBITaxon:521013	25
NCBITaxon:521045	22
NCBITaxon:521095	2
NCBITaxon:521096	10
NCBITaxon:521098	2
NCBITaxon:521158	17
NCBITaxon:521392	15
NCBITaxon:521393	16
NCBITaxon:521460	8
NCBITaxon:521520	10
NCBITaxon:521720	25
NCBITaxon:522259	26
NCBITaxon:522262	15
NCBITaxon:522319	25
NCBITaxon:522397	2
NCBITaxon:522487	21
NCBITaxon:522488	22
NCBITaxon:52258	5
NCBITaxon:52259	5
NCBITaxon:522772	2
NCBITaxon:522889	1
NCBITaxon:523696	24
NCBITaxon:523701	27
NCBITaxon:523742	21
NCBITaxon:523788	15
NCBITaxon:523791	28
NCBITaxon:524	14
NCBITaxon:524884	14
NCBITaxon:525146	1
NCBITaxon:525245	3
NCBITaxon:525246	3
NCBITaxon:525247	5
NCBITaxon:525254	2
NCBITaxon:525255	2
NCBITaxon:525256	5
NCBITaxon:525257	2
NCBITaxon:525260	5
NCBITaxon:525262	1
NCBITaxon:525263	6
NCBITaxon:525268	6
NCBITaxon:525309	14
NCBITaxon:525325	2
NCBITaxon:525328	1
NCBITaxon:525330	2
NCBITaxon:525363	1
NCBITaxon:525365	15
NCBITaxon:525367	1
NCBITaxon:525368	7
NCBITaxon:525372	1
NCBITaxon:525373	16
NCBITaxon:525379	2
NCBITaxon:52560	2
NCBITaxon:52561	2
NCBITaxon:525897	1
NCBITaxon:525898	4
NCBITaxon:525903	2
NCBITaxon:525909	9
NCBITaxon:525919	2
NCBITaxon:525924	7
NCBITaxon:52603	21
NCBITaxon:526218	1
NCBITaxon:526222	2
NCBITaxon:526224	2
NCBITaxon:526225	5
NCBITaxon:526226	4
NCBITaxon:526588	1
NCBITaxon:526729	22
NCBITaxon:52689	2
NCBITaxon:52690	2
NCBITaxon:52691	2
NCBITaxon:52692	1
NCBITaxon:52693	2
NCBITaxon:52694	2
NCBITaxon:526944	17
NCBITaxon:52695	5
NCBITaxon:52696	4
NCBITaxon:52697	5
NCBITaxon:52699	3
NCBITaxon:526997	6
NCBITaxon:527	1
NCBITaxon:527000	15
NCBITaxon:527002	1
NCBITaxon:527004	4
NCBITaxon:52704	1
NCBITaxon:527312	2
NCBITaxon:527326	26
NCBITaxon:52761	1
NCBITaxon:52763	1
NCBITaxon:52770	2
NCBITaxon:52773	14
NCBITaxon:52786	2
NCBITaxon:52787	2
NCBITaxon:528178	24
NCBITaxon:528187	16
NCBITaxon:528191	15
NCBITaxon:528244	22
NCBITaxon:529	9
NCBITaxon:529005	20
NCBITaxon:529086	20
NCBITaxon:529120	5
NCBITaxon:529505	25
NCBITaxon:529704	22
NCBITaxon:529810	22
NCBITaxon:529884	1
NCBITaxon:530564	1
NCBITaxon:530584	23
NCBITaxon:531306	1
NCBITaxon:531309	27
NCBITaxon:531312	26
NCBITaxon:531814	18
NCBITaxon:531815	29
NCBITaxon:531816	19
NCBITaxon:531938	17
NCBITaxon:532059	20
NCBITaxon:53245	1
NCBITaxon:53249	5
NCBITaxon:53254	17
NCBITaxon:53332	1
NCBITaxon:53336	6
NCBITaxon:53341	1
NCBITaxon:53344	1
NCBITaxon:53346	2
NCBITaxon:53356	6
NCBITaxon:53359	2
NCBITaxon:53361	18
NCBITaxon:53362	5
NCBITaxon:53367	3
NCBITaxon:53371	5
NCBITaxon:53374	6
NCBITaxon:53388	6
NCBITaxon:53398	1
NCBITaxon:53406	1
NCBITaxon:53407	1
NCBITaxon:53410	1
NCBITaxon:53417	1
NCBITaxon:53422	1
NCBITaxon:53428	2
NCBITaxon:53431	2
NCBITaxon:53442	2
NCBITaxon:53444	1
NCBITaxon:53445	5
NCBITaxon:53447	6
NCBITaxon:53448	6
NCBITaxon:53449	5
NCBITaxon:53450	5
NCBITaxon:53463	2
NCBITaxon:53483	2
NCBITaxon:535290	1
NCBITaxon:53573	2
NCBITaxon:535904	1
NCBITaxon:535907	1
NCBITaxon:536	17
NCBITaxon:536229	1
NCBITaxon:536633	2
NCBITaxon:536979	25
NCBITaxon:536980	23
NCBITaxon:537006	8
NCBITaxon:537007	2
NCBITaxon:537010	2
NCBITaxon:537011	9
NCBITaxon:537012	16
NCBITaxon:537013	2
NCBITaxon:537017	22
NCBITaxon:537971	2
NCBITaxon:538379	1
NCBITaxon:539262	23
NCBITaxon:539329	1
NCBITaxon:539813	1
NCBITaxon:54	1
NCBITaxon:54005	2
NCBITaxon:54006	2
NCBITaxon:540060	16
NCBITaxon:540061	16
NCBITaxon:54007	1
NCBITaxon:540251	14
NCBITaxon:54062	2
NCBITaxon:54067	1
NCBITaxon:540747	1
NCBITaxon:540906	24
NCBITaxon:54121	1
NCBITaxon:542	3
NCBITaxon:542300	22
NCBITaxon:542344	1
NCBITaxon:542764	11
NCBITaxon:542833	2
NCBITaxon:543356	1
NCBITaxon:543360	9
NCBITaxon:543527	13
NCBITaxon:543615	24
NCBITaxon:543629	24
NCBITaxon:543877	26
NCBITaxon:543887	20
NCBITaxon:543890	29
NCBITaxon:543892	16
NCBITaxon:544480	21
NCBITaxon:544580	2
NCBITaxon:544581	2
NCBITaxon:544681	15
NCBITaxon:544910	22
NCBITaxon:545121	12
NCBITaxon:545123	11
NCBITaxon:545534	24
NCBITaxon:545536	9
NCBITaxon:545537	7
NCBITaxon:545543	15
NCBITaxon:545619	28
NCBITaxon:545624	16
NCBITaxon:54565	2
NCBITaxon:545696	2
NCBITaxon:545697	1
NCBITaxon:545864	7
NCBITaxon:546	1
NCBITaxon:546021	27
NCBITaxon:546023	27
NCBITaxon:546107	28
NCBITaxon:546108	26
NCBITaxon:546114	18
NCBITaxon:546115	27
NCBITaxon:546157	20
NCBITaxon:546160	1
NCBITaxon:546262	1
NCBITaxon:546263	1
NCBITaxon:546265	2
NCBITaxon:546267	2
NCBITaxon:546271	2
NCBITaxon:546273	2
NCBITaxon:546274	1
NCBITaxon:546275	1
NCBITaxon:546364	1
NCBITaxon:546365	17
NCBITaxon:546871	18
NCBITaxon:546872	19
NCBITaxon:546873	20
NCBITaxon:546874	20
NCBITaxon:546892	24
NCBITaxon:547018	28
NCBITaxon:547043	2
NCBITaxon:547045	1
NCBITaxon:547056	13
NCBITaxon:547057	11
NCBITaxon:547122	2
NCBITaxon:547162	27
NCBITaxon:547163	9
NCBITaxon:547334	1
NCBITaxon:547461	19
NCBITaxon:54767	1
NCBITaxon:548478	2
NCBITaxon:548579	14
NCBITaxon:548918	2
NCBITaxon:549000	26
NCBITaxon:549003	24
NCBITaxon:54910	1
NCBITaxon:54911	5
NCBITaxon:54913	1
NCBITaxon:54914	2
NCBITaxon:54915	1
NCBITaxon:549298	1
NCBITaxon:549687	27
NCBITaxon:551275	18
NCBITaxon:551459	16
NCBITaxon:551547	17
NCBITaxon:551789	1
NCBITaxon:552061	1
NCBITaxon:552064	19
NCBITaxon:552518	17
NCBITaxon:552535	1
NCBITaxon:552788	16
NCBITaxon:552903	5
NCBITaxon:553151	24
NCBITaxon:553174	2
NCBITaxon:553175	2
NCBITaxon:553177	1
NCBITaxon:553178	1
NCBITaxon:553184	2
NCBITaxon:553201	2
NCBITaxon:553207	2
NCBITaxon:553239	9
NCBITaxon:553311	25
NCBITaxon:553384	28
NCBITaxon:553447	1
NCBITaxon:553481	1
NCBITaxon:553973	2
NCBITaxon:554	1
NCBITaxon:554083	19
NCBITaxon:554117	1
NCBITaxon:554308	28
NCBITaxon:554344	1
NCBITaxon:554406	1
NCBITaxon:554880	1
NCBITaxon:555059	19
NCBITaxon:55507	1
NCBITaxon:555079	2
NCBITaxon:555088	2
NCBITaxon:55518	2
NCBITaxon:555371	18
NCBITaxon:555372	20
NCBITaxon:555455	1
NCBITaxon:555512	26
NCBITaxon:55565	4
NCBITaxon:555778	25
NCBITaxon:555779	2
NCBITaxon:555970	2
NCBITaxon:556053	9
NCBITaxon:556054	9
NCBITaxon:556055	9
NCBITaxon:556530	27
NCBITaxon:556531	16
NCBITaxon:556532	21
NCBITaxon:556890	24
NCBITaxon:557433	1
NCBITaxon:557450	2
NCBITaxon:557451	2
NCBITaxon:557555	22
NCBITaxon:557557	22
NCBITaxon:55779	2
NCBITaxon:558152	2
NCBITaxon:558153	2
NCBITaxon:558169	27
NCBITaxon:558170	28
NCBITaxon:558172	5
NCBITaxon:558173	8
NCBITaxon:558271	22
NCBITaxon:558537	25
NCBITaxon:559315	22
NCBITaxon:559625	1
NCBITaxon:559626	15
NCBITaxon:559627	19
NCBITaxon:559628	2
NCBITaxon:559629	16
NCBITaxon:55969	1
NCBITaxon:559956	24
NCBITaxon:560080	20
NCBITaxon:560405	1
NCBITaxon:56055	17
NCBITaxon:560555	9
NCBITaxon:560556	5
NCBITaxon:560557	28
NCBITaxon:560819	24
NCBITaxon:561061	16
NCBITaxon:561067	10
NCBITaxon:561173	18
NCBITaxon:561175	25
NCBITaxon:561176	22
NCBITaxon:561177	2
NCBITaxon:561180	2
NCBITaxon:561184	25
NCBITaxon:56119	11
NCBITaxon:561365	20
NCBITaxon:561440	25
NCBITaxon:561505	18
NCBITaxon:561720	25
NCBITaxon:561879	10
NCBITaxon:56193	2
NCBITaxon:562	31
NCBITaxon:562969	19
NCBITaxon:562970	1
NCBITaxon:563040	2
NCBITaxon:563162	1
NCBITaxon:563163	23
NCBITaxon:563176	21
NCBITaxon:563188	25
NCBITaxon:563735	24
NCBITaxon:563996	24
NCBITaxon:564287	6
NCBITaxon:564369	17
NCBITaxon:564413	14
NCBITaxon:564415	1
NCBITaxon:56458	1
NCBITaxon:564766	26
NCBITaxon:565042	2
NCBITaxon:565072	1
NCBITaxon:565073	24
NCBITaxon:565074	1
NCBITaxon:566012	15
NCBITaxon:566021	18
NCBITaxon:566022	24
NCBITaxon:566024	23
NCBITaxon:566027	27
NCBITaxon:566293	1
NCBITaxon:566461	5
NCBITaxon:566546	1
NCBITaxon:566550	2
NCBITaxon:566551	1
NCBITaxon:56698	10
NCBITaxon:56760	1
NCBITaxon:568072	23
NCBITaxon:568098	1
NCBITaxon:568099	1
NCBITaxon:56810	3
NCBITaxon:568102	26
NCBITaxon:568105	22
NCBITaxon:568106	17
NCBITaxon:56811	5
NCBITaxon:568392	21
NCBITaxon:568603	1
NCBITaxon:568783	19
NCBITaxon:568790	16
NCBITaxon:568818	3
NCBITaxon:568844	18
NCBITaxon:568860	1
NCBITaxon:568869	5
NCBITaxon:568872	21
NCBITaxon:568899	24
NCBITaxon:569127	23
NCBITaxon:569599	23
NCBITaxon:569857	10
NCBITaxon:569860	17
NCBITaxon:569882	23
NCBITaxon:569883	25
NCBITaxon:570012	9
NCBITaxon:570268	9
NCBITaxon:570276	21
NCBITaxon:570281	1
NCBITaxon:57037	1
NCBITaxon:57040	1
NCBITaxon:57043	2
NCBITaxon:570446	12
NCBITaxon:570505	2
NCBITaxon:570519	25
NCBITaxon:570520	26
NCBITaxon:570521	26
NCBITaxon:570855	19
NCBITaxon:570936	8
NCBITaxon:570945	26
NCBITaxon:570947	26
NCBITaxon:570952	25
NCBITaxon:570967	25
NCBITaxon:571	4
NCBITaxon:571166	25
NCBITaxon:571177	18
NCBITaxon:571190	17
NCBITaxon:571254	7
NCBITaxon:571255	8
NCBITaxon:571256	8
NCBITaxon:571298	24
NCBITaxon:571438	10
NCBITaxon:571898	2
NCBITaxon:571911	17
NCBITaxon:571912	17
NCBITaxon:571915	3
NCBITaxon:571932	27
NCBITaxon:571933	1
NCBITaxon:572010	2
NCBITaxon:572036	4
NCBITaxon:572477	2
NCBITaxon:572479	6
NCBITaxon:572480	2
NCBITaxon:572544	2
NCBITaxon:572545	1
NCBITaxon:572547	2
NCBITaxon:573	1
NCBITaxon:573024	26
NCBITaxon:573058	2
NCBITaxon:573074	19
NCBITaxon:573179	24
NCBITaxon:57320	1
NCBITaxon:573321	21
NCBITaxon:573413	2
NCBITaxon:573501	21
NCBITaxon:573564	4
NCBITaxon:573737	9
NCBITaxon:573739	1
NCBITaxon:573741	1
NCBITaxon:573983	19
NCBITaxon:574087	2
NCBITaxon:574096	9
NCBITaxon:574349	28
NCBITaxon:574376	1
NCBITaxon:574561	1
NCBITaxon:574649	25
NCBITaxon:574650	23
NCBITaxon:574651	22
NCBITaxon:574699	1
NCBITaxon:574700	25
NCBITaxon:574718	26
NCBITaxon:57480	2
NCBITaxon:57489	1
NCBITaxon:574956	16
NCBITaxon:574966	28
NCBITaxon:57498	1
NCBITaxon:575	2
NCBITaxon:575178	1
NCBITaxon:575186	19
NCBITaxon:575192	16
NCBITaxon:575193	17
NCBITaxon:575256	23
NCBITaxon:575978	1
NCBITaxon:576117	27
NCBITaxon:576118	28
NCBITaxon:576131	17
NCBITaxon:576611	9
NCBITaxon:576784	24
NCBITaxon:576944	24
NCBITaxon:57704	19
NCBITaxon:57706	1
NCBITaxon:57732	2
NCBITaxon:577470	19
NCBITaxon:577650	2
NCBITaxon:577679	24
NCBITaxon:577680	23
NCBITaxon:578215	1
NCBITaxon:578216	1
NCBITaxon:578221	1
NCBITaxon:578222	1
NCBITaxon:578693	29
NCBITaxon:57909	1
NCBITaxon:579105	22
NCBITaxon:579108	16
NCBITaxon:579138	1
NCBITaxon:579446	1
NCBITaxon:579748	17
NCBITaxon:580166	20
NCBITaxon:580327	2
NCBITaxon:580331	2
NCBITaxon:580340	15
NCBITaxon:580872	24
NCBITaxon:58109	1
NCBITaxon:58110	1
NCBITaxon:58112	2
NCBITaxon:58114	5
NCBITaxon:58115	3
NCBITaxon:58117	4
NCBITaxon:58119	4
NCBITaxon:58121	4
NCBITaxon:58123	5
NCBITaxon:58136	2
NCBITaxon:58169	1
NCBITaxon:58172	1
NCBITaxon:58180	2
NCBITaxon:582402	11
NCBITaxon:582418	1
NCBITaxon:582475	20
NCBITaxon:582607	13
NCBITaxon:582850	1
NCBITaxon:582851	1
NCBITaxon:582854	25
NCBITaxon:582855	24
NCBITaxon:58314	2
NCBITaxon:583355	22
NCBITaxon:583358	2
NCBITaxon:58343	6
NCBITaxon:58344	5
NCBITaxon:58345	5
NCBITaxon:58350	5
NCBITaxon:584	1
NCBITaxon:584708	2
NCBITaxon:584787	21
NCBITaxon:585198	8
NCBITaxon:585199	7
NCBITaxon:585224	11
NCBITaxon:585455	23
NCBITaxon:585502	8
NCBITaxon:585503	2
NCBITaxon:585506	1
NCBITaxon:585520	1
NCBITaxon:585524	5
NCBITaxon:585528	12
NCBITaxon:585530	2
NCBITaxon:585531	1
NCBITaxon:586220	2
NCBITaxon:586230	1
NCBITaxon:586416	28
NCBITaxon:586733	13
NCBITaxon:587633	28
NCBITaxon:587635	27
NCBITaxon:587636	25
NCBITaxon:587735	25
NCBITaxon:587739	1
NCBITaxon:587753	6
NCBITaxon:587851	5
NCBITaxon:587872	27
NCBITaxon:587909	9
NCBITaxon:588067	7
NCBITaxon:588083	1
NCBITaxon:588581	2
NCBITaxon:588602	27
NCBITaxon:588604	21
NCBITaxon:589010	27
NCBITaxon:589035	24
NCBITaxon:589240	20
NCBITaxon:589330	1
NCBITaxon:589382	1
NCBITaxon:589385	25
NCBITaxon:589403	18
NCBITaxon:589865	2
NCBITaxon:589873	1
NCBITaxon:590593	19
NCBITaxon:590609	18
NCBITaxon:590652	13
NCBITaxon:590998	5
NCBITaxon:591001	2
NCBITaxon:591202	22
NCBITaxon:591203	21
NCBITaxon:591204	1
NCBITaxon:591205	25
NCBITaxon:591372	25
NCBITaxon:591962	12
NCBITaxon:592010	2
NCBITaxon:592015	25
NCBITaxon:592022	1
NCBITaxon:592028	1
NCBITaxon:592030	2
NCBITaxon:592050	24
NCBITaxon:592051	23
NCBITaxon:592307	20
NCBITaxon:592308	1
NCBITaxon:592361	13
NCBITaxon:592376	26
NCBITaxon:592377	22
NCBITaxon:592378	19
NCBITaxon:592678	22
NCBITaxon:59298	7
NCBITaxon:59299	7
NCBITaxon:59310	2
NCBITaxon:593133	25
NCBITaxon:593135	18
NCBITaxon:59405	2
NCBITaxon:594679	6
NCBITaxon:595494	2
NCBITaxon:595502	28
NCBITaxon:595589	21
NCBITaxon:595605	1
NCBITaxon:59561	6
NCBITaxon:595671	23
NCBITaxon:595692	1
NCBITaxon:595984	7
NCBITaxon:59610	8
NCBITaxon:596154	1
NCBITaxon:596315	9
NCBITaxon:59733	3
NCBITaxon:59750	1
NCBITaxon:59813	1
NCBITaxon:59814	6
NCBITaxon:59840	1
NCBITaxon:59841	1
NCBITaxon:59846	1
NCBITaxon:598609	1
NCBITaxon:598611	1
NCBITaxon:598626	24
NCBITaxon:598644	22
NCBITaxon:598650	21
NCBITaxon:598652	18
NCBITaxon:598653	25
NCBITaxon:600331	21
NCBITaxon:600628	1
NCBITaxon:604099	2
NCBITaxon:60443	5
NCBITaxon:60450	2
NCBITaxon:60519	2
NCBITaxon:60520	1
NCBITaxon:60547	1
NCBITaxon:60548	2
NCBITaxon:60550	1
NCBITaxon:607711	14
NCBITaxon:607712	14
NCBITaxon:608538	10
NCBITaxon:60895	5
NCBITaxon:61015	1
NCBITaxon:61016	22
NCBITaxon:610254	20
NCBITaxon:613184	21
NCBITaxon:613195	24
NCBITaxon:614671	25
NCBITaxon:615	7
NCBITaxon:61592	6
NCBITaxon:61595	2
NCBITaxon:61596	1
NCBITaxon:616990	20
NCBITaxon:616991	1
NCBITaxon:616992	1
NCBITaxon:616997	25
NCBITaxon:617000	2
NCBITaxon:617001	2
NCBITaxon:617002	2
NCBITaxon:617123	7
NCBITaxon:619304	21
NCBITaxon:619730	24
NCBITaxon:619741	1
NCBITaxon:619805	21
NCBITaxon:62088	1
NCBITaxon:620889	28
NCBITaxon:620903	6
NCBITaxon:620910	27
NCBITaxon:621	1
NCBITaxon:621096	24
NCBITaxon:621109	28
NCBITaxon:62140	1
NCBITaxon:622312	2
NCBITaxon:622664	29
NCBITaxon:622671	2
NCBITaxon:622674	2
NCBITaxon:622695	25
NCBITaxon:623	1
NCBITaxon:62322	1
NCBITaxon:623280	25
NCBITaxon:623281	25
NCBITaxon:624	1
NCBITaxon:624147	24
NCBITaxon:624315	17
NCBITaxon:624383	20
NCBITaxon:626223	23
NCBITaxon:62629	4
NCBITaxon:626369	1
NCBITaxon:626774	27
NCBITaxon:626937	25
NCBITaxon:627131	1
NCBITaxon:627624	26
NCBITaxon:627675	20
NCBITaxon:629485	27
NCBITaxon:629679	4
NCBITaxon:629724	21
NCBITaxon:630129	2
NCBITaxon:630407	4
NCBITaxon:630514	13
NCBITaxon:630515	11
NCBITaxon:630520	22
NCBITaxon:630535	1
NCBITaxon:630973	1
NCBITaxon:630975	6
NCBITaxon:630977	1
NCBITaxon:630995	24
NCBITaxon:63129	2
NCBITaxon:631455	18
NCBITaxon:63186	5
NCBITaxon:632140	17
NCBITaxon:632292	18
NCBITaxon:632348	18
NCBITaxon:632518	13
NCBITaxon:632773	2
NCBITaxon:633	2
NCBITaxon:633147	1
NCBITaxon:633149	1
NCBITaxon:633153	1
NCBITaxon:633194	25
NCBITaxon:633403	25
NCBITaxon:633404	22
NCBITaxon:633415	10
NCBITaxon:633417	12
NCBITaxon:633440	21
NCBITaxon:633813	21
NCBITaxon:634126	24
NCBITaxon:634155	10
NCBITaxon:634290	1
NCBITaxon:634393	13
NCBITaxon:634430	24
NCBITaxon:634436	1
NCBITaxon:634462	28
NCBITaxon:634765	25
NCBITaxon:634770	23
NCBITaxon:634771	1
NCBITaxon:635203	1
NCBITaxon:63612	1
NCBITaxon:63655	28
NCBITaxon:637389	1
NCBITaxon:637390	1
NCBITaxon:637393	21
NCBITaxon:637577	1
NCBITaxon:637679	26
NCBITaxon:637887	2
NCBITaxon:638300	1
NCBITaxon:638301	2
NCBITaxon:638302	1
NCBITaxon:638303	1
NCBITaxon:638574	7
NCBITaxon:638849	8
NCBITaxon:639004	25
NCBITaxon:639200	1
NCBITaxon:639240	26
NCBITaxon:639310	25
NCBITaxon:639313	27
NCBITaxon:64002	1
NCBITaxon:640084	16
NCBITaxon:640108	15
NCBITaxon:640132	12
NCBITaxon:640331	14
NCBITaxon:640633	23
NCBITaxon:640634	8
NCBITaxon:640635	8
NCBITaxon:640938	19
NCBITaxon:640948	27
NCBITaxon:641	2
NCBITaxon:641025	16
NCBITaxon:641118	5
NCBITaxon:641143	2
NCBITaxon:641147	1
NCBITaxon:641238	1
NCBITaxon:641660	1
NCBITaxon:641665	24
NCBITaxon:641691	24
NCBITaxon:641783	1
NCBITaxon:642227	8
NCBITaxon:642492	2
NCBITaxon:642762	1
NCBITaxon:642766	1
NCBITaxon:642776	24
NCBITaxon:642780	2
NCBITaxon:643052	14
NCBITaxon:643214	1
NCBITaxon:643262	1
NCBITaxon:643560	3
NCBITaxon:643562	2
NCBITaxon:643568	1
NCBITaxon:643648	2
NCBITaxon:643671	5
NCBITaxon:643672	20
NCBITaxon:643673	11
NCBITaxon:643674	12
NCBITaxon:643747	25
NCBITaxon:643867	1
NCBITaxon:644220	27
NCBITaxon:644221	27
NCBITaxon:644282	2
NCBITaxon:644283	5
NCBITaxon:644284	5
NCBITaxon:644548	13
NCBITaxon:644556	26
NCBITaxon:644790	1
NCBITaxon:644966	25
NCBITaxon:645127	6
NCBITaxon:645275	3
NCBITaxon:645466	16
NCBITaxon:645597	18
NCBITaxon:645616	18
NCBITaxon:645617	1
NCBITaxon:645990	1
NCBITaxon:645991	2
NCBITaxon:646095	26
NCBITaxon:646529	2
NCBITaxon:647381	22
NCBITaxon:647720	21
NCBITaxon:648751	1
NCBITaxon:648752	1
NCBITaxon:648753	24
NCBITaxon:648754	27
NCBITaxon:648755	1
NCBITaxon:648757	2
NCBITaxon:648780	22
NCBITaxon:648782	2
NCBITaxon:648794	17
NCBITaxon:648894	22
NCBITaxon:648895	22
NCBITaxon:64897	6
NCBITaxon:648995	1
NCBITaxon:648996	19
NCBITaxon:649007	22
NCBITaxon:649008	16
NCBITaxon:649197	15
NCBITaxon:649198	25
NCBITaxon:649333	20
NCBITaxon:649349	23
NCBITaxon:649638	2
NCBITaxon:649639	24
NCBITaxon:649752	2
NCBITaxon:649753	2
NCBITaxon:649754	11
NCBITaxon:649755	2
NCBITaxon:649757	2
NCBITaxon:649759	2
NCBITaxon:649762	2
NCBITaxon:649764	1
NCBITaxon:650508	18
NCBITaxon:65058	2
NCBITaxon:651	10
NCBITaxon:651086	12
NCBITaxon:651182	2
NCBITaxon:651560	23
NCBITaxon:651661	21
NCBITaxon:651662	1
NCBITaxon:651663	21
NCBITaxon:651822	18
NCBITaxon:651866	21
NCBITaxon:652876	23
NCBITaxon:652943	5
NCBITaxon:653357	22
NCBITaxon:65380	2
NCBITaxon:653929	20
NCBITaxon:653930	1
NCBITaxon:653931	18
NCBITaxon:653940	5
NCBITaxon:653954	15
NCBITaxon:654	2
NCBITaxon:654447	17
NCBITaxon:654686	1
NCBITaxon:654838	19
NCBITaxon:655015	21
NCBITaxon:65505	1
NCBITaxon:65511	1
NCBITaxon:65515	5
NCBITaxon:655338	17
NCBITaxon:655607	26
NCBITaxon:655811	2
NCBITaxon:655812	7
NCBITaxon:656	1
NCBITaxon:65605	1
NCBITaxon:656178	10
NCBITaxon:656366	23
NCBITaxon:656914	2
NCBITaxon:657014	1
NCBITaxon:657015	26
NCBITaxon:657017	1
NCBITaxon:657018	5
NCBITaxon:657276	24
NCBITaxon:657318	2
NCBITaxon:657409	28
NCBITaxon:657419	1
NCBITaxon:657654	23
NCBITaxon:658057	25
NCBITaxon:658167	21
NCBITaxon:658225	17
NCBITaxon:658457	2
NCBITaxon:659006	22
NCBITaxon:659012	1
NCBITaxon:659013	13
NCBITaxon:659014	17
NCBITaxon:659015	1
NCBITaxon:659016	13
NCBITaxon:659251	10
NCBITaxon:659595	23
NCBITaxon:659824	1
NCBITaxon:660294	2
NCBITaxon:661089	2
NCBITaxon:661398	22
NCBITaxon:661399	5
NCBITaxon:661481	1
NCBITaxon:661483	24
NCBITaxon:661491	1
NCBITaxon:661492	1
NCBITaxon:661493	25
NCBITaxon:66199	1
NCBITaxon:66219	13
NCBITaxon:66228	1
NCBITaxon:662367	19
NCBITaxon:662755	2
NCBITaxon:662880	23
NCBITaxon:662960	1
NCBITaxon:663386	22
NCBITaxon:66347	1
NCBITaxon:663580	1
NCBITaxon:663602	1
NCBITaxon:663603	1
NCBITaxon:663604	1
NCBITaxon:663606	1
NCBITaxon:663607	1
NCBITaxon:663608	1
NCBITaxon:663609	1
NCBITaxon:663610	18
NCBITaxon:66369	2
NCBITaxon:66371	28
NCBITaxon:66374	6
NCBITaxon:66376	6
NCBITaxon:66377	2
NCBITaxon:66378	5
NCBITaxon:663949	22
NCBITaxon:66422	2
NCBITaxon:66423	2
NCBITaxon:66424	5
NCBITaxon:66431	4
NCBITaxon:664639	25
NCBITaxon:664640	23
NCBITaxon:664662	1
NCBITaxon:664683	28
NCBITaxon:664691	25
NCBITaxon:664693	23
NCBITaxon:664784	25
NCBITaxon:664909	20
NCBITaxon:665004	1
NCBITaxon:665038	1
NCBITaxon:665099	28
NCBITaxon:665118	1
NCBITaxon:665571	2
NCBITaxon:665913	16
NCBITaxon:665914	15
NCBITaxon:666	1
NCBITaxon:666685	22
NCBITaxon:666702	10
NCBITaxon:666964	1
NCBITaxon:667014	19
NCBITaxon:667015	2
NCBITaxon:667128	1
NCBITaxon:667676	22
NCBITaxon:668	1
NCBITaxon:66821	1
NCBITaxon:66835	2
NCBITaxon:66849	3
NCBITaxon:66850	1
NCBITaxon:66858	5
NCBITaxon:668625	1
NCBITaxon:66865	1
NCBITaxon:66867	1
NCBITaxon:66869	1
NCBITaxon:66870	5
NCBITaxon:66871	1
NCBITaxon:66872	1
NCBITaxon:66875	5
NCBITaxon:66876	1
NCBITaxon:66879	1
NCBITaxon:66881	1
NCBITaxon:66883	1
NCBITaxon:66885	1
NCBITaxon:66887	4
NCBITaxon:66888	1
NCBITaxon:66892	1
NCBITaxon:66893	1
NCBITaxon:66894	1
NCBITaxon:66895	6
NCBITaxon:66896	1
NCBITaxon:66897	1
NCBITaxon:669	1
NCBITaxon:669455	1
NCBITaxon:66969	1
NCBITaxon:670	7
NCBITaxon:670052	1
NCBITaxon:670054	1
NCBITaxon:670078	1
NCBITaxon:670079	1
NCBITaxon:670154	26
NCBITaxon:670155	26
NCBITaxon:670291	25
NCBITaxon:670292	25
NCBITaxon:670482	25
NCBITaxon:670487	2
NCBITaxon:670863	12
NCBITaxon:671077	2
NCBITaxon:671218	17
NCBITaxon:671266	19
NCBITaxon:671267	2
NCBITaxon:671278	24
NCBITaxon:671622	17
NCBITaxon:672157	29
NCBITaxon:672460	1
NCBITaxon:67255	1
NCBITaxon:67257	3
NCBITaxon:67260	1
NCBITaxon:67263	22
NCBITaxon:67265	1
NCBITaxon:67267	6
NCBITaxon:67269	1
NCBITaxon:67271	5
NCBITaxon:67274	1
NCBITaxon:67275	5
NCBITaxon:67280	1
NCBITaxon:67282	5
NCBITaxon:67283	5
NCBITaxon:67285	5
NCBITaxon:67287	1
NCBITaxon:67294	1
NCBITaxon:67296	4
NCBITaxon:67297	2
NCBITaxon:67299	1
NCBITaxon:67301	1
NCBITaxon:67302	1
NCBITaxon:67303	5
NCBITaxon:67304	2
NCBITaxon:67305	6
NCBITaxon:67312	5
NCBITaxon:67313	4
NCBITaxon:67314	4
NCBITaxon:67320	5
NCBITaxon:67322	4
NCBITaxon:67324	5
NCBITaxon:67330	2
NCBITaxon:67333	4
NCBITaxon:67337	5
NCBITaxon:673372	23
NCBITaxon:673379	1
NCBITaxon:67338	1
NCBITaxon:67339	4
NCBITaxon:67343	1
NCBITaxon:67344	22
NCBITaxon:67345	5
NCBITaxon:67351	7
NCBITaxon:67352	4
NCBITaxon:673535	22
NCBITaxon:67362	6
NCBITaxon:67367	5
NCBITaxon:67377	6
NCBITaxon:67378	5
NCBITaxon:67384	5
NCBITaxon:673954	2
NCBITaxon:674	5
NCBITaxon:674054	12
NCBITaxon:674079	23
NCBITaxon:674972	2
NCBITaxon:675090	6
NCBITaxon:675609	20
NCBITaxon:675635	18
NCBITaxon:67574	2
NCBITaxon:67581	1
NCBITaxon:675812	1
NCBITaxon:675864	21
NCBITaxon:675874	20
NCBITaxon:676199	1
NCBITaxon:676200	1
NCBITaxon:676201	23
NCBITaxon:676202	1
NCBITaxon:676205	2
NCBITaxon:676517	1
NCBITaxon:676965	19
NCBITaxon:67774	1
NCBITaxon:67826	1
NCBITaxon:67827	1
NCBITaxon:67828	1
NCBITaxon:67854	6
NCBITaxon:67855	1
NCBITaxon:678932	23
NCBITaxon:679190	2
NCBITaxon:679197	12
NCBITaxon:679201	2
NCBITaxon:679249	1
NCBITaxon:679260	23
NCBITaxon:679319	24
NCBITaxon:679663	6
NCBITaxon:679900	22
NCBITaxon:679935	2
NCBITaxon:679936	1
NCBITaxon:679937	14
NCBITaxon:680026	14
NCBITaxon:680125	26
NCBITaxon:680279	19
NCBITaxon:68035	2
NCBITaxon:680375	2
NCBITaxon:680378	2
NCBITaxon:68040	1
NCBITaxon:68042	6
NCBITaxon:680648	2
NCBITaxon:681289	25
NCBITaxon:681634	1
NCBITaxon:681644	5
NCBITaxon:68170	4
NCBITaxon:68173	1
NCBITaxon:68174	5
NCBITaxon:68175	6
NCBITaxon:68179	1
NCBITaxon:68180	1
NCBITaxon:68182	2
NCBITaxon:68183	1
NCBITaxon:68184	5
NCBITaxon:68186	1
NCBITaxon:68187	1
NCBITaxon:68188	4
NCBITaxon:68191	4
NCBITaxon:68193	5
NCBITaxon:68194	1
NCBITaxon:68196	2
NCBITaxon:68197	2
NCBITaxon:68200	6
NCBITaxon:68207	6
NCBITaxon:68209	6
NCBITaxon:68211	2
NCBITaxon:68212	2
NCBITaxon:68213	2
NCBITaxon:68214	1
NCBITaxon:682179	1
NCBITaxon:68219	1
NCBITaxon:68221	2
NCBITaxon:68225	6
NCBITaxon:68229	6
NCBITaxon:68230	1
NCBITaxon:68231	6
NCBITaxon:68238	4
NCBITaxon:682400	2
NCBITaxon:68244	4
NCBITaxon:68245	5
NCBITaxon:68246	4
NCBITaxon:68249	2
NCBITaxon:682526	2
NCBITaxon:68255	2
NCBITaxon:682550	2
NCBITaxon:68256	4
NCBITaxon:682562	2
NCBITaxon:68258	5
NCBITaxon:68264	5
NCBITaxon:682667	5
NCBITaxon:68268	6
NCBITaxon:68270	6
NCBITaxon:68272	5
NCBITaxon:68274	5
NCBITaxon:68276	5
NCBITaxon:68277	2
NCBITaxon:68278	4
NCBITaxon:68280	2
NCBITaxon:68282	6
NCBITaxon:68286	2
NCBITaxon:68291	2
NCBITaxon:68292	5
NCBITaxon:682956	1
NCBITaxon:682979	9
NCBITaxon:683047	1
NCBITaxon:683124	25
NCBITaxon:683125	27
NCBITaxon:683228	18
NCBITaxon:683260	1
NCBITaxon:683354	1
NCBITaxon:684063	1
NCBITaxon:684066	5
NCBITaxon:685	1
NCBITaxon:685454	8
NCBITaxon:68569	1
NCBITaxon:685706	2
NCBITaxon:685782	1
NCBITaxon:685828	1
NCBITaxon:686223	7
NCBITaxon:686226	7
NCBITaxon:686234	7
NCBITaxon:686309	1
NCBITaxon:686389	25
NCBITaxon:686429	7
NCBITaxon:686624	29
NCBITaxon:686660	2
NCBITaxon:686666	2
NCBITaxon:686796	1
NCBITaxon:686800	23
NCBITaxon:686831	17
NCBITaxon:687207	25
NCBITaxon:687436	1
NCBITaxon:687525	1
NCBITaxon:68766	1
NCBITaxon:687899	2
NCBITaxon:688	1
NCBITaxon:688079	26
NCBITaxon:688246	8
NCBITaxon:688269	2
NCBITaxon:688270	16
NCBITaxon:688867	2
NCBITaxon:688913	2
NCBITaxon:68895	2
NCBITaxon:68898	5
NCBITaxon:68909	2
NCBITaxon:68910	2
NCBITaxon:689768	1
NCBITaxon:689904	1
NCBITaxon:69	2
NCBITaxon:690083	1
NCBITaxon:690164	28
NCBITaxon:690567	18
NCBITaxon:690585	24
NCBITaxon:691689	20
NCBITaxon:692036	1
NCBITaxon:69208	2
NCBITaxon:69218	1
NCBITaxon:69219	1
NCBITaxon:69220	1
NCBITaxon:69224	2
NCBITaxon:692418	1
NCBITaxon:692420	8
NCBITaxon:692487	1
NCBITaxon:69284	23
NCBITaxon:693023	9
NCBITaxon:693075	16
NCBITaxon:693153	1
NCBITaxon:693216	22
NCBITaxon:69322	3
NCBITaxon:69360	2
NCBITaxon:69362	2
NCBITaxon:69363	2
NCBITaxon:69365	2
NCBITaxon:69366	2
NCBITaxon:69367	2
NCBITaxon:69368	3
NCBITaxon:69369	2
NCBITaxon:69370	2
NCBITaxon:69373	6
NCBITaxon:693746	24
NCBITaxon:69395	1
NCBITaxon:693977	2
NCBITaxon:693979	2
NCBITaxon:694025	1
NCBITaxon:694055	23
NCBITaxon:694059	21
NCBITaxon:694427	24
NCBITaxon:694431	2
NCBITaxon:694432	23
NCBITaxon:694433	1
NCBITaxon:694434	2
NCBITaxon:694437	4
NCBITaxon:694439	1
NCBITaxon:69484	5
NCBITaxon:69499	1
NCBITaxon:695563	8
NCBITaxon:695939	4
NCBITaxon:696000	20
NCBITaxon:696001	15
NCBITaxon:696072	1
NCBITaxon:696281	2
NCBITaxon:696369	2
NCBITaxon:696535	25
NCBITaxon:696536	29
NCBITaxon:69666	2
NCBITaxon:69670	10
NCBITaxon:696760	24
NCBITaxon:696762	23
NCBITaxon:696763	18
NCBITaxon:697197	1
NCBITaxon:697281	24
NCBITaxon:697329	1
NCBITaxon:698758	19
NCBITaxon:698762	2
NCBITaxon:698769	36
NCBITaxon:698827	2
NCBITaxon:69895	2
NCBITaxon:699248	2
NCBITaxon:699281	2
NCBITaxon:699437	24
NCBITaxon:69962	1
NCBITaxon:69963	1
NCBITaxon:69966	2
NCBITaxon:69967	5
NCBITaxon:69968	1
NCBITaxon:69974	1
NCBITaxon:700015	2
NCBITaxon:700598	21
NCBITaxon:700599	1
NCBITaxon:701041	3
NCBITaxon:701042	3
NCBITaxon:701526	2
NCBITaxon:702115	1
NCBITaxon:702383	6
NCBITaxon:702457	12
NCBITaxon:70255	1
NCBITaxon:70258	9
NCBITaxon:702742	1
NCBITaxon:702744	25
NCBITaxon:702745	27
NCBITaxon:703342	27
NCBITaxon:703613	2
NCBITaxon:705336	1
NCBITaxon:70582	5
NCBITaxon:70584	1
NCBITaxon:70586	1
NCBITaxon:70611	2
NCBITaxon:706186	22
NCBITaxon:706427	25
NCBITaxon:706587	2
NCBITaxon:708071	18
NCBITaxon:708132	1
NCBITaxon:70856	6
NCBITaxon:708634	23
NCBITaxon:709015	1
NCBITaxon:709032	22
NCBITaxon:709323	22
NCBITaxon:709509	18
NCBITaxon:709510	17
NCBITaxon:709868	17
NCBITaxon:709876	18
NCBITaxon:709878	18
NCBITaxon:709879	1
NCBITaxon:709881	16
NCBITaxon:709883	17
NCBITaxon:70996	1
NCBITaxon:70997	1
NCBITaxon:709986	1
NCBITaxon:709987	1
NCBITaxon:709991	2
NCBITaxon:710696	1
NCBITaxon:712036	25
NCBITaxon:71237	7
NCBITaxon:71253	2
NCBITaxon:71254	5
NCBITaxon:713585	1
NCBITaxon:713588	16
NCBITaxon:714	1
NCBITaxon:714067	2
NCBITaxon:714109	1
NCBITaxon:714130	1
NCBITaxon:714136	1
NCBITaxon:714159	23
NCBITaxon:714166	27
NCBITaxon:714307	1
NCBITaxon:714314	1
NCBITaxon:714315	7
NCBITaxon:714531	21
NCBITaxon:714549	13
NCBITaxon:714943	25
NCBITaxon:715	1
NCBITaxon:715784	1
NCBITaxon:715785	1
NCBITaxon:71657	1
NCBITaxon:716925	1
NCBITaxon:717231	2
NCBITaxon:717605	24
NCBITaxon:717606	1
NCBITaxon:717856	1
NCBITaxon:717859	1
NCBITaxon:717959	10
NCBITaxon:718002	1
NCBITaxon:718191	1
NCBITaxon:718193	20
NCBITaxon:719	1
NCBITaxon:71999	3
NCBITaxon:720	2
NCBITaxon:72000	7
NCBITaxon:72026	1
NCBITaxon:720554	22
NCBITaxon:720605	26
NCBITaxon:720633	1
NCBITaxon:72226	1
NCBITaxon:722689	11
NCBITaxon:722702	1
NCBITaxon:722703	15
NCBITaxon:722737	5
NCBITaxon:72360	27
NCBITaxon:723921	2
NCBITaxon:72557	1
NCBITaxon:726	1
NCBITaxon:727	2
NCBITaxon:72758	1
NCBITaxon:728	1
NCBITaxon:728004	4
NCBITaxon:728005	12
NCBITaxon:72806	12
NCBITaxon:728066	2
NCBITaxon:73010	8
NCBITaxon:731	1
NCBITaxon:732237	1
NCBITaxon:732238	1
NCBITaxon:733	1
NCBITaxon:734	1
NCBITaxon:735517	1
NCBITaxon:735518	1
NCBITaxon:735519	26
NCBITaxon:736	1
NCBITaxon:738	1
NCBITaxon:739143	1
NCBITaxon:74031	1
NCBITaxon:74033	1
NCBITaxon:741063	1
NCBITaxon:742054	3
NCBITaxon:742169	28
NCBITaxon:742725	7
NCBITaxon:742726	10
NCBITaxon:742727	10
NCBITaxon:742742	9
NCBITaxon:742766	1
NCBITaxon:742767	1
NCBITaxon:742817	7
NCBITaxon:742818	9
NCBITaxon:74312	1
NCBITaxon:74316	1
NCBITaxon:74319	5
NCBITaxon:74325	12
NCBITaxon:74326	13
NCBITaxon:74329	1
NCBITaxon:74348	1
NCBITaxon:743698	1
NCBITaxon:74386	33
NCBITaxon:743972	1
NCBITaxon:743973	1
NCBITaxon:74426	1
NCBITaxon:744872	13
NCBITaxon:744873	23
NCBITaxon:745119	26
NCBITaxon:745277	4
NCBITaxon:745365	2
NCBITaxon:745366	1
NCBITaxon:745714	1
NCBITaxon:745820	26
NCBITaxon:74661	1
NCBITaxon:746691	1
NCBITaxon:746697	14
NCBITaxon:74702	2
NCBITaxon:74703	2
NCBITaxon:74706	2
NCBITaxon:74707	1
NCBITaxon:74714	2
NCBITaxon:747302	25
NCBITaxon:747365	2
NCBITaxon:747481	24
NCBITaxon:747645	13
NCBITaxon:747656	1
NCBITaxon:748008	27
NCBITaxon:748120	6
NCBITaxon:74829	1
NCBITaxon:748727	2
NCBITaxon:748857	18
NCBITaxon:748907	18
NCBITaxon:748908	13
NCBITaxon:748909	18
NCBITaxon:749222	22
NCBITaxon:752139	22
NCBITaxon:752179	1
NCBITaxon:752553	21
NCBITaxon:75292	2
NCBITaxon:753	2
NCBITaxon:753702	1
NCBITaxon:75385	2
NCBITaxon:754476	25
NCBITaxon:754477	25
NCBITaxon:755	1
NCBITaxon:755139	1
NCBITaxon:755169	2
NCBITaxon:755170	2
NCBITaxon:755732	12
NCBITaxon:75588	1
NCBITaxon:756272	1
NCBITaxon:756499	2
NCBITaxon:756689	11
NCBITaxon:756892	1
NCBITaxon:75697	7
NCBITaxon:757	1
NCBITaxon:758802	5
NCBITaxon:758803	1
NCBITaxon:758820	24
NCBITaxon:758826	24
NCBITaxon:75922	1
NCBITaxon:759412	24
NCBITaxon:759415	23
NCBITaxon:759619	2
NCBITaxon:759811	1
NCBITaxon:759814	1
NCBITaxon:759851	21
NCBITaxon:759929	23
NCBITaxon:760	1
NCBITaxon:760011	1
NCBITaxon:760012	22
NCBITaxon:76007	1
NCBITaxon:760117	1
NCBITaxon:760142	2
NCBITaxon:760192	1
NCBITaxon:76021	5
NCBITaxon:76022	2
NCBITaxon:760260	20
NCBITaxon:760261	2
NCBITaxon:760262	1
NCBITaxon:760568	2
NCBITaxon:760570	2
NCBITaxon:761193	1
NCBITaxon:761804	1
NCBITaxon:762	2
NCBITaxon:762211	2
NCBITaxon:762213	1
NCBITaxon:762486	1
NCBITaxon:762833	21
NCBITaxon:762836	1
NCBITaxon:762903	1
NCBITaxon:762947	1
NCBITaxon:762948	1
NCBITaxon:762966	8
NCBITaxon:762967	8
NCBITaxon:762968	8
NCBITaxon:762982	8
NCBITaxon:762983	14
NCBITaxon:762984	10
NCBITaxon:763034	10
NCBITaxon:763782	1
NCBITaxon:763993	1
NCBITaxon:764290	2
NCBITaxon:764291	2
NCBITaxon:764298	2
NCBITaxon:764299	2
NCBITaxon:76517	10
NCBITaxon:765197	8
NCBITaxon:765201	14
NCBITaxon:765699	1
NCBITaxon:765888	1
NCBITaxon:765910	2
NCBITaxon:765911	2
NCBITaxon:765913	1
NCBITaxon:76594	14
NCBITaxon:766136	2
NCBITaxon:766224	1
NCBITaxon:76635	2
NCBITaxon:76636	2
NCBITaxon:76637	2
NCBITaxon:766497	19
NCBITaxon:766498	21
NCBITaxon:766895	1
NCBITaxon:76726	2
NCBITaxon:76728	6
NCBITaxon:76731	12
NCBITaxon:767434	1
NCBITaxon:767452	2
NCBITaxon:76759	1
NCBITaxon:76761	1
NCBITaxon:767694	1
NCBITaxon:767787	25
NCBITaxon:767817	2
NCBITaxon:768066	1
NCBITaxon:76832	1
NCBITaxon:768479	2
NCBITaxon:768486	2
NCBITaxon:76853	1
NCBITaxon:76860	2
NCBITaxon:768670	21
NCBITaxon:768704	2
NCBITaxon:768706	1
NCBITaxon:768710	2
NCBITaxon:76935	24
NCBITaxon:77007	1
NCBITaxon:77095	2
NCBITaxon:77097	21
NCBITaxon:771875	2
NCBITaxon:77298	1
NCBITaxon:77523	9
NCBITaxon:77524	1
NCBITaxon:77585	1
NCBITaxon:77608	1
NCBITaxon:77768	2
NCBITaxon:77917	1
NCBITaxon:78229	1
NCBITaxon:78257	2
NCBITaxon:78258	2
NCBITaxon:78259	2
NCBITaxon:78329	1
NCBITaxon:78344	3
NCBITaxon:78345	2
NCBITaxon:78346	3
NCBITaxon:78350	9
NCBITaxon:78448	2
NCBITaxon:78510	1
NCBITaxon:78544	1
NCBITaxon:79270	2
NCBITaxon:79271	2
NCBITaxon:79329	1
NCBITaxon:795644	18
NCBITaxon:795645	1
NCBITaxon:796007	21
NCBITaxon:79604	1
NCBITaxon:796334	1
NCBITaxon:796379	27
NCBITaxon:796573	1
NCBITaxon:79660	22
NCBITaxon:796620	25
NCBITaxon:79681	4
NCBITaxon:796890	27
NCBITaxon:796937	2
NCBITaxon:796942	19
NCBITaxon:797277	16
NCBITaxon:797291	25
NCBITaxon:797292	24
NCBITaxon:797419	27
NCBITaxon:797535	25
NCBITaxon:79879	2
NCBITaxon:79880	6
NCBITaxon:79881	1
NCBITaxon:79882	1
NCBITaxon:79883	1
NCBITaxon:79884	1
NCBITaxon:79885	1
NCBITaxon:79909	5
NCBITaxon:79912	5
NCBITaxon:803	1
NCBITaxon:80866	1
NCBITaxon:80867	1
NCBITaxon:80876	1
NCBITaxon:80877	1
NCBITaxon:80878	1
NCBITaxon:80883	1
NCBITaxon:81034	1
NCBITaxon:81405	2
NCBITaxon:81406	2
NCBITaxon:81409	2
NCBITaxon:81476	5
NCBITaxon:81479	4
NCBITaxon:81499	4
NCBITaxon:817	2
NCBITaxon:818	2
NCBITaxon:81857	2
NCBITaxon:81894	2
NCBITaxon:81947	4
NCBITaxon:82	3
NCBITaxon:821	1
NCBITaxon:82203	1
NCBITaxon:823	1
NCBITaxon:82346	7
NCBITaxon:82348	2
NCBITaxon:82367	3
NCBITaxon:82375	2
NCBITaxon:82380	3
NCBITaxon:824	2
NCBITaxon:82541	1
NCBITaxon:82560	2
NCBITaxon:82688	1
NCBITaxon:82788	9
NCBITaxon:82801	2
NCBITaxon:82803	6
NCBITaxon:82805	2
NCBITaxon:83263	1
NCBITaxon:83265	1
NCBITaxon:83302	1
NCBITaxon:83338	1
NCBITaxon:83339	1
NCBITaxon:83378	5
NCBITaxon:83380	1
NCBITaxon:83401	1
NCBITaxon:83428	4
NCBITaxon:83456	1
NCBITaxon:83460	1
NCBITaxon:83526	1
NCBITaxon:83554	1
NCBITaxon:83560	1
NCBITaxon:83561	4
NCBITaxon:83564	2
NCBITaxon:83617	1
NCBITaxon:83619	5
NCBITaxon:83656	1
NCBITaxon:83682	1
NCBITaxon:837	1
NCBITaxon:83784	9
NCBITaxon:83828	1
NCBITaxon:838561	1
NCBITaxon:840	2
NCBITaxon:84022	2
NCBITaxon:84024	2
NCBITaxon:84025	2
NCBITaxon:84030	2
NCBITaxon:84031	2
NCBITaxon:84032	1
NCBITaxon:84033	2
NCBITaxon:84037	2
NCBITaxon:84096	1
NCBITaxon:84112	2
NCBITaxon:84405	1
NCBITaxon:84407	15
NCBITaxon:84480	1
NCBITaxon:84521	8
NCBITaxon:84594	1
NCBITaxon:84595	1
NCBITaxon:84643	5
NCBITaxon:84724	5
NCBITaxon:84725	1
NCBITaxon:84757	1
NCBITaxon:84962	1
NCBITaxon:84974	1
NCBITaxon:84979	10
NCBITaxon:84980	9
NCBITaxon:84981	10
NCBITaxon:84982	12
NCBITaxon:84983	12
NCBITaxon:850	2
NCBITaxon:85026	1
NCBITaxon:85044	17
NCBITaxon:85075	1
NCBITaxon:85085	2
NCBITaxon:851	3
NCBITaxon:85336	2
NCBITaxon:85401	1
NCBITaxon:85404	1
NCBITaxon:85450	2
NCBITaxon:855	1
NCBITaxon:85558	1
NCBITaxon:856	1
NCBITaxon:856736	22
NCBITaxon:85682	2
NCBITaxon:85683	2
NCBITaxon:85698	3
NCBITaxon:857252	1
NCBITaxon:857265	20
NCBITaxon:857293	19
NCBITaxon:858215	15
NCBITaxon:85831	1
NCBITaxon:858619	1
NCBITaxon:858640	15
NCBITaxon:859	2
NCBITaxon:859143	28
NCBITaxon:859144	2
NCBITaxon:859243	2
NCBITaxon:859321	1
NCBITaxon:85991	1
NCBITaxon:860233	1
NCBITaxon:860235	1
NCBITaxon:860242	1
NCBITaxon:860243	1
NCBITaxon:860790	26
NCBITaxon:86102	1
NCBITaxon:86103	1
NCBITaxon:861266	24
NCBITaxon:861298	25
NCBITaxon:861445	14
NCBITaxon:861532	25
NCBITaxon:861534	20
NCBITaxon:86170	1
NCBITaxon:86175	5
NCBITaxon:86176	5
NCBITaxon:86177	1
NCBITaxon:86179	1
NCBITaxon:86183	1
NCBITaxon:862114	1
NCBITaxon:862415	26
NCBITaxon:862422	5
NCBITaxon:862514	5
NCBITaxon:86265	1
NCBITaxon:863	2
NCBITaxon:863227	24
NCBITaxon:863372	1
NCBITaxon:863449	7
NCBITaxon:863522	24
NCBITaxon:863575	2
NCBITaxon:864058	18
NCBITaxon:864069	25
NCBITaxon:864564	2
NCBITaxon:864732	5
NCBITaxon:864828	1
NCBITaxon:865	4
NCBITaxon:865937	17
NCBITaxon:865938	2
NCBITaxon:866499	24
NCBITaxon:866536	27
NCBITaxon:866564	16
NCBITaxon:866565	13
NCBITaxon:866566	9
NCBITaxon:86663	17
NCBITaxon:86664	1
NCBITaxon:86665	2
NCBITaxon:86666	1
NCBITaxon:86667	1
NCBITaxon:86669	1
NCBITaxon:866780	1
NCBITaxon:866786	3
NCBITaxon:866801	2
NCBITaxon:866807	1
NCBITaxon:866895	13
NCBITaxon:867	2
NCBITaxon:867345	1
NCBITaxon:867683	7
NCBITaxon:867900	14
NCBITaxon:867902	1
NCBITaxon:867903	1
NCBITaxon:86795	25
NCBITaxon:86796	1
NCBITaxon:868129	2
NCBITaxon:868281	1
NCBITaxon:86840	2
NCBITaxon:868864	2
NCBITaxon:869209	2
NCBITaxon:869210	1
NCBITaxon:869211	2
NCBITaxon:869279	1
NCBITaxon:869555	22
NCBITaxon:86956	2
NCBITaxon:86957	2
NCBITaxon:86958	2
NCBITaxon:86959	2
NCBITaxon:869719	17
NCBITaxon:869805	2
NCBITaxon:869814	17
NCBITaxon:870	2
NCBITaxon:870242	13
NCBITaxon:870476	25
NCBITaxon:870477	4
NCBITaxon:870903	19
NCBITaxon:870908	20
NCBITaxon:870968	1
NCBITaxon:871203	22
NCBITaxon:871327	9
NCBITaxon:87162	2
NCBITaxon:871651	1
NCBITaxon:871652	1
NCBITaxon:871665	10
NCBITaxon:871738	2
NCBITaxon:871742	22
NCBITaxon:871968	1
NCBITaxon:872024	2
NCBITaxon:872276	12
NCBITaxon:872965	21
NCBITaxon:872970	25
NCBITaxon:872983	1
NCBITaxon:873191	1
NCBITaxon:873513	2
NCBITaxon:873533	2
NCBITaxon:874266	1
NCBITaxon:87461	1
NCBITaxon:875171	24
NCBITaxon:875932	1
NCBITaxon:876	2
NCBITaxon:877384	26
NCBITaxon:877464	1
NCBITaxon:877472	12
NCBITaxon:878	2
NCBITaxon:878212	1
NCBITaxon:878213	1
NCBITaxon:879	1
NCBITaxon:879212	2
NCBITaxon:879243	2
NCBITaxon:879276	2
NCBITaxon:879566	2
NCBITaxon:879969	25
NCBITaxon:879970	14
NCBITaxon:880070	24
NCBITaxon:880071	1
NCBITaxon:880072	2
NCBITaxon:880073	2
NCBITaxon:880074	8
NCBITaxon:880157	5
NCBITaxon:880526	2
NCBITaxon:880564	1
NCBITaxon:88074	1
NCBITaxon:881	4
NCBITaxon:881260	12
NCBITaxon:881268	25
NCBITaxon:88139	1
NCBITaxon:882081	5
NCBITaxon:882082	6
NCBITaxon:882083	23
NCBITaxon:882084	2
NCBITaxon:882086	1
NCBITaxon:882211	1
NCBITaxon:88233	1
NCBITaxon:882378	22
NCBITaxon:882440	24
NCBITaxon:882441	19
NCBITaxon:882444	22
NCBITaxon:882446	24
NCBITaxon:882447	21
NCBITaxon:882448	23
NCBITaxon:882449	1
NCBITaxon:882451	1
NCBITaxon:882452	17
NCBITaxon:883078	1
NCBITaxon:883080	1
NCBITaxon:883081	5
NCBITaxon:883096	1
NCBITaxon:883106	1
NCBITaxon:883107	1
NCBITaxon:883114	1
NCBITaxon:883126	6
NCBITaxon:883163	1
NCBITaxon:883169	10
NCBITaxon:88373	2
NCBITaxon:88374	2
NCBITaxon:88376	2
NCBITaxon:883812	1
NCBITaxon:884107	1
NCBITaxon:884688	25
NCBITaxon:885	3
NCBITaxon:885042	2
NCBITaxon:885272	13
NCBITaxon:885475	24
NCBITaxon:88568	2
NCBITaxon:886293	20
NCBITaxon:886377	26
NCBITaxon:886379	2
NCBITaxon:886464	1
NCBITaxon:886872	5
NCBITaxon:886925	1
NCBITaxon:887324	1
NCBITaxon:887325	2
NCBITaxon:887327	2
NCBITaxon:887449	17
NCBITaxon:887452	22
NCBITaxon:887453	16
NCBITaxon:887456	16
NCBITaxon:887459	18
NCBITaxon:887462	18
NCBITaxon:887464	16
NCBITaxon:887465	17
NCBITaxon:887469	15
NCBITaxon:887475	21
NCBITaxon:887700	1
NCBITaxon:887899	7
NCBITaxon:887901	2
NCBITaxon:887929	1
NCBITaxon:888027	1
NCBITaxon:888057	1
NCBITaxon:888060	2
NCBITaxon:888061	2
NCBITaxon:888062	8
NCBITaxon:888064	19
NCBITaxon:888066	1
NCBITaxon:888721	2
NCBITaxon:88874	1
NCBITaxon:888742	1
NCBITaxon:888743	8
NCBITaxon:888746	2
NCBITaxon:888807	2
NCBITaxon:888828	1
NCBITaxon:888830	19
NCBITaxon:888831	15
NCBITaxon:888832	8
NCBITaxon:888833	2
NCBITaxon:888845	1
NCBITaxon:88916	1
NCBITaxon:889201	2
NCBITaxon:889204	2
NCBITaxon:889205	1
NCBITaxon:889206	2
NCBITaxon:889247	4
NCBITaxon:889306	27
NCBITaxon:889378	1
NCBITaxon:889453	24
NCBITaxon:889520	18
NCBITaxon:889792	16
NCBITaxon:889944	18
NCBITaxon:890	1
NCBITaxon:89050	15
NCBITaxon:89061	5
NCBITaxon:89065	1
NCBITaxon:89093	9
NCBITaxon:891	1
NCBITaxon:891402	20
NCBITaxon:891968	25
NCBITaxon:89367	1
NCBITaxon:894	2
NCBITaxon:895	1
NCBITaxon:89584	1
NCBITaxon:899	3
NCBITaxon:89959	2
NCBITaxon:90079	1
NCBITaxon:90241	5
NCBITaxon:90323	2
NCBITaxon:903413	9
NCBITaxon:903510	5
NCBITaxon:903818	1
NCBITaxon:903983	1
NCBITaxon:903984	2
NCBITaxon:904291	25
NCBITaxon:904295	24
NCBITaxon:904933	1
NCBITaxon:906888	1
NCBITaxon:906968	1
NCBITaxon:907224	2
NCBITaxon:90729	2
NCBITaxon:90731	2
NCBITaxon:90732	2
NCBITaxon:90733	2
NCBITaxon:907348	2
NCBITaxon:907463	24
NCBITaxon:907931	1
NCBITaxon:908252	1
NCBITaxon:908355	27
NCBITaxon:908615	26
NCBITaxon:908616	26
NCBITaxon:908809	20
NCBITaxon:908846	27
NCBITaxon:908937	2
NCBITaxon:908940	1
NCBITaxon:908941	1
NCBITaxon:909287	1
NCBITaxon:90965	1
NCBITaxon:90975	1
NCBITaxon:909936	21
NCBITaxon:910347	21
NCBITaxon:910412	16
NCBITaxon:910540	22
NCBITaxon:910542	17
NCBITaxon:910543	15
NCBITaxon:910939	8
NCBITaxon:910964	1
NCBITaxon:911008	1
NCBITaxon:911092	2
NCBITaxon:911205	20
NCBITaxon:911238	16
NCBITaxon:912552	22
NCBITaxon:912594	12
NCBITaxon:913099	27
NCBITaxon:913100	2
NCBITaxon:913101	5
NCBITaxon:913107	1
NCBITaxon:913761	23
NCBITaxon:913853	25
NCBITaxon:913948	21
NCBITaxon:913969	26
NCBITaxon:915059	25
NCBITaxon:915173	2
NCBITaxon:915437	19
NCBITaxon:915438	2
NCBITaxon:91797	2
NCBITaxon:91822	2
NCBITaxon:91823	2
NCBITaxon:91890	2
NCBITaxon:91891	28
NCBITaxon:91892	2
NCBITaxon:920	1
NCBITaxon:92002	1
NCBITaxon:921	1
NCBITaxon:92245	16
NCBITaxon:92246	16
NCBITaxon:923	29
NCBITaxon:92442	1
NCBITaxon:92490	3
NCBITaxon:926357	19
NCBITaxon:92645	5
NCBITaxon:92647	20
NCBITaxon:926549	20
NCBITaxon:926550	2
NCBITaxon:926551	2
NCBITaxon:926554	1
NCBITaxon:926556	20
NCBITaxon:926559	29
NCBITaxon:926562	26
NCBITaxon:926564	16
NCBITaxon:926565	1
NCBITaxon:926566	9
NCBITaxon:926567	2
NCBITaxon:926692	2
NCBITaxon:926830	22
NCBITaxon:927083	21
NCBITaxon:927655	6
NCBITaxon:927658	15
NCBITaxon:927661	1
NCBITaxon:927664	1
NCBITaxon:927665	2
NCBITaxon:927691	2
NCBITaxon:927786	17
NCBITaxon:928210	2
NCBITaxon:928724	8
NCBITaxon:928856	14
NCBITaxon:929098	1
NCBITaxon:929101	26
NCBITaxon:929556	1
NCBITaxon:929562	23
NCBITaxon:929703	6
NCBITaxon:929704	1
NCBITaxon:929705	1
NCBITaxon:929712	20
NCBITaxon:929713	21
NCBITaxon:930	1
NCBITaxon:930114	21
NCBITaxon:930117	21
NCBITaxon:930124	27
NCBITaxon:930128	23
NCBITaxon:930129	25
NCBITaxon:930130	25
NCBITaxon:930138	1
NCBITaxon:930146	24
NCBITaxon:930197	21
NCBITaxon:93061	1
NCBITaxon:930805	22
NCBITaxon:930806	22
NCBITaxon:930854	2
NCBITaxon:931	1
NCBITaxon:931097	7
NCBITaxon:931533	13
NCBITaxon:931534	7
NCBITaxon:931535	24
NCBITaxon:931536	20
NCBITaxon:931626	2
NCBITaxon:932	1
NCBITaxon:93218	8
NCBITaxon:93219	8
NCBITaxon:93220	9
NCBITaxon:93221	9
NCBITaxon:932217	20
NCBITaxon:93222	9
NCBITaxon:932678	1
NCBITaxon:932741	17
NCBITaxon:933059	1
NCBITaxon:933063	3
NCBITaxon:933068	2
NCBITaxon:933085	1
NCBITaxon:933091	1
NCBITaxon:933093	1
NCBITaxon:933926	18
NCBITaxon:933940	22
NCBITaxon:933941	18
NCBITaxon:933944	18
NCBITaxon:934143	1
NCBITaxon:935293	14
NCBITaxon:935294	1
NCBITaxon:935295	2
NCBITaxon:935616	1
NCBITaxon:935700	24
NCBITaxon:935942	2
NCBITaxon:935948	2
NCBITaxon:936138	16
NCBITaxon:936338	11
NCBITaxon:936456	13
NCBITaxon:93684	1
NCBITaxon:936889	24
NCBITaxon:93716	1
NCBITaxon:937251	2
NCBITaxon:937254	2
NCBITaxon:937334	2
NCBITaxon:937777	22
NCBITaxon:937927	1
NCBITaxon:937928	1
NCBITaxon:938293	2
NCBITaxon:938405	21
NCBITaxon:93929	20
NCBITaxon:93944	19
NCBITaxon:93973	20
NCBITaxon:94	11
NCBITaxon:940139	19
NCBITaxon:940141	24
NCBITaxon:940190	1
NCBITaxon:940265	1
NCBITaxon:940613	20
NCBITaxon:940614	22
NCBITaxon:940615	22
NCBITaxon:940616	19
NCBITaxon:94132	1
NCBITaxon:94138	2
NCBITaxon:941824	2
NCBITaxon:942029	1
NCBITaxon:942150	5
NCBITaxon:942938	1
NCBITaxon:943815	1
NCBITaxon:943816	23
NCBITaxon:943940	23
NCBITaxon:944322	14
NCBITaxon:944425	21
NCBITaxon:944479	18
NCBITaxon:945052	26
NCBITaxon:945543	2
NCBITaxon:945713	22
NCBITaxon:945844	18
NCBITaxon:946078	24
NCBITaxon:94626	22
NCBITaxon:94627	21
NCBITaxon:946336	20
NCBITaxon:946573	28
NCBITaxon:946677	20
NCBITaxon:946678	21
NCBITaxon:947009	1
NCBITaxon:947013	20
NCBITaxon:947034	2
NCBITaxon:947835	2
NCBITaxon:947919	19
NCBITaxon:948077	24
NCBITaxon:948519	1
NCBITaxon:94868	2
NCBITaxon:948699	1
NCBITaxon:948756	2
NCBITaxon:95159	2
NCBITaxon:95172	1
NCBITaxon:95300	1
NCBITaxon:95301	5
NCBITaxon:953739	4
NCBITaxon:95485	1
NCBITaxon:960	3
NCBITaxon:96241	2
NCBITaxon:964	1
NCBITaxon:96473	5
NCBITaxon:96940	2
NCBITaxon:97084	1
NCBITaxon:97089	1
NCBITaxon:97398	6
NCBITaxon:974	2
NCBITaxon:977794	18
NCBITaxon:977880	7
NCBITaxon:979	5
NCBITaxon:979226	1
NCBITaxon:979619	28
NCBITaxon:979627	6
NCBITaxon:979746	23
NCBITaxon:979970	1
NCBITaxon:980251	24
NCBITaxon:980254	1
NCBITaxon:980347	1
NCBITaxon:980427	25
NCBITaxon:980518	16
NCBITaxon:980519	1
NCBITaxon:980631	14
NCBITaxon:981	4
NCBITaxon:981324	9
NCBITaxon:981334	6
NCBITaxon:981336	1
NCBITaxon:981369	10
NCBITaxon:981381	24
NCBITaxon:981384	25
NCBITaxon:981385	2
NCBITaxon:981386	12
NCBITaxon:983	16
NCBITaxon:983328	1
NCBITaxon:983594	1
NCBITaxon:983873	25
NCBITaxon:983920	1
NCBITaxon:983975	21
NCBITaxon:984260	7
NCBITaxon:985002	1
NCBITaxon:985012	22
NCBITaxon:985054	17
NCBITaxon:985055	20
NCBITaxon:985079	1
NCBITaxon:98513	1
NCBITaxon:985759	1
NCBITaxon:985762	11
NCBITaxon:986	14
NCBITaxon:98671	8
NCBITaxon:986710	17
NCBITaxon:986711	23
NCBITaxon:986746	11
NCBITaxon:987045	10
NCBITaxon:987056	21
NCBITaxon:987063	2
NCBITaxon:987066	2
NCBITaxon:988801	19
NCBITaxon:988821	23
NCBITaxon:988827	22
NCBITaxon:989403	22
NCBITaxon:990	2
NCBITaxon:990268	1
NCBITaxon:990271	1
NCBITaxon:990284	14
NCBITaxon:990371	11
NCBITaxon:990373	17
NCBITaxon:990712	14
NCBITaxon:991	18
NCBITaxon:991009	21
NCBITaxon:99117	6
NCBITaxon:991789	8
NCBITaxon:991791	1
NCBITaxon:992267	26
NCBITaxon:992288	1
NCBITaxon:993414	22
NCBITaxon:993416	26
NCBITaxon:993689	16
NCBITaxon:993690	1
NCBITaxon:993692	23
NCBITaxon:994479	6
NCBITaxon:99480	1
NCBITaxon:99481	2
NCBITaxon:995038	19
NCBITaxon:995050	26
NCBITaxon:995053	25
NCBITaxon:995054	1
NCBITaxon:995059	1
NCBITaxon:995060	1
NCBITaxon:995062	1
NCBITaxon:995066	21
NCBITaxon:995084	1
NCBITaxon:99594	2
NCBITaxon:996115	26
NCBITaxon:996342	22
NCBITaxon:996641	22
NCBITaxon:99675	1
NCBITaxon:996765	22
NCBITaxon:997348	5
NCBITaxon:997349	2
NCBITaxon:997350	2
NCBITaxon:997352	2
NCBITaxon:997353	2
NCBITaxon:998674	1
NCBITaxon:999183	6
NCBITaxon:999415	2
NCBITaxon:999547	25
NCBITaxon:999548	27
NCBITaxon:999549	25
NCBITaxon:999550	21
NCBITaxon:999611	26
NCBITaxon:999931	26
