kind	id	reason
attested_taxon	NCBITaxon:1001886	not in pinned NCBI taxonomy; retained in source inventory
attested_taxon	NCBITaxon:1006579	not in pinned NCBI taxonomy; retained in source inventory
attested_taxon	NCBITaxon:1017277	not in pinned NCBI taxonomy; retained in source inventory
attested_taxon	NCBITaxon:1037355	not in pinned NCBI taxonomy; retained in source inventory
attested_taxon	NCBITaxon:1038855	not in pinned NCBI taxonomy; retained in source inventory
attested_taxon	NCBITaxon:1046724	not in pinned NCBI taxonomy; retained in source inventory
attested_taxon	NCBITaxon:1050843	not in pinned NCBI taxonomy; retained in source inventory
attested_taxon	NCBITaxon:1055101	not in pinned NCBI taxonomy; retained in source inventory
attested_taxon	NCBITaxon:1055102	not in pinned NCBI taxonomy; retained in source inventory
attested_taxon	NCBITaxon:1055723	not in pinned NCBI taxonomy; retained in source inventory
attested_taxon	NCBITaxon:1073081	not in pinned NCBI taxonomy; retained in source inventory
attested_taxon	NCBITaxon:1076620	not in pinned NCBI taxonomy; retained in source inventory
attested_taxon	NCBITaxon:1077965	not in pinned NCBI taxonomy; retained in source inventory
attested_taxon	NCBITaxon:1090573	not in pinned NCBI taxonomy; retained in source inventory
attested_taxon	NCBITaxon:109214	not in pinned NCBI taxonomy; retained in source inventory
attested_taxon	NCBITaxon:1104325	not in pinned NCBI taxonomy; retained in source inventory
attested_taxon	NCBITaxon:110539	not in pinned NCBI taxonomy; retained in source inventory
attested_taxon	NCBITaxon:1114920	not in pinned NCBI taxonomy; retained in source inventory
attested_taxon	NCBITaxon:1114980	not in pinned NCBI taxonomy; retained in source inventory
attested_taxon	NCBITaxon:1117317	not in pinned NCBI taxonomy; retained in source inventory
attested_taxon	NCBITaxon:1118061	not in pinned NCBI taxonomy; retained in source inventory
attested_taxon	NCBITaxon:1121105	not in pinned NCBI taxonomy; retained in source inventory
attested_taxon	NCBITaxon:1121384	not in pinned NCBI taxonomy; retained in source inventory
attested_taxon	NCBITaxon:1122931	not in pinned NCBI taxonomy; retained in source inventory
attested_taxon	NCBITaxon:1125704	not in pinned NCBI taxonomy; retained in source inventory
attested_taxon	NCBITaxon:1128178	not in pinned NCBI taxonomy; retained in source inventory
attested_taxon	NCBITaxon:1136418	not in pinned NCBI taxonomy; retained in source inventory
attested_taxon	NCBITaxon:1136421	not in pinned NCBI taxonomy; retained in source inventory
attested_taxon	NCBITaxon:1136422	not in pinned NCBI taxonomy; retained in source inventory
attested_taxon	NCBITaxon:1136423	not in pinned NCBI taxonomy; retained in source inventory
attested_taxon	NCBITaxon:1137271	not in pinned NCBI taxonomy; retained in source inventory
attested_taxon	NCBITaxon:1143711	not in pinned NCBI taxonomy; retained in source inventory
attested_taxon	NCBITaxon:1144672	not in pinned NCBI taxonomy; retained in source inventory
attested_taxon	NCBITaxon:1144889	not in pinned NCBI taxonomy; retained in source inventory
attested_taxon	NCBITaxon:114529	not in pinned NCBI taxonomy; retained in source inventory
attested_taxon	NCBITaxon:114684	not in pinned NCBI taxonomy; retained in source inventory
attested_taxon	NCBITaxon:114692	not in pinned NCBI taxonomy; retained in source inventory
attested_taxon	NCBITaxon:114695	not in pinned NCBI taxonomy; retained in source inventory
attested_taxon	NCBITaxon:114696	not in pinned NCBI taxonomy; retained in source inventory
attested_taxon	NCBITaxon:114700	not in pinned NCBI taxonomy; retained in source inventory
attested_taxon	NCBITaxon:1149864	not in pinned NCBI taxonomy; retained in source inventory
attested_taxon	NCBITaxon:115117	not in pinned NCBI taxonomy; retained in source inventory
attested_taxon	NCBITaxon:115555	not in pinned NCBI taxonomy; retained in source inventory
attested_taxon	NCBITaxon:115561	not in pinned NCBI taxonomy; retained in source inventory
attested_taxon	NCBITaxon:1156433	not in pinned NCBI taxonomy; retained in source inventory
attested_taxon	NCBITaxon:116059	not in pinned NCBI taxonomy; retained in source inventory
attested_taxon	NCBITaxon:1166016	not in pinned NCBI taxonomy; retained in source inventory
attested_taxon	NCBITaxon:1169187	not in pinned NCBI taxonomy; retained in source inventory
attested_taxon	NCBITaxon:1169194	not in pinned NCBI taxonomy; retained in source inventory
attested_taxon	NCBITaxon:1183401	not in pinned NCBI taxonomy; retained in source inventory
attested_taxon	NCBITaxon:1183431	not in pinned NCBI taxonomy; retained in source inventory
attested_taxon	NCBITaxon:1187066	not in pinned NCBI taxonomy; retained in source inventory
attested_taxon	NCBITaxon:1203592	not in pinned NCBI taxonomy; retained in source inventory
attested_taxon	NCBITaxon:1217693	not in pinned NCBI taxonomy; retained in source inventory
attested_taxon	NCBITaxon:1217695	not in pinned NCBI taxonomy; retained in source inventory
attested_taxon	NCBITaxon:1217696	not in pinned NCBI taxonomy; retained in source inventory
attested_taxon	NCBITaxon:1217697	not in pinned NCBI taxonomy; retained in source inventory
attested_taxon	NCBITaxon:1217698	not in pinned NCBI taxonomy; retained in source inventory
attested_taxon	NCBITaxon:1217699	not in pinned NCBI taxonomy; retained in source inventory
attested_taxon	NCBITaxon:1217700	not in pinned NCBI taxonomy; retained in source inventory
attested_taxon	NCBITaxon:1217701	not in pinned NCBI taxonomy; retained in source inventory
attested_taxon	NCBITaxon:1217702	not in pinned NCBI taxonomy; retained in source inventory
attested_taxon	NCBITaxon:1217703	not in pinned NCBI taxonomy; retained in source inventory
attested_taxon	NCBITaxon:1217705	not in pinned NCBI taxonomy; retained in source inventory
attested_taxon	NCBITaxon:1217706	not in pinned NCBI taxonomy; retained in source inventory
attested_taxon	NCBITaxon:1217709	not in pinned NCBI taxonomy; retained in source inventory
attested_taxon	NCBITaxon:1217710	not in pinned NCBI taxonomy; retained in source inventory
attested_taxon	NCBITaxon:1217711	not in pinned NCBI taxonomy; retained in source inventory
attested_taxon	NCBITaxon:1217712	not in pinned NCBI taxonomy; retained in source inventory
attested_taxon	NCBITaxon:1217713	not in pinned NCBI taxonomy; retained in source inventory
attested_taxon	NCBITaxon:1218089	not in pinned NCBI taxonomy; retained in source inventory
attested_taxon	NCBITaxon:1218099	not in pinned NCBI taxonomy; retained in source inventory
attested_taxon	NCBITaxon:1220580	not in pinned NCBI taxonomy; retained in source inventory
attested_taxon	NCBITaxon:1220582	not in pinned NCBI taxonomy; retained in source inventory
attested_taxon	NCBITaxon:1223307	not in pinned NCBI taxonomy; retained in source inventory
attested_taxon	NCBITaxon:1226298	not in pinned NCBI taxonomy; retained in source inventory
attested_taxon	NCBITaxon:1226675	not in pinned NCBI taxonomy; retained in source inventory
attested_taxon	NCBITaxon:1226759	not in pinned NCBI taxonomy; retained in source inventory
attested_taxon	NCBITaxon:1232666	not in pinned NCBI taxonomy; retained in source inventory
attested_taxon	NCBITaxon:1235808	not in pinned NCBI taxonomy; retained in source inventory
attested_taxon	NCBITaxon:1236532	not in pinned NCBI taxonomy; retained in source inventory
attested_taxon	NCBITaxon:1237105	not in pinned NCBI taxonomy; retained in source inventory
attested_taxon	NCBITaxon:1240726	not in pinned NCBI taxonomy; retained in source inventory
attested_taxon	NCBITaxon:1240783	not in pinned NCBI taxonomy; retained in source inventory
attested_taxon	NCBITaxon:1241906	not in pinned NCBI taxonomy; retained in source inventory
attested_taxon	NCBITaxon:1243180	not in pinned NCBI taxonomy; retained in source inventory
attested_taxon	NCBITaxon:1248412	not in pinned NCBI taxonomy; retained in source inventory
attested_taxon	NCBITaxon:1255307	not in pinned NCBI taxonomy; retained in source inventory
attested_taxon	NCBITaxon:1255591	not in pinned NCBI taxonomy; retained in source inventory
attested_taxon	NCBITaxon:1255657	not in pinned NCBI taxonomy; retained in source inventory
attested_taxon	NCBITaxon:1257027	not in pinned NCBI taxonomy; retained in source inventory
attested_taxon	NCBITaxon:1263015	not in pinned NCBI taxonomy; retained in source inventory
attested_taxon	NCBITaxon:1267512	not in pinned NCBI taxonomy; retained in source inventory
attested_taxon	NCBITaxon:1267535	not in pinned NCBI taxonomy; retained in source inventory
attested_taxon	NCBITaxon:126790	not in pinned NCBI taxonomy; retained in source inventory
attested_taxon	NCBITaxon:1280942	not in pinned NCBI taxonomy; retained in source inventory
attested_taxon	NCBITaxon:1280943	not in pinned NCBI taxonomy; retained in source inventory
attested_taxon	NCBITaxon:1284352	not in pinned NCBI taxonomy; retained in source inventory
attested_taxon	NCBITaxon:1288089	not in pinned NCBI taxonomy; retained in source inventory
attested_taxon	NCBITaxon:1291006	not in pinned NCBI taxonomy; retained in source inventory
attested_taxon	NCBITaxon:1295133	not in pinned NCBI taxonomy; retained in source inventory
attested_taxon	NCBITaxon:1298859	not in pinned NCBI taxonomy; retained in source inventory
attested_taxon	NCBITaxon:1300157	not in pinned NCBI taxonomy; retained in source inventory
attested_taxon	NCBITaxon:1301032	not in pinned NCBI taxonomy; retained in source inventory
attested_taxon	NCBITaxon:1304158	not in pinned NCBI taxonomy; retained in source inventory
attested_taxon	NCBITaxon:1308541	not in pinned NCBI taxonomy; retained in source inventory
attested_taxon	NCBITaxon:1311788	not in pinned NCBI taxonomy; retained in source inventory
attested_taxon	NCBITaxon:1313265	not in pinned NCBI taxonomy; retained in source inventory
attested_taxon	NCBITaxon:1313292	not in pinned NCBI taxonomy; retained in source inventory
attested_taxon	NCBITaxon:1316583	not in pinned NCBI taxonomy; retained in source inventory
attested_taxon	NCBITaxon:1330037	not in pinned NCBI taxonomy; retained in source inventory
attested_taxon	NCBITaxon:1330039	not in pinned NCBI taxonomy; retained in source inventory
attested_taxon	NCBITaxon:1330047	not in pinned NCBI taxonomy; retained in source inventory
attested_taxon	NCBITaxon:1331660	not in pinned NCBI taxonomy; retained in source inventory
attested_taxon	NCBITaxon:1332080	not in pinned NCBI taxonomy; retained in source inventory
attested_taxon	NCBITaxon:1336249	not in pinned NCBI taxonomy; retained in source inventory
attested_taxon	NCBITaxon:1343161	not in pinned NCBI taxonomy; retained in source inventory
attested_taxon	NCBITaxon:134962	not in pinned NCBI taxonomy; retained in source inventory
attested_taxon	NCBITaxon:1349774	not in pinned NCBI taxonomy; retained in source inventory
attested_taxon	NCBITaxon:1349793	not in pinned NCBI taxonomy; retained in source inventory
attested_taxon	NCBITaxon:1354732	not in pinned NCBI taxonomy; retained in source inventory
attested_taxon	NCBITaxon:1357276	not in pinned NCBI taxonomy; retained in source inventory
attested_taxon	NCBITaxon:136160	not in pinned NCBI taxonomy; retained in source inventory
attested_taxon	NCBITaxon:137779	not in pinned NCBI taxonomy; retained in source inventory
attested_taxon	NCBITaxon:1387231	not in pinned NCBI taxonomy; retained in source inventory
attested_taxon	NCBITaxon:1393736	not in pinned NCBI taxonomy; retained in source inventory
attested_taxon	NCBITaxon:1398496	not in pinned NCBI taxonomy; retained in source inventory
attested_taxon	NCBITaxon:140100	not in pinned NCBI taxonomy; retained in source inventory
attested_taxon	NCBITaxon:1408434	not in pinned NCBI taxonomy; retained in source inventory
attested_taxon	NCBITaxon:1415630	not in pinned NCBI taxonomy; retained in source inventory
attested_taxon	NCBITaxon:1417988	not in pinned NCBI taxonomy; retained in source inventory
attested_taxon	NCBITaxon:1418105	not in pinned NCBI taxonomy; retained in source inventory
attested_taxon	NCBITaxon:141951	not in pinned NCBI taxonomy; retained in source inventory
attested_taxon	NCBITaxon:1441714	not in pinned NCBI taxonomy; retained in source inventory
attested_taxon	NCBITaxon:1447087	not in pinned NCBI taxonomy; retained in source inventory
attested_taxon	NCBITaxon:1454002	not in pinned NCBI taxonomy; retained in source inventory
attested_taxon	NCBITaxon:1454004	not in pinned NCBI taxonomy; retained in source inventory
attested_taxon	NCBITaxon:1460691	not in pinned NCBI taxonomy; retained in source inventory
attested_taxon	NCBITaxon:1462526	not in pinned NCBI taxonomy; retained in source inventory
attested_taxon	NCBITaxon:1462558	not in pinned NCBI taxonomy; retained in source inventory
attested_taxon	NCBITaxon:1462563	not in pinned NCBI taxonomy; retained in source inventory
attested_taxon	NCBITaxon:1463867	not in pinned NCBI taxonomy; retained in source inventory
attested_taxon	NCBITaxon:1463873	not in pinned NCBI taxonomy; retained in source inventory
attested_taxon	NCBITaxon:1468409	not in pinned NCBI taxonomy; retained in source inventory
attested_taxon	NCBITaxon:147448	not in pinned NCBI taxonomy; retained in source inventory
attested_taxon	NCBITaxon:147449	not in pinned NCBI taxonomy; retained in source inventory
attested_taxon	NCBITaxon:147467	not in pinned NCBI taxonomy; retained in source inventory
attested_taxon	NCBITaxon:1476577	not in pinned NCBI taxonomy; retained in source inventory
attested_taxon	NCBITaxon:147810	not in pinned NCBI taxonomy; retained in source inventory
attested_taxon	NCBITaxon:1490225	not in pinned NCBI taxonomy; retained in source inventory
attested_taxon	NCBITaxon:1492281	not in pinned NCBI taxonomy; retained in source inventory
attested_taxon	NCBITaxon:1502723	not in pinned NCBI taxonomy; retained in source inventory
attested_taxon	NCBITaxon:1510391	not in pinned NCBI taxonomy; retained in source inventory
attested_taxon	NCBITaxon:1520580	not in pinned NCBI taxonomy; retained in source inventory
attested_taxon	NCBITaxon:1530046	not in pinned NCBI taxonomy; retained in source inventory
attested_taxon	NCBITaxon:1530170	not in pinned NCBI taxonomy; retained in source inventory
attested_taxon	NCBITaxon:1532	not in pinned NCBI taxonomy; retained in source inventory
attested_taxon	NCBITaxon:154109	not in pinned NCBI taxonomy; retained in source inventory
attested_taxon	NCBITaxon:1545740	not in pinned NCBI taxonomy; retained in source inventory
attested_taxon	NCBITaxon:1550033	not in pinned NCBI taxonomy; retained in source inventory
attested_taxon	NCBITaxon:1551	not in pinned NCBI taxonomy; retained in source inventory
attested_taxon	NCBITaxon:1552	not in pinned NCBI taxonomy; retained in source inventory
attested_taxon	NCBITaxon:1559982	not in pinned NCBI taxonomy; retained in source inventory
attested_taxon	NCBITaxon:1560	not in pinned NCBI taxonomy; retained in source inventory
attested_taxon	NCBITaxon:1561223	not in pinned NCBI taxonomy; retained in source inventory
attested_taxon	NCBITaxon:1564681	not in pinned NCBI taxonomy; retained in source inventory
attested_taxon	NCBITaxon:1570328	not in pinned NCBI taxonomy; retained in source inventory
attested_taxon	NCBITaxon:1572857	not in pinned NCBI taxonomy; retained in source inventory
attested_taxon	NCBITaxon:157733	not in pinned NCBI taxonomy; retained in source inventory
attested_taxon	NCBITaxon:158080	not in pinned NCBI taxonomy; retained in source inventory
attested_taxon	NCBITaxon:1588753	not in pinned NCBI taxonomy; retained in source inventory
attested_taxon	NCBITaxon:1606016	not in pinned NCBI taxonomy; retained in source inventory
attested_taxon	NCBITaxon:1619949	not in pinned NCBI taxonomy; retained in source inventory
attested_taxon	NCBITaxon:162157	not in pinned NCBI taxonomy; retained in source inventory
attested_taxon	NCBITaxon:162160	not in pinned NCBI taxonomy; retained in source inventory
attested_taxon	NCBITaxon:163605	not in pinned NCBI taxonomy; retained in source inventory
attested_taxon	NCBITaxon:1638645	not in pinned NCBI taxonomy; retained in source inventory
attested_taxon	NCBITaxon:1646339	not in pinned NCBI taxonomy; retained in source inventory
attested_taxon	NCBITaxon:165807	not in pinned NCBI taxonomy; retained in source inventory
attested_taxon	NCBITaxon:1662456	not in pinned NCBI taxonomy; retained in source inventory
attested_taxon	NCBITaxon:1662457	not in pinned NCBI taxonomy; retained in source inventory
attested_taxon	NCBITaxon:1662458	not in pinned NCBI taxonomy; retained in source inventory
attested_taxon	NCBITaxon:1664276	not in pinned NCBI taxonomy; retained in source inventory
attested_taxon	NCBITaxon:166934	not in pinned NCBI taxonomy; retained in source inventory
attested_taxon	NCBITaxon:168810	not in pinned NCBI taxonomy; retained in source inventory
attested_taxon	NCBITaxon:1691891	not in pinned NCBI taxonomy; retained in source inventory
attested_taxon	NCBITaxon:1704088	not in pinned NCBI taxonomy; retained in source inventory
attested_taxon	NCBITaxon:1705714	not in pinned NCBI taxonomy; retained in source inventory
attested_taxon	NCBITaxon:1710701	not in pinned NCBI taxonomy; retained in source inventory
attested_taxon	NCBITaxon:1712376	not in pinned NCBI taxonomy; retained in source inventory
attested_taxon	NCBITaxon:1712377	not in pinned NCBI taxonomy; retained in source inventory
attested_taxon	NCBITaxon:1712378	not in pinned NCBI taxonomy; retained in source inventory
attested_taxon	NCBITaxon:1743172	not in pinned NCBI taxonomy; retained in source inventory
attested_taxon	NCBITaxon:1752526	not in pinned NCBI taxonomy; retained in source inventory
attested_taxon	NCBITaxon:1758367	not in pinned NCBI taxonomy; retained in source inventory
attested_taxon	NCBITaxon:1764550	not in pinned NCBI taxonomy; retained in source inventory
attested_taxon	NCBITaxon:1764958	not in pinned NCBI taxonomy; retained in source inventory
attested_taxon	NCBITaxon:1764959	not in pinned NCBI taxonomy; retained in source inventory
attested_taxon	NCBITaxon:1768190	not in pinned NCBI taxonomy; retained in source inventory
attested_taxon	NCBITaxon:1775560	not in pinned NCBI taxonomy; retained in source inventory
attested_taxon	NCBITaxon:179628	not in pinned NCBI taxonomy; retained in source inventory
attested_taxon	NCBITaxon:1804984	not in pinned NCBI taxonomy; retained in source inventory
attested_taxon	NCBITaxon:1807846	not in pinned NCBI taxonomy; retained in source inventory
attested_taxon	NCBITaxon:1817673	not in pinned NCBI taxonomy; retained in source inventory
attested_taxon	NCBITaxon:1819728	not in pinned NCBI taxonomy; retained in source inventory
attested_taxon	NCBITaxon:182080	not in pinned NCBI taxonomy; retained in source inventory
attested_taxon	NCBITaxon:182220	not in pinned NCBI taxonomy; retained in source inventory
attested_taxon	NCBITaxon:1827146	not in pinned NCBI taxonomy; retained in source inventory
attested_taxon	NCBITaxon:1830138	not in pinned NCBI taxonomy; retained in source inventory
attested_taxon	NCBITaxon:1834517	not in pinned NCBI taxonomy; retained in source inventory
attested_taxon	NCBITaxon:1855905	not in pinned NCBI taxonomy; retained in source inventory
attested_taxon	NCBITaxon:1857183	not in pinned NCBI taxonomy; retained in source inventory
attested_taxon	NCBITaxon:1872518	not in pinned NCBI taxonomy; retained in source inventory
attested_taxon	NCBITaxon:1882406	not in pinned NCBI taxonomy; retained in source inventory
attested_taxon	NCBITaxon:1896200	not in pinned NCBI taxonomy; retained in source inventory
attested_taxon	NCBITaxon:1900	not in pinned NCBI taxonomy; retained in source inventory
attested_taxon	NCBITaxon:190486	not in pinned NCBI taxonomy; retained in source inventory
attested_taxon	NCBITaxon:1912894	not in pinned NCBI taxonomy; retained in source inventory
attested_taxon	NCBITaxon:1912896	not in pinned NCBI taxonomy; retained in source inventory
attested_taxon	NCBITaxon:1914757	not in pinned NCBI taxonomy; retained in source inventory
attested_taxon	NCBITaxon:1915400	not in pinned NCBI taxonomy; retained in source inventory
attested_taxon	NCBITaxon:1917965	not in pinned NCBI taxonomy; retained in source inventory
attested_taxon	NCBITaxon:1924940	not in pinned NCBI taxonomy; retained in source inventory
attested_taxon	NCBITaxon:1929	not in pinned NCBI taxonomy; retained in source inventory
attested_taxon	NCBITaxon:1929477	not in pinned NCBI taxonomy; retained in source inventory
attested_taxon	NCBITaxon:1940621	not in pinned NCBI taxonomy; retained in source inventory
attested_taxon	NCBITaxon:1950230	not in pinned NCBI taxonomy; retained in source inventory
attested_taxon	NCBITaxon:1950231	not in pinned NCBI taxonomy; retained in source inventory
attested_taxon	NCBITaxon:1950232	not in pinned NCBI taxonomy; retained in source inventory
attested_taxon	NCBITaxon:1950233	not in pinned NCBI taxonomy; retained in source inventory
attested_taxon	NCBITaxon:1950234	not in pinned NCBI taxonomy; retained in source inventory
attested_taxon	NCBITaxon:1950235	not in pinned NCBI taxonomy; retained in source inventory
attested_taxon	NCBITaxon:1950236	not in pinned NCBI taxonomy; retained in source inventory
attested_taxon	NCBITaxon:1950238	not in pinned NCBI taxonomy; retained in source inventory
attested_taxon	NCBITaxon:1950239	not in pinned NCBI taxonomy; retained in source inventory
attested_taxon	NCBITaxon:1950240	not in pinned NCBI taxonomy; retained in source inventory
attested_taxon	NCBITaxon:1950241	not in pinned NCBI taxonomy; retained in source inventory
attested_taxon	NCBITaxon:1950242	not in pinned NCBI taxonomy; retained in source inventory
attested_taxon	NCBITaxon:1950243	not in pinned NCBI taxonomy; retained in source inventory
attested_taxon	NCBITaxon:1950244	not in pinned NCBI taxonomy; retained in source inventory
attested_taxon	NCBITaxon:1950245	not in pinned NCBI taxonomy; retained in source inventory
attested_taxon	NCBITaxon:1950246	not in pinned NCBI taxonomy; retained in source inventory
attested_taxon	NCBITaxon:1950247	not in pinned NCBI taxonomy; retained in source inventory
attested_taxon	NCBITaxon:1950248	not in pinned NCBI taxonomy; retained in source inventory
attested_taxon	NCBITaxon:1950249	not in pinned NCBI taxonomy; retained in source inventory
attested_taxon	NCBITaxon:1950250	not in pinned NCBI taxonomy; retained in source inventory
attested_taxon	NCBITaxon:1950251	not in pinned NCBI taxonomy; retained in source inventory
attested_taxon	NCBITaxon:1950252	not in pinned NCBI taxonomy; retained in source inventory
attested_taxon	NCBITaxon:1950253	not in pinned NCBI taxonomy; retained in source inventory
attested_taxon	NCBITaxon:1950254	not in pinned NCBI taxonomy; retained in source inventory
attested_taxon	NCBITaxon:1950255	not in pinned NCBI taxonomy; retained in source inventory
attested_taxon	NCBITaxon:1950256	not in pinned NCBI taxonomy; retained in source inventory
attested_taxon	NCBITaxon:1950257	not in pinned NCBI taxonomy; retained in source inventory
attested_taxon	NCBITaxon:1950258	not in pinned NCBI taxonomy; retained in source inventory
attested_taxon	NCBITaxon:1950259	not in pinned NCBI taxonomy; retained in source inventory
attested_taxon	NCBITaxon:1950261	not in pinned NCBI taxonomy; retained in source inventory
attested_taxon	NCBITaxon:1950262	not in pinned NCBI taxonomy; retained in source inventory
attested_taxon	NCBITaxon:1950263	not in pinned NCBI taxonomy; retained in source inventory
attested_taxon	NCBITaxon:1950264	not in pinned NCBI taxonomy; retained in source inventory
attested_taxon	NCBITaxon:1950266	not in pinned NCBI taxonomy; retained in source inventory
attested_taxon	NCBITaxon:1950268	not in pinned NCBI taxonomy; retained in source inventory
attested_taxon	NCBITaxon:1950269	not in pinned NCBI taxonomy; retained in source inventory
attested_taxon	NCBITaxon:1950270	not in pinned NCBI taxonomy; retained in source inventory
attested_taxon	NCBITaxon:1950271	not in pinned NCBI taxonomy; retained in source inventory
attested_taxon	NCBITaxon:1950272	not in pinned NCBI taxonomy; retained in source inventory
attested_taxon	NCBITaxon:1950273	not in pinned NCBI taxonomy; retained in source inventory
attested_taxon	NCBITaxon:1950274	not in pinned NCBI taxonomy; retained in source inventory
attested_taxon	NCBITaxon:1950275	not in pinned NCBI taxonomy; retained in source inventory
attested_taxon	NCBITaxon:1950276	not in pinned NCBI taxonomy; retained in source inventory
attested_taxon	NCBITaxon:1950277	not in pinned NCBI taxonomy; retained in source inventory
attested_taxon	NCBITaxon:1950278	not in pinned NCBI taxonomy; retained in source inventory
attested_taxon	NCBITaxon:1950279	not in pinned NCBI taxonomy; retained in source inventory
attested_taxon	NCBITaxon:1950280	not in pinned NCBI taxonomy; retained in source inventory
attested_taxon	NCBITaxon:1950281	not in pinned NCBI taxonomy; retained in source inventory
attested_taxon	NCBITaxon:1950282	not in pinned NCBI taxonomy; retained in source inventory
attested_taxon	NCBITaxon:1950283	not in pinned NCBI taxonomy; retained in source inventory
attested_taxon	NCBITaxon:1950284	not in pinned NCBI taxonomy; retained in source inventory
attested_taxon	NCBITaxon:1950285	not in pinned NCBI taxonomy; retained in source inventory
attested_taxon	NCBITaxon:1950286	not in pinned NCBI taxonomy; retained in source inventory
attested_taxon	NCBITaxon:1950288	not in pinned NCBI taxonomy; retained in source inventory
attested_taxon	NCBITaxon:1950289	not in pinned NCBI taxonomy; retained in source inventory
attested_taxon	NCBITaxon:1950290	not in pinned NCBI taxonomy; retained in source inventory
attested_taxon	NCBITaxon:1950291	not in pinned NCBI taxonomy; retained in source inventory
attested_taxon	NCBITaxon:1950292	not in pinned NCBI taxonomy; retained in source inventory
attested_taxon	NCBITaxon:1950293	not in pinned NCBI taxonomy; retained in source inventory
attested_taxon	NCBITaxon:1950294	not in pinned NCBI taxonomy; retained in source inventory
attested_taxon	NCBITaxon:1950295	not in pinned NCBI taxonomy; retained in source inventory
attested_taxon	NCBITaxon:1950296	not in pinned NCBI taxonomy; retained in source inventory
attested_taxon	NCBITaxon:1950297	not in pinned NCBI taxonomy; retained in source inventory
attested_taxon	NCBITaxon:1950298	not in pinned NCBI taxonomy; retained in source inventory
attested_taxon	NCBITaxon:1950299	not in pinned NCBI taxonomy; retained in source inventory
attested_taxon	NCBITaxon:1950300	not in pinned NCBI taxonomy; retained in source inventory
attested_taxon	NCBITaxon:1950301	not in pinned NCBI taxonomy; retained in source inventory
attested_taxon	NCBITaxon:1950302	not in pinned NCBI taxonomy; retained in source inventory
attested_taxon	NCBITaxon:1950303	not in pinned NCBI taxonomy; retained in source inventory
attested_taxon	NCBITaxon:1950304	not in pinned NCBI taxonomy; retained in source inventory
attested_taxon	NCBITaxon:1950305	not in pinned NCBI taxonomy; retained in source inventory
attested_taxon	NCBITaxon:1950306	not in pinned NCBI taxonomy; retained in source inventory
attested_taxon	NCBITaxon:1950307	not in pinned NCBI taxonomy; retained in source inventory
attested_taxon	NCBITaxon:1950308	not in pinned NCBI taxonomy; retained in source inventory
attested_taxon	NCBITaxon:1950309	not in pinned NCBI taxonomy; retained in source inventory
attested_taxon	NCBITaxon:1950310	not in pinned NCBI taxonomy; retained in source inventory
attested_taxon	NCBITaxon:1950311	not in pinned NCBI taxonomy; retained in source inventory
attested_taxon	NCBITaxon:1950312	not in pinned NCBI taxonomy; retained in source inventory
attested_taxon	NCBITaxon:1950313	not in pinned NCBI taxonomy; retained in source inventory
attested_taxon	NCBITaxon:1950314	not in pinned NCBI taxonomy; retained in source inventory
attested_taxon	NCBITaxon:1950315	not in pinned NCBI taxonomy; retained in source inventory
attested_taxon	NCBITaxon:1950316	not in pinned NCBI taxonomy; retained in source inventory
attested_taxon	NCBITaxon:1950317	not in pinned NCBI taxonomy; retained in source inventory
attested_taxon	NCBITaxon:1950318	not in pinned NCBI taxonomy; retained in source inventory
attested_taxon	NCBITaxon:1950319	not in pinned NCBI taxonomy; retained in source inventory
attested_taxon	NCBITaxon:1950320	not in pinned NCBI taxonomy; retained in source inventory
attested_taxon	NCBITaxon:1950321	not in pinned NCBI taxonomy; retained in source inventory
attested_taxon	NCBITaxon:1950322	not in pinned NCBI taxonomy; retained in source inventory
attested_taxon	NCBITaxon:1950323	not in pinned NCBI taxonomy; retained in source inventory
attested_taxon	NCBITaxon:1950324	not in pinned NCBI taxonomy; retained in source inventory
attested_taxon	NCBITaxon:1950325	not in pinned NCBI taxonomy; retained in source inventory
attested_taxon	NCBITaxon:1950326	not in pinned NCBI taxonomy; retained in source inventory
attested_taxon	NCBITaxon:1950327	not in pinned NCBI taxonomy; retained in source inventory
attested_taxon	NCBITaxon:1950328	not in pinned NCBI taxonomy; retained in source inventory
attested_taxon	NCBITaxon:1950329	not in pinned NCBI taxonomy; retained in source inventory
attested_taxon	NCBITaxon:1950330	not in pinned NCBI taxonomy; retained in source inventory
attested_taxon	NCBITaxon:1950331	not in pinned NCBI taxonomy; retained in source inventory
attested_taxon	NCBITaxon:1950332	not in pinned NCBI taxonomy; retained in source inventory
attested_taxon	NCBITaxon:1950333	not in pinned NCBI taxonomy; retained in source inventory
attested_taxon	NCBITaxon:1950335	not in pinned NCBI taxonomy; retained in source inventory
attested_taxon	NCBITaxon:1950336	not in pinned NCBI taxonomy; retained in source inventory
attested_taxon	NCBITaxon:1950337	not in pinned NCBI taxonomy; retained in source inventory
attested_taxon	NCBITaxon:1950338	not in pinned NCBI taxonomy; retained in source inventory
attested_taxon	NCBITaxon:1950339	not in pinned NCBI taxonomy; retained in source inventory
attested_taxon	NCBITaxon:1950340	not in pinned NCBI taxonomy; retained in source inventory
attested_taxon	NCBITaxon:1950342	not in pinned NCBI taxonomy; retained in source inventory
attested_taxon	NCBITaxon:1950343	not in pinned NCBI taxonomy; retained in source inventory
attested_taxon	NCBITaxon:1950344	not in pinned NCBI taxonomy; retained in source inventory
attested_taxon	NCBITaxon:1950345	not in pinned NCBI taxonomy; retained in source inventory
attested_taxon	NCBITaxon:1950346	not in pinned NCBI taxonomy; retained in source inventory
attested_taxon	NCBITaxon:1950347	not in pinned NCBI taxonomy; retained in source inventory
attested_taxon	NCBITaxon:1950348	not in pinned NCBI taxonomy; retained in source inventory
attested_taxon	NCBITaxon:1950349	not in pinned NCBI taxonomy; retained in source inventory
attested_taxon	NCBITaxon:1950350	not in pinned NCBI taxonomy; retained in source inventory
attested_taxon	NCBITaxon:1950352	not in pinned NCBI taxonomy; retained in source inventory
attested_taxon	NCBITaxon:1950353	not in pinned NCBI taxonomy; retained in source inventory
attested_taxon	NCBITaxon:1950354	not in pinned NCBI taxonomy; retained in source inventory
attested_taxon	NCBITaxon:1950355	not in pinned NCBI taxonomy; retained in source inventory
attested_taxon	NCBITaxon:1950356	not in pinned NCBI taxonomy; retained in source inventory
attested_taxon	NCBITaxon:1950357	not in pinned NCBI taxonomy; retained in source inventory
attested_taxon	NCBITaxon:1950358	not in pinned NCBI taxonomy; retained in source inventory
attested_taxon	NCBITaxon:1950359	not in pinned NCBI taxonomy; retained in source inventory
attested_taxon	NCBITaxon:1950360	not in pinned NCBI taxonomy; retained in source inventory
attested_taxon	NCBITaxon:1950361	not in pinned NCBI taxonomy; retained in source inventory
attested_taxon	NCBITaxon:1950362	not in pinned NCBI taxonomy; retained in source inventory
attested_taxon	NCBITaxon:1950363	not in pinned NCBI taxonomy; retained in source inventory
attested_taxon	NCBITaxon:1950364	not in pinned NCBI taxonomy; retained in source inventory
attested_taxon	NCBITaxon:1950365	not in pinned NCBI taxonomy; retained in source inventory
attested_taxon	NCBITaxon:1953450	not in pinned NCBI taxonomy; retained in source inventory
attested_taxon	NCBITaxon:1953452	not in pinned NCBI taxonomy; retained in source inventory
attested_taxon	NCBITaxon:196083	not in pinned NCBI taxonomy; retained in source inventory
attested_taxon	NCBITaxon:1961104	not in pinned NCBI taxonomy; retained in source inventory
attested_taxon	NCBITaxon:196180	not in pinned NCBI taxonomy; retained in source inventory
attested_taxon	NCBITaxon:1964191	not in pinned NCBI taxonomy; retained in source inventory
attested_taxon	NCBITaxon:2004499	not in pinned NCBI taxonomy; retained in source inventory
attested_taxon	NCBITaxon:2004995	not in pinned NCBI taxonomy; retained in source inventory
attested_taxon	NCBITaxon:2005884	not in pinned NCBI taxonomy; retained in source inventory
attested_taxon	NCBITaxon:2008677	not in pinned NCBI taxonomy; retained in source inventory
attested_taxon	NCBITaxon:2026736	not in pinned NCBI taxonomy; retained in source inventory
attested_taxon	NCBITaxon:2027406	not in pinned NCBI taxonomy; retained in source inventory
attested_taxon	NCBITaxon:2027922	not in pinned NCBI taxonomy; retained in source inventory
attested_taxon	NCBITaxon:2033637	not in pinned NCBI taxonomy; retained in source inventory
attested_taxon	NCBITaxon:2035223	not in pinned NCBI taxonomy; retained in source inventory
attested_taxon	NCBITaxon:2052317	not in pinned NCBI taxonomy; retained in source inventory
attested_taxon	NCBITaxon:205326	not in pinned NCBI taxonomy; retained in source inventory
attested_taxon	NCBITaxon:2054916	not in pinned NCBI taxonomy; retained in source inventory
attested_taxon	NCBITaxon:2055844	not in pinned NCBI taxonomy; retained in source inventory
attested_taxon	NCBITaxon:2055845	not in pinned NCBI taxonomy; retained in source inventory
attested_taxon	NCBITaxon:2058289	not in pinned NCBI taxonomy; retained in source inventory
attested_taxon	NCBITaxon:2093792	not in pinned NCBI taxonomy; retained in source inventory
attested_taxon	NCBITaxon:211759	not in pinned NCBI taxonomy; retained in source inventory
attested_taxon	NCBITaxon:2126069	not in pinned NCBI taxonomy; retained in source inventory
attested_taxon	NCBITaxon:2174442	not in pinned NCBI taxonomy; retained in source inventory
attested_taxon	NCBITaxon:219334	not in pinned NCBI taxonomy; retained in source inventory
attested_taxon	NCBITaxon:219741	not in pinned NCBI taxonomy; retained in source inventory
attested_taxon	NCBITaxon:219742	not in pinned NCBI taxonomy; retained in source inventory
attested_taxon	NCBITaxon:2219864	not in pinned NCBI taxonomy; retained in source inventory
attested_taxon	NCBITaxon:223900	not in pinned NCBI taxonomy; retained in source inventory
attested_taxon	NCBITaxon:2250085	not in pinned NCBI taxonomy; retained in source inventory
attested_taxon	NCBITaxon:2250257	not in pinned NCBI taxonomy; retained in source inventory
attested_taxon	NCBITaxon:2254	not in pinned NCBI taxonomy; retained in source inventory
attested_taxon	NCBITaxon:225845	not in pinned NCBI taxonomy; retained in source inventory
attested_taxon	NCBITaxon:230105	not in pinned NCBI taxonomy; retained in source inventory
attested_taxon	NCBITaxon:2303334	not in pinned NCBI taxonomy; retained in source inventory
attested_taxon	NCBITaxon:2303986	not in pinned NCBI taxonomy; retained in source inventory
attested_taxon	NCBITaxon:2315156	not in pinned NCBI taxonomy; retained in source inventory
attested_taxon	NCBITaxon:232346	not in pinned NCBI taxonomy; retained in source inventory
attested_taxon	NCBITaxon:235987	not in pinned NCBI taxonomy; retained in source inventory
attested_taxon	NCBITaxon:237610	not in pinned NCBI taxonomy; retained in source inventory
attested_taxon	NCBITaxon:237656	not in pinned NCBI taxonomy; retained in source inventory
attested_taxon	NCBITaxon:240495	not in pinned NCBI taxonomy; retained in source inventory
attested_taxon	NCBITaxon:244363	not in pinned NCBI taxonomy; retained in source inventory
attested_taxon	NCBITaxon:244407	not in pinned NCBI taxonomy; retained in source inventory
attested_taxon	NCBITaxon:2498852	not in pinned NCBI taxonomy; retained in source inventory
attested_taxon	NCBITaxon:2499626	not in pinned NCBI taxonomy; retained in source inventory
attested_taxon	NCBITaxon:2507158	not in pinned NCBI taxonomy; retained in source inventory
attested_taxon	NCBITaxon:2512113	not in pinned NCBI taxonomy; retained in source inventory
attested_taxon	NCBITaxon:2518972	not in pinned NCBI taxonomy; retained in source inventory
attested_taxon	NCBITaxon:2529836	not in pinned NCBI taxonomy; retained in source inventory
attested_taxon	NCBITaxon:2529845	not in pinned NCBI taxonomy; retained in source inventory
attested_taxon	NCBITaxon:2529846	not in pinned NCBI taxonomy; retained in source inventory
attested_taxon	NCBITaxon:2529847	not in pinned NCBI taxonomy; retained in source inventory
attested_taxon	NCBITaxon:253547	not in pinned NCBI taxonomy; retained in source inventory
attested_taxon	NCBITaxon:2547398	not in pinned NCBI taxonomy; retained in source inventory
attested_taxon	NCBITaxon:2578105	not in pinned NCBI taxonomy; retained in source inventory
attested_taxon	NCBITaxon:2582905	not in pinned NCBI taxonomy; retained in source inventory
attested_taxon	NCBITaxon:2585018	not in pinned NCBI taxonomy; retained in source inventory
attested_taxon	NCBITaxon:2585019	not in pinned NCBI taxonomy; retained in source inventory
attested_taxon	NCBITaxon:2585020	not in pinned NCBI taxonomy; retained in source inventory
attested_taxon	NCBITaxon:2585021	not in pinned NCBI taxonomy; retained in source inventory
attested_taxon	NCBITaxon:2585022	not in pinned NCBI taxonomy; retained in source inventory
attested_taxon	NCBITaxon:2585023	not in pinned NCBI taxonomy; retained in source inventory
attested_taxon	NCBITaxon:2586973	not in pinned NCBI taxonomy; retained in source inventory
attested_taxon	NCBITaxon:2599629	not in pinned NCBI taxonomy; retained in source inventory
attested_taxon	NCBITaxon:2602738	not in pinned NCBI taxonomy; retained in source inventory
attested_taxon	NCBITaxon:2603274	not in pinned NCBI taxonomy; retained in source inventory
attested_taxon	NCBITaxon:260811	not in pinned NCBI taxonomy; retained in source inventory
attested_taxon	NCBITaxon:262776	not in pinned NCBI taxonomy; retained in source inventory
attested_taxon	NCBITaxon:263820	not in pinned NCBI taxonomy; retained in source inventory
attested_taxon	NCBITaxon:2650568	not in pinned NCBI taxonomy; retained in source inventory
attested_taxon	NCBITaxon:2654254	not in pinned NCBI taxonomy; retained in source inventory
attested_taxon	NCBITaxon:2654255	not in pinned NCBI taxonomy; retained in source inventory
attested_taxon	NCBITaxon:2664453	not in pinned NCBI taxonomy; retained in source inventory
attested_taxon	NCBITaxon:267368	not in pinned NCBI taxonomy; retained in source inventory
attested_taxon	NCBITaxon:2696974	not in pinned NCBI taxonomy; retained in source inventory
attested_taxon	NCBITaxon:2708076	not in pinned NCBI taxonomy; retained in source inventory
attested_taxon	NCBITaxon:2708337	not in pinned NCBI taxonomy; retained in source inventory
attested_taxon	NCBITaxon:2708339	not in pinned NCBI taxonomy; retained in source inventory
attested_taxon	NCBITaxon:2709404	not in pinned NCBI taxonomy; retained in source inventory
attested_taxon	NCBITaxon:2723078	not in pinned NCBI taxonomy; retained in source inventory
attested_taxon	NCBITaxon:2723080	not in pinned NCBI taxonomy; retained in source inventory
attested_taxon	NCBITaxon:2723082	not in pinned NCBI taxonomy; retained in source inventory
attested_taxon	NCBITaxon:2723098	not in pinned NCBI taxonomy; retained in source inventory
attested_taxon	NCBITaxon:2723099	not in pinned NCBI taxonomy; retained in source inventory
attested_taxon	NCBITaxon:2730851	not in pinned NCBI taxonomy; retained in source inventory
attested_taxon	NCBITaxon:2732593	not in pinned NCBI taxonomy; retained in source inventory
attested_taxon	NCBITaxon:2732594	not in pinned NCBI taxonomy; retained in source inventory
attested_taxon	NCBITaxon:2733487	not in pinned NCBI taxonomy; retained in source inventory
attested_taxon	NCBITaxon:2733488	not in pinned NCBI taxonomy; retained in source inventory
attested_taxon	NCBITaxon:2735133	not in pinned NCBI taxonomy; retained in source inventory
attested_taxon	NCBITaxon:2735564	not in pinned NCBI taxonomy; retained in source inventory
attested_taxon	NCBITaxon:2735898	not in pinned NCBI taxonomy; retained in source inventory
attested_taxon	NCBITaxon:2736605	not in pinned NCBI taxonomy; retained in source inventory
attested_taxon	NCBITaxon:2740298	not in pinned NCBI taxonomy; retained in source inventory
attested_taxon	NCBITaxon:2741673	not in pinned NCBI taxonomy; retained in source inventory
attested_taxon	NCBITaxon:2755556	not in pinned NCBI taxonomy; retained in source inventory
attested_taxon	NCBITaxon:2755557	not in pinned NCBI taxonomy; retained in source inventory
attested_taxon	NCBITaxon:2755558	not in pinned NCBI taxonomy; retained in source inventory
attested_taxon	NCBITaxon:2756263	not in pinned NCBI taxonomy; retained in source inventory
attested_taxon	NCBITaxon:2763011	not in pinned NCBI taxonomy; retained in source inventory
attested_taxon	NCBITaxon:2763039	not in pinned NCBI taxonomy; retained in source inventory
attested_taxon	NCBITaxon:2764721	not in pinned NCBI taxonomy; retained in source inventory
attested_taxon	NCBITaxon:2765359	not in pinned NCBI taxonomy; retained in source inventory
attested_taxon	NCBITaxon:2782487	not in pinned NCBI taxonomy; retained in source inventory
attested_taxon	NCBITaxon:2786948	not in pinned NCBI taxonomy; retained in source inventory
attested_taxon	NCBITaxon:2786952	not in pinned NCBI taxonomy; retained in source inventory
attested_taxon	NCBITaxon:2792859	not in pinned NCBI taxonomy; retained in source inventory
attested_taxon	NCBITaxon:2796350	not in pinned NCBI taxonomy; retained in source inventory
attested_taxon	NCBITaxon:2796464	not in pinned NCBI taxonomy; retained in source inventory
attested_taxon	NCBITaxon:280237	not in pinned NCBI taxonomy; retained in source inventory
attested_taxon	NCBITaxon:281456	not in pinned NCBI taxonomy; retained in source inventory
attested_taxon	NCBITaxon:2814590	not in pinned NCBI taxonomy; retained in source inventory
attested_taxon	NCBITaxon:2814591	not in pinned NCBI taxonomy; retained in source inventory
attested_taxon	NCBITaxon:2814592	not in pinned NCBI taxonomy; retained in source inventory
attested_taxon	NCBITaxon:2817710	not in pinned NCBI taxonomy; retained in source inventory
attested_taxon	NCBITaxon:2821358	not in pinned NCBI taxonomy; retained in source inventory
attested_taxon	NCBITaxon:2824563	not in pinned NCBI taxonomy; retained in source inventory
attested_taxon	NCBITaxon:284037	not in pinned NCBI taxonomy; retained in source inventory
attested_taxon	NCBITaxon:284038	not in pinned NCBI taxonomy; retained in source inventory
attested_taxon	NCBITaxon:2849039	not in pinned NCBI taxonomy; retained in source inventory
attested_taxon	NCBITaxon:285110	not in pinned NCBI taxonomy; retained in source inventory
attested_taxon	NCBITaxon:285533	not in pinned NCBI taxonomy; retained in source inventory
attested_taxon	NCBITaxon:285567	not in pinned NCBI taxonomy; retained in source inventory
attested_taxon	NCBITaxon:285569	not in pinned NCBI taxonomy; retained in source inventory
attested_taxon	NCBITaxon:285570	not in pinned NCBI taxonomy; retained in source inventory
attested_taxon	NCBITaxon:285571	not in pinned NCBI taxonomy; retained in source inventory
attested_taxon	NCBITaxon:2860341	not in pinned NCBI taxonomy; retained in source inventory
attested_taxon	NCBITaxon:2862544	not in pinned NCBI taxonomy; retained in source inventory
attested_taxon	NCBITaxon:2864113	not in pinned NCBI taxonomy; retained in source inventory
attested_taxon	NCBITaxon:2864219	not in pinned NCBI taxonomy; retained in source inventory
attested_taxon	NCBITaxon:2866277	not in pinned NCBI taxonomy; retained in source inventory
attested_taxon	NCBITaxon:287094	not in pinned NCBI taxonomy; retained in source inventory
attested_taxon	NCBITaxon:2872626	not in pinned NCBI taxonomy; retained in source inventory
attested_taxon	NCBITaxon:2881270	not in pinned NCBI taxonomy; retained in source inventory
attested_taxon	NCBITaxon:28906	not in pinned NCBI taxonomy; retained in source inventory
attested_taxon	NCBITaxon:2897690	not in pinned NCBI taxonomy; retained in source inventory
attested_taxon	NCBITaxon:2897776	not in pinned NCBI taxonomy; retained in source inventory
attested_taxon	NCBITaxon:2898581	not in pinned NCBI taxonomy; retained in source inventory
attested_taxon	NCBITaxon:2902625	not in pinned NCBI taxonomy; retained in source inventory
attested_taxon	NCBITaxon:2904525	not in pinned NCBI taxonomy; retained in source inventory
attested_taxon	NCBITaxon:2904526	not in pinned NCBI taxonomy; retained in source inventory
attested_taxon	NCBITaxon:2916465	not in pinned NCBI taxonomy; retained in source inventory
attested_taxon	NCBITaxon:2916466	not in pinned NCBI taxonomy; retained in source inventory
attested_taxon	NCBITaxon:2923281	not in pinned NCBI taxonomy; retained in source inventory
attested_taxon	NCBITaxon:29398	not in pinned NCBI taxonomy; retained in source inventory
attested_taxon	NCBITaxon:2945990	not in pinned NCBI taxonomy; retained in source inventory
attested_taxon	NCBITaxon:2945991	not in pinned NCBI taxonomy; retained in source inventory
attested_taxon	NCBITaxon:2949655	not in pinned NCBI taxonomy; retained in source inventory
attested_taxon	NCBITaxon:2952909	not in pinned NCBI taxonomy; retained in source inventory
attested_taxon	NCBITaxon:2953652	not in pinned NCBI taxonomy; retained in source inventory
attested_taxon	NCBITaxon:2953653	not in pinned NCBI taxonomy; retained in source inventory
attested_taxon	NCBITaxon:2953655	not in pinned NCBI taxonomy; retained in source inventory
attested_taxon	NCBITaxon:2954212	not in pinned NCBI taxonomy; retained in source inventory
attested_taxon	NCBITaxon:2954213	not in pinned NCBI taxonomy; retained in source inventory
attested_taxon	NCBITaxon:2954214	not in pinned NCBI taxonomy; retained in source inventory
attested_taxon	NCBITaxon:2954215	not in pinned NCBI taxonomy; retained in source inventory
attested_taxon	NCBITaxon:2954216	not in pinned NCBI taxonomy; retained in source inventory
attested_taxon	NCBITaxon:2954217	not in pinned NCBI taxonomy; retained in source inventory
attested_taxon	NCBITaxon:2954218	not in pinned NCBI taxonomy; retained in source inventory
attested_taxon	NCBITaxon:2954219	not in pinned NCBI taxonomy; retained in source inventory
attested_taxon	NCBITaxon:2954220	not in pinned NCBI taxonomy; retained in source inventory
attested_taxon	NCBITaxon:2954221	not in pinned NCBI taxonomy; retained in source inventory
attested_taxon	NCBITaxon:29570	not in pinned NCBI taxonomy; retained in source inventory
attested_taxon	NCBITaxon:2959287	not in pinned NCBI taxonomy; retained in source inventory
attested_taxon	NCBITaxon:2959288	not in pinned NCBI taxonomy; retained in source inventory
attested_taxon	NCBITaxon:2959289	not in pinned NCBI taxonomy; retained in source inventory
attested_taxon	NCBITaxon:2959290	not in pinned NCBI taxonomy; retained in source inventory
attested_taxon	NCBITaxon:2959291	not in pinned NCBI taxonomy; retained in source inventory
attested_taxon	NCBITaxon:2959292	not in pinned NCBI taxonomy; retained in source inventory
attested_taxon	NCBITaxon:2963282	not in pinned NCBI taxonomy; retained in source inventory
attested_taxon	NCBITaxon:2972638	not in pinned NCBI taxonomy; retained in source inventory
attested_taxon	NCBITaxon:2976819	not in pinned NCBI taxonomy; retained in source inventory
attested_taxon	NCBITaxon:2976821	not in pinned NCBI taxonomy; retained in source inventory
attested_taxon	NCBITaxon:2981623	not in pinned NCBI taxonomy; retained in source inventory
attested_taxon	NCBITaxon:2989541	not in pinned NCBI taxonomy; retained in source inventory
attested_taxon	NCBITaxon:2989767	not in pinned NCBI taxonomy; retained in source inventory
attested_taxon	NCBITaxon:2989769	not in pinned NCBI taxonomy; retained in source inventory
attested_taxon	NCBITaxon:2989770	not in pinned NCBI taxonomy; retained in source inventory
attested_taxon	NCBITaxon:2989772	not in pinned NCBI taxonomy; retained in source inventory
attested_taxon	NCBITaxon:2991071	not in pinned NCBI taxonomy; retained in source inventory
attested_taxon	NCBITaxon:2991073	not in pinned NCBI taxonomy; retained in source inventory
attested_taxon	NCBITaxon:2994519	not in pinned NCBI taxonomy; retained in source inventory
attested_taxon	NCBITaxon:2994550	not in pinned NCBI taxonomy; retained in source inventory
attested_taxon	NCBITaxon:2996031	not in pinned NCBI taxonomy; retained in source inventory
attested_taxon	NCBITaxon:2997334	not in pinned NCBI taxonomy; retained in source inventory
attested_taxon	NCBITaxon:300020	not in pinned NCBI taxonomy; retained in source inventory
attested_taxon	NCBITaxon:3004456	not in pinned NCBI taxonomy; retained in source inventory
attested_taxon	NCBITaxon:3014556	not in pinned NCBI taxonomy; retained in source inventory
attested_taxon	NCBITaxon:3018264	not in pinned NCBI taxonomy; retained in source inventory
attested_taxon	NCBITaxon:3019545	not in pinned NCBI taxonomy; retained in source inventory
attested_taxon	NCBITaxon:3022857	not in pinned NCBI taxonomy; retained in source inventory
attested_taxon	NCBITaxon:3023368	not in pinned NCBI taxonomy; retained in source inventory
attested_taxon	NCBITaxon:3023369	not in pinned NCBI taxonomy; retained in source inventory
attested_taxon	NCBITaxon:302403	not in pinned NCBI taxonomy; retained in source inventory
attested_taxon	NCBITaxon:3024243	not in pinned NCBI taxonomy; retained in source inventory
attested_taxon	NCBITaxon:3025193	not in pinned NCBI taxonomy; retained in source inventory
attested_taxon	NCBITaxon:3030212	not in pinned NCBI taxonomy; retained in source inventory
attested_taxon	NCBITaxon:3030213	not in pinned NCBI taxonomy; retained in source inventory
attested_taxon	NCBITaxon:3039415	not in pinned NCBI taxonomy; retained in source inventory
attested_taxon	NCBITaxon:3040095	not in pinned NCBI taxonomy; retained in source inventory
attested_taxon	NCBITaxon:3040603	not in pinned NCBI taxonomy; retained in source inventory
attested_taxon	NCBITaxon:3040604	not in pinned NCBI taxonomy; retained in source inventory
attested_taxon	NCBITaxon:3050035	not in pinned NCBI taxonomy; retained in source inventory
attested_taxon	NCBITaxon:3050594	not in pinned NCBI taxonomy; retained in source inventory
attested_taxon	NCBITaxon:3053499	not in pinned NCBI taxonomy; retained in source inventory
attested_taxon	NCBITaxon:3053500	not in pinned NCBI taxonomy; retained in source inventory
attested_taxon	NCBITaxon:3053504	not in pinned NCBI taxonomy; retained in source inventory
attested_taxon	NCBITaxon:3053506	not in pinned NCBI taxonomy; retained in source inventory
attested_taxon	NCBITaxon:3053511	not in pinned NCBI taxonomy; retained in source inventory
attested_taxon	NCBITaxon:305698	not in pinned NCBI taxonomy; retained in source inventory
attested_taxon	NCBITaxon:3058293	not in pinned NCBI taxonomy; retained in source inventory
attested_taxon	NCBITaxon:3059172	not in pinned NCBI taxonomy; retained in source inventory
attested_taxon	NCBITaxon:3061627	not in pinned NCBI taxonomy; retained in source inventory
attested_taxon	NCBITaxon:3061628	not in pinned NCBI taxonomy; retained in source inventory
attested_taxon	NCBITaxon:3064945	not in pinned NCBI taxonomy; retained in source inventory
attested_taxon	NCBITaxon:3068329	not in pinned NCBI taxonomy; retained in source inventory
attested_taxon	NCBITaxon:3069606	not in pinned NCBI taxonomy; retained in source inventory
attested_taxon	NCBITaxon:307251	not in pinned NCBI taxonomy; retained in source inventory
attested_taxon	NCBITaxon:3074081	not in pinned NCBI taxonomy; retained in source inventory
attested_taxon	NCBITaxon:3074374	not in pinned NCBI taxonomy; retained in source inventory
attested_taxon	NCBITaxon:3074897	not in pinned NCBI taxonomy; retained in source inventory
attested_taxon	NCBITaxon:3077843	not in pinned NCBI taxonomy; retained in source inventory
attested_taxon	NCBITaxon:3077844	not in pinned NCBI taxonomy; retained in source inventory
attested_taxon	NCBITaxon:3077846	not in pinned NCBI taxonomy; retained in source inventory
attested_taxon	NCBITaxon:3079793	not in pinned NCBI taxonomy; retained in source inventory
attested_taxon	NCBITaxon:3084966	not in pinned NCBI taxonomy; retained in source inventory
attested_taxon	NCBITaxon:3084967	not in pinned NCBI taxonomy; retained in source inventory
attested_taxon	NCBITaxon:3092586	not in pinned NCBI taxonomy; retained in source inventory
attested_taxon	NCBITaxon:3092587	not in pinned NCBI taxonomy; retained in source inventory
attested_taxon	NCBITaxon:3093635	not in pinned NCBI taxonomy; retained in source inventory
attested_taxon	NCBITaxon:309483	not in pinned NCBI taxonomy; retained in source inventory
attested_taxon	NCBITaxon:3095027	not in pinned NCBI taxonomy; retained in source inventory
attested_taxon	NCBITaxon:3095029	not in pinned NCBI taxonomy; retained in source inventory
attested_taxon	NCBITaxon:3095030	not in pinned NCBI taxonomy; retained in source inventory
attested_taxon	NCBITaxon:3095342	not in pinned NCBI taxonomy; retained in source inventory
attested_taxon	NCBITaxon:3095379	not in pinned NCBI taxonomy; retained in source inventory
attested_taxon	NCBITaxon:3106032	not in pinned NCBI taxonomy; retained in source inventory
attested_taxon	NCBITaxon:310683	not in pinned NCBI taxonomy; retained in source inventory
attested_taxon	NCBITaxon:3107117	not in pinned NCBI taxonomy; retained in source inventory
attested_taxon	NCBITaxon:3107142	not in pinned NCBI taxonomy; retained in source inventory
attested_taxon	NCBITaxon:3107211	not in pinned NCBI taxonomy; retained in source inventory
attested_taxon	NCBITaxon:3107598	not in pinned NCBI taxonomy; retained in source inventory
attested_taxon	NCBITaxon:3107930	not in pinned NCBI taxonomy; retained in source inventory
attested_taxon	NCBITaxon:3109363	not in pinned NCBI taxonomy; retained in source inventory
attested_taxon	NCBITaxon:3110541	not in pinned NCBI taxonomy; retained in source inventory
attested_taxon	NCBITaxon:3110770	not in pinned NCBI taxonomy; retained in source inventory
attested_taxon	NCBITaxon:3111639	not in pinned NCBI taxonomy; retained in source inventory
attested_taxon	NCBITaxon:3111767	not in pinned NCBI taxonomy; retained in source inventory
attested_taxon	NCBITaxon:3111768	not in pinned NCBI taxonomy; retained in source inventory
attested_taxon	NCBITaxon:3111774	not in pinned NCBI taxonomy; retained in source inventory
attested_taxon	NCBITaxon:3111921	not in pinned NCBI taxonomy; retained in source inventory
attested_taxon	NCBITaxon:3113619	not in pinned NCBI taxonomy; retained in source inventory
attested_taxon	NCBITaxon:3119914	not in pinned NCBI taxonomy; retained in source inventory
attested_taxon	NCBITaxon:3119925	not in pinned NCBI taxonomy; retained in source inventory
attested_taxon	NCBITaxon:3119927	not in pinned NCBI taxonomy; retained in source inventory
attested_taxon	NCBITaxon:3119928	not in pinned NCBI taxonomy; retained in source inventory
attested_taxon	NCBITaxon:3119930	not in pinned NCBI taxonomy; retained in source inventory
attested_taxon	NCBITaxon:3119931	not in pinned NCBI taxonomy; retained in source inventory
attested_taxon	NCBITaxon:3119933	not in pinned NCBI taxonomy; retained in source inventory
attested_taxon	NCBITaxon:3119934	not in pinned NCBI taxonomy; retained in source inventory
attested_taxon	NCBITaxon:3119936	not in pinned NCBI taxonomy; retained in source inventory
attested_taxon	NCBITaxon:3119937	not in pinned NCBI taxonomy; retained in source inventory
attested_taxon	NCBITaxon:3119938	not in pinned NCBI taxonomy; retained in source inventory
attested_taxon	NCBITaxon:3119939	not in pinned NCBI taxonomy; retained in source inventory
attested_taxon	NCBITaxon:3119940	not in pinned NCBI taxonomy; retained in source inventory
attested_taxon	NCBITaxon:3119941	not in pinned NCBI taxonomy; retained in source inventory
attested_taxon	NCBITaxon:3119942	not in pinned NCBI taxonomy; retained in source inventory
attested_taxon	NCBITaxon:3119943	not in pinned NCBI taxonomy; retained in source inventory
attested_taxon	NCBITaxon:3120521	not in pinned NCBI taxonomy; retained in source inventory
attested_taxon	NCBITaxon:3120523	not in pinned NCBI taxonomy; retained in source inventory
attested_taxon	NCBITaxon:3122399	not in pinned NCBI taxonomy; retained in source inventory
attested_taxon	NCBITaxon:3126528	not in pinned NCBI taxonomy; retained in source inventory
attested_taxon	NCBITaxon:3127120	not in pinned NCBI taxonomy; retained in source inventory
attested_taxon	NCBITaxon:3129235	not in pinned NCBI taxonomy; retained in source inventory
attested_taxon	NCBITaxon:3129238	not in pinned NCBI taxonomy; retained in source inventory
attested_taxon	NCBITaxon:3129239	not in pinned NCBI taxonomy; retained in source inventory
attested_taxon	NCBITaxon:3132261	not in pinned NCBI taxonomy; retained in source inventory
attested_taxon	NCBITaxon:3132263	not in pinned NCBI taxonomy; retained in source inventory
attested_taxon	NCBITaxon:3132266	not in pinned NCBI taxonomy; retained in source inventory
attested_taxon	NCBITaxon:3132267	not in pinned NCBI taxonomy; retained in source inventory
attested_taxon	NCBITaxon:3132268	not in pinned NCBI taxonomy; retained in source inventory
attested_taxon	NCBITaxon:3132269	not in pinned NCBI taxonomy; retained in source inventory
attested_taxon	NCBITaxon:3132270	not in pinned NCBI taxonomy; retained in source inventory
attested_taxon	NCBITaxon:3132271	not in pinned NCBI taxonomy; retained in source inventory
attested_taxon	NCBITaxon:3132272	not in pinned NCBI taxonomy; retained in source inventory
attested_taxon	NCBITaxon:3132273	not in pinned NCBI taxonomy; retained in source inventory
attested_taxon	NCBITaxon:3132274	not in pinned NCBI taxonomy; retained in source inventory
attested_taxon	NCBITaxon:3132275	not in pinned NCBI taxonomy; retained in source inventory
attested_taxon	NCBITaxon:3132276	not in pinned NCBI taxonomy; retained in source inventory
attested_taxon	NCBITaxon:3132277	not in pinned NCBI taxonomy; retained in source inventory
attested_taxon	NCBITaxon:3132278	not in pinned NCBI taxonomy; retained in source inventory
attested_taxon	NCBITaxon:3132279	not in pinned NCBI taxonomy; retained in source inventory
attested_taxon	NCBITaxon:3132280	not in pinned NCBI taxonomy; retained in source inventory
attested_taxon	NCBITaxon:3132281	not in pinned NCBI taxonomy; retained in source inventory
attested_taxon	NCBITaxon:3132282	not in pinned NCBI taxonomy; retained in source inventory
attested_taxon	NCBITaxon:3132288	not in pinned NCBI taxonomy; retained in source inventory
attested_taxon	NCBITaxon:3132290	not in pinned NCBI taxonomy; retained in source inventory
attested_taxon	NCBITaxon:3132295	not in pinned NCBI taxonomy; retained in source inventory
attested_taxon	NCBITaxon:3132297	not in pinned NCBI taxonomy; retained in source inventory
attested_taxon	NCBITaxon:3132298	not in pinned NCBI taxonomy; retained in source inventory
attested_taxon	NCBITaxon:3132299	not in pinned NCBI taxonomy; retained in source inventory
attested_taxon	NCBITaxon:3132302	not in pinned NCBI taxonomy; retained in source inventory
attested_taxon	NCBITaxon:3133160	not in pinned NCBI taxonomy; retained in source inventory
attested_taxon	NCBITaxon:3133605	not in pinned NCBI taxonomy; retained in source inventory
attested_taxon	NCBITaxon:3134791	not in pinned NCBI taxonomy; retained in source inventory
attested_taxon	NCBITaxon:3135640	not in pinned NCBI taxonomy; retained in source inventory
attested_taxon	NCBITaxon:3135642	not in pinned NCBI taxonomy; retained in source inventory
attested_taxon	NCBITaxon:3136561	not in pinned NCBI taxonomy; retained in source inventory
attested_taxon	NCBITaxon:3140243	not in pinned NCBI taxonomy; retained in source inventory
attested_taxon	NCBITaxon:3141399	not in pinned NCBI taxonomy; retained in source inventory
attested_taxon	NCBITaxon:314583	not in pinned NCBI taxonomy; retained in source inventory
attested_taxon	NCBITaxon:3152297	not in pinned NCBI taxonomy; retained in source inventory
attested_taxon	NCBITaxon:3153753	not in pinned NCBI taxonomy; retained in source inventory
attested_taxon	NCBITaxon:3156406	not in pinned NCBI taxonomy; retained in source inventory
attested_taxon	NCBITaxon:3156408	not in pinned NCBI taxonomy; retained in source inventory
attested_taxon	NCBITaxon:3156409	not in pinned NCBI taxonomy; retained in source inventory
attested_taxon	NCBITaxon:3156410	not in pinned NCBI taxonomy; retained in source inventory
attested_taxon	NCBITaxon:3157355	not in pinned NCBI taxonomy; retained in source inventory
attested_taxon	NCBITaxon:3163026	not in pinned NCBI taxonomy; retained in source inventory
attested_taxon	NCBITaxon:319236	not in pinned NCBI taxonomy; retained in source inventory
attested_taxon	NCBITaxon:321955	not in pinned NCBI taxonomy; retained in source inventory
attested_taxon	NCBITaxon:322609	not in pinned NCBI taxonomy; retained in source inventory
attested_taxon	NCBITaxon:3232159	not in pinned NCBI taxonomy; retained in source inventory
attested_taxon	NCBITaxon:3232160	not in pinned NCBI taxonomy; retained in source inventory
attested_taxon	NCBITaxon:3232161	not in pinned NCBI taxonomy; retained in source inventory
attested_taxon	NCBITaxon:3232163	not in pinned NCBI taxonomy; retained in source inventory
attested_taxon	NCBITaxon:3232164	not in pinned NCBI taxonomy; retained in source inventory
attested_taxon	NCBITaxon:3232165	not in pinned NCBI taxonomy; retained in source inventory
attested_taxon	NCBITaxon:3232166	not in pinned NCBI taxonomy; retained in source inventory
attested_taxon	NCBITaxon:3232167	not in pinned NCBI taxonomy; retained in source inventory
attested_taxon	NCBITaxon:3232168	not in pinned NCBI taxonomy; retained in source inventory
attested_taxon	NCBITaxon:3235177	not in pinned NCBI taxonomy; retained in source inventory
attested_taxon	NCBITaxon:3235178	not in pinned NCBI taxonomy; retained in source inventory
attested_taxon	NCBITaxon:3236988	not in pinned NCBI taxonomy; retained in source inventory
attested_taxon	NCBITaxon:3252634	not in pinned NCBI taxonomy; retained in source inventory
attested_taxon	NCBITaxon:3252635	not in pinned NCBI taxonomy; retained in source inventory
attested_taxon	NCBITaxon:3252651	not in pinned NCBI taxonomy; retained in source inventory
attested_taxon	NCBITaxon:3252655	not in pinned NCBI taxonomy; retained in source inventory
attested_taxon	NCBITaxon:3252657	not in pinned NCBI taxonomy; retained in source inventory
attested_taxon	NCBITaxon:3252661	not in pinned NCBI taxonomy; retained in source inventory
attested_taxon	NCBITaxon:3252662	not in pinned NCBI taxonomy; retained in source inventory
attested_taxon	NCBITaxon:3252665	not in pinned NCBI taxonomy; retained in source inventory
attested_taxon	NCBITaxon:3252667	not in pinned NCBI taxonomy; retained in source inventory
attested_taxon	NCBITaxon:3252668	not in pinned NCBI taxonomy; retained in source inventory
attested_taxon	NCBITaxon:3252669	not in pinned NCBI taxonomy; retained in source inventory
attested_taxon	NCBITaxon:3252670	not in pinned NCBI taxonomy; retained in source inventory
attested_taxon	NCBITaxon:3252686	not in pinned NCBI taxonomy; retained in source inventory
attested_taxon	NCBITaxon:3252688	not in pinned NCBI taxonomy; retained in source inventory
attested_taxon	NCBITaxon:3252689	not in pinned NCBI taxonomy; retained in source inventory
attested_taxon	NCBITaxon:3278706	not in pinned NCBI taxonomy; retained in source inventory
attested_taxon	NCBITaxon:328552	not in pinned NCBI taxonomy; retained in source inventory
attested_taxon	NCBITaxon:329525	not in pinned NCBI taxonomy; retained in source inventory
attested_taxon	NCBITaxon:330	not in pinned NCBI taxonomy; retained in source inventory
attested_taxon	NCBITaxon:3317334	not in pinned NCBI taxonomy; retained in source inventory
attested_taxon	NCBITaxon:3317339	not in pinned NCBI taxonomy; retained in source inventory
attested_taxon	NCBITaxon:3317343	not in pinned NCBI taxonomy; retained in source inventory
attested_taxon	NCBITaxon:3317347	not in pinned NCBI taxonomy; retained in source inventory
attested_taxon	NCBITaxon:332056	not in pinned NCBI taxonomy; retained in source inventory
attested_taxon	NCBITaxon:332057	not in pinned NCBI taxonomy; retained in source inventory
attested_taxon	NCBITaxon:332410	not in pinned NCBI taxonomy; retained in source inventory
attested_taxon	NCBITaxon:3342241	not in pinned NCBI taxonomy; retained in source inventory
attested_taxon	NCBITaxon:3342380	not in pinned NCBI taxonomy; retained in source inventory
attested_taxon	NCBITaxon:3342569	not in pinned NCBI taxonomy; retained in source inventory
attested_taxon	NCBITaxon:3342802	not in pinned NCBI taxonomy; retained in source inventory
attested_taxon	NCBITaxon:3342804	not in pinned NCBI taxonomy; retained in source inventory
attested_taxon	NCBITaxon:3342806	not in pinned NCBI taxonomy; retained in source inventory
attested_taxon	NCBITaxon:3344192	not in pinned NCBI taxonomy; retained in source inventory
attested_taxon	NCBITaxon:335659	not in pinned NCBI taxonomy; retained in source inventory
attested_taxon	NCBITaxon:335819	not in pinned NCBI taxonomy; retained in source inventory
attested_taxon	NCBITaxon:3366260	not in pinned NCBI taxonomy; retained in source inventory
attested_taxon	NCBITaxon:3366948	not in pinned NCBI taxonomy; retained in source inventory
attested_taxon	NCBITaxon:3366950	not in pinned NCBI taxonomy; retained in source inventory
attested_taxon	NCBITaxon:3366952	not in pinned NCBI taxonomy; retained in source inventory
attested_taxon	NCBITaxon:3374232	not in pinned NCBI taxonomy; retained in source inventory
attested_taxon	NCBITaxon:3374233	not in pinned NCBI taxonomy; retained in source inventory
attested_taxon	NCBITaxon:3374234	not in pinned NCBI taxonomy; retained in source inventory
attested_taxon	NCBITaxon:3374235	not in pinned NCBI taxonomy; retained in source inventory
attested_taxon	NCBITaxon:3374298	not in pinned NCBI taxonomy; retained in source inventory
attested_taxon	NCBITaxon:3375155	not in pinned NCBI taxonomy; retained in source inventory
attested_taxon	NCBITaxon:3375473	not in pinned NCBI taxonomy; retained in source inventory
attested_taxon	NCBITaxon:3375474	not in pinned NCBI taxonomy; retained in source inventory
attested_taxon	NCBITaxon:3376286	not in pinned NCBI taxonomy; retained in source inventory
attested_taxon	NCBITaxon:3376287	not in pinned NCBI taxonomy; retained in source inventory
attested_taxon	NCBITaxon:3378765	not in pinned NCBI taxonomy; retained in source inventory
attested_taxon	NCBITaxon:3378796	not in pinned NCBI taxonomy; retained in source inventory
attested_taxon	NCBITaxon:3378797	not in pinned NCBI taxonomy; retained in source inventory
attested_taxon	NCBITaxon:338187	not in pinned NCBI taxonomy; retained in source inventory
attested_taxon	NCBITaxon:3382190	not in pinned NCBI taxonomy; retained in source inventory
attested_taxon	NCBITaxon:3382299	not in pinned NCBI taxonomy; retained in source inventory
attested_taxon	NCBITaxon:3382301	not in pinned NCBI taxonomy; retained in source inventory
attested_taxon	NCBITaxon:3383129	not in pinned NCBI taxonomy; retained in source inventory
attested_taxon	NCBITaxon:3383130	not in pinned NCBI taxonomy; retained in source inventory
attested_taxon	NCBITaxon:3383131	not in pinned NCBI taxonomy; retained in source inventory
attested_taxon	NCBITaxon:3383132	not in pinned NCBI taxonomy; retained in source inventory
attested_taxon	NCBITaxon:3383133	not in pinned NCBI taxonomy; retained in source inventory
attested_taxon	NCBITaxon:3383134	not in pinned NCBI taxonomy; retained in source inventory
attested_taxon	NCBITaxon:3383135	not in pinned NCBI taxonomy; retained in source inventory
attested_taxon	NCBITaxon:3383136	not in pinned NCBI taxonomy; retained in source inventory
attested_taxon	NCBITaxon:3383137	not in pinned NCBI taxonomy; retained in source inventory
attested_taxon	NCBITaxon:3383138	not in pinned NCBI taxonomy; retained in source inventory
attested_taxon	NCBITaxon:3383141	not in pinned NCBI taxonomy; retained in source inventory
attested_taxon	NCBITaxon:3383142	not in pinned NCBI taxonomy; retained in source inventory
attested_taxon	NCBITaxon:3383143	not in pinned NCBI taxonomy; retained in source inventory
attested_taxon	NCBITaxon:3383144	not in pinned NCBI taxonomy; retained in source inventory
attested_taxon	NCBITaxon:3383146	not in pinned NCBI taxonomy; retained in source inventory
attested_taxon	NCBITaxon:3383147	not in pinned NCBI taxonomy; retained in source inventory
attested_taxon	NCBITaxon:3383148	not in pinned NCBI taxonomy; retained in source inventory
attested_taxon	NCBITaxon:3383149	not in pinned NCBI taxonomy; retained in source inventory
attested_taxon	NCBITaxon:3383150	not in pinned NCBI taxonomy; retained in source inventory
attested_taxon	NCBITaxon:3383151	not in pinned NCBI taxonomy; retained in source inventory
attested_taxon	NCBITaxon:3383152	not in pinned NCBI taxonomy; retained in source inventory
attested_taxon	NCBITaxon:3383153	not in pinned NCBI taxonomy; retained in source inventory
attested_taxon	NCBITaxon:3383154	not in pinned NCBI taxonomy; retained in source inventory
attested_taxon	NCBITaxon:3383591	not in pinned NCBI taxonomy; retained in source inventory
attested_taxon	NCBITaxon:3385976	not in pinned NCBI taxonomy; retained in source inventory
attested_taxon	NCBITaxon:3387496	not in pinned NCBI taxonomy; retained in source inventory
attested_taxon	NCBITaxon:3387695	not in pinned NCBI taxonomy; retained in source inventory
attested_taxon	NCBITaxon:3388846	not in pinned NCBI taxonomy; retained in source inventory
attested_taxon	NCBITaxon:33909	not in pinned NCBI taxonomy; retained in source inventory
attested_taxon	NCBITaxon:3391030	not in pinned NCBI taxonomy; retained in source inventory
attested_taxon	NCBITaxon:3392298	not in pinned NCBI taxonomy; retained in source inventory
attested_taxon	NCBITaxon:339338	not in pinned NCBI taxonomy; retained in source inventory
attested_taxon	NCBITaxon:3393749	not in pinned NCBI taxonomy; retained in source inventory
attested_taxon	NCBITaxon:33961	not in pinned NCBI taxonomy; retained in source inventory
attested_taxon	NCBITaxon:3397678	not in pinned NCBI taxonomy; retained in source inventory
attested_taxon	NCBITaxon:3398581	not in pinned NCBI taxonomy; retained in source inventory
attested_taxon	NCBITaxon:3400170	not in pinned NCBI taxonomy; retained in source inventory
attested_taxon	NCBITaxon:3400342	not in pinned NCBI taxonomy; retained in source inventory
attested_taxon	NCBITaxon:3401173	not in pinned NCBI taxonomy; retained in source inventory
attested_taxon	NCBITaxon:3401659	not in pinned NCBI taxonomy; retained in source inventory
attested_taxon	NCBITaxon:3401660	not in pinned NCBI taxonomy; retained in source inventory
attested_taxon	NCBITaxon:3401661	not in pinned NCBI taxonomy; retained in source inventory
attested_taxon	NCBITaxon:3401662	not in pinned NCBI taxonomy; retained in source inventory
attested_taxon	NCBITaxon:3401663	not in pinned NCBI taxonomy; retained in source inventory
attested_taxon	NCBITaxon:3401664	not in pinned NCBI taxonomy; retained in source inventory
attested_taxon	NCBITaxon:3401665	not in pinned NCBI taxonomy; retained in source inventory
attested_taxon	NCBITaxon:3401666	not in pinned NCBI taxonomy; retained in source inventory
attested_taxon	NCBITaxon:3401667	not in pinned NCBI taxonomy; retained in source inventory
attested_taxon	NCBITaxon:3401668	not in pinned NCBI taxonomy; retained in source inventory
attested_taxon	NCBITaxon:3401669	not in pinned NCBI taxonomy; retained in source inventory
attested_taxon	NCBITaxon:3401670	not in pinned NCBI taxonomy; retained in source inventory
attested_taxon	NCBITaxon:3401671	not in pinned NCBI taxonomy; retained in source inventory
attested_taxon	NCBITaxon:3401672	not in pinned NCBI taxonomy; retained in source inventory
attested_taxon	NCBITaxon:3401673	not in pinned NCBI taxonomy; retained in source inventory
attested_taxon	NCBITaxon:3401674	not in pinned NCBI taxonomy; retained in source inventory
attested_taxon	NCBITaxon:3401675	not in pinned NCBI taxonomy; retained in source inventory
attested_taxon	NCBITaxon:3401676	not in pinned NCBI taxonomy; retained in source inventory
attested_taxon	NCBITaxon:3401677	not in pinned NCBI taxonomy; retained in source inventory
attested_taxon	NCBITaxon:3401678	not in pinned NCBI taxonomy; retained in source inventory
attested_taxon	NCBITaxon:3401679	not in pinned NCBI taxonomy; retained in source inventory
attested_taxon	NCBITaxon:3401680	not in pinned NCBI taxonomy; retained in source inventory
attested_taxon	NCBITaxon:3401681	not in pinned NCBI taxonomy; retained in source inventory
attested_taxon	NCBITaxon:3401682	not in pinned NCBI taxonomy; retained in source inventory
attested_taxon	NCBITaxon:3401683	not in pinned NCBI taxonomy; retained in source inventory
attested_taxon	NCBITaxon:3401684	not in pinned NCBI taxonomy; retained in source inventory
attested_taxon	NCBITaxon:3401685	not in pinned NCBI taxonomy; retained in source inventory
attested_taxon	NCBITaxon:3401686	not in pinned NCBI taxonomy; retained in source inventory
attested_taxon	NCBITaxon:3401687	not in pinned NCBI taxonomy; retained in source inventory
attested_taxon	NCBITaxon:3401688	not in pinned NCBI taxonomy; retained in source inventory
attested_taxon	NCBITaxon:3401689	not in pinned NCBI taxonomy; retained in source inventory
attested_taxon	NCBITaxon:3401690	not in pinned NCBI taxonomy; retained in source inventory
attested_taxon	NCBITaxon:3401691	not in pinned NCBI taxonomy; retained in source inventory
attested_taxon	NCBITaxon:3401692	not in pinned NCBI taxonomy; retained in source inventory
attested_taxon	NCBITaxon:3401693	not in pinned NCBI taxonomy; retained in source inventory
attested_taxon	NCBITaxon:3401694	not in pinned NCBI taxonomy; retained in source inventory
attested_taxon	NCBITaxon:3401695	not in pinned NCBI taxonomy; retained in source inventory
attested_taxon	NCBITaxon:3401716	not in pinned NCBI taxonomy; retained in source inventory
attested_taxon	NCBITaxon:3401717	not in pinned NCBI taxonomy; retained in source inventory
attested_taxon	NCBITaxon:3401719	not in pinned NCBI taxonomy; retained in source inventory
attested_taxon	NCBITaxon:3401721	not in pinned NCBI taxonomy; retained in source inventory
attested_taxon	NCBITaxon:3401722	not in pinned NCBI taxonomy; retained in source inventory
attested_taxon	NCBITaxon:3401723	not in pinned NCBI taxonomy; retained in source inventory
attested_taxon	NCBITaxon:3401724	not in pinned NCBI taxonomy; retained in source inventory
attested_taxon	NCBITaxon:3401727	not in pinned NCBI taxonomy; retained in source inventory
attested_taxon	NCBITaxon:3401730	not in pinned NCBI taxonomy; retained in source inventory
attested_taxon	NCBITaxon:3401731	not in pinned NCBI taxonomy; retained in source inventory
attested_taxon	NCBITaxon:3401733	not in pinned NCBI taxonomy; retained in source inventory
attested_taxon	NCBITaxon:3401734	not in pinned NCBI taxonomy; retained in source inventory
attested_taxon	NCBITaxon:3401735	not in pinned NCBI taxonomy; retained in source inventory
attested_taxon	NCBITaxon:3402156	not in pinned NCBI taxonomy; retained in source inventory
attested_taxon	NCBITaxon:3402174	not in pinned NCBI taxonomy; retained in source inventory
attested_taxon	NCBITaxon:3402175	not in pinned NCBI taxonomy; retained in source inventory
attested_taxon	NCBITaxon:3402308	not in pinned NCBI taxonomy; retained in source inventory
attested_taxon	NCBITaxon:3402309	not in pinned NCBI taxonomy; retained in source inventory
attested_taxon	NCBITaxon:3402813	not in pinned NCBI taxonomy; retained in source inventory
attested_taxon	NCBITaxon:3406572	not in pinned NCBI taxonomy; retained in source inventory
attested_taxon	NCBITaxon:3409758	not in pinned NCBI taxonomy; retained in source inventory
attested_taxon	NCBITaxon:3409994	not in pinned NCBI taxonomy; retained in source inventory
attested_taxon	NCBITaxon:3410134	not in pinned NCBI taxonomy; retained in source inventory
attested_taxon	NCBITaxon:3410406	not in pinned NCBI taxonomy; retained in source inventory
attested_taxon	NCBITaxon:3410407	not in pinned NCBI taxonomy; retained in source inventory
attested_taxon	NCBITaxon:3410408	not in pinned NCBI taxonomy; retained in source inventory
attested_taxon	NCBITaxon:3411713	not in pinned NCBI taxonomy; retained in source inventory
attested_taxon	NCBITaxon:3413460	not in pinned NCBI taxonomy; retained in source inventory
attested_taxon	NCBITaxon:3414490	not in pinned NCBI taxonomy; retained in source inventory
attested_taxon	NCBITaxon:3414740	not in pinned NCBI taxonomy; retained in source inventory
attested_taxon	NCBITaxon:3414999	not in pinned NCBI taxonomy; retained in source inventory
attested_taxon	NCBITaxon:3416136	not in pinned NCBI taxonomy; retained in source inventory
attested_taxon	NCBITaxon:3416137	not in pinned NCBI taxonomy; retained in source inventory
attested_taxon	NCBITaxon:3416138	not in pinned NCBI taxonomy; retained in source inventory
attested_taxon	NCBITaxon:3416655	not in pinned NCBI taxonomy; retained in source inventory
attested_taxon	NCBITaxon:3416907	not in pinned NCBI taxonomy; retained in source inventory
attested_taxon	NCBITaxon:3417200	not in pinned NCBI taxonomy; retained in source inventory
attested_taxon	NCBITaxon:3417201	not in pinned NCBI taxonomy; retained in source inventory
attested_taxon	NCBITaxon:3418176	not in pinned NCBI taxonomy; retained in source inventory
attested_taxon	NCBITaxon:3418487	not in pinned NCBI taxonomy; retained in source inventory
attested_taxon	NCBITaxon:3418488	not in pinned NCBI taxonomy; retained in source inventory
attested_taxon	NCBITaxon:3418590	not in pinned NCBI taxonomy; retained in source inventory
attested_taxon	NCBITaxon:3418770	not in pinned NCBI taxonomy; retained in source inventory
attested_taxon	NCBITaxon:3418962	not in pinned NCBI taxonomy; retained in source inventory
attested_taxon	NCBITaxon:3418993	not in pinned NCBI taxonomy; retained in source inventory
attested_taxon	NCBITaxon:3420440	not in pinned NCBI taxonomy; retained in source inventory
attested_taxon	NCBITaxon:3420441	not in pinned NCBI taxonomy; retained in source inventory
attested_taxon	NCBITaxon:3421637	not in pinned NCBI taxonomy; retained in source inventory
attested_taxon	NCBITaxon:3421643	not in pinned NCBI taxonomy; retained in source inventory
attested_taxon	NCBITaxon:3422593	not in pinned NCBI taxonomy; retained in source inventory
attested_taxon	NCBITaxon:3423919	not in pinned NCBI taxonomy; retained in source inventory
attested_taxon	NCBITaxon:3424759	not in pinned NCBI taxonomy; retained in source inventory
attested_taxon	NCBITaxon:3424760	not in pinned NCBI taxonomy; retained in source inventory
attested_taxon	NCBITaxon:3424849	not in pinned NCBI taxonomy; retained in source inventory
attested_taxon	NCBITaxon:342610	not in pinned NCBI taxonomy; retained in source inventory
attested_taxon	NCBITaxon:3438281	not in pinned NCBI taxonomy; retained in source inventory
attested_taxon	NCBITaxon:3438964	not in pinned NCBI taxonomy; retained in source inventory
attested_taxon	NCBITaxon:3439057	not in pinned NCBI taxonomy; retained in source inventory
attested_taxon	NCBITaxon:3439065	not in pinned NCBI taxonomy; retained in source inventory
attested_taxon	NCBITaxon:3440840	not in pinned NCBI taxonomy; retained in source inventory
attested_taxon	NCBITaxon:3440842	not in pinned NCBI taxonomy; retained in source inventory
attested_taxon	NCBITaxon:3443735	not in pinned NCBI taxonomy; retained in source inventory
attested_taxon	NCBITaxon:3443736	not in pinned NCBI taxonomy; retained in source inventory
attested_taxon	NCBITaxon:3443739	not in pinned NCBI taxonomy; retained in source inventory
attested_taxon	NCBITaxon:3443741	not in pinned NCBI taxonomy; retained in source inventory
attested_taxon	NCBITaxon:3446119	not in pinned NCBI taxonomy; retained in source inventory
attested_taxon	NCBITaxon:3446481	not in pinned NCBI taxonomy; retained in source inventory
attested_taxon	NCBITaxon:3450710	not in pinned NCBI taxonomy; retained in source inventory
attested_taxon	NCBITaxon:345347	not in pinned NCBI taxonomy; retained in source inventory
attested_taxon	NCBITaxon:35758	not in pinned NCBI taxonomy; retained in source inventory
attested_taxon	NCBITaxon:366526	not in pinned NCBI taxonomy; retained in source inventory
attested_taxon	NCBITaxon:366648	not in pinned NCBI taxonomy; retained in source inventory
attested_taxon	NCBITaxon:368454	not in pinned NCBI taxonomy; retained in source inventory
attested_taxon	NCBITaxon:36851	not in pinned NCBI taxonomy; retained in source inventory
attested_taxon	NCBITaxon:368812	not in pinned NCBI taxonomy; retained in source inventory
attested_taxon	NCBITaxon:369930	not in pinned NCBI taxonomy; retained in source inventory
attested_taxon	NCBITaxon:369932	not in pinned NCBI taxonomy; retained in source inventory
attested_taxon	NCBITaxon:37480	not in pinned NCBI taxonomy; retained in source inventory
attested_taxon	NCBITaxon:379597	not in pinned NCBI taxonomy; retained in source inventory
attested_taxon	NCBITaxon:386490	not in pinned NCBI taxonomy; retained in source inventory
attested_taxon	NCBITaxon:391935	not in pinned NCBI taxonomy; retained in source inventory
attested_taxon	NCBITaxon:395568	not in pinned NCBI taxonomy; retained in source inventory
attested_taxon	NCBITaxon:405714	not in pinned NCBI taxonomy; retained in source inventory
attested_taxon	NCBITaxon:409316	not in pinned NCBI taxonomy; retained in source inventory
attested_taxon	NCBITaxon:411487	not in pinned NCBI taxonomy; retained in source inventory
attested_taxon	NCBITaxon:413898	not in pinned NCBI taxonomy; retained in source inventory
attested_taxon	NCBITaxon:418522	not in pinned NCBI taxonomy; retained in source inventory
attested_taxon	NCBITaxon:418642	not in pinned NCBI taxonomy; retained in source inventory
attested_taxon	NCBITaxon:419596	not in pinned NCBI taxonomy; retained in source inventory
attested_taxon	NCBITaxon:420233	not in pinned NCBI taxonomy; retained in source inventory
attested_taxon	NCBITaxon:42565	not in pinned NCBI taxonomy; retained in source inventory
attested_taxon	NCBITaxon:425933	not in pinned NCBI taxonomy; retained in source inventory
attested_taxon	NCBITaxon:43357	not in pinned NCBI taxonomy; retained in source inventory
attested_taxon	NCBITaxon:440512	not in pinned NCBI taxonomy; retained in source inventory
attested_taxon	NCBITaxon:440518	not in pinned NCBI taxonomy; retained in source inventory
attested_taxon	NCBITaxon:443255	not in pinned NCBI taxonomy; retained in source inventory
attested_taxon	NCBITaxon:444923	not in pinned NCBI taxonomy; retained in source inventory
attested_taxon	NCBITaxon:451644	not in pinned NCBI taxonomy; retained in source inventory
attested_taxon	NCBITaxon:45461	not in pinned NCBI taxonomy; retained in source inventory
attested_taxon	NCBITaxon:455353	not in pinned NCBI taxonomy; retained in source inventory
attested_taxon	NCBITaxon:46170	not in pinned NCBI taxonomy; retained in source inventory
attested_taxon	NCBITaxon:469586	not in pinned NCBI taxonomy; retained in source inventory
attested_taxon	NCBITaxon:469587	not in pinned NCBI taxonomy; retained in source inventory
attested_taxon	NCBITaxon:469594	not in pinned NCBI taxonomy; retained in source inventory
attested_taxon	NCBITaxon:469595	not in pinned NCBI taxonomy; retained in source inventory
attested_taxon	NCBITaxon:469596	not in pinned NCBI taxonomy; retained in source inventory
attested_taxon	NCBITaxon:469598	not in pinned NCBI taxonomy; retained in source inventory
attested_taxon	NCBITaxon:469608	not in pinned NCBI taxonomy; retained in source inventory
attested_taxon	NCBITaxon:47304	not in pinned NCBI taxonomy; retained in source inventory
attested_taxon	NCBITaxon:482825	not in pinned NCBI taxonomy; retained in source inventory
attested_taxon	NCBITaxon:48937	not in pinned NCBI taxonomy; retained in source inventory
attested_taxon	NCBITaxon:491073	not in pinned NCBI taxonomy; retained in source inventory
attested_taxon	NCBITaxon:495036	not in pinned NCBI taxonomy; retained in source inventory
attested_taxon	NCBITaxon:502832	not in pinned NCBI taxonomy; retained in source inventory
attested_taxon	NCBITaxon:50340	not in pinned NCBI taxonomy; retained in source inventory
attested_taxon	NCBITaxon:50728	not in pinned NCBI taxonomy; retained in source inventory
attested_taxon	NCBITaxon:513651	not in pinned NCBI taxonomy; retained in source inventory
attested_taxon	NCBITaxon:516701	not in pinned NCBI taxonomy; retained in source inventory
attested_taxon	NCBITaxon:519423	not in pinned NCBI taxonomy; retained in source inventory
attested_taxon	NCBITaxon:526946	not in pinned NCBI taxonomy; retained in source inventory
attested_taxon	NCBITaxon:52765	not in pinned NCBI taxonomy; retained in source inventory
attested_taxon	NCBITaxon:52766	not in pinned NCBI taxonomy; retained in source inventory
attested_taxon	NCBITaxon:531939	not in pinned NCBI taxonomy; retained in source inventory
attested_taxon	NCBITaxon:531966	not in pinned NCBI taxonomy; retained in source inventory
attested_taxon	NCBITaxon:53423	not in pinned NCBI taxonomy; retained in source inventory
attested_taxon	NCBITaxon:546899	not in pinned NCBI taxonomy; retained in source inventory
attested_taxon	NCBITaxon:550448	not in pinned NCBI taxonomy; retained in source inventory
attested_taxon	NCBITaxon:554105	not in pinned NCBI taxonomy; retained in source inventory
attested_taxon	NCBITaxon:556262	not in pinned NCBI taxonomy; retained in source inventory
attested_taxon	NCBITaxon:563191	not in pinned NCBI taxonomy; retained in source inventory
attested_taxon	NCBITaxon:56545	not in pinned NCBI taxonomy; retained in source inventory
attested_taxon	NCBITaxon:57	not in pinned NCBI taxonomy; retained in source inventory
attested_taxon	NCBITaxon:571124	not in pinned NCBI taxonomy; retained in source inventory
attested_taxon	NCBITaxon:573412	not in pinned NCBI taxonomy; retained in source inventory
attested_taxon	NCBITaxon:575194	not in pinned NCBI taxonomy; retained in source inventory
attested_taxon	NCBITaxon:575195	not in pinned NCBI taxonomy; retained in source inventory
attested_taxon	NCBITaxon:58134	not in pinned NCBI taxonomy; retained in source inventory
attested_taxon	NCBITaxon:582442	not in pinned NCBI taxonomy; retained in source inventory
attested_taxon	NCBITaxon:58354	not in pinned NCBI taxonomy; retained in source inventory
attested_taxon	NCBITaxon:586411	not in pinned NCBI taxonomy; retained in source inventory
attested_taxon	NCBITaxon:595500	not in pinned NCBI taxonomy; retained in source inventory
attested_taxon	NCBITaxon:59917	not in pinned NCBI taxonomy; retained in source inventory
attested_taxon	NCBITaxon:621376	not in pinned NCBI taxonomy; retained in source inventory
attested_taxon	NCBITaxon:62153	not in pinned NCBI taxonomy; retained in source inventory
attested_taxon	NCBITaxon:62928	not in pinned NCBI taxonomy; retained in source inventory
attested_taxon	NCBITaxon:629680	not in pinned NCBI taxonomy; retained in source inventory
attested_taxon	NCBITaxon:631220	not in pinned NCBI taxonomy; retained in source inventory
attested_taxon	NCBITaxon:640511	not in pinned NCBI taxonomy; retained in source inventory
attested_taxon	NCBITaxon:644968	not in pinned NCBI taxonomy; retained in source inventory
attested_taxon	NCBITaxon:648567	not in pinned NCBI taxonomy; retained in source inventory
attested_taxon	NCBITaxon:654421	not in pinned NCBI taxonomy; retained in source inventory
attested_taxon	NCBITaxon:65497	not in pinned NCBI taxonomy; retained in source inventory
attested_taxon	NCBITaxon:656024	not in pinned NCBI taxonomy; retained in source inventory
attested_taxon	NCBITaxon:657310	not in pinned NCBI taxonomy; retained in source inventory
attested_taxon	NCBITaxon:658664	not in pinned NCBI taxonomy; retained in source inventory
attested_taxon	NCBITaxon:66372	not in pinned NCBI taxonomy; retained in source inventory
attested_taxon	NCBITaxon:665937	not in pinned NCBI taxonomy; retained in source inventory
attested_taxon	NCBITaxon:665938	not in pinned NCBI taxonomy; retained in source inventory
attested_taxon	NCBITaxon:665945	not in pinned NCBI taxonomy; retained in source inventory
attested_taxon	NCBITaxon:665948	not in pinned NCBI taxonomy; retained in source inventory
attested_taxon	NCBITaxon:667585	not in pinned NCBI taxonomy; retained in source inventory
attested_taxon	NCBITaxon:667632	not in pinned NCBI taxonomy; retained in source inventory
attested_taxon	NCBITaxon:66857	not in pinned NCBI taxonomy; retained in source inventory
attested_taxon	NCBITaxon:66873	not in pinned NCBI taxonomy; retained in source inventory
attested_taxon	NCBITaxon:66877	not in pinned NCBI taxonomy; retained in source inventory
attested_taxon	NCBITaxon:66889	not in pinned NCBI taxonomy; retained in source inventory
attested_taxon	NCBITaxon:66898	not in pinned NCBI taxonomy; retained in source inventory
attested_taxon	NCBITaxon:671223	not in pinned NCBI taxonomy; retained in source inventory
attested_taxon	NCBITaxon:67270	not in pinned NCBI taxonomy; retained in source inventory
attested_taxon	NCBITaxon:67281	not in pinned NCBI taxonomy; retained in source inventory
attested_taxon	NCBITaxon:67295	not in pinned NCBI taxonomy; retained in source inventory
attested_taxon	NCBITaxon:67300	not in pinned NCBI taxonomy; retained in source inventory
attested_taxon	NCBITaxon:67308	not in pinned NCBI taxonomy; retained in source inventory
attested_taxon	NCBITaxon:67328	not in pinned NCBI taxonomy; retained in source inventory
attested_taxon	NCBITaxon:67334	not in pinned NCBI taxonomy; retained in source inventory
attested_taxon	NCBITaxon:67340	not in pinned NCBI taxonomy; retained in source inventory
attested_taxon	NCBITaxon:67349	not in pinned NCBI taxonomy; retained in source inventory
attested_taxon	NCBITaxon:67354	not in pinned NCBI taxonomy; retained in source inventory
attested_taxon	NCBITaxon:67382	not in pinned NCBI taxonomy; retained in source inventory
attested_taxon	NCBITaxon:675810	not in pinned NCBI taxonomy; retained in source inventory
attested_taxon	NCBITaxon:68043	not in pinned NCBI taxonomy; retained in source inventory
attested_taxon	NCBITaxon:68044	not in pinned NCBI taxonomy; retained in source inventory
attested_taxon	NCBITaxon:68172	not in pinned NCBI taxonomy; retained in source inventory
attested_taxon	NCBITaxon:68178	not in pinned NCBI taxonomy; retained in source inventory
attested_taxon	NCBITaxon:68189	not in pinned NCBI taxonomy; retained in source inventory
attested_taxon	NCBITaxon:68201	not in pinned NCBI taxonomy; retained in source inventory
attested_taxon	NCBITaxon:68202	not in pinned NCBI taxonomy; retained in source inventory
attested_taxon	NCBITaxon:68204	not in pinned NCBI taxonomy; retained in source inventory
attested_taxon	NCBITaxon:68208	not in pinned NCBI taxonomy; retained in source inventory
attested_taxon	NCBITaxon:68210	not in pinned NCBI taxonomy; retained in source inventory
attested_taxon	NCBITaxon:68216	not in pinned NCBI taxonomy; retained in source inventory
attested_taxon	NCBITaxon:68243	not in pinned NCBI taxonomy; retained in source inventory
attested_taxon	NCBITaxon:683307	not in pinned NCBI taxonomy; retained in source inventory
attested_taxon	NCBITaxon:683313	not in pinned NCBI taxonomy; retained in source inventory
attested_taxon	NCBITaxon:684949	not in pinned NCBI taxonomy; retained in source inventory
attested_taxon	NCBITaxon:68570	not in pinned NCBI taxonomy; retained in source inventory
attested_taxon	NCBITaxon:686332	not in pinned NCBI taxonomy; retained in source inventory
attested_taxon	NCBITaxon:686830	not in pinned NCBI taxonomy; retained in source inventory
attested_taxon	NCBITaxon:690871	not in pinned NCBI taxonomy; retained in source inventory
attested_taxon	NCBITaxon:692722	not in pinned NCBI taxonomy; retained in source inventory
attested_taxon	NCBITaxon:693851	not in pinned NCBI taxonomy; retained in source inventory
attested_taxon	NCBITaxon:697871	not in pinned NCBI taxonomy; retained in source inventory
attested_taxon	NCBITaxon:698956	not in pinned NCBI taxonomy; retained in source inventory
attested_taxon	NCBITaxon:698961	not in pinned NCBI taxonomy; retained in source inventory
attested_taxon	NCBITaxon:699218	not in pinned NCBI taxonomy; retained in source inventory
attested_taxon	NCBITaxon:718014	not in pinned NCBI taxonomy; retained in source inventory
attested_taxon	NCBITaxon:72759	not in pinned NCBI taxonomy; retained in source inventory
attested_taxon	NCBITaxon:741091	not in pinned NCBI taxonomy; retained in source inventory
attested_taxon	NCBITaxon:744463	not in pinned NCBI taxonomy; retained in source inventory
attested_taxon	NCBITaxon:754084	not in pinned NCBI taxonomy; retained in source inventory
attested_taxon	NCBITaxon:758602	not in pinned NCBI taxonomy; retained in source inventory
attested_taxon	NCBITaxon:76756	not in pinned NCBI taxonomy; retained in source inventory
attested_taxon	NCBITaxon:76884	not in pinned NCBI taxonomy; retained in source inventory
attested_taxon	NCBITaxon:771855	not in pinned NCBI taxonomy; retained in source inventory
attested_taxon	NCBITaxon:795666	not in pinned NCBI taxonomy; retained in source inventory
attested_taxon	NCBITaxon:81030	not in pinned NCBI taxonomy; retained in source inventory
attested_taxon	NCBITaxon:81037	not in pinned NCBI taxonomy; retained in source inventory
attested_taxon	NCBITaxon:81424	not in pinned NCBI taxonomy; retained in source inventory
attested_taxon	NCBITaxon:82076	not in pinned NCBI taxonomy; retained in source inventory
attested_taxon	NCBITaxon:83340	not in pinned NCBI taxonomy; retained in source inventory
attested_taxon	NCBITaxon:83383	not in pinned NCBI taxonomy; retained in source inventory
attested_taxon	NCBITaxon:84029	not in pinned NCBI taxonomy; retained in source inventory
attested_taxon	NCBITaxon:84292	not in pinned NCBI taxonomy; retained in source inventory
attested_taxon	NCBITaxon:85643	not in pinned NCBI taxonomy; retained in source inventory
attested_taxon	NCBITaxon:857227	not in pinned NCBI taxonomy; retained in source inventory
attested_taxon	NCBITaxon:860246	not in pinned NCBI taxonomy; retained in source inventory
attested_taxon	NCBITaxon:861208	not in pinned NCBI taxonomy; retained in source inventory
attested_taxon	NCBITaxon:861530	not in pinned NCBI taxonomy; retained in source inventory
attested_taxon	NCBITaxon:863643	not in pinned NCBI taxonomy; retained in source inventory
attested_taxon	NCBITaxon:86662	not in pinned NCBI taxonomy; retained in source inventory
attested_taxon	NCBITaxon:866775	not in pinned NCBI taxonomy; retained in source inventory
attested_taxon	NCBITaxon:876044	not in pinned NCBI taxonomy; retained in source inventory
attested_taxon	NCBITaxon:88075	not in pinned NCBI taxonomy; retained in source inventory
attested_taxon	NCBITaxon:882080	not in pinned NCBI taxonomy; retained in source inventory
attested_taxon	NCBITaxon:90270	not in pinned NCBI taxonomy; retained in source inventory
attested_taxon	NCBITaxon:903916	not in pinned NCBI taxonomy; retained in source inventory
attested_taxon	NCBITaxon:903917	not in pinned NCBI taxonomy; retained in source inventory
attested_taxon	NCBITaxon:911239	not in pinned NCBI taxonomy; retained in source inventory
attested_taxon	NCBITaxon:92835	not in pinned NCBI taxonomy; retained in source inventory
attested_taxon	NCBITaxon:935543	not in pinned NCBI taxonomy; retained in source inventory
attested_taxon	NCBITaxon:935563	not in pinned NCBI taxonomy; retained in source inventory
attested_taxon	NCBITaxon:93930	not in pinned NCBI taxonomy; retained in source inventory
attested_taxon	NCBITaxon:940260	not in pinned NCBI taxonomy; retained in source inventory
attested_taxon	NCBITaxon:941770	not in pinned NCBI taxonomy; retained in source inventory
attested_taxon	NCBITaxon:95160	not in pinned NCBI taxonomy; retained in source inventory
attested_taxon	NCBITaxon:96101	not in pinned NCBI taxonomy; retained in source inventory
attested_taxon	NCBITaxon:97139	not in pinned NCBI taxonomy; retained in source inventory
attested_taxon	NCBITaxon:981223	not in pinned NCBI taxonomy; retained in source inventory
attested_taxon	NCBITaxon:981224	not in pinned NCBI taxonomy; retained in source inventory
attested_taxon	NCBITaxon:981426	not in pinned NCBI taxonomy; retained in source inventory
attested_taxon	NCBITaxon:991998	not in pinned NCBI taxonomy; retained in source inventory
attested_taxon	NCBITaxon:991999	not in pinned NCBI taxonomy; retained in source inventory
attested_taxon	NCBITaxon:992010	not in pinned NCBI taxonomy; retained in source inventory
attested_taxon	NCBITaxon:992011	not in pinned NCBI taxonomy; retained in source inventory
bacdive_strain	kgmicrobe.strain:bacdive_874	no NCBI parent
bacdive_strain	kgmicrobe.strain:bacdive_1198	no NCBI parent
bacdive_strain	kgmicrobe.strain:bacdive_2675	no NCBI parent
bacdive_strain	kgmicrobe.strain:bacdive_3976	no NCBI parent
bacdive_strain	kgmicrobe.strain:bacdive_4231	no NCBI parent
bacdive_strain	kgmicrobe.strain:bacdive_4232	no NCBI parent
bacdive_strain	kgmicrobe.strain:bacdive_4233	no NCBI parent
bacdive_strain	kgmicrobe.strain:bacdive_6186	no NCBI parent
bacdive_strain	kgmicrobe.strain:bacdive_7577	no NCBI parent
bacdive_strain	kgmicrobe.strain:bacdive_7599	no NCBI parent
bacdive_strain	kgmicrobe.strain:bacdive_7835	no NCBI parent
bacdive_strain	kgmicrobe.strain:bacdive_8098	no NCBI parent
bacdive_strain	kgmicrobe.strain:bacdive_8099	no NCBI parent
bacdive_strain	kgmicrobe.strain:bacdive_8100	no NCBI parent
bacdive_strain	kgmicrobe.strain:bacdive_8101	no NCBI parent
bacdive_strain	kgmicrobe.strain:bacdive_8102	no NCBI parent
bacdive_strain	kgmicrobe.strain:bacdive_8103	no NCBI parent
bacdive_strain	kgmicrobe.strain:bacdive_8105	no NCBI parent
bacdive_strain	kgmicrobe.strain:bacdive_8106	no NCBI parent
bacdive_strain	kgmicrobe.strain:bacdive_8107	no NCBI parent
bacdive_strain	kgmicrobe.strain:bacdive_8108	no NCBI parent
bacdive_strain	kgmicrobe.strain:bacdive_8109	no NCBI parent
bacdive_strain	kgmicrobe.strain:bacdive_8113	no NCBI parent
bacdive_strain	kgmicrobe.strain:bacdive_8114	no NCBI parent
bacdive_strain	kgmicrobe.strain:bacdive_8115	no NCBI parent
bacdive_strain	kgmicrobe.strain:bacdive_8116	no NCBI parent
bacdive_strain	kgmicrobe.strain:bacdive_8117	no NCBI parent
bacdive_strain	kgmicrobe.strain:bacdive_8119	no NCBI parent
bacdive_strain	kgmicrobe.strain:bacdive_8120	no NCBI parent
bacdive_strain	kgmicrobe.strain:bacdive_8121	no NCBI parent
bacdive_strain	kgmicrobe.strain:bacdive_10440	no NCBI parent
bacdive_strain	kgmicrobe.strain:bacdive_10441	no NCBI parent
bacdive_strain	kgmicrobe.strain:bacdive_10443	no NCBI parent
bacdive_strain	kgmicrobe.strain:bacdive_10616	no NCBI parent
bacdive_strain	kgmicrobe.strain:bacdive_10772	no NCBI parent
bacdive_strain	kgmicrobe.strain:bacdive_10812	no NCBI parent
bacdive_strain	kgmicrobe.strain:bacdive_10819	no NCBI parent
bacdive_strain	kgmicrobe.strain:bacdive_11196	no NCBI parent
bacdive_strain	kgmicrobe.strain:bacdive_11197	no NCBI parent
bacdive_strain	kgmicrobe.strain:bacdive_11213	no NCBI parent
bacdive_strain	kgmicrobe.strain:bacdive_11224	no NCBI parent
bacdive_strain	kgmicrobe.strain:bacdive_11225	no NCBI parent
bacdive_strain	kgmicrobe.strain:bacdive_11226	no NCBI parent
bacdive_strain	kgmicrobe.strain:bacdive_11227	no NCBI parent
bacdive_strain	kgmicrobe.strain:bacdive_11228	no NCBI parent
bacdive_strain	kgmicrobe.strain:bacdive_11229	no NCBI parent
bacdive_strain	kgmicrobe.strain:bacdive_13539	no NCBI parent
bacdive_strain	kgmicrobe.strain:bacdive_13919	no NCBI parent
bacdive_strain	kgmicrobe.strain:bacdive_14312	no NCBI parent
bacdive_strain	kgmicrobe.strain:bacdive_14837	no NCBI parent
bacdive_strain	kgmicrobe.strain:bacdive_14838	no NCBI parent
bacdive_strain	kgmicrobe.strain:bacdive_14839	no NCBI parent
bacdive_strain	kgmicrobe.strain:bacdive_14853	NCBI parent not in pinned taxonomy; source retained: NCBITaxon:58354
bacdive_strain	kgmicrobe.strain:bacdive_16380	no NCBI parent
bacdive_strain	kgmicrobe.strain:bacdive_16382	no NCBI parent
bacdive_strain	kgmicrobe.strain:bacdive_16400	no NCBI parent
bacdive_strain	kgmicrobe.strain:bacdive_16418	no NCBI parent
bacdive_strain	kgmicrobe.strain:bacdive_16420	no NCBI parent
bacdive_strain	kgmicrobe.strain:bacdive_16502	NCBI parent not in pinned taxonomy; source retained: NCBITaxon:531966
bacdive_strain	kgmicrobe.strain:bacdive_16617	no NCBI parent
bacdive_strain	kgmicrobe.strain:bacdive_16619	no NCBI parent
bacdive_strain	kgmicrobe.strain:bacdive_16803	no NCBI parent
bacdive_strain	kgmicrobe.strain:bacdive_16804	no NCBI parent
bacdive_strain	kgmicrobe.strain:bacdive_17728	no NCBI parent
bacdive_strain	kgmicrobe.strain:bacdive_18162	no NCBI parent
bacdive_strain	kgmicrobe.strain:bacdive_18233	no NCBI parent
bacdive_strain	kgmicrobe.strain:bacdive_18234	no NCBI parent
bacdive_strain	kgmicrobe.strain:bacdive_18235	no NCBI parent
bacdive_strain	kgmicrobe.strain:bacdive_18236	no NCBI parent
bacdive_strain	kgmicrobe.strain:bacdive_18237	no NCBI parent
bacdive_strain	kgmicrobe.strain:bacdive_18238	no NCBI parent
bacdive_strain	kgmicrobe.strain:bacdive_18239	no NCBI parent
bacdive_strain	kgmicrobe.strain:bacdive_18240	no NCBI parent
bacdive_strain	kgmicrobe.strain:bacdive_18241	no NCBI parent
bacdive_strain	kgmicrobe.strain:bacdive_18242	no NCBI parent
bacdive_strain	kgmicrobe.strain:bacdive_18243	no NCBI parent
bacdive_strain	kgmicrobe.strain:bacdive_18244	no NCBI parent
bacdive_strain	kgmicrobe.strain:bacdive_18245	no NCBI parent
bacdive_strain	kgmicrobe.strain:bacdive_18246	no NCBI parent
bacdive_strain	kgmicrobe.strain:bacdive_18247	no NCBI parent
bacdive_strain	kgmicrobe.strain:bacdive_18248	no NCBI parent
bacdive_strain	kgmicrobe.strain:bacdive_18249	no NCBI parent
bacdive_strain	kgmicrobe.strain:bacdive_18250	no NCBI parent
bacdive_strain	kgmicrobe.strain:bacdive_18251	no NCBI parent
bacdive_strain	kgmicrobe.strain:bacdive_18252	no NCBI parent
bacdive_strain	kgmicrobe.strain:bacdive_18308	no NCBI parent
bacdive_strain	kgmicrobe.strain:bacdive_18309	no NCBI parent
bacdive_strain	kgmicrobe.strain:bacdive_18310	no NCBI parent
bacdive_strain	kgmicrobe.strain:bacdive_18311	no NCBI parent
bacdive_strain	kgmicrobe.strain:bacdive_18312	no NCBI parent
bacdive_strain	kgmicrobe.strain:bacdive_18313	no NCBI parent
bacdive_strain	kgmicrobe.strain:bacdive_18315	no NCBI parent
bacdive_strain	kgmicrobe.strain:bacdive_18316	no NCBI parent
bacdive_strain	kgmicrobe.strain:bacdive_18319	no NCBI parent
bacdive_strain	kgmicrobe.strain:bacdive_18320	no NCBI parent
bacdive_strain	kgmicrobe.strain:bacdive_18321	no NCBI parent
bacdive_strain	kgmicrobe.strain:bacdive_18322	no NCBI parent
bacdive_strain	kgmicrobe.strain:bacdive_18486	no NCBI parent
bacdive_strain	kgmicrobe.strain:bacdive_18487	no NCBI parent
bacdive_strain	kgmicrobe.strain:bacdive_18488	no NCBI parent
bacdive_strain	kgmicrobe.strain:bacdive_18489	no NCBI parent
bacdive_strain	kgmicrobe.strain:bacdive_18490	no NCBI parent
bacdive_strain	kgmicrobe.strain:bacdive_18491	no NCBI parent
bacdive_strain	kgmicrobe.strain:bacdive_18600	no NCBI parent
bacdive_strain	kgmicrobe.strain:bacdive_18601	no NCBI parent
bacdive_strain	kgmicrobe.strain:bacdive_18602	no NCBI parent
bacdive_strain	kgmicrobe.strain:bacdive_18603	no NCBI parent
bacdive_strain	kgmicrobe.strain:bacdive_18604	no NCBI parent
bacdive_strain	kgmicrobe.strain:bacdive_18605	no NCBI parent
bacdive_strain	kgmicrobe.strain:bacdive_18631	no NCBI parent
bacdive_strain	kgmicrobe.strain:bacdive_18632	no NCBI parent
bacdive_strain	kgmicrobe.strain:bacdive_18633	no NCBI parent
bacdive_strain	kgmicrobe.strain:bacdive_18871	no NCBI parent
bacdive_strain	kgmicrobe.strain:bacdive_18988	no NCBI parent
bacdive_strain	kgmicrobe.strain:bacdive_19313	no NCBI parent
bacdive_strain	kgmicrobe.strain:bacdive_19447	no NCBI parent
bacdive_strain	kgmicrobe.strain:bacdive_19656	no NCBI parent
bacdive_strain	kgmicrobe.strain:bacdive_19679	no NCBI parent
bacdive_strain	kgmicrobe.strain:bacdive_19681	no NCBI parent
bacdive_strain	kgmicrobe.strain:bacdive_19683	no NCBI parent
bacdive_strain	kgmicrobe.strain:bacdive_20060	no NCBI parent
bacdive_strain	kgmicrobe.strain:bacdive_20065	no NCBI parent
bacdive_strain	kgmicrobe.strain:bacdive_20579	no NCBI parent
bacdive_strain	kgmicrobe.strain:bacdive_20873	no NCBI parent
bacdive_strain	kgmicrobe.strain:bacdive_20877	no NCBI parent
bacdive_strain	kgmicrobe.strain:bacdive_20882	no NCBI parent
bacdive_strain	kgmicrobe.strain:bacdive_20913	no NCBI parent
bacdive_strain	kgmicrobe.strain:bacdive_20916	no NCBI parent
bacdive_strain	kgmicrobe.strain:bacdive_21177	no NCBI parent
bacdive_strain	kgmicrobe.strain:bacdive_21178	no NCBI parent
bacdive_strain	kgmicrobe.strain:bacdive_21209	no NCBI parent
bacdive_strain	kgmicrobe.strain:bacdive_21211	no NCBI parent
bacdive_strain	kgmicrobe.strain:bacdive_21214	no NCBI parent
bacdive_strain	kgmicrobe.strain:bacdive_21217	no NCBI parent
bacdive_strain	kgmicrobe.strain:bacdive_21220	no NCBI parent
bacdive_strain	kgmicrobe.strain:bacdive_21225	no NCBI parent
bacdive_strain	kgmicrobe.strain:bacdive_21226	no NCBI parent
bacdive_strain	kgmicrobe.strain:bacdive_21227	no NCBI parent
bacdive_strain	kgmicrobe.strain:bacdive_21228	no NCBI parent
bacdive_strain	kgmicrobe.strain:bacdive_21229	no NCBI parent
bacdive_strain	kgmicrobe.strain:bacdive_21282	no NCBI parent
bacdive_strain	kgmicrobe.strain:bacdive_21524	no NCBI parent
bacdive_strain	kgmicrobe.strain:bacdive_21708	no NCBI parent
bacdive_strain	kgmicrobe.strain:bacdive_21932	no NCBI parent
bacdive_strain	kgmicrobe.strain:bacdive_22225	no NCBI parent
bacdive_strain	kgmicrobe.strain:bacdive_22226	no NCBI parent
bacdive_strain	kgmicrobe.strain:bacdive_22227	no NCBI parent
bacdive_strain	kgmicrobe.strain:bacdive_22239	no NCBI parent
bacdive_strain	kgmicrobe.strain:bacdive_22315	no NCBI parent
bacdive_strain	kgmicrobe.strain:bacdive_22316	no NCBI parent
bacdive_strain	kgmicrobe.strain:bacdive_22317	no NCBI parent
bacdive_strain	kgmicrobe.strain:bacdive_22318	no NCBI parent
bacdive_strain	kgmicrobe.strain:bacdive_22352	no NCBI parent
bacdive_strain	kgmicrobe.strain:bacdive_22353	no NCBI parent
bacdive_strain	kgmicrobe.strain:bacdive_22354	no NCBI parent
bacdive_strain	kgmicrobe.strain:bacdive_22355	no NCBI parent
bacdive_strain	kgmicrobe.strain:bacdive_22356	no NCBI parent
bacdive_strain	kgmicrobe.strain:bacdive_22370	no NCBI parent
bacdive_strain	kgmicrobe.strain:bacdive_22371	no NCBI parent
bacdive_strain	kgmicrobe.strain:bacdive_22637	no NCBI parent
bacdive_strain	kgmicrobe.strain:bacdive_22824	no NCBI parent
bacdive_strain	kgmicrobe.strain:bacdive_22825	no NCBI parent
bacdive_strain	kgmicrobe.strain:bacdive_22833	no NCBI parent
bacdive_strain	kgmicrobe.strain:bacdive_23351	no NCBI parent
bacdive_strain	kgmicrobe.strain:bacdive_23352	no NCBI parent
bacdive_strain	kgmicrobe.strain:bacdive_23353	no NCBI parent
bacdive_strain	kgmicrobe.strain:bacdive_23354	no NCBI parent
bacdive_strain	kgmicrobe.strain:bacdive_23355	no NCBI parent
bacdive_strain	kgmicrobe.strain:bacdive_23356	no NCBI parent
bacdive_strain	kgmicrobe.strain:bacdive_23357	no NCBI parent
bacdive_strain	kgmicrobe.strain:bacdive_23358	no NCBI parent
bacdive_strain	kgmicrobe.strain:bacdive_23401	no NCBI parent
bacdive_strain	kgmicrobe.strain:bacdive_23402	no NCBI parent
bacdive_strain	kgmicrobe.strain:bacdive_23403	no NCBI parent
bacdive_strain	kgmicrobe.strain:bacdive_23404	no NCBI parent
bacdive_strain	kgmicrobe.strain:bacdive_23405	no NCBI parent
bacdive_strain	kgmicrobe.strain:bacdive_23406	no NCBI parent
bacdive_strain	kgmicrobe.strain:bacdive_23407	no NCBI parent
bacdive_strain	kgmicrobe.strain:bacdive_23408	no NCBI parent
bacdive_strain	kgmicrobe.strain:bacdive_23409	no NCBI parent
bacdive_strain	kgmicrobe.strain:bacdive_23410	no NCBI parent
bacdive_strain	kgmicrobe.strain:bacdive_23411	no NCBI parent
bacdive_strain	kgmicrobe.strain:bacdive_23412	no NCBI parent
bacdive_strain	kgmicrobe.strain:bacdive_23413	no NCBI parent
bacdive_strain	kgmicrobe.strain:bacdive_23414	no NCBI parent
bacdive_strain	kgmicrobe.strain:bacdive_23415	no NCBI parent
bacdive_strain	kgmicrobe.strain:bacdive_23416	no NCBI parent
bacdive_strain	kgmicrobe.strain:bacdive_23417	no NCBI parent
bacdive_strain	kgmicrobe.strain:bacdive_23418	no NCBI parent
bacdive_strain	kgmicrobe.strain:bacdive_23419	no NCBI parent
bacdive_strain	kgmicrobe.strain:bacdive_23420	no NCBI parent
bacdive_strain	kgmicrobe.strain:bacdive_23421	no NCBI parent
bacdive_strain	kgmicrobe.strain:bacdive_23422	no NCBI parent
bacdive_strain	kgmicrobe.strain:bacdive_23423	no NCBI parent
bacdive_strain	kgmicrobe.strain:bacdive_23507	no NCBI parent
bacdive_strain	kgmicrobe.strain:bacdive_24824	no NCBI parent
bacdive_strain	kgmicrobe.strain:bacdive_24842	no NCBI parent
bacdive_strain	kgmicrobe.strain:bacdive_24851	no NCBI parent
bacdive_strain	kgmicrobe.strain:bacdive_100117	no NCBI parent
bacdive_strain	kgmicrobe.strain:bacdive_100178	no NCBI parent
bacdive_strain	kgmicrobe.strain:bacdive_100179	no NCBI parent
bacdive_strain	kgmicrobe.strain:bacdive_100591	no NCBI parent
bacdive_strain	kgmicrobe.strain:bacdive_100612	no NCBI parent
bacdive_strain	kgmicrobe.strain:bacdive_100640	no NCBI parent
bacdive_strain	kgmicrobe.strain:bacdive_100661	no NCBI parent
bacdive_strain	kgmicrobe.strain:bacdive_100662	no NCBI parent
bacdive_strain	kgmicrobe.strain:bacdive_100665	no NCBI parent
bacdive_strain	kgmicrobe.strain:bacdive_100896	no NCBI parent
bacdive_strain	kgmicrobe.strain:bacdive_100897	no NCBI parent
bacdive_strain	kgmicrobe.strain:bacdive_103173	no NCBI parent
bacdive_strain	kgmicrobe.strain:bacdive_103217	no NCBI parent
bacdive_strain	kgmicrobe.strain:bacdive_103218	no NCBI parent
bacdive_strain	kgmicrobe.strain:bacdive_103219	no NCBI parent
bacdive_strain	kgmicrobe.strain:bacdive_103220	no NCBI parent
bacdive_strain	kgmicrobe.strain:bacdive_103221	no NCBI parent
bacdive_strain	kgmicrobe.strain:bacdive_103245	no NCBI parent
bacdive_strain	kgmicrobe.strain:bacdive_103877	no NCBI parent
bacdive_strain	kgmicrobe.strain:bacdive_104249	no NCBI parent
bacdive_strain	kgmicrobe.strain:bacdive_104250	no NCBI parent
bacdive_strain	kgmicrobe.strain:bacdive_104251	no NCBI parent
bacdive_strain	kgmicrobe.strain:bacdive_105434	no NCBI parent
bacdive_strain	kgmicrobe.strain:bacdive_105499	no NCBI parent
bacdive_strain	kgmicrobe.strain:bacdive_126520	no NCBI parent
bacdive_strain	kgmicrobe.strain:bacdive_127690	no NCBI parent
bacdive_strain	kgmicrobe.strain:bacdive_127691	no NCBI parent
bacdive_strain	kgmicrobe.strain:bacdive_127692	no NCBI parent
bacdive_strain	kgmicrobe.strain:bacdive_127693	no NCBI parent
bacdive_strain	kgmicrobe.strain:bacdive_127694	no NCBI parent
bacdive_strain	kgmicrobe.strain:bacdive_127695	no NCBI parent
bacdive_strain	kgmicrobe.strain:bacdive_127700	no NCBI parent
bacdive_strain	kgmicrobe.strain:bacdive_127770	no NCBI parent
bacdive_strain	kgmicrobe.strain:bacdive_127772	no NCBI parent
bacdive_strain	kgmicrobe.strain:bacdive_127797	no NCBI parent
bacdive_strain	kgmicrobe.strain:bacdive_127798	no NCBI parent
bacdive_strain	kgmicrobe.strain:bacdive_127803	no NCBI parent
bacdive_strain	kgmicrobe.strain:bacdive_127804	no NCBI parent
bacdive_strain	kgmicrobe.strain:bacdive_127809	no NCBI parent
bacdive_strain	kgmicrobe.strain:bacdive_127821	no NCBI parent
bacdive_strain	kgmicrobe.strain:bacdive_127822	no NCBI parent
bacdive_strain	kgmicrobe.strain:bacdive_128260	no NCBI parent
bacdive_strain	kgmicrobe.strain:bacdive_128265	no NCBI parent
bacdive_strain	kgmicrobe.strain:bacdive_128380	no NCBI parent
bacdive_strain	kgmicrobe.strain:bacdive_128396	no NCBI parent
bacdive_strain	kgmicrobe.strain:bacdive_128531	no NCBI parent
bacdive_strain	kgmicrobe.strain:bacdive_128532	no NCBI parent
bacdive_strain	kgmicrobe.strain:bacdive_128533	no NCBI parent
bacdive_strain	kgmicrobe.strain:bacdive_128534	no NCBI parent
bacdive_strain	kgmicrobe.strain:bacdive_128535	no NCBI parent
bacdive_strain	kgmicrobe.strain:bacdive_130194	no NCBI parent
bacdive_strain	kgmicrobe.strain:bacdive_130207	no NCBI parent
bacdive_strain	kgmicrobe.strain:bacdive_130247	no NCBI parent
bacdive_strain	kgmicrobe.strain:bacdive_130676	no NCBI parent
bacdive_strain	kgmicrobe.strain:bacdive_130973	no NCBI parent
bacdive_strain	kgmicrobe.strain:bacdive_131062	no NCBI parent
bacdive_strain	kgmicrobe.strain:bacdive_131128	no NCBI parent
bacdive_strain	kgmicrobe.strain:bacdive_131149	no NCBI parent
bacdive_strain	kgmicrobe.strain:bacdive_131150	no NCBI parent
bacdive_strain	kgmicrobe.strain:bacdive_131151	no NCBI parent
bacdive_strain	kgmicrobe.strain:bacdive_131153	no NCBI parent
bacdive_strain	kgmicrobe.strain:bacdive_131384	no NCBI parent
bacdive_strain	kgmicrobe.strain:bacdive_131710	no NCBI parent
bacdive_strain	kgmicrobe.strain:bacdive_132011	no NCBI parent
bacdive_strain	kgmicrobe.strain:bacdive_132012	no NCBI parent
bacdive_strain	kgmicrobe.strain:bacdive_132013	no NCBI parent
bacdive_strain	kgmicrobe.strain:bacdive_132023	no NCBI parent
bacdive_strain	kgmicrobe.strain:bacdive_132027	no NCBI parent
bacdive_strain	kgmicrobe.strain:bacdive_132030	no NCBI parent
bacdive_strain	kgmicrobe.strain:bacdive_132084	no NCBI parent
bacdive_strain	kgmicrobe.strain:bacdive_132750	no NCBI parent
bacdive_strain	kgmicrobe.strain:bacdive_132752	no NCBI parent
bacdive_strain	kgmicrobe.strain:bacdive_132779	no NCBI parent
bacdive_strain	kgmicrobe.strain:bacdive_132822	no NCBI parent
bacdive_strain	kgmicrobe.strain:bacdive_132863	no NCBI parent
bacdive_strain	kgmicrobe.strain:bacdive_132869	no NCBI parent
bacdive_strain	kgmicrobe.strain:bacdive_132887	no NCBI parent
bacdive_strain	kgmicrobe.strain:bacdive_133137	NCBI parent not in pinned taxonomy; source retained: NCBITaxon:1520580
bacdive_strain	kgmicrobe.strain:bacdive_133913	NCBI parent not in pinned taxonomy; source retained: NCBITaxon:1187066
bacdive_strain	kgmicrobe.strain:bacdive_134610	no NCBI parent
bacdive_strain	kgmicrobe.strain:bacdive_134664	no NCBI parent
bacdive_strain	kgmicrobe.strain:bacdive_134677	no NCBI parent
bacdive_strain	kgmicrobe.strain:bacdive_134682	no NCBI parent
bacdive_strain	kgmicrobe.strain:bacdive_134684	no NCBI parent
bacdive_strain	kgmicrobe.strain:bacdive_134686	no NCBI parent
bacdive_strain	kgmicrobe.strain:bacdive_134687	no NCBI parent
bacdive_strain	kgmicrobe.strain:bacdive_134690	no NCBI parent
bacdive_strain	kgmicrobe.strain:bacdive_134695	no NCBI parent
bacdive_strain	kgmicrobe.strain:bacdive_134696	no NCBI parent
bacdive_strain	kgmicrobe.strain:bacdive_134891	no NCBI parent
bacdive_strain	kgmicrobe.strain:bacdive_135005	no NCBI parent
bacdive_strain	kgmicrobe.strain:bacdive_135038	no NCBI parent
bacdive_strain	kgmicrobe.strain:bacdive_135101	no NCBI parent
bacdive_strain	kgmicrobe.strain:bacdive_135102	no NCBI parent
bacdive_strain	kgmicrobe.strain:bacdive_135256	no NCBI parent
bacdive_strain	kgmicrobe.strain:bacdive_135546	no NCBI parent
bacdive_strain	kgmicrobe.strain:bacdive_135755	no NCBI parent
bacdive_strain	kgmicrobe.strain:bacdive_136074	no NCBI parent
bacdive_strain	kgmicrobe.strain:bacdive_136611	no NCBI parent
bacdive_strain	kgmicrobe.strain:bacdive_136796	no NCBI parent
bacdive_strain	kgmicrobe.strain:bacdive_136902	no NCBI parent
bacdive_strain	kgmicrobe.strain:bacdive_136921	no NCBI parent
bacdive_strain	kgmicrobe.strain:bacdive_136936	no NCBI parent
bacdive_strain	kgmicrobe.strain:bacdive_136957	no NCBI parent
bacdive_strain	kgmicrobe.strain:bacdive_136958	no NCBI parent
bacdive_strain	kgmicrobe.strain:bacdive_136986	no NCBI parent
bacdive_strain	kgmicrobe.strain:bacdive_136989	no NCBI parent
bacdive_strain	kgmicrobe.strain:bacdive_136998	no NCBI parent
bacdive_strain	kgmicrobe.strain:bacdive_137020	no NCBI parent
bacdive_strain	kgmicrobe.strain:bacdive_137027	no NCBI parent
bacdive_strain	kgmicrobe.strain:bacdive_137235	no NCBI parent
bacdive_strain	kgmicrobe.strain:bacdive_137371	no NCBI parent
bacdive_strain	kgmicrobe.strain:bacdive_137372	no NCBI parent
bacdive_strain	kgmicrobe.strain:bacdive_137374	no NCBI parent
bacdive_strain	kgmicrobe.strain:bacdive_137375	no NCBI parent
bacdive_strain	kgmicrobe.strain:bacdive_137378	no NCBI parent
bacdive_strain	kgmicrobe.strain:bacdive_137381	no NCBI parent
bacdive_strain	kgmicrobe.strain:bacdive_137538	no NCBI parent
bacdive_strain	kgmicrobe.strain:bacdive_137564	no NCBI parent
bacdive_strain	kgmicrobe.strain:bacdive_137567	no NCBI parent
bacdive_strain	kgmicrobe.strain:bacdive_137579	no NCBI parent
bacdive_strain	kgmicrobe.strain:bacdive_137903	no NCBI parent
bacdive_strain	kgmicrobe.strain:bacdive_138102	no NCBI parent
bacdive_strain	kgmicrobe.strain:bacdive_138453	no NCBI parent
bacdive_strain	kgmicrobe.strain:bacdive_138522	no NCBI parent
bacdive_strain	kgmicrobe.strain:bacdive_138545	no NCBI parent
bacdive_strain	kgmicrobe.strain:bacdive_138571	no NCBI parent
bacdive_strain	kgmicrobe.strain:bacdive_138687	no NCBI parent
bacdive_strain	kgmicrobe.strain:bacdive_138692	no NCBI parent
bacdive_strain	kgmicrobe.strain:bacdive_138790	no NCBI parent
bacdive_strain	kgmicrobe.strain:bacdive_139871	no NCBI parent
bacdive_strain	kgmicrobe.strain:bacdive_139872	no NCBI parent
bacdive_strain	kgmicrobe.strain:bacdive_139885	no NCBI parent
bacdive_strain	kgmicrobe.strain:bacdive_139937	no NCBI parent
bacdive_strain	kgmicrobe.strain:bacdive_139990	no NCBI parent
bacdive_strain	kgmicrobe.strain:bacdive_139991	no NCBI parent
bacdive_strain	kgmicrobe.strain:bacdive_140216	no NCBI parent
bacdive_strain	kgmicrobe.strain:bacdive_140223	no NCBI parent
bacdive_strain	kgmicrobe.strain:bacdive_140224	no NCBI parent
bacdive_strain	kgmicrobe.strain:bacdive_140225	no NCBI parent
bacdive_strain	kgmicrobe.strain:bacdive_140226	no NCBI parent
bacdive_strain	kgmicrobe.strain:bacdive_140433	no NCBI parent
bacdive_strain	kgmicrobe.strain:bacdive_140450	no NCBI parent
bacdive_strain	kgmicrobe.strain:bacdive_140641	NCBI parent not in pinned taxonomy; source retained: NCBITaxon:1257027
bacdive_strain	kgmicrobe.strain:bacdive_141289	no NCBI parent
bacdive_strain	kgmicrobe.strain:bacdive_141489	no NCBI parent
bacdive_strain	kgmicrobe.strain:bacdive_141505	no NCBI parent
bacdive_strain	kgmicrobe.strain:bacdive_141522	no NCBI parent
bacdive_strain	kgmicrobe.strain:bacdive_141530	no NCBI parent
bacdive_strain	kgmicrobe.strain:bacdive_141550	no NCBI parent
bacdive_strain	kgmicrobe.strain:bacdive_141554	no NCBI parent
bacdive_strain	kgmicrobe.strain:bacdive_141592	no NCBI parent
bacdive_strain	kgmicrobe.strain:bacdive_141595	no NCBI parent
bacdive_strain	kgmicrobe.strain:bacdive_142004	no NCBI parent
bacdive_strain	kgmicrobe.strain:bacdive_142005	no NCBI parent
bacdive_strain	kgmicrobe.strain:bacdive_142006	no NCBI parent
bacdive_strain	kgmicrobe.strain:bacdive_142149	no NCBI parent
bacdive_strain	kgmicrobe.strain:bacdive_142685	no NCBI parent
bacdive_strain	kgmicrobe.strain:bacdive_142686	no NCBI parent
bacdive_strain	kgmicrobe.strain:bacdive_142689	no NCBI parent
bacdive_strain	kgmicrobe.strain:bacdive_142690	no NCBI parent
bacdive_strain	kgmicrobe.strain:bacdive_142691	no NCBI parent
bacdive_strain	kgmicrobe.strain:bacdive_142692	no NCBI parent
bacdive_strain	kgmicrobe.strain:bacdive_142693	no NCBI parent
bacdive_strain	kgmicrobe.strain:bacdive_142932	no NCBI parent
bacdive_strain	kgmicrobe.strain:bacdive_142933	no NCBI parent
bacdive_strain	kgmicrobe.strain:bacdive_142967	no NCBI parent
bacdive_strain	kgmicrobe.strain:bacdive_143100	no NCBI parent
bacdive_strain	kgmicrobe.strain:bacdive_143143	no NCBI parent
bacdive_strain	kgmicrobe.strain:bacdive_143211	no NCBI parent
bacdive_strain	kgmicrobe.strain:bacdive_143248	no NCBI parent
bacdive_strain	kgmicrobe.strain:bacdive_143257	no NCBI parent
bacdive_strain	kgmicrobe.strain:bacdive_143535	no NCBI parent
bacdive_strain	kgmicrobe.strain:bacdive_143841	no NCBI parent
bacdive_strain	kgmicrobe.strain:bacdive_144057	no NCBI parent
bacdive_strain	kgmicrobe.strain:bacdive_144272	no NCBI parent
bacdive_strain	kgmicrobe.strain:bacdive_144445	no NCBI parent
bacdive_strain	kgmicrobe.strain:bacdive_144467	no NCBI parent
bacdive_strain	kgmicrobe.strain:bacdive_144501	no NCBI parent
bacdive_strain	kgmicrobe.strain:bacdive_144531	no NCBI parent
bacdive_strain	kgmicrobe.strain:bacdive_144570	no NCBI parent
bacdive_strain	kgmicrobe.strain:bacdive_144860	no NCBI parent
bacdive_strain	kgmicrobe.strain:bacdive_145016	no NCBI parent
bacdive_strain	kgmicrobe.strain:bacdive_145061	no NCBI parent
bacdive_strain	kgmicrobe.strain:bacdive_145090	no NCBI parent
bacdive_strain	kgmicrobe.strain:bacdive_145369	no NCBI parent
bacdive_strain	kgmicrobe.strain:bacdive_145615	no NCBI parent
bacdive_strain	kgmicrobe.strain:bacdive_145774	no NCBI parent
bacdive_strain	kgmicrobe.strain:bacdive_145775	no NCBI parent
bacdive_strain	kgmicrobe.strain:bacdive_145971	no NCBI parent
bacdive_strain	kgmicrobe.strain:bacdive_146034	no NCBI parent
bacdive_strain	kgmicrobe.strain:bacdive_146047	no NCBI parent
bacdive_strain	kgmicrobe.strain:bacdive_146100	no NCBI parent
bacdive_strain	kgmicrobe.strain:bacdive_146273	no NCBI parent
bacdive_strain	kgmicrobe.strain:bacdive_146297	no NCBI parent
bacdive_strain	kgmicrobe.strain:bacdive_146298	no NCBI parent
bacdive_strain	kgmicrobe.strain:bacdive_146299	no NCBI parent
bacdive_strain	kgmicrobe.strain:bacdive_146324	no NCBI parent
bacdive_strain	kgmicrobe.strain:bacdive_146450	no NCBI parent
bacdive_strain	kgmicrobe.strain:bacdive_146472	no NCBI parent
bacdive_strain	kgmicrobe.strain:bacdive_146504	no NCBI parent
bacdive_strain	kgmicrobe.strain:bacdive_146505	no NCBI parent
bacdive_strain	kgmicrobe.strain:bacdive_146515	no NCBI parent
bacdive_strain	kgmicrobe.strain:bacdive_146540	no NCBI parent
bacdive_strain	kgmicrobe.strain:bacdive_146655	no NCBI parent
bacdive_strain	kgmicrobe.strain:bacdive_146660	no NCBI parent
bacdive_strain	kgmicrobe.strain:bacdive_146709	no NCBI parent
bacdive_strain	kgmicrobe.strain:bacdive_146856	no NCBI parent
bacdive_strain	kgmicrobe.strain:bacdive_146857	no NCBI parent
bacdive_strain	kgmicrobe.strain:bacdive_146886	no NCBI parent
bacdive_strain	kgmicrobe.strain:bacdive_147078	no NCBI parent
bacdive_strain	kgmicrobe.strain:bacdive_147670	no NCBI parent
bacdive_strain	kgmicrobe.strain:bacdive_147671	no NCBI parent
bacdive_strain	kgmicrobe.strain:bacdive_147746	no NCBI parent
bacdive_strain	kgmicrobe.strain:bacdive_147848	no NCBI parent
bacdive_strain	kgmicrobe.strain:bacdive_147849	no NCBI parent
bacdive_strain	kgmicrobe.strain:bacdive_147851	no NCBI parent
bacdive_strain	kgmicrobe.strain:bacdive_147852	no NCBI parent
bacdive_strain	kgmicrobe.strain:bacdive_147881	no NCBI parent
bacdive_strain	kgmicrobe.strain:bacdive_147882	no NCBI parent
bacdive_strain	kgmicrobe.strain:bacdive_148165	no NCBI parent
bacdive_strain	kgmicrobe.strain:bacdive_148209	no NCBI parent
bacdive_strain	kgmicrobe.strain:bacdive_148320	no NCBI parent
bacdive_strain	kgmicrobe.strain:bacdive_148331	no NCBI parent
bacdive_strain	kgmicrobe.strain:bacdive_148373	no NCBI parent
bacdive_strain	kgmicrobe.strain:bacdive_148832	no NCBI parent
bacdive_strain	kgmicrobe.strain:bacdive_148963	no NCBI parent
bacdive_strain	kgmicrobe.strain:bacdive_149344	no NCBI parent
bacdive_strain	kgmicrobe.strain:bacdive_149551	no NCBI parent
bacdive_strain	kgmicrobe.strain:bacdive_149552	no NCBI parent
bacdive_strain	kgmicrobe.strain:bacdive_149553	no NCBI parent
bacdive_strain	kgmicrobe.strain:bacdive_149554	no NCBI parent
bacdive_strain	kgmicrobe.strain:bacdive_149555	no NCBI parent
bacdive_strain	kgmicrobe.strain:bacdive_149636	no NCBI parent
bacdive_strain	kgmicrobe.strain:bacdive_149732	no NCBI parent
bacdive_strain	kgmicrobe.strain:bacdive_150118	no NCBI parent
bacdive_strain	kgmicrobe.strain:bacdive_150739	no NCBI parent
bacdive_strain	kgmicrobe.strain:bacdive_150990	no NCBI parent
bacdive_strain	kgmicrobe.strain:bacdive_151091	no NCBI parent
bacdive_strain	kgmicrobe.strain:bacdive_151461	no NCBI parent
bacdive_strain	kgmicrobe.strain:bacdive_151697	no NCBI parent
bacdive_strain	kgmicrobe.strain:bacdive_151779	no NCBI parent
bacdive_strain	kgmicrobe.strain:bacdive_151844	no NCBI parent
bacdive_strain	kgmicrobe.strain:bacdive_152367	no NCBI parent
bacdive_strain	kgmicrobe.strain:bacdive_152418	no NCBI parent
bacdive_strain	kgmicrobe.strain:bacdive_152883	no NCBI parent
bacdive_strain	kgmicrobe.strain:bacdive_152959	no NCBI parent
bacdive_strain	kgmicrobe.strain:bacdive_153453	no NCBI parent
bacdive_strain	kgmicrobe.strain:bacdive_153557	no NCBI parent
bacdive_strain	kgmicrobe.strain:bacdive_153667	no NCBI parent
bacdive_strain	kgmicrobe.strain:bacdive_153740	no NCBI parent
bacdive_strain	kgmicrobe.strain:bacdive_153885	no NCBI parent
bacdive_strain	kgmicrobe.strain:bacdive_154490	no NCBI parent
bacdive_strain	kgmicrobe.strain:bacdive_154628	no NCBI parent
bacdive_strain	kgmicrobe.strain:bacdive_154798	no NCBI parent
bacdive_strain	kgmicrobe.strain:bacdive_154799	no NCBI parent
bacdive_strain	kgmicrobe.strain:bacdive_154830	no NCBI parent
bacdive_strain	kgmicrobe.strain:bacdive_154831	no NCBI parent
bacdive_strain	kgmicrobe.strain:bacdive_154833	no NCBI parent
bacdive_strain	kgmicrobe.strain:bacdive_154932	no NCBI parent
bacdive_strain	kgmicrobe.strain:bacdive_155019	no NCBI parent
bacdive_strain	kgmicrobe.strain:bacdive_155192	no NCBI parent
bacdive_strain	kgmicrobe.strain:bacdive_155245	no NCBI parent
bacdive_strain	kgmicrobe.strain:bacdive_155287	no NCBI parent
bacdive_strain	kgmicrobe.strain:bacdive_155312	no NCBI parent
bacdive_strain	kgmicrobe.strain:bacdive_155317	no NCBI parent
bacdive_strain	kgmicrobe.strain:bacdive_155342	no NCBI parent
bacdive_strain	kgmicrobe.strain:bacdive_155387	no NCBI parent
bacdive_strain	kgmicrobe.strain:bacdive_155613	no NCBI parent
bacdive_strain	kgmicrobe.strain:bacdive_155664	no NCBI parent
bacdive_strain	kgmicrobe.strain:bacdive_155883	no NCBI parent
bacdive_strain	kgmicrobe.strain:bacdive_155942	no NCBI parent
bacdive_strain	kgmicrobe.strain:bacdive_155948	no NCBI parent
bacdive_strain	kgmicrobe.strain:bacdive_155949	no NCBI parent
bacdive_strain	kgmicrobe.strain:bacdive_155957	no NCBI parent
bacdive_strain	kgmicrobe.strain:bacdive_156222	no NCBI parent
bacdive_strain	kgmicrobe.strain:bacdive_156235	no NCBI parent
bacdive_strain	kgmicrobe.strain:bacdive_156389	no NCBI parent
bacdive_strain	kgmicrobe.strain:bacdive_156785	no NCBI parent
bacdive_strain	kgmicrobe.strain:bacdive_156829	no NCBI parent
bacdive_strain	kgmicrobe.strain:bacdive_156831	no NCBI parent
bacdive_strain	kgmicrobe.strain:bacdive_156856	no NCBI parent
bacdive_strain	kgmicrobe.strain:bacdive_156971	no NCBI parent
bacdive_strain	kgmicrobe.strain:bacdive_157001	no NCBI parent
bacdive_strain	kgmicrobe.strain:bacdive_157007	no NCBI parent
bacdive_strain	kgmicrobe.strain:bacdive_157008	no NCBI parent
bacdive_strain	kgmicrobe.strain:bacdive_157128	no NCBI parent
bacdive_strain	kgmicrobe.strain:bacdive_157155	no NCBI parent
bacdive_strain	kgmicrobe.strain:bacdive_157163	no NCBI parent
bacdive_strain	kgmicrobe.strain:bacdive_157184	no NCBI parent
bacdive_strain	kgmicrobe.strain:bacdive_157338	no NCBI parent
bacdive_strain	kgmicrobe.strain:bacdive_157354	no NCBI parent
bacdive_strain	kgmicrobe.strain:bacdive_157392	no NCBI parent
bacdive_strain	kgmicrobe.strain:bacdive_157400	no NCBI parent
bacdive_strain	kgmicrobe.strain:bacdive_157526	no NCBI parent
bacdive_strain	kgmicrobe.strain:bacdive_157527	no NCBI parent
bacdive_strain	kgmicrobe.strain:bacdive_158112	no NCBI parent
bacdive_strain	kgmicrobe.strain:bacdive_158113	no NCBI parent
bacdive_strain	kgmicrobe.strain:bacdive_158114	no NCBI parent
bacdive_strain	kgmicrobe.strain:bacdive_158115	no NCBI parent
bacdive_strain	kgmicrobe.strain:bacdive_158116	no NCBI parent
bacdive_strain	kgmicrobe.strain:bacdive_158313	no NCBI parent
bacdive_strain	kgmicrobe.strain:bacdive_158339	no NCBI parent
bacdive_strain	kgmicrobe.strain:bacdive_158455	no NCBI parent
bacdive_strain	kgmicrobe.strain:bacdive_158456	no NCBI parent
bacdive_strain	kgmicrobe.strain:bacdive_158457	no NCBI parent
bacdive_strain	kgmicrobe.strain:bacdive_159352	no NCBI parent
bacdive_strain	kgmicrobe.strain:bacdive_159499	no NCBI parent
bacdive_strain	kgmicrobe.strain:bacdive_159500	no NCBI parent
bacdive_strain	kgmicrobe.strain:bacdive_159501	no NCBI parent
bacdive_strain	kgmicrobe.strain:bacdive_159502	no NCBI parent
bacdive_strain	kgmicrobe.strain:bacdive_159503	no NCBI parent
bacdive_strain	kgmicrobe.strain:bacdive_159823	no NCBI parent
bacdive_strain	kgmicrobe.strain:bacdive_160414	no NCBI parent
bacdive_strain	kgmicrobe.strain:bacdive_160646	no NCBI parent
bacdive_strain	kgmicrobe.strain:bacdive_161357	no NCBI parent
bacdive_strain	kgmicrobe.strain:bacdive_161530	no NCBI parent
bacdive_strain	kgmicrobe.strain:bacdive_161550	no NCBI parent
bacdive_strain	kgmicrobe.strain:bacdive_161813	no NCBI parent
bacdive_strain	kgmicrobe.strain:bacdive_162043	no NCBI parent
bacdive_strain	kgmicrobe.strain:bacdive_162179	no NCBI parent
bacdive_strain	kgmicrobe.strain:bacdive_162540	no NCBI parent
bacdive_strain	kgmicrobe.strain:bacdive_163484	no NCBI parent
bacdive_strain	kgmicrobe.strain:bacdive_164261	no NCBI parent
bacdive_strain	kgmicrobe.strain:bacdive_164416	no NCBI parent
bacdive_strain	kgmicrobe.strain:bacdive_164437	no NCBI parent
bacdive_strain	kgmicrobe.strain:bacdive_164831	no NCBI parent
bacdive_strain	kgmicrobe.strain:bacdive_164925	no NCBI parent
bacdive_strain	kgmicrobe.strain:bacdive_164943	no NCBI parent
bacdive_strain	kgmicrobe.strain:bacdive_164946	no NCBI parent
bacdive_strain	kgmicrobe.strain:bacdive_164951	no NCBI parent
bacdive_strain	kgmicrobe.strain:bacdive_164952	no NCBI parent
bacdive_strain	kgmicrobe.strain:bacdive_164966	no NCBI parent
bacdive_strain	kgmicrobe.strain:bacdive_164988	no NCBI parent
bacdive_strain	kgmicrobe.strain:bacdive_164995	no NCBI parent
bacdive_strain	kgmicrobe.strain:bacdive_165001	no NCBI parent
bacdive_strain	kgmicrobe.strain:bacdive_165002	no NCBI parent
bacdive_strain	kgmicrobe.strain:bacdive_165004	no NCBI parent
bacdive_strain	kgmicrobe.strain:bacdive_165036	no NCBI parent
bacdive_strain	kgmicrobe.strain:bacdive_165037	no NCBI parent
bacdive_strain	kgmicrobe.strain:bacdive_165038	no NCBI parent
bacdive_strain	kgmicrobe.strain:bacdive_165039	no NCBI parent
bacdive_strain	kgmicrobe.strain:bacdive_165040	no NCBI parent
bacdive_strain	kgmicrobe.strain:bacdive_165041	no NCBI parent
bacdive_strain	kgmicrobe.strain:bacdive_165044	no NCBI parent
bacdive_strain	kgmicrobe.strain:bacdive_165045	no NCBI parent
bacdive_strain	kgmicrobe.strain:bacdive_165046	no NCBI parent
bacdive_strain	kgmicrobe.strain:bacdive_165049	no NCBI parent
bacdive_strain	kgmicrobe.strain:bacdive_165055	no NCBI parent
bacdive_strain	kgmicrobe.strain:bacdive_165056	no NCBI parent
bacdive_strain	kgmicrobe.strain:bacdive_165058	no NCBI parent
bacdive_strain	kgmicrobe.strain:bacdive_165061	no NCBI parent
bacdive_strain	kgmicrobe.strain:bacdive_165062	no NCBI parent
bacdive_strain	kgmicrobe.strain:bacdive_165081	no NCBI parent
bacdive_strain	kgmicrobe.strain:bacdive_165082	no NCBI parent
bacdive_strain	kgmicrobe.strain:bacdive_165083	no NCBI parent
bacdive_strain	kgmicrobe.strain:bacdive_165084	no NCBI parent
bacdive_strain	kgmicrobe.strain:bacdive_165095	no NCBI parent
bacdive_strain	kgmicrobe.strain:bacdive_165117	no NCBI parent
bacdive_strain	kgmicrobe.strain:bacdive_165356	no NCBI parent
bacdive_strain	kgmicrobe.strain:bacdive_165386	no NCBI parent
bacdive_strain	kgmicrobe.strain:bacdive_165526	no NCBI parent
bacdive_strain	kgmicrobe.strain:bacdive_165534	no NCBI parent
bacdive_strain	kgmicrobe.strain:bacdive_165599	no NCBI parent
bacdive_strain	kgmicrobe.strain:bacdive_165738	no NCBI parent
bacdive_strain	kgmicrobe.strain:bacdive_166026	no NCBI parent
bacdive_strain	kgmicrobe.strain:bacdive_166106	no NCBI parent
bacdive_strain	kgmicrobe.strain:bacdive_166307	no NCBI parent
bacdive_strain	kgmicrobe.strain:bacdive_166334	no NCBI parent
bacdive_strain	kgmicrobe.strain:bacdive_168532	no NCBI parent
bacdive_strain	kgmicrobe.strain:bacdive_168753	no NCBI parent
bacdive_strain	kgmicrobe.strain:bacdive_168901	no NCBI parent
bacdive_strain	kgmicrobe.strain:bacdive_169216	no NCBI parent
bacdive_strain	kgmicrobe.strain:bacdive_169501	no NCBI parent
bacdive_strain	kgmicrobe.strain:bacdive_169574	no NCBI parent
bacdive_strain	kgmicrobe.strain:bacdive_169575	no NCBI parent
bacdive_strain	kgmicrobe.strain:bacdive_169576	no NCBI parent
bacdive_strain	kgmicrobe.strain:bacdive_169577	no NCBI parent
bacdive_strain	kgmicrobe.strain:bacdive_169578	no NCBI parent
bacdive_strain	kgmicrobe.strain:bacdive_169579	no NCBI parent
bacdive_strain	kgmicrobe.strain:bacdive_169580	no NCBI parent
bacdive_strain	kgmicrobe.strain:bacdive_169581	no NCBI parent
bacdive_strain	kgmicrobe.strain:bacdive_169582	no NCBI parent
bacdive_strain	kgmicrobe.strain:bacdive_169583	no NCBI parent
bacdive_strain	kgmicrobe.strain:bacdive_169585	no NCBI parent
bacdive_strain	kgmicrobe.strain:bacdive_169699	no NCBI parent
bacdive_strain	kgmicrobe.strain:bacdive_170137	no NCBI parent
bacdive_strain	kgmicrobe.strain:bacdive_170343	no NCBI parent
bacdive_strain	kgmicrobe.strain:bacdive_170919	no NCBI parent
bacdive_strain	kgmicrobe.strain:bacdive_170922	no NCBI parent
bacdive_strain	kgmicrobe.strain:bacdive_172306	no NCBI parent
bacdive_strain	kgmicrobe.strain:bacdive_172315	no NCBI parent
bacdive_strain	kgmicrobe.strain:bacdive_172659	no NCBI parent
bacdive_strain	kgmicrobe.strain:bacdive_172843	no NCBI parent
bacdive_strain	kgmicrobe.strain:bacdive_172844	no NCBI parent
bacdive_strain	kgmicrobe.strain:bacdive_172845	no NCBI parent
bacdive_strain	kgmicrobe.strain:bacdive_172846	no NCBI parent
bacdive_strain	kgmicrobe.strain:bacdive_172847	no NCBI parent
bacdive_strain	kgmicrobe.strain:bacdive_172848	no NCBI parent
bacdive_strain	kgmicrobe.strain:bacdive_172849	no NCBI parent
bacdive_strain	kgmicrobe.strain:bacdive_172850	no NCBI parent
bacdive_strain	kgmicrobe.strain:bacdive_172851	no NCBI parent
bacdive_strain	kgmicrobe.strain:bacdive_172852	no NCBI parent
bacdive_strain	kgmicrobe.strain:bacdive_172853	no NCBI parent
bacdive_strain	kgmicrobe.strain:bacdive_172854	no NCBI parent
bacdive_strain	kgmicrobe.strain:bacdive_172855	no NCBI parent
bacdive_strain	kgmicrobe.strain:bacdive_172856	no NCBI parent
bacdive_strain	kgmicrobe.strain:bacdive_172857	no NCBI parent
bacdive_strain	kgmicrobe.strain:bacdive_172858	no NCBI parent
bacdive_strain	kgmicrobe.strain:bacdive_173159	no NCBI parent
bacdive_strain	kgmicrobe.strain:bacdive_173160	no NCBI parent
bacdive_strain	kgmicrobe.strain:bacdive_173488	no NCBI parent
bacdive_strain	kgmicrobe.strain:bacdive_174271	no NCBI parent
bacdive_strain	kgmicrobe.strain:bacdive_174272	no NCBI parent
bacdive_strain	kgmicrobe.strain:bacdive_174273	no NCBI parent
bacdive_strain	kgmicrobe.strain:bacdive_174274	no NCBI parent
bacdive_strain	kgmicrobe.strain:bacdive_174275	no NCBI parent
bacdive_strain	kgmicrobe.strain:bacdive_174638	no NCBI parent
bacdive_strain	kgmicrobe.strain:bacdive_174639	no NCBI parent
bacdive_strain	kgmicrobe.strain:bacdive_174687	no NCBI parent
bacdive_strain	kgmicrobe.strain:bacdive_175247	no NCBI parent
bacdive_strain	kgmicrobe.strain:bacdive_175248	no NCBI parent
bacdive_strain	kgmicrobe.strain:bacdive_175249	no NCBI parent
bacdive_strain	kgmicrobe.strain:bacdive_175250	no NCBI parent
bacdive_strain	kgmicrobe.strain:bacdive_175255	no NCBI parent
bacdive_strain	kgmicrobe.strain:bacdive_175378	no NCBI parent
bacdive_strain	kgmicrobe.strain:bacdive_175379	no NCBI parent
bacdive_strain	kgmicrobe.strain:bacdive_175424	no NCBI parent
bacdive_strain	kgmicrobe.strain:bacdive_175503	no NCBI parent
bacdive_strain	kgmicrobe.strain:bacdive_175734	no NCBI parent
bacdive_strain	kgmicrobe.strain:bacdive_176234	no NCBI parent
bacdive_strain	kgmicrobe.strain:bacdive_176850	no NCBI parent
bacdive_strain	kgmicrobe.strain:bacdive_177467	no NCBI parent
bacdive_strain	kgmicrobe.strain:bacdive_177476	no NCBI parent
bacdive_strain	kgmicrobe.strain:bacdive_177709	no NCBI parent
bacdive_strain	kgmicrobe.strain:bacdive_177712	no NCBI parent
bacdive_strain	kgmicrobe.strain:bacdive_177713	no NCBI parent
bacdive_strain	kgmicrobe.strain:bacdive_177717	no NCBI parent
bacdive_strain	kgmicrobe.strain:bacdive_177718	no NCBI parent
bacdive_strain	kgmicrobe.strain:bacdive_177719	no NCBI parent
bacdive_strain	kgmicrobe.strain:bacdive_177720	no NCBI parent
bacdive_strain	kgmicrobe.strain:bacdive_177721	no NCBI parent
bacdive_strain	kgmicrobe.strain:bacdive_177724	no NCBI parent
bacdive_strain	kgmicrobe.strain:bacdive_177727	no NCBI parent
bacdive_strain	kgmicrobe.strain:bacdive_177728	no NCBI parent
bacdive_strain	kgmicrobe.strain:bacdive_177731	no NCBI parent
bacdive_strain	kgmicrobe.strain:bacdive_177736	no NCBI parent
bacdive_strain	kgmicrobe.strain:bacdive_177739	no NCBI parent
bacdive_strain	kgmicrobe.strain:bacdive_177751	no NCBI parent
bacdive_strain	kgmicrobe.strain:bacdive_177758	no NCBI parent
bacdive_strain	kgmicrobe.strain:bacdive_177759	no NCBI parent
bacdive_strain	kgmicrobe.strain:bacdive_177772	no NCBI parent
bacdive_strain	kgmicrobe.strain:bacdive_177783	no NCBI parent
bacdive_strain	kgmicrobe.strain:bacdive_177837	no NCBI parent
bacdive_strain	kgmicrobe.strain:bacdive_177887	no NCBI parent
bacdive_strain	kgmicrobe.strain:bacdive_177889	no NCBI parent
bacdive_strain	kgmicrobe.strain:bacdive_177900	no NCBI parent
bacdive_strain	kgmicrobe.strain:bacdive_177936	no NCBI parent
bacdive_strain	kgmicrobe.strain:bacdive_177942	no NCBI parent
bacdive_strain	kgmicrobe.strain:bacdive_177943	no NCBI parent
bacdive_strain	kgmicrobe.strain:bacdive_177944	no NCBI parent
bacdive_strain	kgmicrobe.strain:bacdive_177945	no NCBI parent
bacdive_strain	kgmicrobe.strain:bacdive_177969	no NCBI parent
bacdive_strain	kgmicrobe.strain:bacdive_177971	no NCBI parent
bacdive_strain	kgmicrobe.strain:bacdive_177992	no NCBI parent
bacdive_strain	kgmicrobe.strain:bacdive_178022	no NCBI parent
bacdive_strain	kgmicrobe.strain:bacdive_178648	no NCBI parent
bacdive_strain	kgmicrobe.strain:bacdive_178650	no NCBI parent
bacdive_strain	kgmicrobe.strain:bacdive_178659	no NCBI parent
bacdive_strain	kgmicrobe.strain:bacdive_178660	no NCBI parent
bacdive_strain	kgmicrobe.strain:bacdive_179119	no NCBI parent
bacdive_strain	kgmicrobe.strain:bacdive_179136	no NCBI parent
bacdive_strain	kgmicrobe.strain:bacdive_179165	no NCBI parent
bacdive_strain	kgmicrobe.strain:bacdive_179166	no NCBI parent
bvbrc_related	patric:1226298.3	unsupported biosample_accession; retained in source catalog
bvbrc_related	patric:1231352.3	unsupported bioproject_accession; retained in source catalog
bvbrc_related	patric:1231623.5	unsupported bioproject_accession; retained in source catalog
bvbrc_related	patric:1234668.3	unsupported bioproject_accession; retained in source catalog
bvbrc_related	patric:1288313.3	unsupported biosample_accession; retained in source catalog
bvbrc_related	patric:219334.4	unsupported biosample_accession; retained in source catalog
bvbrc_related	patric:867903.3	unsupported biosample_accession; retained in source catalog
bvbrc_related	patric:867903.3	unsupported biosample_accession; retained in source catalog
bvbrc_related	patric:887700.7	unsupported bioproject_accession; retained in source catalog
bvbrc_related	patric:981334.4	unsupported biosample_accession; retained in source catalog
gold_analysis	gold:Ga0223769	non-genome or unsupported AP TYPE: Transcriptome Analysis
gold_analysis	gold:Ga0223770	non-genome or unsupported AP TYPE: Transcriptome Analysis
gold_analysis	gold:Ga0223771	non-genome or unsupported AP TYPE: Transcriptome Analysis
gold_analysis	gold:Ga0223778	non-genome or unsupported AP TYPE: Transcriptome Analysis
gold_analysis	gold:Ga0223779	non-genome or unsupported AP TYPE: Transcriptome Analysis
gold_analysis	gold:Ga0223780	non-genome or unsupported AP TYPE: Transcriptome Analysis
gold_analysis	gold:Ga0223793	non-genome or unsupported AP TYPE: Transcriptome Analysis
gold_analysis	gold:Ga0223794	non-genome or unsupported AP TYPE: Transcriptome Analysis
gold_analysis	gold:Ga0223795	non-genome or unsupported AP TYPE: Transcriptome Analysis
gold_analysis	gold:Ga0223802	non-genome or unsupported AP TYPE: Transcriptome Analysis
gold_analysis	gold:Ga0223803	non-genome or unsupported AP TYPE: Transcriptome Analysis
gold_analysis	gold:Ga0223804	non-genome or unsupported AP TYPE: Transcriptome Analysis
gold_analysis	gold:Ga0223805	non-genome or unsupported AP TYPE: Transcriptome Analysis
gold_analysis	gold:Ga0223806	non-genome or unsupported AP TYPE: Transcriptome Analysis
gold_analysis	gold:Ga0223807	non-genome or unsupported AP TYPE: Transcriptome Analysis
gold_analysis	gold:Ga0223808	non-genome or unsupported AP TYPE: Transcriptome Analysis
gold_analysis	gold:Ga0223809	non-genome or unsupported AP TYPE: Transcriptome Analysis
gold_analysis	gold:Ga0223810	non-genome or unsupported AP TYPE: Transcriptome Analysis
gold_analysis	gold:Ga0223875	non-genome or unsupported AP TYPE: Transcriptome Analysis
gold_analysis	gold:Ga0223876	non-genome or unsupported AP TYPE: Transcriptome Analysis
gold_analysis	gold:Ga0223877	non-genome or unsupported AP TYPE: Transcriptome Analysis
gold_analysis	gold:Ga0223878	non-genome or unsupported AP TYPE: Transcriptome Analysis
gold_analysis	gold:Ga0223879	non-genome or unsupported AP TYPE: Transcriptome Analysis
gold_analysis	gold:Ga0223880	non-genome or unsupported AP TYPE: Transcriptome Analysis
gold_analysis	gold:Ga0223987	non-genome or unsupported AP TYPE: Transcriptome Analysis
gold_analysis	gold:Ga0223988	non-genome or unsupported AP TYPE: Transcriptome Analysis
gold_analysis	gold:Ga0223989	non-genome or unsupported AP TYPE: Transcriptome Analysis
gold_analysis	gold:Ga0223990	non-genome or unsupported AP TYPE: Transcriptome Analysis
gold_analysis	gold:Ga0223991	non-genome or unsupported AP TYPE: Transcriptome Analysis
gold_analysis	gold:Ga0223992	non-genome or unsupported AP TYPE: Transcriptome Analysis
gold_analysis	gold:Ga0223993	non-genome or unsupported AP TYPE: Transcriptome Analysis
gold_analysis	gold:Ga0223994	non-genome or unsupported AP TYPE: Transcriptome Analysis
gold_analysis	gold:Ga0223995	non-genome or unsupported AP TYPE: Transcriptome Analysis
gold_analysis	gold:Ga0223996	non-genome or unsupported AP TYPE: Transcriptome Analysis
gold_analysis	gold:Ga0223997	non-genome or unsupported AP TYPE: Transcriptome Analysis
gold_analysis	gold:Ga0223998	non-genome or unsupported AP TYPE: Transcriptome Analysis
gold_analysis	gold:Ga0223999	non-genome or unsupported AP TYPE: Transcriptome Analysis
gold_analysis	gold:Ga0224000	non-genome or unsupported AP TYPE: Transcriptome Analysis
gold_analysis	gold:Ga0224001	non-genome or unsupported AP TYPE: Transcriptome Analysis
gold_analysis	gold:Ga0224002	non-genome or unsupported AP TYPE: Transcriptome Analysis
gold_analysis	gold:Ga0224003	non-genome or unsupported AP TYPE: Transcriptome Analysis
gold_analysis	gold:Ga0224004	non-genome or unsupported AP TYPE: Transcriptome Analysis
gold_analysis	gold:Ga0224005	non-genome or unsupported AP TYPE: Transcriptome Analysis
gold_analysis	gold:Ga0224006	non-genome or unsupported AP TYPE: Transcriptome Analysis
gold_analysis	gold:Ga0224007	non-genome or unsupported AP TYPE: Transcriptome Analysis
gold_analysis	gold:Ga0224008	non-genome or unsupported AP TYPE: Transcriptome Analysis
gold_analysis	gold:Ga0224009	non-genome or unsupported AP TYPE: Transcriptome Analysis
gold_analysis	gold:Ga0224010	non-genome or unsupported AP TYPE: Transcriptome Analysis
gold_analysis	gold:Ga0224011	non-genome or unsupported AP TYPE: Transcriptome Analysis
gold_analysis	gold:Ga0224012	non-genome or unsupported AP TYPE: Transcriptome Analysis
gold_analysis	gold:Ga0224013	non-genome or unsupported AP TYPE: Transcriptome Analysis
gold_analysis	gold:Ga0224014	non-genome or unsupported AP TYPE: Transcriptome Analysis
gold_analysis	gold:Ga0224015	non-genome or unsupported AP TYPE: Transcriptome Analysis
gold_analysis	gold:Ga0224016	non-genome or unsupported AP TYPE: Transcriptome Analysis
gold_analysis	gold:Ga0224017	non-genome or unsupported AP TYPE: Transcriptome Analysis
gold_analysis	gold:Ga0224018	non-genome or unsupported AP TYPE: Transcriptome Analysis
gold_analysis	gold:Ga0224019	non-genome or unsupported AP TYPE: Transcriptome Analysis
gold_analysis	gold:Ga0224020	non-genome or unsupported AP TYPE: Transcriptome Analysis
gold_analysis	gold:Ga0224021	non-genome or unsupported AP TYPE: Transcriptome Analysis
gold_analysis	gold:Ga0224022	non-genome or unsupported AP TYPE: Transcriptome Analysis
gold_analysis	gold:Ga0224023	non-genome or unsupported AP TYPE: Transcriptome Analysis
gold_analysis	gold:Ga0224024	non-genome or unsupported AP TYPE: Transcriptome Analysis
gold_analysis	gold:Ga0224025	non-genome or unsupported AP TYPE: Transcriptome Analysis
gold_analysis	gold:Ga0224026	non-genome or unsupported AP TYPE: Transcriptome Analysis
gold_analysis	gold:Ga0224027	non-genome or unsupported AP TYPE: Transcriptome Analysis
gold_analysis	gold:Ga0224028	non-genome or unsupported AP TYPE: Transcriptome Analysis
gold_analysis	gold:Ga0224029	non-genome or unsupported AP TYPE: Transcriptome Analysis
gold_analysis	gold:Ga0224030	non-genome or unsupported AP TYPE: Transcriptome Analysis
gold_analysis	gold:Ga0224031	non-genome or unsupported AP TYPE: Transcriptome Analysis
gold_analysis	gold:Ga0224032	non-genome or unsupported AP TYPE: Transcriptome Analysis
gold_analysis	gold:Ga0224033	non-genome or unsupported AP TYPE: Transcriptome Analysis
gold_analysis	gold:Ga0224034	non-genome or unsupported AP TYPE: Transcriptome Analysis
gold_analysis	gold:Ga0224035	non-genome or unsupported AP TYPE: Transcriptome Analysis
gold_analysis	gold:Ga0224036	non-genome or unsupported AP TYPE: Transcriptome Analysis
gold_analysis	gold:Ga0224037	non-genome or unsupported AP TYPE: Transcriptome Analysis
gold_analysis	gold:Ga0224038	non-genome or unsupported AP TYPE: Transcriptome Analysis
gold_analysis	gold:Ga0224050	non-genome or unsupported AP TYPE: Transcriptome Analysis
gold_analysis	gold:Ga0224051	non-genome or unsupported AP TYPE: Transcriptome Analysis
gold_analysis	gold:Ga0224052	non-genome or unsupported AP TYPE: Transcriptome Analysis
gold_analysis	gold:Ga0224053	non-genome or unsupported AP TYPE: Transcriptome Analysis
gold_analysis	gold:Ga0224054	non-genome or unsupported AP TYPE: Transcriptome Analysis
gold_analysis	gold:Ga0224055	non-genome or unsupported AP TYPE: Transcriptome Analysis
gold_analysis	gold:Ga0224056	non-genome or unsupported AP TYPE: Transcriptome Analysis
gold_analysis	gold:Ga0224057	non-genome or unsupported AP TYPE: Transcriptome Analysis
gold_analysis	gold:Ga0224058	non-genome or unsupported AP TYPE: Transcriptome Analysis
gold_analysis	gold:Ga0224105	non-genome or unsupported AP TYPE: Transcriptome Analysis
gold_analysis	gold:Ga0224106	non-genome or unsupported AP TYPE: Transcriptome Analysis
gold_analysis	gold:Ga0224107	non-genome or unsupported AP TYPE: Transcriptome Analysis
gold_analysis	gold:Ga0224108	non-genome or unsupported AP TYPE: Transcriptome Analysis
gold_analysis	gold:Ga0224109	non-genome or unsupported AP TYPE: Transcriptome Analysis
gold_analysis	gold:Ga0224110	non-genome or unsupported AP TYPE: Transcriptome Analysis
gold_analysis	gold:Ga0224111	non-genome or unsupported AP TYPE: Transcriptome Analysis
gold_analysis	gold:Ga0224112	non-genome or unsupported AP TYPE: Transcriptome Analysis
gold_analysis	gold:Ga0227236	non-genome or unsupported AP TYPE: Transcriptome Analysis
gold_analysis	gold:Ga0227237	non-genome or unsupported AP TYPE: Transcriptome Analysis
gold_analysis	gold:Ga0227238	non-genome or unsupported AP TYPE: Transcriptome Analysis
gold_analysis	gold:Ga0244335	non-genome or unsupported AP TYPE: Transcriptome Analysis
gold_analysis	gold:Ga0244336	non-genome or unsupported AP TYPE: Transcriptome Analysis
gold_analysis	gold:Ga0244337	non-genome or unsupported AP TYPE: Transcriptome Analysis
gold_analysis	gold:Ga0244338	non-genome or unsupported AP TYPE: Transcriptome Analysis
gold_analysis	gold:Ga0244339	non-genome or unsupported AP TYPE: Transcriptome Analysis
gold_analysis	gold:Ga0244340	non-genome or unsupported AP TYPE: Transcriptome Analysis
gold_analysis	gold:Ga0244341	non-genome or unsupported AP TYPE: Transcriptome Analysis
gold_analysis	gold:Ga0244342	non-genome or unsupported AP TYPE: Transcriptome Analysis
gold_analysis	gold:Ga0244343	non-genome or unsupported AP TYPE: Transcriptome Analysis
gold_analysis	gold:Ga0244344	non-genome or unsupported AP TYPE: Transcriptome Analysis
gold_analysis	gold:Ga0244345	non-genome or unsupported AP TYPE: Transcriptome Analysis
gold_analysis	gold:Ga0244346	non-genome or unsupported AP TYPE: Transcriptome Analysis
gold_analysis	gold:Ga0244347	non-genome or unsupported AP TYPE: Transcriptome Analysis
gold_analysis	gold:Ga0244348	non-genome or unsupported AP TYPE: Transcriptome Analysis
gold_analysis	gold:Ga0244349	non-genome or unsupported AP TYPE: Transcriptome Analysis
gold_analysis	gold:Ga0244350	non-genome or unsupported AP TYPE: Transcriptome Analysis
gold_analysis	gold:Ga0244351	non-genome or unsupported AP TYPE: Transcriptome Analysis
gold_analysis	gold:Ga0244352	non-genome or unsupported AP TYPE: Transcriptome Analysis
gold_analysis	gold:Ga0244353	non-genome or unsupported AP TYPE: Transcriptome Analysis
gold_analysis	gold:Ga0244354	non-genome or unsupported AP TYPE: Transcriptome Analysis
gold_analysis	gold:Ga0244355	non-genome or unsupported AP TYPE: Transcriptome Analysis
gold_analysis	gold:Ga0244356	non-genome or unsupported AP TYPE: Transcriptome Analysis
gold_analysis	gold:Ga0244357	non-genome or unsupported AP TYPE: Transcriptome Analysis
gold_analysis	gold:Ga0244358	non-genome or unsupported AP TYPE: Transcriptome Analysis
gold_analysis	gold:Ga0244359	non-genome or unsupported AP TYPE: Transcriptome Analysis
gold_analysis	gold:Ga0244360	non-genome or unsupported AP TYPE: Transcriptome Analysis
gold_analysis	gold:Ga0244361	non-genome or unsupported AP TYPE: Transcriptome Analysis
gold_analysis	gold:Ga0244362	non-genome or unsupported AP TYPE: Transcriptome Analysis
gold_analysis	gold:Ga0244363	non-genome or unsupported AP TYPE: Transcriptome Analysis
gold_analysis	gold:Ga0244364	non-genome or unsupported AP TYPE: Transcriptome Analysis
gold_analysis	gold:Ga0244365	non-genome or unsupported AP TYPE: Transcriptome Analysis
gold_analysis	gold:Ga0244366	non-genome or unsupported AP TYPE: Transcriptome Analysis
gold_analysis	gold:Ga0244367	non-genome or unsupported AP TYPE: Transcriptome Analysis
gold_analysis	gold:Ga0244368	non-genome or unsupported AP TYPE: Transcriptome Analysis
gold_analysis	gold:Ga0244369	non-genome or unsupported AP TYPE: Transcriptome Analysis
gold_analysis	gold:Ga0244370	non-genome or unsupported AP TYPE: Transcriptome Analysis
gold_analysis	gold:Ga0244371	non-genome or unsupported AP TYPE: Transcriptome Analysis
gold_analysis	gold:Ga0244372	non-genome or unsupported AP TYPE: Transcriptome Analysis
gold_analysis	gold:Ga0244373	non-genome or unsupported AP TYPE: Transcriptome Analysis
gold_analysis	gold:Ga0244374	non-genome or unsupported AP TYPE: Transcriptome Analysis
gold_analysis	gold:Ga0244375	non-genome or unsupported AP TYPE: Transcriptome Analysis
gold_analysis	gold:Ga0244376	non-genome or unsupported AP TYPE: Transcriptome Analysis
gold_analysis	gold:Ga0244377	non-genome or unsupported AP TYPE: Transcriptome Analysis
gold_analysis	gold:Ga0244378	non-genome or unsupported AP TYPE: Transcriptome Analysis
gold_analysis	gold:Ga0244379	non-genome or unsupported AP TYPE: Transcriptome Analysis
gold_analysis	gold:Ga0244380	non-genome or unsupported AP TYPE: Transcriptome Analysis
gold_analysis	gold:Ga0244381	non-genome or unsupported AP TYPE: Transcriptome Analysis
gold_analysis	gold:Ga0244382	non-genome or unsupported AP TYPE: Transcriptome Analysis
gold_analysis	gold:Ga0244383	non-genome or unsupported AP TYPE: Transcriptome Analysis
gold_analysis	gold:Ga0244384	non-genome or unsupported AP TYPE: Transcriptome Analysis
gold_analysis	gold:Ga0244385	non-genome or unsupported AP TYPE: Transcriptome Analysis
gold_analysis	gold:Ga0244386	non-genome or unsupported AP TYPE: Transcriptome Analysis
gold_analysis	gold:Ga0244387	non-genome or unsupported AP TYPE: Transcriptome Analysis
gold_analysis	gold:Ga0244388	non-genome or unsupported AP TYPE: Transcriptome Analysis
gold_analysis	gold:Ga0244389	non-genome or unsupported AP TYPE: Transcriptome Analysis
gold_analysis	gold:Ga0244390	non-genome or unsupported AP TYPE: Transcriptome Analysis
gold_analysis	gold:Ga0244391	non-genome or unsupported AP TYPE: Transcriptome Analysis
gold_analysis	gold:Ga0244392	non-genome or unsupported AP TYPE: Transcriptome Analysis
gold_analysis	gold:Ga0244393	non-genome or unsupported AP TYPE: Transcriptome Analysis
gold_analysis	gold:Ga0244394	non-genome or unsupported AP TYPE: Transcriptome Analysis
gold_analysis	gold:Ga0244395	non-genome or unsupported AP TYPE: Transcriptome Analysis
gold_analysis	gold:Ga0244396	non-genome or unsupported AP TYPE: Transcriptome Analysis
gold_analysis	gold:Ga0244397	non-genome or unsupported AP TYPE: Transcriptome Analysis
gold_analysis	gold:Ga0244398	non-genome or unsupported AP TYPE: Transcriptome Analysis
gold_analysis	gold:Ga0244399	non-genome or unsupported AP TYPE: Transcriptome Analysis
gold_analysis	gold:Ga0244400	non-genome or unsupported AP TYPE: Transcriptome Analysis
gold_analysis	gold:Ga0244401	non-genome or unsupported AP TYPE: Transcriptome Analysis
gold_analysis	gold:Ga0244402	non-genome or unsupported AP TYPE: Transcriptome Analysis
gold_analysis	gold:Ga0244403	non-genome or unsupported AP TYPE: Transcriptome Analysis
gold_analysis	gold:Ga0244404	non-genome or unsupported AP TYPE: Transcriptome Analysis
gold_analysis	gold:Ga0244405	non-genome or unsupported AP TYPE: Transcriptome Analysis
gold_analysis	gold:Ga0244406	non-genome or unsupported AP TYPE: Transcriptome Analysis
gold_analysis	gold:Ga0244407	non-genome or unsupported AP TYPE: Transcriptome Analysis
gold_analysis	gold:Ga0244408	non-genome or unsupported AP TYPE: Transcriptome Analysis
gold_analysis	gold:Ga0244409	non-genome or unsupported AP TYPE: Transcriptome Analysis
gold_analysis	gold:Ga0244410	non-genome or unsupported AP TYPE: Transcriptome Analysis
gold_analysis	gold:Ga0244411	non-genome or unsupported AP TYPE: Transcriptome Analysis
gold_analysis	gold:Ga0244412	non-genome or unsupported AP TYPE: Transcriptome Analysis
gold_analysis	gold:Ga0244413	non-genome or unsupported AP TYPE: Transcriptome Analysis
gold_analysis	gold:Ga0244414	non-genome or unsupported AP TYPE: Transcriptome Analysis
gold_analysis	gold:Ga0244415	non-genome or unsupported AP TYPE: Transcriptome Analysis
gold_analysis	gold:Ga0244416	non-genome or unsupported AP TYPE: Transcriptome Analysis
gold_analysis	gold:Ga0244417	non-genome or unsupported AP TYPE: Transcriptome Analysis
gold_analysis	gold:Ga0244418	non-genome or unsupported AP TYPE: Transcriptome Analysis
gold_analysis	gold:Ga0244419	non-genome or unsupported AP TYPE: Transcriptome Analysis
gold_analysis	gold:Ga0244420	non-genome or unsupported AP TYPE: Transcriptome Analysis
gold_analysis	gold:Ga0244421	non-genome or unsupported AP TYPE: Transcriptome Analysis
gold_analysis	gold:Ga0244422	non-genome or unsupported AP TYPE: Transcriptome Analysis
gold_analysis	gold:Ga0244423	non-genome or unsupported AP TYPE: Transcriptome Analysis
gold_analysis	gold:Ga0244424	non-genome or unsupported AP TYPE: Transcriptome Analysis
gold_analysis	gold:Ga0244425	non-genome or unsupported AP TYPE: Transcriptome Analysis
gold_analysis	gold:Ga0244426	non-genome or unsupported AP TYPE: Transcriptome Analysis
gold_analysis	gold:Ga0244427	non-genome or unsupported AP TYPE: Transcriptome Analysis
gold_analysis	gold:Ga0244428	non-genome or unsupported AP TYPE: Transcriptome Analysis
gold_analysis	gold:Ga0244429	non-genome or unsupported AP TYPE: Transcriptome Analysis
gold_analysis	gold:Ga0318491	non-genome or unsupported AP TYPE: Transcriptome Analysis
gold_analysis	gold:Ga0536892	non-genome or unsupported AP TYPE: Transcriptome Analysis
gold_analysis	gold:Ga0536893	non-genome or unsupported AP TYPE: Transcriptome Analysis
gold_analysis	gold:Ga0536894	non-genome or unsupported AP TYPE: Transcriptome Analysis
gold_analysis	gold:Ga0536895	non-genome or unsupported AP TYPE: Transcriptome Analysis
gold_analysis	gold:Ga0536896	non-genome or unsupported AP TYPE: Transcriptome Analysis
gold_analysis	gold:Ga0536897	non-genome or unsupported AP TYPE: Transcriptome Analysis
gold_analysis	gold:Ga0536898	non-genome or unsupported AP TYPE: Transcriptome Analysis
gold_analysis	gold:Ga0536899	non-genome or unsupported AP TYPE: Transcriptome Analysis
gold_analysis	gold:Ga0536900	non-genome or unsupported AP TYPE: Transcriptome Analysis
gold_analysis	gold:Ga0536901	non-genome or unsupported AP TYPE: Transcriptome Analysis
gold_analysis	gold:Ga0536902	non-genome or unsupported AP TYPE: Transcriptome Analysis
gold_analysis	gold:Ga0536903	non-genome or unsupported AP TYPE: Transcriptome Analysis
gold_analysis	gold:Ga0536904	non-genome or unsupported AP TYPE: Transcriptome Analysis
gold_analysis	gold:Ga0536905	non-genome or unsupported AP TYPE: Transcriptome Analysis
gold_analysis	gold:Ga0536906	non-genome or unsupported AP TYPE: Transcriptome Analysis
gold_analysis	gold:Ga0536907	non-genome or unsupported AP TYPE: Transcriptome Analysis
gold_analysis	gold:Ga0591460	non-genome or unsupported AP TYPE: Transcriptome Analysis
gold_analysis	gold:Ga0591461	non-genome or unsupported AP TYPE: Transcriptome Analysis
gold_analysis	gold:Ga0591462	non-genome or unsupported AP TYPE: Transcriptome Analysis
gold_analysis	gold:Ga0591463	non-genome or unsupported AP TYPE: Transcriptome Analysis
gold_analysis	gold:Ga0591464	non-genome or unsupported AP TYPE: Transcriptome Analysis
gold_analysis	gold:Ga0591465	non-genome or unsupported AP TYPE: Transcriptome Analysis
gold_analysis	gold:Ga0591466	non-genome or unsupported AP TYPE: Transcriptome Analysis
gold_analysis	gold:Ga0591467	non-genome or unsupported AP TYPE: Transcriptome Analysis
gold_analysis	gold:Ga0620731	non-genome or unsupported AP TYPE: Transcriptome Analysis
gold_analysis	gold:Ga0620732	non-genome or unsupported AP TYPE: Transcriptome Analysis
gold_analysis	gold:Ga0620733	non-genome or unsupported AP TYPE: Transcriptome Analysis
gold_analysis	gold:Ga0620734	non-genome or unsupported AP TYPE: Transcriptome Analysis
gold_analysis	gold:Ga0620735	non-genome or unsupported AP TYPE: Transcriptome Analysis
gold_analysis	gold:Ga0620736	non-genome or unsupported AP TYPE: Transcriptome Analysis
gold_analysis	gold:Ga0620737	non-genome or unsupported AP TYPE: Transcriptome Analysis
gold_analysis	gold:Ga0620738	non-genome or unsupported AP TYPE: Transcriptome Analysis
gold_analysis	gold:Ga0620739	non-genome or unsupported AP TYPE: Transcriptome Analysis
gold_analysis	gold:Ga0620740	non-genome or unsupported AP TYPE: Transcriptome Analysis
gold_analysis	gold:Ga0620741	non-genome or unsupported AP TYPE: Transcriptome Analysis
gold_analysis	gold:Ga0620742	non-genome or unsupported AP TYPE: Transcriptome Analysis
gold_analysis	gold:Ga0643633	non-genome or unsupported AP TYPE: Transcriptome Analysis
gold_analysis	gold:Ga0643634	non-genome or unsupported AP TYPE: Transcriptome Analysis
gold_analysis	gold:Ga0643635	non-genome or unsupported AP TYPE: Transcriptome Analysis
gold_analysis	gold:Ga0643636	non-genome or unsupported AP TYPE: Transcriptome Analysis
gold_analysis	gold:Ga0643637	non-genome or unsupported AP TYPE: Transcriptome Analysis
gold_analysis	gold:Ga0643638	non-genome or unsupported AP TYPE: Transcriptome Analysis
gold_analysis	gold:Ga0643639	non-genome or unsupported AP TYPE: Transcriptome Analysis
gold_analysis	gold:Ga0643640	non-genome or unsupported AP TYPE: Transcriptome Analysis
gold_analysis	gold:Ga0643641	non-genome or unsupported AP TYPE: Transcriptome Analysis
gold_analysis	gold:Ga0643642	non-genome or unsupported AP TYPE: Transcriptome Analysis
gold_analysis	gold:Ga0643643	non-genome or unsupported AP TYPE: Transcriptome Analysis
gold_analysis	gold:Ga0643644	non-genome or unsupported AP TYPE: Transcriptome Analysis
gold_analysis	gold:Ga0643645	non-genome or unsupported AP TYPE: Transcriptome Analysis
gold_analysis	gold:Ga0643646	non-genome or unsupported AP TYPE: Transcriptome Analysis
gold_analysis	gold:Ga0643647	non-genome or unsupported AP TYPE: Transcriptome Analysis
gold_analysis	gold:Ga0643648	non-genome or unsupported AP TYPE: Transcriptome Analysis
gold_analysis	gold:Ga0643649	non-genome or unsupported AP TYPE: Transcriptome Analysis
gold_analysis	gold:Ga0643650	non-genome or unsupported AP TYPE: Transcriptome Analysis
gold_analysis	gold:Ga0643651	non-genome or unsupported AP TYPE: Transcriptome Analysis
gold_analysis	gold:Ga0643652	non-genome or unsupported AP TYPE: Transcriptome Analysis
gold_analysis	gold:Ga0667450	non-genome or unsupported AP TYPE: Transcriptome Analysis
gold_analysis	gold:Ga0667451	non-genome or unsupported AP TYPE: Transcriptome Analysis
gold_analysis	gold:Ga0667452	non-genome or unsupported AP TYPE: Transcriptome Analysis
gold_analysis	gold:Ga0667453	non-genome or unsupported AP TYPE: Transcriptome Analysis
gold_analysis	gold:Ga0667454	non-genome or unsupported AP TYPE: Transcriptome Analysis
gold_analysis	gold:Ga0667455	non-genome or unsupported AP TYPE: Transcriptome Analysis
gold_analysis	gold:Ga0667456	non-genome or unsupported AP TYPE: Transcriptome Analysis
gold_analysis	gold:Ga0667457	non-genome or unsupported AP TYPE: Transcriptome Analysis
gold_analysis	gold:Ga0667458	non-genome or unsupported AP TYPE: Transcriptome Analysis
gold_analysis	gold:Ga0667459	non-genome or unsupported AP TYPE: Transcriptome Analysis
gold_analysis	gold:Ga0667460	non-genome or unsupported AP TYPE: Transcriptome Analysis
gold_analysis	gold:Ga0667461	non-genome or unsupported AP TYPE: Transcriptome Analysis
gold_analysis	gold:Ga0667462	non-genome or unsupported AP TYPE: Transcriptome Analysis
gold_analysis	gold:Ga0667463	non-genome or unsupported AP TYPE: Transcriptome Analysis
gold_analysis	gold:Ga0667464	non-genome or unsupported AP TYPE: Transcriptome Analysis
gold_analysis	gold:Ga0667465	non-genome or unsupported AP TYPE: Transcriptome Analysis
gold_analysis	gold:Ga0667466	non-genome or unsupported AP TYPE: Transcriptome Analysis
gold_analysis	gold:Ga0667467	non-genome or unsupported AP TYPE: Transcriptome Analysis
gold_analysis	gold:Ga0667468	non-genome or unsupported AP TYPE: Transcriptome Analysis
gold_analysis	gold:Ga0667469	non-genome or unsupported AP TYPE: Transcriptome Analysis
gold_analysis	gold:Ga0667470	non-genome or unsupported AP TYPE: Transcriptome Analysis
gold_analysis	gold:Ga0667471	non-genome or unsupported AP TYPE: Transcriptome Analysis
gold_analysis	gold:Ga0667472	non-genome or unsupported AP TYPE: Transcriptome Analysis
gold_analysis	gold:Ga0667473	non-genome or unsupported AP TYPE: Transcriptome Analysis
gold_analysis	gold:Ga0667474	non-genome or unsupported AP TYPE: Transcriptome Analysis
gold_analysis	gold:Ga0667475	non-genome or unsupported AP TYPE: Transcriptome Analysis
gold_analysis	gold:Ga0667476	non-genome or unsupported AP TYPE: Transcriptome Analysis
gold_analysis	gold:Ga0667477	non-genome or unsupported AP TYPE: Transcriptome Analysis
gold_analysis	gold:Ga0667478	non-genome or unsupported AP TYPE: Transcriptome Analysis
gold_analysis	gold:Ga0667479	non-genome or unsupported AP TYPE: Transcriptome Analysis
gold_analysis	gold:Ga0667480	non-genome or unsupported AP TYPE: Transcriptome Analysis
gold_analysis	gold:Ga0667481	non-genome or unsupported AP TYPE: Transcriptome Analysis
gold_analysis	gold:Ga0667482	non-genome or unsupported AP TYPE: Transcriptome Analysis
gold_analysis	gold:Ga0667483	non-genome or unsupported AP TYPE: Transcriptome Analysis
gold_analysis	gold:Ga0667484	non-genome or unsupported AP TYPE: Transcriptome Analysis
gold_analysis	gold:Ga0667485	non-genome or unsupported AP TYPE: Transcriptome Analysis
gold_analysis	gold:Ga0667486	non-genome or unsupported AP TYPE: Transcriptome Analysis
gold_analysis	gold:Ga0667487	non-genome or unsupported AP TYPE: Transcriptome Analysis
gold_analysis	gold:Ga0667488	non-genome or unsupported AP TYPE: Transcriptome Analysis
gold_analysis	gold:Ga0667489	non-genome or unsupported AP TYPE: Transcriptome Analysis
gold_analysis	gold:Ga0667490	non-genome or unsupported AP TYPE: Transcriptome Analysis
gold_analysis	gold:Ga0667491	non-genome or unsupported AP TYPE: Transcriptome Analysis
