taxon_id	organism_count
NCBITaxon:1	3
NCBITaxon:10	1
NCBITaxon:100	5
NCBITaxon:100035	2
NCBITaxon:100044	1
NCBITaxon:100047	1
NCBITaxon:100052	1
NCBITaxon:100053	11
NCBITaxon:1000562	5
NCBITaxon:1000565	1
NCBITaxon:1000566	4
NCBITaxon:1000568	2
NCBITaxon:1000570	4
NCBITaxon:1000588	1
NCBITaxon:1000589	1
NCBITaxon:1000935	1
NCBITaxon:1000936	1
NCBITaxon:1000937	1
NCBITaxon:1000938	1
NCBITaxon:1000939	1
NCBITaxon:1000983	1
NCBITaxon:1001	5
NCBITaxon:1001240	2
NCBITaxon:100133	1
NCBITaxon:100134	2
NCBITaxon:1001530	1
NCBITaxon:1001534	1
NCBITaxon:1001542	1
NCBITaxon:1001585	1
NCBITaxon:1001586	1
NCBITaxon:1001587	2
NCBITaxon:1001588	1
NCBITaxon:1001589	1
NCBITaxon:1001590	1
NCBITaxon:1001591	1
NCBITaxon:1001592	1
NCBITaxon:1001593	1
NCBITaxon:1001594	1
NCBITaxon:1001595	1
NCBITaxon:1001596	1
NCBITaxon:1001597	1
NCBITaxon:1001598	2
NCBITaxon:1001599	1
NCBITaxon:1001600	1
NCBITaxon:1001601	1
NCBITaxon:1001602	1
NCBITaxon:1001603	1
NCBITaxon:1001692	1
NCBITaxon:1001704	1
NCBITaxon:1001705	1
NCBITaxon:1001706	1
NCBITaxon:1001707	1
NCBITaxon:1001708	1
NCBITaxon:1001709	1
NCBITaxon:1001710	1
NCBITaxon:1001711	1
NCBITaxon:1001712	1
NCBITaxon:1001713	1
NCBITaxon:1001714	5
NCBITaxon:100174	2
NCBITaxon:1001744	1
NCBITaxon:1001746	1
NCBITaxon:1001747	1
NCBITaxon:1001760	1
NCBITaxon:1001761	1
NCBITaxon:1001762	1
NCBITaxon:1001768	1
NCBITaxon:100177	3
NCBITaxon:1001822	1
NCBITaxon:1001986	1
NCBITaxon:1001987	1
NCBITaxon:1001994	1
NCBITaxon:1002	10
NCBITaxon:1002210	1
NCBITaxon:1002227	4
NCBITaxon:100225	7
NCBITaxon:100226	17
NCBITaxon:1002339	1
NCBITaxon:1002367	1
NCBITaxon:1002526	1
NCBITaxon:1002689	3
NCBITaxon:1002691	3
NCBITaxon:100272	23
NCBITaxon:1002795	1
NCBITaxon:1002870	2
NCBITaxon:1003	3
NCBITaxon:1003031	1
NCBITaxon:1003076	1
NCBITaxon:1003091	1
NCBITaxon:1003092	1
NCBITaxon:1003110	5
NCBITaxon:1003114	1
NCBITaxon:1003181	11
NCBITaxon:1003185	1
NCBITaxon:1003186	1
NCBITaxon:1003187	1
NCBITaxon:1003188	1
NCBITaxon:1003189	1
NCBITaxon:1003190	1
NCBITaxon:1003191	1
NCBITaxon:1003192	1
NCBITaxon:1003195	2
NCBITaxon:1003200	1
NCBITaxon:1003201	1
NCBITaxon:1003202	1
NCBITaxon:1003237	1
NCBITaxon:100367	1
NCBITaxon:1003997	4
NCBITaxon:1004	11
NCBITaxon:1004150	1
NCBITaxon:1004159	1
NCBITaxon:1004165	1
NCBITaxon:1004166	1
NCBITaxon:1004253	1
NCBITaxon:1004254	1
NCBITaxon:1004260	2
NCBITaxon:1004261	3
NCBITaxon:1004279	4
NCBITaxon:1004302	1
NCBITaxon:1004304	3
NCBITaxon:1004316	4
NCBITaxon:1004322	3
NCBITaxon:1004326	4
NCBITaxon:1004481	1
NCBITaxon:1004583	2
NCBITaxon:100468	18
NCBITaxon:100469	5
NCBITaxon:1004785	1
NCBITaxon:1004786	2
NCBITaxon:1004787	1
NCBITaxon:1004788	2
NCBITaxon:100480	1
NCBITaxon:1004901	1
NCBITaxon:1004953	1
NCBITaxon:1004954	2
NCBITaxon:1004955	1
NCBITaxon:1004956	1
NCBITaxon:1004957	1
NCBITaxon:1005043	1
NCBITaxon:1005057	1
NCBITaxon:1005090	1
NCBITaxon:1005394	4
NCBITaxon:1005395	1
NCBITaxon:1005665	5
NCBITaxon:1005667	1
NCBITaxon:1005706	1
NCBITaxon:1005722	3
NCBITaxon:1005738	1
NCBITaxon:1005740	3
NCBITaxon:1005925	1
NCBITaxon:1005926	6
NCBITaxon:1005928	4
NCBITaxon:1005944	5
NCBITaxon:1005945	5
NCBITaxon:1005962	4
NCBITaxon:1005996	1
NCBITaxon:1005999	2
NCBITaxon:1006	15
NCBITaxon:1006003	4
NCBITaxon:1006004	1
NCBITaxon:1006155	7
NCBITaxon:1006466	1
NCBITaxon:1006543	1
NCBITaxon:1006551	2
NCBITaxon:1006554	3
NCBITaxon:1006576	5
NCBITaxon:1006623	4
NCBITaxon:1007064	1
NCBITaxon:1007082	2
NCBITaxon:1007084	3
NCBITaxon:1007089	1
NCBITaxon:1007092	5
NCBITaxon:1007095	1
NCBITaxon:1007097	5
NCBITaxon:1007098	3
NCBITaxon:1007099	3
NCBITaxon:1007121	1
NCBITaxon:1007122	1
NCBITaxon:1007123	1
NCBITaxon:1007124	1
NCBITaxon:100715	3
NCBITaxon:1007511	5
NCBITaxon:1007516	3
NCBITaxon:100756	2
NCBITaxon:100761	1
NCBITaxon:1007676	2
NCBITaxon:100787	5
NCBITaxon:1008	64
NCBITaxon:1008152	2
NCBITaxon:1008153	4
NCBITaxon:100816	1
NCBITaxon:1008297	1
NCBITaxon:1008298	1
NCBITaxon:1008305	1
NCBITaxon:1008307	2
NCBITaxon:1008308	3
NCBITaxon:1008382	1
NCBITaxon:1008392	3
NCBITaxon:100861	2
NCBITaxon:100870	1
NCBITaxon:100883	2
NCBITaxon:100884	27
NCBITaxon:100886	52
NCBITaxon:100901	1
NCBITaxon:100902	2
NCBITaxon:1009370	1
NCBITaxon:100951	5
NCBITaxon:1009682	1
NCBITaxon:1009714	1
NCBITaxon:1009856	1
NCBITaxon:1009857	1
NCBITaxon:1009858	1
NCBITaxon:1009859	1
NCBITaxon:100994	1
NCBITaxon:100995	1
NCBITaxon:101	1
NCBITaxon:1010	8
NCBITaxon:101002	1
NCBITaxon:101028	5
NCBITaxon:101059	3
NCBITaxon:1010610	3
NCBITaxon:1010611	4
NCBITaxon:1010676	2
NCBITaxon:101070	5
NCBITaxon:1010804	1
NCBITaxon:1010805	1
NCBITaxon:1010806	1
NCBITaxon:1010807	1
NCBITaxon:1010808	1
NCBITaxon:1010809	1
NCBITaxon:1010810	1
NCBITaxon:1010811	1
NCBITaxon:1010812	1
NCBITaxon:1010813	1
NCBITaxon:1010834	1
NCBITaxon:1010838	1
NCBITaxon:101089	5
NCBITaxon:101090	1
NCBITaxon:101091	2
NCBITaxon:101093	1
NCBITaxon:101096	5
NCBITaxon:101097	2
NCBITaxon:101098	2
NCBITaxon:101101	1
NCBITaxon:101103	6
NCBITaxon:101105	13
NCBITaxon:101107	1
NCBITaxon:101110	2
NCBITaxon:101113	1
NCBITaxon:101115	1
NCBITaxon:101117	2
NCBITaxon:101119	2
NCBITaxon:101122	3
NCBITaxon:101123	1
NCBITaxon:101125	1
NCBITaxon:101127	2
NCBITaxon:101128	1
NCBITaxon:101130	3
NCBITaxon:101132	1
NCBITaxon:101134	3
NCBITaxon:101136	8
NCBITaxon:101138	1
NCBITaxon:101142	4
NCBITaxon:101143	4
NCBITaxon:101144	2
NCBITaxon:101162	1
NCBITaxon:101191	1
NCBITaxon:101192	1
NCBITaxon:101201	6
NCBITaxon:101383	2
NCBITaxon:101385	2
NCBITaxon:1014	40
NCBITaxon:1014042	1
NCBITaxon:1014554	1
NCBITaxon:101475	1
NCBITaxon:101480	4
NCBITaxon:101488	1
NCBITaxon:101489	3
NCBITaxon:1015	74
NCBITaxon:101513	1
NCBITaxon:101563	4
NCBITaxon:101564	12
NCBITaxon:101571	300
NCBITaxon:1016	26
NCBITaxon:1016838	1
NCBITaxon:1016849	1
NCBITaxon:101689	2
NCBITaxon:1016997	1
NCBITaxon:1016998	1
NCBITaxon:1017	27
NCBITaxon:1017095	1
NCBITaxon:1017177	3
NCBITaxon:1017181	3
NCBITaxon:1017184	6
NCBITaxon:101719	3
NCBITaxon:1017261	1
NCBITaxon:1017270	1
NCBITaxon:1017273	2
NCBITaxon:1017280	3
NCBITaxon:1017351	2
NCBITaxon:1017354	3
NCBITaxon:1018	54
NCBITaxon:101854	1
NCBITaxon:1019	74
NCBITaxon:101924	2
NCBITaxon:102	2
NCBITaxon:1021	4
NCBITaxon:102106	184
NCBITaxon:102109	1
NCBITaxon:102120	1
NCBITaxon:102129	1
NCBITaxon:102134	3
NCBITaxon:102148	10
NCBITaxon:102170	3
NCBITaxon:1022	4
NCBITaxon:102226	6
NCBITaxon:102227	6
NCBITaxon:102232	1
NCBITaxon:102234	1
NCBITaxon:102235	1
NCBITaxon:1025	5
NCBITaxon:1026	4
NCBITaxon:102618	3
NCBITaxon:102684	106
NCBITaxon:1026882	1
NCBITaxon:1026983	1
NCBITaxon:1026984	1
NCBITaxon:1027	3
NCBITaxon:1027249	3
NCBITaxon:1027271	2
NCBITaxon:1027273	1
NCBITaxon:1027396	1
NCBITaxon:1027633	3
NCBITaxon:1027986	1
NCBITaxon:1028	6
NCBITaxon:1028214	1
NCBITaxon:1028288	1
NCBITaxon:1028339	1
NCBITaxon:1028346	1
NCBITaxon:1028407	1
NCBITaxon:1028433	1
NCBITaxon:1028490	1
NCBITaxon:102862	41
NCBITaxon:1028742	1
NCBITaxon:1028743	1
NCBITaxon:1028745	2
NCBITaxon:1028746	2
NCBITaxon:1028749	1
NCBITaxon:1028750	4
NCBITaxon:1028752	2
NCBITaxon:1028799	1
NCBITaxon:1028800	2
NCBITaxon:1028801	2
NCBITaxon:102884	2
NCBITaxon:102886	4
NCBITaxon:1029783	2
NCBITaxon:1029812	1
NCBITaxon:1029813	1
NCBITaxon:1029814	1
NCBITaxon:1029815	1
NCBITaxon:1029816	1
NCBITaxon:1029817	1
NCBITaxon:1029818	1
NCBITaxon:1029819	1
NCBITaxon:1029820	1
NCBITaxon:1029821	1
NCBITaxon:1029825	1
NCBITaxon:1029977	1
NCBITaxon:1029978	1
NCBITaxon:1029979	1
NCBITaxon:1029980	1
NCBITaxon:1029981	1
NCBITaxon:1029982	1
NCBITaxon:1029983	2
NCBITaxon:1029984	1
NCBITaxon:1029985	1
NCBITaxon:1029986	1
NCBITaxon:1029989	1
NCBITaxon:1029990	1
NCBITaxon:1029996	1
NCBITaxon:1029997	1
NCBITaxon:1029998	1
NCBITaxon:1029999	1
NCBITaxon:103	5
NCBITaxon:1030	3
NCBITaxon:1030000	1
NCBITaxon:1030001	1
NCBITaxon:1030002	1
NCBITaxon:1030003	1
NCBITaxon:1030004	1
NCBITaxon:1030005	1
NCBITaxon:1030006	1
NCBITaxon:1030007	1
NCBITaxon:1030009	1
NCBITaxon:1030529	1
NCBITaxon:1031	1
NCBITaxon:1031224	1
NCBITaxon:1031273	1
NCBITaxon:1031536	1
NCBITaxon:1031537	5
NCBITaxon:1031538	2
NCBITaxon:1031540	4
NCBITaxon:1031541	3
NCBITaxon:1031542	12
NCBITaxon:1031564	1
NCBITaxon:1031594	4
NCBITaxon:1031713	63
NCBITaxon:1031739	1
NCBITaxon:1031746	1
NCBITaxon:1031752	1
NCBITaxon:1031754	1
NCBITaxon:1032066	2
NCBITaxon:1032070	1
NCBITaxon:1032071	1
NCBITaxon:1032072	1
NCBITaxon:1032238	2
NCBITaxon:1032239	2
NCBITaxon:1032242	1
NCBITaxon:1032243	9
NCBITaxon:103232	30
NCBITaxon:1032475	1
NCBITaxon:1032476	3
NCBITaxon:1032623	3
NCBITaxon:1032661	1
NCBITaxon:1032845	1
NCBITaxon:1032866	1
NCBITaxon:1032867	1
NCBITaxon:1032868	1
NCBITaxon:1032869	1
NCBITaxon:1033	6
NCBITaxon:1033008	1
NCBITaxon:1033014	1
NCBITaxon:1033177	1
NCBITaxon:1033242	1
NCBITaxon:1033247	1
NCBITaxon:1033252	1
NCBITaxon:1033263	1
NCBITaxon:1033281	1
NCBITaxon:1033282	1
NCBITaxon:1033304	1
NCBITaxon:1033305	1
NCBITaxon:1033307	1
NCBITaxon:1033730	1
NCBITaxon:1033731	1
NCBITaxon:1033734	5
NCBITaxon:1033736	4
NCBITaxon:1033739	3
NCBITaxon:1033740	4
NCBITaxon:1033741	4
NCBITaxon:1033743	1
NCBITaxon:103378	2
NCBITaxon:103380	1
NCBITaxon:1033806	1
NCBITaxon:1033833	1
NCBITaxon:1033838	1
NCBITaxon:1033846	3
NCBITaxon:103385	1
NCBITaxon:1033854	5
NCBITaxon:1033992	1
NCBITaxon:1034	6
NCBITaxon:103428	1
NCBITaxon:103429	2
NCBITaxon:1034302	1
NCBITaxon:1034303	1
NCBITaxon:1034304	1
NCBITaxon:1034346	6
NCBITaxon:103441	5
NCBITaxon:1034471	3
NCBITaxon:1034831	1
NCBITaxon:1034943	3
NCBITaxon:1034944	3
NCBITaxon:1035	20
NCBITaxon:1035043	4
NCBITaxon:1035067	2
NCBITaxon:1035112	1
NCBITaxon:1035120	1
NCBITaxon:1035184	1
NCBITaxon:1035193	1
NCBITaxon:1035196	2
NCBITaxon:1035197	1
NCBITaxon:1035271	15
NCBITaxon:1035309	1
NCBITaxon:1035707	3
NCBITaxon:1035800	2
NCBITaxon:1035817	1
NCBITaxon:1035839	1
NCBITaxon:1035890	1
NCBITaxon:1036020	4
NCBITaxon:1036132	2
NCBITaxon:1036133	1
NCBITaxon:1036171	1
NCBITaxon:1036177	1
NCBITaxon:103618	3
NCBITaxon:1036180	1
NCBITaxon:1036181	3
NCBITaxon:1036182	3
NCBITaxon:103621	23
NCBITaxon:1036672	1
NCBITaxon:1036677	1
NCBITaxon:1036678	3
NCBITaxon:1036679	3
NCBITaxon:1036732	1
NCBITaxon:1036735	1
NCBITaxon:1036738	1
NCBITaxon:1036778	4
NCBITaxon:1036779	3
NCBITaxon:1036780	6
NCBITaxon:103690	9
NCBITaxon:103721	1
NCBITaxon:103725	7
NCBITaxon:1037256	1
NCBITaxon:1037257	1
NCBITaxon:1037258	1
NCBITaxon:1037259	1
NCBITaxon:1037261	1
NCBITaxon:1037262	1
NCBITaxon:103728	7
NCBITaxon:103729	8
NCBITaxon:103730	6
NCBITaxon:103731	5
NCBITaxon:103732	8
NCBITaxon:1037320	1
NCBITaxon:103733	8
NCBITaxon:103734	7
NCBITaxon:1037362	5
NCBITaxon:1037377	5
NCBITaxon:1037380	2
NCBITaxon:1037382	3
NCBITaxon:1037410	1
NCBITaxon:1037412	1
NCBITaxon:1037452	1
NCBITaxon:1037527	1
NCBITaxon:1037528	1
NCBITaxon:1037680	3
NCBITaxon:1037908	3
NCBITaxon:1037911	1
NCBITaxon:103796	121
NCBITaxon:1038014	3
NCBITaxon:103810	52
NCBITaxon:103815	5
NCBITaxon:103816	30
NCBITaxon:103817	24
NCBITaxon:103836	10
NCBITaxon:103837	3
NCBITaxon:103838	6
NCBITaxon:103855	74
NCBITaxon:1038693	1
NCBITaxon:1038844	3
NCBITaxon:1038845	1
NCBITaxon:1038856	1
NCBITaxon:1038857	1
NCBITaxon:1038859	1
NCBITaxon:1038869	2
NCBITaxon:1038870	1
NCBITaxon:1038904	2
NCBITaxon:103891	4
NCBITaxon:103892	9
NCBITaxon:1038921	4
NCBITaxon:1038927	5
NCBITaxon:1038928	7
NCBITaxon:1038929	1
NCBITaxon:103985	1
NCBITaxon:104	6
NCBITaxon:1040638	1
NCBITaxon:1040648	1
NCBITaxon:104087	62
NCBITaxon:104097	3
NCBITaxon:1040978	1
NCBITaxon:1040979	1
NCBITaxon:104098	3
NCBITaxon:104099	6
NCBITaxon:1041	18
NCBITaxon:104100	3
NCBITaxon:104101	15
NCBITaxon:104102	35
NCBITaxon:1041138	1
NCBITaxon:1041142	1
NCBITaxon:1041147	1
NCBITaxon:1041156	1
NCBITaxon:1041159	1
NCBITaxon:1041577	1
NCBITaxon:1041602	1
NCBITaxon:1041604	1
NCBITaxon:1041605	1
NCBITaxon:1041606	1
NCBITaxon:1041607	2
NCBITaxon:1041608	1
NCBITaxon:1041609	1
NCBITaxon:1041610	1
NCBITaxon:1041611	1
NCBITaxon:1041612	1
NCBITaxon:1041613	1
NCBITaxon:1041641	4
NCBITaxon:104175	2
NCBITaxon:1041766	1
NCBITaxon:1041768	1
NCBITaxon:104179	2
NCBITaxon:104198	1
NCBITaxon:1042	5
NCBITaxon:104205	5
NCBITaxon:104206	4
NCBITaxon:1042160	1
NCBITaxon:1042163	1
NCBITaxon:1042209	1
NCBITaxon:104221	1
NCBITaxon:1042321	3
NCBITaxon:1042323	1
NCBITaxon:1042324	1
NCBITaxon:1042376	1
NCBITaxon:104239	2
NCBITaxon:1042399	1
NCBITaxon:1042400	1
NCBITaxon:1042402	1
NCBITaxon:1042403	1
NCBITaxon:104259	2
NCBITaxon:104260	1
NCBITaxon:104262	1
NCBITaxon:104264	4
NCBITaxon:104267	3
NCBITaxon:104268	6
NCBITaxon:104269	6
NCBITaxon:104270	22
NCBITaxon:1042803	1
NCBITaxon:1042804	1
NCBITaxon:1042828	1
NCBITaxon:1042852	1
NCBITaxon:1042873	1
NCBITaxon:1042874	1
NCBITaxon:1042875	1
NCBITaxon:1042878	1
NCBITaxon:1042953	1
NCBITaxon:1042984	4
NCBITaxon:1043002	1
NCBITaxon:1043003	1
NCBITaxon:1043004	1
NCBITaxon:1043005	1
NCBITaxon:1043168	3
NCBITaxon:1043206	1
NCBITaxon:104336	9
NCBITaxon:104341	6
NCBITaxon:1043493	3
NCBITaxon:104355	2
NCBITaxon:104397	4
NCBITaxon:1044	7
NCBITaxon:104402	1
NCBITaxon:104405	4
NCBITaxon:104408	2
NCBITaxon:104409	1
NCBITaxon:104411	6
NCBITaxon:104414	2
NCBITaxon:104416	2
NCBITaxon:1045004	2
NCBITaxon:1045010	11
NCBITaxon:1045317	2
NCBITaxon:1045383	1
NCBITaxon:1045501	4
NCBITaxon:1045558	2
NCBITaxon:1045764	4
NCBITaxon:1045773	3
NCBITaxon:1045774	3
NCBITaxon:1045775	3
NCBITaxon:1045776	4
NCBITaxon:1045865	2
NCBITaxon:1046	10
NCBITaxon:1046043	2
NCBITaxon:104609	8
NCBITaxon:1046114	1
NCBITaxon:1046115	3
NCBITaxon:1046128	1
NCBITaxon:104623	2
NCBITaxon:1046240	1
NCBITaxon:104628	17
NCBITaxon:1046555	2
NCBITaxon:1046556	4
NCBITaxon:1046581	1
NCBITaxon:1046596	4
NCBITaxon:104662	4
NCBITaxon:1046624	1
NCBITaxon:1046626	1
NCBITaxon:1046627	1
NCBITaxon:104663	7
NCBITaxon:1046632	1
NCBITaxon:104675	1
NCBITaxon:1046750	1
NCBITaxon:104676	5
NCBITaxon:104677	6
NCBITaxon:104678	5
NCBITaxon:104679	6
NCBITaxon:1046933	18
NCBITaxon:1046934	1
NCBITaxon:1046935	2
NCBITaxon:1046938	1
NCBITaxon:1046948	1
NCBITaxon:1046949	1
NCBITaxon:1046952	2
NCBITaxon:1046954	2
NCBITaxon:1046955	2
NCBITaxon:1046956	2
NCBITaxon:1046957	2
NCBITaxon:1046958	2
NCBITaxon:1046959	2
NCBITaxon:1046960	2
NCBITaxon:1046961	2
NCBITaxon:1046962	2
NCBITaxon:1046963	2
NCBITaxon:1046964	2
NCBITaxon:1046965	2
NCBITaxon:1046966	2
NCBITaxon:1046967	2
NCBITaxon:1046970	2
NCBITaxon:1046971	2
NCBITaxon:1046972	2
NCBITaxon:1046973	2
NCBITaxon:1046975	3
NCBITaxon:1046980	3
NCBITaxon:1046982	2
NCBITaxon:1046983	2
NCBITaxon:1046984	2
NCBITaxon:1046986	1
NCBITaxon:1046988	1
NCBITaxon:1046991	2
NCBITaxon:1046997	1
NCBITaxon:1047003	1
NCBITaxon:1047004	1
NCBITaxon:1047006	2
NCBITaxon:1047007	2
NCBITaxon:1047008	1
NCBITaxon:1047009	1
NCBITaxon:1047012	2
NCBITaxon:1047013	2
NCBITaxon:1047014	2
NCBITaxon:1047015	2
NCBITaxon:1047016	2
NCBITaxon:1047017	2
NCBITaxon:1047018	2
NCBITaxon:1047019	2
NCBITaxon:1047020	2
NCBITaxon:1047021	2
NCBITaxon:1047022	2
NCBITaxon:1047023	2
NCBITaxon:1047024	2
NCBITaxon:1047025	2
NCBITaxon:1047026	2
NCBITaxon:1047027	2
NCBITaxon:1047028	2
NCBITaxon:1047029	2
NCBITaxon:1047030	2
NCBITaxon:1047031	2
NCBITaxon:1047032	2
NCBITaxon:1047033	2
NCBITaxon:1047034	2
NCBITaxon:1047035	2
NCBITaxon:1047036	2
NCBITaxon:1047037	2
NCBITaxon:1047038	2
NCBITaxon:1047040	2
NCBITaxon:1047041	2
NCBITaxon:1047051	2
NCBITaxon:1047052	2
NCBITaxon:1047053	2
NCBITaxon:1047054	3
NCBITaxon:1047055	3
NCBITaxon:1047056	3
NCBITaxon:1047057	1
NCBITaxon:1047058	3
NCBITaxon:1047059	3
NCBITaxon:1047060	3
NCBITaxon:1047061	3
NCBITaxon:1047062	1
NCBITaxon:1047063	2
NCBITaxon:1047064	1
NCBITaxon:1047066	2
NCBITaxon:1047067	1
NCBITaxon:1047068	5
NCBITaxon:1047069	2
NCBITaxon:1047070	2
NCBITaxon:1047071	1
NCBITaxon:1047072	1
NCBITaxon:1047073	2
NCBITaxon:1047074	1
NCBITaxon:1047075	1
NCBITaxon:1047076	2
NCBITaxon:1047077	2
NCBITaxon:1047078	2
NCBITaxon:1047079	2
NCBITaxon:1047080	2
NCBITaxon:1047081	2
NCBITaxon:1047085	1
NCBITaxon:1047168	2
NCBITaxon:1047171	205
NCBITaxon:1048	4
NCBITaxon:1048205	2
NCBITaxon:1048221	1
NCBITaxon:1048245	2
NCBITaxon:1048254	3
NCBITaxon:1048256	1
NCBITaxon:1048259	1
NCBITaxon:1048265	1
NCBITaxon:1048266	1
NCBITaxon:1048331	1
NCBITaxon:1048334	1
NCBITaxon:1048335	1
NCBITaxon:1048340	3
NCBITaxon:1048357	4
NCBITaxon:1048394	4
NCBITaxon:1048396	2
NCBITaxon:1048519	2
NCBITaxon:1048532	1
NCBITaxon:1048642	1
NCBITaxon:1048689	1
NCBITaxon:1048752	2
NCBITaxon:1048753	3
NCBITaxon:1048765	1
NCBITaxon:1048834	1
NCBITaxon:1048955	2
NCBITaxon:1048983	1
NCBITaxon:1049	43
NCBITaxon:1049199	4
NCBITaxon:1049289	1
NCBITaxon:104955	3
NCBITaxon:1049557	2
NCBITaxon:1049582	1
NCBITaxon:1049583	7
NCBITaxon:1049759	1
NCBITaxon:1049762	1
NCBITaxon:1049765	1
NCBITaxon:1049766	1
NCBITaxon:1049767	1
NCBITaxon:1049773	1
NCBITaxon:1049776	1
NCBITaxon:1049780	1
NCBITaxon:1049781	1
NCBITaxon:1049782	1
NCBITaxon:1049786	1
NCBITaxon:1049789	1
NCBITaxon:1049790	1
NCBITaxon:1049795	1
NCBITaxon:1049801	1
NCBITaxon:1049802	1
NCBITaxon:1049803	1
NCBITaxon:1049804	1
NCBITaxon:1049805	1
NCBITaxon:1049806	1
NCBITaxon:1049807	1
NCBITaxon:1049814	1
NCBITaxon:1049815	1
NCBITaxon:1049819	1
NCBITaxon:1049820	1
NCBITaxon:1049821	1
NCBITaxon:1049902	1
NCBITaxon:1049903	1
NCBITaxon:1049904	1
NCBITaxon:1049905	1
NCBITaxon:1049906	1
NCBITaxon:1049907	1
NCBITaxon:1049908	1
NCBITaxon:1049909	1
NCBITaxon:1049910	1
NCBITaxon:1049911	1
NCBITaxon:1049912	1
NCBITaxon:1049913	1
NCBITaxon:1049920	1
NCBITaxon:1049921	1
NCBITaxon:1049922	1
NCBITaxon:1049923	1
NCBITaxon:1049924	1
NCBITaxon:1049925	1
NCBITaxon:1049926	1
NCBITaxon:1049927	1
NCBITaxon:1049928	1
NCBITaxon:1049929	1
NCBITaxon:1049930	1
NCBITaxon:1049931	1
NCBITaxon:1049932	1
NCBITaxon:1049933	1
NCBITaxon:1049934	1
NCBITaxon:1049935	1
NCBITaxon:1049936	1
NCBITaxon:1049937	1
NCBITaxon:1049938	1
NCBITaxon:1049939	1
NCBITaxon:1049940	1
NCBITaxon:1049941	1
NCBITaxon:1049942	1
NCBITaxon:1049943	1
NCBITaxon:1049944	1
NCBITaxon:1049945	1
NCBITaxon:1049946	1
NCBITaxon:1049947	1
NCBITaxon:1049955	1
NCBITaxon:1049961	1
NCBITaxon:1049962	1
NCBITaxon:1049964	1
NCBITaxon:1049966	1
NCBITaxon:1049968	1
NCBITaxon:1049969	1
NCBITaxon:1049970	1
NCBITaxon:1049971	1
NCBITaxon:1049972	2
NCBITaxon:1049973	1
NCBITaxon:1049974	1
NCBITaxon:1049976	1
NCBITaxon:1049977	1
NCBITaxon:1049978	1
NCBITaxon:1049979	1
NCBITaxon:1049980	1
NCBITaxon:1049981	1
NCBITaxon:1049982	1
NCBITaxon:1049983	1
NCBITaxon:1049984	1
NCBITaxon:1049985	1
NCBITaxon:1049986	1
NCBITaxon:105	1
NCBITaxon:1050	2
NCBITaxon:1050105	4
NCBITaxon:1050107	5
NCBITaxon:1050153	3
NCBITaxon:1050174	3
NCBITaxon:1050190	11
NCBITaxon:1050193	5
NCBITaxon:1050198	2
NCBITaxon:1050199	8
NCBITaxon:1050202	1
NCBITaxon:1050220	1
NCBITaxon:105061	1
NCBITaxon:1051006	1
NCBITaxon:1051055	1
NCBITaxon:1051056	1
NCBITaxon:1051057	1
NCBITaxon:1051058	1
NCBITaxon:1051059	1
NCBITaxon:1051060	1
NCBITaxon:1051061	1
NCBITaxon:1051062	1
NCBITaxon:1051072	2
NCBITaxon:1051139	1
NCBITaxon:1051347	1
NCBITaxon:105135	6
NCBITaxon:1051501	1
NCBITaxon:1051531	3
NCBITaxon:1051613	1
NCBITaxon:1051616	1
NCBITaxon:1051626	3
NCBITaxon:1051629	1
NCBITaxon:1051650	2
NCBITaxon:1051653	2
NCBITaxon:1051654	1
NCBITaxon:1051660	1
NCBITaxon:1051661	1
NCBITaxon:1051662	1
NCBITaxon:1051663	2
NCBITaxon:105179	1
NCBITaxon:105187	5
NCBITaxon:1051890	1
NCBITaxon:1051899	1
NCBITaxon:1051973	1
NCBITaxon:1051981	1
NCBITaxon:1052	2
NCBITaxon:1052014	2
NCBITaxon:1052017	3
NCBITaxon:1052093	1
NCBITaxon:1052096	1
NCBITaxon:1052145	1
NCBITaxon:105219	13
NCBITaxon:1052197	20
NCBITaxon:1052209	3
NCBITaxon:1052210	1
NCBITaxon:1052257	4
NCBITaxon:1052258	3
NCBITaxon:1052259	5
NCBITaxon:1052260	4
NCBITaxon:105229	19
NCBITaxon:1052588	1
NCBITaxon:1052677	1
NCBITaxon:1052680	2
NCBITaxon:1052681	1
NCBITaxon:1052682	1
NCBITaxon:1052685	2
NCBITaxon:1052808	3
NCBITaxon:1052809	1
NCBITaxon:1052811	4
NCBITaxon:1052812	3
NCBITaxon:1052813	4
NCBITaxon:1052814	3
NCBITaxon:1052815	3
NCBITaxon:1052817	2
NCBITaxon:1052827	1
NCBITaxon:1052829	1
NCBITaxon:1052879	1
NCBITaxon:1052880	1
NCBITaxon:1053	5
NCBITaxon:1053064	1
NCBITaxon:1053132	1
NCBITaxon:1053134	1
NCBITaxon:1053252	2
NCBITaxon:105351	2
NCBITaxon:1053547	6
NCBITaxon:1053551	4
NCBITaxon:1053647	2
NCBITaxon:1053688	2
NCBITaxon:1054	6
NCBITaxon:1054033	2
NCBITaxon:1054034	6
NCBITaxon:1054041	4
NCBITaxon:105420	4
NCBITaxon:1054202	2
NCBITaxon:1054211	1
NCBITaxon:105422	4
NCBITaxon:105425	3
NCBITaxon:1054297	1
NCBITaxon:1054497	1
NCBITaxon:1054498	5
NCBITaxon:1054550	3
NCBITaxon:105483	2
NCBITaxon:1054860	1
NCBITaxon:1054948	1
NCBITaxon:1054949	1
NCBITaxon:1054950	1
NCBITaxon:1054951	1
NCBITaxon:1054952	1
NCBITaxon:1054953	1
NCBITaxon:1054954	1
NCBITaxon:1054955	1
NCBITaxon:1054956	1
NCBITaxon:1054957	1
NCBITaxon:1054958	1
NCBITaxon:1054959	1
NCBITaxon:1054960	1
NCBITaxon:1054961	1
NCBITaxon:1054962	1
NCBITaxon:1054963	1
NCBITaxon:1054964	1
NCBITaxon:1054965	1
NCBITaxon:1054966	1
NCBITaxon:1054972	3
NCBITaxon:1054996	6
NCBITaxon:1055104	8
NCBITaxon:1055231	1
NCBITaxon:1055325	1
NCBITaxon:1055355	4
NCBITaxon:1055466	2
NCBITaxon:1055468	1
NCBITaxon:1055469	1
NCBITaxon:1055487	3
NCBITaxon:1055526	1
NCBITaxon:1055533	2
NCBITaxon:1055534	1
NCBITaxon:1055537	61
NCBITaxon:1055538	11
NCBITaxon:1055540	2
NCBITaxon:1055541	1
NCBITaxon:1055542	2
NCBITaxon:1055543	2
NCBITaxon:1055544	2
NCBITaxon:1055545	1
NCBITaxon:105559	1
NCBITaxon:1055790	1
NCBITaxon:105612	13
NCBITaxon:1056496	3
NCBITaxon:1056511	1
NCBITaxon:1056512	1
NCBITaxon:1056807	9
NCBITaxon:1056810	2
NCBITaxon:105696	12
NCBITaxon:105697	2
NCBITaxon:1056982	5
NCBITaxon:1057	4
NCBITaxon:105707	1
NCBITaxon:105713	1
NCBITaxon:105714	2
NCBITaxon:105751	5
NCBITaxon:105766	1
NCBITaxon:105768	7
NCBITaxon:105772	1
NCBITaxon:1058	2
NCBITaxon:105841	34
NCBITaxon:105842	1
NCBITaxon:105843	6
NCBITaxon:105850	7
NCBITaxon:105851	4
NCBITaxon:105972	1
NCBITaxon:105973	2
NCBITaxon:105982	1
NCBITaxon:105984	1
NCBITaxon:105987	1
NCBITaxon:105988	1
NCBITaxon:105997	1
NCBITaxon:106	20
NCBITaxon:1060	12
NCBITaxon:106000	1
NCBITaxon:106002	10
NCBITaxon:106004	2
NCBITaxon:106007	1
NCBITaxon:106008	1
NCBITaxon:106009	8
NCBITaxon:106013	1
NCBITaxon:106015	1
NCBITaxon:106016	1
NCBITaxon:106017	7
NCBITaxon:106018	3
NCBITaxon:106019	1
NCBITaxon:106020	1
NCBITaxon:106023	8
NCBITaxon:1061	96
NCBITaxon:106147	1
NCBITaxon:1062	5
NCBITaxon:106207	4
NCBITaxon:106262	4
NCBITaxon:106263	1
NCBITaxon:1063	98
NCBITaxon:106370	9
NCBITaxon:1064	1
NCBITaxon:106411	4
NCBITaxon:106412	5
NCBITaxon:106413	4
NCBITaxon:1064514	2
NCBITaxon:1064516	4
NCBITaxon:1064517	4
NCBITaxon:1064518	4
NCBITaxon:1064535	1
NCBITaxon:1064539	1
NCBITaxon:1064551	1
NCBITaxon:106578	1
NCBITaxon:106588	7
NCBITaxon:106589	16
NCBITaxon:106590	238
NCBITaxon:106591	12
NCBITaxon:106592	46
NCBITaxon:1066	22
NCBITaxon:106633	20
NCBITaxon:106634	4
NCBITaxon:106646	1
NCBITaxon:106648	39
NCBITaxon:106649	26
NCBITaxon:106651	3
NCBITaxon:106654	140
NCBITaxon:1067	4
NCBITaxon:1068	2
NCBITaxon:1068590	1
NCBITaxon:1068614	1
NCBITaxon:1068615	1
NCBITaxon:1068616	1
NCBITaxon:1068617	1
NCBITaxon:1068618	1
NCBITaxon:1068619	1
NCBITaxon:1068620	1
NCBITaxon:1068621	1
NCBITaxon:1068622	1
NCBITaxon:1068623	1
NCBITaxon:1068624	1
NCBITaxon:1068873	21
NCBITaxon:1068975	1
NCBITaxon:1068978	6
NCBITaxon:1068979	1
NCBITaxon:1068980	1
NCBITaxon:1069	20
NCBITaxon:1069073	2
NCBITaxon:1069116	1
NCBITaxon:1069117	1
NCBITaxon:1069161	5
NCBITaxon:1069201	11
NCBITaxon:1069220	4
NCBITaxon:1069221	3
NCBITaxon:1069475	1
NCBITaxon:1069530	1
NCBITaxon:1069533	1
NCBITaxon:1069631	1
NCBITaxon:1069642	1
NCBITaxon:1069643	1
NCBITaxon:1069645	1
NCBITaxon:1069813	1
NCBITaxon:1069827	13
NCBITaxon:1069963	5
NCBITaxon:1069980	3
NCBITaxon:1069985	1
NCBITaxon:107	1
NCBITaxon:1070	1
NCBITaxon:1070130	1
NCBITaxon:1070421	4
NCBITaxon:1070424	5
NCBITaxon:1070431	5
NCBITaxon:1070741	1
NCBITaxon:1070744	1
NCBITaxon:1070745	1
NCBITaxon:1070746	1
NCBITaxon:1070748	1
NCBITaxon:1070754	1
NCBITaxon:1070755	1
NCBITaxon:1070757	1
NCBITaxon:1070758	1
NCBITaxon:1070759	1
NCBITaxon:1070760	1
NCBITaxon:1070761	1
NCBITaxon:1070762	1
NCBITaxon:1070763	1
NCBITaxon:1070764	1
NCBITaxon:1070765	1
NCBITaxon:1070766	1
NCBITaxon:1070767	1
NCBITaxon:1070768	1
NCBITaxon:1070769	1
NCBITaxon:1070770	1
NCBITaxon:1070771	1
NCBITaxon:1070772	1
NCBITaxon:1070773	1
NCBITaxon:1070780	1
NCBITaxon:1070861	4
NCBITaxon:1070866	5
NCBITaxon:1070870	4
NCBITaxon:1070872	4
NCBITaxon:1070982	3
NCBITaxon:1071	11
NCBITaxon:1071052	2
NCBITaxon:1071053	4
NCBITaxon:1071054	4
NCBITaxon:1071085	1
NCBITaxon:1071379	1
NCBITaxon:1071380	2
NCBITaxon:1071381	1
NCBITaxon:1071383	1
NCBITaxon:1071395	1
NCBITaxon:1071400	1
NCBITaxon:1071679	10
NCBITaxon:1071718	1
NCBITaxon:1071719	4
NCBITaxon:1071886	1
NCBITaxon:1071918	4
NCBITaxon:1071947	8
NCBITaxon:1071969	1
NCBITaxon:1071983	4
NCBITaxon:1072094	1
NCBITaxon:1072095	1
NCBITaxon:1072096	1
NCBITaxon:1072097	1
NCBITaxon:1072098	1
NCBITaxon:1072099	1
NCBITaxon:1072101	1
NCBITaxon:1072105	2
NCBITaxon:1072256	3
NCBITaxon:1072270	1
NCBITaxon:1072389	1
NCBITaxon:1072459	1
NCBITaxon:1072463	7
NCBITaxon:1072467	1
NCBITaxon:1072568	1
NCBITaxon:1072569	1
NCBITaxon:1072570	1
NCBITaxon:1072571	1
NCBITaxon:1072572	1
NCBITaxon:1072583	2
NCBITaxon:1072587	1
NCBITaxon:1072588	1
NCBITaxon:1072589	1
NCBITaxon:1072590	1
NCBITaxon:1072591	1
NCBITaxon:1072592	1
NCBITaxon:1072593	1
NCBITaxon:1072594	1
NCBITaxon:1072595	1
NCBITaxon:1072596	1
NCBITaxon:1072597	1
NCBITaxon:1072598	1
NCBITaxon:1072599	1
NCBITaxon:1072600	1
NCBITaxon:1072601	1
NCBITaxon:1072602	1
NCBITaxon:1072680	3
NCBITaxon:1072685	1
NCBITaxon:1073	1
NCBITaxon:1073090	1
NCBITaxon:1073196	4
NCBITaxon:1073250	1
NCBITaxon:1073253	4
NCBITaxon:107327	7
NCBITaxon:1073324	2
NCBITaxon:1073325	3
NCBITaxon:1073327	4
NCBITaxon:1073328	4
NCBITaxon:1073350	1
NCBITaxon:1073368	1
NCBITaxon:1073375	1
NCBITaxon:1073376	1
NCBITaxon:1073415	2
NCBITaxon:1073420	1
NCBITaxon:1073423	5
NCBITaxon:1073566	2
NCBITaxon:1073826	1
NCBITaxon:1073827	1
NCBITaxon:1073830	1
NCBITaxon:1073841	1
NCBITaxon:1073842	2
NCBITaxon:1073985	1
NCBITaxon:1073996	5
NCBITaxon:1073999	1
NCBITaxon:1074	9
NCBITaxon:107400	3
NCBITaxon:107401	53
NCBITaxon:1074049	1
NCBITaxon:1074190	1
NCBITaxon:1074233	3
NCBITaxon:1074252	1
NCBITaxon:107426	1
NCBITaxon:1074311	5
NCBITaxon:107442	2
NCBITaxon:1074454	1
NCBITaxon:1074467	4
NCBITaxon:1074495	1
NCBITaxon:1074496	1
NCBITaxon:1074497	1
NCBITaxon:1074498	1
NCBITaxon:1074499	1
NCBITaxon:1074500	1
NCBITaxon:1074501	1
NCBITaxon:1074502	1
NCBITaxon:1074503	1
NCBITaxon:1074504	1
NCBITaxon:1074505	1
NCBITaxon:1074506	1
NCBITaxon:1074507	1
NCBITaxon:1074508	1
NCBITaxon:1074509	1
NCBITaxon:1074510	1
NCBITaxon:1074511	1
NCBITaxon:1074512	1
NCBITaxon:1074513	1
NCBITaxon:1074515	1
NCBITaxon:1074516	1
NCBITaxon:1074517	1
NCBITaxon:1074518	1
NCBITaxon:1074519	1
NCBITaxon:1074520	1
NCBITaxon:1074521	1
NCBITaxon:1074522	1
NCBITaxon:1074523	1
NCBITaxon:1074524	1
NCBITaxon:1074525	1
NCBITaxon:1074526	1
NCBITaxon:1074527	1
NCBITaxon:1074528	1
NCBITaxon:1074529	1
NCBITaxon:1074530	1
NCBITaxon:1074531	1
NCBITaxon:1074532	1
NCBITaxon:1074533	1
NCBITaxon:1074534	1
NCBITaxon:1074535	1
NCBITaxon:1074536	1
NCBITaxon:1074537	1
NCBITaxon:1074538	1
NCBITaxon:1074539	1
NCBITaxon:1074540	1
NCBITaxon:1074541	1
NCBITaxon:107463	2
NCBITaxon:1074889	1
NCBITaxon:1074906	1
NCBITaxon:1075	10
NCBITaxon:1075073	1
NCBITaxon:1075074	1
NCBITaxon:1075075	1
NCBITaxon:1075091	1
NCBITaxon:1075106	1
NCBITaxon:1075397	1
NCBITaxon:1075399	1
NCBITaxon:1075402	3
NCBITaxon:1075416	2
NCBITaxon:1075417	2
NCBITaxon:1075773	1
NCBITaxon:1076	153
NCBITaxon:1076124	4
NCBITaxon:1076125	5
NCBITaxon:1076126	5
NCBITaxon:1076135	1
NCBITaxon:1076137	2
NCBITaxon:1076256	1
NCBITaxon:107630	1
NCBITaxon:1076330	3
NCBITaxon:1076331	5
NCBITaxon:1076412	1
NCBITaxon:1076443	5
NCBITaxon:1076549	5
NCBITaxon:1076550	5
NCBITaxon:1076551	6
NCBITaxon:1076588	5
NCBITaxon:1076592	1
NCBITaxon:1076594	4
NCBITaxon:1076596	8
NCBITaxon:1076626	1
NCBITaxon:1076629	1
NCBITaxon:1076693	1
NCBITaxon:1076695	4
NCBITaxon:1076744	3
NCBITaxon:1076926	86
NCBITaxon:1076935	1
NCBITaxon:1076937	3
NCBITaxon:107706	1
NCBITaxon:1077085	1
NCBITaxon:107709	2
NCBITaxon:1077143	1
NCBITaxon:1077150	1
NCBITaxon:1077153	1
NCBITaxon:1077255	2
NCBITaxon:1077256	3
NCBITaxon:1077263	1
NCBITaxon:1077285	5
NCBITaxon:1077358	3
NCBITaxon:1077464	15
NCBITaxon:1077675	4
NCBITaxon:1077935	1
NCBITaxon:1077936	1
NCBITaxon:1077942	1
NCBITaxon:1077944	1
NCBITaxon:1077945	1
NCBITaxon:1077946	3
NCBITaxon:1077947	2
NCBITaxon:1077976	2
NCBITaxon:1078	1
NCBITaxon:1078001	1
NCBITaxon:1078002	1
NCBITaxon:1078003	1
NCBITaxon:1078004	1
NCBITaxon:1078005	1
NCBITaxon:1078011	1
NCBITaxon:1078013	1
NCBITaxon:1078021	2
NCBITaxon:1078029	1
NCBITaxon:1078030	2
NCBITaxon:1078031	1
NCBITaxon:1078032	1
NCBITaxon:1078033	1
NCBITaxon:1078034	97
NCBITaxon:1078035	1
NCBITaxon:1078050	3
NCBITaxon:107806	1
NCBITaxon:107819	4
NCBITaxon:107820	2
NCBITaxon:107832	1
NCBITaxon:1078469	5
NCBITaxon:1078471	1
NCBITaxon:1078475	3
NCBITaxon:1078480	3
NCBITaxon:1078483	1
NCBITaxon:1078754	4
NCBITaxon:1078765	1
NCBITaxon:1078775	1
NCBITaxon:1078864	1
NCBITaxon:1078905	2
NCBITaxon:1078942	1
NCBITaxon:1079	6
NCBITaxon:1079060	1
NCBITaxon:1079109	6
NCBITaxon:1079114	1
NCBITaxon:1079131	12
NCBITaxon:1079178	1
NCBITaxon:1079179	2
NCBITaxon:1079257	5
NCBITaxon:1079267	1
NCBITaxon:1079364	1
NCBITaxon:1079454	1
NCBITaxon:1079455	1
NCBITaxon:1079468	1
NCBITaxon:1079469	1
NCBITaxon:1079470	1
NCBITaxon:1079471	1
NCBITaxon:1079473	2
NCBITaxon:1079474	1
NCBITaxon:1079475	1
NCBITaxon:1079476	1
NCBITaxon:1079477	1
NCBITaxon:1079478	1
NCBITaxon:1079800	6
NCBITaxon:1079859	4
NCBITaxon:1079901	2
NCBITaxon:1079922	12
NCBITaxon:1079985	1
NCBITaxon:1079987	1
NCBITaxon:1079994	4
NCBITaxon:108	14
NCBITaxon:1080	10
NCBITaxon:108003	3
NCBITaxon:108007	1
NCBITaxon:1080071	4
NCBITaxon:1080072	3
NCBITaxon:1080073	5
NCBITaxon:1080074	5
NCBITaxon:108010	4
NCBITaxon:108015	21
NCBITaxon:108018	4
NCBITaxon:1080187	1
NCBITaxon:1080223	7
NCBITaxon:1080224	2
NCBITaxon:1080225	4
NCBITaxon:1080227	5
NCBITaxon:1080228	1
NCBITaxon:1080229	1
NCBITaxon:1080230	1
NCBITaxon:1080232	4
NCBITaxon:108028	4
NCBITaxon:1080349	7
NCBITaxon:1080709	12
NCBITaxon:1080712	3
NCBITaxon:108080	1
NCBITaxon:1081	3
NCBITaxon:1081025	1
NCBITaxon:1081040	4
NCBITaxon:1081093	1
NCBITaxon:1081094	1
NCBITaxon:1081095	1
NCBITaxon:1081097	3
NCBITaxon:1081102	1
NCBITaxon:1081613	1
NCBITaxon:1081614	1
NCBITaxon:1081631	3
NCBITaxon:1081669	2
NCBITaxon:1081671	1
NCBITaxon:1081736	2
NCBITaxon:1081782	2
NCBITaxon:1081790	1
NCBITaxon:1081866	2
NCBITaxon:1081904	1
NCBITaxon:1081905	1
NCBITaxon:1081942	1
NCBITaxon:1081943	1
NCBITaxon:1082	25
NCBITaxon:1082188	1
NCBITaxon:1082276	3
NCBITaxon:1082277	1
NCBITaxon:1082278	1
NCBITaxon:1082345	3
NCBITaxon:1082479	4
NCBITaxon:1082580	6
NCBITaxon:1082703	2
NCBITaxon:1082704	3
NCBITaxon:1082705	4
NCBITaxon:1082851	3
NCBITaxon:1082868	2
NCBITaxon:1083	11
NCBITaxon:108328	2
NCBITaxon:108355	1
NCBITaxon:1084	2
NCBITaxon:1084226	1
NCBITaxon:1084227	1
NCBITaxon:1084228	1
NCBITaxon:1084229	1
NCBITaxon:1084230	1
NCBITaxon:1084231	1
NCBITaxon:1084232	1
NCBITaxon:1084233	1
NCBITaxon:1084234	1
NCBITaxon:1084247	1
NCBITaxon:108428	1
NCBITaxon:108437	4
NCBITaxon:1084421	2
NCBITaxon:1084519	1
NCBITaxon:1084520	4
NCBITaxon:1084522	1
NCBITaxon:1084523	1
NCBITaxon:1084524	1
NCBITaxon:1084525	1
NCBITaxon:1084526	1
NCBITaxon:1084662	1
NCBITaxon:108486	27
NCBITaxon:1085	63
NCBITaxon:1085028	1
NCBITaxon:108525	1
NCBITaxon:108528	3
NCBITaxon:1085538	1
NCBITaxon:1085540	1
NCBITaxon:1085541	1
NCBITaxon:1085542	1
NCBITaxon:1085543	1
NCBITaxon:1085544	1
NCBITaxon:1085545	1
NCBITaxon:1085546	1
NCBITaxon:1085547	1
NCBITaxon:1085548	1
NCBITaxon:1085549	1
NCBITaxon:1085550	1
NCBITaxon:1085623	1
NCBITaxon:1085630	1
NCBITaxon:1085644	2
NCBITaxon:1085647	4
NCBITaxon:108572	1
NCBITaxon:1085774	2
NCBITaxon:1086	5
NCBITaxon:1086013	4
NCBITaxon:1086030	2
NCBITaxon:1086053	1
NCBITaxon:108607	2
NCBITaxon:108619	203
NCBITaxon:1086359	1
NCBITaxon:1086393	4
NCBITaxon:1086703	1
NCBITaxon:1086729	1
NCBITaxon:1087	1
NCBITaxon:1087253	3
NCBITaxon:1087332	1
NCBITaxon:1087440	1
NCBITaxon:1087441	1
NCBITaxon:1087442	1
NCBITaxon:1087443	1
NCBITaxon:1087444	1
NCBITaxon:1087445	1
NCBITaxon:1087446	1
NCBITaxon:1087447	1
NCBITaxon:1087449	2
NCBITaxon:1087452	1
NCBITaxon:1087468	1
NCBITaxon:1087469	1
NCBITaxon:1087470	1
NCBITaxon:1088	3
NCBITaxon:1088540	1
NCBITaxon:1088541	1
NCBITaxon:1088542	1
NCBITaxon:1088543	1
NCBITaxon:1088544	1
NCBITaxon:1088720	1
NCBITaxon:1088767	4
NCBITaxon:1088872	2
NCBITaxon:1088873	1
NCBITaxon:1088874	1
NCBITaxon:1088877	1
NCBITaxon:1088879	1
NCBITaxon:1088880	1
NCBITaxon:1088881	1
NCBITaxon:1088883	2
NCBITaxon:1088884	1
NCBITaxon:1088885	1
NCBITaxon:1088886	1
NCBITaxon:108892	1
NCBITaxon:108901	1
NCBITaxon:1089305	4
NCBITaxon:1089306	1
NCBITaxon:1089432	1
NCBITaxon:1089433	2
NCBITaxon:1089435	2
NCBITaxon:1089436	1
NCBITaxon:1089437	1
NCBITaxon:1089439	2
NCBITaxon:1089443	1
NCBITaxon:1089444	35
NCBITaxon:1089451	1
NCBITaxon:1089457	7
NCBITaxon:1089531	1
NCBITaxon:1089532	1
NCBITaxon:1089533	1
NCBITaxon:1089544	2
NCBITaxon:1089553	3
NCBITaxon:1089681	1
NCBITaxon:1089683	1
NCBITaxon:108980	29
NCBITaxon:108981	16
NCBITaxon:109	1
NCBITaxon:1090	33
NCBITaxon:1090375	1
NCBITaxon:1090379	1
NCBITaxon:109046	1
NCBITaxon:1090471	1
NCBITaxon:1090565	1
NCBITaxon:1090615	1
NCBITaxon:1090927	1
NCBITaxon:1090928	1
NCBITaxon:1090929	1
NCBITaxon:1090930	1
NCBITaxon:1090931	1
NCBITaxon:1090932	1
NCBITaxon:1090933	1
NCBITaxon:1090934	1
NCBITaxon:1090935	1
NCBITaxon:1090936	1
NCBITaxon:1090937	1
NCBITaxon:1090938	1
NCBITaxon:1090939	1
NCBITaxon:1090941	1
NCBITaxon:1090944	1
NCBITaxon:1090945	1
NCBITaxon:1090946	1
NCBITaxon:1091	1
NCBITaxon:1091037	2
NCBITaxon:1091045	1
NCBITaxon:1091046	1
NCBITaxon:1091494	1
NCBITaxon:109152	2
NCBITaxon:1091545	1
NCBITaxon:1092	12
NCBITaxon:109239	1
NCBITaxon:109258	1
NCBITaxon:109262	1
NCBITaxon:109263	1
NCBITaxon:109264	1
NCBITaxon:109265	3
NCBITaxon:109266	2
NCBITaxon:109269	1
NCBITaxon:1093099	1
NCBITaxon:1093141	1
NCBITaxon:1093200	1
NCBITaxon:109325	3
NCBITaxon:109327	3
NCBITaxon:109328	7
NCBITaxon:109329	7
NCBITaxon:109330	10
NCBITaxon:109331	1
NCBITaxon:1093625	1
NCBITaxon:109372	1
NCBITaxon:1093788	1
NCBITaxon:1093789	1
NCBITaxon:109381	3
NCBITaxon:1093897	1
NCBITaxon:1093898	1
NCBITaxon:1093900	1
NCBITaxon:1094	5
NCBITaxon:1094167	1
NCBITaxon:1094168	1
NCBITaxon:1094169	1
NCBITaxon:1094170	1
NCBITaxon:1094171	1
NCBITaxon:1094182	1
NCBITaxon:1094183	1
NCBITaxon:1094184	1
NCBITaxon:1094185	1
NCBITaxon:1094186	1
NCBITaxon:1094187	1
NCBITaxon:1094188	1
NCBITaxon:1094342	4
NCBITaxon:1094466	2
NCBITaxon:1094491	1
NCBITaxon:1094497	1
NCBITaxon:1094502	1
NCBITaxon:1094506	1
NCBITaxon:1094508	15
NCBITaxon:1094552	1
NCBITaxon:1094553	2
NCBITaxon:1094555	2
NCBITaxon:1094560	2
NCBITaxon:1094561	3
NCBITaxon:1094562	1
NCBITaxon:1094563	1
NCBITaxon:1094564	1
NCBITaxon:109465	3
NCBITaxon:1094714	1
NCBITaxon:1094715	1
NCBITaxon:109472	5
NCBITaxon:1094757	1
NCBITaxon:1094934	1
NCBITaxon:1094935	1
NCBITaxon:1094957	1
NCBITaxon:1094967	1
NCBITaxon:1094968	1
NCBITaxon:1094969	1
NCBITaxon:1094980	1
NCBITaxon:1095009	1
NCBITaxon:1095012	1
NCBITaxon:1095025	3
NCBITaxon:1095026	2
NCBITaxon:1095183	1
NCBITaxon:1095377	1
NCBITaxon:1095379	1
NCBITaxon:1095465	1
NCBITaxon:1095630	1
NCBITaxon:1095638	1
NCBITaxon:1095639	1
NCBITaxon:1095640	1
NCBITaxon:1095641	1
NCBITaxon:1095642	1
NCBITaxon:1095643	1
NCBITaxon:1095644	1
NCBITaxon:1095645	1
NCBITaxon:1095646	1
NCBITaxon:1095647	1
NCBITaxon:1095648	1
NCBITaxon:1095649	1
NCBITaxon:1095650	1
NCBITaxon:1095651	1
NCBITaxon:1095652	1
NCBITaxon:1095653	1
NCBITaxon:1095654	1
NCBITaxon:1095655	1
NCBITaxon:1095656	1
NCBITaxon:1095657	1
NCBITaxon:1095658	1
NCBITaxon:1095659	1
NCBITaxon:1095660	1
NCBITaxon:1095661	1
NCBITaxon:1095662	1
NCBITaxon:1095713	1
NCBITaxon:1095714	1
NCBITaxon:1095718	1
NCBITaxon:1095719	1
NCBITaxon:1095720	1
NCBITaxon:1095721	1
NCBITaxon:1095722	1
NCBITaxon:1095723	1
NCBITaxon:1095729	1
NCBITaxon:1095730	3
NCBITaxon:1095731	3
NCBITaxon:1095739	2
NCBITaxon:1095742	2
NCBITaxon:1095743	1
NCBITaxon:1095744	1
NCBITaxon:1095747	1
NCBITaxon:1095748	1
NCBITaxon:1095752	1
NCBITaxon:1095771	1
NCBITaxon:1095774	3
NCBITaxon:1095776	2
NCBITaxon:1095777	3
NCBITaxon:1095778	3
NCBITaxon:1095900	1
NCBITaxon:1095914	4
NCBITaxon:1095955	1
NCBITaxon:1096	5
NCBITaxon:1096091	1
NCBITaxon:109612	1
NCBITaxon:109615	9
NCBITaxon:1096243	4
NCBITaxon:1096246	1
NCBITaxon:109632	2
NCBITaxon:109634	1
NCBITaxon:1096341	3
NCBITaxon:109635	1
NCBITaxon:109636	2
NCBITaxon:1096564	2
NCBITaxon:109663	1
NCBITaxon:1096750	2
NCBITaxon:1096776	1
NCBITaxon:1096779	4
NCBITaxon:1096929	1
NCBITaxon:1097	2
NCBITaxon:1097667	2
NCBITaxon:1097673	1
NCBITaxon:1097677	2
NCBITaxon:109790	146
NCBITaxon:1098	2
NCBITaxon:109871	1
NCBITaxon:109889	1
NCBITaxon:109894	6
NCBITaxon:109895	2
NCBITaxon:109897	1
NCBITaxon:109899	2
NCBITaxon:1099	1
NCBITaxon:109932	3
NCBITaxon:109936	2
NCBITaxon:109937	1
NCBITaxon:109957	1
NCBITaxon:1099789	1
NCBITaxon:1099794	2
NCBITaxon:1099807	2
NCBITaxon:1099808	2
NCBITaxon:1099853	27
NCBITaxon:110	4
NCBITaxon:1100	1
NCBITaxon:1100718	1
NCBITaxon:110081	2
NCBITaxon:110093	1
NCBITaxon:1101	2
NCBITaxon:110101	9
NCBITaxon:1101373	3
NCBITaxon:1101402	4
NCBITaxon:1101404	1
NCBITaxon:1101440	1
NCBITaxon:1101443	1
NCBITaxon:110146	1
NCBITaxon:110163	4
NCBITaxon:1102	1
NCBITaxon:110238	1
NCBITaxon:110255	1
NCBITaxon:110321	288
NCBITaxon:110322	77
NCBITaxon:110365	1
NCBITaxon:1104322	1
NCBITaxon:1104324	3
NCBITaxon:1104326	1
NCBITaxon:1104430	2
NCBITaxon:1104542	5
NCBITaxon:1104553	1
NCBITaxon:1104559	1
NCBITaxon:1104565	2
NCBITaxon:1104566	2
NCBITaxon:1104568	2
NCBITaxon:1104572	35
NCBITaxon:1104573	2
NCBITaxon:1104574	2
NCBITaxon:1104582	2
NCBITaxon:1104584	1
NCBITaxon:1104586	1
NCBITaxon:1104591	2
NCBITaxon:1104595	2
NCBITaxon:1104597	2
NCBITaxon:1104598	2
NCBITaxon:1104599	2
NCBITaxon:1104600	3
NCBITaxon:1104601	2
NCBITaxon:1104602	2
NCBITaxon:1104603	2
NCBITaxon:1104604	2
NCBITaxon:1104605	2
NCBITaxon:1104608	1
NCBITaxon:1104617	1
NCBITaxon:1104619	2
NCBITaxon:1104620	2
NCBITaxon:1104641	3
NCBITaxon:1104642	1
NCBITaxon:1104668	10
NCBITaxon:1104671	2
NCBITaxon:1104682	1
NCBITaxon:1104773	2
NCBITaxon:1104775	1
NCBITaxon:1104777	2
NCBITaxon:1104779	1
NCBITaxon:1104781	1
NCBITaxon:110479	7
NCBITaxon:1104996	1
NCBITaxon:110500	1
NCBITaxon:110505	5
NCBITaxon:1105092	1
NCBITaxon:1105094	1
NCBITaxon:1105095	1
NCBITaxon:1105096	1
NCBITaxon:1105097	1
NCBITaxon:1105098	1
NCBITaxon:1105099	1
NCBITaxon:1105100	33
NCBITaxon:1105101	1
NCBITaxon:1105102	1
NCBITaxon:1105103	1
NCBITaxon:1105104	1
NCBITaxon:1105105	1
NCBITaxon:1105107	1
NCBITaxon:1105108	1
NCBITaxon:1105109	1
NCBITaxon:1105110	1
NCBITaxon:1105111	1
NCBITaxon:1105112	1
NCBITaxon:1105113	1
NCBITaxon:1105114	1
NCBITaxon:1105143	4
NCBITaxon:1105144	6
NCBITaxon:1105145	4
NCBITaxon:1105235	2
NCBITaxon:1105236	2
NCBITaxon:1105237	1
NCBITaxon:1105238	2
NCBITaxon:1105239	2
NCBITaxon:1105240	2
NCBITaxon:1105241	2
NCBITaxon:1105242	2
NCBITaxon:110526	3
NCBITaxon:110527	1
NCBITaxon:110533	1
NCBITaxon:110534	1
NCBITaxon:1105367	1
NCBITaxon:110542	2
NCBITaxon:110547	1
NCBITaxon:110548	1
NCBITaxon:110550	1
NCBITaxon:110564	7
NCBITaxon:110576	2
NCBITaxon:110583	1
NCBITaxon:110584	1
NCBITaxon:1107	4
NCBITaxon:1107316	5
NCBITaxon:1107321	1
NCBITaxon:110771	1
NCBITaxon:1107880	3
NCBITaxon:1107884	1
NCBITaxon:1108	12
NCBITaxon:1108140	1
NCBITaxon:110845	4
NCBITaxon:1108595	8
NCBITaxon:1108801	4
NCBITaxon:1108812	3
NCBITaxon:1108849	4
NCBITaxon:1108964	1
NCBITaxon:1108972	1
NCBITaxon:1108973	1
NCBITaxon:1109010	4
NCBITaxon:110932	1
NCBITaxon:110933	5
NCBITaxon:110935	4
NCBITaxon:110936	2
NCBITaxon:110937	3
NCBITaxon:1109412	9
NCBITaxon:1109740	4
NCBITaxon:1109741	1
NCBITaxon:1110	1
NCBITaxon:111015	4
NCBITaxon:1110389	3
NCBITaxon:1110392	10
NCBITaxon:1110545	3
NCBITaxon:1110546	4
NCBITaxon:1110688	1
NCBITaxon:1110693	2
NCBITaxon:1111	15
NCBITaxon:1111041	2
NCBITaxon:111105	18
NCBITaxon:1111072	1
NCBITaxon:1111073	1
NCBITaxon:1111074	1
NCBITaxon:1111075	1
NCBITaxon:1111076	1
NCBITaxon:1111081	2
NCBITaxon:1111082	1
NCBITaxon:1111107	2
NCBITaxon:1111114	1
NCBITaxon:1111115	4
NCBITaxon:1111140	4
NCBITaxon:111137	1
NCBITaxon:111141	2
NCBITaxon:111142	1
NCBITaxon:111143	4
NCBITaxon:1111454	1
NCBITaxon:1111473	2
NCBITaxon:1111676	1
NCBITaxon:1111678	1
NCBITaxon:1111730	1
NCBITaxon:1111760	3
NCBITaxon:1111950	2
NCBITaxon:1112	2
NCBITaxon:1112204	1
NCBITaxon:1112208	1
NCBITaxon:1112215	1
NCBITaxon:1112217	2
NCBITaxon:1112254	1
NCBITaxon:1112267	1
NCBITaxon:1112349	1
NCBITaxon:1112738	6
NCBITaxon:111291	1
NCBITaxon:111292	1
NCBITaxon:1113	1
NCBITaxon:1113698	1
NCBITaxon:111463	1
NCBITaxon:1114856	1
NCBITaxon:1114861	3
NCBITaxon:1114867	2
NCBITaxon:1114870	1
NCBITaxon:1114873	2
NCBITaxon:1114874	3
NCBITaxon:1114875	2
NCBITaxon:1114878	3
NCBITaxon:1114880	3
NCBITaxon:1114924	1
NCBITaxon:1114943	2
NCBITaxon:1114946	1
NCBITaxon:1114947	1
NCBITaxon:1114948	1
NCBITaxon:1114949	1
NCBITaxon:1114951	1
NCBITaxon:1114952	1
NCBITaxon:1114956	1
NCBITaxon:1114957	1
NCBITaxon:1114964	1
NCBITaxon:1114970	4
NCBITaxon:1114972	1
NCBITaxon:111500	5
NCBITaxon:111501	3
NCBITaxon:111504	2
NCBITaxon:1115511	2
NCBITaxon:1115515	1
NCBITaxon:1115536	1
NCBITaxon:111564	3
NCBITaxon:1115737	1
NCBITaxon:1115758	5
NCBITaxon:1115803	1
NCBITaxon:1115809	1
NCBITaxon:111611	1
NCBITaxon:111620	1
NCBITaxon:1116214	1
NCBITaxon:1116215	1
NCBITaxon:1116216	1
NCBITaxon:1116217	1
NCBITaxon:1116218	1
NCBITaxon:1116219	1
NCBITaxon:1116220	1
NCBITaxon:1116221	1
NCBITaxon:1116222	1
NCBITaxon:1116223	1
NCBITaxon:1116224	1
NCBITaxon:1116225	1
NCBITaxon:1116233	1
NCBITaxon:1116234	1
NCBITaxon:1116235	1
NCBITaxon:1116236	1
NCBITaxon:111630	20
NCBITaxon:1116476	1
NCBITaxon:1116477	1
NCBITaxon:1116880	2
NCBITaxon:1116881	1
NCBITaxon:1117	119
NCBITaxon:1117041	3
NCBITaxon:1117110	2
NCBITaxon:1117146	1
NCBITaxon:1117149	1
NCBITaxon:1117151	1
NCBITaxon:1117156	5
NCBITaxon:1117177	3
NCBITaxon:1117310	1
NCBITaxon:1117314	1
NCBITaxon:1117316	1
NCBITaxon:1117318	1
NCBITaxon:1117320	1
NCBITaxon:1117322	4
NCBITaxon:1117335	1
NCBITaxon:1117645	77
NCBITaxon:1117647	2
NCBITaxon:1117665	1
NCBITaxon:111769	2
NCBITaxon:111770	1
NCBITaxon:1117702	3
NCBITaxon:1117703	3
NCBITaxon:1117706	4
NCBITaxon:1117707	5
NCBITaxon:1117708	2
NCBITaxon:111773	1
NCBITaxon:1117941	1
NCBITaxon:1117942	1
NCBITaxon:1117957	4
NCBITaxon:1117958	1
NCBITaxon:111797	1
NCBITaxon:1118	5
NCBITaxon:111802	5
NCBITaxon:111803	6
NCBITaxon:111804	1
NCBITaxon:111805	53
NCBITaxon:1118054	3
NCBITaxon:1118059	1
NCBITaxon:111806	8
NCBITaxon:1118062	1
NCBITaxon:1118065	36
NCBITaxon:1118066	18
NCBITaxon:111807	7
NCBITaxon:1118155	1
NCBITaxon:1118202	5
NCBITaxon:1118236	1
NCBITaxon:111830	1
NCBITaxon:111831	2
NCBITaxon:1118342	1
NCBITaxon:1118379	4
NCBITaxon:111844	4
NCBITaxon:1118451	4
NCBITaxon:1118959	1
NCBITaxon:1118965	1
NCBITaxon:1119056	3
NCBITaxon:1119058	5
NCBITaxon:1119528	3
NCBITaxon:1119534	4
NCBITaxon:111955	4
NCBITaxon:111969	1
NCBITaxon:112	8
NCBITaxon:112002	7
NCBITaxon:1120045	2
NCBITaxon:112009	1
NCBITaxon:1120568	1
NCBITaxon:112072	1
NCBITaxon:112074	1
NCBITaxon:1120752	9
NCBITaxon:1120755	1
NCBITaxon:112090	14
NCBITaxon:112091	1
NCBITaxon:1120919	1
NCBITaxon:1120923	1
NCBITaxon:1120924	2
NCBITaxon:1120925	3
NCBITaxon:1120926	4
NCBITaxon:1120927	4
NCBITaxon:1120928	3
NCBITaxon:1120929	3
NCBITaxon:1120930	1
NCBITaxon:1120938	2
NCBITaxon:1120945	1
NCBITaxon:1120949	1
NCBITaxon:1120952	1
NCBITaxon:1120957	1
NCBITaxon:1120962	1
NCBITaxon:1120964	2
NCBITaxon:1120986	2
NCBITaxon:1120994	1
NCBITaxon:1120997	1
NCBITaxon:1121000	3
NCBITaxon:1121015	1
NCBITaxon:112102	2
NCBITaxon:1121021	1
NCBITaxon:1121028	1
NCBITaxon:1121029	1
NCBITaxon:1121084	3
NCBITaxon:1121088	5
NCBITaxon:1121090	2
NCBITaxon:1121094	2
NCBITaxon:1121096	2
NCBITaxon:1121097	2
NCBITaxon:1121098	4
NCBITaxon:1121099	2
NCBITaxon:1121100	2
NCBITaxon:1121101	2
NCBITaxon:1121111	1
NCBITaxon:1121114	3
NCBITaxon:1121116	1
NCBITaxon:1121117	2
NCBITaxon:1121120	2
NCBITaxon:1121126	2
NCBITaxon:112121	1
NCBITaxon:1121252	2
NCBITaxon:1121266	1
NCBITaxon:1121267	2
NCBITaxon:1121270	1
NCBITaxon:1121276	1
NCBITaxon:1121296	2
NCBITaxon:1121298	6
NCBITaxon:1121303	2
NCBITaxon:1121304	1
NCBITaxon:1121307	1
NCBITaxon:1121308	3
NCBITaxon:112131	1
NCBITaxon:1121315	2
NCBITaxon:1121317	2
NCBITaxon:1121324	1
NCBITaxon:1121325	1
NCBITaxon:1121326	1
NCBITaxon:1121328	3
NCBITaxon:1121330	1
NCBITaxon:1121333	1
NCBITaxon:1121335	2
NCBITaxon:1121336	1
NCBITaxon:1121338	1
NCBITaxon:1121342	3
NCBITaxon:1121358	2
NCBITaxon:1121366	1
NCBITaxon:1121377	1
NCBITaxon:1121387	2
NCBITaxon:112140	3
NCBITaxon:1121417	1
NCBITaxon:1121427	1
NCBITaxon:1121428	2
NCBITaxon:1121435	1
NCBITaxon:1121439	1
NCBITaxon:1121444	2
NCBITaxon:1121445	1
NCBITaxon:1121448	2
NCBITaxon:1121451	2
NCBITaxon:1121457	1
NCBITaxon:1121460	1
NCBITaxon:1121464	1
NCBITaxon:1121465	2
NCBITaxon:1121485	1
NCBITaxon:1121721	2
NCBITaxon:1121830	2
NCBITaxon:1121832	2
NCBITaxon:1121862	2
NCBITaxon:1121864	7
NCBITaxon:1121865	5
NCBITaxon:1121874	1
NCBITaxon:1121894	2
NCBITaxon:1121895	2
NCBITaxon:1121898	2
NCBITaxon:1121910	3
NCBITaxon:1121920	1
NCBITaxon:1121922	3
NCBITaxon:1121923	1
NCBITaxon:1121927	2
NCBITaxon:1121931	1
NCBITaxon:1121932	1
NCBITaxon:1121933	3
NCBITaxon:1121939	2
NCBITaxon:1121942	1
NCBITaxon:1121943	1
NCBITaxon:1121960	3
NCBITaxon:1121961	2
NCBITaxon:1122134	1
NCBITaxon:1122137	2
NCBITaxon:1122147	1
NCBITaxon:1122148	3
NCBITaxon:1122149	2
NCBITaxon:1122151	3
NCBITaxon:1122152	1
NCBITaxon:1122154	2
NCBITaxon:1122164	2
NCBITaxon:1122169	1
NCBITaxon:1122170	2
NCBITaxon:1122177	2
NCBITaxon:1122185	2
NCBITaxon:1122204	4
NCBITaxon:1122224	1
NCBITaxon:1122236	2
NCBITaxon:1122252	5
NCBITaxon:1122256	3
NCBITaxon:1122261	4
NCBITaxon:112234	31
NCBITaxon:112248	4
NCBITaxon:112255	1
NCBITaxon:1122618	2
NCBITaxon:112263	1
NCBITaxon:1122915	2
NCBITaxon:1122921	2
NCBITaxon:1122922	1
NCBITaxon:1122924	2
NCBITaxon:1122925	2
NCBITaxon:1122935	1
NCBITaxon:1122938	1
NCBITaxon:1122941	3
NCBITaxon:1122943	1
NCBITaxon:1122947	1
NCBITaxon:1122961	1
NCBITaxon:1122971	2
NCBITaxon:1122974	2
NCBITaxon:1122976	2
NCBITaxon:1122977	3
NCBITaxon:1122978	2
NCBITaxon:1122979	2
NCBITaxon:1122980	2
NCBITaxon:1122981	2
NCBITaxon:1122982	2
NCBITaxon:1122983	2
NCBITaxon:1122984	3
NCBITaxon:1122985	3
NCBITaxon:1122986	2
NCBITaxon:1122987	2
NCBITaxon:1122988	2
NCBITaxon:1122989	2
NCBITaxon:1122990	2
NCBITaxon:1122991	2
NCBITaxon:1122992	3
NCBITaxon:1122993	2
NCBITaxon:1123015	2
NCBITaxon:1123016	2
NCBITaxon:1123020	1
NCBITaxon:1123023	1
NCBITaxon:1123024	2
NCBITaxon:1123025	1
NCBITaxon:1123032	1
NCBITaxon:1123034	2
NCBITaxon:1123042	3
NCBITaxon:1123043	3
NCBITaxon:1123045	3
NCBITaxon:1123055	1
NCBITaxon:1123061	1
NCBITaxon:1123062	1
NCBITaxon:1123067	2
NCBITaxon:1123069	1
NCBITaxon:1123070	1
NCBITaxon:1123225	3
NCBITaxon:1123231	1
NCBITaxon:1123237	1
NCBITaxon:1123242	1
NCBITaxon:1123249	1
NCBITaxon:1123258	2
NCBITaxon:1123284	2
NCBITaxon:1123288	2
NCBITaxon:1123295	1
NCBITaxon:112331	6
NCBITaxon:1123317	4
NCBITaxon:1123352	4
NCBITaxon:1123358	1
NCBITaxon:1123360	1
NCBITaxon:1123362	1
NCBITaxon:1123365	2
NCBITaxon:1123366	2
NCBITaxon:1123367	2
NCBITaxon:1123383	2
NCBITaxon:1123384	3
NCBITaxon:1123385	2
NCBITaxon:1123388	1
NCBITaxon:1123397	1
NCBITaxon:1123492	2
NCBITaxon:1123505	1
NCBITaxon:1123506	1
NCBITaxon:1123523	1
NCBITaxon:1123687	5
NCBITaxon:1123721	1
NCBITaxon:1123738	3
NCBITaxon:1123755	4
NCBITaxon:1123756	3
NCBITaxon:1123757	1
NCBITaxon:1123758	1
NCBITaxon:1123862	1
NCBITaxon:1123868	3
NCBITaxon:1123869	3
NCBITaxon:1123870	5
NCBITaxon:1123961	3
NCBITaxon:1123969	1
NCBITaxon:112413	7
NCBITaxon:112417	2
NCBITaxon:1124188	4
NCBITaxon:1124239	4
NCBITaxon:1124468	1
NCBITaxon:1124469	1
NCBITaxon:1124470	1
NCBITaxon:1124471	1
NCBITaxon:1124472	1
NCBITaxon:1124473	1
NCBITaxon:1124474	1
NCBITaxon:1124475	1
NCBITaxon:1124476	1
NCBITaxon:1124477	1
NCBITaxon:1124478	1
NCBITaxon:1124479	1
NCBITaxon:1124480	1
NCBITaxon:1124481	1
NCBITaxon:1124482	1
NCBITaxon:1124483	1
NCBITaxon:1124484	1
NCBITaxon:1124485	1
NCBITaxon:1124486	1
NCBITaxon:1124487	1
NCBITaxon:1124597	1
NCBITaxon:1124658	1
NCBITaxon:1124659	1
NCBITaxon:1124660	1
NCBITaxon:1124661	1
NCBITaxon:1124662	1
NCBITaxon:1124663	1
NCBITaxon:1124664	1
NCBITaxon:1124665	1
NCBITaxon:1124678	1
NCBITaxon:1124743	4
NCBITaxon:1124744	3
NCBITaxon:1124745	1
NCBITaxon:1124754	3
NCBITaxon:1124761	4
NCBITaxon:1124835	5
NCBITaxon:1124906	1
NCBITaxon:1124907	1
NCBITaxon:1124908	1
NCBITaxon:1124909	1
NCBITaxon:1124910	1
NCBITaxon:1124911	1
NCBITaxon:1124912	1
NCBITaxon:1124913	1
NCBITaxon:1124914	1
NCBITaxon:1124915	1
NCBITaxon:1124916	1
NCBITaxon:1124917	2
NCBITaxon:1124918	1
NCBITaxon:1124919	1
NCBITaxon:1124920	1
NCBITaxon:1124921	1
NCBITaxon:1124922	1
NCBITaxon:1124923	1
NCBITaxon:1124924	1
NCBITaxon:1124925	1
NCBITaxon:1124926	1
NCBITaxon:1124927	1
NCBITaxon:1124928	1
NCBITaxon:1124929	1
NCBITaxon:1124930	1
NCBITaxon:1124931	1
NCBITaxon:1124932	1
NCBITaxon:1124933	1
NCBITaxon:1124934	1
NCBITaxon:1124935	1
NCBITaxon:1124936	1
NCBITaxon:1124937	1
NCBITaxon:1124938	1
NCBITaxon:1124939	1
NCBITaxon:1124940	1
NCBITaxon:1124941	1
NCBITaxon:1124942	1
NCBITaxon:1124943	1
NCBITaxon:1124944	1
NCBITaxon:1124945	1
NCBITaxon:1124946	1
NCBITaxon:1124947	1
NCBITaxon:1124948	1
NCBITaxon:1124949	1
NCBITaxon:1124950	1
NCBITaxon:1124951	1
NCBITaxon:1124952	1
NCBITaxon:1124953	1
NCBITaxon:1124954	1
NCBITaxon:1124955	1
NCBITaxon:1124956	1
NCBITaxon:1124957	1
NCBITaxon:1124958	1
NCBITaxon:1124959	1
NCBITaxon:1124960	1
NCBITaxon:1124961	1
NCBITaxon:1124962	1
NCBITaxon:1124963	1
NCBITaxon:1124964	1
NCBITaxon:1124965	1
NCBITaxon:1124966	1
NCBITaxon:1124967	1
NCBITaxon:1124968	1
NCBITaxon:1124969	1
NCBITaxon:1124970	1
NCBITaxon:1124971	1
NCBITaxon:1124972	1
NCBITaxon:1124973	1
NCBITaxon:1124974	1
NCBITaxon:1124975	1
NCBITaxon:1124976	1
NCBITaxon:1124977	1
NCBITaxon:1124978	1
NCBITaxon:1124979	1
NCBITaxon:112498	2
NCBITaxon:1124980	1
NCBITaxon:1124981	1
NCBITaxon:1124991	1
NCBITaxon:1124992	1
NCBITaxon:1125	107
NCBITaxon:1125007	1
NCBITaxon:1125411	2
NCBITaxon:1125630	3
NCBITaxon:1125697	1
NCBITaxon:1125701	1
NCBITaxon:1125712	1
NCBITaxon:1125719	1
NCBITaxon:1125720	1
NCBITaxon:1125721	1
NCBITaxon:1125722	1
NCBITaxon:1125723	2
NCBITaxon:1125725	3
NCBITaxon:1125752	1
NCBITaxon:1125753	1
NCBITaxon:1125779	1
NCBITaxon:1125847	2
NCBITaxon:1125875	1
NCBITaxon:1125876	2
NCBITaxon:1125881	1
NCBITaxon:1125882	1
NCBITaxon:1125964	4
NCBITaxon:1125966	1
NCBITaxon:1125967	4
NCBITaxon:1125971	1
NCBITaxon:1125973	2
NCBITaxon:1125975	1
NCBITaxon:1126	343
NCBITaxon:1126011	1
NCBITaxon:1126234	1
NCBITaxon:1126236	4
NCBITaxon:1126237	1
NCBITaxon:1126238	1
NCBITaxon:1126240	1
NCBITaxon:1126241	1
NCBITaxon:1126242	1
NCBITaxon:1126245	1
NCBITaxon:1126681	1
NCBITaxon:1126814	1
NCBITaxon:1126831	4
NCBITaxon:1126832	3
NCBITaxon:1126833	3
NCBITaxon:1126871	2
NCBITaxon:1126877	1
NCBITaxon:1126955	1
NCBITaxon:112729	2
NCBITaxon:1127353	1
NCBITaxon:1127354	1
NCBITaxon:1127355	1
NCBITaxon:1127439	1
NCBITaxon:1127482	1
NCBITaxon:1127484	1
NCBITaxon:1127690	1
NCBITaxon:1127691	1
NCBITaxon:1127692	1
NCBITaxon:1127693	1
NCBITaxon:1127694	1
NCBITaxon:1127695	1
NCBITaxon:1127699	1
NCBITaxon:1127744	1
NCBITaxon:1127829	5
NCBITaxon:1127830	1
NCBITaxon:1128111	1
NCBITaxon:1128113	1
NCBITaxon:1128334	1
NCBITaxon:1128416	5
NCBITaxon:1128664	5
NCBITaxon:1128665	5
NCBITaxon:1128667	3
NCBITaxon:1128670	4
NCBITaxon:1128671	5
NCBITaxon:1128672	3
NCBITaxon:1128675	5
NCBITaxon:1128676	4
NCBITaxon:1128677	4
NCBITaxon:1128679	2
NCBITaxon:1128680	2
NCBITaxon:1128682	4
NCBITaxon:1128911	4
NCBITaxon:1128946	1
NCBITaxon:1128947	1
NCBITaxon:1128948	1
NCBITaxon:1128949	1
NCBITaxon:1128950	1
NCBITaxon:1128951	1
NCBITaxon:1128952	1
NCBITaxon:1128953	1
NCBITaxon:1128954	1
NCBITaxon:1128955	1
NCBITaxon:1128956	1
NCBITaxon:1128957	1
NCBITaxon:1128958	1
NCBITaxon:1128959	1
NCBITaxon:1128960	1
NCBITaxon:1128961	1
NCBITaxon:1128962	1
NCBITaxon:1128963	1
NCBITaxon:1128964	1
NCBITaxon:1128965	1
NCBITaxon:1128966	1
NCBITaxon:1128967	1
NCBITaxon:1128968	1
NCBITaxon:1128969	1
NCBITaxon:1128970	1
NCBITaxon:1129	40
NCBITaxon:112900	3
NCBITaxon:112901	2
NCBITaxon:112903	1
NCBITaxon:112904	48
NCBITaxon:1129117	2
NCBITaxon:1129133	3
NCBITaxon:1129257	428
NCBITaxon:1129264	3
NCBITaxon:1129547	5
NCBITaxon:1129792	2
NCBITaxon:1129794	1
NCBITaxon:112987	1
NCBITaxon:1129894	1
NCBITaxon:112995	2
NCBITaxon:113	1
NCBITaxon:1130046	5
NCBITaxon:1130080	3
NCBITaxon:1130266	6
NCBITaxon:1130284	1
NCBITaxon:1130285	7
NCBITaxon:1130299	1
NCBITaxon:1130300	1
NCBITaxon:1130301	1
NCBITaxon:1130302	1
NCBITaxon:1130303	1
NCBITaxon:1130304	1
NCBITaxon:1130305	1
NCBITaxon:1130306	1
NCBITaxon:1130313	1
NCBITaxon:1130314	1
NCBITaxon:1130315	1
NCBITaxon:1130316	1
NCBITaxon:1130317	1
NCBITaxon:1130318	1
NCBITaxon:1130319	1
NCBITaxon:1130320	1
NCBITaxon:1130345	2
NCBITaxon:1130346	2
NCBITaxon:1130347	2
NCBITaxon:1130348	2
NCBITaxon:1130364	1
NCBITaxon:1130373	1
NCBITaxon:1130375	1
NCBITaxon:1130378	1
NCBITaxon:1130379	1
NCBITaxon:1130380	8
NCBITaxon:1130385	1
NCBITaxon:1130410	2
NCBITaxon:1130722	1
NCBITaxon:1130723	1
NCBITaxon:1130726	1
NCBITaxon:1130798	1
NCBITaxon:1130819	3
NCBITaxon:1130827	1
NCBITaxon:1130830	1
NCBITaxon:1131	29
NCBITaxon:113107	22
NCBITaxon:1131257	1
NCBITaxon:1131266	1
NCBITaxon:1131267	1
NCBITaxon:1131268	1
NCBITaxon:1131273	1
NCBITaxon:1131280	162
NCBITaxon:1131292	5
NCBITaxon:1131323	1
NCBITaxon:1131473	1
NCBITaxon:1131484	1
NCBITaxon:1131488	1
NCBITaxon:1131534	1
NCBITaxon:1131548	1
NCBITaxon:1131555	1
NCBITaxon:1131562	1
NCBITaxon:1131563	1
NCBITaxon:1131567	5
NCBITaxon:1131576	1
NCBITaxon:1131577	1
NCBITaxon:1131579	1
NCBITaxon:1131580	1
NCBITaxon:1131582	1
NCBITaxon:1131583	1
NCBITaxon:1131585	1
NCBITaxon:1131609	4
NCBITaxon:1131610	3
NCBITaxon:1131635	1
NCBITaxon:1131652	1
NCBITaxon:1131703	1
NCBITaxon:1131707	2
NCBITaxon:1131731	1
NCBITaxon:1131815	1
NCBITaxon:1131836	3
NCBITaxon:1132028	2
NCBITaxon:113226	1
NCBITaxon:1132417	6
NCBITaxon:1132444	1
NCBITaxon:1132496	1
NCBITaxon:1132497	1
NCBITaxon:1132498	1
NCBITaxon:1132499	1
NCBITaxon:1132500	1
NCBITaxon:1132501	1
NCBITaxon:1132502	1
NCBITaxon:1132503	1
NCBITaxon:1132504	1
NCBITaxon:1132505	1
NCBITaxon:1132506	1
NCBITaxon:1132507	1
NCBITaxon:1132637	4
NCBITaxon:1132638	1
NCBITaxon:1132659	5
NCBITaxon:113268	1
NCBITaxon:113269	1
NCBITaxon:1132694	1
NCBITaxon:1132695	2
NCBITaxon:1132696	1
NCBITaxon:1132766	1
NCBITaxon:1132834	1
NCBITaxon:1132859	1
NCBITaxon:1132860	1
NCBITaxon:113287	23
NCBITaxon:113288	5
NCBITaxon:1133106	3
NCBITaxon:1133319	3
NCBITaxon:1133344	3
NCBITaxon:1133347	4
NCBITaxon:1133364	3
NCBITaxon:1133546	5
NCBITaxon:1133559	2
NCBITaxon:1133569	1
NCBITaxon:1133592	1
NCBITaxon:1133671	1
NCBITaxon:1133850	2
NCBITaxon:1133852	2
NCBITaxon:1133853	2
NCBITaxon:113395	1
NCBITaxon:1133968	1
NCBITaxon:1134041	1
NCBITaxon:1134058	1
NCBITaxon:1134077	1
NCBITaxon:1134404	16
NCBITaxon:1134405	3
NCBITaxon:1134406	3
NCBITaxon:1134413	3
NCBITaxon:1134435	4
NCBITaxon:1134445	1
NCBITaxon:1134463	1
NCBITaxon:1134509	1
NCBITaxon:1134510	1
NCBITaxon:1134595	1
NCBITaxon:1134654	1
NCBITaxon:1134655	1
NCBITaxon:1134656	1
NCBITaxon:1134657	1
NCBITaxon:1134658	1
NCBITaxon:1134659	1
NCBITaxon:1134660	1
NCBITaxon:1134661	1
NCBITaxon:1134662	1
NCBITaxon:1134663	1
NCBITaxon:1134664	2
NCBITaxon:1134669	1
NCBITaxon:1134673	1
NCBITaxon:1134675	1
NCBITaxon:1134687	219
NCBITaxon:1134781	4
NCBITaxon:1134782	2
NCBITaxon:1134842	1
NCBITaxon:113557	11
NCBITaxon:113559	14
NCBITaxon:113560	8
NCBITaxon:113561	8
NCBITaxon:113562	6
NCBITaxon:113563	6
NCBITaxon:113564	6
NCBITaxon:113565	17
NCBITaxon:113566	7
NCBITaxon:113567	5
NCBITaxon:113568	8
NCBITaxon:113569	8
NCBITaxon:113570	10
NCBITaxon:113571	11
NCBITaxon:1135990	4
NCBITaxon:113602	1
NCBITaxon:113605	1
NCBITaxon:113606	1
NCBITaxon:113607	1
NCBITaxon:1136071	4
NCBITaxon:1136073	3
NCBITaxon:113608	1
NCBITaxon:1136135	3
NCBITaxon:1136178	1
NCBITaxon:113618	1
NCBITaxon:1136217	1
NCBITaxon:1136218	1
NCBITaxon:1136231	1
NCBITaxon:113626	1
NCBITaxon:113634	3
NCBITaxon:1136497	1
NCBITaxon:113653	2
NCBITaxon:1136748	1
NCBITaxon:1136873	4
NCBITaxon:1136880	1
NCBITaxon:1136883	10
NCBITaxon:1136941	4
NCBITaxon:1137087	1
NCBITaxon:1137095	2
NCBITaxon:1137096	2
NCBITaxon:1137119	2
NCBITaxon:1137129	1
NCBITaxon:1137130	1
NCBITaxon:1137131	1
NCBITaxon:1137132	1
NCBITaxon:1137133	1
NCBITaxon:1137134	2
NCBITaxon:1137135	1
NCBITaxon:1137136	1
NCBITaxon:1137138	1
NCBITaxon:1137211	1
NCBITaxon:1137259	1
NCBITaxon:1137263	2
NCBITaxon:1137280	1
NCBITaxon:1137281	1
NCBITaxon:1137284	1
NCBITaxon:1137449	1
NCBITaxon:1137606	4
NCBITaxon:1137650	1
NCBITaxon:1137651	1
NCBITaxon:1137739	1
NCBITaxon:1137780	2
NCBITaxon:1137799	2
NCBITaxon:1137848	2
NCBITaxon:1137985	1
NCBITaxon:1137988	4
NCBITaxon:1137989	4
NCBITaxon:1137990	4
NCBITaxon:1137991	4
NCBITaxon:1137993	4
NCBITaxon:1137994	4
NCBITaxon:1138170	5
NCBITaxon:1138189	22
NCBITaxon:1138190	4
NCBITaxon:1138194	8
NCBITaxon:1138383	10
NCBITaxon:1138384	1
NCBITaxon:1138585	4
NCBITaxon:1138587	3
NCBITaxon:1138822	2
NCBITaxon:1138871	1
NCBITaxon:1138880	1
NCBITaxon:1138881	1
NCBITaxon:1138882	1
NCBITaxon:1138883	1
NCBITaxon:1138884	1
NCBITaxon:1138885	1
NCBITaxon:1138886	1
NCBITaxon:1138887	1
NCBITaxon:1138888	1
NCBITaxon:1138889	1
NCBITaxon:1138890	1
NCBITaxon:1138891	1
NCBITaxon:1138892	1
NCBITaxon:1138893	1
NCBITaxon:1138894	1
NCBITaxon:1138895	1
NCBITaxon:1138896	1
NCBITaxon:1138897	1
NCBITaxon:1138898	1
NCBITaxon:1138899	1
NCBITaxon:1138900	1
NCBITaxon:1138901	1
NCBITaxon:1138902	1
NCBITaxon:1138903	1
NCBITaxon:1138904	1
NCBITaxon:1138905	1
NCBITaxon:1138906	1
NCBITaxon:1138907	1
NCBITaxon:1138908	1
NCBITaxon:1138909	1
NCBITaxon:1138910	1
NCBITaxon:1138911	1
NCBITaxon:1138912	1
NCBITaxon:1138913	1
NCBITaxon:1138914	1
NCBITaxon:1138915	1
NCBITaxon:1138916	1
NCBITaxon:1138917	1
NCBITaxon:1138918	1
NCBITaxon:1138919	1
NCBITaxon:1138920	1
NCBITaxon:1138921	1
NCBITaxon:1138922	1
NCBITaxon:1138923	1
NCBITaxon:1138924	1
NCBITaxon:1138925	1
NCBITaxon:1138926	1
NCBITaxon:1138927	1
NCBITaxon:1138928	1
NCBITaxon:1138929	1
NCBITaxon:1138930	1
NCBITaxon:1138931	1
NCBITaxon:1138932	1
NCBITaxon:1138933	1
NCBITaxon:1138934	1
NCBITaxon:1138935	1
NCBITaxon:1138936	1
NCBITaxon:1138937	2
NCBITaxon:1138938	2
NCBITaxon:1138939	2
NCBITaxon:1139996	2
NCBITaxon:114	1
NCBITaxon:1140	18
NCBITaxon:1140386	1
NCBITaxon:1140402	1
NCBITaxon:114053	1
NCBITaxon:114090	3
NCBITaxon:1141098	1
NCBITaxon:1141101	1
NCBITaxon:1141102	1
NCBITaxon:1141104	1
NCBITaxon:1141106	1
NCBITaxon:1141110	1
NCBITaxon:1141221	2
NCBITaxon:114136	4
NCBITaxon:114155	20
NCBITaxon:1141647	4
NCBITaxon:1141657	4
NCBITaxon:1141845	1
NCBITaxon:1141846	1
NCBITaxon:114186	4
NCBITaxon:1141874	3
NCBITaxon:1141878	6
NCBITaxon:1141882	5
NCBITaxon:1141883	1
NCBITaxon:1141884	1
NCBITaxon:1141887	1
NCBITaxon:1141888	4
NCBITaxon:1141889	3
NCBITaxon:1141890	4
NCBITaxon:1141892	4
NCBITaxon:114197	1
NCBITaxon:1142	1
NCBITaxon:1142134	3
NCBITaxon:1142140	1
NCBITaxon:1142160	1
NCBITaxon:1142234	1
NCBITaxon:1142239	3
NCBITaxon:114230	1
NCBITaxon:114231	1
NCBITaxon:114243	10
NCBITaxon:114249	2
NCBITaxon:1142511	1
NCBITaxon:114259	7
NCBITaxon:114295	1
NCBITaxon:114376	2
NCBITaxon:114380	8
NCBITaxon:114404	3
NCBITaxon:1144271	1
NCBITaxon:1144272	1
NCBITaxon:1144273	1
NCBITaxon:1144278	4
NCBITaxon:1144280	1
NCBITaxon:1144316	1
NCBITaxon:1144477	5
NCBITaxon:1144478	2
NCBITaxon:1144522	1
NCBITaxon:1144547	5
NCBITaxon:1144548	5
NCBITaxon:1144553	3
NCBITaxon:1144617	4
NCBITaxon:1144618	4
NCBITaxon:1144680	2
NCBITaxon:1144682	1
NCBITaxon:1144748	1
NCBITaxon:1144750	5
NCBITaxon:1144873	1
NCBITaxon:1145106	2
NCBITaxon:114517	1
NCBITaxon:1145235	2
NCBITaxon:114524	1
NCBITaxon:114527	3
NCBITaxon:1145276	2
NCBITaxon:114528	1
NCBITaxon:114616	1
NCBITaxon:114628	6
NCBITaxon:114652	1
NCBITaxon:114683	4
NCBITaxon:1146845	4
NCBITaxon:114685	3
NCBITaxon:114686	3
NCBITaxon:1146869	2
NCBITaxon:114687	3
NCBITaxon:114688	2
NCBITaxon:1146892	2
NCBITaxon:114698	6
NCBITaxon:114699	18
NCBITaxon:1147111	2
NCBITaxon:1147123	4
NCBITaxon:1147127	1
NCBITaxon:1147129	1
NCBITaxon:1147130	1
NCBITaxon:1147159	3
NCBITaxon:1147161	2
NCBITaxon:114742	13
NCBITaxon:114771	1
NCBITaxon:1147753	1
NCBITaxon:1147754	1
NCBITaxon:1148	16
NCBITaxon:114800	1
NCBITaxon:114805	2
NCBITaxon:114808	1
NCBITaxon:114810	2
NCBITaxon:114812	1
NCBITaxon:114814	1
NCBITaxon:1148157	5
NCBITaxon:114818	2
NCBITaxon:1148196	1
NCBITaxon:114840	1
NCBITaxon:114847	10
NCBITaxon:1148509	7
NCBITaxon:1148512	1
NCBITaxon:1148786	3
NCBITaxon:114881	1
NCBITaxon:114883	1
NCBITaxon:1149132	1
NCBITaxon:1149133	2
NCBITaxon:1149710	1
NCBITaxon:114975	7
NCBITaxon:1149754	2
NCBITaxon:1149755	2
NCBITaxon:114977	4
NCBITaxon:1149773	2
NCBITaxon:1149786	1
NCBITaxon:1149848	2
NCBITaxon:1149858	1
NCBITaxon:1150	7
NCBITaxon:1150112	3
NCBITaxon:1150157	1
NCBITaxon:1150298	285
NCBITaxon:1150368	4
NCBITaxon:1150371	5
NCBITaxon:1150397	1
NCBITaxon:1150423	2
NCBITaxon:1150460	5
NCBITaxon:1150461	3
NCBITaxon:1150475	3
NCBITaxon:1150613	1
NCBITaxon:1150615	1
NCBITaxon:1150643	3
NCBITaxon:1150674	1
NCBITaxon:1150776	1
NCBITaxon:1150864	1
NCBITaxon:1150939	1
NCBITaxon:1151	29
NCBITaxon:1151001	2
NCBITaxon:1151002	6
NCBITaxon:115111	1
NCBITaxon:1151115	1
NCBITaxon:1151116	1
NCBITaxon:1151125	1
NCBITaxon:1151166	1
NCBITaxon:1151170	1
NCBITaxon:1151171	3
NCBITaxon:1151172	2
NCBITaxon:1151173	6
NCBITaxon:1151174	8
NCBITaxon:1151176	2
NCBITaxon:1151179	2
NCBITaxon:1151180	1
NCBITaxon:1151181	1
NCBITaxon:1151186	1
NCBITaxon:1151187	1
NCBITaxon:1151188	1
NCBITaxon:1151189	1
NCBITaxon:1151190	1
NCBITaxon:1151191	1
NCBITaxon:1151192	1
NCBITaxon:1151193	1
NCBITaxon:1151194	1
NCBITaxon:1151195	1
NCBITaxon:1151196	1
NCBITaxon:1151197	1
NCBITaxon:1151198	1
NCBITaxon:1151199	1
NCBITaxon:1151200	1
NCBITaxon:1151201	1
NCBITaxon:1151202	1
NCBITaxon:1151203	1
NCBITaxon:1151204	1
NCBITaxon:1151205	1
NCBITaxon:1151206	1
NCBITaxon:1151207	1
NCBITaxon:1151208	1
NCBITaxon:1151209	1
NCBITaxon:1151210	1
NCBITaxon:1151211	1
NCBITaxon:1151212	1
NCBITaxon:1151652	2
NCBITaxon:1151742	2
NCBITaxon:1152	27
NCBITaxon:115235	1
NCBITaxon:1153	1
NCBITaxon:115335	20
NCBITaxon:115336	8
NCBITaxon:1154	4
NCBITaxon:115433	2
NCBITaxon:1154585	1
NCBITaxon:1154586	1
NCBITaxon:1154676	26
NCBITaxon:1154761	2
NCBITaxon:1154762	2
NCBITaxon:1154764	2
NCBITaxon:1154888	1
NCBITaxon:1154889	1
NCBITaxon:1154890	1
NCBITaxon:1155071	1
NCBITaxon:1155073	5
NCBITaxon:1155079	1
NCBITaxon:1155084	1
NCBITaxon:1155096	1
NCBITaxon:1155233	1
NCBITaxon:1155385	1
NCBITaxon:115541	1
NCBITaxon:1155433	1
NCBITaxon:115544	1
NCBITaxon:115545	14
NCBITaxon:115547	3
NCBITaxon:1155475	1
NCBITaxon:1155476	1
NCBITaxon:115551	8
NCBITaxon:115553	10
NCBITaxon:1155689	4
NCBITaxon:1155722	4
NCBITaxon:1155739	2
NCBITaxon:1155746	1
NCBITaxon:1155749	1
NCBITaxon:1155775	1
NCBITaxon:1155776	1
NCBITaxon:1155777	2
NCBITaxon:1155944	1
NCBITaxon:1155946	2
NCBITaxon:1155948	1
NCBITaxon:1155954	1
NCBITaxon:1155956	3
NCBITaxon:1156164	1
NCBITaxon:1156355	1
NCBITaxon:1156395	3
NCBITaxon:1156431	3
NCBITaxon:1156500	11
NCBITaxon:1156551	1
NCBITaxon:1156568	8
NCBITaxon:1156576	2
NCBITaxon:1156618	1
NCBITaxon:1156800	5
NCBITaxon:1156917	1
NCBITaxon:1156918	1
NCBITaxon:1156965	1
NCBITaxon:1156966	2
NCBITaxon:1156985	4
NCBITaxon:1157300	1
NCBITaxon:1157309	5
NCBITaxon:1157312	2
NCBITaxon:1157342	1
NCBITaxon:1157343	1
NCBITaxon:1157344	1
NCBITaxon:1157345	1
NCBITaxon:1157346	1
NCBITaxon:1157347	1
NCBITaxon:1157348	1
NCBITaxon:1157349	1
NCBITaxon:1157350	1
NCBITaxon:1157351	1
NCBITaxon:1157352	1
NCBITaxon:1157353	1
NCBITaxon:1157354	1
NCBITaxon:1157355	1
NCBITaxon:1157356	1
NCBITaxon:1157357	1
NCBITaxon:1157358	1
NCBITaxon:1157359	1
NCBITaxon:1157360	1
NCBITaxon:1157361	1
NCBITaxon:1157362	1
NCBITaxon:1157363	1
NCBITaxon:1157364	1
NCBITaxon:1157365	1
NCBITaxon:1157366	1
NCBITaxon:1157367	1
NCBITaxon:1157368	1
NCBITaxon:1157369	1
NCBITaxon:1157370	1
NCBITaxon:1157371	1
NCBITaxon:1157372	1
NCBITaxon:1157373	1
NCBITaxon:1157374	1
NCBITaxon:1157375	1
NCBITaxon:1157376	1
NCBITaxon:1157377	1
NCBITaxon:1157378	1
NCBITaxon:1157379	1
NCBITaxon:1157380	1
NCBITaxon:1157381	1
NCBITaxon:1157382	1
NCBITaxon:1157383	1
NCBITaxon:1157384	1
NCBITaxon:1157385	1
NCBITaxon:1157386	1
NCBITaxon:1157387	1
NCBITaxon:1157388	1
NCBITaxon:1157389	1
NCBITaxon:1157390	1
NCBITaxon:1157391	1
NCBITaxon:1157392	1
NCBITaxon:1157393	1
NCBITaxon:1157394	1
NCBITaxon:1157395	1
NCBITaxon:1157396	1
NCBITaxon:1157397	1
NCBITaxon:1157398	1
NCBITaxon:1157399	1
NCBITaxon:1157400	1
NCBITaxon:1157401	1
NCBITaxon:1157402	1
NCBITaxon:1157403	1
NCBITaxon:1157404	1
NCBITaxon:1157405	1
NCBITaxon:1157406	1
NCBITaxon:1157407	1
NCBITaxon:1157408	1
NCBITaxon:1157409	1
NCBITaxon:1157410	1
NCBITaxon:1157411	1
NCBITaxon:1157412	1
NCBITaxon:1157416	1
NCBITaxon:1157417	1
NCBITaxon:1157418	1
NCBITaxon:1157419	1
NCBITaxon:1157420	1
NCBITaxon:1157421	1
NCBITaxon:1157422	1
NCBITaxon:1157423	1
NCBITaxon:1157424	1
NCBITaxon:1157425	1
NCBITaxon:1157426	1
NCBITaxon:1157427	1
NCBITaxon:1157428	1
NCBITaxon:1157429	1
NCBITaxon:1157430	1
NCBITaxon:1157431	1
NCBITaxon:1157432	1
NCBITaxon:1157433	1
NCBITaxon:1157434	1
NCBITaxon:1157435	1
NCBITaxon:1157436	1
NCBITaxon:1157437	1
NCBITaxon:1157438	1
NCBITaxon:1157439	1
NCBITaxon:1157440	1
NCBITaxon:1157441	1
NCBITaxon:1157442	1
NCBITaxon:1157443	1
NCBITaxon:1157444	1
NCBITaxon:1157445	1
NCBITaxon:1157446	1
NCBITaxon:1157447	1
NCBITaxon:1157448	1
NCBITaxon:1157449	1
NCBITaxon:1157450	1
NCBITaxon:1157451	1
NCBITaxon:1157452	1
NCBITaxon:1157453	1
NCBITaxon:1157454	1
NCBITaxon:1157455	1
NCBITaxon:1157456	1
NCBITaxon:1157457	1
NCBITaxon:1157458	1
NCBITaxon:1157459	1
NCBITaxon:1157460	1
NCBITaxon:1157461	1
NCBITaxon:1157462	1
NCBITaxon:1157463	1
NCBITaxon:1157464	1
NCBITaxon:1157465	1
NCBITaxon:1157466	1
NCBITaxon:1157467	1
NCBITaxon:1157468	1
NCBITaxon:1157469	1
NCBITaxon:1157470	1
NCBITaxon:1157471	1
NCBITaxon:1157472	1
NCBITaxon:1157473	1
NCBITaxon:1157474	1
NCBITaxon:1157475	1
NCBITaxon:1157476	1
NCBITaxon:1157477	1
NCBITaxon:1157478	1
NCBITaxon:1157479	1
NCBITaxon:1157480	1
NCBITaxon:1157481	1
NCBITaxon:1157482	1
NCBITaxon:1157483	1
NCBITaxon:1157484	1
NCBITaxon:1157485	1
NCBITaxon:1157486	1
NCBITaxon:1157487	1
NCBITaxon:1157488	1
NCBITaxon:1157490	4
NCBITaxon:1157498	4
NCBITaxon:1157708	1
NCBITaxon:115778	10
NCBITaxon:115780	1
NCBITaxon:115781	1
NCBITaxon:115783	1
NCBITaxon:115786	1
NCBITaxon:1157986	5
NCBITaxon:1157987	1
NCBITaxon:1158	2
NCBITaxon:1158023	1
NCBITaxon:115808	1
NCBITaxon:1158162	1
NCBITaxon:1158175	1
NCBITaxon:115828	1
NCBITaxon:1158291	1
NCBITaxon:1158292	1
NCBITaxon:1158338	1
NCBITaxon:1158345	1
NCBITaxon:1158459	6
NCBITaxon:115852	2
NCBITaxon:1158532	1
NCBITaxon:1158540	1
NCBITaxon:1158541	1
NCBITaxon:1158542	1
NCBITaxon:1158543	1
NCBITaxon:1158544	1
NCBITaxon:1158545	1
NCBITaxon:1158546	1
NCBITaxon:1158547	1
NCBITaxon:1158548	1
NCBITaxon:1158549	1
NCBITaxon:1158550	1
NCBITaxon:1158551	1
NCBITaxon:1158552	1
NCBITaxon:1158553	1
NCBITaxon:1158554	1
NCBITaxon:1158555	1
NCBITaxon:1158600	4
NCBITaxon:1158603	1
NCBITaxon:1158617	1
NCBITaxon:1158618	1
NCBITaxon:1158619	1
NCBITaxon:115862	4
NCBITaxon:1158620	1
NCBITaxon:1158621	1
NCBITaxon:1158622	1
NCBITaxon:1158623	1
NCBITaxon:1158624	1
NCBITaxon:1158625	1
NCBITaxon:1158626	1
NCBITaxon:1158627	1
NCBITaxon:1158628	1
NCBITaxon:1158629	1
NCBITaxon:1158630	1
NCBITaxon:1158631	1
NCBITaxon:1158632	1
NCBITaxon:1158633	1
NCBITaxon:1158634	1
NCBITaxon:1158635	1
NCBITaxon:1158636	1
NCBITaxon:1158637	1
NCBITaxon:1158638	1
NCBITaxon:1158639	1
NCBITaxon:1158640	1
NCBITaxon:1158641	1
NCBITaxon:1158642	1
NCBITaxon:1158643	1
NCBITaxon:1158644	1
NCBITaxon:1158645	1
NCBITaxon:1158646	1
NCBITaxon:1158647	1
NCBITaxon:1158648	1
NCBITaxon:1158649	1
NCBITaxon:1158650	1
NCBITaxon:1158651	1
NCBITaxon:1158652	1
NCBITaxon:1158653	2
NCBITaxon:1158654	1
NCBITaxon:1158655	1
NCBITaxon:1158656	1
NCBITaxon:1158657	1
NCBITaxon:1158658	1
NCBITaxon:1158660	1
NCBITaxon:1158661	1
NCBITaxon:1158662	1
NCBITaxon:1158663	1
NCBITaxon:1158664	1
NCBITaxon:1158665	1
NCBITaxon:1158666	1
NCBITaxon:1158667	1
NCBITaxon:1158668	1
NCBITaxon:1158669	1
NCBITaxon:1158670	1
NCBITaxon:1158671	1
NCBITaxon:1158672	1
NCBITaxon:1158673	1
NCBITaxon:1158674	1
NCBITaxon:1158677	1
NCBITaxon:1158678	1
NCBITaxon:1158976	1
NCBITaxon:1158993	1
NCBITaxon:1158996	1
NCBITaxon:1159	5
NCBITaxon:1159016	1
NCBITaxon:1159017	1
NCBITaxon:1159208	1
NCBITaxon:1159213	3
NCBITaxon:1159323	1
NCBITaxon:1159327	1
NCBITaxon:1159488	1
NCBITaxon:1159489	1
NCBITaxon:1159496	1
NCBITaxon:1159554	1
NCBITaxon:1159556	3
NCBITaxon:1159560	1
NCBITaxon:1159752	4
NCBITaxon:1159753	4
NCBITaxon:115979	4
NCBITaxon:115981	86
NCBITaxon:115983	3
NCBITaxon:1159870	1
NCBITaxon:1159899	1
NCBITaxon:1159900	1
NCBITaxon:1160	24
NCBITaxon:1160091	2
NCBITaxon:1160095	3
NCBITaxon:1160190	1
NCBITaxon:116051	1
NCBITaxon:1160704	1
NCBITaxon:1160707	1
NCBITaxon:1160711	1
NCBITaxon:1160712	1
NCBITaxon:1160717	1
NCBITaxon:1160719	5
NCBITaxon:1160720	2
NCBITaxon:1160721	8
NCBITaxon:1160722	1
NCBITaxon:1160728	1
NCBITaxon:1160729	1
NCBITaxon:1160739	2
NCBITaxon:116075	1
NCBITaxon:1160750	1
NCBITaxon:1160751	1
NCBITaxon:1160769	20
NCBITaxon:1160774	1
NCBITaxon:1160778	1
NCBITaxon:1160784	20
NCBITaxon:116085	22
NCBITaxon:116087	3
NCBITaxon:116089	4
NCBITaxon:1160895	1
NCBITaxon:116090	3
NCBITaxon:1161	1
NCBITaxon:1161099	1
NCBITaxon:1161102	1
NCBITaxon:1161125	1
NCBITaxon:1161202	1
NCBITaxon:1161401	2
NCBITaxon:1161424	1
NCBITaxon:1161743	1
NCBITaxon:1161744	1
NCBITaxon:1161745	1
NCBITaxon:116188	28
NCBITaxon:1161904	1
NCBITaxon:1161919	1
NCBITaxon:1161942	8
NCBITaxon:1162281	1
NCBITaxon:1162282	1
NCBITaxon:1162283	1
NCBITaxon:1162287	1
NCBITaxon:1162296	3
NCBITaxon:1162297	1
NCBITaxon:1162302	1
NCBITaxon:1162309	1
NCBITaxon:1162311	2
NCBITaxon:1162312	3
NCBITaxon:1162313	6
NCBITaxon:1162633	4
NCBITaxon:1162670	1
NCBITaxon:1162689	1
NCBITaxon:1162717	4
NCBITaxon:1162965	1
NCBITaxon:1162966	1
NCBITaxon:1162967	4
NCBITaxon:1162968	1
NCBITaxon:1162970	4
NCBITaxon:1162980	1
NCBITaxon:1163	10
NCBITaxon:1163389	1
NCBITaxon:1163391	1
NCBITaxon:1163398	11
NCBITaxon:1163567	1
NCBITaxon:1163621	3
NCBITaxon:1163710	3
NCBITaxon:1163738	1
NCBITaxon:1163747	1
NCBITaxon:1163749	1
NCBITaxon:1163752	1
NCBITaxon:1163776	4
NCBITaxon:1164002	3
NCBITaxon:1164594	4
NCBITaxon:1164595	2
NCBITaxon:1164990	1
NCBITaxon:1165025	1
NCBITaxon:1165027	1
NCBITaxon:1165090	1
NCBITaxon:1165373	4
NCBITaxon:1165507	4
NCBITaxon:1165689	5
NCBITaxon:1165852	3
NCBITaxon:1165861	1
NCBITaxon:1165867	2
NCBITaxon:1165892	4
NCBITaxon:1165939	1
NCBITaxon:1165940	1
NCBITaxon:1165941	1
NCBITaxon:1165942	1
NCBITaxon:1165943	1
NCBITaxon:1165944	1
NCBITaxon:1165945	1
NCBITaxon:1165946	1
NCBITaxon:1165947	1
NCBITaxon:1165949	1
NCBITaxon:1165950	1
NCBITaxon:1165951	1
NCBITaxon:1165952	1
NCBITaxon:1165953	1
NCBITaxon:116598	4
NCBITaxon:1166	1
NCBITaxon:1166015	1
NCBITaxon:116603	1
NCBITaxon:1166073	2
NCBITaxon:1166078	4
NCBITaxon:1166257	3
NCBITaxon:1166323	4
NCBITaxon:1166337	3
NCBITaxon:1166340	1
NCBITaxon:1166478	1
NCBITaxon:1166482	4
NCBITaxon:1166683	1
NCBITaxon:1166948	2
NCBITaxon:1166950	1
NCBITaxon:1167	258
NCBITaxon:1167007	1
NCBITaxon:1167008	1
NCBITaxon:1167009	1
NCBITaxon:1167010	1
NCBITaxon:1167092	3
NCBITaxon:116718	3
NCBITaxon:1167255	1
NCBITaxon:1167480	1
NCBITaxon:1167485	1
NCBITaxon:1167488	1
NCBITaxon:1167491	1
NCBITaxon:1167548	1
NCBITaxon:1167569	1
NCBITaxon:1167571	1
NCBITaxon:1167576	1
NCBITaxon:1167578	1
NCBITaxon:1167629	1
NCBITaxon:1167637	1
NCBITaxon:1167638	1
NCBITaxon:1167640	1
NCBITaxon:1167694	1
NCBITaxon:1167719	1
NCBITaxon:1167721	1
NCBITaxon:1167742	1
NCBITaxon:1167743	1
NCBITaxon:1167744	1
NCBITaxon:1167745	1
NCBITaxon:1167746	1
NCBITaxon:1167752	1
NCBITaxon:1167753	1
NCBITaxon:1167755	1
NCBITaxon:1167814	1
NCBITaxon:1167819	1
NCBITaxon:1167838	1
NCBITaxon:1167877	1
NCBITaxon:1167878	1
NCBITaxon:1167881	1
NCBITaxon:1168034	6
NCBITaxon:1168035	3
NCBITaxon:1168039	2
NCBITaxon:1168057	1
NCBITaxon:1168062	1
NCBITaxon:1168063	1
NCBITaxon:1168064	1
NCBITaxon:1168066	1
NCBITaxon:1168082	1
NCBITaxon:1168170	1
NCBITaxon:1168171	3
NCBITaxon:116821	1
NCBITaxon:1168221	1
NCBITaxon:1168286	1
NCBITaxon:1168290	1
NCBITaxon:116849	2
NCBITaxon:1168729	1
NCBITaxon:1168730	3
NCBITaxon:1168865	1
NCBITaxon:1169025	8
NCBITaxon:1169142	1
NCBITaxon:1169149	1
NCBITaxon:1169153	1
NCBITaxon:1169157	1
NCBITaxon:1169183	1
NCBITaxon:1169236	1
NCBITaxon:1169245	1
NCBITaxon:1169246	1
NCBITaxon:1169247	2
NCBITaxon:1169248	1
NCBITaxon:1169249	1
NCBITaxon:1169250	1
NCBITaxon:1169251	1
NCBITaxon:1169252	1
NCBITaxon:1169253	1
NCBITaxon:1169254	1
NCBITaxon:1169278	1
NCBITaxon:1169279	1
NCBITaxon:1169280	1
NCBITaxon:1169281	1
NCBITaxon:1169282	2
NCBITaxon:1169283	1
NCBITaxon:1169284	1
NCBITaxon:1169285	1
NCBITaxon:1169286	2
NCBITaxon:1169287	1
NCBITaxon:1169288	1
NCBITaxon:1169289	1
NCBITaxon:1169291	1
NCBITaxon:1169292	1
NCBITaxon:1169293	1
NCBITaxon:1169294	1
NCBITaxon:1169295	1
NCBITaxon:1169296	1
NCBITaxon:1169297	1
NCBITaxon:1169298	1
NCBITaxon:1169299	1
NCBITaxon:1169300	1
NCBITaxon:1169301	1
NCBITaxon:1169302	1
NCBITaxon:1169303	1
NCBITaxon:1169304	1
NCBITaxon:1169305	1
NCBITaxon:1169306	1
NCBITaxon:1169307	1
NCBITaxon:1169308	1
NCBITaxon:1169309	1
NCBITaxon:1169310	1
NCBITaxon:1169313	1
NCBITaxon:1169314	1
NCBITaxon:1169321	1
NCBITaxon:1169331	1
NCBITaxon:1169349	1
NCBITaxon:1169408	1
NCBITaxon:1169409	1
NCBITaxon:1169410	1
NCBITaxon:1169539	2
NCBITaxon:1169660	1
NCBITaxon:1169661	1
NCBITaxon:116970	1
NCBITaxon:116971	1
NCBITaxon:1169740	1
NCBITaxon:116978	1
NCBITaxon:1169848	1
NCBITaxon:1169866	1
NCBITaxon:1169913	4
NCBITaxon:117	4
NCBITaxon:117008	3
NCBITaxon:117010	1
NCBITaxon:117018	1
NCBITaxon:1170224	3
NCBITaxon:1170456	1
NCBITaxon:1170562	1
NCBITaxon:1170579	1
NCBITaxon:117065	1
NCBITaxon:1170706	1
NCBITaxon:1170767	1
NCBITaxon:1171373	1
NCBITaxon:1171376	1
NCBITaxon:1171543	4
NCBITaxon:117157	7
NCBITaxon:1171596	1
NCBITaxon:1171599	1
NCBITaxon:1171601	1
NCBITaxon:1171613	11
NCBITaxon:117174	1
NCBITaxon:117179	2
NCBITaxon:117184	1
NCBITaxon:117187	8
NCBITaxon:117207	41
NCBITaxon:117209	1
NCBITaxon:1172189	1
NCBITaxon:1172190	1
NCBITaxon:1172192	2
NCBITaxon:1172197	1
NCBITaxon:1172198	1
NCBITaxon:1172199	1
NCBITaxon:1172200	1
NCBITaxon:1172201	1
NCBITaxon:1172202	1
NCBITaxon:1172203	3
NCBITaxon:1172204	1
NCBITaxon:1172368	3
NCBITaxon:1172565	27
NCBITaxon:1172614	1
NCBITaxon:1172615	1
NCBITaxon:1172618	1
NCBITaxon:1172621	4
NCBITaxon:1172626	1
NCBITaxon:1173028	1
NCBITaxon:1173061	26
NCBITaxon:1173064	1
NCBITaxon:1173082	7
NCBITaxon:1173085	1
NCBITaxon:1173101	3
NCBITaxon:1173107	2
NCBITaxon:1173111	4
NCBITaxon:1173263	1
NCBITaxon:1173302	3
NCBITaxon:1173306	1
NCBITaxon:1173420	1
NCBITaxon:1173421	1
NCBITaxon:1173422	1
NCBITaxon:1173423	1
NCBITaxon:1173424	1
NCBITaxon:1173425	1
NCBITaxon:1173426	1
NCBITaxon:1173427	1
NCBITaxon:1173428	1
NCBITaxon:1173429	1
NCBITaxon:1173430	1
NCBITaxon:1173431	1
NCBITaxon:1173432	1
NCBITaxon:1173433	1
NCBITaxon:1173434	1
NCBITaxon:1173435	1
NCBITaxon:1173436	1
NCBITaxon:1173437	1
NCBITaxon:1173438	1
NCBITaxon:1173439	1
NCBITaxon:1173440	1
NCBITaxon:1173441	1
NCBITaxon:1173442	1
NCBITaxon:1173443	1
NCBITaxon:1173444	1
NCBITaxon:1173445	1
NCBITaxon:1173446	1
NCBITaxon:1173447	1
NCBITaxon:1173448	1
NCBITaxon:1173449	1
NCBITaxon:1173450	1
NCBITaxon:1173451	1
NCBITaxon:1173452	1
NCBITaxon:1173453	1
NCBITaxon:1173454	1
NCBITaxon:1173455	1
NCBITaxon:1173456	1
NCBITaxon:1173457	1
NCBITaxon:1173458	1
NCBITaxon:1173459	1
NCBITaxon:1173460	1
NCBITaxon:1173461	1
NCBITaxon:1173462	1
NCBITaxon:1173463	1
NCBITaxon:1173464	1
NCBITaxon:1173465	1
NCBITaxon:1173466	1
NCBITaxon:1173467	1
NCBITaxon:1173468	1
NCBITaxon:1173469	1
NCBITaxon:1173471	1
NCBITaxon:1173472	1
NCBITaxon:1173473	1
NCBITaxon:1173474	1
NCBITaxon:1173475	1
NCBITaxon:1173476	1
NCBITaxon:1173477	1
NCBITaxon:1173478	1
NCBITaxon:1173479	1
NCBITaxon:1173502	1
NCBITaxon:1173564	1
NCBITaxon:1173566	4
NCBITaxon:1173569	1
NCBITaxon:1173582	2
NCBITaxon:1173583	2
NCBITaxon:1173584	4
NCBITaxon:1173585	51
NCBITaxon:1173586	2
NCBITaxon:1173614	1
NCBITaxon:1173618	1
NCBITaxon:1173677	1
NCBITaxon:1173701	149
NCBITaxon:1173702	2
NCBITaxon:1173715	2
NCBITaxon:1173716	2
NCBITaxon:1173774	1
NCBITaxon:1173775	1
NCBITaxon:1173776	1
NCBITaxon:1173777	1
NCBITaxon:1173778	1
NCBITaxon:1173779	11
NCBITaxon:1173780	1
NCBITaxon:1173798	1
NCBITaxon:1173805	1
NCBITaxon:1173817	1
NCBITaxon:1173834	1
NCBITaxon:1173835	1
NCBITaxon:1173836	1
NCBITaxon:1173837	1
NCBITaxon:1173838	1
NCBITaxon:1173839	1
NCBITaxon:1173840	1
NCBITaxon:1173841	1
NCBITaxon:1173842	1
NCBITaxon:1173843	1
NCBITaxon:1173844	1
NCBITaxon:1173845	1
NCBITaxon:1173846	1
NCBITaxon:1173847	1
NCBITaxon:1173848	1
NCBITaxon:1173849	1
NCBITaxon:1173850	1
NCBITaxon:1173868	1
NCBITaxon:1173869	1
NCBITaxon:1173870	1
NCBITaxon:1173871	1
NCBITaxon:1173872	1
NCBITaxon:1173873	1
NCBITaxon:1173874	1
NCBITaxon:1173875	1
NCBITaxon:1173877	1
NCBITaxon:1173880	1
NCBITaxon:1173882	1
NCBITaxon:1173900	1
NCBITaxon:1173929	1
NCBITaxon:1173938	1
NCBITaxon:1173939	1
NCBITaxon:1173940	1
NCBITaxon:1173941	1
NCBITaxon:1173947	4
NCBITaxon:1173948	1
NCBITaxon:1173949	1
NCBITaxon:1173950	1
NCBITaxon:1173951	1
NCBITaxon:1173954	2
NCBITaxon:1173955	1
NCBITaxon:1173995	4
NCBITaxon:1174501	5
NCBITaxon:1174529	1
NCBITaxon:1174667	1
NCBITaxon:1174669	1
NCBITaxon:1174670	1
NCBITaxon:1174671	2
NCBITaxon:1174673	4
NCBITaxon:1174674	1
NCBITaxon:1174675	1
NCBITaxon:1174677	1
NCBITaxon:1174678	1
NCBITaxon:1175	1
NCBITaxon:117503	3
NCBITaxon:117506	7
NCBITaxon:117523	1
NCBITaxon:1175296	1
NCBITaxon:117541	10
NCBITaxon:1175444	2
NCBITaxon:1175445	1
NCBITaxon:1175486	3
NCBITaxon:1175514	4
NCBITaxon:1175516	3
NCBITaxon:117563	1
NCBITaxon:117567	12
NCBITaxon:1176	14
NCBITaxon:117606	2
NCBITaxon:1176130	1
NCBITaxon:1176165	2
NCBITaxon:1176176	3
NCBITaxon:1176177	2
NCBITaxon:1176198	4
NCBITaxon:1176239	3
NCBITaxon:1176240	1
NCBITaxon:1176243	3
NCBITaxon:1176249	3
NCBITaxon:1176255	2
NCBITaxon:1176257	4
NCBITaxon:1176259	5
NCBITaxon:1176355	3
NCBITaxon:1176388	1
NCBITaxon:1176389	1
NCBITaxon:1176437	1
NCBITaxon:1176482	2
NCBITaxon:1176487	1
NCBITaxon:1176488	1
NCBITaxon:1176491	1
NCBITaxon:1176492	2
NCBITaxon:1176532	2
NCBITaxon:1176533	1
NCBITaxon:1176535	1
NCBITaxon:1176536	2
NCBITaxon:1176537	1
NCBITaxon:1176539	2
NCBITaxon:1176587	2
NCBITaxon:1176646	5
NCBITaxon:1176648	1
NCBITaxon:1176649	18
NCBITaxon:1176697	5
NCBITaxon:1176721	2
NCBITaxon:1176757	1
NCBITaxon:117680	9
NCBITaxon:117681	64
NCBITaxon:1177	7
NCBITaxon:1177117	1
NCBITaxon:1177153	1
NCBITaxon:1177154	1
NCBITaxon:1177156	1
NCBITaxon:1177169	4
NCBITaxon:1177182	1
NCBITaxon:1177184	1
NCBITaxon:1177185	1
NCBITaxon:1177186	5
NCBITaxon:1177189	2
NCBITaxon:1177211	1
NCBITaxon:1177213	1
NCBITaxon:1177216	1
NCBITaxon:1177218	1
NCBITaxon:1177238	1
NCBITaxon:117743	4
NCBITaxon:117747	7
NCBITaxon:1177574	8
NCBITaxon:1177712	1
NCBITaxon:1177728	2
NCBITaxon:1177755	3
NCBITaxon:1177756	1
NCBITaxon:1177826	1
NCBITaxon:1177927	1
NCBITaxon:1177929	1
NCBITaxon:1177930	1
NCBITaxon:1177982	5
NCBITaxon:1178	8
NCBITaxon:1178482	2
NCBITaxon:1178516	2
NCBITaxon:1178537	6
NCBITaxon:1178540	2
NCBITaxon:1178541	1
NCBITaxon:1178594	1
NCBITaxon:1178777	1
NCBITaxon:1178778	2
NCBITaxon:1178825	3
NCBITaxon:1179155	1
NCBITaxon:1179467	3
NCBITaxon:1179743	1
NCBITaxon:1179767	1
NCBITaxon:1179777	5
NCBITaxon:1179780	1
NCBITaxon:1179818	2
NCBITaxon:118	6
NCBITaxon:1180	3
NCBITaxon:118000	2
NCBITaxon:118035	1
NCBITaxon:118060	5
NCBITaxon:118062	3
NCBITaxon:118079	2
NCBITaxon:118080	1
NCBITaxon:118103	1
NCBITaxon:118109	1
NCBITaxon:118110	1
NCBITaxon:118126	3
NCBITaxon:118127	1
NCBITaxon:1181271	3
NCBITaxon:118163	1
NCBITaxon:1181717	1
NCBITaxon:118173	1
NCBITaxon:1181879	4
NCBITaxon:1181882	3
NCBITaxon:1181883	1
NCBITaxon:1181884	4
NCBITaxon:1181885	1
NCBITaxon:1181886	4
NCBITaxon:1181887	4
NCBITaxon:1182164	1
NCBITaxon:1182165	1
NCBITaxon:1182166	1
NCBITaxon:1182167	1
NCBITaxon:1182168	1
NCBITaxon:1182169	1
NCBITaxon:1182170	1
NCBITaxon:1182171	1
NCBITaxon:1182172	1
NCBITaxon:1182173	1
NCBITaxon:1182174	1
NCBITaxon:1182175	1
NCBITaxon:1182176	1
NCBITaxon:1182177	1
NCBITaxon:1182178	1
NCBITaxon:1182179	1
NCBITaxon:1182180	1
NCBITaxon:1182181	1
NCBITaxon:1182182	1
NCBITaxon:1182183	1
NCBITaxon:1182184	1
NCBITaxon:1182185	1
NCBITaxon:1182186	1
NCBITaxon:1182187	1
NCBITaxon:1182188	1
NCBITaxon:1182189	1
NCBITaxon:1182190	1
NCBITaxon:1182191	1
NCBITaxon:1182192	1
NCBITaxon:1182193	1
NCBITaxon:1182263	2
NCBITaxon:1182408	1
NCBITaxon:1182444	4
NCBITaxon:1182451	1
NCBITaxon:118246	4
NCBITaxon:1182531	1
NCBITaxon:1182568	1
NCBITaxon:1182590	2
NCBITaxon:1182597	3
NCBITaxon:1182603	4
NCBITaxon:1182637	1
NCBITaxon:1182659	1
NCBITaxon:118266	2
NCBITaxon:1182697	1
NCBITaxon:1182732	1
NCBITaxon:1182753	1
NCBITaxon:1182754	1
NCBITaxon:1182755	1
NCBITaxon:1182756	1
NCBITaxon:1182757	1
NCBITaxon:1182758	1
NCBITaxon:1182759	1
NCBITaxon:1182760	1
NCBITaxon:1182761	1
NCBITaxon:1182970	1
NCBITaxon:1182986	1
NCBITaxon:1183333	1
NCBITaxon:1183387	1
NCBITaxon:1183388	1
NCBITaxon:1183389	1
NCBITaxon:1183390	1
NCBITaxon:1183391	1
NCBITaxon:1183392	1
NCBITaxon:1183393	1
NCBITaxon:1183402	1
NCBITaxon:1183410	2
NCBITaxon:1183412	2
NCBITaxon:1183413	6
NCBITaxon:1183422	1
NCBITaxon:1183423	1
NCBITaxon:1183424	1
NCBITaxon:1183428	1
NCBITaxon:1183433	1
NCBITaxon:1183434	2
NCBITaxon:1183435	1
NCBITaxon:1183436	1
NCBITaxon:118367	3
NCBITaxon:1184151	1
NCBITaxon:1184153	1
NCBITaxon:1184161	1
NCBITaxon:1184251	1
NCBITaxon:1184252	1
NCBITaxon:1184253	1
NCBITaxon:1184254	1
NCBITaxon:1184256	1
NCBITaxon:1184257	1
NCBITaxon:1184258	1
NCBITaxon:1184259	1
NCBITaxon:1184260	1
NCBITaxon:1184261	1
NCBITaxon:1184262	1
NCBITaxon:1184263	1
NCBITaxon:1184264	1
NCBITaxon:1184265	1
NCBITaxon:1184266	1
NCBITaxon:1184387	4
NCBITaxon:1184396	6
NCBITaxon:1184400	1
NCBITaxon:1184609	1
NCBITaxon:1184688	3
NCBITaxon:1184706	4
NCBITaxon:1184720	10
NCBITaxon:1185325	1
NCBITaxon:1185379	1
NCBITaxon:1185412	6
NCBITaxon:1185415	4
NCBITaxon:1185418	1
NCBITaxon:1185419	1
NCBITaxon:1185420	1
NCBITaxon:1185421	2
NCBITaxon:118562	17
NCBITaxon:1185650	934
NCBITaxon:1185655	1
NCBITaxon:1185656	1
NCBITaxon:1185657	1
NCBITaxon:1185658	1
NCBITaxon:1185659	1
NCBITaxon:1185660	2
NCBITaxon:1185661	1
NCBITaxon:1185662	1
NCBITaxon:1185663	1
NCBITaxon:1185664	1
NCBITaxon:1185665	1
NCBITaxon:1185666	1
NCBITaxon:1185667	1
NCBITaxon:1185668	1
NCBITaxon:1185669	1
NCBITaxon:1185670	1
NCBITaxon:1185671	1
NCBITaxon:1185672	1
NCBITaxon:1185673	1
NCBITaxon:1185674	1
NCBITaxon:1185675	1
NCBITaxon:1185676	1
NCBITaxon:1185677	1
NCBITaxon:1185678	1
NCBITaxon:1185679	1
NCBITaxon:1185680	1
NCBITaxon:1185681	1
NCBITaxon:1185682	1
NCBITaxon:1185683	1
NCBITaxon:1185684	1
NCBITaxon:1185685	1
NCBITaxon:1185686	1
NCBITaxon:1185687	1
NCBITaxon:1185688	1
NCBITaxon:1185689	1
NCBITaxon:1185690	1
NCBITaxon:1185691	1
NCBITaxon:1185692	1
NCBITaxon:1185693	1
NCBITaxon:1185694	1
NCBITaxon:1185695	1
NCBITaxon:1185696	1
NCBITaxon:1185697	1
NCBITaxon:1185698	1
NCBITaxon:1185699	1
NCBITaxon:1185700	1
NCBITaxon:1185701	1
NCBITaxon:1185702	1
NCBITaxon:1185703	1
NCBITaxon:1185704	1
NCBITaxon:1185705	1
NCBITaxon:1185706	1
NCBITaxon:1185707	1
NCBITaxon:1185708	1
NCBITaxon:1185709	1
NCBITaxon:1185710	1
NCBITaxon:1185711	1
NCBITaxon:1185712	1
NCBITaxon:1185713	1
NCBITaxon:1185714	1
NCBITaxon:1185715	1
NCBITaxon:1185766	4
NCBITaxon:1185843	3
NCBITaxon:1185920	1
NCBITaxon:1186037	3
NCBITaxon:118614	1
NCBITaxon:1186196	4
NCBITaxon:1187	1
NCBITaxon:1187080	3
NCBITaxon:1187081	2
NCBITaxon:118728	1
NCBITaxon:118747	2
NCBITaxon:118748	2
NCBITaxon:1187845	1
NCBITaxon:1187846	1
NCBITaxon:1187847	1
NCBITaxon:1187848	1
NCBITaxon:1187852	3
NCBITaxon:1187855	1
NCBITaxon:1187856	3
NCBITaxon:1187859	3
NCBITaxon:1187860	1
NCBITaxon:1187861	1
NCBITaxon:1187905	5
NCBITaxon:1187941	1
NCBITaxon:1187954	1
NCBITaxon:1188007	23
NCBITaxon:1188044	1
NCBITaxon:1188229	1
NCBITaxon:1188237	1
NCBITaxon:1188238	1
NCBITaxon:1188241	1
NCBITaxon:1188242	1
NCBITaxon:1188243	1
NCBITaxon:1188246	2
NCBITaxon:1188248	1
NCBITaxon:1188251	1
NCBITaxon:1188254	2
NCBITaxon:1188255	1
NCBITaxon:1188258	1
NCBITaxon:1188259	1
NCBITaxon:1188260	1
NCBITaxon:1188262	1
NCBITaxon:1188264	1
NCBITaxon:1188319	3
NCBITaxon:1188745	5
NCBITaxon:118883	12
NCBITaxon:118884	14
NCBITaxon:1189126	5
NCBITaxon:1189303	1
NCBITaxon:1189304	1
NCBITaxon:1189325	5
NCBITaxon:1189616	1
NCBITaxon:1189617	1
NCBITaxon:1189618	1
NCBITaxon:1189622	1
NCBITaxon:118967	1
NCBITaxon:118968	1
NCBITaxon:118969	2
NCBITaxon:118986	1
NCBITaxon:119	4
NCBITaxon:119000	4
NCBITaxon:119025	3
NCBITaxon:1190415	5
NCBITaxon:1190417	4
NCBITaxon:119043	1
NCBITaxon:119045	10
NCBITaxon:1190508	6
NCBITaxon:119059	10
NCBITaxon:119060	7
NCBITaxon:119066	2
NCBITaxon:119067	2
NCBITaxon:119072	1
NCBITaxon:1190813	4
NCBITaxon:1191061	1
NCBITaxon:1191159	1
NCBITaxon:1191162	1
NCBITaxon:1191209	1
NCBITaxon:1191298	1
NCBITaxon:1191460	3
NCBITaxon:1191523	1
NCBITaxon:1191678	1
NCBITaxon:1191683	2
NCBITaxon:1191699	3
NCBITaxon:1191702	1
NCBITaxon:1191711	1
NCBITaxon:1191734	1
NCBITaxon:1192023	2
NCBITaxon:1192054	1
NCBITaxon:119206	18
NCBITaxon:119219	49
NCBITaxon:1192196	1
NCBITaxon:119224	21
NCBITaxon:1192555	1
NCBITaxon:1192556	1
NCBITaxon:1192557	1
NCBITaxon:1192558	1
NCBITaxon:1192559	1
NCBITaxon:1192560	2
NCBITaxon:1192561	1
NCBITaxon:1192562	1
NCBITaxon:1192563	1
NCBITaxon:1192564	1
NCBITaxon:1192565	1
NCBITaxon:1192566	1
NCBITaxon:1192567	1
NCBITaxon:1192568	1
NCBITaxon:1192569	1
NCBITaxon:1192570	1
NCBITaxon:1192571	1
NCBITaxon:1192572	1
NCBITaxon:1192573	1
NCBITaxon:1192574	1
NCBITaxon:1192575	1
NCBITaxon:1192576	1
NCBITaxon:1192577	1
NCBITaxon:1192578	1
NCBITaxon:1192579	1
NCBITaxon:1192580	1
NCBITaxon:1192581	1
NCBITaxon:1192582	1
NCBITaxon:1192583	1
NCBITaxon:1192584	1
NCBITaxon:1192585	1
NCBITaxon:1192586	1
NCBITaxon:1192587	1
NCBITaxon:1192588	1
NCBITaxon:1192589	1
NCBITaxon:1192590	1
NCBITaxon:1192591	1
NCBITaxon:1192592	1
NCBITaxon:1192593	1
NCBITaxon:1192594	1
NCBITaxon:1192595	1
NCBITaxon:1192596	1
NCBITaxon:1192597	1
NCBITaxon:1192598	1
NCBITaxon:1192599	1
NCBITaxon:1192600	1
NCBITaxon:1192601	1
NCBITaxon:1192602	1
NCBITaxon:1192603	1
NCBITaxon:1192604	1
NCBITaxon:1192605	1
NCBITaxon:1192606	1
NCBITaxon:1192607	1
NCBITaxon:1192608	1
NCBITaxon:1192609	1
NCBITaxon:1192610	1
NCBITaxon:1192611	1
NCBITaxon:1192612	1
NCBITaxon:1192613	1
NCBITaxon:1192614	1
NCBITaxon:1192615	1
NCBITaxon:1192616	1
NCBITaxon:1192617	1
NCBITaxon:1192618	1
NCBITaxon:1192619	1
NCBITaxon:1192620	1
NCBITaxon:1192621	1
NCBITaxon:1192622	1
NCBITaxon:1192623	1
NCBITaxon:1192624	1
NCBITaxon:1192625	1
NCBITaxon:1192626	1
NCBITaxon:1192627	1
NCBITaxon:1192628	1
NCBITaxon:1192629	1
NCBITaxon:1192630	1
NCBITaxon:1192631	1
NCBITaxon:1192632	1
NCBITaxon:1192633	1
NCBITaxon:1192634	1
NCBITaxon:1192635	1
NCBITaxon:1192636	1
NCBITaxon:1192637	1
NCBITaxon:1192638	1
NCBITaxon:1192639	1
NCBITaxon:1192640	1
NCBITaxon:1192641	1
NCBITaxon:1192642	1
NCBITaxon:1192643	1
NCBITaxon:1192644	1
NCBITaxon:1192645	1
NCBITaxon:1192646	1
NCBITaxon:1192647	1
NCBITaxon:1192648	1
NCBITaxon:1192649	1
NCBITaxon:1192650	1
NCBITaxon:1192651	1
NCBITaxon:1192652	1
NCBITaxon:1192653	1
NCBITaxon:1192654	1
NCBITaxon:1192655	1
NCBITaxon:1192656	1
NCBITaxon:1192657	1
NCBITaxon:1192658	1
NCBITaxon:1192659	1
NCBITaxon:1192660	1
NCBITaxon:1192661	1
NCBITaxon:1192662	1
NCBITaxon:1192663	1
NCBITaxon:1192664	1
NCBITaxon:1192665	1
NCBITaxon:1192666	1
NCBITaxon:1192667	1
NCBITaxon:1192668	1
NCBITaxon:1192669	1
NCBITaxon:1192670	1
NCBITaxon:1192671	1
NCBITaxon:1192672	1
NCBITaxon:1192673	1
NCBITaxon:1192674	1
NCBITaxon:1192675	1
NCBITaxon:1192676	1
NCBITaxon:1192677	1
NCBITaxon:1192678	1
NCBITaxon:1192679	1
NCBITaxon:1192680	1
NCBITaxon:1192681	1
NCBITaxon:1192682	1
NCBITaxon:1192683	1
NCBITaxon:1192684	1
NCBITaxon:1192685	1
NCBITaxon:1192686	1
NCBITaxon:1192687	1
NCBITaxon:1192688	1
NCBITaxon:1192689	1
NCBITaxon:1192690	1
NCBITaxon:1192691	1
NCBITaxon:1192692	1
NCBITaxon:1192693	1
NCBITaxon:1192694	1
NCBITaxon:1192695	1
NCBITaxon:1192696	1
NCBITaxon:1192698	1
NCBITaxon:1192699	1
NCBITaxon:1192700	1
NCBITaxon:1192701	1
NCBITaxon:1192702	1
NCBITaxon:1192703	1
NCBITaxon:1192704	1
NCBITaxon:1192705	1
NCBITaxon:1192706	1
NCBITaxon:1192707	1
NCBITaxon:1192708	1
NCBITaxon:1192709	1
NCBITaxon:1192710	1
NCBITaxon:1192711	1
NCBITaxon:1192712	1
NCBITaxon:1192713	1
NCBITaxon:1192714	1
NCBITaxon:1192715	1
NCBITaxon:1192716	1
NCBITaxon:1192717	1
NCBITaxon:1192718	1
NCBITaxon:1192719	1
NCBITaxon:1192720	1
NCBITaxon:1192721	1
NCBITaxon:1192722	1
NCBITaxon:1192723	1
NCBITaxon:1192724	1
NCBITaxon:1192725	1
NCBITaxon:1192726	1
NCBITaxon:1192727	1
NCBITaxon:1192728	1
NCBITaxon:1192729	1
NCBITaxon:1192730	4
NCBITaxon:1192731	1
NCBITaxon:1192732	1
NCBITaxon:1192733	1
NCBITaxon:1192734	1
NCBITaxon:1192735	1
NCBITaxon:1192736	1
NCBITaxon:1192737	1
NCBITaxon:1192738	1
NCBITaxon:1192739	1
NCBITaxon:1192740	1
NCBITaxon:1192741	1
NCBITaxon:1192742	1
NCBITaxon:1192743	1
NCBITaxon:1192744	1
NCBITaxon:1192746	1
NCBITaxon:1192747	1
NCBITaxon:1192748	1
NCBITaxon:1192749	1
NCBITaxon:1192750	1
NCBITaxon:1192751	1
NCBITaxon:1192752	1
NCBITaxon:1192753	1
NCBITaxon:1192755	1
NCBITaxon:1192756	1
NCBITaxon:1192757	1
NCBITaxon:1192760	1
NCBITaxon:1192761	1
NCBITaxon:1192762	1
NCBITaxon:1192763	1
NCBITaxon:1192764	1
NCBITaxon:1192765	1
NCBITaxon:1192766	1
NCBITaxon:1192767	1
NCBITaxon:1192768	1
NCBITaxon:1192769	1
NCBITaxon:1192770	1
NCBITaxon:1192771	1
NCBITaxon:1192772	1
NCBITaxon:1192773	1
NCBITaxon:1192774	1
NCBITaxon:1192775	5
NCBITaxon:1192776	4
NCBITaxon:1192779	1
NCBITaxon:1192783	1
NCBITaxon:1192784	1
NCBITaxon:1192785	1
NCBITaxon:1192786	1
NCBITaxon:1192787	1
NCBITaxon:1192788	1
NCBITaxon:1192789	1
NCBITaxon:1192790	1
NCBITaxon:1192791	1
NCBITaxon:1192792	1
NCBITaxon:1192793	1
NCBITaxon:1192794	1
NCBITaxon:1192795	1
NCBITaxon:1192796	1
NCBITaxon:1192797	1
NCBITaxon:1192798	1
NCBITaxon:1192799	1
NCBITaxon:1192800	1
NCBITaxon:1192801	1
NCBITaxon:1192802	1
NCBITaxon:1192803	1
NCBITaxon:1192804	1
NCBITaxon:1192805	1
NCBITaxon:1192806	1
NCBITaxon:1192807	1
NCBITaxon:1192808	1
NCBITaxon:1192809	1
NCBITaxon:1192810	1
NCBITaxon:1192811	1
NCBITaxon:1192812	1
NCBITaxon:1192813	1
NCBITaxon:1192814	1
NCBITaxon:1192815	1
NCBITaxon:1192816	1
NCBITaxon:1192817	1
NCBITaxon:1192818	1
NCBITaxon:1192819	1
NCBITaxon:1192820	1
NCBITaxon:1192821	1
NCBITaxon:1192822	1
NCBITaxon:1192823	1
NCBITaxon:1192824	1
NCBITaxon:1192825	1
NCBITaxon:1192826	1
NCBITaxon:1192827	1
NCBITaxon:1192828	1
NCBITaxon:1192829	1
NCBITaxon:1192830	1
NCBITaxon:1192831	1
NCBITaxon:1192832	1
NCBITaxon:1192833	1
NCBITaxon:1192834	1
NCBITaxon:1192835	1
NCBITaxon:1192836	1
NCBITaxon:1192837	1
NCBITaxon:1192838	1
NCBITaxon:1192839	9
NCBITaxon:1192840	1
NCBITaxon:1192841	1
NCBITaxon:1192843	1
NCBITaxon:1192845	1
NCBITaxon:1192847	1
NCBITaxon:1192849	1
NCBITaxon:1192850	2
NCBITaxon:1192851	1
NCBITaxon:1192852	1
NCBITaxon:1192853	1
NCBITaxon:1192854	1
NCBITaxon:1192864	1
NCBITaxon:1192866	1
NCBITaxon:1193007	1
NCBITaxon:1193008	1
NCBITaxon:1193009	1
NCBITaxon:1193010	1
NCBITaxon:1193011	1
NCBITaxon:1193014	1
NCBITaxon:1193017	1
NCBITaxon:1193018	1
NCBITaxon:1193019	1
NCBITaxon:1193028	1
NCBITaxon:1193029	1
NCBITaxon:1193039	1
NCBITaxon:1193040	1
NCBITaxon:1193041	1
NCBITaxon:1193042	1
NCBITaxon:1193044	1
NCBITaxon:1193045	1
NCBITaxon:1193046	1
NCBITaxon:1193047	1
NCBITaxon:1193048	1
NCBITaxon:1193049	1
NCBITaxon:1193050	1
NCBITaxon:1193051	1
NCBITaxon:1193053	1
NCBITaxon:1193054	1
NCBITaxon:1193055	1
NCBITaxon:1193056	1
NCBITaxon:1193057	1
NCBITaxon:1193058	1
NCBITaxon:1193059	1
NCBITaxon:1193060	1
NCBITaxon:1193069	1
NCBITaxon:1193095	4
NCBITaxon:1193105	1
NCBITaxon:1193142	2
NCBITaxon:1193182	1
NCBITaxon:1193278	1
NCBITaxon:1193282	1
NCBITaxon:1193292	1
NCBITaxon:1193500	4
NCBITaxon:1193503	4
NCBITaxon:1193518	1
NCBITaxon:1193532	57
NCBITaxon:1193534	6
NCBITaxon:1193576	1
NCBITaxon:1193620	4
NCBITaxon:1193621	1
NCBITaxon:1193627	1
NCBITaxon:1193628	1
NCBITaxon:1193682	4
NCBITaxon:1193683	6
NCBITaxon:1193712	1
NCBITaxon:1193713	6
NCBITaxon:1193729	1
NCBITaxon:119394	1
NCBITaxon:119398	2
NCBITaxon:1194075	1
NCBITaxon:1194078	1
NCBITaxon:1194079	2
NCBITaxon:1194083	1
NCBITaxon:1194085	1
NCBITaxon:1194086	3
NCBITaxon:1194090	4
NCBITaxon:1194149	1
NCBITaxon:1194150	1
NCBITaxon:1194151	1
NCBITaxon:1194152	1
NCBITaxon:1194153	1
NCBITaxon:1194154	1
NCBITaxon:1194155	1
NCBITaxon:1194156	1
NCBITaxon:1194157	1
NCBITaxon:1194158	1
NCBITaxon:1194159	1
NCBITaxon:1194162	1
NCBITaxon:1194167	1
NCBITaxon:1194168	6
NCBITaxon:1194242	1
NCBITaxon:119434	2
NCBITaxon:1194395	1
NCBITaxon:1194397	1
NCBITaxon:1194398	1
NCBITaxon:1194401	2
NCBITaxon:1194402	1
NCBITaxon:1194403	1
NCBITaxon:1194405	1
NCBITaxon:1194417	1
NCBITaxon:1194418	1
NCBITaxon:1194420	1
NCBITaxon:1194421	1
NCBITaxon:1194422	1
NCBITaxon:1194424	1
NCBITaxon:1194427	11
NCBITaxon:1194526	1
NCBITaxon:1194566	3
NCBITaxon:1194607	1
NCBITaxon:1194636	1
NCBITaxon:1194637	1
NCBITaxon:119481	1
NCBITaxon:119485	2
NCBITaxon:119495	4
NCBITaxon:119497	2
NCBITaxon:1194971	1
NCBITaxon:1194972	1
NCBITaxon:119518	3
NCBITaxon:1195187	1
NCBITaxon:1195188	1
NCBITaxon:1195189	2
NCBITaxon:1195236	2
NCBITaxon:1195237	1
NCBITaxon:119532	3
NCBITaxon:119534	11
NCBITaxon:1195377	1
NCBITaxon:119542	1
NCBITaxon:1195464	1
NCBITaxon:1195465	1
NCBITaxon:1195466	1
NCBITaxon:1195467	1
NCBITaxon:1195468	1
NCBITaxon:1195469	1
NCBITaxon:1195470	1
NCBITaxon:1195475	1
NCBITaxon:1195478	5
NCBITaxon:1195479	2
NCBITaxon:1195481	2
NCBITaxon:1195482	9
NCBITaxon:1195483	2
NCBITaxon:1195484	2
NCBITaxon:1195485	1
NCBITaxon:1195720	2
NCBITaxon:1195760	4
NCBITaxon:1195761	2
NCBITaxon:1195763	4
NCBITaxon:1195766	1
NCBITaxon:1195885	1
NCBITaxon:1195916	1
NCBITaxon:1195923	1
NCBITaxon:1195977	1
NCBITaxon:1196019	1
NCBITaxon:119602	28
NCBITaxon:1196024	1
NCBITaxon:1196031	2
NCBITaxon:1196056	4
NCBITaxon:1196081	2
NCBITaxon:1196083	56
NCBITaxon:1196094	2
NCBITaxon:1196095	77
NCBITaxon:1196159	1
NCBITaxon:1196160	1
NCBITaxon:1196161	1
NCBITaxon:1196162	1
NCBITaxon:1196163	1
NCBITaxon:1196164	1
NCBITaxon:1196165	1
NCBITaxon:1196166	1
NCBITaxon:1196167	1
NCBITaxon:1196168	1
NCBITaxon:1196169	1
NCBITaxon:1196170	1
NCBITaxon:1196171	1
NCBITaxon:1196172	1
NCBITaxon:1196173	1
NCBITaxon:1196174	1
NCBITaxon:1196175	1
NCBITaxon:1196176	1
NCBITaxon:1196177	1
NCBITaxon:1196178	1
NCBITaxon:1196179	1
NCBITaxon:1196180	1
NCBITaxon:1196181	1
NCBITaxon:1196182	1
NCBITaxon:1196183	1
NCBITaxon:1196184	1
NCBITaxon:1196185	1
NCBITaxon:1196186	1
NCBITaxon:1196187	1
NCBITaxon:1196188	1
NCBITaxon:1196189	1
NCBITaxon:1196190	1
NCBITaxon:1196191	1
NCBITaxon:1196192	1
NCBITaxon:1196193	1
NCBITaxon:1196194	1
NCBITaxon:1196195	1
NCBITaxon:1196346	1
NCBITaxon:1196347	1
NCBITaxon:1196348	1
NCBITaxon:1196349	1
NCBITaxon:1196353	4
NCBITaxon:1196395	1
NCBITaxon:119641	3
NCBITaxon:1196416	1
NCBITaxon:1196417	1
NCBITaxon:1196419	1
NCBITaxon:1196421	1
NCBITaxon:1196434	2
NCBITaxon:119644	7
NCBITaxon:1196443	1
NCBITaxon:1196528	1
NCBITaxon:1196534	7
NCBITaxon:1196536	1
NCBITaxon:1196540	1
NCBITaxon:1196543	3
NCBITaxon:1196544	1
NCBITaxon:1196545	2
NCBITaxon:1196548	5
NCBITaxon:1196563	2
NCBITaxon:1196568	1
NCBITaxon:1196577	1
NCBITaxon:1196579	2
NCBITaxon:1196635	1
NCBITaxon:1196653	1
NCBITaxon:1196662	1
NCBITaxon:1196663	1
NCBITaxon:1196664	1
NCBITaxon:1196829	1
NCBITaxon:1196830	1
NCBITaxon:1196835	1
NCBITaxon:1197127	1
NCBITaxon:1197325	2
NCBITaxon:1197460	1
NCBITaxon:1197472	2
NCBITaxon:1197477	2
NCBITaxon:1197712	1
NCBITaxon:1197717	4
NCBITaxon:1197719	1
NCBITaxon:1197721	1
NCBITaxon:1197861	3
NCBITaxon:1197866	1
NCBITaxon:1197874	1
NCBITaxon:1197911	1
NCBITaxon:1197933	1
NCBITaxon:1197934	1
NCBITaxon:1197937	1
NCBITaxon:1197938	1
NCBITaxon:1197942	1
NCBITaxon:1197950	1
NCBITaxon:1198	9
NCBITaxon:1198115	1
NCBITaxon:1198232	1
NCBITaxon:1198245	5
NCBITaxon:1198291	1
NCBITaxon:1198295	1
NCBITaxon:1198296	1
NCBITaxon:1198298	1
NCBITaxon:1198300	1
NCBITaxon:1198301	1
NCBITaxon:1198324	1
NCBITaxon:1198451	4
NCBITaxon:1198456	2
NCBITaxon:1198496	1
NCBITaxon:1198497	1
NCBITaxon:1198499	1
NCBITaxon:1198500	1
NCBITaxon:1198501	1
NCBITaxon:1198502	1
NCBITaxon:119856	21
NCBITaxon:119857	98
NCBITaxon:119858	17
NCBITaxon:1198627	1
NCBITaxon:119863	4
NCBITaxon:119864	2
NCBITaxon:1199	3
NCBITaxon:1199091	2
NCBITaxon:1199092	2
NCBITaxon:1199094	1
NCBITaxon:119912	3
NCBITaxon:1199150	1
NCBITaxon:1199156	1
NCBITaxon:1199187	1
NCBITaxon:1199191	1
NCBITaxon:119927	7
NCBITaxon:119977	21
NCBITaxon:119978	2
NCBITaxon:119979	1
NCBITaxon:119981	8
NCBITaxon:120	3
NCBITaxon:120017	1
NCBITaxon:120023	1
NCBITaxon:1200281	2
NCBITaxon:1200283	1
NCBITaxon:1200297	1
NCBITaxon:1200300	3
NCBITaxon:1200302	1
NCBITaxon:1200324	1
NCBITaxon:1200353	1
NCBITaxon:1200355	1
NCBITaxon:120039	1
NCBITaxon:120041	1
NCBITaxon:120045	1
NCBITaxon:1200839	1
NCBITaxon:1200993	1
NCBITaxon:1201010	2
NCBITaxon:1201031	13
NCBITaxon:1201032	1
NCBITaxon:120107	4
NCBITaxon:1201287	1
NCBITaxon:1201290	1
NCBITaxon:1201292	3
NCBITaxon:1201294	2
NCBITaxon:120212	2
NCBITaxon:120213	9
NCBITaxon:1202450	1
NCBITaxon:1202465	2
NCBITaxon:1202534	1
NCBITaxon:1202535	1
NCBITaxon:1202536	1
NCBITaxon:1202537	1
NCBITaxon:1202538	1
NCBITaxon:1202539	1
NCBITaxon:1202540	1
NCBITaxon:1202668	2
NCBITaxon:1202712	4
NCBITaxon:1202713	1
NCBITaxon:1202724	4
NCBITaxon:1202767	4
NCBITaxon:1202768	4
NCBITaxon:1202772	1
NCBITaxon:120295	4
NCBITaxon:120296	2
NCBITaxon:120297	9
NCBITaxon:1202974	1
NCBITaxon:1202976	1
NCBITaxon:120298	5
NCBITaxon:1203033	3
NCBITaxon:1203069	2
NCBITaxon:1203076	1
NCBITaxon:1203218	1
NCBITaxon:1203393	1
NCBITaxon:1203460	1
NCBITaxon:1203463	4
NCBITaxon:1203471	2
NCBITaxon:1203544	1
NCBITaxon:1203545	1
NCBITaxon:1203546	1
NCBITaxon:1203547	1
NCBITaxon:1203549	1
NCBITaxon:1203552	1
NCBITaxon:1203553	1
NCBITaxon:1203599	6
NCBITaxon:1203602	1
NCBITaxon:1203603	1
NCBITaxon:1203604	2
NCBITaxon:1203605	1
NCBITaxon:1203608	3
NCBITaxon:1203610	2
NCBITaxon:1203635	1
NCBITaxon:120370	5
NCBITaxon:120377	5
NCBITaxon:120398	2
NCBITaxon:1204385	5
NCBITaxon:1204738	1
NCBITaxon:1205674	1
NCBITaxon:1205675	1
NCBITaxon:1205676	1
NCBITaxon:1205677	1
NCBITaxon:1205678	2
NCBITaxon:1205679	1
NCBITaxon:1205680	1
NCBITaxon:120576	2
NCBITaxon:120577	5
NCBITaxon:1206	2
NCBITaxon:1206085	3
NCBITaxon:1206099	1
NCBITaxon:1206100	1
NCBITaxon:1206107	1
NCBITaxon:1206109	1
NCBITaxon:1206327	2
NCBITaxon:1206336	1
NCBITaxon:120645	2
NCBITaxon:1206724	1
NCBITaxon:1206726	1
NCBITaxon:1206746	1
NCBITaxon:1206753	3
NCBITaxon:1206767	1
NCBITaxon:1206768	1
NCBITaxon:1206778	1
NCBITaxon:1206779	1
NCBITaxon:1206780	1
NCBITaxon:120681	2
NCBITaxon:1206816	3
NCBITaxon:1206817	4
NCBITaxon:120682	1
NCBITaxon:1206892	4
NCBITaxon:1206997	4
NCBITaxon:1207	1
NCBITaxon:1207039	3
NCBITaxon:1207056	2
NCBITaxon:1207057	5
NCBITaxon:1207386	1
NCBITaxon:1207388	1
NCBITaxon:1207504	16
NCBITaxon:1207543	1
NCBITaxon:1208188	1
NCBITaxon:1208308	1
NCBITaxon:120831	5
NCBITaxon:1208319	1
NCBITaxon:1208321	1
NCBITaxon:1208324	4
NCBITaxon:1208366	1
NCBITaxon:1208577	1
NCBITaxon:120858	2
NCBITaxon:1208580	1
NCBITaxon:1208583	1
NCBITaxon:1208599	1
NCBITaxon:1208607	2
NCBITaxon:1208611	1
NCBITaxon:1208622	1
NCBITaxon:1208623	1
NCBITaxon:1208624	1
NCBITaxon:1208625	1
NCBITaxon:1208626	1
NCBITaxon:1208627	1
NCBITaxon:1208628	1
NCBITaxon:1208629	1
NCBITaxon:1208630	1
NCBITaxon:1208917	2
NCBITaxon:1208918	1
NCBITaxon:1208919	1
NCBITaxon:1208920	1
NCBITaxon:1208921	1
NCBITaxon:1208922	1
NCBITaxon:1208923	1
NCBITaxon:1209072	1
NCBITaxon:1209220	1
NCBITaxon:120956	6
NCBITaxon:120957	13
NCBITaxon:120958	3
NCBITaxon:120959	10
NCBITaxon:120961	4
NCBITaxon:120962	1
NCBITaxon:120963	2
NCBITaxon:120965	15
NCBITaxon:1209914	1
NCBITaxon:1209916	1
NCBITaxon:1209917	1
NCBITaxon:1209918	10
NCBITaxon:1209919	1
NCBITaxon:1209921	1
NCBITaxon:1209922	1
NCBITaxon:1209923	2
NCBITaxon:1209926	1
NCBITaxon:1209927	1
NCBITaxon:1209930	1
NCBITaxon:1209931	5
NCBITaxon:1209932	3
NCBITaxon:1209933	1
NCBITaxon:1209934	2
NCBITaxon:1209948	4
NCBITaxon:1209954	4
NCBITaxon:1209958	5
NCBITaxon:1209964	1
NCBITaxon:1209984	2
NCBITaxon:1210006	1
NCBITaxon:1210073	1
NCBITaxon:1210089	1
NCBITaxon:1210090	1
NCBITaxon:1210091	1
NCBITaxon:1210094	1
NCBITaxon:121032	1
NCBITaxon:121038	1
NCBITaxon:121039	3
NCBITaxon:1210400	1
NCBITaxon:1210444	1
NCBITaxon:1210446	1
NCBITaxon:1210447	1
NCBITaxon:1210448	1
NCBITaxon:1210449	1
NCBITaxon:121045	1
NCBITaxon:1210450	1
NCBITaxon:1210451	1
NCBITaxon:1210455	1
NCBITaxon:121046	1
NCBITaxon:121049	1
NCBITaxon:1210518	1
NCBITaxon:1210519	1
NCBITaxon:1210520	2
NCBITaxon:1210521	1
NCBITaxon:1210522	1
NCBITaxon:1210524	1
NCBITaxon:1210884	4
NCBITaxon:1210932	1
NCBITaxon:1211	1
NCBITaxon:1211001	1
NCBITaxon:1211002	1
NCBITaxon:1211025	1
NCBITaxon:1211035	3
NCBITaxon:1211117	1
NCBITaxon:1211322	5
NCBITaxon:1211323	4
NCBITaxon:1211326	2
NCBITaxon:1211383	1
NCBITaxon:121163	7
NCBITaxon:1211707	1
NCBITaxon:1211726	3
NCBITaxon:1211774	1
NCBITaxon:1211776	1
NCBITaxon:1211803	3
NCBITaxon:1211806	3
NCBITaxon:1211807	6
NCBITaxon:1211817	1
NCBITaxon:1211843	1
NCBITaxon:1211844	1
NCBITaxon:1211845	1
NCBITaxon:121233	1
NCBITaxon:121235	5
NCBITaxon:1212487	1
NCBITaxon:1212488	1
NCBITaxon:1212489	1
NCBITaxon:1212491	1
NCBITaxon:1212554	1
NCBITaxon:1212557	1
NCBITaxon:1212559	1
NCBITaxon:1212561	1
NCBITaxon:1212573	1
NCBITaxon:1212574	1
NCBITaxon:1212575	1
NCBITaxon:1212576	1
NCBITaxon:1212577	1
NCBITaxon:1212579	1
NCBITaxon:1212580	1
NCBITaxon:1212581	1
NCBITaxon:1212582	1
NCBITaxon:1212583	1
NCBITaxon:1212584	1
NCBITaxon:1212665	1
NCBITaxon:1212667	1
NCBITaxon:1212765	1
NCBITaxon:1212766	1
NCBITaxon:121277	2
NCBITaxon:121290	4
NCBITaxon:121291	3
NCBITaxon:121292	9
NCBITaxon:1213182	1
NCBITaxon:1213189	1
NCBITaxon:1213353	1
NCBITaxon:1213358	4
NCBITaxon:1213731	1
NCBITaxon:1213861	3
NCBITaxon:1213867	1
NCBITaxon:1214	2
NCBITaxon:1214071	1
NCBITaxon:1214077	3
NCBITaxon:1214102	3
NCBITaxon:1214117	1
NCBITaxon:1214153	1
NCBITaxon:1214160	1
NCBITaxon:1214164	1
NCBITaxon:1214168	1
NCBITaxon:1214170	1
NCBITaxon:1214174	1
NCBITaxon:1214179	1
NCBITaxon:1214186	1
NCBITaxon:1214190	1
NCBITaxon:1214191	1
NCBITaxon:1214193	1
NCBITaxon:1214195	1
NCBITaxon:1214208	1
NCBITaxon:121428	10
NCBITaxon:1214570	5
NCBITaxon:1214573	2
NCBITaxon:1214604	1
NCBITaxon:121466	1
NCBITaxon:121467	1
NCBITaxon:121468	1
NCBITaxon:1214787	4
NCBITaxon:1214914	1
NCBITaxon:1214924	1
NCBITaxon:1214925	5
NCBITaxon:1214928	4
NCBITaxon:1215031	2
NCBITaxon:1215032	1
NCBITaxon:1215088	1
NCBITaxon:1215089	1
NCBITaxon:1215092	1
NCBITaxon:1215093	1
NCBITaxon:1215095	1
NCBITaxon:1215096	1
NCBITaxon:1215098	2
NCBITaxon:1215102	2
NCBITaxon:1215104	1
NCBITaxon:1215108	1
NCBITaxon:1215110	2
NCBITaxon:1215114	3
NCBITaxon:1215115	2
NCBITaxon:1215116	1
NCBITaxon:1215328	1
NCBITaxon:1215329	1
NCBITaxon:1215330	1
NCBITaxon:1215332	1
NCBITaxon:1215333	1
NCBITaxon:1215334	1
NCBITaxon:1215336	1
NCBITaxon:1215355	2
NCBITaxon:1215384	1
NCBITaxon:1215385	3
NCBITaxon:1215685	1
NCBITaxon:1215915	1
NCBITaxon:1215918	1
NCBITaxon:1215925	2
NCBITaxon:1216	1
NCBITaxon:1216006	1
NCBITaxon:1216008	2
NCBITaxon:1216040	4
NCBITaxon:1216062	4
NCBITaxon:121608	2
NCBITaxon:121616	6
NCBITaxon:121620	7
NCBITaxon:121621	1
NCBITaxon:121624	9
NCBITaxon:1216297	3
NCBITaxon:1216348	2
NCBITaxon:1216362	1
NCBITaxon:1216363	1
NCBITaxon:1216470	1
NCBITaxon:1216886	2
NCBITaxon:1216932	4
NCBITaxon:1216966	3
NCBITaxon:1216967	2
NCBITaxon:1216978	3
NCBITaxon:1216979	1
NCBITaxon:1216980	1
NCBITaxon:1217049	1
NCBITaxon:1217107	1
NCBITaxon:121719	65
NCBITaxon:1217274	1
NCBITaxon:1217282	3
NCBITaxon:121734	1
NCBITaxon:1217416	4
NCBITaxon:1217418	1
NCBITaxon:1217420	2
NCBITaxon:121752	2
NCBITaxon:1217546	1
NCBITaxon:1217581	1
NCBITaxon:1217582	1
NCBITaxon:1217583	1
NCBITaxon:1217584	1
NCBITaxon:121759	3
NCBITaxon:1217657	2
NCBITaxon:1217659	3
NCBITaxon:1217666	3
NCBITaxon:1217714	3
NCBITaxon:1217799	2
NCBITaxon:1217908	3
NCBITaxon:1217969	1
NCBITaxon:1217970	8
NCBITaxon:1218	213
NCBITaxon:1218072	1
NCBITaxon:1218073	1
NCBITaxon:1218081	1
NCBITaxon:1218085	1
NCBITaxon:1218088	2
NCBITaxon:1218098	1
NCBITaxon:1218100	1
NCBITaxon:1218102	1
NCBITaxon:1218108	2
NCBITaxon:1218110	1
NCBITaxon:1218111	1
NCBITaxon:1218113	2
NCBITaxon:1218129	1
NCBITaxon:1218143	1
NCBITaxon:1218144	1
NCBITaxon:1218145	1
NCBITaxon:1218146	1
NCBITaxon:1218147	1
NCBITaxon:1218148	1
NCBITaxon:1218149	1
NCBITaxon:1218150	1
NCBITaxon:1218151	1
NCBITaxon:1218152	1
NCBITaxon:1218153	1
NCBITaxon:1218173	2
NCBITaxon:121820	3
NCBITaxon:121821	3
NCBITaxon:1218352	1
NCBITaxon:1218492	4
NCBITaxon:1218493	7
NCBITaxon:1218494	9
NCBITaxon:1218495	4
NCBITaxon:1218506	4
NCBITaxon:1218507	11
NCBITaxon:1218508	9
NCBITaxon:1218564	1
NCBITaxon:1218565	1
NCBITaxon:1218566	1
NCBITaxon:1218567	1
NCBITaxon:1218568	1
NCBITaxon:1218569	1
NCBITaxon:1218570	1
NCBITaxon:1218571	1
NCBITaxon:1218572	1
NCBITaxon:1218573	1
NCBITaxon:1218574	1
NCBITaxon:1218575	1
NCBITaxon:1218576	1
NCBITaxon:1218577	1
NCBITaxon:1218578	1
NCBITaxon:1218579	1
NCBITaxon:1218580	1
NCBITaxon:1218581	1
NCBITaxon:1218582	1
NCBITaxon:1218583	1
NCBITaxon:1218584	1
NCBITaxon:1218585	1
NCBITaxon:1218586	1
NCBITaxon:1218591	1
NCBITaxon:1218592	1
NCBITaxon:1218593	1
NCBITaxon:1218594	1
NCBITaxon:1218595	1
NCBITaxon:1218596	1
NCBITaxon:1218598	1
NCBITaxon:1218599	1
NCBITaxon:121871	2
NCBITaxon:1218710	1
NCBITaxon:121872	7
NCBITaxon:1218801	1
NCBITaxon:1218933	2
NCBITaxon:1218961	1
NCBITaxon:1219	35
NCBITaxon:1219011	1
NCBITaxon:1219012	1
NCBITaxon:1219013	2
NCBITaxon:1219015	2
NCBITaxon:1219017	1
NCBITaxon:1219030	1
NCBITaxon:1219046	1
NCBITaxon:1219047	2
NCBITaxon:1219056	1
NCBITaxon:1219058	2
NCBITaxon:1219061	4
NCBITaxon:1219067	5
NCBITaxon:1219076	1
NCBITaxon:1219077	1
NCBITaxon:1219085	1
NCBITaxon:1219257	4
NCBITaxon:1219357	1
NCBITaxon:1219359	2
NCBITaxon:1219375	2
NCBITaxon:1219382	4
NCBITaxon:1219383	4
NCBITaxon:1219491	1
NCBITaxon:1219519	1
NCBITaxon:1219651	1
NCBITaxon:122	5
NCBITaxon:1220	20
NCBITaxon:1220023	1
NCBITaxon:1220026	1
NCBITaxon:1220165	1
NCBITaxon:1220166	1
NCBITaxon:1220182	1
NCBITaxon:1220188	1
NCBITaxon:1220191	3
NCBITaxon:1220192	1
NCBITaxon:1220201	1
NCBITaxon:1220206	1
NCBITaxon:1220207	2
NCBITaxon:1220208	1
NCBITaxon:1220210	1
NCBITaxon:1220491	1
NCBITaxon:1220494	2
NCBITaxon:1220495	6
NCBITaxon:1220511	1
NCBITaxon:1220542	1
NCBITaxon:1220574	2
NCBITaxon:1220576	2
NCBITaxon:1220584	1
NCBITaxon:1220585	3
NCBITaxon:1220588	1
NCBITaxon:1220600	1
NCBITaxon:122091	1
NCBITaxon:1220923	1
NCBITaxon:1221328	1
NCBITaxon:1221450	4
NCBITaxon:1221451	1
NCBITaxon:1221452	1
NCBITaxon:1221453	1
NCBITaxon:1221500	10
NCBITaxon:1221520	1
NCBITaxon:1221534	1
NCBITaxon:1221547	4
NCBITaxon:1221578	1
NCBITaxon:1221880	1
NCBITaxon:1221996	3
NCBITaxon:1222016	4
NCBITaxon:1222017	1
NCBITaxon:122202	3
NCBITaxon:122233	1
NCBITaxon:122277	3
NCBITaxon:1223317	5
NCBITaxon:1223410	2
NCBITaxon:1223489	1
NCBITaxon:1223492	1
NCBITaxon:1223496	1
NCBITaxon:1223499	2
NCBITaxon:1223503	1
NCBITaxon:1223504	1
NCBITaxon:1223509	1
NCBITaxon:1223513	1
NCBITaxon:1223514	2
NCBITaxon:1223515	2
NCBITaxon:1223516	1
NCBITaxon:1223518	3
NCBITaxon:1223521	1
NCBITaxon:1223522	2
NCBITaxon:1223523	2
NCBITaxon:1223536	1
NCBITaxon:1223547	2
NCBITaxon:122355	8
NCBITaxon:1223558	1
NCBITaxon:1223571	1
NCBITaxon:1223574	1
NCBITaxon:122358	15
NCBITaxon:122368	3
NCBITaxon:122396	11
NCBITaxon:1224	560
NCBITaxon:122410	1
NCBITaxon:122411	1
NCBITaxon:122412	1
NCBITaxon:1224136	1
NCBITaxon:1224154	1
NCBITaxon:122421	1
NCBITaxon:122422	1
NCBITaxon:122423	1
NCBITaxon:122424	1
NCBITaxon:1224258	1
NCBITaxon:1224302	3
NCBITaxon:1224511	1
NCBITaxon:1224513	1
NCBITaxon:1224718	6
NCBITaxon:1224742	5
NCBITaxon:1224743	2
NCBITaxon:1224744	2
NCBITaxon:1224749	1
NCBITaxon:1224947	1
NCBITaxon:1225127	5
NCBITaxon:1225128	2
NCBITaxon:1225174	1
NCBITaxon:1225180	1
NCBITaxon:1225181	1
NCBITaxon:1225182	1
NCBITaxon:1225183	1
NCBITaxon:1225185	1
NCBITaxon:1225186	1
NCBITaxon:1225336	1
NCBITaxon:1225341	1
NCBITaxon:1225522	1
NCBITaxon:1225564	1
NCBITaxon:1225769	5
NCBITaxon:1225788	1
NCBITaxon:122586	1
NCBITaxon:122587	1
NCBITaxon:1226010	1
NCBITaxon:1226115	1
NCBITaxon:1226285	2
NCBITaxon:1226301	2
NCBITaxon:1226327	4
NCBITaxon:1226384	1
NCBITaxon:122651	1
NCBITaxon:122654	1
NCBITaxon:122655	1
NCBITaxon:122656	1
NCBITaxon:122658	1
NCBITaxon:122659	1
NCBITaxon:122660	1
NCBITaxon:1226633	3
NCBITaxon:1226676	2
NCBITaxon:1226680	1
NCBITaxon:1226730	4
NCBITaxon:1226740	1
NCBITaxon:1226750	2
NCBITaxon:1226752	1
NCBITaxon:1226757	3
NCBITaxon:1226758	6
NCBITaxon:1226780	1
NCBITaxon:1226968	1
NCBITaxon:1227	2
NCBITaxon:122706	30
NCBITaxon:1227077	4
NCBITaxon:1227261	1
NCBITaxon:1227264	1
NCBITaxon:1227266	1
NCBITaxon:1227268	1
NCBITaxon:1227272	1
NCBITaxon:122728	1
NCBITaxon:1227346	1
NCBITaxon:1227358	1
NCBITaxon:1227359	1
NCBITaxon:1227364	1
NCBITaxon:1227456	2
NCBITaxon:1227458	2
NCBITaxon:1227461	2
NCBITaxon:1227462	2
NCBITaxon:1227463	2
NCBITaxon:1227464	2
NCBITaxon:1227465	2
NCBITaxon:1227466	2
NCBITaxon:1227467	2
NCBITaxon:1227468	2
NCBITaxon:1227481	2
NCBITaxon:1227483	2
NCBITaxon:1227484	2
NCBITaxon:1227485	2
NCBITaxon:1227486	2
NCBITaxon:1227487	1
NCBITaxon:1227546	2
NCBITaxon:1227549	5
NCBITaxon:1227555	2
NCBITaxon:1227734	4
NCBITaxon:1227812	4
NCBITaxon:1227945	2
NCBITaxon:1227949	1
NCBITaxon:1227950	1
NCBITaxon:1227968	1
NCBITaxon:1228982	1
NCBITaxon:1228988	1
NCBITaxon:1229	2
NCBITaxon:1229076	1
NCBITaxon:1229152	1
NCBITaxon:1229153	1
NCBITaxon:1229154	1
NCBITaxon:1229156	1
NCBITaxon:1229164	1
NCBITaxon:1229165	1
NCBITaxon:1229205	1
NCBITaxon:1229253	10
NCBITaxon:1229254	6
NCBITaxon:1229268	1
NCBITaxon:1229276	1
NCBITaxon:1229281	1
NCBITaxon:1229493	3
NCBITaxon:1229494	2
NCBITaxon:1229516	1
NCBITaxon:1229521	1
NCBITaxon:122960	3
NCBITaxon:1229621	4
NCBITaxon:1229656	3
NCBITaxon:1229659	3
NCBITaxon:1229671	1
NCBITaxon:1229726	1
NCBITaxon:1229727	3
NCBITaxon:1229734	1
NCBITaxon:1229780	1
NCBITaxon:1229904	1
NCBITaxon:1229906	1
NCBITaxon:1229907	1
NCBITaxon:1229909	1
NCBITaxon:1229971	3
NCBITaxon:123	14
NCBITaxon:1230056	2
NCBITaxon:1230057	2
NCBITaxon:1230058	2
NCBITaxon:1230059	2
NCBITaxon:1230062	2
NCBITaxon:1230063	1
NCBITaxon:1230065	2
NCBITaxon:1230066	2
NCBITaxon:1230068	1
NCBITaxon:1230069	2
NCBITaxon:1230072	2
NCBITaxon:1230077	2
NCBITaxon:1230078	2
NCBITaxon:1230080	2
NCBITaxon:1230081	2
NCBITaxon:1230097	1
NCBITaxon:1230121	1
NCBITaxon:1230340	1
NCBITaxon:1230341	6
NCBITaxon:1230343	1
NCBITaxon:1230344	1
NCBITaxon:1230345	1
NCBITaxon:1230389	1
NCBITaxon:1230402	1
NCBITaxon:1230452	2
NCBITaxon:1230453	1
NCBITaxon:1230455	2
NCBITaxon:1230457	1
NCBITaxon:1230528	1
NCBITaxon:1230530	4
NCBITaxon:1230531	4
NCBITaxon:1230532	4
NCBITaxon:1230533	4
NCBITaxon:1230904	2
NCBITaxon:1230905	1
NCBITaxon:1230953	1
NCBITaxon:1230963	1
NCBITaxon:1230998	3
NCBITaxon:1231	18
NCBITaxon:1231000	4
NCBITaxon:1231049	1
NCBITaxon:1231054	1
NCBITaxon:1231058	1
NCBITaxon:1231063	1
NCBITaxon:1231134	1
NCBITaxon:1231180	2
NCBITaxon:1231185	3
NCBITaxon:1231337	2
NCBITaxon:1231352	1
NCBITaxon:1231376	2
NCBITaxon:1231518	1
NCBITaxon:1231519	1
NCBITaxon:1231521	1
NCBITaxon:1231522	5
NCBITaxon:1231523	2
NCBITaxon:1231624	1
NCBITaxon:1231657	1
NCBITaxon:1231722	1
NCBITaxon:1231723	1
NCBITaxon:1231724	1
NCBITaxon:1231726	1
NCBITaxon:1231840	2
NCBITaxon:1232150	1
NCBITaxon:1232151	1
NCBITaxon:1232153	1
NCBITaxon:1232154	1
NCBITaxon:1232184	1
NCBITaxon:1232203	1
NCBITaxon:1232219	1
NCBITaxon:1232220	1
NCBITaxon:1232385	1
NCBITaxon:123239	1
NCBITaxon:1232392	2
NCBITaxon:1232394	1
NCBITaxon:1232426	4
NCBITaxon:1232427	1
NCBITaxon:1232428	19
NCBITaxon:1232429	4
NCBITaxon:1232430	5
NCBITaxon:1232431	2
NCBITaxon:1232436	3
NCBITaxon:1232441	1
NCBITaxon:1232554	1
NCBITaxon:1232575	3
NCBITaxon:1232660	1
NCBITaxon:1232668	1
NCBITaxon:1232675	1
NCBITaxon:1232676	1
NCBITaxon:1232681	1
NCBITaxon:1232683	1
NCBITaxon:1232724	1
NCBITaxon:1232866	11
NCBITaxon:1233	1
NCBITaxon:1233043	2
NCBITaxon:1233071	1
NCBITaxon:1233081	1
NCBITaxon:1233098	1
NCBITaxon:1233113	2
NCBITaxon:1233114	1
NCBITaxon:1233171	1
NCBITaxon:123320	5
NCBITaxon:1233245	1
NCBITaxon:1233411	1
NCBITaxon:1233415	1
NCBITaxon:1233426	5
NCBITaxon:1233427	1
NCBITaxon:1233460	2
NCBITaxon:1233490	1
NCBITaxon:1233498	2
NCBITaxon:1233500	3
NCBITaxon:123356	1
NCBITaxon:1233677	4
NCBITaxon:123375	1
NCBITaxon:1234	49
NCBITaxon:1234143	3
NCBITaxon:1234144	1
NCBITaxon:1234146	1
NCBITaxon:1234544	4
NCBITaxon:1234595	6
NCBITaxon:1234597	2
NCBITaxon:1234601	1
NCBITaxon:1234609	1
NCBITaxon:1234659	2
NCBITaxon:1234661	1
NCBITaxon:1234662	1
NCBITaxon:1234680	5
NCBITaxon:1234776	1
NCBITaxon:1234777	1
NCBITaxon:1234842	1
NCBITaxon:1234871	1
NCBITaxon:1234873	1
NCBITaxon:1234875	2
NCBITaxon:1234876	1
NCBITaxon:1234877	1
NCBITaxon:1234889	1
NCBITaxon:1234890	1
NCBITaxon:1234891	1
NCBITaxon:1234893	1
NCBITaxon:1234894	1
NCBITaxon:1234895	1
NCBITaxon:1235259	5
NCBITaxon:1235455	1
NCBITaxon:1235459	1
NCBITaxon:1235460	1
NCBITaxon:1235480	3
NCBITaxon:1235557	2
NCBITaxon:1235558	1
NCBITaxon:1235591	2
NCBITaxon:1235602	2
NCBITaxon:1235750	2
NCBITaxon:1235793	1
NCBITaxon:1235797	1
NCBITaxon:1235798	1
NCBITaxon:1235799	1
NCBITaxon:1235801	1
NCBITaxon:1235811	2
NCBITaxon:1235827	1
NCBITaxon:1235833	1
NCBITaxon:1235834	1
NCBITaxon:1235850	6
NCBITaxon:1235989	1
NCBITaxon:1235990	3
NCBITaxon:1235997	3
NCBITaxon:1236	393
NCBITaxon:1236046	7
NCBITaxon:1236178	1
NCBITaxon:1236180	2
NCBITaxon:1236215	3
NCBITaxon:1236220	3
NCBITaxon:123648	1
NCBITaxon:1236482	1
NCBITaxon:1236483	3
NCBITaxon:1236486	3
NCBITaxon:1236494	1
NCBITaxon:1236497	1
NCBITaxon:1236500	1
NCBITaxon:1236503	1
NCBITaxon:1236504	2
NCBITaxon:1236513	1
NCBITaxon:1236514	1
NCBITaxon:1236515	2
NCBITaxon:1236517	2
NCBITaxon:1236518	3
NCBITaxon:1236523	1
NCBITaxon:1236535	1
NCBITaxon:1236539	1
NCBITaxon:1236541	1
NCBITaxon:1236543	2
NCBITaxon:1236544	2
NCBITaxon:1236689	1
NCBITaxon:1236695	1
NCBITaxon:1236770	2
NCBITaxon:1236905	1
NCBITaxon:1236944	1
NCBITaxon:1236956	1
NCBITaxon:1236966	2
NCBITaxon:1236968	2
NCBITaxon:1236970	1
NCBITaxon:1236971	1
NCBITaxon:1236973	1
NCBITaxon:1236977	1
NCBITaxon:1237068	1
NCBITaxon:1237075	1
NCBITaxon:1237077	1
NCBITaxon:1237085	1
NCBITaxon:1237094	2
NCBITaxon:123783	4
NCBITaxon:1238	73
NCBITaxon:1238190	1
NCBITaxon:123820	4
NCBITaxon:123822	7
NCBITaxon:1238220	1
NCBITaxon:123824	4
NCBITaxon:123834	1
NCBITaxon:1238391	1
NCBITaxon:123841	2
NCBITaxon:1238681	1
NCBITaxon:1238885	1
NCBITaxon:123899	85
NCBITaxon:1239	960
NCBITaxon:123900	5
NCBITaxon:123925	3
NCBITaxon:1239307	2
NCBITaxon:1239396	1
NCBITaxon:1239797	1
NCBITaxon:1239830	1
NCBITaxon:1239833	1
NCBITaxon:1239834	1
NCBITaxon:124	4
NCBITaxon:1240239	1
NCBITaxon:1240348	1
NCBITaxon:124036	2
NCBITaxon:1240385	1
NCBITaxon:1240404	9
NCBITaxon:1240471	1
NCBITaxon:1240483	1
NCBITaxon:1240687	1
NCBITaxon:1240688	1
NCBITaxon:1240691	1
NCBITaxon:1240692	1
NCBITaxon:1240693	1
NCBITaxon:1240694	1
NCBITaxon:1240708	1
NCBITaxon:1240727	1
NCBITaxon:1240758	1
NCBITaxon:1240759	1
NCBITaxon:1240760	1
NCBITaxon:1240761	1
NCBITaxon:1240762	1
NCBITaxon:1240763	1
NCBITaxon:1240764	1
NCBITaxon:1240765	1
NCBITaxon:1240766	1
NCBITaxon:1240767	1
NCBITaxon:1240768	1
NCBITaxon:1240769	1
NCBITaxon:1240770	1
NCBITaxon:1240771	1
NCBITaxon:1240772	1
NCBITaxon:1240773	1
NCBITaxon:1240774	1
NCBITaxon:1240775	1
NCBITaxon:1240776	1
NCBITaxon:1240777	1
NCBITaxon:1240778	1
NCBITaxon:1240779	1
NCBITaxon:124084	2
NCBITaxon:1240980	1
NCBITaxon:1241303	1
NCBITaxon:1241326	1
NCBITaxon:1241337	6
NCBITaxon:1241557	1
NCBITaxon:1241616	1
NCBITaxon:1241761	4
NCBITaxon:1241832	1
NCBITaxon:1241833	1
NCBITaxon:1241834	1
NCBITaxon:1241835	1
NCBITaxon:1241836	1
NCBITaxon:1241859	1
NCBITaxon:1241860	1
NCBITaxon:1241865	1
NCBITaxon:1241869	1
NCBITaxon:1241878	1
NCBITaxon:1241884	1
NCBITaxon:1241935	1
NCBITaxon:1241978	7
NCBITaxon:1241979	2
NCBITaxon:1241981	6
NCBITaxon:1241982	2
NCBITaxon:1242082	1
NCBITaxon:1242084	1
NCBITaxon:1242087	1
NCBITaxon:1242088	1
NCBITaxon:1242089	1
NCBITaxon:1242090	2
NCBITaxon:1242091	1
NCBITaxon:1242092	1
NCBITaxon:1242093	1
NCBITaxon:1242094	1
NCBITaxon:1242095	1
NCBITaxon:1242096	2
NCBITaxon:1242097	1
NCBITaxon:1242098	1
NCBITaxon:1242099	1
NCBITaxon:1242100	1
NCBITaxon:1242101	1
NCBITaxon:1242102	1
NCBITaxon:1242103	1
NCBITaxon:1242105	1
NCBITaxon:1242106	1
NCBITaxon:1242107	1
NCBITaxon:1242108	1
NCBITaxon:1242148	1
NCBITaxon:1242174	6
NCBITaxon:124225	2
NCBITaxon:1242253	2
NCBITaxon:124252	8
NCBITaxon:1242689	4
NCBITaxon:1242696	1
NCBITaxon:1242697	1
NCBITaxon:1242744	3
NCBITaxon:124285	3
NCBITaxon:1242862	1
NCBITaxon:1242948	3
NCBITaxon:1242971	1
NCBITaxon:1242989	1
NCBITaxon:1242991	1
NCBITaxon:1242993	4
NCBITaxon:1242999	4
NCBITaxon:1243	3
NCBITaxon:1243000	4
NCBITaxon:1243001	3
NCBITaxon:1243002	3
NCBITaxon:1243014	5
NCBITaxon:1243576	1
NCBITaxon:1243578	1
NCBITaxon:1243579	1
NCBITaxon:1243580	1
NCBITaxon:1243581	1
NCBITaxon:1243582	1
NCBITaxon:1243584	1
NCBITaxon:1243585	1
NCBITaxon:1243586	1
NCBITaxon:1243587	1
NCBITaxon:1243588	1
NCBITaxon:1243589	1
NCBITaxon:1243591	1
NCBITaxon:1243593	1
NCBITaxon:1243594	1
NCBITaxon:1243595	1
NCBITaxon:1243596	1
NCBITaxon:1243597	2
NCBITaxon:1243598	1
NCBITaxon:1243600	1
NCBITaxon:1243601	1
NCBITaxon:1243602	2
NCBITaxon:1243606	1
NCBITaxon:1243608	1
NCBITaxon:1243610	1
NCBITaxon:1243612	1
NCBITaxon:1243614	1
NCBITaxon:1243616	1
NCBITaxon:1243617	1
NCBITaxon:1243618	1
NCBITaxon:1243619	1
NCBITaxon:1243620	1
NCBITaxon:1243621	1
NCBITaxon:1243649	1
NCBITaxon:1243662	3
NCBITaxon:1243663	1
NCBITaxon:1243664	1
NCBITaxon:1243767	2
NCBITaxon:1243910	3
NCBITaxon:1244	43
NCBITaxon:1244086	1
NCBITaxon:1244108	4
NCBITaxon:1244111	1
NCBITaxon:1244112	1
NCBITaxon:1244113	1
NCBITaxon:1244118	1
NCBITaxon:1244119	1
NCBITaxon:1244120	1
NCBITaxon:1244121	1
NCBITaxon:1244122	1
NCBITaxon:1244123	1
NCBITaxon:1244124	1
NCBITaxon:1244125	1
NCBITaxon:1244126	1
NCBITaxon:1244127	1
NCBITaxon:1244128	1
NCBITaxon:1244129	1
NCBITaxon:1244130	1
NCBITaxon:1244131	1
NCBITaxon:124418	3
NCBITaxon:124430	1
NCBITaxon:1244513	2
NCBITaxon:1244528	1
NCBITaxon:1244529	1
NCBITaxon:1244531	3
NCBITaxon:1244869	3
NCBITaxon:1245	431
NCBITaxon:1245026	1
NCBITaxon:1245029	2
NCBITaxon:1245388	1
NCBITaxon:1245389	1
NCBITaxon:1245390	1
NCBITaxon:1245391	1
NCBITaxon:1245392	1
NCBITaxon:1245393	1
NCBITaxon:1245396	1
NCBITaxon:1245417	2
NCBITaxon:1245436	3
NCBITaxon:1245441	1
NCBITaxon:1245471	1
NCBITaxon:1245522	4
NCBITaxon:1245523	4
NCBITaxon:1245525	1
NCBITaxon:1245526	4
NCBITaxon:1245592	1
NCBITaxon:1245599	1
NCBITaxon:1245600	1
NCBITaxon:1245602	1
NCBITaxon:1245605	1
NCBITaxon:1245606	1
NCBITaxon:1245608	1
NCBITaxon:1245610	1
NCBITaxon:1245746	1
NCBITaxon:1245748	3
NCBITaxon:1245769	1
NCBITaxon:1245910	1
NCBITaxon:1246	176
NCBITaxon:1246119	1
NCBITaxon:1246120	1
NCBITaxon:1246121	1
NCBITaxon:1246301	3
NCBITaxon:1246458	2
NCBITaxon:1246477	1
NCBITaxon:1246494	1
NCBITaxon:1246495	1
NCBITaxon:1246500	1
NCBITaxon:1246501	1
NCBITaxon:1246502	1
NCBITaxon:1246503	1
NCBITaxon:1246504	1
NCBITaxon:1246505	1
NCBITaxon:1246506	1
NCBITaxon:1246507	1
NCBITaxon:1246508	1
NCBITaxon:1246509	1
NCBITaxon:1246510	1
NCBITaxon:1246530	3
NCBITaxon:1246623	1
NCBITaxon:1246634	1
NCBITaxon:1246637	1
NCBITaxon:1246864	4
NCBITaxon:1247	537
NCBITaxon:1247023	1
NCBITaxon:1247024	1
NCBITaxon:1247189	1
NCBITaxon:1247510	2
NCBITaxon:1247513	4
NCBITaxon:1247514	3
NCBITaxon:1247518	3
NCBITaxon:1247520	4
NCBITaxon:1247522	1
NCBITaxon:1247529	1
NCBITaxon:1247546	14
NCBITaxon:1247562	1
NCBITaxon:1247613	2
NCBITaxon:1247655	2
NCBITaxon:1247747	1
NCBITaxon:1247836	4
NCBITaxon:1247867	1
NCBITaxon:1247936	3
NCBITaxon:1247960	1
NCBITaxon:1247963	1
NCBITaxon:124798	7
NCBITaxon:1248399	1
NCBITaxon:1248400	1
NCBITaxon:1248401	1
NCBITaxon:1248402	1
NCBITaxon:1248404	1
NCBITaxon:1248410	1
NCBITaxon:1248417	1
NCBITaxon:1248421	1
NCBITaxon:1248431	1
NCBITaxon:1248436	1
NCBITaxon:1248437	1
NCBITaxon:1248438	1
NCBITaxon:1248439	2
NCBITaxon:1248440	1
NCBITaxon:1248645	7
NCBITaxon:1248823	1
NCBITaxon:1248902	3
NCBITaxon:1248903	1
NCBITaxon:1248915	1
NCBITaxon:1249	144
NCBITaxon:1249017	1
NCBITaxon:1249076	9
NCBITaxon:1249101	5
NCBITaxon:1249470	1
NCBITaxon:1249480	1
NCBITaxon:1249483	1
NCBITaxon:1249484	1
NCBITaxon:1249525	1
NCBITaxon:1249552	1
NCBITaxon:1249553	2
NCBITaxon:1249555	1
NCBITaxon:1249587	7
NCBITaxon:1249614	1
NCBITaxon:1249627	1
NCBITaxon:1249630	5
NCBITaxon:1249650	1
NCBITaxon:1249651	1
NCBITaxon:1249652	1
NCBITaxon:1249653	1
NCBITaxon:1249654	1
NCBITaxon:1249655	1
NCBITaxon:1249656	1
NCBITaxon:1249756	8
NCBITaxon:1249861	1
NCBITaxon:125	7
NCBITaxon:1250005	1
NCBITaxon:1250232	1
NCBITaxon:1250369	1
NCBITaxon:1250372	1
NCBITaxon:1250373	1
NCBITaxon:1250539	2
NCBITaxon:1250540	1
NCBITaxon:1250544	1
NCBITaxon:1251	21
NCBITaxon:1252	34
NCBITaxon:125216	9
NCBITaxon:125287	1
NCBITaxon:125288	6
NCBITaxon:1253	1
NCBITaxon:1253868	1
NCBITaxon:1254	384
NCBITaxon:1254437	1
NCBITaxon:1255	476
NCBITaxon:1255251	1
NCBITaxon:1255257	1
NCBITaxon:1255263	4
NCBITaxon:1255280	1
NCBITaxon:1255570	1
NCBITaxon:1255580	1
NCBITaxon:1255582	1
NCBITaxon:1255597	2
NCBITaxon:1255599	1
NCBITaxon:1255600	1
NCBITaxon:1255601	1
NCBITaxon:1255607	1
NCBITaxon:1255615	3
NCBITaxon:1255622	1
NCBITaxon:1255628	1
NCBITaxon:1255636	1
NCBITaxon:1255644	1
NCBITaxon:1255645	1
NCBITaxon:1255651	1
NCBITaxon:1255659	1
NCBITaxon:1255661	1
NCBITaxon:1255666	1
NCBITaxon:1255675	1
NCBITaxon:1255677	1
NCBITaxon:1255681	2
NCBITaxon:1255682	1
NCBITaxon:1255685	1
NCBITaxon:1255687	3
NCBITaxon:1255696	1
NCBITaxon:1255703	1
NCBITaxon:1255707	1
NCBITaxon:125593	1
NCBITaxon:125602	1
NCBITaxon:125614	1
NCBITaxon:1256195	1
NCBITaxon:1256196	1
NCBITaxon:1256197	1
NCBITaxon:1256198	1
NCBITaxon:1256199	1
NCBITaxon:1256200	1
NCBITaxon:1256201	1
NCBITaxon:1256202	1
NCBITaxon:1256203	1
NCBITaxon:1256204	1
NCBITaxon:1256205	1
NCBITaxon:1256206	1
NCBITaxon:1256207	1
NCBITaxon:1256208	1
NCBITaxon:1256209	1
NCBITaxon:1256210	1
NCBITaxon:1256211	1
NCBITaxon:1256212	1
NCBITaxon:1256213	1
NCBITaxon:1256214	1
NCBITaxon:1256215	1
NCBITaxon:1256216	1
NCBITaxon:1256217	1
NCBITaxon:1256218	1
NCBITaxon:1256219	1
NCBITaxon:1256220	1
NCBITaxon:1256221	1
NCBITaxon:1256222	1
NCBITaxon:1256223	1
NCBITaxon:1256224	1
NCBITaxon:1256225	1
NCBITaxon:1256226	1
NCBITaxon:1256229	1
NCBITaxon:1256230	1
NCBITaxon:125627	2
NCBITaxon:1256513	1
NCBITaxon:1256514	1
NCBITaxon:1256678	3
NCBITaxon:1256908	1
NCBITaxon:1257	3
NCBITaxon:1257004	5
NCBITaxon:1257025	1
NCBITaxon:1257026	1
NCBITaxon:1257118	2
NCBITaxon:1258	33
NCBITaxon:1258543	1
NCBITaxon:1258546	5
NCBITaxon:1258559	1
NCBITaxon:1258564	1
NCBITaxon:1258574	1
NCBITaxon:1258575	1
NCBITaxon:1258690	1
NCBITaxon:1258691	1
NCBITaxon:1258888	1
NCBITaxon:1258893	1
NCBITaxon:1258920	1
NCBITaxon:1259133	1
NCBITaxon:1259145	1
NCBITaxon:1259150	1
NCBITaxon:1259157	1
NCBITaxon:1259164	1
NCBITaxon:1259175	1
NCBITaxon:1259183	1
NCBITaxon:1259184	1
NCBITaxon:1259189	1
NCBITaxon:1259190	1
NCBITaxon:1259197	1
NCBITaxon:1259198	1
NCBITaxon:1259199	1
NCBITaxon:1259201	1
NCBITaxon:1259202	1
NCBITaxon:1259217	3
NCBITaxon:1259228	1
NCBITaxon:1259235	1
NCBITaxon:1259236	1
NCBITaxon:1259239	1
NCBITaxon:1259247	1
NCBITaxon:1259258	1
NCBITaxon:1259262	1
NCBITaxon:1259464	1
NCBITaxon:1259555	2
NCBITaxon:1259676	2
NCBITaxon:1259813	1
NCBITaxon:1259973	4
NCBITaxon:126	54
NCBITaxon:1260	64
NCBITaxon:1260251	1
NCBITaxon:1260629	4
NCBITaxon:1260918	3
NCBITaxon:1260955	3
NCBITaxon:1260984	2
NCBITaxon:1260987	2
NCBITaxon:1261	35
NCBITaxon:1261031	1
NCBITaxon:1261059	1
NCBITaxon:1261061	1
NCBITaxon:1261062	1
NCBITaxon:1261063	1
NCBITaxon:1261125	1
NCBITaxon:1261129	2
NCBITaxon:1261131	1
NCBITaxon:1261393	2
NCBITaxon:1261403	4
NCBITaxon:1261545	1
NCBITaxon:1261553	1
NCBITaxon:1261555	1
NCBITaxon:1261557	1
NCBITaxon:126156	4
NCBITaxon:126157	8
NCBITaxon:1261601	1
NCBITaxon:1262	2
NCBITaxon:1262136	1
NCBITaxon:1262161	1
NCBITaxon:1262400	3
NCBITaxon:1262449	6
NCBITaxon:1262456	1
NCBITaxon:1262462	1
NCBITaxon:1262463	1
NCBITaxon:1262464	1
NCBITaxon:1262465	1
NCBITaxon:1262466	1
NCBITaxon:1262467	1
NCBITaxon:1262550	4
NCBITaxon:1262554	4
NCBITaxon:1262583	3
NCBITaxon:1262585	2
NCBITaxon:1262652	1
NCBITaxon:1262654	1
NCBITaxon:1262966	1
NCBITaxon:1262973	3
NCBITaxon:1263	570
NCBITaxon:1263062	1
NCBITaxon:1263063	1
NCBITaxon:1263064	1
NCBITaxon:1263067	1
NCBITaxon:1263076	1
NCBITaxon:1263079	1
NCBITaxon:1263102	1
NCBITaxon:1263106	1
NCBITaxon:1263194	1
NCBITaxon:1263195	1
NCBITaxon:126333	2
NCBITaxon:1263410	1
NCBITaxon:126344	6
NCBITaxon:126345	6
NCBITaxon:126348	5
NCBITaxon:126350	5
NCBITaxon:1263550	23
NCBITaxon:1263636	4
NCBITaxon:1263637	5
NCBITaxon:1263718	1
NCBITaxon:126385	51
NCBITaxon:1263854	1
NCBITaxon:1263863	1
NCBITaxon:1263865	2
NCBITaxon:1263869	2
NCBITaxon:1263870	1
NCBITaxon:1264	11
NCBITaxon:1264579	1
NCBITaxon:1264899	3
NCBITaxon:1264931	1
NCBITaxon:1265	53
NCBITaxon:1265302	1
NCBITaxon:1265307	1
NCBITaxon:1265310	2
NCBITaxon:1265311	2
NCBITaxon:1265350	1
NCBITaxon:1265445	3
NCBITaxon:1265478	1
NCBITaxon:1265498	1
NCBITaxon:1265500	1
NCBITaxon:1265601	2
NCBITaxon:1265611	1
NCBITaxon:1265612	1
NCBITaxon:1265613	1
NCBITaxon:1265614	1
NCBITaxon:1265615	1
NCBITaxon:1265616	1
NCBITaxon:1265617	1
NCBITaxon:1265618	1
NCBITaxon:1265619	1
NCBITaxon:1265620	1
NCBITaxon:1265621	1
NCBITaxon:1265622	1
NCBITaxon:1265623	1
NCBITaxon:1265624	1
NCBITaxon:1265625	1
NCBITaxon:1265626	1
NCBITaxon:1265627	1
NCBITaxon:1265628	1
NCBITaxon:1265629	1
NCBITaxon:1265630	1
NCBITaxon:1265631	1
NCBITaxon:1265632	1
NCBITaxon:1265633	1
NCBITaxon:1265634	1
NCBITaxon:1265635	1
NCBITaxon:1265636	1
NCBITaxon:1265637	1
NCBITaxon:1265638	1
NCBITaxon:1265639	1
NCBITaxon:1265640	1
NCBITaxon:1265641	1
NCBITaxon:1265642	1
NCBITaxon:1265643	1
NCBITaxon:1265644	1
NCBITaxon:1265645	1
NCBITaxon:1265646	1
NCBITaxon:1265647	1
NCBITaxon:1265648	1
NCBITaxon:1265649	1
NCBITaxon:1265650	1
NCBITaxon:1265651	1
NCBITaxon:1265652	1
NCBITaxon:1265653	1
NCBITaxon:1265654	1
NCBITaxon:1265655	1
NCBITaxon:1265656	1
NCBITaxon:1265657	1
NCBITaxon:1265658	1
NCBITaxon:1265659	1
NCBITaxon:1265660	1
NCBITaxon:1265661	1
NCBITaxon:1265662	1
NCBITaxon:1265663	1
NCBITaxon:1265664	1
NCBITaxon:1265665	1
NCBITaxon:1265666	1
NCBITaxon:1265667	1
NCBITaxon:1265668	1
NCBITaxon:1265669	1
NCBITaxon:1265670	1
NCBITaxon:1265671	1
NCBITaxon:1265672	1
NCBITaxon:1265673	1
NCBITaxon:1265674	1
NCBITaxon:1265675	1
NCBITaxon:1265676	1
NCBITaxon:1265677	1
NCBITaxon:1265678	1
NCBITaxon:1265679	1
NCBITaxon:1265680	1
NCBITaxon:1265681	1
NCBITaxon:1265682	1
NCBITaxon:1265685	2
NCBITaxon:126569	14
NCBITaxon:1265738	2
NCBITaxon:1265739	2
NCBITaxon:1265740	3
NCBITaxon:1265756	1
NCBITaxon:1265757	1
NCBITaxon:1265816	1
NCBITaxon:1265819	1
NCBITaxon:1265820	1
NCBITaxon:1265823	2
NCBITaxon:1265845	1
NCBITaxon:1265846	1
NCBITaxon:1265931	4
NCBITaxon:1265935	4
NCBITaxon:1266046	1
NCBITaxon:1266052	1
NCBITaxon:1266053	2
NCBITaxon:1266064	1
NCBITaxon:1266529	314
NCBITaxon:1266600	1
NCBITaxon:1266648	2
NCBITaxon:1266716	1
NCBITaxon:1266720	3
NCBITaxon:126673	6
NCBITaxon:1266744	1
NCBITaxon:1266766	4
NCBITaxon:1266770	6
NCBITaxon:1266771	5
NCBITaxon:1266772	5
NCBITaxon:1266829	4
NCBITaxon:1266845	1
NCBITaxon:1266854	1
NCBITaxon:1266918	1
NCBITaxon:1266922	1
NCBITaxon:1266997	1
NCBITaxon:1267	9
NCBITaxon:1267000	2
NCBITaxon:1267006	1
NCBITaxon:1267021	6
NCBITaxon:126712	3
NCBITaxon:1267156	4
NCBITaxon:1267217	2
NCBITaxon:126734	5
NCBITaxon:126738	4
NCBITaxon:1267423	7
NCBITaxon:1267424	1
NCBITaxon:1267534	1
NCBITaxon:1267545	1
NCBITaxon:1267547	1
NCBITaxon:1267564	1
NCBITaxon:1267577	1
NCBITaxon:1267753	1
NCBITaxon:1267766	4
NCBITaxon:1267768	6
NCBITaxon:1267769	5
NCBITaxon:126793	1
NCBITaxon:1268	3
NCBITaxon:1268041	4
NCBITaxon:1268042	4
NCBITaxon:1268043	2
NCBITaxon:1268061	1
NCBITaxon:1268075	1
NCBITaxon:1268236	1
NCBITaxon:1268237	2
NCBITaxon:1268238	1
NCBITaxon:1268254	2
NCBITaxon:1268269	1
NCBITaxon:1268273	4
NCBITaxon:1268296	1
NCBITaxon:1268297	1
NCBITaxon:1268300	1
NCBITaxon:1268301	1
NCBITaxon:1268309	1
NCBITaxon:1268311	1
NCBITaxon:1268312	1
NCBITaxon:1268325	1
NCBITaxon:1268326	1
NCBITaxon:1268327	1
NCBITaxon:1268328	1
NCBITaxon:1268329	1
NCBITaxon:1268332	1
NCBITaxon:1268335	1
NCBITaxon:1268344	1
NCBITaxon:1268346	1
NCBITaxon:126843	4
NCBITaxon:1268548	1
NCBITaxon:1268550	1
NCBITaxon:1268553	6
NCBITaxon:1268635	2
NCBITaxon:1268659	1
NCBITaxon:1268671	4
NCBITaxon:1268974	1
NCBITaxon:1269	4
NCBITaxon:1269275	1
NCBITaxon:1269760	1
NCBITaxon:1269826	1
NCBITaxon:1269837	1
NCBITaxon:1269847	1
NCBITaxon:1269856	1
NCBITaxon:1269889	1
NCBITaxon:1269942	3
NCBITaxon:1269969	1
NCBITaxon:1270	693
NCBITaxon:1271	4
NCBITaxon:1271860	1
NCBITaxon:1271861	1
NCBITaxon:1271862	1
NCBITaxon:1271863	1
NCBITaxon:1271864	1
NCBITaxon:1272	207
NCBITaxon:1273	68
NCBITaxon:1273127	1
NCBITaxon:1273129	1
NCBITaxon:1273130	1
NCBITaxon:1273132	3
NCBITaxon:1273266	1
NCBITaxon:1273268	1
NCBITaxon:1273269	1
NCBITaxon:1273270	1
NCBITaxon:1273272	1
NCBITaxon:1273274	1
NCBITaxon:1273276	1
NCBITaxon:1273279	1
NCBITaxon:1273429	3
NCBITaxon:1273442	5
NCBITaxon:1273541	4
NCBITaxon:1274	14
NCBITaxon:1274297	1
NCBITaxon:1274318	1
NCBITaxon:1274353	1
NCBITaxon:1274356	2
NCBITaxon:1274357	1
NCBITaxon:1274358	2
NCBITaxon:1274359	3
NCBITaxon:1274374	3
NCBITaxon:1274384	3
NCBITaxon:1274402	1
NCBITaxon:127458	3
NCBITaxon:1274631	1
NCBITaxon:1274785	1
NCBITaxon:1274803	1
NCBITaxon:1274985	1
NCBITaxon:1274986	6
NCBITaxon:1274988	6
NCBITaxon:1275	175
NCBITaxon:127520	2
NCBITaxon:127549	1
NCBITaxon:127563	1
NCBITaxon:1275966	1
NCBITaxon:1275967	1
NCBITaxon:1275969	1
NCBITaxon:1275970	1
NCBITaxon:1275971	1
NCBITaxon:1275972	1
NCBITaxon:1275973	1
NCBITaxon:1275974	1
NCBITaxon:1275975	1
NCBITaxon:1275976	1
NCBITaxon:1275977	1
NCBITaxon:1276	47
NCBITaxon:1276110	1
NCBITaxon:1276169	1
NCBITaxon:1276170	1
NCBITaxon:1276282	1
NCBITaxon:1276504	1
NCBITaxon:1276532	1
NCBITaxon:1276537	1
NCBITaxon:1276547	1
NCBITaxon:1276757	3
NCBITaxon:1276888	1
NCBITaxon:1276890	1
NCBITaxon:1276936	17
NCBITaxon:1277351	5
NCBITaxon:1277353	2
NCBITaxon:1277598	1
NCBITaxon:1277602	1
NCBITaxon:1278157	1
NCBITaxon:1278207	3
NCBITaxon:1278212	1
NCBITaxon:1278232	4
NCBITaxon:1278244	1
NCBITaxon:1278299	1
NCBITaxon:1278308	1
NCBITaxon:127886	2
NCBITaxon:1278899	3
NCBITaxon:127891	3
NCBITaxon:1278974	2
NCBITaxon:1278977	1
NCBITaxon:1279	51
NCBITaxon:1279005	1
NCBITaxon:1279006	1
NCBITaxon:1279011	1
NCBITaxon:1279014	1
NCBITaxon:1279016	1
NCBITaxon:1279018	2
NCBITaxon:1279027	1
NCBITaxon:1279038	1
NCBITaxon:127906	42
NCBITaxon:1279086	1
NCBITaxon:1279114	1
NCBITaxon:1279115	1
NCBITaxon:1279116	1
NCBITaxon:1279365	1
NCBITaxon:1279388	1
NCBITaxon:1279460	1
NCBITaxon:1279475	1
NCBITaxon:1279476	1
NCBITaxon:1279477	1
NCBITaxon:1279478	1
NCBITaxon:1279479	1
NCBITaxon:1279480	1
NCBITaxon:1279481	1
NCBITaxon:1279482	1
NCBITaxon:1279483	1
NCBITaxon:1279484	1
NCBITaxon:127956	1
NCBITaxon:1280	9995
NCBITaxon:1280000	1
NCBITaxon:128019	1
NCBITaxon:128022	1
NCBITaxon:1280370	1
NCBITaxon:1280375	4
NCBITaxon:1280376	3
NCBITaxon:1280390	3
NCBITaxon:1280514	1
NCBITaxon:1280572	2
NCBITaxon:1280598	1
NCBITaxon:1280637	3
NCBITaxon:1280690	1
NCBITaxon:1280695	1
NCBITaxon:1280704	1
NCBITaxon:1280705	1
NCBITaxon:1280706	1
NCBITaxon:1280831	2
NCBITaxon:1280832	5
NCBITaxon:1280837	2
NCBITaxon:1280843	4
NCBITaxon:1280846	4
NCBITaxon:1280847	5
NCBITaxon:1280935	1
NCBITaxon:1280941	3
NCBITaxon:1280946	1
NCBITaxon:1280947	1
NCBITaxon:1280948	1
NCBITaxon:1281	87
NCBITaxon:128104	4
NCBITaxon:1281282	1
NCBITaxon:1281283	1
NCBITaxon:1281284	1
NCBITaxon:1281308	1
NCBITaxon:1281486	6
NCBITaxon:128152	2
NCBITaxon:1281747	2
NCBITaxon:1281767	3
NCBITaxon:1281778	1
NCBITaxon:1281779	1
NCBITaxon:1281780	1
NCBITaxon:1281781	1
NCBITaxon:1281900	1
NCBITaxon:1281902	1
NCBITaxon:1282	1290
NCBITaxon:1282276	1
NCBITaxon:1282359	1
NCBITaxon:1282438	4
NCBITaxon:1282440	4
NCBITaxon:1282662	1
NCBITaxon:1282664	1
NCBITaxon:1282665	3
NCBITaxon:1282736	4
NCBITaxon:1282737	1
NCBITaxon:1282858	4
NCBITaxon:1282863	3
NCBITaxon:1282876	1
NCBITaxon:1282883	3
NCBITaxon:1282885	3
NCBITaxon:1283	415
NCBITaxon:1283280	1
NCBITaxon:1283284	1
NCBITaxon:1283291	7
NCBITaxon:1283306	4
NCBITaxon:1283309	1
NCBITaxon:1283313	2
NCBITaxon:1283841	1
NCBITaxon:1284	10
NCBITaxon:128403	2
NCBITaxon:128405	1
NCBITaxon:1284222	1
NCBITaxon:1284233	1
NCBITaxon:1284234	1
NCBITaxon:1284235	1
NCBITaxon:1284236	1
NCBITaxon:1284237	1
NCBITaxon:128434	9
NCBITaxon:1284353	1
NCBITaxon:1284392	1
NCBITaxon:1284393	1
NCBITaxon:128442	7
NCBITaxon:1284657	13
NCBITaxon:1284658	1
NCBITaxon:1284675	4
NCBITaxon:1284702	1
NCBITaxon:1285	65
NCBITaxon:128509	1
NCBITaxon:1285189	1
NCBITaxon:1285191	3
NCBITaxon:1285192	4
NCBITaxon:1285193	3
NCBITaxon:1285242	3
NCBITaxon:1285375	1
NCBITaxon:1285465	3
NCBITaxon:1285582	1
NCBITaxon:128574	6
NCBITaxon:1285900	3
NCBITaxon:1285901	1
NCBITaxon:1285924	4
NCBITaxon:1285928	3
NCBITaxon:1285929	4
NCBITaxon:1285931	1
NCBITaxon:1285932	1
NCBITaxon:1285936	1
NCBITaxon:1286	172
NCBITaxon:1286148	4
NCBITaxon:1286170	2
NCBITaxon:1286171	1
NCBITaxon:1286180	4
NCBITaxon:1286181	3
NCBITaxon:1286186	1
NCBITaxon:1286189	1
NCBITaxon:1286190	1
NCBITaxon:1286226	2
NCBITaxon:1286230	3
NCBITaxon:1286334	1
NCBITaxon:1286341	1
NCBITaxon:1286348	1
NCBITaxon:1286362	2
NCBITaxon:1286373	1
NCBITaxon:1286404	1
NCBITaxon:1286406	1
NCBITaxon:1286407	1
NCBITaxon:1286408	1
NCBITaxon:1286409	1
NCBITaxon:1286410	1
NCBITaxon:1286411	1
NCBITaxon:1286528	1
NCBITaxon:1286631	1
NCBITaxon:1286635	2
NCBITaxon:1286695	4
NCBITaxon:1286698	5
NCBITaxon:1286817	1
NCBITaxon:1286818	1
NCBITaxon:1286820	1
NCBITaxon:1286824	1
NCBITaxon:1286842	1
NCBITaxon:1286877	2
NCBITaxon:1286919	1
NCBITaxon:1286920	1
NCBITaxon:1286938	4
NCBITaxon:1287055	2
NCBITaxon:1287068	11
NCBITaxon:1287488	1
NCBITaxon:1287640	1
NCBITaxon:1287657	3
NCBITaxon:1287682	2
NCBITaxon:1287690	1
NCBITaxon:1287720	1
NCBITaxon:1287727	4
NCBITaxon:1287735	4
NCBITaxon:1287736	5
NCBITaxon:1287737	2
NCBITaxon:1287738	5
NCBITaxon:128780	9
NCBITaxon:128782	5
NCBITaxon:128785	10
NCBITaxon:1287877	1
NCBITaxon:1287878	3
NCBITaxon:1287882	1
NCBITaxon:1287883	1
NCBITaxon:1287884	1
NCBITaxon:1287885	1
NCBITaxon:1287886	1
NCBITaxon:1287888	1
NCBITaxon:1287889	1
NCBITaxon:1287890	1
NCBITaxon:1287891	1
NCBITaxon:1288	162
NCBITaxon:128802	3
NCBITaxon:1288054	1
NCBITaxon:1288055	1
NCBITaxon:1288056	1
NCBITaxon:1288057	1
NCBITaxon:1288058	1
NCBITaxon:1288059	1
NCBITaxon:1288060	1
NCBITaxon:1288061	1
NCBITaxon:1288062	1
NCBITaxon:1288063	1
NCBITaxon:1288064	1
NCBITaxon:1288065	1
NCBITaxon:1288066	1
NCBITaxon:1288067	1
NCBITaxon:1288068	1
NCBITaxon:1288069	1
NCBITaxon:1288070	1
NCBITaxon:1288071	1
NCBITaxon:1288072	1
NCBITaxon:1288073	1
NCBITaxon:1288074	1
NCBITaxon:1288075	1
NCBITaxon:1288076	1
NCBITaxon:1288077	1
NCBITaxon:1288078	1
NCBITaxon:1288120	2
NCBITaxon:1288121	8
NCBITaxon:1288122	1
NCBITaxon:128827	28
NCBITaxon:1288385	6
NCBITaxon:1288386	1
NCBITaxon:1288388	4
NCBITaxon:1288389	1
NCBITaxon:1288391	1
NCBITaxon:1288392	5
NCBITaxon:1288393	4
NCBITaxon:1288410	11
NCBITaxon:1288484	1
NCBITaxon:1288493	1
NCBITaxon:1288494	2
NCBITaxon:1288495	5
NCBITaxon:1288636	4
NCBITaxon:1288825	2
NCBITaxon:1288907	1
NCBITaxon:1288908	1
NCBITaxon:1288909	1
NCBITaxon:1288955	1
NCBITaxon:1288966	1
NCBITaxon:1288967	1
NCBITaxon:1288968	1
NCBITaxon:1288969	1
NCBITaxon:1288971	1
NCBITaxon:1289170	4
NCBITaxon:128936	3
NCBITaxon:128944	6
NCBITaxon:128945	2
NCBITaxon:1289519	3
NCBITaxon:1289589	1
NCBITaxon:1289965	1
NCBITaxon:1290	380
NCBITaxon:129001	1
NCBITaxon:1290095	3
NCBITaxon:1290427	1
NCBITaxon:1290428	1
NCBITaxon:1290429	1
NCBITaxon:1290430	1
NCBITaxon:129052	3
NCBITaxon:1290553	8
NCBITaxon:12908	108
NCBITaxon:1290885	1
NCBITaxon:1290997	2
NCBITaxon:1290998	1
NCBITaxon:1290999	1
NCBITaxon:1291048	1
NCBITaxon:1291049	1
NCBITaxon:1291052	1
NCBITaxon:1291205	1
NCBITaxon:1291206	1
NCBITaxon:1291207	1
NCBITaxon:1291233	1
NCBITaxon:1291234	1
NCBITaxon:1291304	1
NCBITaxon:1291307	1
NCBITaxon:1291308	1
NCBITaxon:1291309	1
NCBITaxon:1291310	1
NCBITaxon:1291315	1
NCBITaxon:1291316	1
NCBITaxon:1291317	1
NCBITaxon:1291318	1
NCBITaxon:1291319	1
NCBITaxon:129132	2
NCBITaxon:1291320	1
NCBITaxon:1291321	1
NCBITaxon:1291322	1
NCBITaxon:1291323	1
NCBITaxon:1291324	1
NCBITaxon:1291325	1
NCBITaxon:1291326	1
NCBITaxon:1291327	1
NCBITaxon:1291328	1
NCBITaxon:1291329	1
NCBITaxon:1291330	1
NCBITaxon:1291331	1
NCBITaxon:1291332	1
NCBITaxon:1291333	1
NCBITaxon:1291334	1
NCBITaxon:1291335	1
NCBITaxon:1291336	1
NCBITaxon:1291337	1
NCBITaxon:1291338	1
NCBITaxon:1291339	1
NCBITaxon:1291340	1
NCBITaxon:1291341	1
NCBITaxon:1291342	1
NCBITaxon:1291343	1
NCBITaxon:1291344	1
NCBITaxon:1291345	1
NCBITaxon:1291346	1
NCBITaxon:1291347	1
NCBITaxon:1291348	1
NCBITaxon:1291349	1
NCBITaxon:129135	1
NCBITaxon:1291351	1
NCBITaxon:1291352	1
NCBITaxon:1291353	1
NCBITaxon:1291354	1
NCBITaxon:1291355	1
NCBITaxon:1291356	1
NCBITaxon:1291357	1
NCBITaxon:1291358	1
NCBITaxon:1291359	1
NCBITaxon:129136	2
NCBITaxon:1291360	1
NCBITaxon:1291361	1
NCBITaxon:1291362	1
NCBITaxon:1291363	1
NCBITaxon:1291364	1
NCBITaxon:1291365	1
NCBITaxon:1291366	1
NCBITaxon:129137	1
NCBITaxon:1291379	1
NCBITaxon:129138	18
NCBITaxon:129139	6
NCBITaxon:12914	2
NCBITaxon:129140	4
NCBITaxon:12915	3
NCBITaxon:1291539	2
NCBITaxon:1291540	2
NCBITaxon:1291555	4
NCBITaxon:1291556	4
NCBITaxon:12916	19
NCBITaxon:12917	3
NCBITaxon:1291742	1
NCBITaxon:1291743	1
NCBITaxon:1291762	1
NCBITaxon:1291764	1
NCBITaxon:1292	243
NCBITaxon:1292026	1
NCBITaxon:1292027	1
NCBITaxon:1292035	1
NCBITaxon:1292036	2
NCBITaxon:1292044	2
NCBITaxon:1292045	3
NCBITaxon:1292046	1
NCBITaxon:1292047	1
NCBITaxon:1292048	1
NCBITaxon:1292358	1
NCBITaxon:1292359	1
NCBITaxon:1292388	1
NCBITaxon:1292389	1
NCBITaxon:1292390	1
NCBITaxon:1292391	1
NCBITaxon:1293	30
NCBITaxon:1293032	2
NCBITaxon:1293035	1
NCBITaxon:1293036	1
NCBITaxon:1293037	2
NCBITaxon:1293047	3
NCBITaxon:1293048	3
NCBITaxon:1293054	3
NCBITaxon:129314	3
NCBITaxon:1293288	1
NCBITaxon:1293289	1
NCBITaxon:129337	6
NCBITaxon:129338	24
NCBITaxon:129339	5
NCBITaxon:12934	2
NCBITaxon:1293412	1
NCBITaxon:1293415	2
NCBITaxon:1293431	1
NCBITaxon:1293439	5
NCBITaxon:1293440	4
NCBITaxon:1293441	4
NCBITaxon:1293442	4
NCBITaxon:1293497	9
NCBITaxon:1293499	12
NCBITaxon:129350	1
NCBITaxon:1293500	1
NCBITaxon:1293573	1
NCBITaxon:1293576	1
NCBITaxon:1293592	2
NCBITaxon:1293597	3
NCBITaxon:1293598	2
NCBITaxon:129364	4
NCBITaxon:1293826	2
NCBITaxon:1293890	1
NCBITaxon:1293891	1
NCBITaxon:1293895	1
NCBITaxon:1293896	1
NCBITaxon:1293897	1
NCBITaxon:129394	16
NCBITaxon:1294	5
NCBITaxon:1294027	1
NCBITaxon:1294028	1
NCBITaxon:1294029	1
NCBITaxon:1294030	1
NCBITaxon:1294031	1
NCBITaxon:1294032	1
NCBITaxon:1294033	1
NCBITaxon:1294034	1
NCBITaxon:1294035	1
NCBITaxon:1294036	1
NCBITaxon:1294037	1
NCBITaxon:1294038	1
NCBITaxon:1294039	1
NCBITaxon:1294121	1
NCBITaxon:1294122	1
NCBITaxon:1294123	1
NCBITaxon:1294143	1
NCBITaxon:1294148	2
NCBITaxon:1294262	4
NCBITaxon:1294264	2
NCBITaxon:1294267	1
NCBITaxon:1294268	1
NCBITaxon:1294273	1
NCBITaxon:1294296	1
NCBITaxon:1294297	1
NCBITaxon:1294299	1
NCBITaxon:1294629	1
NCBITaxon:1294630	1
NCBITaxon:1294640	1
NCBITaxon:1294688	1
NCBITaxon:1295	17
NCBITaxon:1295010	1
NCBITaxon:1295096	15
NCBITaxon:1295126	2
NCBITaxon:1295129	1
NCBITaxon:1295139	1
NCBITaxon:1295366	2
NCBITaxon:1295373	1
NCBITaxon:1295392	2
NCBITaxon:1295394	2
NCBITaxon:1295400	1
NCBITaxon:1295528	1
NCBITaxon:1295531	1
NCBITaxon:1295532	1
NCBITaxon:1295534	4
NCBITaxon:1295550	1
NCBITaxon:1295565	1
NCBITaxon:1295604	1
NCBITaxon:1295605	1
NCBITaxon:1295612	3
NCBITaxon:1295614	1
NCBITaxon:1295616	1
NCBITaxon:1295642	1
NCBITaxon:1295720	1
NCBITaxon:1295721	1
NCBITaxon:1295723	1
NCBITaxon:1295724	1
NCBITaxon:1295725	1
NCBITaxon:1295726	1
NCBITaxon:1295727	1
NCBITaxon:1295739	1
NCBITaxon:1295740	1
NCBITaxon:1295742	1
NCBITaxon:1295744	1
NCBITaxon:1295745	1
NCBITaxon:1295746	1
NCBITaxon:1295747	1
NCBITaxon:1295751	1
NCBITaxon:1295753	1
NCBITaxon:1295756	1
NCBITaxon:1295757	1
NCBITaxon:1295758	1
NCBITaxon:1295759	1
NCBITaxon:1295760	1
NCBITaxon:1295763	1
NCBITaxon:1295764	1
NCBITaxon:1295765	1
NCBITaxon:1295766	1
NCBITaxon:1295767	1
NCBITaxon:1295769	1
NCBITaxon:1295771	1
NCBITaxon:1295772	1
NCBITaxon:1295773	1
NCBITaxon:1295774	1
NCBITaxon:1295775	1
NCBITaxon:1295776	1
NCBITaxon:129578	5
NCBITaxon:1295781	1
NCBITaxon:1295782	1
NCBITaxon:1295790	1
NCBITaxon:1295791	1
NCBITaxon:1295792	1
NCBITaxon:1295795	1
NCBITaxon:1295796	1
NCBITaxon:129581	2
NCBITaxon:129582	1
NCBITaxon:1295826	1
NCBITaxon:1295827	1
NCBITaxon:1295829	1
NCBITaxon:1295830	1
NCBITaxon:1295831	1
NCBITaxon:1295833	1
NCBITaxon:1295834	1
NCBITaxon:1295835	1
NCBITaxon:1295838	1
NCBITaxon:1295839	1
NCBITaxon:1295840	1
NCBITaxon:1295841	1
NCBITaxon:1295842	1
NCBITaxon:1295843	1
NCBITaxon:1295844	1
NCBITaxon:1295845	1
NCBITaxon:1295846	1
NCBITaxon:1295847	1
NCBITaxon:1295848	1
NCBITaxon:1295849	1
NCBITaxon:129585	2
NCBITaxon:1295850	1
NCBITaxon:1295851	1
NCBITaxon:1295852	1
NCBITaxon:1295853	1
NCBITaxon:1295854	1
NCBITaxon:1295855	1
NCBITaxon:1295856	1
NCBITaxon:1295857	1
NCBITaxon:1295858	1
NCBITaxon:1295859	1
NCBITaxon:129586	1
NCBITaxon:1295860	1
NCBITaxon:1295861	1
NCBITaxon:1295862	1
NCBITaxon:1295863	1
NCBITaxon:1295864	1
NCBITaxon:1295865	1
NCBITaxon:1295866	1
NCBITaxon:1295867	1
NCBITaxon:1295868	1
NCBITaxon:1295869	1
NCBITaxon:1295870	1
NCBITaxon:1295871	1
NCBITaxon:1295872	1
NCBITaxon:1295873	1
NCBITaxon:1295874	1
NCBITaxon:1295875	1
NCBITaxon:1295876	1
NCBITaxon:1295877	1
NCBITaxon:1295878	1
NCBITaxon:1295879	1
NCBITaxon:1295880	1
NCBITaxon:1295881	1
NCBITaxon:1295882	1
NCBITaxon:1295883	1
NCBITaxon:1295884	1
NCBITaxon:1295885	1
NCBITaxon:1295886	1
NCBITaxon:1295887	1
NCBITaxon:1295888	1
NCBITaxon:1295889	1
NCBITaxon:1295890	1
NCBITaxon:1295891	1
NCBITaxon:1295892	1
NCBITaxon:1295893	1
NCBITaxon:1295894	1
NCBITaxon:1295895	1
NCBITaxon:1295896	1
NCBITaxon:1295897	1
NCBITaxon:1295898	1
NCBITaxon:1295899	1
NCBITaxon:1295900	1
NCBITaxon:1295901	1
NCBITaxon:1295902	1
NCBITaxon:1295903	1
NCBITaxon:1295904	1
NCBITaxon:1295905	1
NCBITaxon:1295906	1
NCBITaxon:1295907	1
NCBITaxon:1295908	1
NCBITaxon:1295909	1
NCBITaxon:1295910	1
NCBITaxon:1295911	1
NCBITaxon:1295912	1
NCBITaxon:1295913	1
NCBITaxon:1295914	1
NCBITaxon:1295915	1
NCBITaxon:1295916	1
NCBITaxon:1295917	1
NCBITaxon:1295918	1
NCBITaxon:1295919	1
NCBITaxon:1295920	1
NCBITaxon:1295921	1
NCBITaxon:1295922	1
NCBITaxon:1295923	1
NCBITaxon:1295924	1
NCBITaxon:1295925	1
NCBITaxon:1295926	1
NCBITaxon:1295927	1
NCBITaxon:1295928	1
NCBITaxon:1295929	1
NCBITaxon:1295930	1
NCBITaxon:1295931	1
NCBITaxon:1295932	1
NCBITaxon:1295933	1
NCBITaxon:1295934	1
NCBITaxon:1295935	1
NCBITaxon:1295936	1
NCBITaxon:1295937	1
NCBITaxon:1295938	1
NCBITaxon:1295939	1
NCBITaxon:1295940	1
NCBITaxon:1295941	1
NCBITaxon:1295942	1
NCBITaxon:1295943	1
NCBITaxon:1295944	1
NCBITaxon:1295945	1
NCBITaxon:1295946	1
NCBITaxon:1295947	1
NCBITaxon:1295948	1
NCBITaxon:1295949	1
NCBITaxon:1295950	1
NCBITaxon:1295951	1
NCBITaxon:1295952	1
NCBITaxon:1295953	1
NCBITaxon:1295955	1
NCBITaxon:1295956	1
NCBITaxon:1295957	1
NCBITaxon:1295958	1
NCBITaxon:1295959	1
NCBITaxon:1295960	1
NCBITaxon:1295961	1
NCBITaxon:1295962	1
NCBITaxon:1295963	1
NCBITaxon:1295964	1
NCBITaxon:1295965	1
NCBITaxon:1295966	1
NCBITaxon:1295967	1
NCBITaxon:1295968	1
NCBITaxon:1295969	1
NCBITaxon:1295970	1
NCBITaxon:1295971	1
NCBITaxon:1295972	1
NCBITaxon:1295973	1
NCBITaxon:1295974	1
NCBITaxon:1295975	1
NCBITaxon:1295976	1
NCBITaxon:1295977	1
NCBITaxon:1295978	1
NCBITaxon:1295979	1
NCBITaxon:1295980	1
NCBITaxon:1295981	1
NCBITaxon:1295982	1
NCBITaxon:1295983	1
NCBITaxon:1295984	1
NCBITaxon:1295985	1
NCBITaxon:1295986	1
NCBITaxon:1295987	1
NCBITaxon:1295988	1
NCBITaxon:1295989	1
NCBITaxon:1295990	1
NCBITaxon:1295991	1
NCBITaxon:1295992	1
NCBITaxon:1295993	1
NCBITaxon:1295994	1
NCBITaxon:1295995	1
NCBITaxon:1295996	1
NCBITaxon:1295997	1
NCBITaxon:1295998	1
NCBITaxon:1295999	1
NCBITaxon:1296	212
NCBITaxon:12960	2
NCBITaxon:1296000	1
NCBITaxon:1296001	1
NCBITaxon:1296002	1
NCBITaxon:1296003	1
NCBITaxon:1296004	1
NCBITaxon:1296005	1
NCBITaxon:1296006	1
NCBITaxon:1296007	1
NCBITaxon:1296008	1
NCBITaxon:1296009	1
NCBITaxon:1296010	1
NCBITaxon:1296011	1
NCBITaxon:1296012	1
NCBITaxon:1296013	1
NCBITaxon:1296014	1
NCBITaxon:1296015	1
NCBITaxon:1296016	1
NCBITaxon:1296017	1
NCBITaxon:1296018	1
NCBITaxon:1296019	1
NCBITaxon:1296020	1
NCBITaxon:1296021	1
NCBITaxon:1296022	1
NCBITaxon:1296023	1
NCBITaxon:1296024	1
NCBITaxon:1296025	1
NCBITaxon:1296026	1
NCBITaxon:1296027	1
NCBITaxon:1296028	1
NCBITaxon:1296029	1
NCBITaxon:1296030	1
NCBITaxon:1296031	1
NCBITaxon:1296032	1
NCBITaxon:1296033	1
NCBITaxon:1296034	1
NCBITaxon:1296035	1
NCBITaxon:1296036	1
NCBITaxon:1296037	1
NCBITaxon:1296038	1
NCBITaxon:1296039	1
NCBITaxon:1296040	1
NCBITaxon:1296044	1
NCBITaxon:1296045	1
NCBITaxon:1296046	1
NCBITaxon:1296047	1
NCBITaxon:1296048	1
NCBITaxon:1296049	1
NCBITaxon:1296050	1
NCBITaxon:1296051	1
NCBITaxon:1296052	1
NCBITaxon:1296053	1
NCBITaxon:1296054	1
NCBITaxon:1296055	1
NCBITaxon:1296056	1
NCBITaxon:1296101	1
NCBITaxon:1296104	1
NCBITaxon:1296105	1
NCBITaxon:1296106	1
NCBITaxon:1296107	1
NCBITaxon:1296109	1
NCBITaxon:1296110	1
NCBITaxon:1296111	1
NCBITaxon:1296117	1
NCBITaxon:1296272	1
NCBITaxon:1296349	1
NCBITaxon:1296375	3
NCBITaxon:1296415	5
NCBITaxon:1296536	219
NCBITaxon:1296537	5
NCBITaxon:1296538	7
NCBITaxon:1296539	5
NCBITaxon:1296540	2
NCBITaxon:1296565	11
NCBITaxon:129658	1
NCBITaxon:1296619	1
NCBITaxon:1296625	1
NCBITaxon:1296669	5
NCBITaxon:12968	1
NCBITaxon:1297	7
NCBITaxon:129707	1
NCBITaxon:1297121	2
NCBITaxon:129729	1
NCBITaxon:1297424	3
NCBITaxon:1297534	1
NCBITaxon:1297587	1
NCBITaxon:1297617	17
NCBITaxon:1297649	1
NCBITaxon:1297652	1
NCBITaxon:1297653	1
NCBITaxon:1297654	1
NCBITaxon:1297655	1
NCBITaxon:1297656	1
NCBITaxon:1297657	1
NCBITaxon:1297659	1
NCBITaxon:1297742	1
NCBITaxon:1297750	3
NCBITaxon:1297793	1
NCBITaxon:1297857	1
NCBITaxon:1297866	1
NCBITaxon:1297867	1
NCBITaxon:1297868	1
NCBITaxon:129789	3
NCBITaxon:1298	2
NCBITaxon:129817	11
NCBITaxon:129847	8
NCBITaxon:1298597	1
NCBITaxon:1298605	1
NCBITaxon:129871	1
NCBITaxon:1298735	1
NCBITaxon:1298767	3
NCBITaxon:1298857	1
NCBITaxon:1298869	1
NCBITaxon:1298871	1
NCBITaxon:1298876	1
NCBITaxon:1298881	1
NCBITaxon:1298883	1
NCBITaxon:1298915	2
NCBITaxon:1298917	1
NCBITaxon:1298921	1
NCBITaxon:1298959	3
NCBITaxon:1298963	1
NCBITaxon:1299	38
NCBITaxon:1299036	1
NCBITaxon:1299037	1
NCBITaxon:1299038	1
NCBITaxon:1299039	1
NCBITaxon:1299040	2
NCBITaxon:1299041	2
NCBITaxon:1299042	1
NCBITaxon:1299043	1
NCBITaxon:1299044	1
NCBITaxon:1299045	1
NCBITaxon:1299046	1
NCBITaxon:1299047	1
NCBITaxon:1299048	1
NCBITaxon:1299049	1
NCBITaxon:1299050	1
NCBITaxon:1299051	1
NCBITaxon:1299052	1
NCBITaxon:1299053	1
NCBITaxon:1299076	1
NCBITaxon:1299085	1
NCBITaxon:1299088	1
NCBITaxon:1299094	1
NCBITaxon:1299114	1
NCBITaxon:1299119	1
NCBITaxon:1299124	1
NCBITaxon:1299153	1
NCBITaxon:1299159	1
NCBITaxon:1299160	1
NCBITaxon:1299164	1
NCBITaxon:1299165	1
NCBITaxon:1299166	1
NCBITaxon:1299167	1
NCBITaxon:1299169	1
NCBITaxon:1299170	1
NCBITaxon:1299171	1
NCBITaxon:1299172	1
NCBITaxon:1299173	1
NCBITaxon:1299174	1
NCBITaxon:1299175	1
NCBITaxon:129921	7
NCBITaxon:129922	2
NCBITaxon:1299231	1
NCBITaxon:1299281	1
NCBITaxon:1299291	1
NCBITaxon:1299321	1
NCBITaxon:1299325	1
NCBITaxon:1299329	2
NCBITaxon:1299330	2
NCBITaxon:1299332	1
NCBITaxon:1299340	4
NCBITaxon:1299341	3
NCBITaxon:129958	2
NCBITaxon:129975	1
NCBITaxon:129985	8
NCBITaxon:1299998	3
NCBITaxon:1300035	1
NCBITaxon:1300039	3
NCBITaxon:13001	2
NCBITaxon:1300164	1
NCBITaxon:1300165	1
NCBITaxon:1300166	1
NCBITaxon:1300221	1
NCBITaxon:1300227	1
NCBITaxon:1300253	1
NCBITaxon:1300254	1
NCBITaxon:1300255	1
NCBITaxon:1300256	1
NCBITaxon:1300257	1
NCBITaxon:1300258	1
NCBITaxon:1300259	1
NCBITaxon:1300267	3
NCBITaxon:1300272	2
NCBITaxon:1300275	1
NCBITaxon:1300294	1
NCBITaxon:1300302	1
NCBITaxon:1300307	1
NCBITaxon:1300310	1
NCBITaxon:1300339	1
NCBITaxon:1300346	1
NCBITaxon:1300350	3
NCBITaxon:130048	2
NCBITaxon:130049	16
NCBITaxon:130081	14
NCBITaxon:1301	36
NCBITaxon:1301026	4
NCBITaxon:1301087	1
NCBITaxon:1301100	3
NCBITaxon:1301101	2
NCBITaxon:1301102	1
NCBITaxon:1301283	4
NCBITaxon:1301419	1
NCBITaxon:1301832	1
NCBITaxon:1301839	3
NCBITaxon:1301914	1
NCBITaxon:1301915	3
NCBITaxon:1302	202
NCBITaxon:1302235	5
NCBITaxon:1302236	1
NCBITaxon:1302250	1
NCBITaxon:1302286	1
NCBITaxon:1302351	3
NCBITaxon:1302352	2
NCBITaxon:1302376	1
NCBITaxon:1302411	1
NCBITaxon:1302421	1
NCBITaxon:1302613	2
NCBITaxon:1302616	1
NCBITaxon:1302650	1
NCBITaxon:1302658	1
NCBITaxon:1302659	4
NCBITaxon:1302685	3
NCBITaxon:1302687	4
NCBITaxon:1302689	3
NCBITaxon:1302690	3
NCBITaxon:1302712	1
NCBITaxon:1302715	3
NCBITaxon:1302728	3
NCBITaxon:1302730	3
NCBITaxon:1302847	4
NCBITaxon:1302862	1
NCBITaxon:1302863	1
NCBITaxon:1303	172
NCBITaxon:1303024	1
NCBITaxon:1303090	4
NCBITaxon:1303518	8
NCBITaxon:1303579	3
NCBITaxon:1303583	1
NCBITaxon:1303590	9
NCBITaxon:1303678	1
NCBITaxon:1303685	2
NCBITaxon:1303691	1
NCBITaxon:1303715	1
NCBITaxon:1303716	1
NCBITaxon:1303717	1
NCBITaxon:1303720	1
NCBITaxon:1303722	1
NCBITaxon:1303729	1
NCBITaxon:1303768	1
NCBITaxon:1303817	1
NCBITaxon:1303863	3
NCBITaxon:1303912	1
NCBITaxon:1303921	1
NCBITaxon:1303940	1
NCBITaxon:1304	462
NCBITaxon:1304134	1
NCBITaxon:1304135	1
NCBITaxon:1304137	1
NCBITaxon:1304279	1
NCBITaxon:1304284	4
NCBITaxon:1304694	1
NCBITaxon:1304712	1
NCBITaxon:1304713	1
NCBITaxon:1304720	1
NCBITaxon:1304721	1
NCBITaxon:1304722	1
NCBITaxon:1304723	1
NCBITaxon:1304724	1
NCBITaxon:1304725	1
NCBITaxon:1304726	1
NCBITaxon:1304727	1
NCBITaxon:1304728	1
NCBITaxon:1304729	1
NCBITaxon:1304730	1
NCBITaxon:1304750	1
NCBITaxon:1304799	1
NCBITaxon:1304867	1
NCBITaxon:1304872	1
NCBITaxon:1304873	1
NCBITaxon:1304877	1
NCBITaxon:1304878	1
NCBITaxon:1304879	1
NCBITaxon:1304880	1
NCBITaxon:1304888	1
NCBITaxon:1304889	1
NCBITaxon:1304890	2
NCBITaxon:1304904	1
NCBITaxon:1304906	1
NCBITaxon:1304909	1
NCBITaxon:1304910	1
NCBITaxon:1304911	1
NCBITaxon:1304917	1
NCBITaxon:1305	216
NCBITaxon:1305618	1
NCBITaxon:1305625	1
NCBITaxon:1305629	1
NCBITaxon:1305674	5
NCBITaxon:1305675	4
NCBITaxon:1305731	2
NCBITaxon:1305737	1
NCBITaxon:1305738	2
NCBITaxon:1305767	1
NCBITaxon:1305769	1
NCBITaxon:1305843	1
NCBITaxon:1305860	1
NCBITaxon:1305862	1
NCBITaxon:1305863	1
NCBITaxon:1306	2
NCBITaxon:1306023	1
NCBITaxon:1306154	1
NCBITaxon:1306174	1
NCBITaxon:1306175	1
NCBITaxon:1306177	1
NCBITaxon:1306179	1
NCBITaxon:1306181	10
NCBITaxon:1306182	1
NCBITaxon:1306350	1
NCBITaxon:1306391	1
NCBITaxon:1306400	1
NCBITaxon:1306401	1
NCBITaxon:1306406	1
NCBITaxon:1306518	1
NCBITaxon:1306519	1
NCBITaxon:1306852	2
NCBITaxon:1306861	1
NCBITaxon:1306933	1
NCBITaxon:1306948	1
NCBITaxon:1306949	1
NCBITaxon:1306950	1
NCBITaxon:1306990	4
NCBITaxon:1306991	1
NCBITaxon:1306992	2
NCBITaxon:1306993	8
NCBITaxon:1307	1460
NCBITaxon:1307414	1
NCBITaxon:1307427	2
NCBITaxon:1307428	2
NCBITaxon:1307429	1
NCBITaxon:1307441	1
NCBITaxon:1307442	1
NCBITaxon:1307443	1
NCBITaxon:1307444	2
NCBITaxon:1307497	1
NCBITaxon:1307499	1
NCBITaxon:13076	31
NCBITaxon:1307759	2
NCBITaxon:1307761	2
NCBITaxon:1307763	4
NCBITaxon:1307806	1
NCBITaxon:1307807	1
NCBITaxon:1307839	5
NCBITaxon:1307853	1
NCBITaxon:130788	2
NCBITaxon:1307955	6
NCBITaxon:130796	2
NCBITaxon:1308	464
NCBITaxon:130807	1
NCBITaxon:130808	1
NCBITaxon:130809	1
NCBITaxon:130810	2
NCBITaxon:130813	1
NCBITaxon:130814	1
NCBITaxon:130815	1
NCBITaxon:1308539	2
NCBITaxon:1308548	1
NCBITaxon:1308924	4
NCBITaxon:1308956	1
NCBITaxon:1308980	1
NCBITaxon:1309	267
NCBITaxon:1309407	1
NCBITaxon:1309411	7
NCBITaxon:1309686	1
NCBITaxon:1309795	3
NCBITaxon:1310	52
NCBITaxon:1310128	1
NCBITaxon:1310129	1
NCBITaxon:1310130	1
NCBITaxon:1310131	1
NCBITaxon:1310132	1
NCBITaxon:1310133	1
NCBITaxon:1310157	1
NCBITaxon:1310160	1
NCBITaxon:1310163	1
NCBITaxon:1310165	14
NCBITaxon:1310166	1
NCBITaxon:1310167	1
NCBITaxon:1310416	1
NCBITaxon:1310417	1
NCBITaxon:1310418	2
NCBITaxon:1310421	1
NCBITaxon:1310431	1
NCBITaxon:1310601	1
NCBITaxon:1310603	1
NCBITaxon:1310608	1
NCBITaxon:1310609	1
NCBITaxon:1310615	1
NCBITaxon:1310621	1
NCBITaxon:1310626	1
NCBITaxon:1310637	1
NCBITaxon:1310639	1
NCBITaxon:1310647	1
NCBITaxon:1310651	1
NCBITaxon:1310652	1
NCBITaxon:1310660	1
NCBITaxon:1310670	1
NCBITaxon:1310677	1
NCBITaxon:1310678	1
NCBITaxon:1310680	1
NCBITaxon:1310681	1
NCBITaxon:1310683	1
NCBITaxon:1310685	1
NCBITaxon:1310689	1
NCBITaxon:1310695	1
NCBITaxon:1310696	1
NCBITaxon:1310705	1
NCBITaxon:1310711	1
NCBITaxon:1310720	1
NCBITaxon:1310723	1
NCBITaxon:1310724	1
NCBITaxon:1310728	1
NCBITaxon:1310734	1
NCBITaxon:1310756	1
NCBITaxon:1310761	1
NCBITaxon:1310764	1
NCBITaxon:1310772	1
NCBITaxon:1310773	1
NCBITaxon:1310779	1
NCBITaxon:1310788	1
NCBITaxon:131079	7
NCBITaxon:1310790	1
NCBITaxon:1310791	1
NCBITaxon:1310795	1
NCBITaxon:131080	7
NCBITaxon:131081	7
NCBITaxon:1310824	1
NCBITaxon:1310833	1
NCBITaxon:1310834	1
NCBITaxon:1310905	1
NCBITaxon:1310906	1
NCBITaxon:1310907	1
NCBITaxon:1310908	1
NCBITaxon:1310910	1
NCBITaxon:1310911	1
NCBITaxon:1310912	1
NCBITaxon:1310914	1
NCBITaxon:1311	1400
NCBITaxon:131109	7
NCBITaxon:131110	5
NCBITaxon:131111	141
NCBITaxon:131112	3
NCBITaxon:131113	1
NCBITaxon:1311254	1
NCBITaxon:1311257	5
NCBITaxon:1311263	1
NCBITaxon:1311574	1
NCBITaxon:1311575	1
NCBITaxon:1311576	1
NCBITaxon:1311774	1
NCBITaxon:1311789	1
NCBITaxon:1311790	1
NCBITaxon:1311804	1
NCBITaxon:1311819	1
NCBITaxon:1311821	1
NCBITaxon:1311824	1
NCBITaxon:131190	15
NCBITaxon:1312132	1
NCBITaxon:1312182	5
NCBITaxon:1312183	5
NCBITaxon:1312184	1
NCBITaxon:1312363	1
NCBITaxon:1312364	2
NCBITaxon:1312369	1
NCBITaxon:1312852	3
NCBITaxon:1312901	13
NCBITaxon:1312904	1
NCBITaxon:1312905	3
NCBITaxon:1313	9041
NCBITaxon:131308	1
NCBITaxon:1313172	1
NCBITaxon:131318	5
NCBITaxon:1313211	35
NCBITaxon:1313267	1
NCBITaxon:1313268	1
NCBITaxon:1313271	1
NCBITaxon:1313272	1
NCBITaxon:1313275	1
NCBITaxon:1313276	1
NCBITaxon:1313277	1
NCBITaxon:1313278	1
NCBITaxon:1313279	1
NCBITaxon:1313280	1
NCBITaxon:1313281	1
NCBITaxon:1313282	1
NCBITaxon:1313286	1
NCBITaxon:1313287	1
NCBITaxon:1313288	1
NCBITaxon:1313289	1
NCBITaxon:1313299	1
NCBITaxon:1313308	1
NCBITaxon:1313309	1
NCBITaxon:1313314	1
NCBITaxon:1313315	1
NCBITaxon:13134	3
NCBITaxon:131340	1
NCBITaxon:131363	2
NCBITaxon:131364	1
NCBITaxon:1314	1764
NCBITaxon:1314774	1
NCBITaxon:1314777	1
NCBITaxon:1314796	1
NCBITaxon:1314797	1
NCBITaxon:1314799	1
NCBITaxon:1314803	1
NCBITaxon:1314804	1
NCBITaxon:1314813	1
NCBITaxon:1314814	1
NCBITaxon:1314815	1
NCBITaxon:1314816	5
NCBITaxon:1314818	1
NCBITaxon:1314819	1
NCBITaxon:1314820	1
NCBITaxon:1314821	1
NCBITaxon:1314829	1
NCBITaxon:1314832	1
NCBITaxon:1314845	1
NCBITaxon:1314847	1
NCBITaxon:1314848	1
NCBITaxon:1314850	1
NCBITaxon:1314857	1
NCBITaxon:1314862	1
NCBITaxon:1314863	1
NCBITaxon:1314864	1
NCBITaxon:1314865	1
NCBITaxon:1314868	1
NCBITaxon:1314885	1
NCBITaxon:1315211	5
NCBITaxon:1315271	1
NCBITaxon:1315273	1
NCBITaxon:1315279	1
NCBITaxon:1315314	1
NCBITaxon:131540	2
NCBITaxon:131541	1
NCBITaxon:131548	1
NCBITaxon:131567	6245
NCBITaxon:131568	3
NCBITaxon:13159	1
NCBITaxon:1315976	1
NCBITaxon:1315998	1
NCBITaxon:13160	12
NCBITaxon:1316147	1
NCBITaxon:1316150	1
NCBITaxon:1316194	7
NCBITaxon:1316445	1
NCBITaxon:1316582	1
NCBITaxon:1316584	1
NCBITaxon:1316591	2
NCBITaxon:1316592	1
NCBITaxon:1316595	1
NCBITaxon:1316597	1
NCBITaxon:1316598	1
NCBITaxon:1316605	1
NCBITaxon:1316606	1
NCBITaxon:1316610	1
NCBITaxon:1316611	1
NCBITaxon:1316612	1
NCBITaxon:1316613	1
NCBITaxon:1316614	1
NCBITaxon:1316615	1
NCBITaxon:1316616	1
NCBITaxon:1316617	1
NCBITaxon:1316618	1
NCBITaxon:1316619	1
NCBITaxon:1316620	1
NCBITaxon:1316621	1
NCBITaxon:1316622	1
NCBITaxon:1316623	1
NCBITaxon:1316624	1
NCBITaxon:1316625	1
NCBITaxon:1316626	1
NCBITaxon:1316627	1
NCBITaxon:1316628	1
NCBITaxon:1316629	1
NCBITaxon:1316630	1
NCBITaxon:1316631	1
NCBITaxon:1316632	1
NCBITaxon:1316633	1
NCBITaxon:1316634	1
NCBITaxon:1316643	1
NCBITaxon:1316644	1
NCBITaxon:1316679	1
NCBITaxon:1316746	1
NCBITaxon:1316785	1
NCBITaxon:1316786	1
NCBITaxon:1316803	3
NCBITaxon:1316910	1
NCBITaxon:1316911	1
NCBITaxon:1316941	1
NCBITaxon:1317	1
NCBITaxon:1317064	1
NCBITaxon:1317065	1
NCBITaxon:1317066	1
NCBITaxon:1317117	1
NCBITaxon:1317121	4
NCBITaxon:1317122	1
NCBITaxon:1317124	1
NCBITaxon:1317125	1
NCBITaxon:1317130	1
NCBITaxon:1317131	1
NCBITaxon:1318	169
NCBITaxon:1318465	1
NCBITaxon:1318614	1
NCBITaxon:1318617	1
NCBITaxon:1318629	1
NCBITaxon:1318630	1
NCBITaxon:1318743	5
NCBITaxon:1319	1
NCBITaxon:1319815	1
NCBITaxon:1320309	1
NCBITaxon:1320353	1
NCBITaxon:1321243	1
NCBITaxon:1321244	1
NCBITaxon:132132	1
NCBITaxon:1321365	1
NCBITaxon:1321366	1
NCBITaxon:1321367	2
NCBITaxon:1321368	3
NCBITaxon:132144	4
NCBITaxon:1321609	2
NCBITaxon:132173	1
NCBITaxon:1321772	1
NCBITaxon:1321773	1
NCBITaxon:1321774	1
NCBITaxon:1321775	1
NCBITaxon:1321778	1
NCBITaxon:1321779	1
NCBITaxon:1321781	1
NCBITaxon:1321782	1
NCBITaxon:1321784	1
NCBITaxon:1321786	1
NCBITaxon:132184	1
NCBITaxon:1321943	1
NCBITaxon:1321945	1
NCBITaxon:1321946	1
NCBITaxon:1321948	1
NCBITaxon:1322	10
NCBITaxon:1322061	3
NCBITaxon:13221	1
NCBITaxon:1322246	1
NCBITaxon:132248	1
NCBITaxon:132249	35
NCBITaxon:132259	2
NCBITaxon:132264	3
NCBITaxon:132265	1
NCBITaxon:132266	2
NCBITaxon:132267	2
NCBITaxon:132268	1
NCBITaxon:1323	13
NCBITaxon:1323230	3
NCBITaxon:1323361	4
NCBITaxon:1323370	4
NCBITaxon:1323375	3
NCBITaxon:1323422	1
NCBITaxon:1323432	1
NCBITaxon:1323573	1
NCBITaxon:1323580	1
NCBITaxon:1323661	1
NCBITaxon:1323662	1
NCBITaxon:1323731	9
NCBITaxon:1323734	2
NCBITaxon:1323738	1
NCBITaxon:1323740	2
NCBITaxon:1323742	1
NCBITaxon:1323744	2
NCBITaxon:1323745	1
NCBITaxon:1323746	1
NCBITaxon:1323749	1
NCBITaxon:1323750	1
NCBITaxon:1323752	1
NCBITaxon:1323753	1
NCBITaxon:1323754	2
NCBITaxon:1323836	1
NCBITaxon:1323948	1
NCBITaxon:1324013	1
NCBITaxon:1324217	1
NCBITaxon:1324269	1
NCBITaxon:13243	7
NCBITaxon:1324314	1
NCBITaxon:1324318	1
NCBITaxon:1324319	1
NCBITaxon:1324320	1
NCBITaxon:1324321	1
NCBITaxon:1324322	1
NCBITaxon:1324323	1
NCBITaxon:1324331	1
NCBITaxon:1324335	2
NCBITaxon:1324336	1
NCBITaxon:1324337	1
NCBITaxon:1324338	1
NCBITaxon:1324339	1
NCBITaxon:1324340	1
NCBITaxon:1324341	1
NCBITaxon:1324342	1
NCBITaxon:1324350	1
NCBITaxon:1324351	4
NCBITaxon:1324352	5
NCBITaxon:1324617	12
NCBITaxon:132471	1
NCBITaxon:132473	2
NCBITaxon:132474	28
NCBITaxon:132476	13
NCBITaxon:1324766	4
NCBITaxon:1324773	1
NCBITaxon:1324776	2
NCBITaxon:1324796	2
NCBITaxon:1324801	1
NCBITaxon:1324851	3
NCBITaxon:1324864	3
NCBITaxon:1324931	1
NCBITaxon:1324934	4
NCBITaxon:1324935	1
NCBITaxon:1324945	3
NCBITaxon:1324956	3
NCBITaxon:1324957	1
NCBITaxon:1324960	1
NCBITaxon:1324962	1
NCBITaxon:1324996	1
NCBITaxon:1324997	1
NCBITaxon:1324998	1
NCBITaxon:1324999	1
NCBITaxon:1325005	1
NCBITaxon:1325090	3
NCBITaxon:1325095	3
NCBITaxon:1325107	2
NCBITaxon:1325115	2
NCBITaxon:1325118	2
NCBITaxon:1325125	2
NCBITaxon:1325293	1
NCBITaxon:1325335	2
NCBITaxon:1325338	1
NCBITaxon:1325358	8
NCBITaxon:1325360	3
NCBITaxon:1325435	1
NCBITaxon:1325436	1
NCBITaxon:1325512	1
NCBITaxon:1325564	1
NCBITaxon:1325616	2
NCBITaxon:1325689	1
NCBITaxon:1325723	3
NCBITaxon:1325724	3
NCBITaxon:1325733	1
NCBITaxon:1325734	1
NCBITaxon:1325737	1
NCBITaxon:132580	1
NCBITaxon:1325931	3
NCBITaxon:1325932	3
NCBITaxon:1325933	2
NCBITaxon:1325934	2
NCBITaxon:1325935	2
NCBITaxon:1326	8
NCBITaxon:132601	1
NCBITaxon:132604	1
NCBITaxon:132606	4
NCBITaxon:132608	1
NCBITaxon:1326757	3
NCBITaxon:1326780	1
NCBITaxon:1326783	1
NCBITaxon:132687	1
NCBITaxon:1326887	1
NCBITaxon:1326888	1
NCBITaxon:1326890	1
NCBITaxon:1326892	1
NCBITaxon:1326893	1
NCBITaxon:1326894	1
NCBITaxon:1326968	1
NCBITaxon:1326980	5
NCBITaxon:1327343	1
NCBITaxon:13276	4
NCBITaxon:1327635	1
NCBITaxon:1327750	1
NCBITaxon:1327752	1
NCBITaxon:1327753	4
NCBITaxon:1327958	1
NCBITaxon:1328	453
NCBITaxon:1328044	1
NCBITaxon:1328306	1
NCBITaxon:1328308	1
NCBITaxon:1328314	2
NCBITaxon:1328324	1
NCBITaxon:1328325	2
NCBITaxon:1328326	1
NCBITaxon:1328327	1
NCBITaxon:1328328	1
NCBITaxon:1328329	1
NCBITaxon:1328330	1
NCBITaxon:1328331	1
NCBITaxon:1328332	1
NCBITaxon:1328333	1
NCBITaxon:1328334	1
NCBITaxon:1328376	1
NCBITaxon:1328397	1
NCBITaxon:1328755	1
NCBITaxon:1328770	4
NCBITaxon:1328859	1
NCBITaxon:1328860	1
NCBITaxon:1328865	1
NCBITaxon:1329	78
NCBITaxon:13290	1
NCBITaxon:13291	2
NCBITaxon:132919	7
NCBITaxon:132920	6
NCBITaxon:132925	3
NCBITaxon:132926	3
NCBITaxon:1329262	3
NCBITaxon:132932	3
NCBITaxon:132933	4
NCBITaxon:1329363	1
NCBITaxon:1329364	1
NCBITaxon:1329365	1
NCBITaxon:1329366	1
NCBITaxon:1329367	3
NCBITaxon:1329370	3
NCBITaxon:1329411	4
NCBITaxon:1329516	3
NCBITaxon:1329640	1
NCBITaxon:1329796	4
NCBITaxon:1329800	4
NCBITaxon:1329811	1
NCBITaxon:1329813	1
NCBITaxon:1329814	1
NCBITaxon:1329817	1
NCBITaxon:1329818	1
NCBITaxon:1329820	1
NCBITaxon:1329821	1
NCBITaxon:1329822	1
NCBITaxon:1329825	1
NCBITaxon:1329830	1
NCBITaxon:1329835	1
NCBITaxon:1329837	1
NCBITaxon:1329841	2
NCBITaxon:1329852	1
NCBITaxon:1329854	1
NCBITaxon:1329885	1
NCBITaxon:1329886	1
NCBITaxon:1329887	1
NCBITaxon:1329888	1
NCBITaxon:1329889	1
NCBITaxon:1329901	1
NCBITaxon:133	2
NCBITaxon:1330043	1
NCBITaxon:1330072	1
NCBITaxon:1330243	1
NCBITaxon:1330330	5
NCBITaxon:1330343	2
NCBITaxon:1330457	1
NCBITaxon:1330459	1
NCBITaxon:1330460	1
NCBITaxon:1330461	1
NCBITaxon:1330462	1
NCBITaxon:1330531	2
NCBITaxon:1330547	3
NCBITaxon:1330551	1
NCBITaxon:1330700	4
NCBITaxon:1331008	1
NCBITaxon:1331010	1
NCBITaxon:1331011	1
NCBITaxon:1331012	1
NCBITaxon:1331013	1
NCBITaxon:1331041	1
NCBITaxon:1331042	1
NCBITaxon:1331043	1
NCBITaxon:1331239	1
NCBITaxon:1331248	1
NCBITaxon:1331258	5
NCBITaxon:1331268	1
NCBITaxon:1331664	1
NCBITaxon:1331682	4
NCBITaxon:1331689	4
NCBITaxon:1331809	1
NCBITaxon:1331910	3
NCBITaxon:1331911	1
NCBITaxon:133194	3
NCBITaxon:1332059	2
NCBITaxon:1332264	2
NCBITaxon:1332631	1
NCBITaxon:133270	2
NCBITaxon:1332824	3
NCBITaxon:1332838	1
NCBITaxon:1332898	3
NCBITaxon:1333	10
NCBITaxon:1333499	3
NCBITaxon:13335	9
NCBITaxon:1333529	1
NCBITaxon:1333534	2
NCBITaxon:1333540	1
NCBITaxon:1333541	1
NCBITaxon:1333542	1
NCBITaxon:1333543	1
NCBITaxon:1333544	1
NCBITaxon:1333545	1
NCBITaxon:1333546	1
NCBITaxon:1333547	1
NCBITaxon:1333548	1
NCBITaxon:1333549	1
NCBITaxon:1333550	1
NCBITaxon:1333551	1
NCBITaxon:1333626	2
NCBITaxon:1333630	1
NCBITaxon:1333651	14
NCBITaxon:1333660	4
NCBITaxon:1333662	2
NCBITaxon:1333667	2
NCBITaxon:1333713	1
NCBITaxon:133383	1
NCBITaxon:1333845	3
NCBITaxon:1333849	2
NCBITaxon:1333851	1
NCBITaxon:1333854	1
NCBITaxon:1333864	1
NCBITaxon:1333865	1
NCBITaxon:1333877	1
NCBITaxon:1333996	5
NCBITaxon:1333998	3
NCBITaxon:1334	442
NCBITaxon:1334022	1
NCBITaxon:1334039	1
NCBITaxon:133409	1
NCBITaxon:1334117	7
NCBITaxon:133412	2
NCBITaxon:1334193	1
NCBITaxon:133427	1
NCBITaxon:1334442	1
NCBITaxon:133448	39
NCBITaxon:133453	2
NCBITaxon:1335	200
NCBITaxon:1335043	3
NCBITaxon:1335048	1
NCBITaxon:1335053	1
NCBITaxon:1335061	6
NCBITaxon:1335062	4
NCBITaxon:1335303	1
NCBITaxon:1335304	1
NCBITaxon:1335307	1
NCBITaxon:1335308	1
NCBITaxon:1335309	2
NCBITaxon:133532	3
NCBITaxon:133534	2
NCBITaxon:133535	2
NCBITaxon:1335409	1
NCBITaxon:1335410	1
NCBITaxon:1335483	3
NCBITaxon:133549	3
NCBITaxon:133552	1
NCBITaxon:1335613	16
NCBITaxon:1335616	3
NCBITaxon:1335617	1
NCBITaxon:1335627	3
NCBITaxon:1335628	3
NCBITaxon:1335629	4
NCBITaxon:1335631	4
NCBITaxon:1335724	1
NCBITaxon:1335745	17
NCBITaxon:1335757	3
NCBITaxon:1335760	1
NCBITaxon:1335967	1
NCBITaxon:1336	161
NCBITaxon:1336204	4
NCBITaxon:1336205	1
NCBITaxon:1336206	1
NCBITaxon:1336208	1
NCBITaxon:1336235	1
NCBITaxon:1336242	2
NCBITaxon:1336246	2
NCBITaxon:1336424	5
NCBITaxon:1336740	1
NCBITaxon:1336741	1
NCBITaxon:1336793	1
NCBITaxon:13368	2
NCBITaxon:1336806	3
NCBITaxon:133698	1
NCBITaxon:1337	5
NCBITaxon:13370	3
NCBITaxon:1337051	7
NCBITaxon:1337055	1
NCBITaxon:1337056	5
NCBITaxon:1337057	1
NCBITaxon:1337058	1
NCBITaxon:1337061	1
NCBITaxon:1337062	1
NCBITaxon:1337065	3
NCBITaxon:1337094	3
NCBITaxon:133720	1
NCBITaxon:133724	1
NCBITaxon:133726	1
NCBITaxon:13373	78
NCBITaxon:1337387	1
NCBITaxon:1337388	1
NCBITaxon:1337396	1
NCBITaxon:133748	1
NCBITaxon:1337639	1
NCBITaxon:1337648	1
NCBITaxon:1337874	1
NCBITaxon:1337876	3
NCBITaxon:1337893	1
NCBITaxon:1337993	1
NCBITaxon:1337994	1
NCBITaxon:1337995	1
NCBITaxon:1338	103
NCBITaxon:1338032	1
NCBITaxon:1338034	1
NCBITaxon:1338037	1
NCBITaxon:133814	12
NCBITaxon:133815	1
NCBITaxon:133822	1
NCBITaxon:1338368	2
NCBITaxon:1338411	1
NCBITaxon:1338420	1
NCBITaxon:1338426	15
NCBITaxon:1338436	3
NCBITaxon:1338630	1
NCBITaxon:1339	2
NCBITaxon:1339210	3
NCBITaxon:1339224	2
NCBITaxon:1339237	1
NCBITaxon:133924	1
NCBITaxon:133925	18
NCBITaxon:1339252	1
NCBITaxon:1339255	1
NCBITaxon:133926	9
NCBITaxon:1339269	1
NCBITaxon:1339270	1
NCBITaxon:1339271	1
NCBITaxon:1339272	1
NCBITaxon:1339273	1
NCBITaxon:1339274	1
NCBITaxon:1339275	1
NCBITaxon:1339276	1
NCBITaxon:1339277	1
NCBITaxon:1339278	1
NCBITaxon:1339279	1
NCBITaxon:1339280	1
NCBITaxon:1339281	1
NCBITaxon:1339282	1
NCBITaxon:1339283	1
NCBITaxon:1339284	1
NCBITaxon:1339285	1
NCBITaxon:1339286	1
NCBITaxon:1339287	1
NCBITaxon:1339288	1
NCBITaxon:1339289	1
NCBITaxon:1339290	1
NCBITaxon:1339291	1
NCBITaxon:1339292	1
NCBITaxon:1339293	1
NCBITaxon:1339294	1
NCBITaxon:1339295	1
NCBITaxon:1339296	1
NCBITaxon:1339297	1
NCBITaxon:1339298	1
NCBITaxon:1339299	1
NCBITaxon:1339300	1
NCBITaxon:1339301	1
NCBITaxon:1339302	1
NCBITaxon:1339303	1
NCBITaxon:1339304	1
NCBITaxon:1339305	1
NCBITaxon:1339306	1
NCBITaxon:1339307	1
NCBITaxon:1339308	1
NCBITaxon:1339309	1
NCBITaxon:1339310	1
NCBITaxon:1339311	1
NCBITaxon:1339312	1
NCBITaxon:1339313	1
NCBITaxon:1339314	1
NCBITaxon:1339315	1
NCBITaxon:1339316	1
NCBITaxon:1339317	1
NCBITaxon:1339318	1
NCBITaxon:1339319	1
NCBITaxon:1339320	1
NCBITaxon:1339321	1
NCBITaxon:1339322	1
NCBITaxon:1339323	1
NCBITaxon:1339324	1
NCBITaxon:1339325	1
NCBITaxon:1339326	1
NCBITaxon:1339327	1
NCBITaxon:1339328	1
NCBITaxon:1339329	1
NCBITaxon:1339330	1
NCBITaxon:1339331	1
NCBITaxon:1339332	1
NCBITaxon:1339333	1
NCBITaxon:1339334	1
NCBITaxon:1339335	1
NCBITaxon:1339336	1
NCBITaxon:1339337	1
NCBITaxon:1339338	1
NCBITaxon:1339339	1
NCBITaxon:1339340	1
NCBITaxon:1339341	1
NCBITaxon:1339342	1
NCBITaxon:1339343	1
NCBITaxon:1339344	1
NCBITaxon:1339345	1
NCBITaxon:1339346	1
NCBITaxon:1339347	1
NCBITaxon:1339348	1
NCBITaxon:1339349	1
NCBITaxon:1339350	1
NCBITaxon:1339351	1
NCBITaxon:1339352	1
NCBITaxon:134	5
NCBITaxon:1340	102
NCBITaxon:1340011	1
NCBITaxon:1340029	1
NCBITaxon:134034	23
NCBITaxon:1340425	2
NCBITaxon:1340442	1
NCBITaxon:134047	16
NCBITaxon:1340493	1
NCBITaxon:1340494	1
NCBITaxon:1340531	3
NCBITaxon:1340840	1
NCBITaxon:1340841	1
NCBITaxon:1340842	1
NCBITaxon:1340843	1
NCBITaxon:1340844	1
NCBITaxon:1340845	1
NCBITaxon:1340846	1
NCBITaxon:1340855	1
NCBITaxon:1340856	1
NCBITaxon:1340857	1
NCBITaxon:1341	11
NCBITaxon:1341119	4
NCBITaxon:1341132	2
NCBITaxon:1341154	1
NCBITaxon:1341156	1
NCBITaxon:1341171	2
NCBITaxon:1341549	1
NCBITaxon:1341550	4
NCBITaxon:1341552	1
NCBITaxon:1341643	8
NCBITaxon:1341656	2
NCBITaxon:1341657	1
NCBITaxon:1341658	1
NCBITaxon:1341659	1
NCBITaxon:1341660	1
NCBITaxon:1341661	1
NCBITaxon:1341679	1
NCBITaxon:1341692	1
NCBITaxon:1341693	1
NCBITaxon:1341694	1
NCBITaxon:1341696	3
NCBITaxon:1341726	5
NCBITaxon:1342245	1
NCBITaxon:1342296	1
NCBITaxon:1342299	36
NCBITaxon:1342301	3
NCBITaxon:1342302	3
NCBITaxon:1342318	2
NCBITaxon:1342794	4
NCBITaxon:1342818	4
NCBITaxon:1343	83
NCBITaxon:1343043	2
NCBITaxon:1343063	1
NCBITaxon:1343064	2
NCBITaxon:1343076	2
NCBITaxon:1343077	1
NCBITaxon:1343102	3
NCBITaxon:1343103	3
NCBITaxon:1343159	5
NCBITaxon:1343160	1
NCBITaxon:1343360	1
NCBITaxon:1343366	1
NCBITaxon:1343390	1
NCBITaxon:1343409	1
NCBITaxon:1343414	1
NCBITaxon:1343557	1
NCBITaxon:1343558	1
NCBITaxon:1343559	1
NCBITaxon:1343560	1
NCBITaxon:1343561	1
NCBITaxon:1343562	1
NCBITaxon:1343563	1
NCBITaxon:1343564	1
NCBITaxon:1343565	1
NCBITaxon:1343610	3
NCBITaxon:1343614	1
NCBITaxon:1343616	1
NCBITaxon:134362	6
NCBITaxon:1343623	1
NCBITaxon:1343737	1
NCBITaxon:134375	6
NCBITaxon:1343836	1
NCBITaxon:1343870	1
NCBITaxon:1343891	1
NCBITaxon:1343895	2
NCBITaxon:1343896	2
NCBITaxon:1343899	1
NCBITaxon:1344003	3
NCBITaxon:134455	1
NCBITaxon:1344552	5
NCBITaxon:1344584	1
NCBITaxon:1344585	2
NCBITaxon:1344948	4
NCBITaxon:1344949	5
NCBITaxon:1344950	4
NCBITaxon:1344951	4
NCBITaxon:1344967	1
NCBITaxon:1344968	1
NCBITaxon:1344969	1
NCBITaxon:1344970	1
NCBITaxon:1344971	1
NCBITaxon:1344972	1
NCBITaxon:1344973	1
NCBITaxon:1344974	1
NCBITaxon:1344975	1
NCBITaxon:1344976	1
NCBITaxon:1344977	1
NCBITaxon:1344978	1
NCBITaxon:1344979	1
NCBITaxon:1344980	1
NCBITaxon:1344981	1
NCBITaxon:1344982	1
NCBITaxon:1344983	1
NCBITaxon:1344984	1
NCBITaxon:1344985	1
NCBITaxon:1344986	1
NCBITaxon:1344989	1
NCBITaxon:1344990	1
NCBITaxon:1345	22
NCBITaxon:1345023	1
NCBITaxon:1345115	1
NCBITaxon:1345117	1
NCBITaxon:134533	26
NCBITaxon:134534	9
NCBITaxon:134536	17
NCBITaxon:134537	22
NCBITaxon:134549	2
NCBITaxon:1345693	1
NCBITaxon:1345695	5
NCBITaxon:1346	139
NCBITaxon:134601	7
NCBITaxon:134602	4
NCBITaxon:134605	7
NCBITaxon:134621	2
NCBITaxon:134623	4
NCBITaxon:134625	9
NCBITaxon:1346286	3
NCBITaxon:1346290	1
NCBITaxon:1346319	1
NCBITaxon:1346611	2
NCBITaxon:1346684	3
NCBITaxon:1346789	1
NCBITaxon:1346790	1
NCBITaxon:1346889	1
NCBITaxon:1347086	1
NCBITaxon:1347087	1
NCBITaxon:1347366	1
NCBITaxon:1347368	2
NCBITaxon:1347369	1
NCBITaxon:1347389	1
NCBITaxon:1347390	1
NCBITaxon:1347392	5
NCBITaxon:1347393	2
NCBITaxon:1347779	1
NCBITaxon:1347788	4
NCBITaxon:1347789	1
NCBITaxon:1347891	3
NCBITaxon:1347902	4
NCBITaxon:1347903	3
NCBITaxon:1348	82
NCBITaxon:1348092	3
NCBITaxon:1348114	1
NCBITaxon:1348163	3
NCBITaxon:134821	8
NCBITaxon:1348245	1
NCBITaxon:1348249	4
NCBITaxon:1348253	4
NCBITaxon:1348266	4
NCBITaxon:1348272	1
NCBITaxon:1348284	4
NCBITaxon:1348328	1
NCBITaxon:1348429	3
NCBITaxon:1348467	1
NCBITaxon:1348468	4
NCBITaxon:1348469	4
NCBITaxon:1348472	4
NCBITaxon:134849	8
NCBITaxon:1348563	1
NCBITaxon:1348612	2
NCBITaxon:1348613	4
NCBITaxon:1348616	1
NCBITaxon:1348623	3
NCBITaxon:1348624	1
NCBITaxon:1348632	1
NCBITaxon:1348633	1
NCBITaxon:1348651	1
NCBITaxon:1348655	1
NCBITaxon:1348656	1
NCBITaxon:134874	7
NCBITaxon:134875	11
NCBITaxon:1348774	4
NCBITaxon:1348778	1
NCBITaxon:1348852	4
NCBITaxon:1348853	4
NCBITaxon:1349	272
NCBITaxon:1349415	3
NCBITaxon:1349416	3
NCBITaxon:1349421	1
NCBITaxon:1349425	4
NCBITaxon:1349432	1
NCBITaxon:134959	3
NCBITaxon:134961	1
NCBITaxon:134964	11
NCBITaxon:1349754	2
NCBITaxon:1349767	2
NCBITaxon:1349784	2
NCBITaxon:1349786	1
NCBITaxon:1349787	1
NCBITaxon:1349822	1
NCBITaxon:1349824	1
NCBITaxon:1349825	1
NCBITaxon:1349826	1
NCBITaxon:1349827	1
NCBITaxon:134984	5
NCBITaxon:1350	40
NCBITaxon:1350006	1
NCBITaxon:1350067	2
NCBITaxon:13502	1
NCBITaxon:135024	1
NCBITaxon:1350429	1
NCBITaxon:1350471	1
NCBITaxon:1350472	1
NCBITaxon:1350473	1
NCBITaxon:1350481	1
NCBITaxon:135069	1
NCBITaxon:135079	6
NCBITaxon:135080	4
NCBITaxon:135082	5
NCBITaxon:135083	10
NCBITaxon:1351	2599
NCBITaxon:1351465	1
NCBITaxon:1351585	4
NCBITaxon:135193	5
NCBITaxon:1352	2923
NCBITaxon:135208	1
NCBITaxon:1352223	3
NCBITaxon:1352348	4
NCBITaxon:1352353	1
NCBITaxon:135248	5
NCBITaxon:1352520	1
NCBITaxon:1352521	1
NCBITaxon:1352524	1
NCBITaxon:1352532	1
NCBITaxon:1352602	1
NCBITaxon:1352603	1
NCBITaxon:1352834	1
NCBITaxon:1352928	3
NCBITaxon:1352936	2
NCBITaxon:1352940	1
NCBITaxon:1353	251
NCBITaxon:1353007	1
NCBITaxon:1353008	1
NCBITaxon:1353009	1
NCBITaxon:1353158	4
NCBITaxon:1353243	1
NCBITaxon:1353246	1
NCBITaxon:1353260	1
NCBITaxon:1353261	1
NCBITaxon:1353276	1
NCBITaxon:1353528	4
NCBITaxon:1353534	1
NCBITaxon:1353775	2
NCBITaxon:1353778	1
NCBITaxon:1353886	4
NCBITaxon:1353888	2
NCBITaxon:1353889	2
NCBITaxon:1353890	1
NCBITaxon:1353891	9
NCBITaxon:1353941	4
NCBITaxon:1353982	1
NCBITaxon:1354	376
NCBITaxon:1354081	1
NCBITaxon:1354104	1
NCBITaxon:1354141	1
NCBITaxon:1354161	1
NCBITaxon:1354162	1
NCBITaxon:1354163	1
NCBITaxon:1354164	1
NCBITaxon:1354165	1
NCBITaxon:1354166	1
NCBITaxon:1354167	1
NCBITaxon:1354168	1
NCBITaxon:1354169	1
NCBITaxon:1354170	1
NCBITaxon:1354171	1
NCBITaxon:1354172	1
NCBITaxon:1354173	1
NCBITaxon:1354174	1
NCBITaxon:1354175	1
NCBITaxon:1354176	1
NCBITaxon:1354177	1
NCBITaxon:1354178	1
NCBITaxon:1354179	1
NCBITaxon:1354180	1
NCBITaxon:1354181	1
NCBITaxon:1354182	1
NCBITaxon:1354183	1
NCBITaxon:1354184	1
NCBITaxon:1354185	1
NCBITaxon:1354186	1
NCBITaxon:1354187	1
NCBITaxon:1354188	1
NCBITaxon:1354189	1
NCBITaxon:1354190	1
NCBITaxon:1354191	1
NCBITaxon:1354192	1
NCBITaxon:1354193	1
NCBITaxon:1354241	2
NCBITaxon:1354260	2
NCBITaxon:1354274	1
NCBITaxon:1354300	1
NCBITaxon:1354314	1
NCBITaxon:135453	1
NCBITaxon:135455	1
NCBITaxon:135456	1
NCBITaxon:135461	52
NCBITaxon:1354675	1
NCBITaxon:135472	1
NCBITaxon:1354726	1
NCBITaxon:1354791	1
NCBITaxon:135487	44
NCBITaxon:1354920	1
NCBITaxon:1355	24
NCBITaxon:1355015	4
NCBITaxon:135514	1
NCBITaxon:135517	2
NCBITaxon:1355219	1
NCBITaxon:1355329	1
NCBITaxon:1355330	1
NCBITaxon:1355374	3
NCBITaxon:1355388	1
NCBITaxon:1355477	103
NCBITaxon:135569	2
NCBITaxon:135575	11
NCBITaxon:1355755	4
NCBITaxon:135577	8
NCBITaxon:1355856	1
NCBITaxon:135588	2
NCBITaxon:1355919	1
NCBITaxon:1356	5
NCBITaxon:135613	16
NCBITaxon:135614	9
NCBITaxon:135616	1
NCBITaxon:135617	12
NCBITaxon:135619	32
NCBITaxon:135620	1
NCBITaxon:135622	1
NCBITaxon:1356243	1
NCBITaxon:135626	1
NCBITaxon:13563	4
NCBITaxon:1356488	1
NCBITaxon:1356565	2
NCBITaxon:1356575	4
NCBITaxon:13567	1
NCBITaxon:1356851	6
NCBITaxon:1356861	1
NCBITaxon:1357	2
NCBITaxon:135719	4
NCBITaxon:135727	1
NCBITaxon:1357292	1
NCBITaxon:1357334	1
NCBITaxon:1357344	1
NCBITaxon:135735	10
NCBITaxon:135739	4
NCBITaxon:135740	2
NCBITaxon:1357401	1
NCBITaxon:1357410	2
NCBITaxon:1357411	1
NCBITaxon:135742	1
NCBITaxon:1357496	4
NCBITaxon:1357508	1
NCBITaxon:1357543	10
NCBITaxon:1357677	3
NCBITaxon:1357679	5
NCBITaxon:1357681	1
NCBITaxon:1357684	1
NCBITaxon:1357685	1
NCBITaxon:1357716	7
NCBITaxon:135779	1
NCBITaxon:1357994	1
NCBITaxon:1357995	1
NCBITaxon:1357996	1
NCBITaxon:1357997	1
NCBITaxon:1357998	1
NCBITaxon:1357999	1
NCBITaxon:1358	1591
NCBITaxon:1358000	1
NCBITaxon:1358001	1
NCBITaxon:1358002	1
NCBITaxon:1358003	1
NCBITaxon:1358004	1
NCBITaxon:1358005	1
NCBITaxon:1358006	1
NCBITaxon:1358008	1
NCBITaxon:1358009	1
NCBITaxon:1358010	1
NCBITaxon:1358011	1
NCBITaxon:1358012	1
NCBITaxon:1358013	1
NCBITaxon:1358014	1
NCBITaxon:1358015	1
NCBITaxon:1358016	1
NCBITaxon:1358017	1
NCBITaxon:1358018	1
NCBITaxon:1358019	1
NCBITaxon:1358020	1
NCBITaxon:1358021	1
NCBITaxon:135826	5
NCBITaxon:135832	3
NCBITaxon:135833	1
NCBITaxon:1358420	4
NCBITaxon:135858	72
NCBITaxon:1358886	1
NCBITaxon:1359	80
NCBITaxon:1359150	1
NCBITaxon:1359151	1
NCBITaxon:1359152	1
NCBITaxon:1359153	1
NCBITaxon:1359154	1
NCBITaxon:1359155	1
NCBITaxon:1359156	1
NCBITaxon:1359157	1
NCBITaxon:1359158	1
NCBITaxon:1359159	1
NCBITaxon:1359160	1
NCBITaxon:1359161	1
NCBITaxon:1359162	1
NCBITaxon:1359163	1
NCBITaxon:1359164	1
NCBITaxon:1359165	1
NCBITaxon:1359166	1
NCBITaxon:1359167	1
NCBITaxon:1359168	1
NCBITaxon:1359169	1
NCBITaxon:1359170	1
NCBITaxon:1359171	1
NCBITaxon:1359172	1
NCBITaxon:1359173	1
NCBITaxon:1359174	1
NCBITaxon:1359175	1
NCBITaxon:1359176	1
NCBITaxon:1359177	1
NCBITaxon:1359178	1
NCBITaxon:1359179	1
NCBITaxon:1359180	1
NCBITaxon:1359182	1
NCBITaxon:1359183	1
NCBITaxon:1359184	1
NCBITaxon:1359185	1
NCBITaxon:1359186	1
NCBITaxon:1359188	1
NCBITaxon:1359189	1
NCBITaxon:1359190	1
NCBITaxon:1359191	1
NCBITaxon:1359192	1
NCBITaxon:1359193	1
NCBITaxon:1359194	1
NCBITaxon:1359195	2
NCBITaxon:1359196	1
NCBITaxon:1359197	1
NCBITaxon:1359198	1
NCBITaxon:1359199	1
NCBITaxon:1359200	1
NCBITaxon:1359201	1
NCBITaxon:1359202	1
NCBITaxon:1359203	1
NCBITaxon:1359204	1
NCBITaxon:1359205	1
NCBITaxon:135947	1
NCBITaxon:135948	8
NCBITaxon:135950	9
NCBITaxon:136	4
NCBITaxon:1360	108
NCBITaxon:136093	18
NCBITaxon:136094	2
NCBITaxon:136100	4
NCBITaxon:136273	8
NCBITaxon:136274	4
NCBITaxon:136282	1
NCBITaxon:1363	195
NCBITaxon:136370	3
NCBITaxon:136399	1
NCBITaxon:1364	16
NCBITaxon:136452	1
NCBITaxon:136468	109
NCBITaxon:136492	6
NCBITaxon:1364933	1
NCBITaxon:1364935	1
NCBITaxon:1364937	1
NCBITaxon:1364940	1
NCBITaxon:1364945	1
NCBITaxon:1364996	1
NCBITaxon:1365	24
NCBITaxon:1365176	1
NCBITaxon:1365217	1
NCBITaxon:1365218	1
NCBITaxon:1365250	2
NCBITaxon:136545	1
NCBITaxon:136547	1
NCBITaxon:1365476	1
NCBITaxon:136548	1
NCBITaxon:1365492	4
NCBITaxon:13656	96
NCBITaxon:1365606	4
NCBITaxon:1365611	1
NCBITaxon:1365628	3
NCBITaxon:1365650	1
NCBITaxon:1365665	1
NCBITaxon:1365815	1
NCBITaxon:1365886	2
NCBITaxon:1365887	2
NCBITaxon:1365924	4
NCBITaxon:1365950	1
NCBITaxon:1365953	1
NCBITaxon:1365954	1
NCBITaxon:1365955	1
NCBITaxon:1365956	1
NCBITaxon:1365957	1
NCBITaxon:1365959	1
NCBITaxon:1366	77
NCBITaxon:136609	16
NCBITaxon:1366656	1
NCBITaxon:1367422	1
NCBITaxon:1367462	4
NCBITaxon:1367492	1
NCBITaxon:1367504	4
NCBITaxon:1367506	4
NCBITaxon:1367849	2
NCBITaxon:1367852	2
NCBITaxon:1367881	1
NCBITaxon:1367882	5
NCBITaxon:1367973	5
NCBITaxon:1368166	1
NCBITaxon:13684	157
NCBITaxon:136841	3
NCBITaxon:1368415	2
NCBITaxon:1368416	1
NCBITaxon:1368422	1
NCBITaxon:1368423	1
NCBITaxon:1368425	3
NCBITaxon:1368426	1
NCBITaxon:1368428	1
NCBITaxon:136843	1
NCBITaxon:1368430	5
NCBITaxon:136845	1
NCBITaxon:1368455	1
NCBITaxon:1368458	1
NCBITaxon:1368459	1
NCBITaxon:1368474	1
NCBITaxon:1368476	3
NCBITaxon:136857	5
NCBITaxon:13687	153
NCBITaxon:13688	18
NCBITaxon:13689	200
NCBITaxon:13690	34
NCBITaxon:136926	1
NCBITaxon:136992	2
NCBITaxon:136996	3
NCBITaxon:137	15
NCBITaxon:1370107	1
NCBITaxon:1370122	2
NCBITaxon:1370124	1
NCBITaxon:1370198	1
NCBITaxon:1370199	1
NCBITaxon:13706	10
NCBITaxon:1371	8
NCBITaxon:1372	2
NCBITaxon:13725	4
NCBITaxon:137265	5
NCBITaxon:137266	11
NCBITaxon:137267	11
NCBITaxon:1373	5
NCBITaxon:137357	7
NCBITaxon:1374	5
NCBITaxon:137464	1
NCBITaxon:137545	10
NCBITaxon:137584	3
NCBITaxon:137591	140
NCBITaxon:1376	88
NCBITaxon:137658	6
NCBITaxon:13769	3
NCBITaxon:1377	191
NCBITaxon:137722	1
NCBITaxon:13773	3
NCBITaxon:137730	7
NCBITaxon:137732	19
NCBITaxon:137733	1
NCBITaxon:137743	2
NCBITaxon:137745	1
NCBITaxon:137778	3
NCBITaxon:1377992	2
NCBITaxon:1377993	4
NCBITaxon:1378	4
NCBITaxon:1378093	1
NCBITaxon:137816	3
NCBITaxon:1378263	7
NCBITaxon:1378264	2
NCBITaxon:1378299	5
NCBITaxon:137838	14
NCBITaxon:1378989	1
NCBITaxon:1379	70
NCBITaxon:1379154	3
NCBITaxon:1379159	7
NCBITaxon:1379270	2
NCBITaxon:1379271	1
NCBITaxon:1379274	1
NCBITaxon:1379279	1
NCBITaxon:1379295	1
NCBITaxon:1379296	2
NCBITaxon:1379297	1
NCBITaxon:1379676	1
NCBITaxon:1379677	1
NCBITaxon:1379687	1
NCBITaxon:1379688	1
NCBITaxon:1379689	1
NCBITaxon:1379697	12
NCBITaxon:1379698	1
NCBITaxon:1379734	3
NCBITaxon:1379738	1
NCBITaxon:1379740	1
NCBITaxon:1379870	1
NCBITaxon:1379903	5
NCBITaxon:1379910	1
NCBITaxon:137993	6
NCBITaxon:138	9
NCBITaxon:1380	10
NCBITaxon:1380157	3
NCBITaxon:1380364	1
NCBITaxon:1380366	1
NCBITaxon:1380375	1
NCBITaxon:1380378	1
NCBITaxon:1380379	1
NCBITaxon:1380382	1
NCBITaxon:1380383	1
NCBITaxon:1380408	1
NCBITaxon:1380430	1
NCBITaxon:1380675	6
NCBITaxon:1380684	3
NCBITaxon:1380685	4
NCBITaxon:138072	12
NCBITaxon:138073	3
NCBITaxon:138074	9
NCBITaxon:1380763	5
NCBITaxon:1380767	1
NCBITaxon:1380768	1
NCBITaxon:1380773	3
NCBITaxon:1381	13
NCBITaxon:1381080	1
NCBITaxon:1381081	4
NCBITaxon:1381082	1
NCBITaxon:1381083	1
NCBITaxon:1381084	1
NCBITaxon:1381085	1
NCBITaxon:1381086	1
NCBITaxon:1381087	1
NCBITaxon:1381089	1
NCBITaxon:1381090	1
NCBITaxon:1381091	1
NCBITaxon:1381115	1
NCBITaxon:138118	3
NCBITaxon:1381555	1
NCBITaxon:1381557	3
NCBITaxon:1381558	5
NCBITaxon:1381559	1
NCBITaxon:1381934	1
NCBITaxon:1381935	1
NCBITaxon:1382	15
NCBITaxon:1382202	1
NCBITaxon:1382203	1
NCBITaxon:1382206	1
NCBITaxon:1382306	3
NCBITaxon:1382356	3
NCBITaxon:1382359	2
NCBITaxon:1382456	1
NCBITaxon:1382458	1
NCBITaxon:1382466	4
NCBITaxon:1382510	1
NCBITaxon:1382522	8
NCBITaxon:138274	2
NCBITaxon:138276	1
NCBITaxon:138278	2
NCBITaxon:138279	1
NCBITaxon:1382798	1
NCBITaxon:138280	1
NCBITaxon:1382801	1
NCBITaxon:1382802	1
NCBITaxon:1382803	1
NCBITaxon:138281	1
NCBITaxon:138282	10
NCBITaxon:138283	1
NCBITaxon:138284	1
NCBITaxon:138285	1
NCBITaxon:1382878	1
NCBITaxon:138288	1
NCBITaxon:1382929	5
NCBITaxon:138297	1
NCBITaxon:138298	2
NCBITaxon:1383	12
NCBITaxon:138300	6
NCBITaxon:1383030	1
NCBITaxon:1383058	9
NCBITaxon:1383063	1
NCBITaxon:1383064	1
NCBITaxon:1383065	1
NCBITaxon:1383066	1
NCBITaxon:1383067	2
NCBITaxon:1383068	1
NCBITaxon:138336	5
NCBITaxon:1383385	1
NCBITaxon:1383386	1
NCBITaxon:1383387	1
NCBITaxon:1383388	1
NCBITaxon:1383389	2
NCBITaxon:1383390	1
NCBITaxon:1383391	1
NCBITaxon:1383392	1
NCBITaxon:1383393	1
NCBITaxon:1383394	1
NCBITaxon:1383395	1
NCBITaxon:1383812	1
NCBITaxon:1383844	1
NCBITaxon:1383851	1
NCBITaxon:1383882	1
NCBITaxon:1383885	1
NCBITaxon:1383894	1
NCBITaxon:1383895	1
NCBITaxon:1383896	1
NCBITaxon:1383897	1
NCBITaxon:1383898	1
NCBITaxon:1383899	1
NCBITaxon:1383900	1
NCBITaxon:1383901	1
NCBITaxon:1383902	1
NCBITaxon:1383903	1
NCBITaxon:1383904	1
NCBITaxon:1383905	1
NCBITaxon:1383906	1
NCBITaxon:1383907	1
NCBITaxon:1383908	1
NCBITaxon:1383909	1
NCBITaxon:1383910	1
NCBITaxon:1383911	1
NCBITaxon:1383912	1
NCBITaxon:1383913	1
NCBITaxon:1383914	1
NCBITaxon:1383915	1
NCBITaxon:1383916	1
NCBITaxon:1383917	1
NCBITaxon:1383918	1
NCBITaxon:1383919	1
NCBITaxon:1383920	1
NCBITaxon:1383921	1
NCBITaxon:1383922	1
NCBITaxon:1384037	3
NCBITaxon:1384038	3
NCBITaxon:1384049	1
NCBITaxon:1384057	2
NCBITaxon:1384063	1
NCBITaxon:1384065	1
NCBITaxon:1384084	1
NCBITaxon:1384459	3
NCBITaxon:1384487	5
NCBITaxon:1384505	1
NCBITaxon:1384509	5
NCBITaxon:1384549	1
NCBITaxon:1384550	1
NCBITaxon:1384583	1
NCBITaxon:1384584	1
NCBITaxon:1384585	1
NCBITaxon:1384589	4
NCBITaxon:1384638	4
NCBITaxon:1384639	3
NCBITaxon:1385	40
NCBITaxon:138530	1
NCBITaxon:138532	5
NCBITaxon:1385367	5
NCBITaxon:1385368	1
NCBITaxon:1385412	1
NCBITaxon:1385420	1
NCBITaxon:1385510	2
NCBITaxon:1385511	2
NCBITaxon:1385515	2
NCBITaxon:1385522	2
NCBITaxon:1385527	1
NCBITaxon:1385591	2
NCBITaxon:1385624	3
NCBITaxon:1385625	1
NCBITaxon:138563	1
NCBITaxon:1385663	1
NCBITaxon:1385699	1
NCBITaxon:1385715	2
NCBITaxon:1385720	1
NCBITaxon:1385721	1
NCBITaxon:1385722	1
NCBITaxon:1385723	1
NCBITaxon:1385724	1
NCBITaxon:1385727	1
NCBITaxon:1385755	2
NCBITaxon:1385757	1
NCBITaxon:138595	4
NCBITaxon:1385975	4
NCBITaxon:1385984	2
NCBITaxon:1385996	1
NCBITaxon:1385997	1
NCBITaxon:1385998	1
NCBITaxon:1385999	1
NCBITaxon:1386	107
NCBITaxon:1386000	1
NCBITaxon:1386001	1
NCBITaxon:1386002	1
NCBITaxon:1386003	1
NCBITaxon:1386004	1
NCBITaxon:1386005	1
NCBITaxon:1386006	1
NCBITaxon:1386007	1
NCBITaxon:1386008	1
NCBITaxon:1386015	1
NCBITaxon:1386082	1
NCBITaxon:1386088	4
NCBITaxon:1386092	4
NCBITaxon:1386098	1
NCBITaxon:1386967	1
NCBITaxon:1386968	1
NCBITaxon:1387069	1
NCBITaxon:1387070	1
NCBITaxon:1387071	1
NCBITaxon:1387072	1
NCBITaxon:1387165	5
NCBITaxon:1387166	4
NCBITaxon:1387174	3
NCBITaxon:1387186	1
NCBITaxon:1387196	1
NCBITaxon:1387197	2
NCBITaxon:1387275	3
NCBITaxon:1387277	2
NCBITaxon:1387281	1
NCBITaxon:1387282	1
NCBITaxon:1387297	4
NCBITaxon:1387313	3
NCBITaxon:1387330	1
NCBITaxon:1387331	1
NCBITaxon:1387332	1
NCBITaxon:1387333	1
NCBITaxon:1387334	1
NCBITaxon:1387335	1
NCBITaxon:1387336	1
NCBITaxon:1387337	1
NCBITaxon:1387338	1
NCBITaxon:1387339	1
NCBITaxon:1387340	1
NCBITaxon:1387341	1
NCBITaxon:1387342	1
NCBITaxon:1387343	1
NCBITaxon:1387344	1
NCBITaxon:1387345	1
NCBITaxon:1387346	1
NCBITaxon:1387347	1
NCBITaxon:1387348	1
NCBITaxon:1387349	1
NCBITaxon:1387350	1
NCBITaxon:1387351	1
NCBITaxon:1387353	3
NCBITaxon:1387507	15
NCBITaxon:1387555	1
NCBITaxon:1387556	1
NCBITaxon:1387557	1
NCBITaxon:1387558	1
NCBITaxon:1387559	1
NCBITaxon:1387560	1
NCBITaxon:1387563	1
NCBITaxon:1387568	1
NCBITaxon:1387703	1
NCBITaxon:1387704	1
NCBITaxon:1387705	1
NCBITaxon:1387706	1
NCBITaxon:1387707	1
NCBITaxon:1387708	1
NCBITaxon:1387709	1
NCBITaxon:1387710	1
NCBITaxon:1387711	1
NCBITaxon:1387712	1
NCBITaxon:1387713	3
NCBITaxon:1387716	3
NCBITaxon:1387779	2
NCBITaxon:1387834	4
NCBITaxon:1387849	1
NCBITaxon:1387883	2
NCBITaxon:1387982	3
NCBITaxon:1387985	3
NCBITaxon:1388003	1
NCBITaxon:1388318	1
NCBITaxon:138851	7
NCBITaxon:1388749	1
NCBITaxon:1388750	1
NCBITaxon:1388751	1
NCBITaxon:1388752	1
NCBITaxon:1388761	1
NCBITaxon:1388766	1
NCBITaxon:1389020	3
NCBITaxon:1389135	1
NCBITaxon:1389218	1
NCBITaxon:1389223	2
NCBITaxon:1389228	2
NCBITaxon:1389454	1
NCBITaxon:1389485	1
NCBITaxon:1389486	1
NCBITaxon:1389487	1
NCBITaxon:1389488	1
NCBITaxon:1389489	1
NCBITaxon:1389713	5
NCBITaxon:1389922	8
NCBITaxon:1389932	7
NCBITaxon:1389935	6
NCBITaxon:1389959	1
NCBITaxon:139	127
NCBITaxon:1390	310
NCBITaxon:1390075	1
NCBITaxon:139021	8
NCBITaxon:1390249	3
NCBITaxon:1390360	2
NCBITaxon:1390363	2
NCBITaxon:1390368	1
NCBITaxon:1390370	1
NCBITaxon:139077	3
NCBITaxon:139080	1
NCBITaxon:139090	1
NCBITaxon:139093	1
NCBITaxon:1391	69
NCBITaxon:1391043	1
NCBITaxon:1391222	3
NCBITaxon:139124	1
NCBITaxon:139132	1
NCBITaxon:1391464	1
NCBITaxon:1391470	1
NCBITaxon:1391471	1
NCBITaxon:1391472	1
NCBITaxon:1391473	1
NCBITaxon:1391474	1
NCBITaxon:1391475	1
NCBITaxon:1391476	1
NCBITaxon:1391477	1
NCBITaxon:1391478	1
NCBITaxon:1391479	1
NCBITaxon:1391480	1
NCBITaxon:1391481	1
NCBITaxon:1391482	1
NCBITaxon:1391483	1
NCBITaxon:1391484	1
NCBITaxon:1391485	1
NCBITaxon:1391486	1
NCBITaxon:1391487	1
NCBITaxon:1391488	1
NCBITaxon:1391489	1
NCBITaxon:1391490	1
NCBITaxon:1391491	1
NCBITaxon:1391492	1
NCBITaxon:1391493	1
NCBITaxon:1391494	1
NCBITaxon:1391495	1
NCBITaxon:1391496	1
NCBITaxon:1391497	1
NCBITaxon:1391627	2
NCBITaxon:1391653	2
NCBITaxon:1391654	3
NCBITaxon:1391910	2
NCBITaxon:1391911	56
NCBITaxon:1391990	1
NCBITaxon:1391991	1
NCBITaxon:1391992	1
NCBITaxon:1391993	1
NCBITaxon:1391994	1
NCBITaxon:1391995	1
NCBITaxon:1391996	1
NCBITaxon:1391997	1
NCBITaxon:1391998	1
NCBITaxon:1392	247
NCBITaxon:1392004	1
NCBITaxon:139207	2
NCBITaxon:139208	7
NCBITaxon:1392244	1
NCBITaxon:1392253	1
NCBITaxon:1392476	1
NCBITaxon:1392499	1
NCBITaxon:1392505	1
NCBITaxon:1392506	1
NCBITaxon:1392507	1
NCBITaxon:1392508	1
NCBITaxon:1392640	1
NCBITaxon:1392641	1
NCBITaxon:1392758	4
NCBITaxon:1392775	1
NCBITaxon:1392788	1
NCBITaxon:1392837	1
NCBITaxon:1392851	1
NCBITaxon:1392869	12
NCBITaxon:1392877	1
NCBITaxon:1392997	5
NCBITaxon:1392998	4
NCBITaxon:1393	45
NCBITaxon:139300	1
NCBITaxon:139302	1
NCBITaxon:1393034	5
NCBITaxon:1393049	1
NCBITaxon:1393051	1
NCBITaxon:1393122	3
NCBITaxon:139363	1
NCBITaxon:1393735	1
NCBITaxon:139386	1
NCBITaxon:1394	2
NCBITaxon:139406	1
NCBITaxon:139407	2
NCBITaxon:139415	1
NCBITaxon:139424	1
NCBITaxon:139438	4
NCBITaxon:1394850	1
NCBITaxon:1394984	1
NCBITaxon:1395102	1
NCBITaxon:1395103	1
NCBITaxon:1395104	1
NCBITaxon:1395106	1
NCBITaxon:1395107	1
NCBITaxon:1395108	1
NCBITaxon:1395109	1
NCBITaxon:1395110	1
NCBITaxon:1395111	1
NCBITaxon:1395112	1
NCBITaxon:1395113	1
NCBITaxon:1395114	1
NCBITaxon:1395116	1
NCBITaxon:1395117	1
NCBITaxon:1395118	1
NCBITaxon:1395119	1
NCBITaxon:1395121	1
NCBITaxon:1395124	1
NCBITaxon:1395125	1
NCBITaxon:1395571	1
NCBITaxon:1395572	1
NCBITaxon:1395574	1
NCBITaxon:1395575	1
NCBITaxon:1395589	1
NCBITaxon:1395607	2
NCBITaxon:1395608	2
NCBITaxon:1395674	1
NCBITaxon:1395890	1
NCBITaxon:1395944	6
NCBITaxon:1395951	1
NCBITaxon:1395955	2
NCBITaxon:1395958	1
NCBITaxon:1395960	1
NCBITaxon:1395974	2
NCBITaxon:1396	1519
NCBITaxon:1396488	1
NCBITaxon:1396493	1
NCBITaxon:1396502	1
NCBITaxon:1396505	2
NCBITaxon:1396512	1
NCBITaxon:1396819	3
NCBITaxon:1396821	2
NCBITaxon:1396826	10
NCBITaxon:1396831	1
NCBITaxon:1397	734
NCBITaxon:1397106	1
NCBITaxon:1397108	4
NCBITaxon:1397112	1
NCBITaxon:1397264	1
NCBITaxon:1397322	1
NCBITaxon:1397323	10
NCBITaxon:1397324	1
NCBITaxon:1397325	2
NCBITaxon:1397326	1
NCBITaxon:1397327	1
NCBITaxon:1397367	3
NCBITaxon:1397368	3
NCBITaxon:1397475	4
NCBITaxon:1397476	3
NCBITaxon:1397477	3
NCBITaxon:1397666	1
NCBITaxon:1397668	3
NCBITaxon:1397690	1
NCBITaxon:1397698	1
NCBITaxon:1397841	2
NCBITaxon:1397850	1
NCBITaxon:1397851	1
NCBITaxon:1397852	1
NCBITaxon:1397942	1
NCBITaxon:1397943	1
NCBITaxon:1397944	1
NCBITaxon:1397945	1
NCBITaxon:1397946	1
NCBITaxon:1397947	1
NCBITaxon:1397948	1
NCBITaxon:1397949	1
NCBITaxon:1397950	1
NCBITaxon:1397951	1
NCBITaxon:1397952	1
NCBITaxon:1397953	1
NCBITaxon:1397954	1
NCBITaxon:1397955	1
NCBITaxon:1397956	1
NCBITaxon:1397957	1
NCBITaxon:1397958	1
NCBITaxon:1397959	1
NCBITaxon:1397960	1
NCBITaxon:1397961	1
NCBITaxon:1397962	1
NCBITaxon:1397963	1
NCBITaxon:1397964	1
NCBITaxon:1397965	1
NCBITaxon:1397966	1
NCBITaxon:1397967	1
NCBITaxon:1397968	1
NCBITaxon:1397969	1
NCBITaxon:1397970	1
NCBITaxon:1397971	1
NCBITaxon:1397972	1
NCBITaxon:1397973	1
NCBITaxon:1397974	1
NCBITaxon:1397975	1
NCBITaxon:1397976	1
NCBITaxon:1397977	1
NCBITaxon:1397978	1
NCBITaxon:1397979	1
NCBITaxon:1397980	1
NCBITaxon:1397981	1
NCBITaxon:1397982	1
NCBITaxon:1397983	1
NCBITaxon:1397984	1
NCBITaxon:1397985	1
NCBITaxon:1397986	1
NCBITaxon:1397987	1
NCBITaxon:1397988	1
NCBITaxon:1397989	1
NCBITaxon:1397990	1
NCBITaxon:1397991	1
NCBITaxon:1397992	1
NCBITaxon:1397993	1
NCBITaxon:1397994	1
NCBITaxon:1397995	1
NCBITaxon:1398	386
NCBITaxon:139808	1
NCBITaxon:1398086	1
NCBITaxon:1398097	1
NCBITaxon:1398155	1
NCBITaxon:1398200	1
NCBITaxon:1398201	1
NCBITaxon:1398202	1
NCBITaxon:1398203	1
NCBITaxon:1398204	1
NCBITaxon:139825	2
NCBITaxon:1398493	10
NCBITaxon:1398664	3
NCBITaxon:1398745	1
NCBITaxon:1398775	1
NCBITaxon:1398908	1
NCBITaxon:1399	168
NCBITaxon:1399011	1
NCBITaxon:1399012	1
NCBITaxon:1399013	1
NCBITaxon:1399014	1
NCBITaxon:1399015	1
NCBITaxon:1399017	1
NCBITaxon:1399018	1
NCBITaxon:1399019	1
NCBITaxon:1399020	1
NCBITaxon:1399021	1
NCBITaxon:1399022	1
NCBITaxon:1399023	1
NCBITaxon:1399024	1
NCBITaxon:1399025	1
NCBITaxon:1399026	1
NCBITaxon:1399027	1
NCBITaxon:1399028	1
NCBITaxon:1399029	1
NCBITaxon:1399030	1
NCBITaxon:1399031	1
NCBITaxon:1399032	1
NCBITaxon:1399033	1
NCBITaxon:1399034	1
NCBITaxon:1399035	1
NCBITaxon:1399036	1
NCBITaxon:1399037	1
NCBITaxon:1399038	1
NCBITaxon:1399039	1
NCBITaxon:1399040	1
NCBITaxon:1399041	1
NCBITaxon:1399042	1
NCBITaxon:1399043	1
NCBITaxon:1399044	1
NCBITaxon:1399045	1
NCBITaxon:1399046	1
NCBITaxon:1399047	1
NCBITaxon:1399048	1
NCBITaxon:1399049	1
NCBITaxon:1399050	1
NCBITaxon:1399051	1
NCBITaxon:1399052	1
NCBITaxon:1399053	1
NCBITaxon:1399054	1
NCBITaxon:1399055	1
NCBITaxon:1399056	1
NCBITaxon:1399057	1
NCBITaxon:1399058	1
NCBITaxon:1399059	1
NCBITaxon:1399060	1
NCBITaxon:1399061	1
NCBITaxon:1399062	1
NCBITaxon:1399068	1
NCBITaxon:1399069	1
NCBITaxon:1399070	1
NCBITaxon:1399071	1
NCBITaxon:1399072	1
NCBITaxon:1399073	1
NCBITaxon:1399074	1
NCBITaxon:1399075	1
NCBITaxon:1399076	1
NCBITaxon:1399077	1
NCBITaxon:1399078	1
NCBITaxon:1399079	1
NCBITaxon:1399080	1
NCBITaxon:1399081	1
NCBITaxon:1399082	1
NCBITaxon:1399083	1
NCBITaxon:1399084	1
NCBITaxon:1399085	1
NCBITaxon:1399086	1
NCBITaxon:1399087	1
NCBITaxon:1399088	1
NCBITaxon:1399089	1
NCBITaxon:1399090	1
NCBITaxon:1399091	1
NCBITaxon:1399092	1
NCBITaxon:1399093	1
NCBITaxon:1399094	1
NCBITaxon:1399095	1
NCBITaxon:1399096	1
NCBITaxon:1399097	1
NCBITaxon:1399098	1
NCBITaxon:1399099	1
NCBITaxon:1399100	1
NCBITaxon:1399101	1
NCBITaxon:1399102	1
NCBITaxon:1399103	1
NCBITaxon:1399104	1
NCBITaxon:1399105	1
NCBITaxon:1399106	1
NCBITaxon:1399107	1
NCBITaxon:1399114	1
NCBITaxon:1399116	1
NCBITaxon:1399419	3
NCBITaxon:1399775	1
NCBITaxon:1399776	1
NCBITaxon:1399777	1
NCBITaxon:1399778	1
NCBITaxon:1399779	1
NCBITaxon:1399780	1
NCBITaxon:1399781	1
NCBITaxon:1399782	1
NCBITaxon:1399783	1
NCBITaxon:1399784	1
NCBITaxon:1399785	1
NCBITaxon:1399786	1
NCBITaxon:1399787	1
NCBITaxon:1399788	1
NCBITaxon:1399789	1
NCBITaxon:1399790	1
NCBITaxon:1399791	1
NCBITaxon:1399792	1
NCBITaxon:1399794	1
NCBITaxon:1399846	1
NCBITaxon:1399860	2
NCBITaxon:1399891	2
NCBITaxon:1399968	4
NCBITaxon:1399969	4
NCBITaxon:14	1
NCBITaxon:140	2
NCBITaxon:1400001	1
NCBITaxon:1400053	1
NCBITaxon:1400057	3
NCBITaxon:1400063	1
NCBITaxon:1400155	1
NCBITaxon:140057	2
NCBITaxon:140058	1
NCBITaxon:1400760	1
NCBITaxon:1400806	1
NCBITaxon:1400811	1
NCBITaxon:1400812	1
NCBITaxon:1400813	1
NCBITaxon:1400814	1
NCBITaxon:1400979	1
NCBITaxon:140099	1
NCBITaxon:1401	50
NCBITaxon:1401087	3
NCBITaxon:1401251	1
NCBITaxon:1401257	1
NCBITaxon:1401264	3
NCBITaxon:1401325	1
NCBITaxon:1401326	1
NCBITaxon:1401441	4
NCBITaxon:1401443	1
NCBITaxon:1401547	3
NCBITaxon:1401690	1
NCBITaxon:140184	1
NCBITaxon:1401995	3
NCBITaxon:1402	1150
NCBITaxon:1402135	50
NCBITaxon:1402137	4
NCBITaxon:1402194	1
NCBITaxon:1402213	1
NCBITaxon:1402214	1
NCBITaxon:1402413	1
NCBITaxon:1402860	1
NCBITaxon:1402861	3
NCBITaxon:1402966	1
NCBITaxon:1402967	1
NCBITaxon:140312	1
NCBITaxon:140314	4
NCBITaxon:1403191	1
NCBITaxon:1403243	4
NCBITaxon:1403274	4
NCBITaxon:1403316	1
NCBITaxon:1403343	1
NCBITaxon:1403365	3
NCBITaxon:1403403	1
NCBITaxon:1403449	1
NCBITaxon:1403539	1
NCBITaxon:1403540	1
NCBITaxon:1403542	1
NCBITaxon:1403564	21
NCBITaxon:1403566	5
NCBITaxon:1403831	1
NCBITaxon:1404	797
NCBITaxon:1404244	5
NCBITaxon:1404245	1
NCBITaxon:1404258	1
NCBITaxon:1404341	1
NCBITaxon:1404360	1
NCBITaxon:1404367	4
NCBITaxon:1404411	2
NCBITaxon:1404429	1
NCBITaxon:1404443	1
NCBITaxon:1404768	1
NCBITaxon:1404864	2
NCBITaxon:1404888	1
NCBITaxon:1405	402
NCBITaxon:1405290	2
NCBITaxon:1405422	1
NCBITaxon:140563	1
NCBITaxon:1405803	1
NCBITaxon:1405805	8
NCBITaxon:1406	532
NCBITaxon:1406225	2
NCBITaxon:140626	7
NCBITaxon:1406314	1
NCBITaxon:1406329	1
NCBITaxon:1406512	2
NCBITaxon:1406860	2
NCBITaxon:1406863	1
NCBITaxon:1406873	1
NCBITaxon:1406902	1
NCBITaxon:1406906	4
NCBITaxon:1406948	1
NCBITaxon:1407	16
NCBITaxon:1407017	1
NCBITaxon:1407055	2
NCBITaxon:1407071	1
NCBITaxon:1407499	8
NCBITaxon:1407559	5
NCBITaxon:1407560	5
NCBITaxon:1407649	1
NCBITaxon:1407650	1
NCBITaxon:1408	628
NCBITaxon:1408103	1
NCBITaxon:1408159	1
NCBITaxon:1408161	1
NCBITaxon:1408176	1
NCBITaxon:1408191	2
NCBITaxon:1408204	2
NCBITaxon:1408260	1
NCBITaxon:1408281	4
NCBITaxon:1408282	1
NCBITaxon:1408315	1
NCBITaxon:1408318	1
NCBITaxon:1408329	1
NCBITaxon:1408338	1
NCBITaxon:1408341	1
NCBITaxon:1408360	1
NCBITaxon:1408415	3
NCBITaxon:1408429	1
NCBITaxon:1408435	1
NCBITaxon:1408445	3
NCBITaxon:1408453	1
NCBITaxon:1408457	1
NCBITaxon:1408458	1
NCBITaxon:1408460	1
NCBITaxon:1408471	1
NCBITaxon:1408477	1
NCBITaxon:1408545	3
NCBITaxon:1408819	2
NCBITaxon:1408887	1
NCBITaxon:1408904	1
NCBITaxon:1408905	1
NCBITaxon:1408906	1
NCBITaxon:1408907	1
NCBITaxon:1408908	1
NCBITaxon:1408909	1
NCBITaxon:1408910	1
NCBITaxon:1408911	1
NCBITaxon:1408912	1
NCBITaxon:1408913	1
NCBITaxon:1408914	1
NCBITaxon:1408915	1
NCBITaxon:1408916	1
NCBITaxon:1408917	1
NCBITaxon:1408918	1
NCBITaxon:1408919	1
NCBITaxon:140892	1
NCBITaxon:1408920	1
NCBITaxon:1408921	1
NCBITaxon:1408922	1
NCBITaxon:1408923	1
NCBITaxon:1408924	1
NCBITaxon:1408925	1
NCBITaxon:1408926	1
NCBITaxon:1408927	1
NCBITaxon:1408928	1
NCBITaxon:1408929	1
NCBITaxon:1408930	1
NCBITaxon:1408931	1
NCBITaxon:1408932	1
NCBITaxon:1408933	1
NCBITaxon:1408934	1
NCBITaxon:1408935	1
NCBITaxon:1408936	1
NCBITaxon:1408937	1
NCBITaxon:1408938	1
NCBITaxon:1408939	1
NCBITaxon:1408940	1
NCBITaxon:1408941	1
NCBITaxon:1408942	1
NCBITaxon:1408943	1
NCBITaxon:1408944	1
NCBITaxon:1408945	1
NCBITaxon:1408946	1
NCBITaxon:1408947	1
NCBITaxon:1408948	1
NCBITaxon:1408949	1
NCBITaxon:1408950	1
NCBITaxon:1408951	1
NCBITaxon:1408952	1
NCBITaxon:1408953	1
NCBITaxon:1408954	1
NCBITaxon:1408955	1
NCBITaxon:1408956	1
NCBITaxon:1408957	1
NCBITaxon:1408958	1
NCBITaxon:1408959	1
NCBITaxon:1408960	1
NCBITaxon:1408961	1
NCBITaxon:1408962	1
NCBITaxon:1408963	1
NCBITaxon:1408964	1
NCBITaxon:1408965	1
NCBITaxon:1408966	1
NCBITaxon:1408967	1
NCBITaxon:1408968	1
NCBITaxon:1408969	1
NCBITaxon:1408970	1
NCBITaxon:1408971	1
NCBITaxon:1408972	1
NCBITaxon:1408973	1
NCBITaxon:1408974	1
NCBITaxon:1408975	1
NCBITaxon:1409	38
NCBITaxon:1409679	1
NCBITaxon:1409788	2
NCBITaxon:1409960	1
NCBITaxon:1409966	1
NCBITaxon:1409986	1
NCBITaxon:1409987	1
NCBITaxon:1409988	1
NCBITaxon:1409989	1
NCBITaxon:1409990	1
NCBITaxon:1409991	1
NCBITaxon:1409992	1
NCBITaxon:1409993	1
NCBITaxon:1409994	1
NCBITaxon:1409995	1
NCBITaxon:1409996	1
NCBITaxon:1409999	1
NCBITaxon:1410000	1
NCBITaxon:1410009	2
NCBITaxon:1410040	1
NCBITaxon:1410383	2
NCBITaxon:1410384	1
NCBITaxon:1410605	1
NCBITaxon:1410606	3
NCBITaxon:1410651	1
NCBITaxon:1410667	1
NCBITaxon:1410669	1
NCBITaxon:1410675	1
NCBITaxon:1410680	1
NCBITaxon:1410681	2
NCBITaxon:1410916	1
NCBITaxon:1410917	1
NCBITaxon:1410918	1
NCBITaxon:1410919	1
NCBITaxon:1410920	1
NCBITaxon:1410921	1
NCBITaxon:1410922	1
NCBITaxon:1410923	1
NCBITaxon:1410924	1
NCBITaxon:1410925	1
NCBITaxon:1410926	1
NCBITaxon:1410927	1
NCBITaxon:1410928	1
NCBITaxon:1410929	1
NCBITaxon:1410930	1
NCBITaxon:1410931	1
NCBITaxon:1410932	1
NCBITaxon:1410933	1
NCBITaxon:1410936	1
NCBITaxon:1410937	1
NCBITaxon:1411	4
NCBITaxon:1411117	3
NCBITaxon:1411118	3
NCBITaxon:1411120	3
NCBITaxon:1411121	4
NCBITaxon:1411122	4
NCBITaxon:1411133	1
NCBITaxon:1411144	8
NCBITaxon:1411316	17
NCBITaxon:1411620	1
NCBITaxon:1411621	1
NCBITaxon:1411660	1
NCBITaxon:1411682	1
NCBITaxon:1411691	1
NCBITaxon:1411902	6
NCBITaxon:1411915	1
NCBITaxon:1412085	1
NCBITaxon:1412451	2
NCBITaxon:1412452	1
NCBITaxon:1412453	2
NCBITaxon:1412454	2
NCBITaxon:1412455	2
NCBITaxon:1412456	1
NCBITaxon:1412457	1
NCBITaxon:1412458	1
NCBITaxon:1412459	1
NCBITaxon:1412460	1
NCBITaxon:1412461	1
NCBITaxon:1412462	1
NCBITaxon:1412463	1
NCBITaxon:1412464	1
NCBITaxon:1412465	1
NCBITaxon:1412466	1
NCBITaxon:1412467	1
NCBITaxon:1412468	1
NCBITaxon:1412469	1
NCBITaxon:1412470	1
NCBITaxon:1412471	1
NCBITaxon:1412472	1
NCBITaxon:1412473	1
NCBITaxon:1412474	1
NCBITaxon:1412475	1
NCBITaxon:1412476	1
NCBITaxon:1412477	1
NCBITaxon:1412478	1
NCBITaxon:1412479	1
NCBITaxon:1412480	1
NCBITaxon:1412481	1
NCBITaxon:1412482	1
NCBITaxon:1412483	1
NCBITaxon:1412484	1
NCBITaxon:1412485	1
NCBITaxon:1412486	1
NCBITaxon:1412487	1
NCBITaxon:1412488	1
NCBITaxon:1412489	1
NCBITaxon:1412490	1
NCBITaxon:1412491	1
NCBITaxon:1412492	1
NCBITaxon:1412493	1
NCBITaxon:1412494	1
NCBITaxon:1412495	1
NCBITaxon:1412496	1
NCBITaxon:1412497	1
NCBITaxon:1412498	1
NCBITaxon:1412499	1
NCBITaxon:1412500	1
NCBITaxon:1412501	1
NCBITaxon:1412502	1
NCBITaxon:1412503	1
NCBITaxon:1412504	1
NCBITaxon:1412505	1
NCBITaxon:1412506	1
NCBITaxon:1412507	1
NCBITaxon:1412508	1
NCBITaxon:1412509	1
NCBITaxon:1412510	1
NCBITaxon:1412511	1
NCBITaxon:1412512	1
NCBITaxon:1412513	1
NCBITaxon:1412514	1
NCBITaxon:1412515	1
NCBITaxon:1412516	1
NCBITaxon:1412517	1
NCBITaxon:1412518	1
NCBITaxon:1412519	1
NCBITaxon:1412520	1
NCBITaxon:1412521	1
NCBITaxon:1412522	1
NCBITaxon:1412523	1
NCBITaxon:1412524	1
NCBITaxon:1412525	1
NCBITaxon:1412526	1
NCBITaxon:1412527	1
NCBITaxon:1412528	1
NCBITaxon:1412529	1
NCBITaxon:1412530	1
NCBITaxon:1412531	1
NCBITaxon:1412532	1
NCBITaxon:1412533	1
NCBITaxon:1412534	1
NCBITaxon:1412535	1
NCBITaxon:1412536	1
NCBITaxon:1412537	1
NCBITaxon:1412538	1
NCBITaxon:1412539	1
NCBITaxon:1412540	1
NCBITaxon:1412541	1
NCBITaxon:1412542	1
NCBITaxon:1412543	1
NCBITaxon:1412544	1
NCBITaxon:1412545	1
NCBITaxon:1412546	1
NCBITaxon:1412547	1
NCBITaxon:1412548	1
NCBITaxon:1412549	1
NCBITaxon:1412550	1
NCBITaxon:1412551	1
NCBITaxon:1412552	1
NCBITaxon:1412553	1
NCBITaxon:1412554	1
NCBITaxon:1412555	1
NCBITaxon:1412556	1
NCBITaxon:1412557	1
NCBITaxon:1412558	1
NCBITaxon:1412559	1
NCBITaxon:1412560	1
NCBITaxon:1412561	1
NCBITaxon:1412562	1
NCBITaxon:1412563	1
NCBITaxon:1412564	1
NCBITaxon:1412565	1
NCBITaxon:1412566	1
NCBITaxon:1412567	1
NCBITaxon:1412568	1
NCBITaxon:1412569	1
NCBITaxon:1412570	1
NCBITaxon:1412571	1
NCBITaxon:1412572	1
NCBITaxon:1412573	1
NCBITaxon:1412574	1
NCBITaxon:1412575	1
NCBITaxon:1412576	1
NCBITaxon:1412577	1
NCBITaxon:1412578	1
NCBITaxon:1412579	1
NCBITaxon:1412580	1
NCBITaxon:1412581	1
NCBITaxon:1412582	1
NCBITaxon:1412583	1
NCBITaxon:1412584	1
NCBITaxon:1412585	1
NCBITaxon:1412586	1
NCBITaxon:1412587	1
NCBITaxon:1412588	1
NCBITaxon:1412589	1
NCBITaxon:1412590	1
NCBITaxon:1412591	1
NCBITaxon:1412592	1
NCBITaxon:1412593	1
NCBITaxon:1412594	1
NCBITaxon:1412595	1
NCBITaxon:1412596	1
NCBITaxon:1412597	1
NCBITaxon:1412598	1
NCBITaxon:1412599	1
NCBITaxon:1412600	1
NCBITaxon:1412601	1
NCBITaxon:1412602	1
NCBITaxon:1412603	1
NCBITaxon:1412604	1
NCBITaxon:1412605	1
NCBITaxon:1412606	1
NCBITaxon:1412607	1
NCBITaxon:1412608	1
NCBITaxon:1412609	1
NCBITaxon:1412610	1
NCBITaxon:1412611	1
NCBITaxon:1412612	1
NCBITaxon:1412613	1
NCBITaxon:1412614	1
NCBITaxon:1412615	1
NCBITaxon:1412616	1
NCBITaxon:1412617	1
NCBITaxon:1412618	1
NCBITaxon:1412619	1
NCBITaxon:1412840	1
NCBITaxon:1412841	1
NCBITaxon:1412872	1
NCBITaxon:1413	3
NCBITaxon:1413210	3
NCBITaxon:1413211	2
NCBITaxon:1413213	1
NCBITaxon:1413215	1
NCBITaxon:1413216	1
NCBITaxon:1413221	1
NCBITaxon:1413252	1
NCBITaxon:1413253	1
NCBITaxon:141349	8
NCBITaxon:141389	4
NCBITaxon:141390	5
NCBITaxon:141413	1
NCBITaxon:141414	1
NCBITaxon:1414444	1
NCBITaxon:141450	1
NCBITaxon:141451	3
NCBITaxon:141454	1
NCBITaxon:1414626	1
NCBITaxon:1414629	1
NCBITaxon:1414643	7
NCBITaxon:1414648	1
NCBITaxon:1414654	1
NCBITaxon:1414673	1
NCBITaxon:1414719	3
NCBITaxon:1414720	14
NCBITaxon:1414721	6
NCBITaxon:1414722	1
NCBITaxon:1414727	1
NCBITaxon:1414836	1
NCBITaxon:1414851	2
NCBITaxon:1415168	1
NCBITaxon:1415170	2
NCBITaxon:1415402	4
NCBITaxon:1415606	1
NCBITaxon:1415657	1
NCBITaxon:1415773	1
NCBITaxon:1415775	1
NCBITaxon:1416533	1
NCBITaxon:1416627	1
NCBITaxon:1416746	1
NCBITaxon:1416747	1
NCBITaxon:1416748	1
NCBITaxon:1416749	1
NCBITaxon:1416754	1
NCBITaxon:1416776	7
NCBITaxon:1416778	4
NCBITaxon:1416779	5
NCBITaxon:141679	5
NCBITaxon:1416803	3
NCBITaxon:1416804	1
NCBITaxon:1416805	2
NCBITaxon:1416806	1
NCBITaxon:1416808	1
NCBITaxon:1416810	1
NCBITaxon:1416875	1
NCBITaxon:1416876	3
NCBITaxon:1416877	4
NCBITaxon:141692	3
NCBITaxon:141693	6
NCBITaxon:1416943	1
NCBITaxon:1416969	1
NCBITaxon:1417629	4
NCBITaxon:1417852	3
NCBITaxon:1417980	4
NCBITaxon:1417983	1
NCBITaxon:1418	2
NCBITaxon:1418115	1
NCBITaxon:1418116	1
NCBITaxon:1418234	2
NCBITaxon:141855	1
NCBITaxon:1419009	1
NCBITaxon:1419050	1
NCBITaxon:1419051	1
NCBITaxon:1419263	1
NCBITaxon:1419277	4
NCBITaxon:141948	2
NCBITaxon:1419482	4
NCBITaxon:141949	4
NCBITaxon:1419723	1
NCBITaxon:141974	1
NCBITaxon:1419947	1
NCBITaxon:142	1
NCBITaxon:142058	1
NCBITaxon:1420583	1
NCBITaxon:1420588	1
NCBITaxon:1420591	4
NCBITaxon:1420851	4
NCBITaxon:1420889	3
NCBITaxon:1420891	1
NCBITaxon:1420895	1
NCBITaxon:1420899	3
NCBITaxon:1420916	5
NCBITaxon:1420917	10
NCBITaxon:1421	235
NCBITaxon:1421019	3
NCBITaxon:1421026	1
NCBITaxon:1421430	5
NCBITaxon:142182	42
NCBITaxon:142187	1
NCBITaxon:1422	434
NCBITaxon:1422835	1
NCBITaxon:1422844	1
NCBITaxon:1422845	1
NCBITaxon:1422846	1
NCBITaxon:1423	3291
NCBITaxon:1423139	1
NCBITaxon:1423144	4
NCBITaxon:1423150	1
NCBITaxon:1423714	2
NCBITaxon:1423715	1
NCBITaxon:1423717	5
NCBITaxon:1423721	2
NCBITaxon:1423722	1
NCBITaxon:1423724	2
NCBITaxon:1423730	2
NCBITaxon:1423732	3
NCBITaxon:1423733	2
NCBITaxon:1423734	2
NCBITaxon:1423736	2
NCBITaxon:1423740	2
NCBITaxon:1423742	2
NCBITaxon:1423743	2
NCBITaxon:1423744	2
NCBITaxon:1423745	2
NCBITaxon:1423747	2
NCBITaxon:1423748	2
NCBITaxon:1423751	3
NCBITaxon:1423754	2
NCBITaxon:1423755	2
NCBITaxon:1423757	2
NCBITaxon:1423758	2
NCBITaxon:1423764	2
NCBITaxon:1423765	2
NCBITaxon:1423766	2
NCBITaxon:1423767	2
NCBITaxon:1423768	4
NCBITaxon:1423769	2
NCBITaxon:1423772	2
NCBITaxon:1423775	3
NCBITaxon:1423776	2
NCBITaxon:1423778	2
NCBITaxon:1423780	3
NCBITaxon:1423781	2
NCBITaxon:1423783	3
NCBITaxon:1423784	2
NCBITaxon:1423785	2
NCBITaxon:1423786	2
NCBITaxon:1423790	3
NCBITaxon:1423795	2
NCBITaxon:1423797	3
NCBITaxon:1423798	2
NCBITaxon:1423799	2
NCBITaxon:1423800	1
NCBITaxon:1423801	2
NCBITaxon:1423802	2
NCBITaxon:1423803	2
NCBITaxon:1423804	2
NCBITaxon:1423806	2
NCBITaxon:1423807	2
NCBITaxon:1423810	2
NCBITaxon:1423814	2
NCBITaxon:1423815	2
NCBITaxon:1423816	2
NCBITaxon:1423818	1
NCBITaxon:1423820	2
NCBITaxon:1423821	2
NCBITaxon:1423822	2
NCBITaxon:1423823	2
NCBITaxon:1423824	2
NCBITaxon:1423827	2
NCBITaxon:1423828	3
NCBITaxon:1423830	1
NCBITaxon:1423831	2
NCBITaxon:1423833	3
NCBITaxon:1423895	1
NCBITaxon:1423896	1
NCBITaxon:1423897	1
NCBITaxon:1423898	1
NCBITaxon:1423899	1
NCBITaxon:1423901	1
NCBITaxon:1423902	1
NCBITaxon:1423903	1
NCBITaxon:1423904	1
NCBITaxon:1423905	1
NCBITaxon:1423906	1
NCBITaxon:1423907	1
NCBITaxon:1423908	1
NCBITaxon:1423910	1
NCBITaxon:1423911	1
NCBITaxon:1423912	1
NCBITaxon:1423914	1
NCBITaxon:1423959	4
NCBITaxon:1424080	4
NCBITaxon:1424081	5
NCBITaxon:1424203	2
NCBITaxon:1424294	1
NCBITaxon:1424301	1
NCBITaxon:1424334	3
NCBITaxon:1424426	1
NCBITaxon:1424467	1
NCBITaxon:142461	23
NCBITaxon:1424653	4
NCBITaxon:1424659	4
NCBITaxon:1424661	4
NCBITaxon:142479	1
NCBITaxon:142554	1
NCBITaxon:142586	2
NCBITaxon:142588	3
NCBITaxon:1425883	1
NCBITaxon:1426	65
NCBITaxon:142649	2
NCBITaxon:142651	2
NCBITaxon:1427151	2
NCBITaxon:1427296	1
NCBITaxon:1427332	1
NCBITaxon:1427356	2
NCBITaxon:1427361	1
NCBITaxon:1427364	34
NCBITaxon:1427372	3
NCBITaxon:1427494	1
NCBITaxon:1427523	5
NCBITaxon:1427535	5
NCBITaxon:1427538	5
NCBITaxon:1427541	4
NCBITaxon:1427754	7
NCBITaxon:1428	1598
NCBITaxon:1428314	6
NCBITaxon:142834	3
NCBITaxon:142842	1
NCBITaxon:1428454	1
NCBITaxon:1428620	3
NCBITaxon:1428626	1
NCBITaxon:1428628	1
NCBITaxon:1428644	3
NCBITaxon:1428652	1
NCBITaxon:1428657	4
NCBITaxon:1428684	4
NCBITaxon:142877	1
NCBITaxon:1429043	3
NCBITaxon:1429045	1
NCBITaxon:1429073	5
NCBITaxon:1429076	5
NCBITaxon:1429082	2
NCBITaxon:1429083	1
NCBITaxon:1429085	1
NCBITaxon:1429090	1
NCBITaxon:1429438	1
NCBITaxon:1429439	1
NCBITaxon:1429883	1
NCBITaxon:1429914	2
NCBITaxon:1429915	2
NCBITaxon:1429917	1
NCBITaxon:1430	7
NCBITaxon:1430326	2
NCBITaxon:1430331	3
NCBITaxon:1430429	1
NCBITaxon:1430430	1
NCBITaxon:1430431	1
NCBITaxon:1430432	1
NCBITaxon:1430433	1
NCBITaxon:1430434	1
NCBITaxon:1430435	1
NCBITaxon:1430436	1
NCBITaxon:1430437	1
NCBITaxon:1430438	1
NCBITaxon:1430439	1
NCBITaxon:1431246	4
NCBITaxon:1431249	2
NCBITaxon:1431282	3
NCBITaxon:1431344	4
NCBITaxon:1431450	2
NCBITaxon:1431452	1
NCBITaxon:1431546	1
NCBITaxon:1431717	2
NCBITaxon:1431848	1
NCBITaxon:1431962	3
NCBITaxon:1432	2
NCBITaxon:1432009	1
NCBITaxon:1432046	1
NCBITaxon:1432047	1
NCBITaxon:1432048	1
NCBITaxon:1432049	1
NCBITaxon:1432050	2
NCBITaxon:1432051	3
NCBITaxon:1432052	23
NCBITaxon:1432055	1
NCBITaxon:1432056	1
NCBITaxon:1432097	1
NCBITaxon:143221	81
NCBITaxon:143222	1
NCBITaxon:143223	3
NCBITaxon:143224	10
NCBITaxon:1432324	1
NCBITaxon:1432327	2
NCBITaxon:1432384	1
NCBITaxon:1432385	1
NCBITaxon:1432562	1
NCBITaxon:1432564	1
NCBITaxon:1432652	1
NCBITaxon:1432656	2
NCBITaxon:1432657	1
NCBITaxon:1432788	3
NCBITaxon:1432792	4
NCBITaxon:1433	14
NCBITaxon:1433126	3
NCBITaxon:1433144	2
NCBITaxon:1433285	1
NCBITaxon:1433403	2
NCBITaxon:1433415	1
NCBITaxon:1433416	1
NCBITaxon:1433417	1
NCBITaxon:1433418	1
NCBITaxon:1433513	1
NCBITaxon:1433523	1
NCBITaxon:1433544	1
NCBITaxon:143361	2
NCBITaxon:1433843	1
NCBITaxon:143387	21
NCBITaxon:143388	1
NCBITaxon:1433999	2
NCBITaxon:1434011	2
NCBITaxon:1434014	2
NCBITaxon:1434018	2
NCBITaxon:1434048	1
NCBITaxon:1434049	1
NCBITaxon:1434066	1
NCBITaxon:1434071	1
NCBITaxon:1434072	1
NCBITaxon:1434109	1
NCBITaxon:1434110	2
NCBITaxon:1434126	1
NCBITaxon:1434191	2
NCBITaxon:1434255	7
NCBITaxon:1434256	4
NCBITaxon:1434258	1
NCBITaxon:1434259	1
NCBITaxon:1434260	1
NCBITaxon:1434261	1
NCBITaxon:1434262	1
NCBITaxon:1434263	1
NCBITaxon:1434264	1
NCBITaxon:1434265	1
NCBITaxon:1434306	1
NCBITaxon:1434326	2
NCBITaxon:143450	1
NCBITaxon:143451	3
NCBITaxon:1434700	3
NCBITaxon:1434701	5
NCBITaxon:1434707	1
NCBITaxon:1434724	1
NCBITaxon:1434730	3
NCBITaxon:1434731	3
NCBITaxon:1434752	1
NCBITaxon:1434770	1
NCBITaxon:1434773	1
NCBITaxon:1434821	1
NCBITaxon:1434881	3
NCBITaxon:1434886	1
NCBITaxon:1434887	4
NCBITaxon:1434937	1
NCBITaxon:143495	3
NCBITaxon:1435017	1
NCBITaxon:1435035	1
NCBITaxon:1435036	5
NCBITaxon:1435069	4
NCBITaxon:1435070	1
NCBITaxon:1435342	3
NCBITaxon:1435347	5
NCBITaxon:1435348	4
NCBITaxon:1435349	1
NCBITaxon:1435357	1
NCBITaxon:1435455	1
NCBITaxon:1435463	1
NCBITaxon:1435465	4
NCBITaxon:1435466	1
NCBITaxon:1435645	1
NCBITaxon:1435980	13
NCBITaxon:1436	1
NCBITaxon:1436000	1
NCBITaxon:1436010	3
NCBITaxon:1436120	3
NCBITaxon:1436122	3
NCBITaxon:1436133	3
NCBITaxon:1436140	1
NCBITaxon:1436175	2
NCBITaxon:1436176	1
NCBITaxon:1436177	2
NCBITaxon:1436299	1
NCBITaxon:1436301	1
NCBITaxon:1436302	1
NCBITaxon:143672	1
NCBITaxon:1436798	4
NCBITaxon:1436884	1
NCBITaxon:1436885	1
NCBITaxon:1436886	11
NCBITaxon:1436961	1
NCBITaxon:1436965	4
NCBITaxon:1436998	1
NCBITaxon:1437008	1
NCBITaxon:1437009	5
NCBITaxon:1437059	3
NCBITaxon:1437113	1
NCBITaxon:1437280	4
NCBITaxon:1437324	4
NCBITaxon:1437360	6
NCBITaxon:1437364	1
NCBITaxon:1437425	1
NCBITaxon:1437434	1
NCBITaxon:1437442	1
NCBITaxon:1437453	4
NCBITaxon:1437523	2
NCBITaxon:1437595	1
NCBITaxon:1437597	3
NCBITaxon:1437602	1
NCBITaxon:1437605	2
NCBITaxon:1437606	1
NCBITaxon:1437607	1
NCBITaxon:1437608	1
NCBITaxon:1437609	1
NCBITaxon:1437610	1
NCBITaxon:1437611	3
NCBITaxon:1437612	2
NCBITaxon:1437774	1
NCBITaxon:143778	1
NCBITaxon:1437816	3
NCBITaxon:1437825	1
NCBITaxon:1437826	1
NCBITaxon:1437877	1
NCBITaxon:1437878	1
NCBITaxon:143794	1
NCBITaxon:1438822	1
NCBITaxon:1438823	1
NCBITaxon:1438824	1
NCBITaxon:1438825	1
NCBITaxon:1438826	1
NCBITaxon:1438827	1
NCBITaxon:1438828	1
NCBITaxon:1438829	1
NCBITaxon:1438832	1
NCBITaxon:1438834	1
NCBITaxon:1438836	1
NCBITaxon:1438839	1
NCBITaxon:1438840	1
NCBITaxon:1438841	1
NCBITaxon:1438855	1
NCBITaxon:1438867	1
NCBITaxon:1438875	1
NCBITaxon:1438876	1
NCBITaxon:1438877	1
NCBITaxon:1438878	1
NCBITaxon:1438879	1
NCBITaxon:1438880	1
NCBITaxon:1438881	1
NCBITaxon:1438882	1
NCBITaxon:1438883	1
NCBITaxon:1438884	1
NCBITaxon:1438885	1
NCBITaxon:1438886	1
NCBITaxon:1438887	1
NCBITaxon:1438888	1
NCBITaxon:1438889	1
NCBITaxon:1438890	1
NCBITaxon:1438891	1
NCBITaxon:1438892	1
NCBITaxon:1439316	1
NCBITaxon:1439319	1
NCBITaxon:1439323	1
NCBITaxon:1439352	11
NCBITaxon:1439726	3
NCBITaxon:1439825	1
NCBITaxon:1439826	1
NCBITaxon:1439827	1
NCBITaxon:1439828	1
NCBITaxon:1439829	1
NCBITaxon:1439830	1
NCBITaxon:1439841	1
NCBITaxon:1439842	1
NCBITaxon:1439843	1
NCBITaxon:1439845	1
NCBITaxon:1439846	1
NCBITaxon:1439888	4
NCBITaxon:1439940	1
NCBITaxon:1440	2
NCBITaxon:1440053	1
NCBITaxon:1440058	1
NCBITaxon:1440115	1
NCBITaxon:1440133	2
NCBITaxon:1440158	1
NCBITaxon:144022	5
NCBITaxon:144023	2
NCBITaxon:144025	4
NCBITaxon:144026	4
NCBITaxon:144055	6
NCBITaxon:1440630	1
NCBITaxon:1440763	1
NCBITaxon:1440768	1
NCBITaxon:1440769	1
NCBITaxon:1440770	1
NCBITaxon:1440774	2
NCBITaxon:1441	3
NCBITaxon:1441095	2
NCBITaxon:1441384	1
NCBITaxon:1441386	3
NCBITaxon:1441466	1
NCBITaxon:1441467	1
NCBITaxon:1441469	1
NCBITaxon:1441626	1
NCBITaxon:1441627	1
NCBITaxon:1441723	5
NCBITaxon:144178	2
NCBITaxon:144183	6
NCBITaxon:144184	2
NCBITaxon:144185	49
NCBITaxon:1441873	3
NCBITaxon:1441875	1
NCBITaxon:1441876	3
NCBITaxon:1441878	3
NCBITaxon:144191	3
NCBITaxon:1442	2
NCBITaxon:1442032	1
NCBITaxon:1442076	1
NCBITaxon:1442179	2
NCBITaxon:1442366	1
NCBITaxon:1442381	1
NCBITaxon:1442385	1
NCBITaxon:1442586	1
NCBITaxon:1442587	1
NCBITaxon:1442595	1
NCBITaxon:1443036	3
NCBITaxon:1443073	1
NCBITaxon:1443074	5
NCBITaxon:1443116	1
NCBITaxon:1443117	1
NCBITaxon:1443118	1
NCBITaxon:1443119	1
NCBITaxon:1443120	1
NCBITaxon:1443121	1
NCBITaxon:1443122	1
NCBITaxon:1443123	1
NCBITaxon:1443124	1
NCBITaxon:1443125	1
NCBITaxon:1443126	1
NCBITaxon:1443127	1
NCBITaxon:1443128	1
NCBITaxon:1443141	1
NCBITaxon:1443279	5
NCBITaxon:1443434	2
NCBITaxon:1443435	1
NCBITaxon:1443441	3
NCBITaxon:1443666	1
NCBITaxon:1443800	4
NCBITaxon:1443888	1
NCBITaxon:1443889	1
NCBITaxon:1443890	1
NCBITaxon:1443891	1
NCBITaxon:1443892	1
NCBITaxon:1443893	1
NCBITaxon:1443894	1
NCBITaxon:1443895	1
NCBITaxon:1443896	1
NCBITaxon:1443897	1
NCBITaxon:1443898	1
NCBITaxon:1443899	1
NCBITaxon:1443900	1
NCBITaxon:1443901	1
NCBITaxon:1443902	1
NCBITaxon:1443903	1
NCBITaxon:1443905	2
NCBITaxon:1443919	2
NCBITaxon:1443941	4
NCBITaxon:1443995	1
NCBITaxon:1444	2
NCBITaxon:1444039	1
NCBITaxon:1444067	1
NCBITaxon:1444288	1
NCBITaxon:1444289	1
NCBITaxon:1444290	1
NCBITaxon:1444684	1
NCBITaxon:1444711	1
NCBITaxon:1444712	1
NCBITaxon:1444770	34
NCBITaxon:1444977	5
NCBITaxon:1445	24
NCBITaxon:1445034	1
NCBITaxon:144530	1
NCBITaxon:144538	1
NCBITaxon:144539	1
NCBITaxon:144541	1
NCBITaxon:144549	1
NCBITaxon:144550	2
NCBITaxon:1445504	2
NCBITaxon:1445511	1
NCBITaxon:1445512	1
NCBITaxon:1445513	6
NCBITaxon:1445552	1
NCBITaxon:1445606	1
NCBITaxon:1445610	1
NCBITaxon:1445613	1
NCBITaxon:1445614	5
NCBITaxon:1445656	1
NCBITaxon:1445657	1
NCBITaxon:1445661	1
NCBITaxon:1445662	1
NCBITaxon:1446465	1
NCBITaxon:1446466	1
NCBITaxon:1446476	2
NCBITaxon:1446477	1
NCBITaxon:1446479	1
NCBITaxon:1446497	1
NCBITaxon:1446498	1
NCBITaxon:1446499	1
NCBITaxon:1446500	1
NCBITaxon:1446501	1
NCBITaxon:1446502	1
NCBITaxon:1446503	1
NCBITaxon:1446504	1
NCBITaxon:1446505	1
NCBITaxon:1446506	1
NCBITaxon:1446507	1
NCBITaxon:1446508	1
NCBITaxon:1446509	1
NCBITaxon:1446510	1
NCBITaxon:1446511	1
NCBITaxon:1446512	1
NCBITaxon:1446513	1
NCBITaxon:1446514	1
NCBITaxon:1446515	1
NCBITaxon:1446516	1
NCBITaxon:1446517	1
NCBITaxon:1446518	1
NCBITaxon:1446519	1
NCBITaxon:1446520	1
NCBITaxon:1446521	1
NCBITaxon:1446522	1
NCBITaxon:1446523	1
NCBITaxon:1446524	1
NCBITaxon:1446525	1
NCBITaxon:1446526	1
NCBITaxon:1446527	1
NCBITaxon:1446528	1
NCBITaxon:1446529	1
NCBITaxon:1446530	1
NCBITaxon:1446531	1
NCBITaxon:1446532	1
NCBITaxon:1446533	1
NCBITaxon:1446534	1
NCBITaxon:1446535	1
NCBITaxon:1446536	1
NCBITaxon:1446537	1
NCBITaxon:1446538	1
NCBITaxon:1446539	1
NCBITaxon:1446540	1
NCBITaxon:1446541	1
NCBITaxon:1446542	1
NCBITaxon:1446543	1
NCBITaxon:1446545	1
NCBITaxon:1446546	1
NCBITaxon:1446547	1
NCBITaxon:1446548	1
NCBITaxon:1446549	1
NCBITaxon:1446551	1
NCBITaxon:1446552	1
NCBITaxon:1446553	1
NCBITaxon:1446554	1
NCBITaxon:1446555	1
NCBITaxon:1446556	1
NCBITaxon:1446557	1
NCBITaxon:1446558	1
NCBITaxon:1446559	1
NCBITaxon:1446560	1
NCBITaxon:1446561	1
NCBITaxon:1446562	1
NCBITaxon:1446563	1
NCBITaxon:1446564	1
NCBITaxon:1446565	1
NCBITaxon:1446566	1
NCBITaxon:1446567	1
NCBITaxon:1446568	1
NCBITaxon:1446569	1
NCBITaxon:1446570	1
NCBITaxon:1446571	1
NCBITaxon:1446572	1
NCBITaxon:1446573	1
NCBITaxon:1446574	1
NCBITaxon:1446575	1
NCBITaxon:1446576	1
NCBITaxon:1446578	1
NCBITaxon:1446580	1
NCBITaxon:1446581	1
NCBITaxon:1446582	1
NCBITaxon:1446583	1
NCBITaxon:1446584	1
NCBITaxon:1446585	1
NCBITaxon:1446586	1
NCBITaxon:1446587	1
NCBITaxon:1446588	1
NCBITaxon:1446589	1
NCBITaxon:1446590	1
NCBITaxon:1446591	1
NCBITaxon:1446592	1
NCBITaxon:1446593	1
NCBITaxon:1446594	1
NCBITaxon:1446595	1
NCBITaxon:1446596	1
NCBITaxon:1446597	1
NCBITaxon:1446599	1
NCBITaxon:1446601	1
NCBITaxon:1446603	1
NCBITaxon:1446605	1
NCBITaxon:1446606	1
NCBITaxon:1446607	1
NCBITaxon:1446608	1
NCBITaxon:1446609	1
NCBITaxon:1446610	1
NCBITaxon:1446611	1
NCBITaxon:1446612	1
NCBITaxon:1446613	1
NCBITaxon:1446614	1
NCBITaxon:1446615	1
NCBITaxon:1446616	1
NCBITaxon:1446617	1
NCBITaxon:1446618	1
NCBITaxon:1446619	1
NCBITaxon:1446620	1
NCBITaxon:1446621	1
NCBITaxon:1446622	1
NCBITaxon:1446623	1
NCBITaxon:1446624	1
NCBITaxon:1446625	1
NCBITaxon:1446626	1
NCBITaxon:1446627	1
NCBITaxon:1446628	1
NCBITaxon:1446629	1
NCBITaxon:1446630	1
NCBITaxon:1446631	1
NCBITaxon:1446632	1
NCBITaxon:1446633	1
NCBITaxon:1446634	1
NCBITaxon:1446635	1
NCBITaxon:1446636	1
NCBITaxon:1446637	1
NCBITaxon:1446638	1
NCBITaxon:1446639	1
NCBITaxon:1446640	1
NCBITaxon:1446641	1
NCBITaxon:1446642	1
NCBITaxon:1446643	1
NCBITaxon:1446644	1
NCBITaxon:1446645	1
NCBITaxon:1446646	1
NCBITaxon:1446647	1
NCBITaxon:1446648	1
NCBITaxon:1446649	1
NCBITaxon:1446650	1
NCBITaxon:1446651	1
NCBITaxon:1446652	1
NCBITaxon:1446653	1
NCBITaxon:1446654	1
NCBITaxon:1446655	1
NCBITaxon:1446656	1
NCBITaxon:1446657	1
NCBITaxon:1446658	1
NCBITaxon:1446659	1
NCBITaxon:1446660	1
NCBITaxon:1446661	1
NCBITaxon:1446662	1
NCBITaxon:1446663	1
NCBITaxon:1446664	1
NCBITaxon:1446665	1
NCBITaxon:1446666	1
NCBITaxon:1446667	1
NCBITaxon:1446668	1
NCBITaxon:1446669	1
NCBITaxon:1446670	1
NCBITaxon:1446671	1
NCBITaxon:1446672	1
NCBITaxon:1446673	1
NCBITaxon:1446674	1
NCBITaxon:1446675	1
NCBITaxon:1446676	1
NCBITaxon:1446677	1
NCBITaxon:1446678	1
NCBITaxon:1446679	1
NCBITaxon:1446680	1
NCBITaxon:1446681	1
NCBITaxon:1446682	1
NCBITaxon:1446683	1
NCBITaxon:1446684	1
NCBITaxon:1446685	1
NCBITaxon:1446686	1
NCBITaxon:1446687	1
NCBITaxon:1446688	1
NCBITaxon:1446689	1
NCBITaxon:1446690	1
NCBITaxon:1446691	1
NCBITaxon:1446692	1
NCBITaxon:1446693	1
NCBITaxon:1446694	1
NCBITaxon:1446695	1
NCBITaxon:1446696	1
NCBITaxon:1446697	1
NCBITaxon:1446698	1
NCBITaxon:1446700	1
NCBITaxon:1446701	2
NCBITaxon:1446702	1
NCBITaxon:1446703	1
NCBITaxon:1446704	1
NCBITaxon:1446706	1
NCBITaxon:1446707	1
NCBITaxon:1446708	1
NCBITaxon:1446710	1
NCBITaxon:1446711	1
NCBITaxon:1446712	1
NCBITaxon:1446713	1
NCBITaxon:1446714	1
NCBITaxon:1446715	1
NCBITaxon:1446716	1
NCBITaxon:1446717	1
NCBITaxon:1446718	1
NCBITaxon:1446719	1
NCBITaxon:1446720	1
NCBITaxon:1446721	1
NCBITaxon:1446722	1
NCBITaxon:1446723	1
NCBITaxon:1446724	1
NCBITaxon:1446725	1
NCBITaxon:1446726	1
NCBITaxon:1446727	1
NCBITaxon:1446728	1
NCBITaxon:1446729	1
NCBITaxon:1446730	1
NCBITaxon:1446731	1
NCBITaxon:1446732	1
NCBITaxon:1446733	1
NCBITaxon:1446734	1
NCBITaxon:1446735	1
NCBITaxon:1446737	1
NCBITaxon:1446739	1
NCBITaxon:1446740	1
NCBITaxon:1446741	1
NCBITaxon:1446742	1
NCBITaxon:1446743	1
NCBITaxon:1446744	1
NCBITaxon:1446745	1
NCBITaxon:1446746	3
NCBITaxon:1446747	1
NCBITaxon:1446748	1
NCBITaxon:1446750	1
NCBITaxon:1446751	1
NCBITaxon:1446752	1
NCBITaxon:1446753	1
NCBITaxon:1446754	1
NCBITaxon:1446756	1
NCBITaxon:1446760	1
NCBITaxon:1446761	1
NCBITaxon:1446762	1
NCBITaxon:1446763	1
NCBITaxon:1446764	1
NCBITaxon:1446765	1
NCBITaxon:1446766	1
NCBITaxon:1446768	1
NCBITaxon:144679	1
NCBITaxon:1446843	1
NCBITaxon:1447062	2
NCBITaxon:1447716	2
NCBITaxon:1447781	1
NCBITaxon:1447782	4
NCBITaxon:144786	2
NCBITaxon:1447872	1
NCBITaxon:1447875	1
NCBITaxon:1447883	1
NCBITaxon:1447940	1
NCBITaxon:1448051	8
NCBITaxon:1448059	1
NCBITaxon:1448141	1
NCBITaxon:1448143	1
NCBITaxon:1448266	1
NCBITaxon:1448267	1
NCBITaxon:1448271	2
NCBITaxon:1448840	1
NCBITaxon:1448849	1
NCBITaxon:1448850	1
NCBITaxon:1448857	2
NCBITaxon:1448860	1
NCBITaxon:1448929	1
NCBITaxon:1448933	18
NCBITaxon:1449	7
NCBITaxon:1449063	2
NCBITaxon:1449071	1
NCBITaxon:1449072	1
NCBITaxon:1449073	1
NCBITaxon:1449074	1
NCBITaxon:1449075	1
NCBITaxon:1449080	3
NCBITaxon:1449089	1
NCBITaxon:1449091	2
NCBITaxon:1449093	1
NCBITaxon:1449094	1
NCBITaxon:1449106	1
NCBITaxon:1449107	1
NCBITaxon:1449108	1
NCBITaxon:1449109	1
NCBITaxon:1449110	1
NCBITaxon:1449111	1
NCBITaxon:1449112	1
NCBITaxon:1449124	1
NCBITaxon:1449206	1
NCBITaxon:1449207	1
NCBITaxon:1449235	1
NCBITaxon:1449237	1
NCBITaxon:1449238	1
NCBITaxon:1449239	1
NCBITaxon:1449240	1
NCBITaxon:1449241	1
NCBITaxon:1449242	1
NCBITaxon:1449332	1
NCBITaxon:1449335	1
NCBITaxon:1449336	1
NCBITaxon:1449337	1
NCBITaxon:1449338	1
NCBITaxon:1449339	1
NCBITaxon:1449341	1
NCBITaxon:1449342	1
NCBITaxon:1449343	1
NCBITaxon:1449348	1
NCBITaxon:1449357	1
NCBITaxon:1449382	1
NCBITaxon:1449397	2
NCBITaxon:1449752	5
NCBITaxon:1449798	1
NCBITaxon:1449799	1
NCBITaxon:1449801	1
NCBITaxon:1449976	1
NCBITaxon:1449979	1
NCBITaxon:1449981	1
NCBITaxon:1450	40
NCBITaxon:1450019	3
NCBITaxon:1450134	5
NCBITaxon:1450148	4
NCBITaxon:1450156	3
NCBITaxon:1450165	4
NCBITaxon:1450171	2
NCBITaxon:1450204	1
NCBITaxon:1450224	4
NCBITaxon:1450449	1
NCBITaxon:1450518	1
NCBITaxon:1450520	1
NCBITaxon:1450521	1
NCBITaxon:1450522	1
NCBITaxon:1450523	1
NCBITaxon:1450527	1
NCBITaxon:1450529	1
NCBITaxon:1450530	1
NCBITaxon:1450533	2
NCBITaxon:1450535	1
NCBITaxon:1450552	1
NCBITaxon:1450648	2
NCBITaxon:1450649	4
NCBITaxon:1450699	1
NCBITaxon:1450761	1
NCBITaxon:1451	31
NCBITaxon:1451189	2
NCBITaxon:1451264	1
NCBITaxon:1451356	5
NCBITaxon:1451357	5
NCBITaxon:1451454	2
NCBITaxon:145168	1
NCBITaxon:1452	61
NCBITaxon:1452364	1
NCBITaxon:1452450	4
NCBITaxon:1452487	5
NCBITaxon:1452508	4
NCBITaxon:145260	8
NCBITaxon:145261	7
NCBITaxon:145262	44
NCBITaxon:145263	2
NCBITaxon:1452722	1
NCBITaxon:1452726	1
NCBITaxon:1452727	1
NCBITaxon:1452728	1
NCBITaxon:1452732	1
NCBITaxon:1452742	3
NCBITaxon:1452751	1
NCBITaxon:145285	7
NCBITaxon:145287	9
NCBITaxon:1453103	1
NCBITaxon:1453429	1
NCBITaxon:1453472	1
NCBITaxon:1453492	1
NCBITaxon:1453497	1
NCBITaxon:1453498	3
NCBITaxon:1453500	1
NCBITaxon:1453503	1
NCBITaxon:1453541	1
NCBITaxon:1453545	1
NCBITaxon:1453587	1
NCBITaxon:1453760	1
NCBITaxon:1453869	1
NCBITaxon:145387	1
NCBITaxon:1453870	1
NCBITaxon:145391	2
NCBITaxon:145393	2
NCBITaxon:1453986	1
NCBITaxon:1453987	1
NCBITaxon:1454	70
NCBITaxon:1454003	1
NCBITaxon:1454008	1
NCBITaxon:1454184	3
NCBITaxon:1454202	1
NCBITaxon:1454219	1
NCBITaxon:1454373	1
NCBITaxon:145458	52
NCBITaxon:1454583	1
NCBITaxon:1454584	1
NCBITaxon:1454585	1
NCBITaxon:1454586	1
NCBITaxon:1454587	1
NCBITaxon:1454588	1
NCBITaxon:1454589	1
NCBITaxon:1454590	1
NCBITaxon:1454591	1
NCBITaxon:1454592	1
NCBITaxon:1454593	1
NCBITaxon:1454594	1
NCBITaxon:1454595	1
NCBITaxon:1454596	1
NCBITaxon:1454597	1
NCBITaxon:1454598	1
NCBITaxon:1454599	1
NCBITaxon:1454600	1
NCBITaxon:1454601	1
NCBITaxon:1454602	1
NCBITaxon:1454603	1
NCBITaxon:1454604	1
NCBITaxon:1454605	1
NCBITaxon:1454606	1
NCBITaxon:1454607	1
NCBITaxon:1454608	1
NCBITaxon:1454609	1
NCBITaxon:1454610	1
NCBITaxon:1454611	1
NCBITaxon:1454612	1
NCBITaxon:1454613	1
NCBITaxon:1454614	1
NCBITaxon:1454615	1
NCBITaxon:1454616	1
NCBITaxon:1454617	1
NCBITaxon:1454618	1
NCBITaxon:1454619	1
NCBITaxon:1454620	1
NCBITaxon:1454621	1
NCBITaxon:1454622	1
NCBITaxon:1454623	1
NCBITaxon:1454624	1
NCBITaxon:1454625	1
NCBITaxon:1454626	1
NCBITaxon:1454627	1
NCBITaxon:1454628	1
NCBITaxon:1454629	1
NCBITaxon:1454630	1
NCBITaxon:1454631	1
NCBITaxon:1454632	1
NCBITaxon:1454633	1
NCBITaxon:1454634	1
NCBITaxon:1454635	1
NCBITaxon:1454636	1
NCBITaxon:1454637	1
NCBITaxon:1454638	1
NCBITaxon:1454639	1
NCBITaxon:1454640	1
NCBITaxon:1454641	1
NCBITaxon:1454642	1
NCBITaxon:1454643	1
NCBITaxon:1454644	1
NCBITaxon:1454645	1
NCBITaxon:1454646	1
NCBITaxon:1454647	1
NCBITaxon:1454753	1
NCBITaxon:145483	8
NCBITaxon:1455	59
NCBITaxon:1455061	2
NCBITaxon:145522	115
NCBITaxon:1455569	1
NCBITaxon:1455592	1
NCBITaxon:1455594	1
NCBITaxon:1455595	1
NCBITaxon:1455596	1
NCBITaxon:1455608	1
NCBITaxon:1455638	1
NCBITaxon:1455713	1
NCBITaxon:1456	5
NCBITaxon:1456591	1
NCBITaxon:1456769	4
NCBITaxon:1457	8
NCBITaxon:1457016	1
NCBITaxon:1457020	2
NCBITaxon:1457141	4
NCBITaxon:1457153	1
NCBITaxon:1457183	1
NCBITaxon:1457184	1
NCBITaxon:1457185	1
NCBITaxon:1457186	1
NCBITaxon:1457217	1
NCBITaxon:1457219	1
NCBITaxon:1457232	4
NCBITaxon:1457233	4
NCBITaxon:1457234	9
NCBITaxon:1457250	1
NCBITaxon:1457300	1
NCBITaxon:1457311	4
NCBITaxon:1457523	3
NCBITaxon:1458	46
NCBITaxon:1458206	1
NCBITaxon:1458253	17
NCBITaxon:1458263	1
NCBITaxon:1458267	1
NCBITaxon:1458274	1
NCBITaxon:1458275	1
NCBITaxon:1458307	4
NCBITaxon:1458336	3
NCBITaxon:1458337	3
NCBITaxon:1458355	3
NCBITaxon:1458357	3
NCBITaxon:1458358	1
NCBITaxon:1458425	2
NCBITaxon:1458426	1
NCBITaxon:1458439	1
NCBITaxon:1458461	2
NCBITaxon:1458466	1
NCBITaxon:1458503	29
NCBITaxon:1458515	9
NCBITaxon:145854	8
NCBITaxon:145857	3
NCBITaxon:1458845	1
NCBITaxon:1458900	1
NCBITaxon:1458930	2
NCBITaxon:1459	6
NCBITaxon:1459053	1
NCBITaxon:1459637	1
NCBITaxon:145971	5
NCBITaxon:1459942	3
NCBITaxon:145996	2
NCBITaxon:146	4
NCBITaxon:146017	7
NCBITaxon:146018	5
NCBITaxon:146020	5
NCBITaxon:146021	5
NCBITaxon:1460226	1
NCBITaxon:1460239	1
NCBITaxon:1460289	2
NCBITaxon:146035	10
NCBITaxon:1460373	1
NCBITaxon:1460381	1
NCBITaxon:1460421	1
NCBITaxon:1460447	3
NCBITaxon:1460450	4
NCBITaxon:146056	1
NCBITaxon:1460663	4
NCBITaxon:1460676	1
NCBITaxon:1460875	2
NCBITaxon:1460882	5
NCBITaxon:1460968	3
NCBITaxon:1461	6
NCBITaxon:1461000	4
NCBITaxon:1461024	1
NCBITaxon:1461025	3
NCBITaxon:1461247	4
NCBITaxon:1461250	3
NCBITaxon:1461259	1
NCBITaxon:1461260	1
NCBITaxon:1461261	3
NCBITaxon:1461322	6
NCBITaxon:1461337	1
NCBITaxon:1461338	1
NCBITaxon:1461376	1
NCBITaxon:1461577	3
NCBITaxon:1461579	4
NCBITaxon:1461580	4
NCBITaxon:1461581	1
NCBITaxon:1461582	1
NCBITaxon:1461583	1
NCBITaxon:1461584	1
NCBITaxon:1461596	1
NCBITaxon:1461693	1
NCBITaxon:1461694	1
NCBITaxon:1461763	1
NCBITaxon:1462	18
NCBITaxon:1462418	1
NCBITaxon:1462422	22
NCBITaxon:1462430	3
NCBITaxon:1462440	1
NCBITaxon:1462527	2
NCBITaxon:1462569	2
NCBITaxon:1462571	9
NCBITaxon:1462575	4
NCBITaxon:1462615	5
NCBITaxon:1462733	1
NCBITaxon:1462919	4
NCBITaxon:1462921	3
NCBITaxon:1462938	3
NCBITaxon:1462993	3
NCBITaxon:1462994	1
NCBITaxon:1462996	1
NCBITaxon:1462998	1
NCBITaxon:1462999	1
NCBITaxon:1463156	1
NCBITaxon:1463158	1
NCBITaxon:1463159	3
NCBITaxon:1463164	30
NCBITaxon:1463165	282
NCBITaxon:1463404	4
NCBITaxon:1463405	1
NCBITaxon:1463564	3
NCBITaxon:1463597	1
NCBITaxon:1463598	1
NCBITaxon:1463599	1
NCBITaxon:1463631	2
NCBITaxon:1463632	1
NCBITaxon:1463820	1
NCBITaxon:1463979	1
NCBITaxon:1464	219
NCBITaxon:1464011	5
NCBITaxon:1464038	4
NCBITaxon:1464048	2
NCBITaxon:1464056	2
NCBITaxon:1464070	4
NCBITaxon:1464077	2
NCBITaxon:1464078	1
NCBITaxon:1464079	2
NCBITaxon:1464081	1
NCBITaxon:1464122	1
NCBITaxon:1464124	1
NCBITaxon:1464554	3
NCBITaxon:146474	21
NCBITaxon:146475	10
NCBITaxon:146476	8
NCBITaxon:146479	1
NCBITaxon:1465	105
NCBITaxon:146536	10
NCBITaxon:146537	11
NCBITaxon:1465486	6
NCBITaxon:1465489	3
NCBITaxon:1465490	3
NCBITaxon:1465501	6
NCBITaxon:1465502	6
NCBITaxon:1465635	2
NCBITaxon:1465754	6
NCBITaxon:1465756	2
NCBITaxon:1465757	3
NCBITaxon:1465765	1
NCBITaxon:1465766	2
NCBITaxon:1465809	5
NCBITaxon:1465811	3
NCBITaxon:1465813	1
NCBITaxon:1465823	3
NCBITaxon:1465825	2
NCBITaxon:1465826	1
NCBITaxon:1467	117
NCBITaxon:146784	4
NCBITaxon:146785	2
NCBITaxon:1468	3
NCBITaxon:146802	1
NCBITaxon:146806	4
NCBITaxon:1468137	1
NCBITaxon:146817	1
NCBITaxon:146819	8
NCBITaxon:146820	6
NCBITaxon:146821	5
NCBITaxon:146825	2
NCBITaxon:1468259	5
NCBITaxon:146826	2
NCBITaxon:146827	7
NCBITaxon:146829	3
NCBITaxon:1468413	1
NCBITaxon:1468418	2
NCBITaxon:1468449	8
NCBITaxon:146866	1
NCBITaxon:146891	1
NCBITaxon:146897	1
NCBITaxon:146907	1
NCBITaxon:1469144	6
NCBITaxon:1469162	3
NCBITaxon:1469170	1
NCBITaxon:146918	8
NCBITaxon:146919	94
NCBITaxon:146920	5
NCBITaxon:146922	12
NCBITaxon:146923	21
NCBITaxon:146936	1
NCBITaxon:146937	2
NCBITaxon:146938	3
NCBITaxon:146939	11
NCBITaxon:146940	5
NCBITaxon:1469425	5
NCBITaxon:1469428	5
NCBITaxon:1469429	1
NCBITaxon:1469557	1
NCBITaxon:1469601	4
NCBITaxon:1469603	3
NCBITaxon:1469647	1
NCBITaxon:1469910	2
NCBITaxon:1469944	1
NCBITaxon:1469945	1
NCBITaxon:1469946	1
NCBITaxon:1469947	1
NCBITaxon:1469948	3
NCBITaxon:1469951	1
NCBITaxon:1469952	1
NCBITaxon:1469953	1
NCBITaxon:147	5
NCBITaxon:1470016	2
NCBITaxon:1470067	1
NCBITaxon:1470088	3
NCBITaxon:1470176	3
NCBITaxon:1470178	3
NCBITaxon:1470180	3
NCBITaxon:1470181	2
NCBITaxon:1470200	2
NCBITaxon:1470209	1
NCBITaxon:1470261	4
NCBITaxon:1470345	2
NCBITaxon:1470347	23
NCBITaxon:1470350	1
NCBITaxon:1470356	1
NCBITaxon:1470358	1
NCBITaxon:1470396	1
NCBITaxon:1470433	1
NCBITaxon:1470434	7
NCBITaxon:1470455	4
NCBITaxon:1470456	3
NCBITaxon:147047	2
NCBITaxon:1470541	1
NCBITaxon:1470560	1
NCBITaxon:1470561	1
NCBITaxon:1470562	4
NCBITaxon:1470563	4
NCBITaxon:147065	7
NCBITaxon:1471	6
NCBITaxon:1471381	10
NCBITaxon:1471398	2
NCBITaxon:1471400	5
NCBITaxon:1471401	4
NCBITaxon:1471438	1
NCBITaxon:1471439	1
NCBITaxon:1471590	5
NCBITaxon:1471761	1
NCBITaxon:1472	44
NCBITaxon:1472040	4
NCBITaxon:147206	8
NCBITaxon:147207	14
NCBITaxon:1472345	1
NCBITaxon:1472416	7
NCBITaxon:1472417	5
NCBITaxon:1472423	1
NCBITaxon:147248	6
NCBITaxon:1472640	4
NCBITaxon:1472641	4
NCBITaxon:147267	2
NCBITaxon:147268	3
NCBITaxon:1472722	3
NCBITaxon:1472723	3
NCBITaxon:1472724	3
NCBITaxon:1472761	6
NCBITaxon:1472765	2
NCBITaxon:1472767	1
NCBITaxon:1473	21
NCBITaxon:1473112	1
NCBITaxon:1473156	1
NCBITaxon:1473182	1
NCBITaxon:1473205	8
NCBITaxon:1473216	6
NCBITaxon:147329	1
NCBITaxon:147331	1
NCBITaxon:147332	1
NCBITaxon:147333	1
NCBITaxon:147334	1
NCBITaxon:147335	1
NCBITaxon:1473580	1
NCBITaxon:1473586	3
NCBITaxon:1473598	3
NCBITaxon:147375	2
NCBITaxon:147390	1
NCBITaxon:1474	73
NCBITaxon:147472	4
NCBITaxon:1474952	1
NCBITaxon:147497	1
NCBITaxon:147541	2
NCBITaxon:147548	1
NCBITaxon:1475481	3
NCBITaxon:1475483	1
NCBITaxon:1475485	3
NCBITaxon:147558	2
NCBITaxon:147560	2
NCBITaxon:147567	2
NCBITaxon:147570	1
NCBITaxon:147573	1
NCBITaxon:147577	5
NCBITaxon:1475951	4
NCBITaxon:1476	8
NCBITaxon:1476024	1
NCBITaxon:1476025	1
NCBITaxon:147645	10
NCBITaxon:1476462	1
NCBITaxon:1476463	1
NCBITaxon:1476464	2
NCBITaxon:1476465	1
NCBITaxon:1476466	1
NCBITaxon:1476543	3
NCBITaxon:1476583	3
NCBITaxon:1476604	1
NCBITaxon:1476748	2
NCBITaxon:1476858	2
NCBITaxon:1476870	3
NCBITaxon:1476871	1
NCBITaxon:1476959	3
NCBITaxon:1476961	1
NCBITaxon:1476971	1
NCBITaxon:1476996	4
NCBITaxon:1477	4
NCBITaxon:1477018	1
NCBITaxon:1477021	2
NCBITaxon:147709	13
NCBITaxon:1477105	1
NCBITaxon:1477437	1
NCBITaxon:1477506	4
NCBITaxon:1477517	1
NCBITaxon:1478	196
NCBITaxon:147802	106
NCBITaxon:1478134	1
NCBITaxon:1478153	1
NCBITaxon:1478199	2
NCBITaxon:1478215	3
NCBITaxon:1478221	1
NCBITaxon:147825	13
NCBITaxon:1479	32
NCBITaxon:1479025	2
NCBITaxon:1479233	2
NCBITaxon:1479485	1
NCBITaxon:1479486	1
NCBITaxon:1479511	4
NCBITaxon:1479524	1
NCBITaxon:148	1
NCBITaxon:1480121	1
NCBITaxon:1480615	1
NCBITaxon:1480675	1
NCBITaxon:1480694	1
NCBITaxon:1480696	1
NCBITaxon:148097	1
NCBITaxon:148098	1
NCBITaxon:1481457	1
NCBITaxon:1481663	29
NCBITaxon:1481665	1
NCBITaxon:1481893	1
NCBITaxon:1481894	1
NCBITaxon:1481905	2
NCBITaxon:1481906	1
NCBITaxon:1481914	4
NCBITaxon:1481923	5
NCBITaxon:1482	6
NCBITaxon:1482074	1
NCBITaxon:148219	1
NCBITaxon:1482676	2
NCBITaxon:1482717	1
NCBITaxon:1482730	3
NCBITaxon:1482731	2
NCBITaxon:1482732	2
NCBITaxon:1482736	3
NCBITaxon:1482737	3
NCBITaxon:148305	5
NCBITaxon:1483604	5
NCBITaxon:1484	8
NCBITaxon:1484053	4
NCBITaxon:1484056	2
NCBITaxon:1484116	1
NCBITaxon:1484158	1
NCBITaxon:1484332	1
NCBITaxon:1484460	1
NCBITaxon:148447	4
NCBITaxon:148448	4
NCBITaxon:148449	4
NCBITaxon:148453	2
NCBITaxon:148454	2
NCBITaxon:1484693	5
NCBITaxon:1484741	2
NCBITaxon:1484803	1
NCBITaxon:1484819	1
NCBITaxon:1484957	1
NCBITaxon:1485	1255
NCBITaxon:1485006	3
NCBITaxon:1485010	1
NCBITaxon:1485203	1
NCBITaxon:1485204	1
NCBITaxon:1485217	4
NCBITaxon:1485227	1
NCBITaxon:1485545	1
NCBITaxon:1485585	3
NCBITaxon:1485586	4
NCBITaxon:1485588	1
NCBITaxon:1485682	1
NCBITaxon:1485952	3
NCBITaxon:1486034	5
NCBITaxon:148604	45
NCBITaxon:1486245	1
NCBITaxon:1486246	12
NCBITaxon:1486257	5
NCBITaxon:1486262	1
NCBITaxon:1486281	8
NCBITaxon:148631	2
NCBITaxon:148633	1
NCBITaxon:148634	1
NCBITaxon:1486721	1
NCBITaxon:1486776	1
NCBITaxon:1486859	4
NCBITaxon:1486917	1
NCBITaxon:1486930	1
NCBITaxon:1487	1
NCBITaxon:1487565	1
NCBITaxon:1487582	3
NCBITaxon:1487602	1
NCBITaxon:1487726	10
NCBITaxon:1487859	4
NCBITaxon:1487865	1
NCBITaxon:1487935	1
NCBITaxon:1487956	1
NCBITaxon:1488	164
NCBITaxon:148813	4
NCBITaxon:148814	21
NCBITaxon:148818	2
NCBITaxon:1488331	4
NCBITaxon:1488406	3
NCBITaxon:1489064	1
NCBITaxon:148942	242
NCBITaxon:1489893	1
NCBITaxon:149	2
NCBITaxon:1490	16
NCBITaxon:1490030	1
NCBITaxon:1490041	4
NCBITaxon:149015	17
NCBITaxon:149016	6
NCBITaxon:1490168	1
NCBITaxon:149017	4
NCBITaxon:1490215	4
NCBITaxon:1490222	4
NCBITaxon:1490288	3
NCBITaxon:1490290	2
NCBITaxon:1490296	3
NCBITaxon:149040	3
NCBITaxon:1490975	1
NCBITaxon:1490976	1
NCBITaxon:1490977	1
NCBITaxon:1490980	1
NCBITaxon:1490981	1
NCBITaxon:1490982	1
NCBITaxon:1490983	1
NCBITaxon:1490984	1
NCBITaxon:1490985	1
NCBITaxon:1490986	1
NCBITaxon:1490987	1
NCBITaxon:1490989	1
NCBITaxon:1490990	1
NCBITaxon:1490993	1
NCBITaxon:1490994	1
NCBITaxon:1490995	1
NCBITaxon:1490996	1
NCBITaxon:1490998	1
NCBITaxon:1490999	1
NCBITaxon:1491	304
NCBITaxon:1491000	1
NCBITaxon:1491001	1
NCBITaxon:1491002	1
NCBITaxon:1491003	1
NCBITaxon:1491004	1
NCBITaxon:1491005	1
NCBITaxon:1491006	1
NCBITaxon:1491008	3
NCBITaxon:1491020	1
NCBITaxon:1491022	1
NCBITaxon:1491023	1
NCBITaxon:1491457	1
NCBITaxon:1491458	1
NCBITaxon:1491460	1
NCBITaxon:1491461	1
NCBITaxon:1491463	1
NCBITaxon:1491464	1
NCBITaxon:1491465	1
NCBITaxon:1491466	1
NCBITaxon:1491467	1
NCBITaxon:1491468	1
NCBITaxon:1491470	1
NCBITaxon:1491471	1
NCBITaxon:1491474	1
NCBITaxon:1491477	1
NCBITaxon:1491478	1
NCBITaxon:1491479	1
NCBITaxon:1491480	1
NCBITaxon:1491830	1
NCBITaxon:1491831	3
NCBITaxon:1492	234
NCBITaxon:1492737	1
NCBITaxon:1492738	1
NCBITaxon:1492769	4
NCBITaxon:1492771	2
NCBITaxon:1492898	1
NCBITaxon:1492901	1
NCBITaxon:1492905	1
NCBITaxon:1493	2
NCBITaxon:1493668	1
NCBITaxon:1493691	2
NCBITaxon:149385	52
NCBITaxon:149386	12
NCBITaxon:1493863	1
NCBITaxon:149387	15
NCBITaxon:1493872	3
NCBITaxon:149388	2
NCBITaxon:149390	15
NCBITaxon:149391	41
NCBITaxon:149392	1
NCBITaxon:1494	15
NCBITaxon:1494078	1
NCBITaxon:1494318	1
NCBITaxon:1494429	3
NCBITaxon:1494430	2
NCBITaxon:1494448	3
NCBITaxon:1494461	4
NCBITaxon:1494462	4
NCBITaxon:1494590	1
NCBITaxon:1494606	3
NCBITaxon:1494608	1
NCBITaxon:1494959	5
NCBITaxon:1494960	3
NCBITaxon:1494961	4
NCBITaxon:1494962	2
NCBITaxon:1494963	8
NCBITaxon:1494964	2
NCBITaxon:1495	6
NCBITaxon:1495039	1
NCBITaxon:1495050	1
NCBITaxon:1495066	3
NCBITaxon:1495200	3
NCBITaxon:1495315	1
NCBITaxon:149539	609
NCBITaxon:1495572	4
NCBITaxon:1495645	1
NCBITaxon:1495649	1
NCBITaxon:1495769	1
NCBITaxon:1495853	1
NCBITaxon:1496	1392
NCBITaxon:1496080	1
NCBITaxon:1496277	2
NCBITaxon:1496296	2
NCBITaxon:1496303	1
NCBITaxon:1496690	1
NCBITaxon:149696	1
NCBITaxon:149698	1
NCBITaxon:1496996	3
NCBITaxon:1497	3
NCBITaxon:1497020	1
NCBITaxon:149712	2
NCBITaxon:149715	1
NCBITaxon:1497346	2
NCBITaxon:1497374	1
NCBITaxon:1497396	4
NCBITaxon:1497615	5
NCBITaxon:1497681	9
NCBITaxon:1497997	1
NCBITaxon:1498	13
NCBITaxon:1498499	3
NCBITaxon:1498855	1
NCBITaxon:1499	2
NCBITaxon:1499308	1
NCBITaxon:1499314	1
NCBITaxon:1499498	1
NCBITaxon:1499499	1
NCBITaxon:1499500	1
NCBITaxon:1499502	1
NCBITaxon:1499503	1
NCBITaxon:1499504	1
NCBITaxon:1499679	1
NCBITaxon:1499680	2
NCBITaxon:1499683	4
NCBITaxon:1499684	1
NCBITaxon:1499685	4
NCBITaxon:1499686	2
NCBITaxon:1499687	2
NCBITaxon:1499688	1
NCBITaxon:1499689	3
NCBITaxon:1499966	1
NCBITaxon:1499967	1
NCBITaxon:1499973	28
NCBITaxon:1499975	1
NCBITaxon:150	3
NCBITaxon:1500003	2
NCBITaxon:1500077	5
NCBITaxon:150022	1
NCBITaxon:150024	4
NCBITaxon:150025	3
NCBITaxon:1500254	2
NCBITaxon:150026	6
NCBITaxon:1500311	1
NCBITaxon:150033	13
NCBITaxon:1500506	3
NCBITaxon:1500509	2
NCBITaxon:150053	2
NCBITaxon:1500538	2
NCBITaxon:1500539	1
NCBITaxon:1500547	36
NCBITaxon:1500549	1
NCBITaxon:150055	61
NCBITaxon:150056	10
NCBITaxon:150060	2
NCBITaxon:1500780	1
NCBITaxon:1500888	1
NCBITaxon:1500889	1
NCBITaxon:1500890	1
NCBITaxon:1500898	1
NCBITaxon:1500899	1
NCBITaxon:1500900	1
NCBITaxon:1500901	1
NCBITaxon:1500902	1
NCBITaxon:1500903	1
NCBITaxon:1500904	1
NCBITaxon:1500905	1
NCBITaxon:1500906	1
NCBITaxon:1500907	1
NCBITaxon:1500908	1
NCBITaxon:1500909	1
NCBITaxon:1500910	1
NCBITaxon:1500911	1
NCBITaxon:1500933	2
NCBITaxon:1500944	1
NCBITaxon:1500945	1
NCBITaxon:1500946	1
NCBITaxon:1500952	1
NCBITaxon:1501	66
NCBITaxon:150120	1
NCBITaxon:150121	3
NCBITaxon:150122	7
NCBITaxon:150123	6
NCBITaxon:1501230	2
NCBITaxon:1501239	4
NCBITaxon:1501240	1
NCBITaxon:1501269	1
NCBITaxon:1501329	4
NCBITaxon:1501332	4
NCBITaxon:1501348	1
NCBITaxon:1501391	3
NCBITaxon:1501392	4
NCBITaxon:1501432	4
NCBITaxon:150146	3
NCBITaxon:1501662	10
NCBITaxon:150172	2
NCBITaxon:150177	4
NCBITaxon:1502	848
NCBITaxon:150206	2
NCBITaxon:150208	1
NCBITaxon:1502156	1
NCBITaxon:150224	1
NCBITaxon:1502303	1
NCBITaxon:1502358	1
NCBITaxon:1502384	1
NCBITaxon:150240	2
NCBITaxon:150247	3
NCBITaxon:150248	4
NCBITaxon:1502488	3
NCBITaxon:1502658	1
NCBITaxon:1502841	2
NCBITaxon:1502842	6
NCBITaxon:1502851	1
NCBITaxon:1502943	19
NCBITaxon:1503	4
NCBITaxon:1503041	3
NCBITaxon:1503053	3
NCBITaxon:1503054	84
NCBITaxon:1503055	41
NCBITaxon:1503183	1
NCBITaxon:150336	4
NCBITaxon:150340	4
NCBITaxon:150374	4
NCBITaxon:1503750	4
NCBITaxon:1503925	1
NCBITaxon:1503961	1
NCBITaxon:150398	1
NCBITaxon:1503981	1
NCBITaxon:1504	12
NCBITaxon:1504265	4
NCBITaxon:1504316	1
NCBITaxon:1504317	1
NCBITaxon:1504318	1
NCBITaxon:1504319	1
NCBITaxon:1504320	1
NCBITaxon:1504321	1
NCBITaxon:1504322	1
NCBITaxon:1504668	2
NCBITaxon:1504671	2
NCBITaxon:1504967	1
NCBITaxon:1505	55
NCBITaxon:1505036	2
NCBITaxon:1505037	1
NCBITaxon:1505087	1
NCBITaxon:1505232	2
NCBITaxon:1505588	1
NCBITaxon:1505597	1
NCBITaxon:1505657	2
NCBITaxon:1505723	19
NCBITaxon:1505725	4
NCBITaxon:1505726	3
NCBITaxon:1505727	3
NCBITaxon:1505757	6
NCBITaxon:1505768	1
NCBITaxon:1505907	1
NCBITaxon:1505946	1
NCBITaxon:1505950	2
NCBITaxon:1505961	1
NCBITaxon:1506	24
NCBITaxon:1506149	1
NCBITaxon:1506151	1
NCBITaxon:1506156	1
NCBITaxon:1506175	1
NCBITaxon:1506177	1
NCBITaxon:1506181	1
NCBITaxon:1506182	1
NCBITaxon:1506471	7
NCBITaxon:1506545	2
NCBITaxon:1506548	2
NCBITaxon:1506549	3
NCBITaxon:1506553	12
NCBITaxon:1506587	2
NCBITaxon:1506996	3
NCBITaxon:1507	1
NCBITaxon:150723	11
NCBITaxon:1507287	1
NCBITaxon:1507289	1
NCBITaxon:1507331	5
NCBITaxon:1507437	3
NCBITaxon:1507448	1
NCBITaxon:1507449	5
NCBITaxon:1507512	3
NCBITaxon:1507522	1
NCBITaxon:1507526	1
NCBITaxon:1507530	1
NCBITaxon:1507531	1
NCBITaxon:1507544	1
NCBITaxon:1507545	1
NCBITaxon:1507546	1
NCBITaxon:1507547	1
NCBITaxon:1507548	1
NCBITaxon:1507553	1
NCBITaxon:1507734	1
NCBITaxon:1507735	1
NCBITaxon:1507806	21
NCBITaxon:1507807	1
NCBITaxon:1507808	1
NCBITaxon:1507824	1
NCBITaxon:1507867	1
NCBITaxon:1507870	1
NCBITaxon:150792	1
NCBITaxon:1508191	1
NCBITaxon:150829	1
NCBITaxon:150830	2
NCBITaxon:150831	3
NCBITaxon:150832	4
NCBITaxon:1508375	4
NCBITaxon:1508388	4
NCBITaxon:1508389	4
NCBITaxon:1508390	4
NCBITaxon:1508404	5
NCBITaxon:1508419	2
NCBITaxon:1508420	2
NCBITaxon:1508454	1
NCBITaxon:1508506	1
NCBITaxon:1508507	1
NCBITaxon:1508635	1
NCBITaxon:1508657	15
NCBITaxon:1508770	1
NCBITaxon:1508805	1
NCBITaxon:1508806	1
NCBITaxon:1509	365
NCBITaxon:1509237	1
NCBITaxon:1509244	1
NCBITaxon:1509367	2
NCBITaxon:1509405	2
NCBITaxon:1509407	1
NCBITaxon:151	3
NCBITaxon:1510	6
NCBITaxon:1510150	5
NCBITaxon:1510163	1
NCBITaxon:1510225	1
NCBITaxon:1510276	1
NCBITaxon:151035	1
NCBITaxon:151037	1
NCBITaxon:1510455	8
NCBITaxon:1510457	4
NCBITaxon:1510458	1
NCBITaxon:1510459	5
NCBITaxon:1510460	1
NCBITaxon:1510468	4
NCBITaxon:1510530	2
NCBITaxon:1510531	1
NCBITaxon:1510569	4
NCBITaxon:1510570	4
NCBITaxon:1510573	5
NCBITaxon:1510574	5
NCBITaxon:151081	6
NCBITaxon:1510841	4
NCBITaxon:1511	2
NCBITaxon:1511599	1
NCBITaxon:151169	2
NCBITaxon:151171	1
NCBITaxon:1511761	10
NCBITaxon:1512	37
NCBITaxon:151276	4
NCBITaxon:151289	6
NCBITaxon:151294	1
NCBITaxon:1513	89
NCBITaxon:1513270	2
NCBITaxon:1513271	3
NCBITaxon:1513468	6
NCBITaxon:1513592	1
NCBITaxon:1513793	3
NCBITaxon:1513890	12
NCBITaxon:1513892	3
NCBITaxon:1513896	3
NCBITaxon:1513897	3
NCBITaxon:1513898	1
NCBITaxon:1514080	3
NCBITaxon:1514105	5
NCBITaxon:151414	2
NCBITaxon:1514140	1
NCBITaxon:151416	10
NCBITaxon:151419	6
NCBITaxon:151454	5
NCBITaxon:1514904	3
NCBITaxon:1514948	5
NCBITaxon:1514971	1
NCBITaxon:1515	513
NCBITaxon:1515439	5
NCBITaxon:151553	1
NCBITaxon:1515593	1
NCBITaxon:1515595	1
NCBITaxon:1515612	3
NCBITaxon:1515613	1
NCBITaxon:1515614	1
NCBITaxon:1515615	1
NCBITaxon:1515616	1
NCBITaxon:1515617	1
NCBITaxon:1515618	1
NCBITaxon:1515659	1
NCBITaxon:1515666	1
NCBITaxon:1515736	2
NCBITaxon:1515746	1
NCBITaxon:1516	25
NCBITaxon:1516074	1
NCBITaxon:1516104	3
NCBITaxon:1516126	3
NCBITaxon:1516158	1
NCBITaxon:1516159	6
NCBITaxon:151654	2
NCBITaxon:151671	2
NCBITaxon:1517	89
NCBITaxon:1517416	1
NCBITaxon:1517512	1
NCBITaxon:1517513	1
NCBITaxon:1517514	1
NCBITaxon:151755	1
NCBITaxon:1517589	1
NCBITaxon:1517682	1
NCBITaxon:1517690	1
NCBITaxon:1517695	2
NCBITaxon:1517702	5
NCBITaxon:1517758	2
NCBITaxon:1517760	1
NCBITaxon:1517766	1
NCBITaxon:151781	13
NCBITaxon:151783	7
NCBITaxon:151784	2
NCBITaxon:1518149	1
NCBITaxon:1518501	2
NCBITaxon:151894	4
NCBITaxon:151895	6
NCBITaxon:1519	89
NCBITaxon:1519030	1
NCBITaxon:1519096	1
NCBITaxon:1519374	4
NCBITaxon:1519464	2
NCBITaxon:1519565	1
NCBITaxon:1519643	2
NCBITaxon:152	2
NCBITaxon:1520	426
NCBITaxon:1520003	4
NCBITaxon:152007	3
NCBITaxon:1520277	1
NCBITaxon:152053	1
NCBITaxon:1520584	1
NCBITaxon:1520670	5
NCBITaxon:1520703	1
NCBITaxon:1520892	1
NCBITaxon:1520893	2
NCBITaxon:1521	3
NCBITaxon:1521118	5
NCBITaxon:1521328	5
NCBITaxon:152141	1
NCBITaxon:152142	8
NCBITaxon:152161	3
NCBITaxon:1521619	1
NCBITaxon:1521620	1
NCBITaxon:152180	1
NCBITaxon:1521930	7
NCBITaxon:1521931	5
NCBITaxon:1522	84
NCBITaxon:1522002	1
NCBITaxon:1522057	4
NCBITaxon:1522174	5
NCBITaxon:1522175	4
NCBITaxon:1522176	6
NCBITaxon:1522189	1
NCBITaxon:1522308	1
NCBITaxon:1522309	2
NCBITaxon:1522310	2
NCBITaxon:1522311	2
NCBITaxon:1522312	4
NCBITaxon:1522315	2
NCBITaxon:1522317	2
NCBITaxon:1522318	1
NCBITaxon:1522368	3
NCBITaxon:1522527	1
NCBITaxon:152260	3
NCBITaxon:152263	3
NCBITaxon:152267	1
NCBITaxon:152268	10
NCBITaxon:152297	3
NCBITaxon:152308	1
NCBITaxon:152316	2
NCBITaxon:1523160	5
NCBITaxon:1523247	3
NCBITaxon:152331	95
NCBITaxon:152332	8
NCBITaxon:152335	7
NCBITaxon:1523392	5
NCBITaxon:1523417	1
NCBITaxon:1523418	1
NCBITaxon:1523421	2
NCBITaxon:1523424	1
NCBITaxon:1523428	1
NCBITaxon:1523431	1
NCBITaxon:1523432	1
NCBITaxon:1523623	3
NCBITaxon:1524084	4
NCBITaxon:1524095	1
NCBITaxon:1524096	1
NCBITaxon:1524097	1
NCBITaxon:1524254	1
NCBITaxon:1524255	3
NCBITaxon:1524256	4
NCBITaxon:1524257	4
NCBITaxon:1524258	1
NCBITaxon:1524259	1
NCBITaxon:1524260	1
NCBITaxon:1524263	1
NCBITaxon:1524264	1
NCBITaxon:1524337	1
NCBITaxon:1524338	3
NCBITaxon:1524460	4
NCBITaxon:1524463	1
NCBITaxon:1524467	1
NCBITaxon:152475	7
NCBITaxon:152480	110
NCBITaxon:152490	5
NCBITaxon:1524912	1
NCBITaxon:1524913	1
NCBITaxon:1524924	5
NCBITaxon:1524965	4
NCBITaxon:1524974	7
NCBITaxon:1525	34
NCBITaxon:152500	37
NCBITaxon:152502	3
NCBITaxon:152507	18
NCBITaxon:152509	582
NCBITaxon:152526	3
NCBITaxon:1525360	1
NCBITaxon:1525371	5
NCBITaxon:152573	3
NCBITaxon:1525752	1
NCBITaxon:1526	3
NCBITaxon:1526162	1
NCBITaxon:152637	1
NCBITaxon:152639	2
NCBITaxon:1526412	2
NCBITaxon:1526413	3
NCBITaxon:152644	1
NCBITaxon:1526551	4
NCBITaxon:1526570	1
NCBITaxon:1526571	3
NCBITaxon:1526572	2
NCBITaxon:1526573	1
NCBITaxon:1526574	1
NCBITaxon:1526575	1
NCBITaxon:1526658	1
NCBITaxon:152682	15
NCBITaxon:152691	1
NCBITaxon:1527	6
NCBITaxon:1527289	1
NCBITaxon:1527293	2
NCBITaxon:1527444	1
NCBITaxon:1527607	1
NCBITaxon:1527608	4
NCBITaxon:152775	2
NCBITaxon:152794	14
NCBITaxon:1528	5
NCBITaxon:1528099	7
NCBITaxon:1528104	1
NCBITaxon:1528106	1
NCBITaxon:1528868	1
NCBITaxon:1528880	1
NCBITaxon:1529	30
NCBITaxon:1529005	1
NCBITaxon:1529041	1
NCBITaxon:1529066	4
NCBITaxon:1529067	1
NCBITaxon:1529068	1
NCBITaxon:152938	1
NCBITaxon:152947	2
NCBITaxon:152956	1
NCBITaxon:152958	3
NCBITaxon:152963	1
NCBITaxon:1529637	1
NCBITaxon:1529638	1
NCBITaxon:1529639	5
NCBITaxon:152965	2
NCBITaxon:1529657	2
NCBITaxon:1529886	1
NCBITaxon:1530	6
NCBITaxon:1530042	4
NCBITaxon:1530045	4
NCBITaxon:1530123	48
NCBITaxon:1530186	1
NCBITaxon:1530191	2
NCBITaxon:1530195	1
NCBITaxon:153026	2
NCBITaxon:153027	3
NCBITaxon:1531	40
NCBITaxon:1531429	1
NCBITaxon:153151	13
NCBITaxon:153152	1
NCBITaxon:1531955	1
NCBITaxon:1531966	1
NCBITaxon:1532023	1
NCBITaxon:153232	9
NCBITaxon:153233	12
NCBITaxon:1532350	2
NCBITaxon:1532552	3
NCBITaxon:153266	3
NCBITaxon:153267	4
NCBITaxon:1533	7
NCBITaxon:153376	6
NCBITaxon:1534	14
NCBITaxon:1534348	1
NCBITaxon:1534349	1
NCBITaxon:1534408	1
NCBITaxon:1534743	6
NCBITaxon:153491	17
NCBITaxon:153493	53
NCBITaxon:153494	5
NCBITaxon:153496	7
NCBITaxon:1535	21
NCBITaxon:153501	1
NCBITaxon:153505	1
NCBITaxon:1535204	1
NCBITaxon:1535208	1
NCBITaxon:1535242	3
NCBITaxon:1535245	7
NCBITaxon:1535312	4
NCBITaxon:1535313	4
NCBITaxon:1535768	20
NCBITaxon:1536	9
NCBITaxon:153609	1
NCBITaxon:153622	6
NCBITaxon:1536480	1
NCBITaxon:1536484	1
NCBITaxon:1536641	3
NCBITaxon:1536648	1
NCBITaxon:1536717	1
NCBITaxon:1536901	1
NCBITaxon:1537	7
NCBITaxon:153721	25
NCBITaxon:1537215	2
NCBITaxon:1537238	1
NCBITaxon:153730	5
NCBITaxon:153731	5
NCBITaxon:1537363	1
NCBITaxon:1537369	1
NCBITaxon:1537393	1
NCBITaxon:1537398	4
NCBITaxon:1537400	1
NCBITaxon:1537407	1
NCBITaxon:1537524	3
NCBITaxon:1537566	3
NCBITaxon:1537567	3
NCBITaxon:1537568	3
NCBITaxon:1537679	1
NCBITaxon:1537710	1
NCBITaxon:1537989	1
NCBITaxon:1538	2
NCBITaxon:1538021	1
NCBITaxon:1538023	1
NCBITaxon:153809	93
NCBITaxon:1538102	8
NCBITaxon:1538103	4
NCBITaxon:1538144	4
NCBITaxon:1538145	1
NCBITaxon:1538146	3
NCBITaxon:1538147	1
NCBITaxon:1538149	1
NCBITaxon:1538158	1
NCBITaxon:1538159	2
NCBITaxon:1538176	1
NCBITaxon:1538178	10
NCBITaxon:1538179	1
NCBITaxon:1538180	1
NCBITaxon:1538181	1
NCBITaxon:1538182	9
NCBITaxon:1538183	1
NCBITaxon:1538184	1
NCBITaxon:1538186	1
NCBITaxon:1538187	1
NCBITaxon:1538228	2
NCBITaxon:153832	1
NCBITaxon:1538424	1
NCBITaxon:1538463	6
NCBITaxon:1538553	1
NCBITaxon:1539	8
NCBITaxon:1539049	4
NCBITaxon:1539050	4
NCBITaxon:1539051	2
NCBITaxon:1539059	1
NCBITaxon:153910	1
NCBITaxon:153913	1
NCBITaxon:153914	1
NCBITaxon:153919	6
NCBITaxon:153920	1
NCBITaxon:153971	5
NCBITaxon:153982	1
NCBITaxon:1539969	2
NCBITaxon:154	4
NCBITaxon:1540	9
NCBITaxon:1540079	1
NCBITaxon:1540082	1
NCBITaxon:1540163	3
NCBITaxon:1540335	1
NCBITaxon:154046	44
NCBITaxon:154048	1
NCBITaxon:1540520	4
NCBITaxon:1540874	1
NCBITaxon:1540922	1
NCBITaxon:1541	6
NCBITaxon:1541063	5
NCBITaxon:154108	8
NCBITaxon:154116	2
NCBITaxon:154117	3
NCBITaxon:1541170	4
NCBITaxon:1541174	4
NCBITaxon:1541394	4
NCBITaxon:1541440	4
NCBITaxon:1541445	1
NCBITaxon:1541805	2
NCBITaxon:1541822	1
NCBITaxon:1541956	3
NCBITaxon:1541959	1
NCBITaxon:1541960	1
NCBITaxon:1542	60
NCBITaxon:1542388	1
NCBITaxon:1542390	1
NCBITaxon:1542435	2
NCBITaxon:1542726	4
NCBITaxon:1542730	1
NCBITaxon:1542736	4
NCBITaxon:1542737	4
NCBITaxon:154288	26
NCBITaxon:1542902	1
NCBITaxon:1542911	1
NCBITaxon:1542925	1
NCBITaxon:1542967	1
NCBITaxon:1543	5
NCBITaxon:154336	1
NCBITaxon:1543375	4
NCBITaxon:1543381	5
NCBITaxon:1543721	2
NCBITaxon:1543852	5
NCBITaxon:1543965	1
NCBITaxon:1544	8
NCBITaxon:1544413	5
NCBITaxon:1544416	6
NCBITaxon:1544455	1
NCBITaxon:1544694	2
NCBITaxon:1544695	2
NCBITaxon:1544696	2
NCBITaxon:1544718	1
NCBITaxon:1544719	1
NCBITaxon:1544727	4
NCBITaxon:1544728	4
NCBITaxon:1544730	2
NCBITaxon:1544732	3
NCBITaxon:1544735	4
NCBITaxon:1544736	4
NCBITaxon:1544741	3
NCBITaxon:1544744	4
NCBITaxon:1544745	4
NCBITaxon:1544746	3
NCBITaxon:1544798	1
NCBITaxon:1544861	1
NCBITaxon:1544867	1
NCBITaxon:1545044	7
NCBITaxon:154535	23
NCBITaxon:154538	1
NCBITaxon:1546026	1
NCBITaxon:1546047	1
NCBITaxon:1546107	2
NCBITaxon:1546150	2
NCBITaxon:1546154	1
NCBITaxon:1546155	1
NCBITaxon:154621	4
NCBITaxon:154654	12
NCBITaxon:1547	146
NCBITaxon:1547283	1
NCBITaxon:1547447	3
NCBITaxon:1547448	2
NCBITaxon:1547515	2
NCBITaxon:1547516	1
NCBITaxon:154757	2
NCBITaxon:154758	1
NCBITaxon:1547597	4
NCBITaxon:1547867	1
NCBITaxon:1547882	1
NCBITaxon:1547891	4
NCBITaxon:1547892	5
NCBITaxon:1547897	1
NCBITaxon:1547898	2
NCBITaxon:1547922	1
NCBITaxon:1548	4
NCBITaxon:1548018	5
NCBITaxon:1548149	1
NCBITaxon:1548207	1
NCBITaxon:1548208	4
NCBITaxon:1548213	3
NCBITaxon:1548389	1
NCBITaxon:1548456	1
NCBITaxon:1548457	1
NCBITaxon:1548547	1
NCBITaxon:1548548	3
NCBITaxon:1548597	3
NCBITaxon:1548599	3
NCBITaxon:1548602	4
NCBITaxon:1548749	3
NCBITaxon:1548787	1
NCBITaxon:1548791	1
NCBITaxon:1549	3
NCBITaxon:1549217	1
NCBITaxon:1549619	2
NCBITaxon:1549636	2
NCBITaxon:1549637	3
NCBITaxon:1549638	3
NCBITaxon:1549639	3
NCBITaxon:1549640	1
NCBITaxon:1549641	1
NCBITaxon:1549647	1
NCBITaxon:1549648	1
NCBITaxon:154967	1
NCBITaxon:1549748	1
NCBITaxon:154981	13
NCBITaxon:1549850	3
NCBITaxon:1549854	1
NCBITaxon:1549855	3
NCBITaxon:1549858	3
NCBITaxon:1549888	4
NCBITaxon:1549889	6
NCBITaxon:1549892	3
NCBITaxon:1549945	4
NCBITaxon:1549949	4
NCBITaxon:1550	6
NCBITaxon:1550024	48
NCBITaxon:155003	1
NCBITaxon:155012	1
NCBITaxon:1550231	1
NCBITaxon:1550233	1
NCBITaxon:1550240	1
NCBITaxon:1550241	2
NCBITaxon:1550242	1
NCBITaxon:1550283	1
NCBITaxon:1550288	1
NCBITaxon:1550372	1
NCBITaxon:1550385	4
NCBITaxon:155042	2
NCBITaxon:1550565	3
NCBITaxon:1550566	2
NCBITaxon:1550579	4
NCBITaxon:1550616	5
NCBITaxon:1550617	5
NCBITaxon:1550618	4
NCBITaxon:1550619	4
NCBITaxon:1550620	4
NCBITaxon:1550733	1
NCBITaxon:1550736	4
NCBITaxon:155077	3
NCBITaxon:155085	3
NCBITaxon:1550906	1
NCBITaxon:1550907	1
NCBITaxon:155126	1
NCBITaxon:1551649	4
NCBITaxon:155177	6
NCBITaxon:155192	4
NCBITaxon:155194	4
NCBITaxon:155197	2
NCBITaxon:1552123	96
NCBITaxon:1552301	1
NCBITaxon:1552750	3
NCBITaxon:1552759	4
NCBITaxon:1552990	1
NCBITaxon:1553	27
NCBITaxon:155321	3
NCBITaxon:155322	810
NCBITaxon:1553429	4
NCBITaxon:1553431	4
NCBITaxon:1553448	5
NCBITaxon:1553449	7
NCBITaxon:1553899	1
NCBITaxon:1553900	4
NCBITaxon:1553901	1
NCBITaxon:1553906	1
NCBITaxon:155415	1
NCBITaxon:155416	2
NCBITaxon:155417	1
NCBITaxon:1555112	3
NCBITaxon:155515	3
NCBITaxon:155517	1
NCBITaxon:1555194	1
NCBITaxon:1555241	2
NCBITaxon:1556	10
NCBITaxon:155615	3
NCBITaxon:155617	17
NCBITaxon:155618	26
NCBITaxon:155680	2
NCBITaxon:1557	1
NCBITaxon:155724	1
NCBITaxon:155726	1
NCBITaxon:155729	9
NCBITaxon:155862	5
NCBITaxon:155863	1
NCBITaxon:155864	2
NCBITaxon:155865	10
NCBITaxon:155866	7
NCBITaxon:155889	1
NCBITaxon:155892	91
NCBITaxon:155894	1
NCBITaxon:1559	16
NCBITaxon:155900	2
NCBITaxon:155920	2
NCBITaxon:155974	6
NCBITaxon:155975	3
NCBITaxon:155976	3
NCBITaxon:1559802	1
NCBITaxon:1559896	3
NCBITaxon:156	1
NCBITaxon:1560005	5
NCBITaxon:1560006	5
NCBITaxon:1560201	2
NCBITaxon:1560234	1
NCBITaxon:1560235	1
NCBITaxon:1560324	3
NCBITaxon:1560345	1
NCBITaxon:1560354	1
NCBITaxon:1560355	1
NCBITaxon:1560356	1
NCBITaxon:1560357	1
NCBITaxon:1560358	1
NCBITaxon:1561	33
NCBITaxon:1561003	2
NCBITaxon:1561004	6
NCBITaxon:1561005	2
NCBITaxon:156173	1
NCBITaxon:156174	1
NCBITaxon:1561923	3
NCBITaxon:1561924	2
NCBITaxon:1561947	1
NCBITaxon:1561948	1
NCBITaxon:1561963	2
NCBITaxon:1562	4
NCBITaxon:156202	2
NCBITaxon:1562029	1
NCBITaxon:156203	2
NCBITaxon:1562030	1
NCBITaxon:1562040	1
NCBITaxon:1562045	1
NCBITaxon:1562047	1
NCBITaxon:156205	4
NCBITaxon:1562052	1
NCBITaxon:1562057	1
NCBITaxon:1562060	1
NCBITaxon:1562106	5
NCBITaxon:1562110	1
NCBITaxon:1562124	1
NCBITaxon:1562132	1
NCBITaxon:1562256	1
NCBITaxon:156230	4
NCBITaxon:1562308	1
NCBITaxon:1562389	2
NCBITaxon:1562565	2
NCBITaxon:1562566	1
NCBITaxon:1562571	4
NCBITaxon:1562577	1
NCBITaxon:1562603	1
NCBITaxon:1562651	1
NCBITaxon:1562698	3
NCBITaxon:1562887	3
NCBITaxon:1562958	1
NCBITaxon:1562970	4
NCBITaxon:1563	18
NCBITaxon:1563115	1
NCBITaxon:1563116	1
NCBITaxon:1563157	1
NCBITaxon:1563158	2
NCBITaxon:1563222	6
NCBITaxon:1563479	1
NCBITaxon:1563637	1
NCBITaxon:1563671	4
NCBITaxon:1563681	3
NCBITaxon:1563703	5
NCBITaxon:1564	6
NCBITaxon:156405	5
NCBITaxon:1564138	1
NCBITaxon:1564158	5
NCBITaxon:1564159	3
NCBITaxon:1564160	4
NCBITaxon:1564161	3
NCBITaxon:1564162	3
NCBITaxon:1564163	3
NCBITaxon:1564164	3
NCBITaxon:1564165	1
NCBITaxon:156424	2
NCBITaxon:156425	1
NCBITaxon:156432	1
NCBITaxon:1564487	5
NCBITaxon:1564515	1
NCBITaxon:1564516	1
NCBITaxon:156453	6
NCBITaxon:156456	1
NCBITaxon:156457	4
NCBITaxon:1564929	1
NCBITaxon:1564956	3
NCBITaxon:1565	42
NCBITaxon:1565034	2
NCBITaxon:1565035	1
NCBITaxon:1565040	1
NCBITaxon:156514	6
NCBITaxon:156515	4
NCBITaxon:1565415	1
NCBITaxon:1565506	2
NCBITaxon:1565532	1
NCBITaxon:1565536	1
NCBITaxon:1565605	3
NCBITaxon:156578	1
NCBITaxon:156588	29
NCBITaxon:156595	1
NCBITaxon:1565989	1
NCBITaxon:1565991	1
NCBITaxon:1566	2
NCBITaxon:1566026	1
NCBITaxon:156609	1
NCBITaxon:1566287	1
NCBITaxon:156630	3
NCBITaxon:1566300	1
NCBITaxon:1566352	3
NCBITaxon:1566354	1
NCBITaxon:1566357	1
NCBITaxon:1566358	1
NCBITaxon:1566387	1
NCBITaxon:156648	1
NCBITaxon:1566825	2
NCBITaxon:1566827	5
NCBITaxon:1566885	1
NCBITaxon:1566886	1
NCBITaxon:1567	1
NCBITaxon:1567106	1
NCBITaxon:1567107	4
NCBITaxon:1567108	2
NCBITaxon:1567159	1
NCBITaxon:1567481	1
NCBITaxon:1567482	1
NCBITaxon:1567496	1
NCBITaxon:1567501	1
NCBITaxon:1567502	1
NCBITaxon:1567543	1
NCBITaxon:1567552	2
NCBITaxon:1567553	1
NCBITaxon:1568	1
NCBITaxon:156892	4
NCBITaxon:1569	12
NCBITaxon:1569044	1
NCBITaxon:1569211	1
NCBITaxon:1569283	1
NCBITaxon:1569628	1
NCBITaxon:156973	3
NCBITaxon:156974	5
NCBITaxon:156976	9
NCBITaxon:156977	8
NCBITaxon:156978	8
NCBITaxon:156979	9
NCBITaxon:1569794	1
NCBITaxon:156980	8
NCBITaxon:156981	9
NCBITaxon:156994	6
NCBITaxon:157	109
NCBITaxon:1570	83
NCBITaxon:1570009	1
NCBITaxon:1570010	1
NCBITaxon:1570012	1
NCBITaxon:1570013	1
NCBITaxon:1570014	1
NCBITaxon:1570015	2
NCBITaxon:1570016	1
NCBITaxon:157072	2
NCBITaxon:157076	5
NCBITaxon:1571	90
NCBITaxon:1571184	4
NCBITaxon:1571185	1
NCBITaxon:1571207	1
NCBITaxon:1571209	2
NCBITaxon:1571224	4
NCBITaxon:1571499	1
NCBITaxon:1571500	2
NCBITaxon:1571501	1
NCBITaxon:1571503	1
NCBITaxon:1571504	1
NCBITaxon:1571506	1
NCBITaxon:1571655	2
NCBITaxon:1571656	1
NCBITaxon:157176	2
NCBITaxon:1571816	1
NCBITaxon:157183	2
NCBITaxon:1571833	1
NCBITaxon:157225	4
NCBITaxon:157227	7
NCBITaxon:157228	2
NCBITaxon:1572581	3
NCBITaxon:1572644	4
NCBITaxon:1572645	3
NCBITaxon:1572657	1
NCBITaxon:1572659	1
NCBITaxon:1572660	2
NCBITaxon:1572661	4
NCBITaxon:157268	6
NCBITaxon:1572751	3
NCBITaxon:157276	4
NCBITaxon:1572761	3
NCBITaxon:1572762	3
NCBITaxon:157278	1
NCBITaxon:1572858	3
NCBITaxon:1572859	4
NCBITaxon:157291	1
NCBITaxon:157292	1
NCBITaxon:1573	2
NCBITaxon:1573172	3
NCBITaxon:1573173	2
NCBITaxon:1573273	1
NCBITaxon:157339	6
NCBITaxon:1573535	94
NCBITaxon:1573536	2
NCBITaxon:1573805	1
NCBITaxon:1573940	1
NCBITaxon:1573941	5
NCBITaxon:1574161	7
NCBITaxon:1574308	2
NCBITaxon:1574624	5
NCBITaxon:157463	5
NCBITaxon:157465	3
NCBITaxon:157467	1
NCBITaxon:1575	48
NCBITaxon:157538	1
NCBITaxon:157592	5
NCBITaxon:157611	1
NCBITaxon:1576369	2
NCBITaxon:1576542	1
NCBITaxon:1576550	1
NCBITaxon:1576610	3
NCBITaxon:157687	9
NCBITaxon:1576874	1
NCBITaxon:157688	4
NCBITaxon:157691	5
NCBITaxon:1576911	3
NCBITaxon:1576914	1
NCBITaxon:157692	5
NCBITaxon:1577442	5
NCBITaxon:1577474	3
NCBITaxon:1577684	1
NCBITaxon:1577686	4
NCBITaxon:1577687	5
NCBITaxon:1577690	1
NCBITaxon:1577725	5
NCBITaxon:1577727	1
NCBITaxon:1577780	2
NCBITaxon:1577788	19
NCBITaxon:157779	5
NCBITaxon:1577790	1
NCBITaxon:1577791	2
NCBITaxon:1577792	1
NCBITaxon:157782	23
NCBITaxon:157783	7
NCBITaxon:157784	2
NCBITaxon:1577887	3
NCBITaxon:157792	5
NCBITaxon:1578	72
NCBITaxon:1578017	1
NCBITaxon:1578165	4
NCBITaxon:1578173	1
NCBITaxon:1578198	3
NCBITaxon:1578200	1
NCBITaxon:157838	6
NCBITaxon:157839	6
NCBITaxon:157842	2
NCBITaxon:1578720	9
NCBITaxon:1578925	2
NCBITaxon:1579	412
NCBITaxon:157910	6
NCBITaxon:157920	1
NCBITaxon:1579316	1
NCBITaxon:1579333	5
NCBITaxon:1579424	5
NCBITaxon:1579548	1
NCBITaxon:1579549	1
NCBITaxon:1579977	1
NCBITaxon:1579979	4
NCBITaxon:158	29
NCBITaxon:1580	622
NCBITaxon:1580092	1
NCBITaxon:158046	1
NCBITaxon:1580589	1
NCBITaxon:1580590	1
NCBITaxon:1580596	10
NCBITaxon:158060	1
NCBITaxon:1580831	6
NCBITaxon:1580837	1
NCBITaxon:1580842	1
NCBITaxon:1580848	1
NCBITaxon:1580850	1
NCBITaxon:1580854	1
NCBITaxon:1580858	1
NCBITaxon:1580861	2
NCBITaxon:1580864	1
NCBITaxon:1580867	1
NCBITaxon:1580871	1
NCBITaxon:1581	179
NCBITaxon:1581038	2
NCBITaxon:1581172	1
NCBITaxon:1581193	1
NCBITaxon:1581411	4
NCBITaxon:1581420	1
NCBITaxon:1581472	4
NCBITaxon:1581557	9
NCBITaxon:1581680	1
NCBITaxon:1581705	1
NCBITaxon:1581850	1
NCBITaxon:158189	2
NCBITaxon:158190	1
NCBITaxon:158192	2
NCBITaxon:1582	380
NCBITaxon:1582259	4
NCBITaxon:1582270	1
NCBITaxon:1582322	1
NCBITaxon:1582323	1
NCBITaxon:1582327	1
NCBITaxon:1582338	5
NCBITaxon:1582341	1
NCBITaxon:1582345	1
NCBITaxon:1582346	1
NCBITaxon:1582356	1
NCBITaxon:1582364	1
NCBITaxon:1582439	1
NCBITaxon:1582493	1
NCBITaxon:1582974	1
NCBITaxon:1583	200
NCBITaxon:1583029	5
NCBITaxon:1583035	4
NCBITaxon:1583098	2
NCBITaxon:158327	1
NCBITaxon:1583331	1
NCBITaxon:1583341	4
NCBITaxon:158379	1
NCBITaxon:1584	829
NCBITaxon:158481	1
NCBITaxon:158484	45
NCBITaxon:1585	51
NCBITaxon:158500	6
NCBITaxon:1585241	4
NCBITaxon:1585697	1
NCBITaxon:1585791	1
NCBITaxon:1585794	1
NCBITaxon:1585795	1
NCBITaxon:1585974	2
NCBITaxon:1585976	3
NCBITaxon:1585982	1
NCBITaxon:158605	6
NCBITaxon:158606	4
NCBITaxon:158607	1
NCBITaxon:1586232	1
NCBITaxon:1586233	1
NCBITaxon:1586242	1
NCBITaxon:1586249	1
NCBITaxon:1586267	2
NCBITaxon:158627	10
NCBITaxon:1586287	4
NCBITaxon:1586779	2
NCBITaxon:1587	349
NCBITaxon:1587527	3
NCBITaxon:1587531	11
NCBITaxon:158754	1
NCBITaxon:158786	1
NCBITaxon:158787	16
NCBITaxon:1588	52
NCBITaxon:1588043	1
NCBITaxon:1588045	1
NCBITaxon:158822	14
NCBITaxon:158823	38
NCBITaxon:158836	839
NCBITaxon:158841	33
NCBITaxon:158847	15
NCBITaxon:158849	61
NCBITaxon:158850	58
NCBITaxon:158852	12
NCBITaxon:1588641	4
NCBITaxon:1588644	3
NCBITaxon:1588748	2
NCBITaxon:1588751	1
NCBITaxon:158877	46
NCBITaxon:158878	1
NCBITaxon:158879	1
NCBITaxon:158890	4
NCBITaxon:158891	3
NCBITaxon:158892	2
NCBITaxon:158897	6
NCBITaxon:158898	5
NCBITaxon:158899	19
NCBITaxon:1589	103
NCBITaxon:1589763	1
NCBITaxon:1589764	1
NCBITaxon:1589794	1
NCBITaxon:159	35
NCBITaxon:1590	1463
NCBITaxon:1590614	1
NCBITaxon:1590643	1
NCBITaxon:1590651	1
NCBITaxon:1590652	3
NCBITaxon:159075	1
NCBITaxon:1591	21
NCBITaxon:1591085	2
NCBITaxon:1591087	4
NCBITaxon:1591088	4
NCBITaxon:1591116	1
NCBITaxon:1591122	1
NCBITaxon:1591132	1
NCBITaxon:1591134	1
NCBITaxon:1591170	1
NCBITaxon:1591174	1
NCBITaxon:1591201	1
NCBITaxon:1591408	1
NCBITaxon:1591409	6
NCBITaxon:1592105	3
NCBITaxon:1592106	4
NCBITaxon:1592317	3
NCBITaxon:1592324	3
NCBITaxon:159254	1
NCBITaxon:1592631	1
NCBITaxon:159267	1
NCBITaxon:159272	104
NCBITaxon:159275	14
NCBITaxon:1592790	2
NCBITaxon:1592897	1
NCBITaxon:159290	3
NCBITaxon:159291	3
NCBITaxon:159292	4
NCBITaxon:1593234	4
NCBITaxon:1593264	1
NCBITaxon:1593364	8
NCBITaxon:159343	1
NCBITaxon:159346	2
NCBITaxon:159447	2
NCBITaxon:159449	5
NCBITaxon:159450	7
NCBITaxon:1594731	1
NCBITaxon:159478	3
NCBITaxon:1596	384
NCBITaxon:159612	3
NCBITaxon:1597	706
NCBITaxon:159723	3
NCBITaxon:159728	3
NCBITaxon:159731	2
NCBITaxon:159733	388
NCBITaxon:159743	14
NCBITaxon:159749	1
NCBITaxon:1597781	1
NCBITaxon:1597969	4
NCBITaxon:1597977	3
NCBITaxon:1598	445
NCBITaxon:1598147	2
NCBITaxon:159836	1
NCBITaxon:159896	18
NCBITaxon:1599	212
NCBITaxon:16	2
NCBITaxon:160	4
NCBITaxon:1600	34
NCBITaxon:160030	2
NCBITaxon:160035	1
NCBITaxon:160053	2
NCBITaxon:1601	58
NCBITaxon:1601833	1
NCBITaxon:1602	22
NCBITaxon:1602169	5
NCBITaxon:160233	2
NCBITaxon:160265	1
NCBITaxon:160281	2
NCBITaxon:160289	1
NCBITaxon:160290	1
NCBITaxon:160291	1
NCBITaxon:1602942	1
NCBITaxon:1602943	1
NCBITaxon:160296	1
NCBITaxon:160298	1
NCBITaxon:1603	31
NCBITaxon:160300	1
NCBITaxon:160302	1
NCBITaxon:160303	1
NCBITaxon:1603057	1
NCBITaxon:160306	1
NCBITaxon:1603062	1
NCBITaxon:160309	1
NCBITaxon:160324	2
NCBITaxon:1603258	3
NCBITaxon:1603295	1
NCBITaxon:1603353	2
NCBITaxon:1603555	2
NCBITaxon:1603606	1
NCBITaxon:160386	22
NCBITaxon:1603869	3
NCBITaxon:1603870	4
NCBITaxon:1603871	3
NCBITaxon:1603886	4
NCBITaxon:1603888	1
NCBITaxon:160396	3
NCBITaxon:1603990	1
NCBITaxon:1604	105
NCBITaxon:1604004	2
NCBITaxon:160404	9
NCBITaxon:1604330	1
NCBITaxon:1604332	1
NCBITaxon:1604334	1
NCBITaxon:160434	5
NCBITaxon:1604349	4
NCBITaxon:1604354	1
NCBITaxon:160453	20
NCBITaxon:160454	4
NCBITaxon:1604594	1
NCBITaxon:1604595	1
NCBITaxon:1604721	3
NCBITaxon:1604774	5
NCBITaxon:160487	3
NCBITaxon:160488	5
NCBITaxon:1604897	1
NCBITaxon:160490	1
NCBITaxon:1604901	1
NCBITaxon:1604902	1
NCBITaxon:160491	1
NCBITaxon:1605	44
NCBITaxon:160517	1
NCBITaxon:1605283	1
NCBITaxon:1605367	1
NCBITaxon:1605838	2
NCBITaxon:1605891	2
NCBITaxon:1605892	3
NCBITaxon:1605990	4
NCBITaxon:1605993	3
NCBITaxon:1606	48
NCBITaxon:160604	1
NCBITaxon:160619	2
NCBITaxon:160621	1
NCBITaxon:160660	5
NCBITaxon:160661	2
NCBITaxon:1606626	1
NCBITaxon:1606711	1
NCBITaxon:1606717	1
NCBITaxon:160687	1
NCBITaxon:160689	6
NCBITaxon:160699	14
NCBITaxon:1607	16
NCBITaxon:1607685	1
NCBITaxon:1607738	10
NCBITaxon:1607789	1
NCBITaxon:1607807	2
NCBITaxon:1607817	1
NCBITaxon:1607837	1
NCBITaxon:1607839	2
NCBITaxon:160791	4
NCBITaxon:160792	2
NCBITaxon:1607949	1
NCBITaxon:1607951	1
NCBITaxon:160799	5
NCBITaxon:160800	1
NCBITaxon:160804	2
NCBITaxon:160808	6
NCBITaxon:160825	7
NCBITaxon:160826	7
NCBITaxon:1608400	3
NCBITaxon:1608404	2
NCBITaxon:1608407	3
NCBITaxon:1608422	1
NCBITaxon:160846	2
NCBITaxon:1608465	1
NCBITaxon:1608523	2
NCBITaxon:160858	1
NCBITaxon:1608583	1
NCBITaxon:1608584	1
NCBITaxon:1608613	3
NCBITaxon:1608614	3
NCBITaxon:1608628	2
NCBITaxon:160864	1
NCBITaxon:1608644	1
NCBITaxon:1608710	3
NCBITaxon:160875	1
NCBITaxon:1608942	1
NCBITaxon:1608957	1
NCBITaxon:1608994	9
NCBITaxon:1608996	14
NCBITaxon:1609243	1
NCBITaxon:1609272	5
NCBITaxon:1609288	1
NCBITaxon:1609531	6
NCBITaxon:160954	1
NCBITaxon:1609545	1
NCBITaxon:1609559	2
NCBITaxon:1609947	1
NCBITaxon:1609969	1
NCBITaxon:1609970	1
NCBITaxon:1609977	1
NCBITaxon:161	57
NCBITaxon:1610	40
NCBITaxon:1610489	1
NCBITaxon:1610490	3
NCBITaxon:1610491	1
NCBITaxon:1610492	1
NCBITaxon:1610493	2
NCBITaxon:1610527	1
NCBITaxon:1610689	1
NCBITaxon:1610748	4
NCBITaxon:1610840	1
NCBITaxon:1610899	4
NCBITaxon:1611323	1
NCBITaxon:1611422	3
NCBITaxon:1611433	1
NCBITaxon:161153	4
NCBITaxon:161154	2
NCBITaxon:161156	2
NCBITaxon:1611770	1
NCBITaxon:1611836	2
NCBITaxon:1612	26
NCBITaxon:1612149	5
NCBITaxon:1612150	5
NCBITaxon:1612172	3
NCBITaxon:1612173	2
NCBITaxon:1612202	1
NCBITaxon:1612203	2
NCBITaxon:1612308	4
NCBITaxon:1612424	1
NCBITaxon:1612426	1
NCBITaxon:1612435	4
NCBITaxon:1612611	3
NCBITaxon:1612624	1
NCBITaxon:1613	472
NCBITaxon:161354	6
NCBITaxon:161355	6
NCBITaxon:161357	2
NCBITaxon:161358	5
NCBITaxon:161360	9
NCBITaxon:161361	3
NCBITaxon:161398	3
NCBITaxon:1614	62
NCBITaxon:1614635	1
NCBITaxon:1614636	1
NCBITaxon:1614693	5
NCBITaxon:1614694	1
NCBITaxon:161482	4
NCBITaxon:161484	1
NCBITaxon:161492	3
NCBITaxon:161493	1
NCBITaxon:1615	2
NCBITaxon:161536	3
NCBITaxon:1615494	1
NCBITaxon:1615586	3
NCBITaxon:1615590	1
NCBITaxon:1615673	5
NCBITaxon:1615674	10
NCBITaxon:1615681	3
NCBITaxon:1615952	1
NCBITaxon:1616	4
NCBITaxon:1616106	3
NCBITaxon:1616107	3
NCBITaxon:1616110	4
NCBITaxon:1616117	4
NCBITaxon:1616125	3
NCBITaxon:1616224	1
NCBITaxon:161662	2
NCBITaxon:1616783	1
NCBITaxon:1616787	1
NCBITaxon:1616788	3
NCBITaxon:1616834	2
NCBITaxon:1617086	3
NCBITaxon:1617087	3
NCBITaxon:1617101	1
NCBITaxon:1617282	6
NCBITaxon:1617283	5
NCBITaxon:1617396	8
NCBITaxon:1617415	2
NCBITaxon:1617721	1
NCBITaxon:1617805	1
NCBITaxon:1617889	2
NCBITaxon:1617964	3
NCBITaxon:1617979	4
NCBITaxon:1618	38
NCBITaxon:1618023	1
NCBITaxon:1618059	1
NCBITaxon:161806	1
NCBITaxon:1618113	1
NCBITaxon:1618167	1
NCBITaxon:1618205	1
NCBITaxon:1618207	1
NCBITaxon:1618330	5
NCBITaxon:1618351	1
NCBITaxon:1618352	1
NCBITaxon:1618353	1
NCBITaxon:1618354	1
NCBITaxon:1618355	2
NCBITaxon:1618356	1
NCBITaxon:1618357	1
NCBITaxon:1618358	1
NCBITaxon:1618359	1
NCBITaxon:1618360	1
NCBITaxon:1618361	2
NCBITaxon:1618362	1
NCBITaxon:1618363	1
NCBITaxon:1618364	1
NCBITaxon:1618365	1
NCBITaxon:1618366	1
NCBITaxon:1618367	1
NCBITaxon:1618368	1
NCBITaxon:1618369	1
NCBITaxon:1618370	1
NCBITaxon:1618371	1
NCBITaxon:1618373	1
NCBITaxon:1618374	1
NCBITaxon:1618375	1
NCBITaxon:1618376	1
NCBITaxon:1618377	1
NCBITaxon:1618378	1
NCBITaxon:1618379	1
NCBITaxon:1618380	1
NCBITaxon:1618381	1
NCBITaxon:1618382	1
NCBITaxon:1618383	1
NCBITaxon:1618384	1
NCBITaxon:1618385	1
NCBITaxon:1618386	1
NCBITaxon:1618387	1
NCBITaxon:1618388	1
NCBITaxon:1618389	1
NCBITaxon:1618390	1
NCBITaxon:1618391	1
NCBITaxon:1618392	1
NCBITaxon:1618393	1
NCBITaxon:1618394	1
NCBITaxon:1618395	1
NCBITaxon:1618396	1
NCBITaxon:1618397	1
NCBITaxon:1618398	1
NCBITaxon:1618399	1
NCBITaxon:1618400	1
NCBITaxon:1618401	1
NCBITaxon:1618402	1
NCBITaxon:1618403	1
NCBITaxon:1618404	1
NCBITaxon:1618405	1
NCBITaxon:1618406	1
NCBITaxon:1618407	1
NCBITaxon:1618408	1
NCBITaxon:1618409	1
NCBITaxon:1618410	1
NCBITaxon:1618411	1
NCBITaxon:1618412	1
NCBITaxon:1618413	1
NCBITaxon:1618414	1
NCBITaxon:1618415	1
NCBITaxon:1618416	1
NCBITaxon:1618417	1
NCBITaxon:1618418	1
NCBITaxon:1618419	1
NCBITaxon:1618420	1
NCBITaxon:1618421	1
NCBITaxon:1618422	1
NCBITaxon:1618423	1
NCBITaxon:1618424	1
NCBITaxon:1618425	1
NCBITaxon:1618426	1
NCBITaxon:1618427	1
NCBITaxon:1618428	1
NCBITaxon:1618429	1
NCBITaxon:1618430	1
NCBITaxon:1618431	1
NCBITaxon:1618432	1
NCBITaxon:1618433	1
NCBITaxon:1618434	1
NCBITaxon:1618435	1
NCBITaxon:1618436	1
NCBITaxon:1618437	1
NCBITaxon:1618438	1
NCBITaxon:1618439	1
NCBITaxon:1618440	1
NCBITaxon:1618441	1
NCBITaxon:1618442	1
NCBITaxon:1618443	1
NCBITaxon:1618444	1
NCBITaxon:1618445	1
NCBITaxon:1618446	1
NCBITaxon:1618447	1
NCBITaxon:1618448	1
NCBITaxon:1618449	1
NCBITaxon:1618450	1
NCBITaxon:1618451	2
NCBITaxon:1618452	1
NCBITaxon:1618453	1
NCBITaxon:1618454	1
NCBITaxon:1618455	1
NCBITaxon:1618456	1
NCBITaxon:1618457	1
NCBITaxon:1618458	1
NCBITaxon:1618459	1
NCBITaxon:1618460	1
NCBITaxon:1618461	1
NCBITaxon:1618462	1
NCBITaxon:1618463	1
NCBITaxon:1618464	1
NCBITaxon:1618465	1
NCBITaxon:1618466	1
NCBITaxon:1618467	1
NCBITaxon:1618468	1
NCBITaxon:1618469	1
NCBITaxon:1618470	1
NCBITaxon:1618471	1
NCBITaxon:1618472	1
NCBITaxon:1618473	1
NCBITaxon:1618474	1
NCBITaxon:1618475	1
NCBITaxon:1618476	1
NCBITaxon:1618477	1
NCBITaxon:1618478	1
NCBITaxon:1618479	1
NCBITaxon:1618480	1
NCBITaxon:1618481	1
NCBITaxon:1618482	1
NCBITaxon:1618483	1
NCBITaxon:1618484	1
NCBITaxon:1618485	1
NCBITaxon:1618486	1
NCBITaxon:1618487	1
NCBITaxon:1618488	1
NCBITaxon:1618489	1
NCBITaxon:1618490	1
NCBITaxon:1618491	1
NCBITaxon:1618492	1
NCBITaxon:1618493	1
NCBITaxon:1618494	1
NCBITaxon:1618495	1
NCBITaxon:1618496	1
NCBITaxon:1618497	1
NCBITaxon:1618498	1
NCBITaxon:1618499	1
NCBITaxon:1618500	1
NCBITaxon:1618501	1
NCBITaxon:1618502	1
NCBITaxon:1618503	1
NCBITaxon:1618504	1
NCBITaxon:1618505	1
NCBITaxon:1618506	1
NCBITaxon:1618507	1
NCBITaxon:1618508	1
NCBITaxon:1618509	1
NCBITaxon:1618510	1
NCBITaxon:1618511	1
NCBITaxon:1618512	1
NCBITaxon:1618513	1
NCBITaxon:1618514	1
NCBITaxon:1618515	1
NCBITaxon:1618516	1
NCBITaxon:1618517	1
NCBITaxon:1618518	1
NCBITaxon:1618519	1
NCBITaxon:1618520	1
NCBITaxon:1618521	1
NCBITaxon:1618522	1
NCBITaxon:1618523	1
NCBITaxon:1618524	1
NCBITaxon:1618525	1
NCBITaxon:1618526	1
NCBITaxon:1618527	1
NCBITaxon:1618528	1
NCBITaxon:1618529	1
NCBITaxon:1618530	1
NCBITaxon:1618531	1
NCBITaxon:1618532	1
NCBITaxon:1618533	1
NCBITaxon:1618534	1
NCBITaxon:1618535	1
NCBITaxon:1618536	1
NCBITaxon:1618537	1
NCBITaxon:1618538	1
NCBITaxon:1618539	1
NCBITaxon:1618540	1
NCBITaxon:1618541	1
NCBITaxon:1618542	1
NCBITaxon:1618543	1
NCBITaxon:1618544	1
NCBITaxon:1618545	1
NCBITaxon:1618546	1
NCBITaxon:1618547	1
NCBITaxon:1618548	1
NCBITaxon:1618549	1
NCBITaxon:1618550	1
NCBITaxon:1618551	1
NCBITaxon:1618552	1
NCBITaxon:1618553	1
NCBITaxon:1618554	1
NCBITaxon:1618555	1
NCBITaxon:1618556	1
NCBITaxon:1618557	1
NCBITaxon:1618558	1
NCBITaxon:1618559	1
NCBITaxon:1618560	1
NCBITaxon:1618561	1
NCBITaxon:1618562	1
NCBITaxon:1618563	1
NCBITaxon:1618564	1
NCBITaxon:1618565	1
NCBITaxon:1618566	1
NCBITaxon:1618567	1
NCBITaxon:1618568	1
NCBITaxon:1618569	1
NCBITaxon:1618570	1
NCBITaxon:1618571	1
NCBITaxon:1618572	1
NCBITaxon:1618573	1
NCBITaxon:1618574	1
NCBITaxon:1618575	1
NCBITaxon:1618576	1
NCBITaxon:1618577	1
NCBITaxon:1618578	1
NCBITaxon:1618579	1
NCBITaxon:1618580	1
NCBITaxon:1618581	1
NCBITaxon:1618582	1
NCBITaxon:1618583	1
NCBITaxon:1618584	1
NCBITaxon:1618585	1
NCBITaxon:1618586	1
NCBITaxon:1618587	1
NCBITaxon:1618588	1
NCBITaxon:1618589	1
NCBITaxon:1618590	1
NCBITaxon:1618591	1
NCBITaxon:1618592	1
NCBITaxon:1618593	1
NCBITaxon:1618594	1
NCBITaxon:1618595	1
NCBITaxon:1618596	1
NCBITaxon:1618597	1
NCBITaxon:1618598	1
NCBITaxon:1618599	1
NCBITaxon:1618600	1
NCBITaxon:1618601	1
NCBITaxon:1618602	1
NCBITaxon:1618603	1
NCBITaxon:1618604	1
NCBITaxon:1618605	1
NCBITaxon:1618606	2
NCBITaxon:1618607	1
NCBITaxon:1618608	1
NCBITaxon:1618609	1
NCBITaxon:1618610	1
NCBITaxon:1618611	1
NCBITaxon:1618612	1
NCBITaxon:1618613	1
NCBITaxon:1618614	1
NCBITaxon:1618615	1
NCBITaxon:1618616	1
NCBITaxon:1618617	1
NCBITaxon:1618618	1
NCBITaxon:1618619	1
NCBITaxon:1618620	1
NCBITaxon:1618621	1
NCBITaxon:1618622	1
NCBITaxon:1618623	1
NCBITaxon:1618624	1
NCBITaxon:1618625	1
NCBITaxon:1618626	1
NCBITaxon:1618627	1
NCBITaxon:1618628	1
NCBITaxon:1618629	1
NCBITaxon:1618630	1
NCBITaxon:1618631	1
NCBITaxon:1618632	1
NCBITaxon:1618633	1
NCBITaxon:1618634	1
NCBITaxon:1618635	1
NCBITaxon:1618636	1
NCBITaxon:1618637	1
NCBITaxon:1618638	1
NCBITaxon:1618639	1
NCBITaxon:1618640	1
NCBITaxon:1618641	1
NCBITaxon:1618642	1
NCBITaxon:1618643	1
NCBITaxon:1618644	1
NCBITaxon:1618645	1
NCBITaxon:1618646	1
NCBITaxon:1618647	1
NCBITaxon:1618648	1
NCBITaxon:1618649	1
NCBITaxon:1618650	1
NCBITaxon:1618651	1
NCBITaxon:1618652	1
NCBITaxon:1618653	1
NCBITaxon:1618654	1
NCBITaxon:1618655	1
NCBITaxon:1618656	1
NCBITaxon:1618657	1
NCBITaxon:1618658	1
NCBITaxon:1618659	1
NCBITaxon:1618660	1
NCBITaxon:1618661	1
NCBITaxon:1618662	1
NCBITaxon:1618663	1
NCBITaxon:1618664	1
NCBITaxon:1618665	1
NCBITaxon:1618666	1
NCBITaxon:1618667	1
NCBITaxon:1618668	1
NCBITaxon:1618669	1
NCBITaxon:1618670	1
NCBITaxon:1618671	1
NCBITaxon:1618672	1
NCBITaxon:1618673	1
NCBITaxon:1618674	1
NCBITaxon:1618675	1
NCBITaxon:1618676	1
NCBITaxon:1618677	1
NCBITaxon:1618695	1
NCBITaxon:1618696	1
NCBITaxon:1618697	1
NCBITaxon:1618698	1
NCBITaxon:1618699	1
NCBITaxon:1618700	1
NCBITaxon:1618701	1
NCBITaxon:1618702	1
NCBITaxon:1618703	1
NCBITaxon:1618704	1
NCBITaxon:1618705	1
NCBITaxon:1618706	1
NCBITaxon:1618707	1
NCBITaxon:1618708	1
NCBITaxon:1618709	1
NCBITaxon:1618710	1
NCBITaxon:1618711	1
NCBITaxon:1618712	1
NCBITaxon:1618713	1
NCBITaxon:1618714	1
NCBITaxon:1618715	1
NCBITaxon:1618716	1
NCBITaxon:1618717	1
NCBITaxon:1618718	1
NCBITaxon:1618719	1
NCBITaxon:1618720	1
NCBITaxon:1618721	1
NCBITaxon:1618722	1
NCBITaxon:1618723	1
NCBITaxon:1618724	1
NCBITaxon:1618725	1
NCBITaxon:1618726	1
NCBITaxon:1618727	1
NCBITaxon:1618728	1
NCBITaxon:1618729	1
NCBITaxon:1618730	1
NCBITaxon:1618731	1
NCBITaxon:1618732	1
NCBITaxon:1618733	1
NCBITaxon:1618734	1
NCBITaxon:1618735	1
NCBITaxon:1618736	1
NCBITaxon:1618737	1
NCBITaxon:1618738	1
NCBITaxon:1618739	1
NCBITaxon:1618740	1
NCBITaxon:1618741	1
NCBITaxon:1618742	1
NCBITaxon:1618743	1
NCBITaxon:1618744	1
NCBITaxon:1618745	1
NCBITaxon:1618746	1
NCBITaxon:1618747	1
NCBITaxon:1618748	1
NCBITaxon:1618749	1
NCBITaxon:1618750	1
NCBITaxon:1618751	1
NCBITaxon:1618752	1
NCBITaxon:1618753	1
NCBITaxon:1618754	1
NCBITaxon:1618755	1
NCBITaxon:1618756	1
NCBITaxon:1618757	1
NCBITaxon:1618758	1
NCBITaxon:1618759	1
NCBITaxon:1618760	1
NCBITaxon:1618761	1
NCBITaxon:1618762	1
NCBITaxon:1618763	1
NCBITaxon:1618764	1
NCBITaxon:1618765	1
NCBITaxon:1618766	1
NCBITaxon:1618767	1
NCBITaxon:1618768	1
NCBITaxon:1618769	1
NCBITaxon:1618770	1
NCBITaxon:1618771	1
NCBITaxon:1618772	1
NCBITaxon:1618773	1
NCBITaxon:1618774	1
NCBITaxon:1618775	1
NCBITaxon:1618776	1
NCBITaxon:1618777	1
NCBITaxon:1618778	1
NCBITaxon:1618779	1
NCBITaxon:1618780	1
NCBITaxon:1618781	1
NCBITaxon:1618782	1
NCBITaxon:1618783	1
NCBITaxon:1618784	1
NCBITaxon:1618785	1
NCBITaxon:1618786	1
NCBITaxon:1618787	1
NCBITaxon:1618788	1
NCBITaxon:1618789	1
NCBITaxon:161879	13
NCBITaxon:1618790	1
NCBITaxon:1618791	1
NCBITaxon:1618792	1
NCBITaxon:1618793	1
NCBITaxon:1618794	1
NCBITaxon:1618795	1
NCBITaxon:1618796	1
NCBITaxon:1618797	1
NCBITaxon:1618798	1
NCBITaxon:1618799	1
NCBITaxon:1618800	1
NCBITaxon:1618801	1
NCBITaxon:1618802	1
NCBITaxon:1618803	1
NCBITaxon:1618804	1
NCBITaxon:1618805	1
NCBITaxon:1618806	1
NCBITaxon:1618807	1
NCBITaxon:1618808	1
NCBITaxon:1618809	1
NCBITaxon:1618810	1
NCBITaxon:1618811	1
NCBITaxon:1618812	1
NCBITaxon:1618813	1
NCBITaxon:1618814	1
NCBITaxon:1618815	1
NCBITaxon:1618816	1
NCBITaxon:1618817	1
NCBITaxon:1618818	1
NCBITaxon:1618819	1
NCBITaxon:1618820	1
NCBITaxon:1618821	1
NCBITaxon:1618822	1
NCBITaxon:1618823	1
NCBITaxon:1618824	1
NCBITaxon:1618825	1
NCBITaxon:1618826	1
NCBITaxon:1618827	1
NCBITaxon:1618828	1
NCBITaxon:1618829	1
NCBITaxon:1618830	1
NCBITaxon:1618831	1
NCBITaxon:1618832	1
NCBITaxon:1618833	1
NCBITaxon:1618834	1
NCBITaxon:1618835	1
NCBITaxon:1618836	1
NCBITaxon:1618837	1
NCBITaxon:1618838	1
NCBITaxon:1618839	1
NCBITaxon:1618840	1
NCBITaxon:1618841	1
NCBITaxon:1618842	1
NCBITaxon:1618843	1
NCBITaxon:1618844	1
NCBITaxon:1618845	1
NCBITaxon:1618846	1
NCBITaxon:1618847	1
NCBITaxon:1618848	1
NCBITaxon:1618849	1
NCBITaxon:1618850	1
NCBITaxon:1618851	1
NCBITaxon:1618852	1
NCBITaxon:1618853	1
NCBITaxon:1618854	1
NCBITaxon:1618855	1
NCBITaxon:1618856	1
NCBITaxon:1618857	1
NCBITaxon:1618858	1
NCBITaxon:1618859	1
NCBITaxon:1618860	1
NCBITaxon:1618861	1
NCBITaxon:1618862	1
NCBITaxon:1618863	1
NCBITaxon:1618864	1
NCBITaxon:1618865	1
NCBITaxon:1618866	1
NCBITaxon:1618867	1
NCBITaxon:1618868	1
NCBITaxon:1618869	1
NCBITaxon:1618870	1
NCBITaxon:1618871	1
NCBITaxon:1618872	1
NCBITaxon:1618873	1
NCBITaxon:1618874	1
NCBITaxon:1618875	1
NCBITaxon:1618876	1
NCBITaxon:1618877	1
NCBITaxon:1618878	1
NCBITaxon:1618879	1
NCBITaxon:1618880	1
NCBITaxon:1618881	1
NCBITaxon:1618882	1
NCBITaxon:1618883	1
NCBITaxon:1618884	1
NCBITaxon:1618885	1
NCBITaxon:1618886	1
NCBITaxon:1618887	1
NCBITaxon:1618888	1
NCBITaxon:1618889	1
NCBITaxon:161889	2
NCBITaxon:1618890	1
NCBITaxon:1618891	1
NCBITaxon:1618892	1
NCBITaxon:1618893	1
NCBITaxon:1618894	1
NCBITaxon:1618895	1
NCBITaxon:1618896	1
NCBITaxon:1618897	1
NCBITaxon:1618898	1
NCBITaxon:1618899	1
NCBITaxon:161890	27
NCBITaxon:1618900	1
NCBITaxon:1618901	1
NCBITaxon:1618902	1
NCBITaxon:1618903	1
NCBITaxon:1618904	1
NCBITaxon:1618905	1
NCBITaxon:1618906	1
NCBITaxon:1618907	1
NCBITaxon:1618908	1
NCBITaxon:1618909	1
NCBITaxon:1618910	1
NCBITaxon:1618911	1
NCBITaxon:1618912	1
NCBITaxon:1618913	1
NCBITaxon:1618914	1
NCBITaxon:1618915	1
NCBITaxon:1618916	1
NCBITaxon:1618917	1
NCBITaxon:1618918	1
NCBITaxon:1618919	1
NCBITaxon:1618920	1
NCBITaxon:1618921	1
NCBITaxon:1618922	1
NCBITaxon:1618923	1
NCBITaxon:1618924	1
NCBITaxon:1618925	1
NCBITaxon:1618926	1
NCBITaxon:1618927	1
NCBITaxon:1618928	1
NCBITaxon:1618929	1
NCBITaxon:1618930	1
NCBITaxon:1618931	1
NCBITaxon:1618932	1
NCBITaxon:1618933	1
NCBITaxon:1618934	1
NCBITaxon:1618935	1
NCBITaxon:1618936	1
NCBITaxon:1618937	1
NCBITaxon:1618938	1
NCBITaxon:1618939	1
NCBITaxon:1618940	1
NCBITaxon:1618941	1
NCBITaxon:1618942	1
NCBITaxon:1618943	1
NCBITaxon:1618944	1
NCBITaxon:1618945	1
NCBITaxon:1618946	1
NCBITaxon:1618947	1
NCBITaxon:1618948	1
NCBITaxon:1618949	1
NCBITaxon:161895	7
NCBITaxon:1618950	1
NCBITaxon:1618951	1
NCBITaxon:1618952	1
NCBITaxon:1618953	1
NCBITaxon:1618954	1
NCBITaxon:1618955	1
NCBITaxon:1618956	1
NCBITaxon:1618957	1
NCBITaxon:1618958	1
NCBITaxon:1618959	1
NCBITaxon:161896	4
NCBITaxon:1618960	1
NCBITaxon:1618961	1
NCBITaxon:1618962	1
NCBITaxon:1618963	1
NCBITaxon:1618964	1
NCBITaxon:1618965	1
NCBITaxon:1618966	1
NCBITaxon:1618967	1
NCBITaxon:1618968	1
NCBITaxon:1618969	1
NCBITaxon:1618970	1
NCBITaxon:1618971	1
NCBITaxon:1618972	1
NCBITaxon:1618973	1
NCBITaxon:1618974	1
NCBITaxon:1618975	1
NCBITaxon:1618976	1
NCBITaxon:1618977	1
NCBITaxon:1618978	1
NCBITaxon:1618979	1
NCBITaxon:1618980	1
NCBITaxon:1618981	1
NCBITaxon:1618982	1
NCBITaxon:1618983	1
NCBITaxon:1618984	1
NCBITaxon:1618985	1
NCBITaxon:1618986	1
NCBITaxon:1618987	1
NCBITaxon:1618988	1
NCBITaxon:1618989	1
NCBITaxon:161899	7
NCBITaxon:1618990	1
NCBITaxon:1618991	1
NCBITaxon:1618992	1
NCBITaxon:1618993	1
NCBITaxon:1618994	1
NCBITaxon:1618995	1
NCBITaxon:1618996	1
NCBITaxon:1618997	1
NCBITaxon:1618998	1
NCBITaxon:1618999	1
NCBITaxon:1619000	1
NCBITaxon:1619001	1
NCBITaxon:1619002	1
NCBITaxon:1619003	1
NCBITaxon:1619004	1
NCBITaxon:1619005	1
NCBITaxon:1619006	1
NCBITaxon:1619007	1
NCBITaxon:1619008	1
NCBITaxon:1619009	1
NCBITaxon:1619010	1
NCBITaxon:1619011	1
NCBITaxon:1619012	1
NCBITaxon:1619013	1
NCBITaxon:1619014	1
NCBITaxon:1619015	1
NCBITaxon:1619016	1
NCBITaxon:1619017	1
NCBITaxon:1619018	1
NCBITaxon:1619019	1
NCBITaxon:161902	7
NCBITaxon:1619020	1
NCBITaxon:1619021	1
NCBITaxon:1619022	1
NCBITaxon:1619023	1
NCBITaxon:1619024	1
NCBITaxon:1619025	1
NCBITaxon:1619026	1
NCBITaxon:1619027	1
NCBITaxon:1619028	1
NCBITaxon:1619029	1
NCBITaxon:1619030	1
NCBITaxon:1619031	1
NCBITaxon:1619032	1
NCBITaxon:1619033	1
NCBITaxon:1619034	1
NCBITaxon:1619035	1
NCBITaxon:1619036	1
NCBITaxon:1619037	1
NCBITaxon:1619038	1
NCBITaxon:1619039	1
NCBITaxon:1619040	1
NCBITaxon:1619041	1
NCBITaxon:1619042	1
NCBITaxon:1619043	1
NCBITaxon:1619044	1
NCBITaxon:1619045	1
NCBITaxon:1619046	1
NCBITaxon:1619047	1
NCBITaxon:1619048	1
NCBITaxon:1619049	1
NCBITaxon:1619050	1
NCBITaxon:1619051	1
NCBITaxon:1619052	1
NCBITaxon:1619053	5
NCBITaxon:1619054	1
NCBITaxon:1619055	1
NCBITaxon:1619056	1
NCBITaxon:1619057	1
NCBITaxon:1619058	1
NCBITaxon:1619059	1
NCBITaxon:1619060	1
NCBITaxon:1619061	1
NCBITaxon:1619062	1
NCBITaxon:1619063	1
NCBITaxon:1619064	1
NCBITaxon:1619065	1
NCBITaxon:1619066	1
NCBITaxon:1619067	1
NCBITaxon:1619068	1
NCBITaxon:1619070	1
NCBITaxon:161920	5
NCBITaxon:1619234	3
NCBITaxon:1619308	4
NCBITaxon:1619309	1
NCBITaxon:1619310	2
NCBITaxon:1619311	4
NCBITaxon:1619313	3
NCBITaxon:1619507	1
NCBITaxon:162	10
NCBITaxon:1620	4
NCBITaxon:1620215	3
NCBITaxon:162027	1
NCBITaxon:162028	4
NCBITaxon:1620385	4
NCBITaxon:1620387	2
NCBITaxon:1620405	1
NCBITaxon:1620410	1
NCBITaxon:1620411	1
NCBITaxon:1620413	1
NCBITaxon:1620414	1
NCBITaxon:1620418	4
NCBITaxon:1620419	123
NCBITaxon:1620420	1
NCBITaxon:1620699	1
NCBITaxon:1620943	5
NCBITaxon:162120	1
NCBITaxon:162130	2
NCBITaxon:162140	2
NCBITaxon:1621534	2
NCBITaxon:162155	6
NCBITaxon:162156	6
NCBITaxon:162169	5
NCBITaxon:162170	5
NCBITaxon:1621700	1
NCBITaxon:1621988	1
NCBITaxon:1621989	1
NCBITaxon:1622	61
NCBITaxon:1622072	2
NCBITaxon:1622073	3
NCBITaxon:1622075	1
NCBITaxon:162209	4
NCBITaxon:1622118	4
NCBITaxon:1622177	2
NCBITaxon:162289	3
NCBITaxon:1623	116
NCBITaxon:1623218	1
NCBITaxon:1623397	4
NCBITaxon:1623398	1
NCBITaxon:1623495	1
NCBITaxon:1623582	1
NCBITaxon:1623583	2
NCBITaxon:162393	22
NCBITaxon:162394	2
NCBITaxon:1624	263
NCBITaxon:162409	1
NCBITaxon:162425	113
NCBITaxon:162426	11
NCBITaxon:162496	9
NCBITaxon:1625	152
NCBITaxon:1626	8
NCBITaxon:1627892	6
NCBITaxon:1627894	1
NCBITaxon:1627895	2
NCBITaxon:1628085	8
NCBITaxon:1628086	5
NCBITaxon:1628148	2
NCBITaxon:1628157	1
NCBITaxon:1628158	1
NCBITaxon:1628248	10
NCBITaxon:1628250	5
NCBITaxon:1628251	4
NCBITaxon:1628268	1
NCBITaxon:1628277	1
NCBITaxon:1628753	1
NCBITaxon:1628855	1
NCBITaxon:1629	15
NCBITaxon:1629051	3
NCBITaxon:1629062	3
NCBITaxon:1629071	5
NCBITaxon:1629072	5
NCBITaxon:1629124	1
NCBITaxon:1629334	2
NCBITaxon:1629404	3
NCBITaxon:1629550	4
NCBITaxon:1629664	1
NCBITaxon:162986	1
NCBITaxon:1629917	1
NCBITaxon:1629955	1
NCBITaxon:163	6
NCBITaxon:1630	11
NCBITaxon:163002	1
NCBITaxon:163003	2
NCBITaxon:163011	23
NCBITaxon:1630135	4
NCBITaxon:1630136	3
NCBITaxon:1630141	1
NCBITaxon:1630162	4
NCBITaxon:1630166	4
NCBITaxon:1630172	4
NCBITaxon:1630173	1
NCBITaxon:1630542	2
NCBITaxon:1630594	4
NCBITaxon:1630595	3
NCBITaxon:1631	8
NCBITaxon:1631189	1
NCBITaxon:1631240	1
NCBITaxon:1631247	1
NCBITaxon:1631249	1
NCBITaxon:1631346	2
NCBITaxon:1631356	1
NCBITaxon:1631477	5
NCBITaxon:1631573	1
NCBITaxon:163164	2
NCBITaxon:1631743	1
NCBITaxon:1631871	4
NCBITaxon:1631957	1
NCBITaxon:1631968	1
NCBITaxon:1632	48
NCBITaxon:1632013	13
NCBITaxon:1632018	1
NCBITaxon:1632019	1
NCBITaxon:163202	2
NCBITaxon:1632025	1
NCBITaxon:163259	1
NCBITaxon:1632684	1
NCBITaxon:1632740	3
NCBITaxon:1632858	2
NCBITaxon:1632865	1
NCBITaxon:1632866	1
NCBITaxon:1632867	1
NCBITaxon:1633	44
NCBITaxon:1633135	1
NCBITaxon:1633209	1
NCBITaxon:1633335	1
NCBITaxon:1633494	1
NCBITaxon:1633495	2
NCBITaxon:163359	3
NCBITaxon:163361	6
NCBITaxon:1633631	14
NCBITaxon:1633785	2
NCBITaxon:1633874	1
NCBITaxon:1634059	3
NCBITaxon:1634444	2
NCBITaxon:1634478	1
NCBITaxon:1634537	1
NCBITaxon:1634538	2
NCBITaxon:1634917	1
NCBITaxon:1634927	5
NCBITaxon:1634941	1
NCBITaxon:1634955	1
NCBITaxon:1634995	1
NCBITaxon:1635095	2
NCBITaxon:1635097	1
NCBITaxon:1635098	2
NCBITaxon:1635159	2
NCBITaxon:163516	3
NCBITaxon:1635171	1
NCBITaxon:1635173	1
NCBITaxon:1635327	1
NCBITaxon:163603	8
NCBITaxon:163604	4
NCBITaxon:1636086	1
NCBITaxon:1636188	1
NCBITaxon:163665	7
NCBITaxon:1636719	3
NCBITaxon:163673	2
NCBITaxon:1636843	3
NCBITaxon:1637102	4
NCBITaxon:1637837	4
NCBITaxon:1637859	1
NCBITaxon:163795	1
NCBITaxon:1637975	7
NCBITaxon:1638	127
NCBITaxon:1638097	2
NCBITaxon:1638099	1
NCBITaxon:1638210	1
NCBITaxon:1638221	1
NCBITaxon:1638223	1
NCBITaxon:1638242	1
NCBITaxon:163869	2
NCBITaxon:163874	3
NCBITaxon:163875	3
NCBITaxon:163877	5
NCBITaxon:163879	4
NCBITaxon:1638980	3
NCBITaxon:1638981	3
NCBITaxon:1638982	5
NCBITaxon:1638984	4
NCBITaxon:1638985	4
NCBITaxon:1638987	4
NCBITaxon:1638988	3
NCBITaxon:1638989	3
NCBITaxon:1638992	1
NCBITaxon:1639	7015
NCBITaxon:1639000	1
NCBITaxon:1639034	1
NCBITaxon:1639035	4
NCBITaxon:1639108	2
NCBITaxon:1639118	4
NCBITaxon:1639133	37
NCBITaxon:1639689	5
NCBITaxon:1639690	1
NCBITaxon:1639882	2
NCBITaxon:164	7
NCBITaxon:1640	204
NCBITaxon:1640151	3
NCBITaxon:1640152	3
NCBITaxon:1640501	1
NCBITaxon:1640652	4
NCBITaxon:1640674	3
NCBITaxon:1640685	2
NCBITaxon:1640865	3
NCBITaxon:1640866	3
NCBITaxon:1641	94
NCBITaxon:1641034	1
NCBITaxon:164114	5
NCBITaxon:164115	2
NCBITaxon:1641715	4
NCBITaxon:1641875	4
NCBITaxon:1641972	1
NCBITaxon:1641990	4
NCBITaxon:1641992	4
NCBITaxon:1642	216
NCBITaxon:1642299	6
NCBITaxon:1642303	3
NCBITaxon:1642459	2
NCBITaxon:1642469	4
NCBITaxon:1642495	4
NCBITaxon:1642646	3
NCBITaxon:1642647	4
NCBITaxon:1642702	3
NCBITaxon:1642818	2
NCBITaxon:1642819	1
NCBITaxon:1642821	2
NCBITaxon:1643	112
NCBITaxon:164328	22
NCBITaxon:164330	5
NCBITaxon:164332	2
NCBITaxon:1643322	1
NCBITaxon:1643323	1
NCBITaxon:1643336	4
NCBITaxon:1643428	1
NCBITaxon:1643429	6
NCBITaxon:164348	3
NCBITaxon:1643674	1
NCBITaxon:1643687	2
NCBITaxon:1643805	3
NCBITaxon:1643826	6
NCBITaxon:164393	18
NCBITaxon:1643951	1
NCBITaxon:164400	2
NCBITaxon:1644061	1
NCBITaxon:1644109	2
NCBITaxon:1644110	1
NCBITaxon:1644114	1
NCBITaxon:1644115	2
NCBITaxon:1644118	4
NCBITaxon:1644129	6
NCBITaxon:1644133	1
NCBITaxon:1644146	1
NCBITaxon:164450	2
NCBITaxon:164451	38
NCBITaxon:164452	3
NCBITaxon:164514	9
NCBITaxon:164516	1
NCBITaxon:164538	1
NCBITaxon:164546	98
NCBITaxon:164550	2
NCBITaxon:1645614	3
NCBITaxon:1645665	1
NCBITaxon:1645681	3
NCBITaxon:1645915	1
NCBITaxon:1646	20
NCBITaxon:1646119	4
NCBITaxon:1646122	5
NCBITaxon:1646340	3
NCBITaxon:1646373	3
NCBITaxon:1646377	6
NCBITaxon:1646520	1
NCBITaxon:1646524	1
NCBITaxon:1646530	1
NCBITaxon:1647451	1
NCBITaxon:1647556	1
NCBITaxon:1647581	1
NCBITaxon:1647582	4
NCBITaxon:164759	6
NCBITaxon:1647649	1
NCBITaxon:1647773	1
NCBITaxon:1647988	12
NCBITaxon:1648	198
NCBITaxon:1648146	2
NCBITaxon:1648182	3
NCBITaxon:1648214	3
NCBITaxon:1648404	1
NCBITaxon:164851	2
NCBITaxon:1648871	1
NCBITaxon:1648923	43
NCBITaxon:1648966	1
NCBITaxon:164912	1
NCBITaxon:1649127	1
NCBITaxon:1649128	1
NCBITaxon:1649129	1
NCBITaxon:1649130	1
NCBITaxon:1649133	1
NCBITaxon:1649139	1
NCBITaxon:1649169	1
NCBITaxon:1649184	1
NCBITaxon:1649188	8
NCBITaxon:164924	2
NCBITaxon:1649241	3
NCBITaxon:1649257	4
NCBITaxon:1649266	1
NCBITaxon:1649295	1
NCBITaxon:1649461	3
NCBITaxon:1649489	1
NCBITaxon:1649490	2
NCBITaxon:1649503	1
NCBITaxon:1649580	5
NCBITaxon:1649877	1
NCBITaxon:165	2
NCBITaxon:1650	7
NCBITaxon:1650195	1
NCBITaxon:1650438	1
NCBITaxon:1650571	4
NCBITaxon:1650592	1
NCBITaxon:1650660	3
NCBITaxon:1650661	3
NCBITaxon:1650662	1
NCBITaxon:1650663	8
NCBITaxon:1650735	1
NCBITaxon:165096	12
NCBITaxon:1651082	3
NCBITaxon:1651154	2
NCBITaxon:1651218	4
NCBITaxon:1651774	1
NCBITaxon:1651781	2
NCBITaxon:165179	283
NCBITaxon:165185	32
NCBITaxon:165186	1133
NCBITaxon:165187	9
NCBITaxon:165188	10
NCBITaxon:165190	1
NCBITaxon:1651947	1
NCBITaxon:1651968	4
NCBITaxon:1652	12
NCBITaxon:1652028	4
NCBITaxon:1652031	4
NCBITaxon:1652106	3
NCBITaxon:1652109	3
NCBITaxon:1652145	2
NCBITaxon:165219	2
NCBITaxon:1652465	1
NCBITaxon:1652492	3
NCBITaxon:1652495	3
NCBITaxon:1652957	1
NCBITaxon:1652958	1
NCBITaxon:165302	17
NCBITaxon:1653207	1
NCBITaxon:1653334	1
NCBITaxon:1653396	1
NCBITaxon:1653434	19
NCBITaxon:1653435	2
NCBITaxon:1653476	3
NCBITaxon:1653478	1
NCBITaxon:1653776	5
NCBITaxon:1653831	46
NCBITaxon:1653850	1
NCBITaxon:1653858	1
NCBITaxon:1653870	1
NCBITaxon:1654	3
NCBITaxon:1654036	1
NCBITaxon:165407	1
NCBITaxon:165411	1
NCBITaxon:165433	2
NCBITaxon:165434	52
NCBITaxon:165435	1
NCBITaxon:165436	11
NCBITaxon:1654360	3
NCBITaxon:165437	3
NCBITaxon:1654388	8
NCBITaxon:1654476	4
NCBITaxon:1654605	2
NCBITaxon:1654716	9
NCBITaxon:1654741	8
NCBITaxon:1655	134
NCBITaxon:1655232	5
NCBITaxon:1655234	4
NCBITaxon:1655277	3
NCBITaxon:1655419	5
NCBITaxon:1655435	4
NCBITaxon:1655439	1
NCBITaxon:1655483	1
NCBITaxon:1655491	1
NCBITaxon:1655500	14
NCBITaxon:1655514	1
NCBITaxon:1655543	2
NCBITaxon:1655545	29
NCBITaxon:165587	1
NCBITaxon:1656	211
NCBITaxon:1656093	1
NCBITaxon:1656094	1
NCBITaxon:1656166	1
NCBITaxon:1656186	1
NCBITaxon:1656823	3
NCBITaxon:1656884	1
NCBITaxon:1656885	1
NCBITaxon:1656887	1
NCBITaxon:1656889	1
NCBITaxon:1656892	1
NCBITaxon:1656914	1
NCBITaxon:165694	3
NCBITaxon:165695	7
NCBITaxon:165696	12
NCBITaxon:165697	14
NCBITaxon:1657	10
NCBITaxon:165758	6
NCBITaxon:165777	1
NCBITaxon:165778	1
NCBITaxon:165779	2
NCBITaxon:1658	4
NCBITaxon:1658060	1
NCBITaxon:1658108	1
NCBITaxon:1658110	1
NCBITaxon:1658111	1
NCBITaxon:165813	3
NCBITaxon:165814	4
NCBITaxon:1658174	1
NCBITaxon:1658519	4
NCBITaxon:1658616	1
NCBITaxon:1658618	1
NCBITaxon:1658664	1
NCBITaxon:1658671	1
NCBITaxon:1658672	1
NCBITaxon:1658740	1
NCBITaxon:1658765	1
NCBITaxon:1658779	1
NCBITaxon:1658781	1
NCBITaxon:1659	139
NCBITaxon:1659686	1
NCBITaxon:1659845	1
NCBITaxon:1660	168
NCBITaxon:1660031	3
NCBITaxon:1660032	2
NCBITaxon:1660040	1
NCBITaxon:1660043	1
NCBITaxon:1660067	8
NCBITaxon:1660072	5
NCBITaxon:1660073	4
NCBITaxon:1660076	11
NCBITaxon:1660158	1
NCBITaxon:1660183	1
NCBITaxon:1660197	3
NCBITaxon:1660198	1
NCBITaxon:1660341	4
NCBITaxon:166050	2
NCBITaxon:1661	23
NCBITaxon:166112	1
NCBITaxon:1661150	1
NCBITaxon:1661694	1
NCBITaxon:1661791	1
NCBITaxon:1662055	1
NCBITaxon:1662110	1
NCBITaxon:1662329	8
NCBITaxon:1662395	3
NCBITaxon:1662421	1
NCBITaxon:1662659	2
NCBITaxon:1662864	1
NCBITaxon:1662865	1
NCBITaxon:1663	24
NCBITaxon:166309	1
NCBITaxon:166310	1
NCBITaxon:166321	1
NCBITaxon:1663241	1
NCBITaxon:1663419	2
NCBITaxon:1663426	6
NCBITaxon:1663500	1
NCBITaxon:1664	2
NCBITaxon:1664035	3
NCBITaxon:1664069	7
NCBITaxon:1664159	2
NCBITaxon:1664265	1
NCBITaxon:1664694	1
NCBITaxon:166485	1
NCBITaxon:166486	124
NCBITaxon:1665	126
NCBITaxon:1665021	49
NCBITaxon:1665626	3
NCBITaxon:1665687	1
NCBITaxon:166587	7
NCBITaxon:1666912	1
NCBITaxon:1667	25
NCBITaxon:1667022	3
NCBITaxon:1667024	4
NCBITaxon:1667039	2
NCBITaxon:1667051	2364
NCBITaxon:1667168	6
NCBITaxon:1667172	1
NCBITaxon:1667239	5
NCBITaxon:1667296	1
NCBITaxon:1667297	1
NCBITaxon:1667327	17
NCBITaxon:1667614	1
NCBITaxon:166793	4
NCBITaxon:166935	2
NCBITaxon:166939	3
NCBITaxon:166954	4
NCBITaxon:167	36
NCBITaxon:1670	7
NCBITaxon:1670431	1
NCBITaxon:1670446	3
NCBITaxon:1670455	3
NCBITaxon:1670458	1
NCBITaxon:1670608	1
NCBITaxon:1670619	1
NCBITaxon:1670621	5
NCBITaxon:167065	1
NCBITaxon:1670800	1
NCBITaxon:1670801	4
NCBITaxon:1670830	2
NCBITaxon:1670831	1
NCBITaxon:1670832	5
NCBITaxon:1671	9
NCBITaxon:1671022	3
NCBITaxon:1671023	3
NCBITaxon:1671306	1
NCBITaxon:1671480	1
NCBITaxon:1671577	1
NCBITaxon:1671680	2
NCBITaxon:1671795	2
NCBITaxon:1671868	1
NCBITaxon:1671902	1
NCBITaxon:1671923	1
NCBITaxon:1672	8
NCBITaxon:1672701	1
NCBITaxon:1672749	2
NCBITaxon:1673	8
NCBITaxon:1673428	4
NCBITaxon:167352	1
NCBITaxon:1673609	1
NCBITaxon:1673631	1
NCBITaxon:167367	1
NCBITaxon:167371	1
NCBITaxon:1673717	3
NCBITaxon:1673718	1
NCBITaxon:1673719	1
NCBITaxon:1673720	1
NCBITaxon:1673721	5
NCBITaxon:1673722	7
NCBITaxon:1673723	2
NCBITaxon:1673724	1
NCBITaxon:1673725	3
NCBITaxon:1673741	1
NCBITaxon:1673888	2
NCBITaxon:1674146	2
NCBITaxon:1674310	3
NCBITaxon:1674535	1
NCBITaxon:167468	1
NCBITaxon:167481	2
NCBITaxon:1674871	2
NCBITaxon:1674875	2
NCBITaxon:1674920	1
NCBITaxon:1674924	5
NCBITaxon:1674942	3
NCBITaxon:1675036	2
NCBITaxon:167539	1
NCBITaxon:167542	1
NCBITaxon:167544	1
NCBITaxon:167545	2
NCBITaxon:167546	1
NCBITaxon:167547	1
NCBITaxon:167548	1
NCBITaxon:167549	1
NCBITaxon:167550	1
NCBITaxon:167551	1
NCBITaxon:167552	1
NCBITaxon:1675527	1
NCBITaxon:167553	1
NCBITaxon:1675530	3
NCBITaxon:167554	1
NCBITaxon:167555	1
NCBITaxon:167556	1
NCBITaxon:1675626	1
NCBITaxon:1675686	3
NCBITaxon:1675788	1
NCBITaxon:1675792	1
NCBITaxon:1675850	1
NCBITaxon:1675854	3
NCBITaxon:1676	6
NCBITaxon:167636	1
NCBITaxon:1676396	3
NCBITaxon:167642	1
NCBITaxon:167643	2
NCBITaxon:167644	3
NCBITaxon:167645	3
NCBITaxon:1676614	3
NCBITaxon:1676683	1
NCBITaxon:1677	11
NCBITaxon:167740	18
NCBITaxon:1677852	3
NCBITaxon:1677853	3
NCBITaxon:1677857	3
NCBITaxon:1677858	1
NCBITaxon:1677894	1
NCBITaxon:1677920	1
NCBITaxon:1678	15
NCBITaxon:1678012	1
NCBITaxon:1678131	1
NCBITaxon:1678237	3
NCBITaxon:1678309	1
NCBITaxon:1678448	1
NCBITaxon:1678637	1
NCBITaxon:1678690	1
NCBITaxon:1678728	1
NCBITaxon:1678752	3
NCBITaxon:1678840	1
NCBITaxon:1678841	3
NCBITaxon:1678900	3
NCBITaxon:1679	276
NCBITaxon:1679002	2
NCBITaxon:1679076	3
NCBITaxon:1679078	2
NCBITaxon:1679083	3
NCBITaxon:1679091	1
NCBITaxon:1679096	2
NCBITaxon:1679163	1
NCBITaxon:1679170	3
NCBITaxon:1679171	3
NCBITaxon:1679444	4
NCBITaxon:1679446	1
NCBITaxon:1679449	2
NCBITaxon:1679460	1
NCBITaxon:1679466	2
NCBITaxon:1679494	7
NCBITaxon:1679495	8
NCBITaxon:1679497	6
NCBITaxon:1679523	3
NCBITaxon:167957	2
NCBITaxon:167963	16
NCBITaxon:167964	6
NCBITaxon:167967	15
NCBITaxon:167968	5
NCBITaxon:1679721	3
NCBITaxon:1679753	2
NCBITaxon:168	7
NCBITaxon:1680	598
NCBITaxon:1680762	1
NCBITaxon:1681	403
NCBITaxon:168172	4
NCBITaxon:1681835	1
NCBITaxon:1682	113
NCBITaxon:1682113	1
NCBITaxon:1682150	5
NCBITaxon:1682393	1
NCBITaxon:1682490	1
NCBITaxon:1682650	1
NCBITaxon:1682723	1
NCBITaxon:1682732	3
NCBITaxon:1682741	1
NCBITaxon:1682742	3
NCBITaxon:1682748	4
NCBITaxon:168275	2
NCBITaxon:168276	4
NCBITaxon:1683	41
NCBITaxon:168316	1
NCBITaxon:1683161	1
NCBITaxon:168379	1
NCBITaxon:168384	4
NCBITaxon:1684	24
NCBITaxon:1684289	1
NCBITaxon:1684290	1
NCBITaxon:1684291	1
NCBITaxon:1684307	1
NCBITaxon:168469	7
NCBITaxon:168471	9
NCBITaxon:168477	8
NCBITaxon:1684789	3
NCBITaxon:168480	6
NCBITaxon:1685	361
NCBITaxon:1685010	1
NCBITaxon:1685017	4
NCBITaxon:1685030	3
NCBITaxon:1685124	1
NCBITaxon:1685125	1
NCBITaxon:1685126	1
NCBITaxon:1685127	1
NCBITaxon:1685133	1
NCBITaxon:1685135	1
NCBITaxon:1685378	3
NCBITaxon:1685379	2
NCBITaxon:1685382	1
NCBITaxon:1685414	1
NCBITaxon:1685415	1
NCBITaxon:1685432	1
NCBITaxon:1685901	4
NCBITaxon:1686	76
NCBITaxon:1686285	1
NCBITaxon:1686286	2
NCBITaxon:1686287	1
NCBITaxon:1686296	4
NCBITaxon:1686310	9
NCBITaxon:1686374	1
NCBITaxon:1686384	1
NCBITaxon:1686389	1
NCBITaxon:1686393	1
NCBITaxon:1686399	6
NCBITaxon:1686402	1
NCBITaxon:168657	1
NCBITaxon:168695	8
NCBITaxon:168697	6
NCBITaxon:1687	5
NCBITaxon:1688	4
NCBITaxon:168807	2
NCBITaxon:1688404	1
NCBITaxon:1688485	3
NCBITaxon:1688486	1
NCBITaxon:1688488	1
NCBITaxon:1688639	2
NCBITaxon:1689	123
NCBITaxon:1689268	1
NCBITaxon:1689269	2
NCBITaxon:168927	1
NCBITaxon:1689270	1
NCBITaxon:1689271	2
NCBITaxon:1689272	3
NCBITaxon:1689303	2
NCBITaxon:168932	1
NCBITaxon:168934	8
NCBITaxon:168935	3
NCBITaxon:1689449	4
NCBITaxon:1689450	1
NCBITaxon:1689686	1
NCBITaxon:1689834	5
NCBITaxon:1689985	1
NCBITaxon:1690	13
NCBITaxon:1690008	1
NCBITaxon:1690039	2
NCBITaxon:1690101	2
NCBITaxon:1690220	6
NCBITaxon:1690221	5
NCBITaxon:1690248	1
NCBITaxon:169041	2
NCBITaxon:1690484	2
NCBITaxon:169050	8
NCBITaxon:169056	1
NCBITaxon:1690599	1
NCBITaxon:1690601	1
NCBITaxon:1690605	1
NCBITaxon:1690608	1
NCBITaxon:1691	6
NCBITaxon:169134	6
NCBITaxon:1691563	4
NCBITaxon:1691570	4
NCBITaxon:1691571	4
NCBITaxon:169176	5
NCBITaxon:169177	8
NCBITaxon:169184	1
NCBITaxon:1691903	2
NCBITaxon:1691904	1
NCBITaxon:1691940	4
NCBITaxon:1692	19
NCBITaxon:1692154	1
NCBITaxon:169283	3
NCBITaxon:169292	52
NCBITaxon:1693	3
NCBITaxon:169388	5
NCBITaxon:1694	81
NCBITaxon:169402	1
NCBITaxon:169427	16
NCBITaxon:169430	11
NCBITaxon:169435	19
NCBITaxon:169438	2
NCBITaxon:169480	6
NCBITaxon:169489	2
NCBITaxon:1695	5
NCBITaxon:169506	1
NCBITaxon:169507	2
NCBITaxon:169509	1
NCBITaxon:169510	1
NCBITaxon:1695161	6
NCBITaxon:1695166	6
NCBITaxon:1695218	1
NCBITaxon:1695224	2
NCBITaxon:1695225	1
NCBITaxon:1695997	1
NCBITaxon:1696	3
NCBITaxon:1696036	1
NCBITaxon:169669	8
NCBITaxon:169679	69
NCBITaxon:1697	210
NCBITaxon:1697053	13
NCBITaxon:1697385	2
NCBITaxon:1697386	2
NCBITaxon:1697387	1
NCBITaxon:1697394	1
NCBITaxon:1697446	10
NCBITaxon:1697556	1
NCBITaxon:1697557	2
NCBITaxon:1697558	1
NCBITaxon:169759	1
NCBITaxon:169760	1
NCBITaxon:169765	4
NCBITaxon:1697784	1
NCBITaxon:1697972	2
NCBITaxon:1697973	1
NCBITaxon:1698	40
NCBITaxon:1698257	1
NCBITaxon:1698258	1
NCBITaxon:1698259	1
NCBITaxon:1698260	1
NCBITaxon:1698261	1
NCBITaxon:1698262	1
NCBITaxon:1698263	1
NCBITaxon:1698264	1
NCBITaxon:1698265	1
NCBITaxon:1698266	1
NCBITaxon:1698267	1
NCBITaxon:1698268	1
NCBITaxon:1698269	1
NCBITaxon:1698270	1
NCBITaxon:1698271	1
NCBITaxon:1698272	1
NCBITaxon:1698273	1
NCBITaxon:1698274	1
NCBITaxon:1698275	1
NCBITaxon:1698276	1
NCBITaxon:1698277	1
NCBITaxon:1698278	1
NCBITaxon:1698279	1
NCBITaxon:1698280	1
NCBITaxon:1698281	1
NCBITaxon:1698282	1
NCBITaxon:1698283	1
NCBITaxon:1698284	1
NCBITaxon:1698285	1
NCBITaxon:1698286	1
NCBITaxon:1698287	1
NCBITaxon:1698288	1
NCBITaxon:1698521	4
NCBITaxon:1698799	1
NCBITaxon:1699371	1
NCBITaxon:1699411	1
NCBITaxon:1699412	1
NCBITaxon:1699413	3
NCBITaxon:1699422	2
NCBITaxon:1699424	1
NCBITaxon:1699426	4
NCBITaxon:169960	6
NCBITaxon:1699623	1
NCBITaxon:169963	2
NCBITaxon:1699866	1
NCBITaxon:1699867	1
NCBITaxon:17	38
NCBITaxon:170000	46
NCBITaxon:1701	7
NCBITaxon:1701085	4
NCBITaxon:1701086	1
NCBITaxon:1701090	2
NCBITaxon:1701104	1
NCBITaxon:1701548	1
NCBITaxon:1701573	5
NCBITaxon:1701723	1
NCBITaxon:1701727	1
NCBITaxon:1701758	1
NCBITaxon:1702097	1
NCBITaxon:1702103	1
NCBITaxon:1702106	2
NCBITaxon:1702170	12
NCBITaxon:1702214	1
NCBITaxon:1702221	6
NCBITaxon:1702242	3
NCBITaxon:1702250	1
NCBITaxon:1702285	1
NCBITaxon:1702287	1
NCBITaxon:1702926	1
NCBITaxon:1702944	1
NCBITaxon:1703	105
NCBITaxon:1703250	1
NCBITaxon:1703256	5
NCBITaxon:1703332	3
NCBITaxon:1703337	5
NCBITaxon:1703339	4
NCBITaxon:1703341	4
NCBITaxon:1703343	3
NCBITaxon:1703345	3
NCBITaxon:170367	7
NCBITaxon:1703751	2
NCBITaxon:1703755	69
NCBITaxon:1703786	1
NCBITaxon:1703937	1
NCBITaxon:1703946	1
NCBITaxon:1704076	4
NCBITaxon:1704234	1
NCBITaxon:1704280	1
NCBITaxon:1704281	1
NCBITaxon:1704282	1
NCBITaxon:170446	2
NCBITaxon:1704499	4
NCBITaxon:1705	29
NCBITaxon:1705353	2
NCBITaxon:1705390	1
NCBITaxon:1705391	1
NCBITaxon:1705392	1
NCBITaxon:1705394	1
NCBITaxon:1705399	1
NCBITaxon:170540	2
NCBITaxon:1705561	4
NCBITaxon:1705562	1
NCBITaxon:1705565	3
NCBITaxon:1705578	1
NCBITaxon:170559	7
NCBITaxon:1705607	3
NCBITaxon:1705617	1
NCBITaxon:170573	21
NCBITaxon:1705730	2
NCBITaxon:1706000	1
NCBITaxon:1706046	4
NCBITaxon:170610	3
NCBITaxon:1706195	1
NCBITaxon:170623	10
NCBITaxon:1706372	4
NCBITaxon:1706374	8
NCBITaxon:1706441	1
NCBITaxon:170651	7
NCBITaxon:170652	7
NCBITaxon:170661	6
NCBITaxon:170673	31
NCBITaxon:170674	10
NCBITaxon:170679	7
NCBITaxon:1706839	1
NCBITaxon:1706840	3
NCBITaxon:1706855	1
NCBITaxon:1707	3
NCBITaxon:1707093	1
NCBITaxon:1707096	1
NCBITaxon:1707527	3
NCBITaxon:1707700	2
NCBITaxon:1707701	1
NCBITaxon:1707703	2
NCBITaxon:1707952	4
NCBITaxon:1707966	3
NCBITaxon:1708	22
NCBITaxon:1708347	4
NCBITaxon:1708541	25
NCBITaxon:170861	1
NCBITaxon:1708715	6
NCBITaxon:1708749	3
NCBITaxon:1708751	1
NCBITaxon:1708759	1
NCBITaxon:1708783	4
NCBITaxon:1708790	1
NCBITaxon:1709	7
NCBITaxon:1709001	4
NCBITaxon:1709002	1
NCBITaxon:1709935	2
NCBITaxon:170994	6
NCBITaxon:1709940	1
NCBITaxon:171	5
NCBITaxon:1710	138
NCBITaxon:1710356	1
NCBITaxon:1710536	1
NCBITaxon:1710537	1
NCBITaxon:1710538	1
NCBITaxon:1710539	1
NCBITaxon:1710540	1
NCBITaxon:1710541	1
NCBITaxon:1710544	4
NCBITaxon:1711	20
NCBITaxon:171121	3
NCBITaxon:1711926	2
NCBITaxon:171194	3
NCBITaxon:1712	6
NCBITaxon:1712031	7
NCBITaxon:1712261	2
NCBITaxon:1712262	1
NCBITaxon:1712379	2
NCBITaxon:1712381	2
NCBITaxon:1712410	1
NCBITaxon:1712422	1
NCBITaxon:1712513	1
NCBITaxon:1712515	5
NCBITaxon:1712516	2
NCBITaxon:1712568	1
NCBITaxon:171260	1
NCBITaxon:1712654	1
NCBITaxon:1712665	4
NCBITaxon:171279	15
NCBITaxon:171280	1
NCBITaxon:171281	2
NCBITaxon:171282	1
NCBITaxon:171284	1
NCBITaxon:171286	4
NCBITaxon:1712871	1
NCBITaxon:1712872	1
NCBITaxon:171288	1
NCBITaxon:171290	1
NCBITaxon:171291	1
NCBITaxon:1713	57
NCBITaxon:171347	1
NCBITaxon:171383	6
NCBITaxon:171392	1
NCBITaxon:1714	7
NCBITaxon:171401	3
NCBITaxon:1714016	2
NCBITaxon:171404	5
NCBITaxon:1714264	1
NCBITaxon:1714300	1
NCBITaxon:1714354	1
NCBITaxon:1714355	1
NCBITaxon:1714359	1
NCBITaxon:171437	2
NCBITaxon:171438	3
NCBITaxon:171439	1
NCBITaxon:1714400	1
NCBITaxon:1714406	1
NCBITaxon:171441	1
NCBITaxon:171442	6
NCBITaxon:1714681	3
NCBITaxon:1714682	4
NCBITaxon:171480	1
NCBITaxon:1714840	2
NCBITaxon:1714841	1
NCBITaxon:1714848	2
NCBITaxon:1714860	1
NCBITaxon:171508	1
NCBITaxon:1715220	1
NCBITaxon:1715222	4
NCBITaxon:171523	5
NCBITaxon:1715234	1
NCBITaxon:1715235	31
NCBITaxon:1715236	4
NCBITaxon:1715242	2
NCBITaxon:1715245	1
NCBITaxon:1715253	2
NCBITaxon:1715285	2
NCBITaxon:1715347	4
NCBITaxon:1715348	1
NCBITaxon:1715466	1
NCBITaxon:171549	187
NCBITaxon:171550	19
NCBITaxon:171551	69
NCBITaxon:171552	33
NCBITaxon:171558	4
NCBITaxon:1715627	5
NCBITaxon:1715645	1
NCBITaxon:1715691	3
NCBITaxon:1715692	1
NCBITaxon:1715693	2
NCBITaxon:1715720	3
NCBITaxon:1715729	3
NCBITaxon:1715806	2
NCBITaxon:1715989	1
NCBITaxon:1716	7
NCBITaxon:1716077	3
NCBITaxon:1716141	3
NCBITaxon:1716143	4
NCBITaxon:1716172	1
NCBITaxon:171631	1
NCBITaxon:1716543	3
NCBITaxon:171674	14
NCBITaxon:171685	6
NCBITaxon:171692	4
NCBITaxon:171693	7
NCBITaxon:171695	2
NCBITaxon:1717	530
NCBITaxon:1717229	4
NCBITaxon:1717717	1
NCBITaxon:1718	923
NCBITaxon:1718530	1
NCBITaxon:171864	1
NCBITaxon:171865	3
NCBITaxon:171868	1
NCBITaxon:171869	3
NCBITaxon:1718875	4
NCBITaxon:1719	147
NCBITaxon:1719034	1
NCBITaxon:1719035	1
NCBITaxon:1719036	1
NCBITaxon:1719126	1
NCBITaxon:171953	16
NCBITaxon:171954	2
NCBITaxon:172	10
NCBITaxon:1720	1
NCBITaxon:1720063	1
NCBITaxon:1720083	1
NCBITaxon:1720192	2
NCBITaxon:1720195	1
NCBITaxon:1720198	1
NCBITaxon:1720199	3
NCBITaxon:1720200	4
NCBITaxon:1720204	5
NCBITaxon:1720237	1
NCBITaxon:1720247	1
NCBITaxon:1720253	1
NCBITaxon:1720260	1
NCBITaxon:1720261	1
NCBITaxon:1720294	3
NCBITaxon:1720296	2
NCBITaxon:1720298	2
NCBITaxon:1720300	1
NCBITaxon:1720302	2
NCBITaxon:1720313	4
NCBITaxon:1720315	1
NCBITaxon:1720316	1
NCBITaxon:1720343	1
NCBITaxon:1720349	49
NCBITaxon:172040	4
NCBITaxon:172041	5
NCBITaxon:172042	14
NCBITaxon:172043	6
NCBITaxon:172044	5
NCBITaxon:172045	23
NCBITaxon:1720557	3
NCBITaxon:172088	1
NCBITaxon:1721	4
NCBITaxon:1721087	3
NCBITaxon:1721088	5
NCBITaxon:1723361	4
NCBITaxon:1723382	1
NCBITaxon:1723384	2
NCBITaxon:1723647	1
NCBITaxon:172371	5
NCBITaxon:1723730	1
NCBITaxon:1723736	3
NCBITaxon:1724	7
NCBITaxon:1725	100
NCBITaxon:1725232	1
NCBITaxon:172668	1
NCBITaxon:172671	2
NCBITaxon:1727	73
NCBITaxon:172713	6
NCBITaxon:1727145	1
NCBITaxon:1727163	1
NCBITaxon:172733	570
NCBITaxon:172827	10
NCBITaxon:1728934	1
NCBITaxon:172900	5
NCBITaxon:172901	6
NCBITaxon:1729581	1
NCBITaxon:1729588	1
NCBITaxon:1729695	1
NCBITaxon:1729711	1
NCBITaxon:1729712	2
NCBITaxon:172979	1
NCBITaxon:1729892	2
NCBITaxon:1729899	4
NCBITaxon:173	238
NCBITaxon:1730	1237
NCBITaxon:1730245	5
NCBITaxon:1730378	4
NCBITaxon:173040	2
NCBITaxon:173041	3
NCBITaxon:1730526	3
NCBITaxon:173053	8
NCBITaxon:1730871	1
NCBITaxon:1730894	3
NCBITaxon:1731	2
NCBITaxon:1732	1
NCBITaxon:1732013	1
NCBITaxon:173216	2
NCBITaxon:1732567	3
NCBITaxon:173361	7
NCBITaxon:173362	7
NCBITaxon:173363	4
NCBITaxon:173364	4
NCBITaxon:173365	4
NCBITaxon:173366	3
NCBITaxon:1734004	1
NCBITaxon:1734010	1
NCBITaxon:1734031	8
NCBITaxon:1734049	4
NCBITaxon:1734212	1
NCBITaxon:1734445	2
NCBITaxon:1734446	1
NCBITaxon:173479	8
NCBITaxon:173480	2
NCBITaxon:1734925	1
NCBITaxon:1734926	1
NCBITaxon:1735	59
NCBITaxon:1735038	1
NCBITaxon:173509	2
NCBITaxon:1735103	1
NCBITaxon:1735111	2
NCBITaxon:1735121	1
NCBITaxon:1735162	5
NCBITaxon:1735277	1
NCBITaxon:1735278	1
NCBITaxon:1735279	1
NCBITaxon:1735280	1
NCBITaxon:1735285	1
NCBITaxon:1735373	1
NCBITaxon:1735446	3
NCBITaxon:1735581	1
NCBITaxon:1735589	1
NCBITaxon:173559	6
NCBITaxon:173560	4
NCBITaxon:1736	36
NCBITaxon:1736139	1
NCBITaxon:1736346	1
NCBITaxon:1736399	1
NCBITaxon:1736487	1
NCBITaxon:1736524	1
NCBITaxon:1736544	1
NCBITaxon:1736583	1
NCBITaxon:1736662	1
NCBITaxon:1736665	1
NCBITaxon:1736674	3
NCBITaxon:1736675	1
NCBITaxon:1736690	1
NCBITaxon:1736691	1
NCBITaxon:173675	6
NCBITaxon:1736751	1
NCBITaxon:173676	4
NCBITaxon:1736908	1
NCBITaxon:1737	7
NCBITaxon:1737061	1
NCBITaxon:1737062	1
NCBITaxon:1737063	1
NCBITaxon:1737064	1
NCBITaxon:1737065	1
NCBITaxon:1737353	4
NCBITaxon:1737354	1
NCBITaxon:1737356	4
NCBITaxon:1737357	7
NCBITaxon:1737406	1
NCBITaxon:1737424	23
NCBITaxon:1737425	3
NCBITaxon:1737426	2
NCBITaxon:1737444	1
NCBITaxon:1737446	5
NCBITaxon:1737459	1
NCBITaxon:1737472	1
NCBITaxon:1737473	2
NCBITaxon:1737488	1
NCBITaxon:1737490	1
NCBITaxon:1737515	4
NCBITaxon:1737568	1
NCBITaxon:1737569	1
NCBITaxon:1737570	1
NCBITaxon:1737571	3
NCBITaxon:173770	8
NCBITaxon:173776	1
NCBITaxon:173778	1
NCBITaxon:173779	1
NCBITaxon:1738132	1
NCBITaxon:173832	1
NCBITaxon:1738374	2
NCBITaxon:1738390	1
NCBITaxon:173856	5
NCBITaxon:173858	3
NCBITaxon:173860	2
NCBITaxon:173861	7
NCBITaxon:173862	1
NCBITaxon:1738638	1
NCBITaxon:1738645	1
NCBITaxon:1738654	4
NCBITaxon:1738655	5
NCBITaxon:1738770	3
NCBITaxon:173937	1
NCBITaxon:173944	1
NCBITaxon:173947	1
NCBITaxon:173959	9
NCBITaxon:1739690	1
NCBITaxon:173974	1
NCBITaxon:1739787	4
NCBITaxon:173990	9
NCBITaxon:174	81
NCBITaxon:1740262	2
NCBITaxon:1740263	1
NCBITaxon:174037	1
NCBITaxon:174038	4
NCBITaxon:1740611	5
NCBITaxon:1740625	1
NCBITaxon:1740639	1
NCBITaxon:1740721	7
NCBITaxon:1740738	1
NCBITaxon:174080	1
NCBITaxon:1741	2
NCBITaxon:174145	1
NCBITaxon:1742262	1
NCBITaxon:1742264	1
NCBITaxon:1742358	3
NCBITaxon:1742359	1
NCBITaxon:1742635	1
NCBITaxon:1742686	3
NCBITaxon:1742687	4
NCBITaxon:1742688	5
NCBITaxon:174292	8
NCBITaxon:174293	2
NCBITaxon:174294	5
NCBITaxon:1742972	1
NCBITaxon:1742973	1
NCBITaxon:1742989	5
NCBITaxon:1742992	4
NCBITaxon:1742993	3
NCBITaxon:1743	8
NCBITaxon:1743143	3
NCBITaxon:1743157	2
NCBITaxon:1743159	16
NCBITaxon:1743162	4
NCBITaxon:1743163	3
NCBITaxon:1743164	2
NCBITaxon:1743165	1
NCBITaxon:1743166	2
NCBITaxon:1743168	3
NCBITaxon:1743169	14
NCBITaxon:1743174	1
NCBITaxon:1743235	4
NCBITaxon:1743262	4
NCBITaxon:1743263	3
NCBITaxon:174390	1
NCBITaxon:1744	229
NCBITaxon:1744844	4
NCBITaxon:1744846	4
NCBITaxon:1744952	1
NCBITaxon:1745189	5
NCBITaxon:1745193	4
NCBITaxon:1745197	6
NCBITaxon:1745201	1
NCBITaxon:1745202	2
NCBITaxon:1745381	1
NCBITaxon:1745712	1
NCBITaxon:1745713	5
NCBITaxon:1745723	1
NCBITaxon:1745854	3
NCBITaxon:174587	6
NCBITaxon:1745966	1
NCBITaxon:1745969	1
NCBITaxon:1746200	1
NCBITaxon:174632	1
NCBITaxon:174633	4
NCBITaxon:174643	4
NCBITaxon:174685	3
NCBITaxon:1747	296
NCBITaxon:174708	1
NCBITaxon:174709	2
NCBITaxon:174711	4
NCBITaxon:1747198	1
NCBITaxon:1747507	1
NCBITaxon:1747776	6
NCBITaxon:1747777	2
NCBITaxon:1747903	1
NCBITaxon:1748	54
NCBITaxon:1748220	1
NCBITaxon:1748242	1
NCBITaxon:1748243	1
NCBITaxon:1748249	1
NCBITaxon:1748298	3
NCBITaxon:1748319	1
NCBITaxon:1748331	3
NCBITaxon:1748367	3
NCBITaxon:1748965	1
NCBITaxon:1748967	25
NCBITaxon:1749	115
NCBITaxon:1749036	3
NCBITaxon:1749037	3
NCBITaxon:1749045	1
NCBITaxon:1749078	1
NCBITaxon:1749284	1
NCBITaxon:1749332	1
NCBITaxon:1750	34
NCBITaxon:1750517	2
NCBITaxon:1750518	1
NCBITaxon:1750527	1
NCBITaxon:1750535	1
NCBITaxon:1750560	1
NCBITaxon:1750561	1
NCBITaxon:1750590	1
NCBITaxon:1750597	3
NCBITaxon:1750598	1
NCBITaxon:1750599	1
NCBITaxon:1750603	3
NCBITaxon:1750698	1
NCBITaxon:1751	83
NCBITaxon:1751046	3
NCBITaxon:1751056	2
NCBITaxon:1751095	1
NCBITaxon:1751295	1
NCBITaxon:1751298	3
NCBITaxon:1751427	1
NCBITaxon:175175	4
NCBITaxon:1751990	1
NCBITaxon:1752	1
NCBITaxon:1752076	1
NCBITaxon:1752077	1
NCBITaxon:1752398	1
NCBITaxon:175245	2
NCBITaxon:1752708	9
NCBITaxon:1752716	18
NCBITaxon:1752722	5
NCBITaxon:1752723	3
NCBITaxon:1752724	42
NCBITaxon:1752725	1
NCBITaxon:1752728	4
NCBITaxon:1752732	7
NCBITaxon:1752740	4
NCBITaxon:1753	5
NCBITaxon:175300	1
NCBITaxon:175306	6
NCBITaxon:1754	3
NCBITaxon:1754012	3
NCBITaxon:1754190	2
NCBITaxon:1754191	1
NCBITaxon:1754192	2
NCBITaxon:1755098	1
NCBITaxon:1755099	4
NCBITaxon:1755100	5
NCBITaxon:1755241	6
NCBITaxon:1755424	2
NCBITaxon:1755430	2
NCBITaxon:1755437	1
NCBITaxon:1755439	1
NCBITaxon:1755440	1
NCBITaxon:1755442	1
NCBITaxon:1755443	1
NCBITaxon:1755504	1
NCBITaxon:1755582	3
NCBITaxon:1755647	2
NCBITaxon:1755683	2
NCBITaxon:175570	8
NCBITaxon:1755811	1
NCBITaxon:1755813	1
NCBITaxon:1755878	1
NCBITaxon:1756020	1
NCBITaxon:1756042	1
NCBITaxon:1756043	1
NCBITaxon:1756098	1
NCBITaxon:1756104	1
NCBITaxon:1756106	1
NCBITaxon:1756108	1
NCBITaxon:1756110	2
NCBITaxon:1756120	1
NCBITaxon:1756134	2
NCBITaxon:1756137	1
NCBITaxon:1756149	7
NCBITaxon:1756150	4
NCBITaxon:1756185	4
NCBITaxon:175628	7
NCBITaxon:175631	6
NCBITaxon:175632	2
NCBITaxon:175648	1
NCBITaxon:175696	1
NCBITaxon:1756987	1
NCBITaxon:1757	20
NCBITaxon:1757166	1
NCBITaxon:1758122	3
NCBITaxon:1758176	1
NCBITaxon:1758177	1
NCBITaxon:1758178	2
NCBITaxon:1758255	1
NCBITaxon:1758292	1
NCBITaxon:1758316	1
NCBITaxon:1758317	1
NCBITaxon:1758318	1
NCBITaxon:1758466	3
NCBITaxon:1758543	1
NCBITaxon:1758544	1
NCBITaxon:175858	2
NCBITaxon:1758689	1
NCBITaxon:1758741	5
NCBITaxon:1758762	3
NCBITaxon:1758874	1
NCBITaxon:1759059	1
NCBITaxon:1759089	1
NCBITaxon:1759441	3
NCBITaxon:1759464	1
NCBITaxon:1759536	3
NCBITaxon:176	2
NCBITaxon:1760	75
NCBITaxon:176090	3
NCBITaxon:1760988	7
NCBITaxon:1761012	1
NCBITaxon:1761016	2
NCBITaxon:176102	8
NCBITaxon:1761452	4
NCBITaxon:1761453	2
NCBITaxon:176160	1
NCBITaxon:176163	8
NCBITaxon:176164	1
NCBITaxon:176165	1
NCBITaxon:176166	1
NCBITaxon:176168	1
NCBITaxon:176169	1
NCBITaxon:176172	1
NCBITaxon:176173	1
NCBITaxon:176174	1
NCBITaxon:1761741	2
NCBITaxon:176177	1
NCBITaxon:1761772	1
NCBITaxon:176178	1
NCBITaxon:176179	1
NCBITaxon:176181	1
NCBITaxon:1761884	2
NCBITaxon:1761975	1
NCBITaxon:176233	3
NCBITaxon:176275	17
NCBITaxon:1762892	1
NCBITaxon:176290	3
NCBITaxon:176291	38
NCBITaxon:176292	17
NCBITaxon:176294	3
NCBITaxon:176299	4
NCBITaxon:1763	40
NCBITaxon:1763363	1
NCBITaxon:1763456	1
NCBITaxon:1763509	4
NCBITaxon:1763524	1
NCBITaxon:1763534	1
NCBITaxon:1763535	1
NCBITaxon:1763536	1
NCBITaxon:1763537	1
NCBITaxon:1763538	1
NCBITaxon:1763540	1
NCBITaxon:1763541	3
NCBITaxon:1763542	3
NCBITaxon:1763543	3
NCBITaxon:1763816	1
NCBITaxon:1763828	1
NCBITaxon:1763883	4
NCBITaxon:1764	155
NCBITaxon:1764037	1
NCBITaxon:1764539	5
NCBITaxon:1764581	1
NCBITaxon:1764942	1
NCBITaxon:1765	240
NCBITaxon:1765052	1
NCBITaxon:1765219	3
NCBITaxon:1765655	1
NCBITaxon:1765683	4
NCBITaxon:1765684	1
NCBITaxon:1765722	1
NCBITaxon:1765737	3
NCBITaxon:1765746	4
NCBITaxon:1765960	3
NCBITaxon:1765967	1
NCBITaxon:176598	31
NCBITaxon:1766	195
NCBITaxon:1766165	1
NCBITaxon:1766203	1
NCBITaxon:176626	2
NCBITaxon:1766623	1
NCBITaxon:1766656	1
NCBITaxon:1766719	3
NCBITaxon:1766800	1
NCBITaxon:1766802	4
NCBITaxon:176682	1
NCBITaxon:1767	185
NCBITaxon:1767027	1
NCBITaxon:176709	1
NCBITaxon:1768	184
NCBITaxon:1768010	2
NCBITaxon:1768011	9
NCBITaxon:1768090	28
NCBITaxon:1768108	2
NCBITaxon:1768210	1
NCBITaxon:1768241	3
NCBITaxon:176829	1
NCBITaxon:1768907	3
NCBITaxon:176898	4
NCBITaxon:176899	2
NCBITaxon:1769	3
NCBITaxon:1769250	5
NCBITaxon:1769291	6
NCBITaxon:1769349	3
NCBITaxon:1769355	1
NCBITaxon:1769421	4
NCBITaxon:1769422	4
NCBITaxon:1769423	4
NCBITaxon:1769424	6
NCBITaxon:176947	1
NCBITaxon:1769758	1
NCBITaxon:1769779	2
NCBITaxon:1769908	1
NCBITaxon:1770	21
NCBITaxon:1770053	1
NCBITaxon:1770058	1
NCBITaxon:1770194	1
NCBITaxon:1770230	1
NCBITaxon:1770526	1
NCBITaxon:1770527	1
NCBITaxon:1770529	1
NCBITaxon:1770545	1
NCBITaxon:1770547	1
NCBITaxon:1771	118
NCBITaxon:1771309	1
NCBITaxon:1771310	1
NCBITaxon:1771355	2
NCBITaxon:1771959	1
NCBITaxon:177197	8
NCBITaxon:177199	1
NCBITaxon:1772	271
NCBITaxon:1772194	1
NCBITaxon:1772216	6
NCBITaxon:1773	4595
NCBITaxon:1773489	3
NCBITaxon:177399	1
NCBITaxon:1774	127
NCBITaxon:177400	1
NCBITaxon:1774096	1
NCBITaxon:1774107	1
NCBITaxon:177413	5
NCBITaxon:177416	1
NCBITaxon:1774216	1
NCBITaxon:1774273	4
NCBITaxon:1774284	1
NCBITaxon:1774590	1
NCBITaxon:1774706	1
NCBITaxon:1774708	1
NCBITaxon:1774748	1
NCBITaxon:1774945	1
NCBITaxon:1774951	2
NCBITaxon:1774954	2
NCBITaxon:1774958	1
NCBITaxon:1774960	1
NCBITaxon:1774968	1
NCBITaxon:1774969	1
NCBITaxon:1774970	1
NCBITaxon:1774971	1
NCBITaxon:1775	4
NCBITaxon:1775119	1
NCBITaxon:1775131	1
NCBITaxon:1775132	1
NCBITaxon:1775135	1
NCBITaxon:1775166	1
NCBITaxon:1775167	2
NCBITaxon:1775168	1
NCBITaxon:1775170	6
NCBITaxon:1775171	1
NCBITaxon:1775173	2
NCBITaxon:1775174	1
NCBITaxon:1775175	1
NCBITaxon:1775177	1
NCBITaxon:1775474	6
NCBITaxon:1775544	5
NCBITaxon:1775685	1
NCBITaxon:1775688	1
NCBITaxon:1775750	4
NCBITaxon:1775876	1
NCBITaxon:1775880	1
NCBITaxon:1775881	2
NCBITaxon:1775882	1
NCBITaxon:1775910	6
NCBITaxon:1775911	3
NCBITaxon:1775925	1
NCBITaxon:1775926	1
NCBITaxon:1776	6
NCBITaxon:1776032	1
NCBITaxon:1776034	1
NCBITaxon:1776165	1
NCBITaxon:1776378	2
NCBITaxon:1776379	7
NCBITaxon:1776381	2
NCBITaxon:1776382	3
NCBITaxon:1776384	4
NCBITaxon:1776385	2
NCBITaxon:1776387	1
NCBITaxon:1776388	3
NCBITaxon:1776390	1
NCBITaxon:1776391	3
NCBITaxon:1776392	6
NCBITaxon:1776423	1
NCBITaxon:1776730	1
NCBITaxon:1776736	1
NCBITaxon:1776740	3
NCBITaxon:1776741	4
NCBITaxon:1776742	7
NCBITaxon:1776760	3
NCBITaxon:1776856	4
NCBITaxon:1776857	5
NCBITaxon:1776858	5
NCBITaxon:1776859	2
NCBITaxon:1776957	1
NCBITaxon:1777	24
NCBITaxon:1777132	5
NCBITaxon:1777133	1
NCBITaxon:1777134	1
NCBITaxon:1777135	1
NCBITaxon:1777136	1
NCBITaxon:1777137	2
NCBITaxon:1777138	2
NCBITaxon:1777139	2
NCBITaxon:1777140	3
NCBITaxon:1777141	2
NCBITaxon:1777142	1
NCBITaxon:1777143	1
NCBITaxon:1777144	1
NCBITaxon:177758	3
NCBITaxon:1777866	2
NCBITaxon:1777867	5
NCBITaxon:1778	16
NCBITaxon:1778262	1
NCBITaxon:1778263	1
NCBITaxon:1778264	1
NCBITaxon:1778267	5
NCBITaxon:1778406	5
NCBITaxon:1778488	25
NCBITaxon:1778540	13
NCBITaxon:1778590	5
NCBITaxon:1778601	2
NCBITaxon:1778653	9
NCBITaxon:1778665	1
NCBITaxon:1778671	1
NCBITaxon:1778672	3
NCBITaxon:1778675	3
NCBITaxon:1778678	1
NCBITaxon:1779	4
NCBITaxon:1779329	1
NCBITaxon:1779358	1
NCBITaxon:1779382	1
NCBITaxon:177972	2
NCBITaxon:178	1
NCBITaxon:1780	12
NCBITaxon:178001	9
NCBITaxon:1780362	6
NCBITaxon:1781	108
NCBITaxon:1781068	1
NCBITaxon:1781141	1
NCBITaxon:1781167	1
NCBITaxon:1781211	3
NCBITaxon:1782	8
NCBITaxon:178214	20
NCBITaxon:1783	10
NCBITaxon:178306	4
NCBITaxon:1783232	1
NCBITaxon:1783257	3
NCBITaxon:1783270	14
NCBITaxon:1783273	17
NCBITaxon:1783274	1
NCBITaxon:1783275	2
NCBITaxon:1783276	1
NCBITaxon:178328	1
NCBITaxon:1783348	5
NCBITaxon:1783352	3
NCBITaxon:1783360	2
NCBITaxon:178337	5
NCBITaxon:178338	2
NCBITaxon:178339	2
NCBITaxon:178340	2
NCBITaxon:1783498	4
NCBITaxon:1783499	1
NCBITaxon:1783501	1
NCBITaxon:1783515	1
NCBITaxon:1783531	1
NCBITaxon:178355	3
NCBITaxon:178356	5
NCBITaxon:178399	3
NCBITaxon:1784	15
NCBITaxon:178440	5
NCBITaxon:178469	2
NCBITaxon:1784712	1
NCBITaxon:1784713	2
NCBITaxon:1784714	1
NCBITaxon:1784719	3
NCBITaxon:1785	4
NCBITaxon:1785087	1
NCBITaxon:1785128	9
NCBITaxon:1785145	13
NCBITaxon:1785161	5
NCBITaxon:1785162	1
NCBITaxon:178532	2
NCBITaxon:178566	5
NCBITaxon:1785913	5
NCBITaxon:1785988	3
NCBITaxon:1785995	1
NCBITaxon:1785996	1
NCBITaxon:1786	4
NCBITaxon:1786003	1
NCBITaxon:178606	11
NCBITaxon:1787	8
NCBITaxon:178774	7
NCBITaxon:1788	7
NCBITaxon:1788301	3
NCBITaxon:1788519	1
NCBITaxon:178870	19
NCBITaxon:178871	4
NCBITaxon:178872	40
NCBITaxon:178899	6
NCBITaxon:1789	37
NCBITaxon:178900	3
NCBITaxon:178901	8
NCBITaxon:1789224	1
NCBITaxon:1789227	1
NCBITaxon:1789439	4
NCBITaxon:1789664	1
NCBITaxon:1789672	1
NCBITaxon:1789683	2
NCBITaxon:1789691	3
NCBITaxon:179	5
NCBITaxon:1790	26
NCBITaxon:179000	1
NCBITaxon:179010	5
NCBITaxon:1790137	3
NCBITaxon:179015	1
NCBITaxon:179095	5
NCBITaxon:1791	7
NCBITaxon:179109	12
NCBITaxon:179113	21
NCBITaxon:179114	26
NCBITaxon:179144	2
NCBITaxon:1791940	1
NCBITaxon:1792	6
NCBITaxon:1792174	1
NCBITaxon:1792290	19
NCBITaxon:1792307	1
NCBITaxon:1792309	1
NCBITaxon:1792311	3
NCBITaxon:1792498	1
NCBITaxon:1792500	1
NCBITaxon:1792502	1
NCBITaxon:1792511	1
NCBITaxon:1792543	1
NCBITaxon:1792835	1
NCBITaxon:1792836	1
NCBITaxon:1792845	1
NCBITaxon:1792846	6
NCBITaxon:1793	4
NCBITaxon:179326	1
NCBITaxon:179343	1
NCBITaxon:1793721	1
NCBITaxon:1793722	1
NCBITaxon:1793872	1
NCBITaxon:1793873	5
NCBITaxon:1793963	2
NCBITaxon:1793966	4
NCBITaxon:1794	4
NCBITaxon:179408	1
NCBITaxon:179467	6
NCBITaxon:1794699	3
NCBITaxon:1794811	2
NCBITaxon:1794912	4
NCBITaxon:1794944	3
NCBITaxon:1795	29
NCBITaxon:1795032	4
NCBITaxon:1795040	1
NCBITaxon:1795041	1
NCBITaxon:1795053	1
NCBITaxon:1795305	4
NCBITaxon:1795307	1
NCBITaxon:1795308	4
NCBITaxon:1795310	1
NCBITaxon:1795355	1
NCBITaxon:1795363	2
NCBITaxon:1795556	2
NCBITaxon:1795630	1
NCBITaxon:1795632	3
NCBITaxon:1795795	1
NCBITaxon:1795827	1
NCBITaxon:1795829	1
NCBITaxon:1795830	1
NCBITaxon:1795832	1
NCBITaxon:1795874	1
NCBITaxon:1796	25
NCBITaxon:179636	4
NCBITaxon:179637	5
NCBITaxon:1796469	4
NCBITaxon:1796497	1
NCBITaxon:1796606	1
NCBITaxon:1796610	4
NCBITaxon:1796613	5
NCBITaxon:1796615	6
NCBITaxon:1796616	2
NCBITaxon:1796618	3
NCBITaxon:1796619	3
NCBITaxon:1796620	3
NCBITaxon:1796622	6
NCBITaxon:1796627	1
NCBITaxon:1796628	4
NCBITaxon:1796634	3
NCBITaxon:1796635	11
NCBITaxon:1796636	3
NCBITaxon:1796644	12
NCBITaxon:1796646	10
NCBITaxon:1796652	4
NCBITaxon:1796905	1
NCBITaxon:1796921	1
NCBITaxon:1796922	1
NCBITaxon:1797	12
NCBITaxon:179707	1
NCBITaxon:1797110	1
NCBITaxon:1797195	1
NCBITaxon:1797199	2
NCBITaxon:1797291	1
NCBITaxon:1798	4
NCBITaxon:1798018	3
NCBITaxon:1798155	4
NCBITaxon:1798157	4
NCBITaxon:1798158	4
NCBITaxon:1798182	3
NCBITaxon:1798183	3
NCBITaxon:179819	6
NCBITaxon:1798204	1
NCBITaxon:1798228	1
NCBITaxon:179838	8
NCBITaxon:1798428	1
NCBITaxon:1798440	1
NCBITaxon:1798444	1
NCBITaxon:1798448	1
NCBITaxon:1798450	1
NCBITaxon:1798453	1
NCBITaxon:1798534	1
NCBITaxon:179855	1
NCBITaxon:1798559	1
NCBITaxon:1798710	5
NCBITaxon:179878	2
NCBITaxon:179879	28
NCBITaxon:1798805	1
NCBITaxon:1798806	1
NCBITaxon:179883	4
NCBITaxon:1798923	4
NCBITaxon:1799	6
NCBITaxon:1799007	1
NCBITaxon:1799370	1
NCBITaxon:1799477	1
NCBITaxon:1799660	1
NCBITaxon:1799667	1
NCBITaxon:1799789	4
NCBITaxon:179993	1
NCBITaxon:179995	4
NCBITaxon:179997	15
NCBITaxon:18	2
NCBITaxon:180	10
NCBITaxon:1800	7
NCBITaxon:180088	4
NCBITaxon:1801	6
NCBITaxon:1801612	1
NCBITaxon:1801616	30
NCBITaxon:1801617	9
NCBITaxon:1801621	1
NCBITaxon:1801622	1
NCBITaxon:1801623	1
NCBITaxon:1801624	1
NCBITaxon:1801625	1
NCBITaxon:1801626	1
NCBITaxon:1801627	1
NCBITaxon:1801628	2
NCBITaxon:1801629	2
NCBITaxon:180163	1
NCBITaxon:1801630	2
NCBITaxon:1801631	60
NCBITaxon:180164	10
NCBITaxon:1801832	1
NCBITaxon:1801842	1
NCBITaxon:1801895	1
NCBITaxon:1801896	1
NCBITaxon:180194	4
NCBITaxon:180195	4
NCBITaxon:180197	1
NCBITaxon:180198	1
NCBITaxon:1802	133
NCBITaxon:180227	1
NCBITaxon:1802339	1
NCBITaxon:1802341	2
NCBITaxon:1802470	1
NCBITaxon:1802654	1
NCBITaxon:1802655	1
NCBITaxon:1802656	1
NCBITaxon:1802657	1
NCBITaxon:180282	19
NCBITaxon:180286	4
NCBITaxon:180295	2
NCBITaxon:1802957	1
NCBITaxon:1802984	1
NCBITaxon:1803070	1
NCBITaxon:180311	4
NCBITaxon:1803177	3
NCBITaxon:1803180	2
NCBITaxon:1803181	3
NCBITaxon:1803190	1
NCBITaxon:180332	6
NCBITaxon:180344	4
NCBITaxon:1803467	1
NCBITaxon:1803510	1
NCBITaxon:1803514	1
NCBITaxon:1803587	1
NCBITaxon:1803665	3
NCBITaxon:1803822	1
NCBITaxon:1803846	1
NCBITaxon:1803897	2
NCBITaxon:1803903	1
NCBITaxon:1803916	1
NCBITaxon:1804	26
NCBITaxon:180400	2
NCBITaxon:180434	12
NCBITaxon:180435	1
NCBITaxon:180436	1
NCBITaxon:180441	3
NCBITaxon:1804624	4
NCBITaxon:1804625	1
NCBITaxon:1804630	4
NCBITaxon:1804986	1
NCBITaxon:1804987	1
NCBITaxon:1804988	1
NCBITaxon:1804989	1
NCBITaxon:1804990	1
NCBITaxon:1805029	6
NCBITaxon:1805163	1
NCBITaxon:1805240	1
NCBITaxon:180528	2
NCBITaxon:1805287	1
NCBITaxon:1805301	1
NCBITaxon:1805302	1
NCBITaxon:1805303	1
NCBITaxon:1805304	1
NCBITaxon:1805305	1
NCBITaxon:1805306	1
NCBITaxon:1805307	1
NCBITaxon:1805308	1
NCBITaxon:1805309	1
NCBITaxon:1805310	1
NCBITaxon:1805311	1
NCBITaxon:1805312	1
NCBITaxon:1805313	1
NCBITaxon:1805314	1
NCBITaxon:1805315	1
NCBITaxon:1805316	1
NCBITaxon:1805317	1
NCBITaxon:1805318	1
NCBITaxon:1805319	1
NCBITaxon:1805320	1
NCBITaxon:1805398	1
NCBITaxon:1805399	1
NCBITaxon:1805400	1
NCBITaxon:1805401	1
NCBITaxon:1805402	1
NCBITaxon:1805403	1
NCBITaxon:180541	2
NCBITaxon:180542	1
NCBITaxon:1805431	2
NCBITaxon:1805470	1
NCBITaxon:1805472	2
NCBITaxon:1805473	1
NCBITaxon:1805474	1
NCBITaxon:1805475	2
NCBITaxon:1805478	1
NCBITaxon:1805481	1
NCBITaxon:1805483	1
NCBITaxon:1805671	1
NCBITaxon:1805714	2
NCBITaxon:1805840	4
NCBITaxon:180588	6
NCBITaxon:180591	1
NCBITaxon:1805933	1
NCBITaxon:1805970	1
NCBITaxon:1805971	2
NCBITaxon:1806	16
NCBITaxon:1806052	5
NCBITaxon:1806053	25
NCBITaxon:1806172	3
NCBITaxon:1806370	4
NCBITaxon:1806371	3
NCBITaxon:1806508	2
NCBITaxon:1806536	1
NCBITaxon:1806559	1
NCBITaxon:1806667	3
NCBITaxon:1806668	1
NCBITaxon:1806669	3
NCBITaxon:1806670	3
NCBITaxon:1806837	1
NCBITaxon:1806848	1
NCBITaxon:1806891	1
NCBITaxon:1806892	1
NCBITaxon:1807	9
NCBITaxon:1807133	1
NCBITaxon:1807140	1
NCBITaxon:1807141	1
NCBITaxon:1807681	4
NCBITaxon:1807683	1
NCBITaxon:1807684	1
NCBITaxon:1807685	1
NCBITaxon:1807686	1
NCBITaxon:1807687	1
NCBITaxon:1807688	1
NCBITaxon:1807689	1
NCBITaxon:1807691	2
NCBITaxon:1807766	1
NCBITaxon:1807875	1
NCBITaxon:180788	1
NCBITaxon:180810	1
NCBITaxon:1808352	3
NCBITaxon:180837	1
NCBITaxon:180838	1
NCBITaxon:180843	2
NCBITaxon:180844	1
NCBITaxon:180846	1
NCBITaxon:180847	1
NCBITaxon:180848	1
NCBITaxon:180850	2
NCBITaxon:1808508	1
NCBITaxon:180851	1
NCBITaxon:180852	1
NCBITaxon:180855	2
NCBITaxon:180856	1
NCBITaxon:180857	1
NCBITaxon:180858	1
NCBITaxon:180859	1
NCBITaxon:180861	1
NCBITaxon:180862	1
NCBITaxon:180863	1
NCBITaxon:180865	1
NCBITaxon:180866	1
NCBITaxon:180867	1
NCBITaxon:180868	2
NCBITaxon:180870	1
NCBITaxon:180871	1
NCBITaxon:180872	1
NCBITaxon:180873	1
NCBITaxon:180875	1
NCBITaxon:180876	1
NCBITaxon:180878	1
NCBITaxon:180880	1
NCBITaxon:180881	1
NCBITaxon:180883	1
NCBITaxon:180884	1
NCBITaxon:180885	1
NCBITaxon:180886	1
NCBITaxon:180887	1
NCBITaxon:1808881	1
NCBITaxon:180889	1
NCBITaxon:180890	1
NCBITaxon:180891	1
NCBITaxon:180893	2
NCBITaxon:180894	1
NCBITaxon:1808945	1
NCBITaxon:180895	1
NCBITaxon:1808955	3
NCBITaxon:1808959	1
NCBITaxon:180896	1
NCBITaxon:1808979	1
NCBITaxon:180898	1
NCBITaxon:180899	1
NCBITaxon:1809	29
NCBITaxon:1809061	1
NCBITaxon:180915	2
NCBITaxon:180916	3
NCBITaxon:1809410	1
NCBITaxon:180957	38
NCBITaxon:180978	3
NCBITaxon:181	1
NCBITaxon:1810	47
NCBITaxon:1810333	1
NCBITaxon:181042	1
NCBITaxon:181043	2
NCBITaxon:181044	1
NCBITaxon:181045	1
NCBITaxon:181046	2
NCBITaxon:181047	9
NCBITaxon:1810504	3
NCBITaxon:181060	1
NCBITaxon:181070	4
NCBITaxon:1810709	1
NCBITaxon:1810715	1
NCBITaxon:1810716	1
NCBITaxon:181073	7
NCBITaxon:1810851	4
NCBITaxon:1810868	4
NCBITaxon:1810890	1
NCBITaxon:1810892	1
NCBITaxon:1810904	1
NCBITaxon:1810905	1
NCBITaxon:1810906	1
NCBITaxon:1810909	1
NCBITaxon:1810910	1
NCBITaxon:1810914	1
NCBITaxon:1810915	1
NCBITaxon:1810916	1
NCBITaxon:1810918	1
NCBITaxon:1810921	1
NCBITaxon:1810923	1
NCBITaxon:1810925	1
NCBITaxon:1810926	1
NCBITaxon:1810927	1
NCBITaxon:1810928	1
NCBITaxon:1810929	1
NCBITaxon:1811193	3
NCBITaxon:1811224	1
NCBITaxon:1811225	1
NCBITaxon:1811226	1
NCBITaxon:181123	2
NCBITaxon:1811518	1
NCBITaxon:181174	1
NCBITaxon:181175	1
NCBITaxon:1811807	4
NCBITaxon:1811976	1
NCBITaxon:1812012	4
NCBITaxon:181207	1
NCBITaxon:1812100	4
NCBITaxon:1812101	1
NCBITaxon:1812111	1
NCBITaxon:1812112	1
NCBITaxon:1812115	1
NCBITaxon:1812117	1
NCBITaxon:1812182	1
NCBITaxon:1812254	1
NCBITaxon:1812259	1
NCBITaxon:1812261	5
NCBITaxon:1812262	4
NCBITaxon:1812349	7
NCBITaxon:1812482	1
NCBITaxon:1812810	1
NCBITaxon:1812821	1
NCBITaxon:1812823	1
NCBITaxon:1812824	2
NCBITaxon:1812826	2
NCBITaxon:1812858	3
NCBITaxon:1812934	29
NCBITaxon:1812935	156
NCBITaxon:1813	3
NCBITaxon:1813013	3
NCBITaxon:1813019	15
NCBITaxon:181343	7
NCBITaxon:1813451	1
NCBITaxon:1813468	1
NCBITaxon:1813606	3
NCBITaxon:1813611	2
NCBITaxon:1813820	1
NCBITaxon:1813822	1
NCBITaxon:1813871	6
NCBITaxon:1813876	1
NCBITaxon:1813879	1
NCBITaxon:1813880	1
NCBITaxon:1814128	3
NCBITaxon:1814218	1
NCBITaxon:1814289	3
NCBITaxon:1814290	1
NCBITaxon:181487	21
NCBITaxon:1814901	1
NCBITaxon:181520	1
NCBITaxon:181527	1
NCBITaxon:1815556	1
NCBITaxon:1815562	1
NCBITaxon:1815583	5
NCBITaxon:1815628	1
NCBITaxon:1815970	4
NCBITaxon:1815971	4
NCBITaxon:1816	9
NCBITaxon:181602	1
NCBITaxon:1816181	3
NCBITaxon:1816182	2
NCBITaxon:1816183	1
NCBITaxon:1816425	1
NCBITaxon:181658	5
NCBITaxon:181662	3
NCBITaxon:181663	2
NCBITaxon:1816676	1
NCBITaxon:1816678	2
NCBITaxon:1816680	1
NCBITaxon:1816681	2
NCBITaxon:1816684	4
NCBITaxon:1816686	1
NCBITaxon:1816689	1
NCBITaxon:1816690	1
NCBITaxon:1816691	1
NCBITaxon:1816693	1
NCBITaxon:1816694	1
NCBITaxon:1816695	2
NCBITaxon:1816696	2
NCBITaxon:181675	11
NCBITaxon:181676	1
NCBITaxon:1817	12
NCBITaxon:1817405	6
NCBITaxon:1817406	1
NCBITaxon:1817495	6
NCBITaxon:181762	1
NCBITaxon:181776	1
NCBITaxon:1817798	1
NCBITaxon:1817800	1
NCBITaxon:1817801	2
NCBITaxon:1817803	1
NCBITaxon:1817806	1
NCBITaxon:1817808	3
NCBITaxon:1817900	1
NCBITaxon:1817903	3
NCBITaxon:1817907	1
NCBITaxon:1817911	1
NCBITaxon:1817921	2
NCBITaxon:1817954	7
NCBITaxon:1817963	1
NCBITaxon:1817964	1
NCBITaxon:1817965	1
NCBITaxon:1818	2
NCBITaxon:1818004	4
NCBITaxon:181874	1
NCBITaxon:1819164	1
NCBITaxon:181918	1
NCBITaxon:1819254	4
NCBITaxon:181926	1
NCBITaxon:181928	1
NCBITaxon:1819565	1
NCBITaxon:1819566	2
NCBITaxon:1819600	3
NCBITaxon:1819725	1
NCBITaxon:1819739	1
NCBITaxon:1819803	6
NCBITaxon:1820002	1
NCBITaxon:1820010	2
NCBITaxon:1820025	1
NCBITaxon:1820329	1
NCBITaxon:1820333	1
NCBITaxon:1820334	1
NCBITaxon:1820336	1
NCBITaxon:182055	1
NCBITaxon:182062	1
NCBITaxon:182087	1
NCBITaxon:182096	5
NCBITaxon:1821	6
NCBITaxon:1821036	1
NCBITaxon:1821260	1
NCBITaxon:182136	5
NCBITaxon:182141	1
NCBITaxon:1821621	1
NCBITaxon:182180	3
NCBITaxon:182182	5
NCBITaxon:1821960	7
NCBITaxon:1822	20
NCBITaxon:182210	3
NCBITaxon:1822464	10
NCBITaxon:182262	33
NCBITaxon:182264	3
NCBITaxon:182267	2
NCBITaxon:182270	4
NCBITaxon:1823	59
NCBITaxon:182337	73
NCBITaxon:1824	279
NCBITaxon:182403	1
NCBITaxon:182411	2
NCBITaxon:182455	4
NCBITaxon:1824638	1
NCBITaxon:1824868	1
NCBITaxon:1825023	13
NCBITaxon:1825069	3
NCBITaxon:182534	1
NCBITaxon:1825523	1
NCBITaxon:1825619	1
NCBITaxon:1825620	1
NCBITaxon:1825666	2
NCBITaxon:1825787	6
NCBITaxon:1825928	1
NCBITaxon:182623	4
NCBITaxon:182639	1
NCBITaxon:182640	20
NCBITaxon:1826607	4
NCBITaxon:1826727	3
NCBITaxon:1826864	3
NCBITaxon:1826871	1
NCBITaxon:1826872	2
NCBITaxon:1826909	1
NCBITaxon:1827	11
NCBITaxon:182709	3
NCBITaxon:182710	3
NCBITaxon:1827195	2
NCBITaxon:1827297	1
NCBITaxon:1827502	3
NCBITaxon:1827580	1
NCBITaxon:182773	4
NCBITaxon:182774	4
NCBITaxon:182779	3
NCBITaxon:182785	1
NCBITaxon:1828	350
NCBITaxon:1828112	1
NCBITaxon:182838	1
NCBITaxon:182845	32
NCBITaxon:1828880	1
NCBITaxon:182899	2
NCBITaxon:1829	319
NCBITaxon:182900	3
NCBITaxon:183	7
NCBITaxon:1830	166
NCBITaxon:1831	8
NCBITaxon:183192	1
NCBITaxon:1833	396
NCBITaxon:1833852	1
NCBITaxon:1833877	1
NCBITaxon:1834034	1
NCBITaxon:1834035	1
NCBITaxon:1834037	1
NCBITaxon:1834038	1
NCBITaxon:1834080	1
NCBITaxon:1834163	1
NCBITaxon:1834165	1
NCBITaxon:1834167	1
NCBITaxon:1834168	1
NCBITaxon:1834169	1
NCBITaxon:183417	14
NCBITaxon:1834172	1
NCBITaxon:1834173	1
NCBITaxon:1834174	1
NCBITaxon:1834175	1
NCBITaxon:1834176	1
NCBITaxon:1834177	1
NCBITaxon:1834178	1
NCBITaxon:1834180	1
NCBITaxon:1834181	1
NCBITaxon:1834182	1
NCBITaxon:1834184	1
NCBITaxon:1834187	1
NCBITaxon:1834188	1
NCBITaxon:1834189	1
NCBITaxon:1834190	1
NCBITaxon:1834191	1
NCBITaxon:1834192	1
NCBITaxon:1834193	1
NCBITaxon:1834198	1
NCBITaxon:1834418	3
NCBITaxon:1834436	2
NCBITaxon:1834438	1
NCBITaxon:1834464	1
NCBITaxon:1834512	2
NCBITaxon:1834514	1
NCBITaxon:1834515	1
NCBITaxon:1834516	4
NCBITaxon:183478	3
NCBITaxon:1834862	3
NCBITaxon:1835	1
NCBITaxon:1835254	2
NCBITaxon:183556	7
NCBITaxon:1835606	4
NCBITaxon:1835702	1
NCBITaxon:1835721	1
NCBITaxon:1835722	5
NCBITaxon:183586	1
NCBITaxon:183588	1
NCBITaxon:183589	3
NCBITaxon:1836	33
NCBITaxon:1836045	1
NCBITaxon:1836198	1
NCBITaxon:1836199	1
NCBITaxon:1836200	1
NCBITaxon:1836209	1
NCBITaxon:1836467	1
NCBITaxon:1836499	2
NCBITaxon:1836592	2
NCBITaxon:183669	1
NCBITaxon:183670	4
NCBITaxon:1836787	5
NCBITaxon:1836801	1
NCBITaxon:1836972	6
NCBITaxon:1836974	4
NCBITaxon:1837	15
NCBITaxon:183709	1
NCBITaxon:1837245	1
NCBITaxon:1837266	1
NCBITaxon:1837270	1
NCBITaxon:1837282	1
NCBITaxon:1837342	1
NCBITaxon:1837343	3
NCBITaxon:1837344	1
NCBITaxon:1837375	1
NCBITaxon:1837379	1
NCBITaxon:1837380	1
NCBITaxon:183754	1
NCBITaxon:183763	4
NCBITaxon:1837743	1
NCBITaxon:1837929	1
NCBITaxon:183795	40
NCBITaxon:1838	7
NCBITaxon:1838280	1
NCBITaxon:1838286	1
NCBITaxon:1838287	1
NCBITaxon:1839	26
NCBITaxon:183916	2
NCBITaxon:183924	32
NCBITaxon:183925	10
NCBITaxon:183926	1
NCBITaxon:1839617	4
NCBITaxon:183963	22
NCBITaxon:183967	29
NCBITaxon:1839709	1
NCBITaxon:1839754	1
NCBITaxon:1839785	2
NCBITaxon:1839798	5
NCBITaxon:1839801	1
NCBITaxon:1839807	1
NCBITaxon:1840213	1
NCBITaxon:1840331	2
NCBITaxon:1840409	1
NCBITaxon:1840411	4
NCBITaxon:1840412	4
NCBITaxon:1840413	1
NCBITaxon:1840415	3
NCBITaxon:1840606	4
NCBITaxon:184064	2
NCBITaxon:184065	4
NCBITaxon:184067	4
NCBITaxon:184072	8
NCBITaxon:184075	3
NCBITaxon:184077	5
NCBITaxon:1841	9
NCBITaxon:184117	2
NCBITaxon:1841509	1
NCBITaxon:1841599	2
NCBITaxon:1841610	1
NCBITaxon:1841855	2
NCBITaxon:1841856	4
NCBITaxon:1841857	8
NCBITaxon:1841859	1
NCBITaxon:1841860	1
NCBITaxon:1841861	1
NCBITaxon:1841863	2
NCBITaxon:1841864	3
NCBITaxon:1841865	8
NCBITaxon:1841868	2
NCBITaxon:1842136	1
NCBITaxon:184246	2
NCBITaxon:1842495	1
NCBITaxon:184250	1
NCBITaxon:1842532	1
NCBITaxon:1842539	1
NCBITaxon:1842727	1
NCBITaxon:1843	6
NCBITaxon:1843082	1
NCBITaxon:1843235	4
NCBITaxon:1843236	3
NCBITaxon:1843237	5
NCBITaxon:1843371	3
NCBITaxon:1843490	2
NCBITaxon:1843580	1
NCBITaxon:1843581	3
NCBITaxon:1844	12
NCBITaxon:1844006	3
NCBITaxon:184410	1
NCBITaxon:1844114	1
NCBITaxon:1844115	1
NCBITaxon:1844116	1
NCBITaxon:1844474	1
NCBITaxon:1844972	1
NCBITaxon:1844999	1
NCBITaxon:1845000	1
NCBITaxon:184607	2
NCBITaxon:1846211	2
NCBITaxon:1846278	2
NCBITaxon:1847	8
NCBITaxon:184748	3
NCBITaxon:184755	3
NCBITaxon:184756	1
NCBITaxon:1847728	2
NCBITaxon:1847819	4
NCBITaxon:1848	22
NCBITaxon:1848038	1
NCBITaxon:1848039	1
NCBITaxon:1848189	1
NCBITaxon:1848197	1
NCBITaxon:1848199	1
NCBITaxon:1848320	3
NCBITaxon:1848322	3
NCBITaxon:1848329	3
NCBITaxon:1848458	1
NCBITaxon:1848459	1
NCBITaxon:1848460	1
NCBITaxon:184869	1
NCBITaxon:184870	34
NCBITaxon:1848766	2
NCBITaxon:1848771	4
NCBITaxon:1848773	3
NCBITaxon:184882	4
NCBITaxon:1848903	8
NCBITaxon:1848904	1
NCBITaxon:1848927	2
NCBITaxon:1848972	2
NCBITaxon:1848973	1
NCBITaxon:1849015	1
NCBITaxon:1849018	4
NCBITaxon:1849021	1
NCBITaxon:1849022	1
NCBITaxon:1849032	1
NCBITaxon:1849041	4
NCBITaxon:1849047	1
NCBITaxon:1849069	4
NCBITaxon:1849103	2
NCBITaxon:1849104	2
NCBITaxon:184914	1548
NCBITaxon:1849166	1
NCBITaxon:184917	2
NCBITaxon:184924	6
NCBITaxon:1849261	1
NCBITaxon:1849276	1
NCBITaxon:1849278	3
NCBITaxon:184932	1
NCBITaxon:1849364	1
NCBITaxon:1849365	1
NCBITaxon:1849580	2
NCBITaxon:1849581	2
NCBITaxon:1849582	2
NCBITaxon:1849603	11
NCBITaxon:1849719	2
NCBITaxon:1849733	1
NCBITaxon:184978	2
NCBITaxon:1849802	1
NCBITaxon:1849968	1
NCBITaxon:1850	6
NCBITaxon:185007	7
NCBITaxon:185008	7
NCBITaxon:1850093	3
NCBITaxon:1850094	1
NCBITaxon:1850238	5
NCBITaxon:1850246	1
NCBITaxon:1850250	1
NCBITaxon:1850252	1
NCBITaxon:1850254	1
NCBITaxon:1850347	3
NCBITaxon:1850348	1
NCBITaxon:1850366	1
NCBITaxon:1850370	2
NCBITaxon:1850373	1
NCBITaxon:1850438	1
NCBITaxon:1850444	2
NCBITaxon:1850517	1
NCBITaxon:1850526	1
NCBITaxon:1850565	1
NCBITaxon:1850974	1
NCBITaxon:1850976	1
NCBITaxon:1850977	1
NCBITaxon:1851	1
NCBITaxon:1851019	3
NCBITaxon:1851146	1
NCBITaxon:1851148	4
NCBITaxon:1851185	1
NCBITaxon:1851187	1
NCBITaxon:1851191	1
NCBITaxon:185139	3
NCBITaxon:1851427	1
NCBITaxon:1851429	1
NCBITaxon:1851514	3
NCBITaxon:1851544	1
NCBITaxon:1852	87
NCBITaxon:1852015	1
NCBITaxon:1852016	1
NCBITaxon:1852017	1
NCBITaxon:1852019	1
NCBITaxon:1852020	1
NCBITaxon:1852021	2
NCBITaxon:1852022	1
NCBITaxon:1852027	1
NCBITaxon:1852029	1
NCBITaxon:1852163	2
NCBITaxon:1852309	2
NCBITaxon:1852361	1
NCBITaxon:1852362	1
NCBITaxon:1852363	1
NCBITaxon:1852364	1
NCBITaxon:1852365	2
NCBITaxon:1852368	1
NCBITaxon:1852370	38
NCBITaxon:1852371	1
NCBITaxon:1852372	1
NCBITaxon:1852373	4
NCBITaxon:1852374	1
NCBITaxon:1852375	11
NCBITaxon:1852376	1
NCBITaxon:1852377	1
NCBITaxon:1852378	3
NCBITaxon:1852379	6
NCBITaxon:1852380	1
NCBITaxon:1852381	50
NCBITaxon:1852384	1
NCBITaxon:1852385	1
NCBITaxon:1852386	2
NCBITaxon:1852387	2
NCBITaxon:1852388	1
NCBITaxon:1852390	2
NCBITaxon:185243	3
NCBITaxon:1852522	1
NCBITaxon:1852776	1
NCBITaxon:185293	4
NCBITaxon:185294	3
NCBITaxon:1852970	1
NCBITaxon:185300	1
NCBITaxon:1853130	15
NCBITaxon:1853216	1
NCBITaxon:1853223	1
NCBITaxon:1853228	6
NCBITaxon:1853229	3
NCBITaxon:1853230	4
NCBITaxon:1853276	4
NCBITaxon:1853278	1
NCBITaxon:1853311	2
NCBITaxon:1853550	16
NCBITaxon:185366	1
NCBITaxon:1854	1
NCBITaxon:185431	1
NCBITaxon:1854458	2
NCBITaxon:1854472	1
NCBITaxon:1854479	1
NCBITaxon:1854492	5
NCBITaxon:1854496	1
NCBITaxon:1854498	3
NCBITaxon:1854500	1
NCBITaxon:1854563	1
NCBITaxon:1854564	1
NCBITaxon:1854571	3
NCBITaxon:1854574	4
NCBITaxon:1854586	1
NCBITaxon:1854641	1
NCBITaxon:1854708	1
NCBITaxon:1854758	1
NCBITaxon:1854759	1
NCBITaxon:1854760	1
NCBITaxon:1854761	1
NCBITaxon:1855	2
NCBITaxon:1855283	1
NCBITaxon:1855286	1
NCBITaxon:1855364	2
NCBITaxon:1855371	2
NCBITaxon:1855372	1
NCBITaxon:1855383	1
NCBITaxon:1855586	1
NCBITaxon:1855606	1
NCBITaxon:1855631	1
NCBITaxon:1855725	1
NCBITaxon:1855823	20
NCBITaxon:1855894	3
NCBITaxon:1855895	1
NCBITaxon:1855912	4
NCBITaxon:1856	4
NCBITaxon:1856322	1
NCBITaxon:1856405	2
NCBITaxon:185641	3
NCBITaxon:185642	5
NCBITaxon:1856638	1
NCBITaxon:1856740	1
NCBITaxon:185678	6
NCBITaxon:1856807	2
NCBITaxon:185684	4
NCBITaxon:1856850	1
NCBITaxon:185693	3
NCBITaxon:185696	6
NCBITaxon:1857024	5
NCBITaxon:1857215	1
NCBITaxon:1857217	1
NCBITaxon:1857218	1
NCBITaxon:185761	5
NCBITaxon:1857645	3
NCBITaxon:1857662	3
NCBITaxon:1857663	3
NCBITaxon:1858653	1
NCBITaxon:1858656	1
NCBITaxon:1858794	4
NCBITaxon:1858805	1
NCBITaxon:1859	3
NCBITaxon:1859103	3
NCBITaxon:1859122	1
NCBITaxon:1859128	3
NCBITaxon:1859129	5
NCBITaxon:1859290	1
NCBITaxon:1859292	1
NCBITaxon:1859295	4
NCBITaxon:1859457	1
NCBITaxon:1859460	1
NCBITaxon:1859473	1
NCBITaxon:1859475	1
NCBITaxon:185949	2
NCBITaxon:185950	14
NCBITaxon:185951	4
NCBITaxon:185979	1
NCBITaxon:1859950	7
NCBITaxon:1859971	1
NCBITaxon:1860	6
NCBITaxon:1860122	1
NCBITaxon:1860139	4
NCBITaxon:186022	1
NCBITaxon:186026	1
NCBITaxon:186035	1
NCBITaxon:186038	3
NCBITaxon:186039	2
NCBITaxon:186043	1
NCBITaxon:1861	48
NCBITaxon:186103	1
NCBITaxon:186116	4
NCBITaxon:186189	6
NCBITaxon:1861917	1
NCBITaxon:186192	1
NCBITaxon:186196	1
NCBITaxon:1862138	1
NCBITaxon:1862145	1
NCBITaxon:1862358	1
NCBITaxon:1862385	1
NCBITaxon:1862386	1
NCBITaxon:1862387	1
NCBITaxon:1862668	3
NCBITaxon:1862672	3
NCBITaxon:1862713	3
NCBITaxon:186280	3
NCBITaxon:186288	2
NCBITaxon:1863	58
NCBITaxon:186333	1
NCBITaxon:1864509	1
NCBITaxon:186479	1
NCBITaxon:1864824	2
NCBITaxon:186490	3
NCBITaxon:1864939	1
NCBITaxon:1864947	1
NCBITaxon:1865	5
NCBITaxon:186535	1
NCBITaxon:186571	2
NCBITaxon:1866	21
NCBITaxon:1866326	4
NCBITaxon:186650	3
NCBITaxon:186651	3
NCBITaxon:1866885	1
NCBITaxon:1866905	1
NCBITaxon:1866916	1
NCBITaxon:1867	17
NCBITaxon:1867090	1
NCBITaxon:1867101	1
NCBITaxon:1867256	1
NCBITaxon:1867258	2
NCBITaxon:1867260	1
NCBITaxon:1867261	2
NCBITaxon:1867263	2
NCBITaxon:186733	1
NCBITaxon:186739	1
NCBITaxon:1867408	4
NCBITaxon:1867410	6
NCBITaxon:186761	1
NCBITaxon:1867714	1
NCBITaxon:1867715	1
NCBITaxon:1867716	1
NCBITaxon:1867719	3
NCBITaxon:1867749	2
NCBITaxon:1867774	5
NCBITaxon:1867775	3
NCBITaxon:1867796	3
NCBITaxon:1867797	3
NCBITaxon:1867833	1
NCBITaxon:1867834	1
NCBITaxon:1867835	1
NCBITaxon:1867846	1
NCBITaxon:1867952	1
NCBITaxon:1867956	1
NCBITaxon:1868	7
NCBITaxon:186801	63
NCBITaxon:186802	316
NCBITaxon:186803	81
NCBITaxon:186804	7
NCBITaxon:186806	9
NCBITaxon:186807	11
NCBITaxon:186814	3
NCBITaxon:186817	9
NCBITaxon:186823	1
NCBITaxon:186826	2
NCBITaxon:1868329	3
NCBITaxon:1868589	1
NCBITaxon:1868734	2
NCBITaxon:1868793	1
NCBITaxon:1868794	1
NCBITaxon:1868927	1
NCBITaxon:1869	9
NCBITaxon:1869181	3
NCBITaxon:1869185	1
NCBITaxon:1869190	2
NCBITaxon:1869212	3
NCBITaxon:1869214	3
NCBITaxon:1869227	155
NCBITaxon:1869229	2
NCBITaxon:186928	11
NCBITaxon:1869280	1
NCBITaxon:186931	3
NCBITaxon:1869313	1
NCBITaxon:1869338	5
NCBITaxon:1869339	1
NCBITaxon:1869344	5
NCBITaxon:1869345	6
NCBITaxon:1870819	1
NCBITaxon:1870820	11
NCBITaxon:1870884	1
NCBITaxon:1870902	4
NCBITaxon:1870903	2
NCBITaxon:1870904	1
NCBITaxon:1870984	1
NCBITaxon:1870985	2
NCBITaxon:1870987	3
NCBITaxon:1870988	10
NCBITaxon:1870990	1
NCBITaxon:1870991	2
NCBITaxon:1870993	1
NCBITaxon:1870994	2
NCBITaxon:1870995	3
NCBITaxon:1870997	1
NCBITaxon:1870999	1
NCBITaxon:1871001	1
NCBITaxon:1871002	3
NCBITaxon:1871003	46
NCBITaxon:1871006	6
NCBITaxon:1871008	1
NCBITaxon:187101	5
NCBITaxon:1871011	1
NCBITaxon:1871012	1
NCBITaxon:1871013	1
NCBITaxon:1871014	1
NCBITaxon:1871016	1
NCBITaxon:1871017	1
NCBITaxon:1871018	1
NCBITaxon:1871019	3
NCBITaxon:187102	5
NCBITaxon:1871021	1
NCBITaxon:1871022	2
NCBITaxon:1871023	1
NCBITaxon:1871024	3
NCBITaxon:1871025	1
NCBITaxon:1871028	1
NCBITaxon:1871029	2
NCBITaxon:1871030	1
NCBITaxon:1871031	1
NCBITaxon:1871033	1
NCBITaxon:1871034	1
NCBITaxon:1871035	4
NCBITaxon:1871037	116
NCBITaxon:1871043	8
NCBITaxon:1871047	10
NCBITaxon:1871050	1
NCBITaxon:1871052	1
NCBITaxon:1871053	2
NCBITaxon:1871054	5
NCBITaxon:1871063	4
NCBITaxon:1871066	6
NCBITaxon:1871068	4
NCBITaxon:1871070	2
NCBITaxon:1871071	12
NCBITaxon:1871072	2
NCBITaxon:1871076	1
NCBITaxon:1871086	5
NCBITaxon:1871111	6
NCBITaxon:1871186	1
NCBITaxon:1871188	7
NCBITaxon:1871328	3
NCBITaxon:1871330	1
NCBITaxon:1871336	1
NCBITaxon:187137	1
NCBITaxon:187144	4
NCBITaxon:187145	2
NCBITaxon:1871622	1
NCBITaxon:1871623	1
NCBITaxon:1871628	2
NCBITaxon:1871904	1
NCBITaxon:1871905	1
NCBITaxon:1871906	1
NCBITaxon:1871907	1
NCBITaxon:1872084	3
NCBITaxon:1872086	1
NCBITaxon:1872107	2
NCBITaxon:1872112	1
NCBITaxon:1872113	1
NCBITaxon:1872119	2
NCBITaxon:1872122	2
NCBITaxon:1872125	3
NCBITaxon:1872129	1
NCBITaxon:1872145	1
NCBITaxon:1872390	7
NCBITaxon:1872400	1
NCBITaxon:1872407	1
NCBITaxon:1872419	2
NCBITaxon:1872427	18
NCBITaxon:1872428	11
NCBITaxon:1872435	2
NCBITaxon:1872441	1
NCBITaxon:1872444	1
NCBITaxon:1872480	4
NCBITaxon:1872490	1
NCBITaxon:1872506	1
NCBITaxon:1872530	6
NCBITaxon:1872577	1
NCBITaxon:1872578	2
NCBITaxon:1872586	1
NCBITaxon:1872627	1
NCBITaxon:1872629	2
NCBITaxon:1872634	1
NCBITaxon:1872635	1
NCBITaxon:1872644	10
NCBITaxon:1872648	3
NCBITaxon:1872650	1
NCBITaxon:1872654	10
NCBITaxon:1872660	1
NCBITaxon:1872672	1
NCBITaxon:1872678	8
NCBITaxon:1872699	1
NCBITaxon:1872709	3
NCBITaxon:1872711	3
NCBITaxon:1873	19
NCBITaxon:187303	1
NCBITaxon:187304	15
NCBITaxon:1873176	1
NCBITaxon:187319	5
NCBITaxon:187326	9
NCBITaxon:1873265	1
NCBITaxon:187327	69
NCBITaxon:187328	6
NCBITaxon:187330	2
NCBITaxon:1873369	1
NCBITaxon:1873423	1
NCBITaxon:1873425	2
NCBITaxon:1873462	2
NCBITaxon:1873482	1
NCBITaxon:1873484	1
NCBITaxon:1873497	3
NCBITaxon:1873524	2
NCBITaxon:1873719	11
NCBITaxon:187379	1
NCBITaxon:1873876	2
NCBITaxon:1873897	10
NCBITaxon:1873960	1
NCBITaxon:1874	12
NCBITaxon:187410	1
NCBITaxon:1874115	2
NCBITaxon:1874116	3
NCBITaxon:187420	1
NCBITaxon:1874277	1
NCBITaxon:1874317	1
NCBITaxon:1874361	15
NCBITaxon:1874362	3
NCBITaxon:187452	18
NCBITaxon:1874630	4
NCBITaxon:1874697	1
NCBITaxon:1874706	4
NCBITaxon:1874737	3
NCBITaxon:1874826	9
NCBITaxon:187490	1
NCBITaxon:187491	7
NCBITaxon:187492	2
NCBITaxon:187493	3
NCBITaxon:1876	7
NCBITaxon:1876515	2
NCBITaxon:1876757	2
NCBITaxon:1877	19
NCBITaxon:187868	5
NCBITaxon:187878	1
NCBITaxon:187879	2
NCBITaxon:187880	3
NCBITaxon:1878935	1
NCBITaxon:1878942	2
NCBITaxon:1879010	10
NCBITaxon:1879049	1
NCBITaxon:1879050	2
NCBITaxon:187979	40
NCBITaxon:187980	2
NCBITaxon:187981	3
NCBITaxon:187982	4
NCBITaxon:188	15
NCBITaxon:1880	10
NCBITaxon:1880678	2
NCBITaxon:1880915	1
NCBITaxon:1881	7
NCBITaxon:1881036	1
NCBITaxon:1881053	1
NCBITaxon:1881103	1
NCBITaxon:1881152	1
NCBITaxon:188143	1
NCBITaxon:188144	40
NCBITaxon:1881983	1
NCBITaxon:1882231	4
NCBITaxon:1882232	4
NCBITaxon:1882233	4
NCBITaxon:1882242	1
NCBITaxon:1882267	1
NCBITaxon:1882268	1
NCBITaxon:1882269	6
NCBITaxon:1882272	1
NCBITaxon:1882339	1
NCBITaxon:1882340	1
NCBITaxon:1882343	1
NCBITaxon:1882437	3
NCBITaxon:1882438	5
NCBITaxon:1882483	1
NCBITaxon:1882489	3
NCBITaxon:1882490	3
NCBITaxon:1882662	1
NCBITaxon:1882682	1
NCBITaxon:1882822	1
NCBITaxon:1882834	1
NCBITaxon:1882861	1
NCBITaxon:1882863	1
NCBITaxon:1882918	1
NCBITaxon:1882945	6
NCBITaxon:1883	65
NCBITaxon:1883072	1
NCBITaxon:1883079	1
NCBITaxon:1883080	1
NCBITaxon:1883082	1
NCBITaxon:1883083	1
NCBITaxon:1883156	9
NCBITaxon:1883405	1
NCBITaxon:1883414	1
NCBITaxon:1883426	2
NCBITaxon:1883427	389
NCBITaxon:1883446	1
NCBITaxon:1884	9
NCBITaxon:1884249	4
NCBITaxon:1884261	1
NCBITaxon:1884262	1
NCBITaxon:1884263	1
NCBITaxon:1884370	1
NCBITaxon:1884432	1
NCBITaxon:1884440	1
NCBITaxon:1884486	1
NCBITaxon:1884585	1
NCBITaxon:1884634	1
NCBITaxon:1884669	5
NCBITaxon:1884791	1
NCBITaxon:1884793	1
NCBITaxon:1884818	3
NCBITaxon:1884876	2
NCBITaxon:1884904	1
NCBITaxon:1884905	4
NCBITaxon:1884907	1
NCBITaxon:1884913	3
NCBITaxon:1884914	3
NCBITaxon:1884915	1
NCBITaxon:1884916	1
NCBITaxon:1884992	3
NCBITaxon:1885	2
NCBITaxon:1885016	1
NCBITaxon:1885344	1
NCBITaxon:188541	1
NCBITaxon:1885674	18
NCBITaxon:1885894	2
NCBITaxon:1885902	1
NCBITaxon:1885912	4
NCBITaxon:1885916	1
NCBITaxon:1885917	1
NCBITaxon:1885934	2
NCBITaxon:1886	30
NCBITaxon:1886407	6
NCBITaxon:1886493	2
NCBITaxon:1886670	2
NCBITaxon:1886782	1
NCBITaxon:1886785	1
NCBITaxon:1886786	3
NCBITaxon:1886787	1
NCBITaxon:1886788	1
NCBITaxon:1887	58
NCBITaxon:188708	4
NCBITaxon:188711	6
NCBITaxon:188770	7
NCBITaxon:188787	2
NCBITaxon:188789	2
NCBITaxon:1888	373
NCBITaxon:1888168	2
NCBITaxon:1888195	4
NCBITaxon:188872	4
NCBITaxon:1888890	2
NCBITaxon:1888892	1
NCBITaxon:1888893	1
NCBITaxon:1888910	1
NCBITaxon:1888912	1
NCBITaxon:1888913	1
NCBITaxon:1888914	1
NCBITaxon:1888915	2
NCBITaxon:1889	48
NCBITaxon:188906	2
NCBITaxon:188908	1
NCBITaxon:188913	7
NCBITaxon:188915	4
NCBITaxon:1889240	2
NCBITaxon:1889241	1
NCBITaxon:188932	10
NCBITaxon:188937	1
NCBITaxon:1889774	5
NCBITaxon:1889775	2
NCBITaxon:1889778	1
NCBITaxon:1889784	1
NCBITaxon:1889813	1
NCBITaxon:189	28
NCBITaxon:1890	180
NCBITaxon:1890280	1
NCBITaxon:1890295	4
NCBITaxon:1890302	170
NCBITaxon:1890364	1
NCBITaxon:1890422	1
NCBITaxon:1890424	1
NCBITaxon:1890426	1
NCBITaxon:1890448	3
NCBITaxon:1890450	1
NCBITaxon:1890482	1
NCBITaxon:189054	1
NCBITaxon:1890675	14
NCBITaxon:1890679	4
NCBITaxon:1890680	4
NCBITaxon:1890681	4
NCBITaxon:1890683	1
NCBITaxon:1891094	3
NCBITaxon:1891096	1
NCBITaxon:1891097	6
NCBITaxon:1891160	1
NCBITaxon:1891170	2
NCBITaxon:1891184	4
NCBITaxon:1891186	3
NCBITaxon:1891207	3
NCBITaxon:1891224	1
NCBITaxon:1891229	96
NCBITaxon:1891238	10
NCBITaxon:1891241	64
NCBITaxon:1891242	5
NCBITaxon:1891279	1
NCBITaxon:1891280	1
NCBITaxon:1891361	2
NCBITaxon:1891630	1
NCBITaxon:1891644	1
NCBITaxon:1891671	1
NCBITaxon:1891675	1
NCBITaxon:1891787	3
NCBITaxon:1891914	17
NCBITaxon:1891921	1
NCBITaxon:1891926	1
NCBITaxon:1892	16
NCBITaxon:189201	8
NCBITaxon:1892254	5
NCBITaxon:1892297	3
NCBITaxon:1892382	2
NCBITaxon:1892404	1
NCBITaxon:1892475	3
NCBITaxon:1892476	3
NCBITaxon:1892563	4
NCBITaxon:1892596	1
NCBITaxon:1892845	1
NCBITaxon:1892846	1
NCBITaxon:1892849	1
NCBITaxon:1892852	1
NCBITaxon:1892854	1
NCBITaxon:1892856	4
NCBITaxon:1892865	3
NCBITaxon:1892869	1
NCBITaxon:1892894	1
NCBITaxon:1892903	1
NCBITaxon:1892904	4
NCBITaxon:1893	15
NCBITaxon:189330	6
NCBITaxon:189381	19
NCBITaxon:189382	94
NCBITaxon:189385	6
NCBITaxon:189395	1
NCBITaxon:189396	3
NCBITaxon:1894	49
NCBITaxon:189423	1
NCBITaxon:189425	4
NCBITaxon:189426	38
NCBITaxon:189452	1
NCBITaxon:1894963	1
NCBITaxon:1894969	2
NCBITaxon:1894970	2
NCBITaxon:1894971	1
NCBITaxon:1894989	3
NCBITaxon:1895	11
NCBITaxon:1895020	3
NCBITaxon:1895021	1
NCBITaxon:189518	1
NCBITaxon:189540	8
NCBITaxon:189542	8
NCBITaxon:1895664	2
NCBITaxon:1895847	1
NCBITaxon:1895944	3
NCBITaxon:1896	11
NCBITaxon:1896106	1
NCBITaxon:1896107	1
NCBITaxon:1896141	1
NCBITaxon:1896144	1
NCBITaxon:1896145	1
NCBITaxon:1896172	1
NCBITaxon:189622	1
NCBITaxon:1896222	1
NCBITaxon:1896315	3
NCBITaxon:1896336	4
NCBITaxon:1896648	1
NCBITaxon:1896649	1
NCBITaxon:1896671	1
NCBITaxon:1896673	1
NCBITaxon:189682	1
NCBITaxon:189685	2
NCBITaxon:189691	10
NCBITaxon:1897	1
NCBITaxon:189722	2
NCBITaxon:189723	3
NCBITaxon:1897414	3
NCBITaxon:1897614	5
NCBITaxon:1897628	1
NCBITaxon:1897643	3
NCBITaxon:1897644	1
NCBITaxon:1897645	2
NCBITaxon:1897729	1
NCBITaxon:189774	5
NCBITaxon:189775	1
NCBITaxon:189778	2
NCBITaxon:189779	8
NCBITaxon:1898	18
NCBITaxon:1898042	1
NCBITaxon:1898103	7
NCBITaxon:1898104	72
NCBITaxon:1898109	1
NCBITaxon:1898111	5
NCBITaxon:1898112	119
NCBITaxon:1898113	6
NCBITaxon:1898202	4
NCBITaxon:1898203	163
NCBITaxon:1898204	59
NCBITaxon:1898206	2
NCBITaxon:1898207	35
NCBITaxon:1898209	1
NCBITaxon:189834	1
NCBITaxon:1898396	1
NCBITaxon:1898398	1
NCBITaxon:1898428	4
NCBITaxon:1898429	1
NCBITaxon:189863	5
NCBITaxon:1898651	3
NCBITaxon:189866	1
NCBITaxon:1898749	1
NCBITaxon:1898957	1
NCBITaxon:1898961	1
NCBITaxon:1898979	1
NCBITaxon:1899321	1
NCBITaxon:1899355	33
NCBITaxon:1899430	23
NCBITaxon:1899563	2
NCBITaxon:1899569	1
NCBITaxon:189966	2
NCBITaxon:189971	1
NCBITaxon:189996	1
NCBITaxon:19	2
NCBITaxon:190	46
NCBITaxon:190047	3
NCBITaxon:190048	1
NCBITaxon:1901	42
NCBITaxon:190146	4
NCBITaxon:190147	2
NCBITaxon:190148	3
NCBITaxon:190194	6
NCBITaxon:190195	6
NCBITaxon:190197	6
NCBITaxon:1902	180
NCBITaxon:1902245	1
NCBITaxon:1902406	2
NCBITaxon:1902408	1
NCBITaxon:1902428	4
NCBITaxon:1902498	1
NCBITaxon:1902503	1
NCBITaxon:1902578	4
NCBITaxon:1902579	2
NCBITaxon:1902580	5
NCBITaxon:1902781	1
NCBITaxon:1903	11
NCBITaxon:190304	1
NCBITaxon:190305	2
NCBITaxon:1903056	8
NCBITaxon:1903071	6
NCBITaxon:190308	2
NCBITaxon:190310	2
NCBITaxon:1903179	2
NCBITaxon:190323	2
NCBITaxon:1903258	2
NCBITaxon:1903261	1
NCBITaxon:1903262	1
NCBITaxon:1903263	1
NCBITaxon:1903276	1
NCBITaxon:1903277	1
NCBITaxon:1903411	2
NCBITaxon:1903525	4
NCBITaxon:1903694	1
NCBITaxon:1903704	1
NCBITaxon:190371	1
NCBITaxon:1903720	7
NCBITaxon:190387	3
NCBITaxon:1903952	1
NCBITaxon:1903953	1
NCBITaxon:1904	12
NCBITaxon:1904037	1
NCBITaxon:1904038	1
NCBITaxon:1904041	1
NCBITaxon:1904412	1
NCBITaxon:1904413	2
NCBITaxon:1904441	146
NCBITaxon:1904463	5
NCBITaxon:1904467	1
NCBITaxon:190466	2
NCBITaxon:1904757	6
NCBITaxon:1904807	1
NCBITaxon:190485	2
NCBITaxon:1904861	2
NCBITaxon:1904862	6
NCBITaxon:1904864	4
NCBITaxon:1905	16
NCBITaxon:1905142	1
NCBITaxon:1905288	1
NCBITaxon:1905676	2
NCBITaxon:1905677	1
NCBITaxon:1905730	18
NCBITaxon:1905847	1
NCBITaxon:1906	332
NCBITaxon:1906119	17
NCBITaxon:1906137	1
NCBITaxon:1906150	3
NCBITaxon:1906152	12
NCBITaxon:1906157	1
NCBITaxon:1906166	1
NCBITaxon:1906167	2
NCBITaxon:1906180	1
NCBITaxon:1906242	1
NCBITaxon:190655	7
NCBITaxon:1906581	6
NCBITaxon:1906665	24
NCBITaxon:1906666	43
NCBITaxon:1906742	4
NCBITaxon:1906745	7
NCBITaxon:1906951	4
NCBITaxon:1907	21
NCBITaxon:1907202	11
NCBITaxon:1907209	1
NCBITaxon:190721	11
NCBITaxon:1907219	1
NCBITaxon:1907339	1
NCBITaxon:1907408	1
NCBITaxon:1907480	1
NCBITaxon:1907481	1
NCBITaxon:1907483	1
NCBITaxon:1907521	1
NCBITaxon:1907522	1
NCBITaxon:1907523	1
NCBITaxon:1907525	1
NCBITaxon:1907541	1
NCBITaxon:1907542	1
NCBITaxon:1907543	1
NCBITaxon:1907544	1
NCBITaxon:1907545	1
NCBITaxon:1907546	1
NCBITaxon:1907547	1
NCBITaxon:1907548	1
NCBITaxon:1907549	1
NCBITaxon:1907550	1
NCBITaxon:1907551	1
NCBITaxon:1907552	1
NCBITaxon:1907553	1
NCBITaxon:1907554	1
NCBITaxon:1907555	1
NCBITaxon:1907556	1
NCBITaxon:1907557	1
NCBITaxon:1907558	1
NCBITaxon:1907559	1
NCBITaxon:1907560	1
NCBITaxon:1907561	1
NCBITaxon:1907563	1
NCBITaxon:1907564	1
NCBITaxon:1907566	1
NCBITaxon:1907567	1
NCBITaxon:1907568	1
NCBITaxon:1907569	1
NCBITaxon:1907570	1
NCBITaxon:1907571	1
NCBITaxon:1907572	1
NCBITaxon:1907573	1
NCBITaxon:1907578	1
NCBITaxon:190764	35
NCBITaxon:1907654	4
NCBITaxon:1907658	1
NCBITaxon:1907659	1
NCBITaxon:1907662	2
NCBITaxon:1907766	1
NCBITaxon:1907939	1
NCBITaxon:1907941	1
NCBITaxon:1908	106
NCBITaxon:1908198	13
NCBITaxon:1908203	2
NCBITaxon:1908205	3
NCBITaxon:1908224	1
NCBITaxon:1908235	1
NCBITaxon:1908236	1
NCBITaxon:1908237	1
NCBITaxon:1908238	1
NCBITaxon:1908239	1
NCBITaxon:1908240	2
NCBITaxon:1908241	2
NCBITaxon:1908257	4
NCBITaxon:1908258	4
NCBITaxon:1908260	6
NCBITaxon:1908263	4
NCBITaxon:1908264	1
NCBITaxon:1908266	2
NCBITaxon:1908308	1
NCBITaxon:1908341	1
NCBITaxon:1908389	1
NCBITaxon:1908520	4
NCBITaxon:1908521	5
NCBITaxon:1908523	1
NCBITaxon:1908524	1
NCBITaxon:1908690	1
NCBITaxon:190892	3
NCBITaxon:190893	47
NCBITaxon:190895	23
NCBITaxon:190897	4
NCBITaxon:190898	1
NCBITaxon:1909	18
NCBITaxon:190905	1
NCBITaxon:1909267	3
NCBITaxon:1909292	1
NCBITaxon:1909293	10
NCBITaxon:1909294	873
NCBITaxon:1909295	2
NCBITaxon:1909296	2
NCBITaxon:1909299	1
NCBITaxon:1909395	1
NCBITaxon:1909422	1
NCBITaxon:1909423	1
NCBITaxon:1909496	1
NCBITaxon:190967	2
NCBITaxon:1909670	1
NCBITaxon:190968	6
NCBITaxon:1909699	2
NCBITaxon:1909700	1
NCBITaxon:1909734	1
NCBITaxon:190974	2
NCBITaxon:190975	2
NCBITaxon:190976	3
NCBITaxon:191	118
NCBITaxon:1910	9
NCBITaxon:191026	2
NCBITaxon:191027	2
NCBITaxon:191028	2
NCBITaxon:1911	832
NCBITaxon:1911079	1
NCBITaxon:1911135	3
NCBITaxon:1911136	12
NCBITaxon:1911137	1
NCBITaxon:1911421	3
NCBITaxon:1911520	2
NCBITaxon:1911536	5
NCBITaxon:1911548	1
NCBITaxon:1911570	1
NCBITaxon:1911587	1
NCBITaxon:1911679	1
NCBITaxon:1911681	1
NCBITaxon:1911682	1
NCBITaxon:1912	416
NCBITaxon:1912064	1
NCBITaxon:1912091	1
NCBITaxon:1912092	1
NCBITaxon:1912093	1
NCBITaxon:1912094	15
NCBITaxon:191215	1
NCBITaxon:191218	1
NCBITaxon:1912211	3
NCBITaxon:1912214	1
NCBITaxon:1912246	1
NCBITaxon:1912324	1
NCBITaxon:1912490	1
NCBITaxon:1912491	1
NCBITaxon:1912599	1
NCBITaxon:1912771	2
NCBITaxon:1912795	3
NCBITaxon:1912855	6
NCBITaxon:191287	2
NCBITaxon:1912871	2
NCBITaxon:1912876	1
NCBITaxon:1912877	1
NCBITaxon:1912891	9
NCBITaxon:1912897	1
NCBITaxon:191291	4
NCBITaxon:191292	11
NCBITaxon:1912928	1
NCBITaxon:1912932	1
NCBITaxon:1912933	1
NCBITaxon:1912935	1
NCBITaxon:1912936	1
NCBITaxon:1912937	1
NCBITaxon:1912939	1
NCBITaxon:1912940	1
NCBITaxon:1912942	1
NCBITaxon:1912957	1
NCBITaxon:1912961	4
NCBITaxon:1913	1
NCBITaxon:191301	1
NCBITaxon:191302	4
NCBITaxon:1913371	2
NCBITaxon:1913577	1
NCBITaxon:1913578	1
NCBITaxon:1913637	1
NCBITaxon:191373	3
NCBITaxon:191389	6
NCBITaxon:191390	8
NCBITaxon:191391	6
NCBITaxon:191393	7
NCBITaxon:191394	2
NCBITaxon:1913961	2
NCBITaxon:1913988	83
NCBITaxon:1913989	264
NCBITaxon:1914	332
NCBITaxon:1914046	2
NCBITaxon:191412	3
NCBITaxon:1914213	2
NCBITaxon:1914233	1
NCBITaxon:1914243	6
NCBITaxon:1914288	2
NCBITaxon:1914300	2
NCBITaxon:1914305	3
NCBITaxon:1914328	2
NCBITaxon:1914330	2
NCBITaxon:1914408	1
NCBITaxon:1914409	1
NCBITaxon:1914426	2
NCBITaxon:1914461	3
NCBITaxon:1914462	1
NCBITaxon:1914471	3
NCBITaxon:1914538	3
NCBITaxon:1914540	1
NCBITaxon:1914755	4
NCBITaxon:1914756	4
NCBITaxon:1914866	2
NCBITaxon:191493	4
NCBITaxon:1914933	3
NCBITaxon:191495	4
NCBITaxon:191497	6
NCBITaxon:1914977	2
NCBITaxon:1915	15
NCBITaxon:1915004	1
NCBITaxon:1915061	3
NCBITaxon:1915063	1
NCBITaxon:1915074	2
NCBITaxon:1915077	1
NCBITaxon:1915078	1
NCBITaxon:1915309	3
NCBITaxon:1915310	1
NCBITaxon:1915319	1
NCBITaxon:1915362	2
NCBITaxon:1915382	1
NCBITaxon:191564	3
NCBITaxon:191577	2
NCBITaxon:191579	3
NCBITaxon:1915863	5
NCBITaxon:1916	83
NCBITaxon:1916082	16
NCBITaxon:191610	5
NCBITaxon:191630	2
NCBITaxon:1916346	1
NCBITaxon:1916347	2
NCBITaxon:1916366	2
NCBITaxon:1916375	1
NCBITaxon:1916388	1
NCBITaxon:1916651	1
NCBITaxon:191676	1
NCBITaxon:1916917	1
NCBITaxon:1917	1
NCBITaxon:1917166	1
NCBITaxon:1917180	4
NCBITaxon:1917181	4
NCBITaxon:1917182	5
NCBITaxon:1917221	1
NCBITaxon:1917364	1
NCBITaxon:1917421	1
NCBITaxon:1917441	26
NCBITaxon:1917485	1
NCBITaxon:191768	7
NCBITaxon:191770	53
NCBITaxon:1917811	3
NCBITaxon:1917820	1
NCBITaxon:1917822	1
NCBITaxon:1917830	1
NCBITaxon:1917863	1
NCBITaxon:1917864	1
NCBITaxon:1917867	1
NCBITaxon:1917868	4
NCBITaxon:1917870	3
NCBITaxon:1917873	1
NCBITaxon:1917878	1
NCBITaxon:1917880	3
NCBITaxon:1917883	2
NCBITaxon:1917889	1
NCBITaxon:1917967	1
NCBITaxon:191863	1
NCBITaxon:1918945	2
NCBITaxon:1918946	1
NCBITaxon:1918948	1
NCBITaxon:1918949	1
NCBITaxon:1919	40
NCBITaxon:1919059	1
NCBITaxon:1919223	1
NCBITaxon:1919224	1
NCBITaxon:1919225	1
NCBITaxon:1919226	1
NCBITaxon:1919228	1
NCBITaxon:1919229	1
NCBITaxon:1919230	1
NCBITaxon:1919231	2
NCBITaxon:1919273	1
NCBITaxon:191960	2
NCBITaxon:192	137
NCBITaxon:1920	24
NCBITaxon:1920033	1
NCBITaxon:1920034	2
NCBITaxon:192010	1
NCBITaxon:1920123	1
NCBITaxon:1920124	1
NCBITaxon:1920129	1
NCBITaxon:1920168	1
NCBITaxon:1920169	1
NCBITaxon:1920170	2
NCBITaxon:1920173	2
NCBITaxon:1920174	16
NCBITaxon:1920175	46
NCBITaxon:1920240	1
NCBITaxon:1920512	4
NCBITaxon:1920655	1
NCBITaxon:192066	1
NCBITaxon:192073	3
NCBITaxon:1920749	1
NCBITaxon:192087	3
NCBITaxon:192088	4
NCBITaxon:1920935	2
NCBITaxon:1920938	1
NCBITaxon:1920990	1
NCBITaxon:1921	10
NCBITaxon:1921001	2
NCBITaxon:1921002	1
NCBITaxon:1921010	1
NCBITaxon:1921086	1
NCBITaxon:1921087	1
NCBITaxon:1921138	1
NCBITaxon:1921421	1
NCBITaxon:192149	5
NCBITaxon:1921510	1
NCBITaxon:1921511	1
NCBITaxon:1921549	2
NCBITaxon:1921566	4
NCBITaxon:1921578	3
NCBITaxon:1921582	1
NCBITaxon:1921583	1
NCBITaxon:1921764	4
NCBITaxon:1921933	3
NCBITaxon:1922	11
NCBITaxon:192219	1
NCBITaxon:1922216	1
NCBITaxon:1922217	10
NCBITaxon:192222	2
NCBITaxon:1922313	3
NCBITaxon:1922333	1
NCBITaxon:1923	17
NCBITaxon:192387	3
NCBITaxon:1923877	1
NCBITaxon:192389	2
NCBITaxon:1923961	3
NCBITaxon:1924	12
NCBITaxon:1924093	2
NCBITaxon:1924110	3
NCBITaxon:192421	9
NCBITaxon:1924243	1
NCBITaxon:1924244	1
NCBITaxon:1924279	1
NCBITaxon:1924285	1
NCBITaxon:1924926	1
NCBITaxon:1924927	1
NCBITaxon:1924928	1
NCBITaxon:1924931	1
NCBITaxon:1924933	3
NCBITaxon:1924938	1
NCBITaxon:1924941	6
NCBITaxon:1924988	1
NCBITaxon:1925020	5
NCBITaxon:1925021	3
NCBITaxon:1925026	1
NCBITaxon:1925027	1
NCBITaxon:192524	1
NCBITaxon:1925258	4
NCBITaxon:1925548	4
NCBITaxon:1925762	1
NCBITaxon:1925763	2
NCBITaxon:1926	1
NCBITaxon:1926257	2
NCBITaxon:1926258	1
NCBITaxon:1926276	1
NCBITaxon:1926277	1
NCBITaxon:1926278	1
NCBITaxon:1926279	1
NCBITaxon:1926280	1
NCBITaxon:1926282	1
NCBITaxon:1926283	2
NCBITaxon:1926284	1
NCBITaxon:1926285	1
NCBITaxon:1926286	1
NCBITaxon:1926288	1
NCBITaxon:1926495	23
NCBITaxon:1926583	9
NCBITaxon:1926625	4
NCBITaxon:1926630	1
NCBITaxon:1926648	1
NCBITaxon:1926649	3
NCBITaxon:1926672	34
NCBITaxon:1926868	1
NCBITaxon:1926869	1
NCBITaxon:1926871	1
NCBITaxon:1926872	1
NCBITaxon:1926873	1
NCBITaxon:1926881	4
NCBITaxon:1926885	1
NCBITaxon:1926970	1
NCBITaxon:1927	233
NCBITaxon:1927124	2
NCBITaxon:1927127	10
NCBITaxon:1927128	1
NCBITaxon:1927129	4
NCBITaxon:1927144	2
NCBITaxon:1927788	1
NCBITaxon:1927958	1
NCBITaxon:1927959	1
NCBITaxon:1927960	1
NCBITaxon:1928	26
NCBITaxon:1928082	3
NCBITaxon:192812	15
NCBITaxon:192814	6
NCBITaxon:1928331	1
NCBITaxon:192843	4
NCBITaxon:1928574	1
NCBITaxon:1928646	1
NCBITaxon:1928661	1
NCBITaxon:1928706	1
NCBITaxon:1928857	1
NCBITaxon:1928859	1
NCBITaxon:192903	4
NCBITaxon:192904	3
NCBITaxon:1929088	5
NCBITaxon:1929288	1
NCBITaxon:1929416	4
NCBITaxon:192944	1
NCBITaxon:1929488	2
NCBITaxon:192952	9
NCBITaxon:192953	14
NCBITaxon:192954	68
NCBITaxon:192955	272
NCBITaxon:192956	7
NCBITaxon:1929756	1
NCBITaxon:192989	15
NCBITaxon:192994	3
NCBITaxon:193	65
NCBITaxon:1930	169
NCBITaxon:1930058	1
NCBITaxon:1930060	1
NCBITaxon:1930061	5
NCBITaxon:1930071	1
NCBITaxon:1930190	1
NCBITaxon:1930251	1
NCBITaxon:1930273	1
NCBITaxon:1930274	1
NCBITaxon:1930275	1
NCBITaxon:1930276	1
NCBITaxon:1930277	1
NCBITaxon:1930291	1
NCBITaxon:1930533	2
NCBITaxon:1930536	11
NCBITaxon:1930546	1
NCBITaxon:1930558	1
NCBITaxon:1930593	1
NCBITaxon:1930617	6
NCBITaxon:1930622	4
NCBITaxon:1930624	2
NCBITaxon:1930627	1
NCBITaxon:1930667	1
NCBITaxon:1930691	1
NCBITaxon:1930747	3
NCBITaxon:1930763	1
NCBITaxon:1930764	1
NCBITaxon:1930830	2
NCBITaxon:1931	140
NCBITaxon:1931211	2
NCBITaxon:1931217	3
NCBITaxon:1931223	7
NCBITaxon:1931228	1
NCBITaxon:1931232	5
NCBITaxon:1931241	1
NCBITaxon:1931275	5
NCBITaxon:1931276	1
NCBITaxon:193131	1
NCBITaxon:1931992	1
NCBITaxon:1931993	2
NCBITaxon:1931996	2
NCBITaxon:1932	19
NCBITaxon:1932001	1
NCBITaxon:1932004	1
NCBITaxon:1932117	4
NCBITaxon:1932122	1
NCBITaxon:1932123	1
NCBITaxon:1932427	1
NCBITaxon:1932662	3
NCBITaxon:1932666	8
NCBITaxon:1932692	1
NCBITaxon:1932693	1
NCBITaxon:1932694	1
NCBITaxon:1932696	1
NCBITaxon:1932697	1
NCBITaxon:1932698	1
NCBITaxon:1932699	1
NCBITaxon:1932700	1
NCBITaxon:1932701	1
NCBITaxon:1932703	1
NCBITaxon:1932704	1
NCBITaxon:1932778	1
NCBITaxon:1932779	1
NCBITaxon:1933	13
NCBITaxon:1933030	2
NCBITaxon:1933044	1
NCBITaxon:1933422	3
NCBITaxon:1933429	1
NCBITaxon:1933450	1
NCBITaxon:193384	6
NCBITaxon:1933879	1
NCBITaxon:1933880	6
NCBITaxon:193389	1
NCBITaxon:193390	1
NCBITaxon:1933902	3
NCBITaxon:193391	2
NCBITaxon:193393	3
NCBITaxon:1934	15
NCBITaxon:1934353	3
NCBITaxon:1934373	1
NCBITaxon:1934374	1
NCBITaxon:1934379	1
NCBITaxon:1934409	1
NCBITaxon:193460	6
NCBITaxon:193461	8
NCBITaxon:193462	61
NCBITaxon:1934933	2
NCBITaxon:1935	28
NCBITaxon:1935010	1
NCBITaxon:1935011	1
NCBITaxon:1935012	1
NCBITaxon:1935013	1
NCBITaxon:1935014	1
NCBITaxon:1935017	1
NCBITaxon:1935018	1
NCBITaxon:1935019	4
NCBITaxon:1935119	2
NCBITaxon:1935120	1
NCBITaxon:1935121	1
NCBITaxon:1935123	1
NCBITaxon:1935127	1
NCBITaxon:1935128	1
NCBITaxon:1935129	1
NCBITaxon:1935139	2
NCBITaxon:1935170	1
NCBITaxon:1935181	1
NCBITaxon:1935204	5
NCBITaxon:1935343	2
NCBITaxon:1935379	3
NCBITaxon:1935446	2
NCBITaxon:193567	1
NCBITaxon:1935996	1
NCBITaxon:1936	27
NCBITaxon:1936003	4
NCBITaxon:1936021	4
NCBITaxon:1936035	1
NCBITaxon:1936063	1
NCBITaxon:1936077	1
NCBITaxon:1936118	1
NCBITaxon:1936207	1
NCBITaxon:1936242	1
NCBITaxon:1936991	3
NCBITaxon:1936993	1
NCBITaxon:1936995	2
NCBITaxon:1937003	1
NCBITaxon:1937190	1
NCBITaxon:1937191	1
NCBITaxon:1937461	1
NCBITaxon:1937527	1
NCBITaxon:1937528	1
NCBITaxon:1937692	2
NCBITaxon:1937702	23
NCBITaxon:1937790	4
NCBITaxon:1937959	2
NCBITaxon:1938	139
NCBITaxon:1938339	1
NCBITaxon:1938353	3
NCBITaxon:1938558	3
NCBITaxon:1938587	1
NCBITaxon:1938599	1
NCBITaxon:1938600	1
NCBITaxon:1938617	1
NCBITaxon:1938618	1
NCBITaxon:1938619	1
NCBITaxon:1938624	1
NCBITaxon:1938625	1
NCBITaxon:1938626	1
NCBITaxon:1938712	2
NCBITaxon:1938745	1
NCBITaxon:1938746	1
NCBITaxon:1938797	1
NCBITaxon:1938811	1
NCBITaxon:1938814	1
NCBITaxon:1938816	2
NCBITaxon:1938817	1
NCBITaxon:1938820	2
NCBITaxon:1938863	1
NCBITaxon:1938866	1
NCBITaxon:1938870	1
NCBITaxon:1938887	1
NCBITaxon:1938888	1
NCBITaxon:1938889	1
NCBITaxon:1938954	1
NCBITaxon:194	4
NCBITaxon:1940	4
NCBITaxon:1940096	1
NCBITaxon:1940235	1
NCBITaxon:1940240	1
NCBITaxon:1940281	1
NCBITaxon:1940298	1
NCBITaxon:1940299	1
NCBITaxon:1940300	1
NCBITaxon:1940406	1
NCBITaxon:1940407	2
NCBITaxon:1940408	1
NCBITaxon:1940525	1
NCBITaxon:1940526	1
NCBITaxon:1940529	1
NCBITaxon:1940533	4
NCBITaxon:1940568	1
NCBITaxon:1940610	4
NCBITaxon:1940611	2
NCBITaxon:1940612	4
NCBITaxon:1940615	3
NCBITaxon:1940617	4
NCBITaxon:1940636	3
NCBITaxon:1940663	1
NCBITaxon:1940690	2
NCBITaxon:1940789	9
NCBITaxon:1940790	4
NCBITaxon:1941	12
NCBITaxon:1941349	5
NCBITaxon:194196	7
NCBITaxon:194197	5
NCBITaxon:1942	17
NCBITaxon:194250	3
NCBITaxon:1943	11
NCBITaxon:194326	3
NCBITaxon:1943575	1
NCBITaxon:1943584	2
NCBITaxon:1943631	9
NCBITaxon:1943633	1
NCBITaxon:1943667	1
NCBITaxon:1943670	1
NCBITaxon:1943671	1
NCBITaxon:1943672	1
NCBITaxon:1944	20
NCBITaxon:194424	2
NCBITaxon:1944633	1
NCBITaxon:1944634	1
NCBITaxon:1944635	2
NCBITaxon:1944636	1
NCBITaxon:1944642	1
NCBITaxon:1944646	3
NCBITaxon:1944661	1
NCBITaxon:1945	1
NCBITaxon:194542	2
NCBITaxon:1945520	1
NCBITaxon:1945521	1
NCBITaxon:1945581	2
NCBITaxon:1945622	1
NCBITaxon:1945634	2
NCBITaxon:1945662	1
NCBITaxon:1945865	1
NCBITaxon:1945871	1
NCBITaxon:1946	10
NCBITaxon:194673	5
NCBITaxon:194682	1
NCBITaxon:1947	1
NCBITaxon:194702	20
NCBITaxon:1947037	1
NCBITaxon:1948	10
NCBITaxon:194843	701
NCBITaxon:1948889	1
NCBITaxon:1948890	5
NCBITaxon:1949069	2
NCBITaxon:1949081	1
NCBITaxon:1949082	1
NCBITaxon:1949083	1
NCBITaxon:1949085	1
NCBITaxon:194923	21
NCBITaxon:194924	25
NCBITaxon:194963	10
NCBITaxon:195	1335
NCBITaxon:1950	93
NCBITaxon:195045	59
NCBITaxon:195064	3
NCBITaxon:195067	1
NCBITaxon:195071	1
NCBITaxon:195088	6
NCBITaxon:1951	65
NCBITaxon:195102	1
NCBITaxon:195103	1
NCBITaxon:195105	4
NCBITaxon:195108	3
NCBITaxon:1951198	1
NCBITaxon:1952	16
NCBITaxon:195248	1
NCBITaxon:1953378	3
NCBITaxon:1954	11
NCBITaxon:1954177	1
NCBITaxon:1954209	1
NCBITaxon:1954250	1
NCBITaxon:1954473	1
NCBITaxon:195498	1
NCBITaxon:1955	14
NCBITaxon:1955013	14
NCBITaxon:195502	1
NCBITaxon:1955052	2
NCBITaxon:1955065	1
NCBITaxon:195522	2
NCBITaxon:1955243	1
NCBITaxon:1955250	4
NCBITaxon:1955266	1
NCBITaxon:1955272	1
NCBITaxon:1955402	1
NCBITaxon:1955577	1
NCBITaxon:1955621	1
NCBITaxon:1955622	1
NCBITaxon:1955624	1
NCBITaxon:1955626	1
NCBITaxon:1955627	1
NCBITaxon:1955628	1
NCBITaxon:1955633	1
NCBITaxon:1955634	1
NCBITaxon:1955635	1
NCBITaxon:1955636	1
NCBITaxon:1955637	1
NCBITaxon:1955638	1
NCBITaxon:1955647	1
NCBITaxon:1955657	1
NCBITaxon:1955658	1
NCBITaxon:1955659	1
NCBITaxon:1955660	1
NCBITaxon:1955661	1
NCBITaxon:1955662	1
NCBITaxon:1955663	1
NCBITaxon:1955664	1
NCBITaxon:1955665	1
NCBITaxon:1955668	1
NCBITaxon:1955669	1
NCBITaxon:1955670	1
NCBITaxon:1955671	1
NCBITaxon:1955672	1
NCBITaxon:1955673	1
NCBITaxon:1955674	1
NCBITaxon:1955675	1
NCBITaxon:1955695	1
NCBITaxon:1955775	1
NCBITaxon:1956	17
NCBITaxon:1956163	1
NCBITaxon:1956164	1
NCBITaxon:1956171	1
NCBITaxon:1956173	1
NCBITaxon:1956174	1
NCBITaxon:1956175	1
NCBITaxon:1957	34
NCBITaxon:195709	26
NCBITaxon:195748	5
NCBITaxon:195749	3
NCBITaxon:195801	8
NCBITaxon:1958756	1
NCBITaxon:1958780	2
NCBITaxon:1958811	3
NCBITaxon:1958940	1
NCBITaxon:1958944	1
NCBITaxon:1958945	1
NCBITaxon:1958950	1
NCBITaxon:195907	12
NCBITaxon:1959104	1
NCBITaxon:195913	8
NCBITaxon:195930	7
NCBITaxon:195950	10
NCBITaxon:196	314
NCBITaxon:1960	16
NCBITaxon:1960083	5
NCBITaxon:1960125	1
NCBITaxon:1960126	1
NCBITaxon:1960156	2
NCBITaxon:196023	4
NCBITaxon:196024	36
NCBITaxon:1960308	2
NCBITaxon:1960589	3
NCBITaxon:196064	1
NCBITaxon:1960768	1
NCBITaxon:1960830	2
NCBITaxon:1960876	1
NCBITaxon:1960881	1
NCBITaxon:1960968	1
NCBITaxon:1960969	1
NCBITaxon:1961	39
NCBITaxon:196108	1
NCBITaxon:196109	1
NCBITaxon:196118	28
NCBITaxon:196164	2
NCBITaxon:1961830	1
NCBITaxon:1961848	1
NCBITaxon:1961849	1
NCBITaxon:1962	1
NCBITaxon:1962118	363
NCBITaxon:1962131	1
NCBITaxon:1962180	1
NCBITaxon:1962232	1
NCBITaxon:1962263	6
NCBITaxon:1962266	3
NCBITaxon:1962306	11
NCBITaxon:1962348	4
NCBITaxon:1962638	4
NCBITaxon:1962639	1
NCBITaxon:1962641	2
NCBITaxon:1962675	1
NCBITaxon:1962690	1
NCBITaxon:1962854	2
NCBITaxon:1962974	1
NCBITaxon:1962975	1
NCBITaxon:1963	16
NCBITaxon:1963018	1
NCBITaxon:196308	1
NCBITaxon:1963359	4
NCBITaxon:1963360	9
NCBITaxon:196367	12
NCBITaxon:1963835	1
NCBITaxon:1963839	1
NCBITaxon:1963862	1
NCBITaxon:1964208	1
NCBITaxon:1964209	3
NCBITaxon:1964213	1
NCBITaxon:1964215	1
NCBITaxon:1964365	2
NCBITaxon:1964382	1
NCBITaxon:1964383	3
NCBITaxon:1964395	1
NCBITaxon:1964448	1
NCBITaxon:1964541	1
NCBITaxon:1964542	1
NCBITaxon:1964831	1
NCBITaxon:1965019	1
NCBITaxon:1965230	1
NCBITaxon:1965277	1
NCBITaxon:1965282	1
NCBITaxon:1965286	1
NCBITaxon:1965294	85
NCBITaxon:1965318	1
NCBITaxon:1965323	1
NCBITaxon:1965325	2
NCBITaxon:196587	3
NCBITaxon:196588	4
NCBITaxon:196593	1
NCBITaxon:196620	1
NCBITaxon:196627	4
NCBITaxon:1966345	1
NCBITaxon:1966352	2
NCBITaxon:1966449	4
NCBITaxon:1966466	1
NCBITaxon:1967	16
NCBITaxon:1967288	2
NCBITaxon:1967498	2
NCBITaxon:1967501	4
NCBITaxon:1967502	1
NCBITaxon:1967583	1
NCBITaxon:1967586	1
NCBITaxon:1967587	1
NCBITaxon:1967589	1
NCBITaxon:1967590	1
NCBITaxon:1967596	1
NCBITaxon:1967599	1
NCBITaxon:1967600	4
NCBITaxon:1967601	1
NCBITaxon:1967605	1
NCBITaxon:1967608	3
NCBITaxon:1967611	2
NCBITaxon:1967612	5
NCBITaxon:1967613	1
NCBITaxon:1967615	1
NCBITaxon:1967620	1
NCBITaxon:1967621	1
NCBITaxon:1967622	1
NCBITaxon:1967630	1
NCBITaxon:1967636	1
NCBITaxon:1967637	1
NCBITaxon:1967638	1
NCBITaxon:1967639	2
NCBITaxon:1967640	1
NCBITaxon:1967642	3
NCBITaxon:1967643	2
NCBITaxon:1967646	2
NCBITaxon:1967647	1
NCBITaxon:1967648	1
NCBITaxon:1967649	1
NCBITaxon:1967650	6
NCBITaxon:1967653	3
NCBITaxon:1967654	1
NCBITaxon:1967656	1
NCBITaxon:1967657	9
NCBITaxon:1967658	1
NCBITaxon:1967659	1
NCBITaxon:1967665	1
NCBITaxon:1967781	11
NCBITaxon:1967782	1
NCBITaxon:1967783	1
NCBITaxon:1967989	4
NCBITaxon:1967990	1
NCBITaxon:1967991	2
NCBITaxon:1967992	2
NCBITaxon:1967993	1
NCBITaxon:1968	12
NCBITaxon:196816	2
NCBITaxon:196821	14
NCBITaxon:1968276	1
NCBITaxon:196834	2
NCBITaxon:1968433	1
NCBITaxon:1968519	2
NCBITaxon:1968525	1
NCBITaxon:1968528	1
NCBITaxon:1968529	1
NCBITaxon:1968530	1
NCBITaxon:1968534	1
NCBITaxon:196869	3
NCBITaxon:1968796	1
NCBITaxon:1968823	2
NCBITaxon:1968889	1
NCBITaxon:1969	45
NCBITaxon:196906	1
NCBITaxon:196907	1
NCBITaxon:1969108	4
NCBITaxon:196914	4
NCBITaxon:1969160	1
NCBITaxon:1969479	1
NCBITaxon:1969505	1
NCBITaxon:1969607	2
NCBITaxon:1969699	1
NCBITaxon:1969733	2
NCBITaxon:1969805	1
NCBITaxon:1969806	1
NCBITaxon:1969821	1
NCBITaxon:1969920	1
NCBITaxon:197	3093
NCBITaxon:1970	9
NCBITaxon:1970157	1
NCBITaxon:1970189	1
NCBITaxon:1970232	1
NCBITaxon:1970234	3
NCBITaxon:197054	1
NCBITaxon:1970738	25
NCBITaxon:1970769	1
NCBITaxon:1970770	1
NCBITaxon:1970771	1
NCBITaxon:1970772	1
NCBITaxon:1970774	1
NCBITaxon:1970782	1
NCBITaxon:1970783	1
NCBITaxon:1970784	1
NCBITaxon:1970790	1
NCBITaxon:1971	75
NCBITaxon:1971228	1
NCBITaxon:1971397	1
NCBITaxon:1971485	1
NCBITaxon:1971488	1
NCBITaxon:1971605	323
NCBITaxon:1971610	1
NCBITaxon:1971611	1
NCBITaxon:1971619	1
NCBITaxon:197162	2
NCBITaxon:1971620	1
NCBITaxon:1971636	1
NCBITaxon:1971726	1
NCBITaxon:197183	2
NCBITaxon:1972	20
NCBITaxon:1972068	3
NCBITaxon:1972133	1
NCBITaxon:1972134	1
NCBITaxon:1972137	1
NCBITaxon:197221	1
NCBITaxon:197222	4
NCBITaxon:1972222	2
NCBITaxon:1972431	2
NCBITaxon:1972449	1
NCBITaxon:1972455	1
NCBITaxon:1972458	1
NCBITaxon:1972497	1
NCBITaxon:1972561	10
NCBITaxon:1972585	1
NCBITaxon:1972648	2
NCBITaxon:1972649	2
NCBITaxon:1972704	3
NCBITaxon:1972867	2
NCBITaxon:1973002	1
NCBITaxon:1973111	10
NCBITaxon:1973126	1
NCBITaxon:1973139	1
NCBITaxon:1973217	1
NCBITaxon:1973274	3
NCBITaxon:197345	1
NCBITaxon:1973495	3
NCBITaxon:1973496	4
NCBITaxon:1973893	1
NCBITaxon:1973895	7
NCBITaxon:1974106	1
NCBITaxon:1974107	1
NCBITaxon:1974108	1
NCBITaxon:1974109	1
NCBITaxon:1974180	1
NCBITaxon:1974213	1
NCBITaxon:1974215	3
NCBITaxon:1974318	1
NCBITaxon:1974319	2
NCBITaxon:1974320	1
NCBITaxon:1974321	2
NCBITaxon:1974322	5
NCBITaxon:1974323	1
NCBITaxon:1974485	1
NCBITaxon:197461	5
NCBITaxon:1974741	1
NCBITaxon:1974746	1
NCBITaxon:1974748	1
NCBITaxon:1974752	1
NCBITaxon:1974757	1
NCBITaxon:197479	6
NCBITaxon:197482	6
NCBITaxon:197515	1
NCBITaxon:197538	1
NCBITaxon:1975522	1
NCBITaxon:1975523	1
NCBITaxon:1975524	1
NCBITaxon:1975554	1
NCBITaxon:1975555	1
NCBITaxon:1975556	1
NCBITaxon:1975557	1
NCBITaxon:1975558	1
NCBITaxon:1975562	1
NCBITaxon:1975563	1
NCBITaxon:1975564	1
NCBITaxon:1975565	1
NCBITaxon:1975566	1
NCBITaxon:1975567	1
NCBITaxon:1975568	1
NCBITaxon:1975569	1
NCBITaxon:1975570	1
NCBITaxon:197575	81
NCBITaxon:197614	43
NCBITaxon:197659	1
NCBITaxon:197672	1
NCBITaxon:197673	2
NCBITaxon:197674	2
NCBITaxon:197700	4
NCBITaxon:197701	1
NCBITaxon:1977054	7
NCBITaxon:1977087	40
NCBITaxon:1977088	1
NCBITaxon:1977292	2
NCBITaxon:1977312	1
NCBITaxon:1977320	1
NCBITaxon:1977868	1
NCBITaxon:1977869	1
NCBITaxon:1977882	1
NCBITaxon:1977912	2
NCBITaxon:1978120	1
NCBITaxon:1978227	1
NCBITaxon:1978229	1
NCBITaxon:1978231	176
NCBITaxon:1978365	1
NCBITaxon:1978412	1
NCBITaxon:1978490	4
NCBITaxon:1978493	1
NCBITaxon:1978524	1
NCBITaxon:1978525	1
NCBITaxon:1978528	2
NCBITaxon:1978549	4
NCBITaxon:1979207	1
NCBITaxon:1979269	1
NCBITaxon:1979270	1
NCBITaxon:1979344	1
NCBITaxon:1979387	1
NCBITaxon:1979400	1
NCBITaxon:1979401	1
NCBITaxon:1979412	1
NCBITaxon:1979430	1
NCBITaxon:1979465	1
NCBITaxon:1979527	6
NCBITaxon:1979800	1
NCBITaxon:1979961	3
NCBITaxon:1979962	4
NCBITaxon:198	269
NCBITaxon:1980001	3
NCBITaxon:1980440	1
NCBITaxon:1980636	6
NCBITaxon:1980645	1
NCBITaxon:1980697	81
NCBITaxon:198092	3
NCBITaxon:198093	3
NCBITaxon:198094	1
NCBITaxon:1981025	87
NCBITaxon:1981028	1
NCBITaxon:1981069	2
NCBITaxon:1981098	1
NCBITaxon:1981099	1
NCBITaxon:1981171	1
NCBITaxon:198119	5
NCBITaxon:1981510	3
NCBITaxon:1981511	1
NCBITaxon:1981512	1
NCBITaxon:1981612	1
NCBITaxon:1981892	1
NCBITaxon:1982042	1
NCBITaxon:1982043	1
NCBITaxon:1982044	1
NCBITaxon:1982103	1
NCBITaxon:1982110	1
NCBITaxon:198214	1
NCBITaxon:198215	2
NCBITaxon:198251	27
NCBITaxon:1982517	1
NCBITaxon:198252	8
NCBITaxon:1982593	1
NCBITaxon:1982602	1
NCBITaxon:1982610	1
NCBITaxon:1982626	12
NCBITaxon:1982628	6
NCBITaxon:1983111	8
NCBITaxon:198312	8
NCBITaxon:1983277	1
NCBITaxon:1983305	7
NCBITaxon:1983456	1
NCBITaxon:198346	1
NCBITaxon:198347	3
NCBITaxon:1983702	1
NCBITaxon:1983706	3
NCBITaxon:1983719	1
NCBITaxon:1983721	1
NCBITaxon:198422	1
NCBITaxon:198466	1
NCBITaxon:198467	6
NCBITaxon:198480	5
NCBITaxon:198481	5
NCBITaxon:198482	7
NCBITaxon:198483	8
NCBITaxon:198484	6
NCBITaxon:1984871	1
NCBITaxon:1985113	207
NCBITaxon:1985115	1
NCBITaxon:1985165	1
NCBITaxon:1985166	1
NCBITaxon:1985169	1
NCBITaxon:1985170	1
NCBITaxon:1985171	1
NCBITaxon:1985172	1
NCBITaxon:1985254	2
NCBITaxon:1985673	1
NCBITaxon:1985678	1
NCBITaxon:1985877	1
NCBITaxon:1985878	1
NCBITaxon:1985879	1
NCBITaxon:1985880	1
NCBITaxon:1985881	1
NCBITaxon:1986026	1
NCBITaxon:1986089	3
NCBITaxon:1986133	2
NCBITaxon:1986146	1
NCBITaxon:1986155	2
NCBITaxon:198616	4
NCBITaxon:198618	16
NCBITaxon:198620	62
NCBITaxon:1986205	1
NCBITaxon:1986206	1
NCBITaxon:198652	1
NCBITaxon:1986537	1
NCBITaxon:198703	2
NCBITaxon:198706	11
NCBITaxon:198730	1
NCBITaxon:1987356	2
NCBITaxon:1987369	1
NCBITaxon:1987381	1
NCBITaxon:1987383	1
NCBITaxon:1987385	1
NCBITaxon:1987386	1
NCBITaxon:1987500	1
NCBITaxon:1987501	2
NCBITaxon:1987503	1
NCBITaxon:1987568	6
NCBITaxon:1987580	2
NCBITaxon:1987584	5
NCBITaxon:1987748	19
NCBITaxon:1987921	1
NCBITaxon:1988	10
NCBITaxon:198804	1
NCBITaxon:198815	15
NCBITaxon:198822	1
NCBITaxon:198832	4
NCBITaxon:198837	2
NCBITaxon:199	402
NCBITaxon:1990	3
NCBITaxon:1990687	7
NCBITaxon:1991	3
NCBITaxon:199136	8
NCBITaxon:199198	2
NCBITaxon:1992	6
NCBITaxon:199201	2
NCBITaxon:1993	67
NCBITaxon:199310	1
NCBITaxon:1993540	1
NCBITaxon:1993869	1
NCBITaxon:1993870	1
NCBITaxon:1993874	1
NCBITaxon:1994	5
NCBITaxon:199441	4
NCBITaxon:1995	1
NCBITaxon:199591	21
NCBITaxon:199592	16
NCBITaxon:199596	3
NCBITaxon:1996	10
NCBITaxon:199684	2
NCBITaxon:1997	9
NCBITaxon:199708	1
NCBITaxon:199709	1
NCBITaxon:1999	6
NCBITaxon:2	1214
NCBITaxon:20	17
NCBITaxon:200	71
NCBITaxon:2000	10
NCBITaxon:2001	31
NCBITaxon:200126	1
NCBITaxon:200132	3
NCBITaxon:2002	6
NCBITaxon:200252	3
NCBITaxon:200253	4
NCBITaxon:200254	3
NCBITaxon:2002773	1
NCBITaxon:2002775	9
NCBITaxon:2002838	1
NCBITaxon:2002841	1
NCBITaxon:200295	1
NCBITaxon:2003188	4
NCBITaxon:200324	2
NCBITaxon:200334	1
NCBITaxon:2003355	7
NCBITaxon:2003363	2
NCBITaxon:2003365	1
NCBITaxon:2003366	1
NCBITaxon:2003368	1
NCBITaxon:2003590	1
NCBITaxon:2003592	5
NCBITaxon:200378	3
NCBITaxon:200379	4
NCBITaxon:200413	5
NCBITaxon:200414	2
NCBITaxon:200415	7
NCBITaxon:2004408	1
NCBITaxon:2004463	1
NCBITaxon:200448	33
NCBITaxon:2004485	1
NCBITaxon:200450	8
NCBITaxon:2004506	2
NCBITaxon:200451	26
NCBITaxon:200452	13
NCBITaxon:200453	1
NCBITaxon:200454	7
NCBITaxon:2004647	1
NCBITaxon:2004650	2
NCBITaxon:2004704	1
NCBITaxon:2004710	2
NCBITaxon:200475	2
NCBITaxon:200476	2
NCBITaxon:2004797	1
NCBITaxon:2004951	1
NCBITaxon:2004952	1
NCBITaxon:2005	4
NCBITaxon:2005001	1
NCBITaxon:2005043	1
NCBITaxon:2005072	1
NCBITaxon:2005073	5
NCBITaxon:2005359	1
NCBITaxon:2005381	13
NCBITaxon:2005473	16
NCBITaxon:2005523	2
NCBITaxon:2005703	4
NCBITaxon:2006	24
NCBITaxon:2006110	1
NCBITaxon:2006111	1
NCBITaxon:2006115	3
NCBITaxon:2006130	1
NCBITaxon:2006131	1
NCBITaxon:200615	6
NCBITaxon:200616	4
NCBITaxon:200617	3
NCBITaxon:200618	2
NCBITaxon:2006182	1
NCBITaxon:200624	3
NCBITaxon:200630	1
NCBITaxon:200643	9
NCBITaxon:200644	27
NCBITaxon:2006564	1
NCBITaxon:200666	21
NCBITaxon:200667	12
NCBITaxon:2006685	1
NCBITaxon:2006848	9
NCBITaxon:2006849	4
NCBITaxon:2006980	5
NCBITaxon:2007306	4
NCBITaxon:2007307	1
NCBITaxon:2007308	2
NCBITaxon:200783	7
NCBITaxon:200795	234
NCBITaxon:2008318	1
NCBITaxon:2008377	3
NCBITaxon:2008380	11
NCBITaxon:2008450	1
NCBITaxon:2008451	1
NCBITaxon:2008544	1
NCBITaxon:2008672	1
NCBITaxon:2008790	1
NCBITaxon:2008793	1
NCBITaxon:200904	4
NCBITaxon:200905	3
NCBITaxon:200918	13
NCBITaxon:200930	4
NCBITaxon:200989	4
NCBITaxon:200990	5
NCBITaxon:200991	5
NCBITaxon:201	275
NCBITaxon:2010233	1
NCBITaxon:2010247	1
NCBITaxon:2010828	1
NCBITaxon:2010829	3
NCBITaxon:2010972	4
NCBITaxon:2010991	1
NCBITaxon:2010992	1
NCBITaxon:2011008	1
NCBITaxon:2011011	3
NCBITaxon:2011013	1
NCBITaxon:2011015	15
NCBITaxon:2011032	1
NCBITaxon:2011094	33
NCBITaxon:2011099	2
NCBITaxon:2011131	1
NCBITaxon:201153	1
NCBITaxon:2011649	1
NCBITaxon:201174	3538
NCBITaxon:2011832	1
NCBITaxon:201185	2
NCBITaxon:201186	55
NCBITaxon:2011928	1
NCBITaxon:2012031	1
NCBITaxon:2012034	1
NCBITaxon:2012134	4
NCBITaxon:2012158	10
NCBITaxon:201217	1
NCBITaxon:201220	1
NCBITaxon:2012213	2
NCBITaxon:2012224	1
NCBITaxon:2012225	1
NCBITaxon:2012244	1
NCBITaxon:2012264	1
NCBITaxon:2012316	1
NCBITaxon:2012329	492
NCBITaxon:2012337	1
NCBITaxon:2012477	1
NCBITaxon:2012495	4
NCBITaxon:2012502	1
NCBITaxon:2012503	1
NCBITaxon:2012504	1
NCBITaxon:2012505	1
NCBITaxon:2012506	1
NCBITaxon:2012507	1
NCBITaxon:2012508	1
NCBITaxon:2012509	1
NCBITaxon:2012510	1
NCBITaxon:2012511	1
NCBITaxon:2012512	1
NCBITaxon:2012513	1
NCBITaxon:2012514	1
NCBITaxon:2012515	1
NCBITaxon:2012516	1
NCBITaxon:2012530	1
NCBITaxon:2012531	1
NCBITaxon:2012532	1
NCBITaxon:2012534	1
NCBITaxon:2012681	1
NCBITaxon:2012687	1
NCBITaxon:2012688	1
NCBITaxon:2012689	1
NCBITaxon:2012690	1
NCBITaxon:2012691	1
NCBITaxon:2012692	1
NCBITaxon:2012693	1
NCBITaxon:2012694	1
NCBITaxon:2012695	1
NCBITaxon:2012793	1
NCBITaxon:2012796	1
NCBITaxon:2012797	1
NCBITaxon:2012798	1
NCBITaxon:2012799	1
NCBITaxon:2012800	1
NCBITaxon:2012801	1
NCBITaxon:2012802	1
NCBITaxon:2012803	1
NCBITaxon:2012804	1
NCBITaxon:2012805	1
NCBITaxon:2012806	1
NCBITaxon:2012807	1
NCBITaxon:2012808	1
NCBITaxon:2012809	1
NCBITaxon:2012810	1
NCBITaxon:2012811	1
NCBITaxon:2012812	1
NCBITaxon:2012813	1
NCBITaxon:2012814	1
NCBITaxon:2012815	1
NCBITaxon:2012816	1
NCBITaxon:2012817	1
NCBITaxon:2012818	1
NCBITaxon:2012819	1
NCBITaxon:2012820	1
NCBITaxon:2012821	1
NCBITaxon:2012822	1
NCBITaxon:2012823	1
NCBITaxon:2012860	4
NCBITaxon:201291	1
NCBITaxon:2013	1
NCBITaxon:2013562	2
NCBITaxon:2013583	11
NCBITaxon:2013866	3
NCBITaxon:2013869	1
NCBITaxon:2014	120
NCBITaxon:2014065	1
NCBITaxon:2014074	1
NCBITaxon:2014075	1
NCBITaxon:2014238	1
NCBITaxon:2014239	1
NCBITaxon:2014240	1
NCBITaxon:2014241	1
NCBITaxon:2014242	1
NCBITaxon:2014257	8
NCBITaxon:2014260	1
NCBITaxon:2014261	1
NCBITaxon:2014262	1
NCBITaxon:2014263	1
NCBITaxon:2014264	1
NCBITaxon:2014265	1
NCBITaxon:2014266	1
NCBITaxon:2014267	1
NCBITaxon:2014268	1
NCBITaxon:2014269	1
NCBITaxon:2014270	1
NCBITaxon:2014271	1
NCBITaxon:2014272	1
NCBITaxon:2014273	1
NCBITaxon:2014274	1
NCBITaxon:2014275	1
NCBITaxon:2014276	1
NCBITaxon:2014277	1
NCBITaxon:2014278	1
NCBITaxon:2014279	1
NCBITaxon:2014280	1
NCBITaxon:2014281	1
NCBITaxon:2014282	1
NCBITaxon:2014283	1
NCBITaxon:2014284	1
NCBITaxon:2014285	1
NCBITaxon:2014286	1
NCBITaxon:2014287	1
NCBITaxon:2014288	1
NCBITaxon:2014289	1
NCBITaxon:2014290	1
NCBITaxon:2014291	1
NCBITaxon:2014292	1
NCBITaxon:2014293	1
NCBITaxon:2014294	1
NCBITaxon:2014295	1
NCBITaxon:2014296	19
NCBITaxon:2014297	1
NCBITaxon:2014298	1
NCBITaxon:2014313	1
NCBITaxon:2014314	1
NCBITaxon:2014315	1
NCBITaxon:2014316	1
NCBITaxon:2014317	1
NCBITaxon:2014318	1
NCBITaxon:2014319	1
NCBITaxon:2014320	1
NCBITaxon:2014321	1
NCBITaxon:2014322	1
NCBITaxon:2014323	1
NCBITaxon:2014324	1
NCBITaxon:2014325	1
NCBITaxon:2014326	1
NCBITaxon:2014327	1
NCBITaxon:2014328	1
NCBITaxon:2014329	1
NCBITaxon:2014330	1
NCBITaxon:2014331	1
NCBITaxon:2014332	1
NCBITaxon:2014333	1
NCBITaxon:2014334	1
NCBITaxon:2014335	1
NCBITaxon:2014336	1
NCBITaxon:2014372	1
NCBITaxon:2014528	1
NCBITaxon:2014529	1
NCBITaxon:2014530	1
NCBITaxon:2014531	1
NCBITaxon:2014537	26
NCBITaxon:2014542	1
NCBITaxon:2014578	1
NCBITaxon:2014610	3
NCBITaxon:2014652	1
NCBITaxon:2014742	9
NCBITaxon:2014781	1
NCBITaxon:2014805	1
NCBITaxon:2014871	1
NCBITaxon:2014872	1
NCBITaxon:2014873	1
NCBITaxon:2014874	1
NCBITaxon:2014887	2
NCBITaxon:2014920	4
NCBITaxon:2015	6
NCBITaxon:2015272	2
NCBITaxon:2015316	1
NCBITaxon:2015348	5
NCBITaxon:201571	2
NCBITaxon:2015901	1
NCBITaxon:2015914	1
NCBITaxon:2016068	1
NCBITaxon:2016101	1
NCBITaxon:2016321	1
NCBITaxon:2016361	1
NCBITaxon:2016373	1
NCBITaxon:2016376	2
NCBITaxon:2016387	1
NCBITaxon:2016499	8
NCBITaxon:2016505	2
NCBITaxon:2016507	1
NCBITaxon:2016517	3
NCBITaxon:2016530	1
NCBITaxon:2016596	1
NCBITaxon:2017	9
NCBITaxon:201723	3
NCBITaxon:201725	1
NCBITaxon:201730	3
NCBITaxon:2017483	2
NCBITaxon:2017484	1
NCBITaxon:2017485	1
NCBITaxon:2017508	1
NCBITaxon:2017516	1
NCBITaxon:2017544	2
NCBITaxon:2017550	1
NCBITaxon:2017678	1
NCBITaxon:2017681	1
NCBITaxon:2018042	1
NCBITaxon:2018052	1
NCBITaxon:2018066	1
NCBITaxon:2018084	1
NCBITaxon:201828	2
NCBITaxon:201829	2
NCBITaxon:2018305	1
NCBITaxon:2018467	3
NCBITaxon:2018667	3
NCBITaxon:2018668	4
NCBITaxon:2018669	3
NCBITaxon:2018689	3
NCBITaxon:2018698	1
NCBITaxon:201932	1
NCBITaxon:201936	1
NCBITaxon:2019372	1
NCBITaxon:201938	1
NCBITaxon:2019431	1
NCBITaxon:2019569	1
NCBITaxon:201973	4
NCBITaxon:201975	4
NCBITaxon:202	60
NCBITaxon:2020	12
NCBITaxon:2020247	1
NCBITaxon:2020249	2
NCBITaxon:2020312	1
NCBITaxon:2020324	1
NCBITaxon:2020325	1
NCBITaxon:2020326	1
NCBITaxon:2020327	1
NCBITaxon:2020328	1
NCBITaxon:2020330	1
NCBITaxon:2020331	1
NCBITaxon:2020412	1
NCBITaxon:2020480	1
NCBITaxon:2020506	1
NCBITaxon:2020626	1
NCBITaxon:2020703	5
NCBITaxon:2020714	4
NCBITaxon:2020715	1
NCBITaxon:2020716	5
NCBITaxon:2020862	3
NCBITaxon:2020902	7
NCBITaxon:2020948	1
NCBITaxon:2020949	1
NCBITaxon:2020962	1
NCBITaxon:2020963	1
NCBITaxon:2020964	1
NCBITaxon:2020965	2
NCBITaxon:2021	21
NCBITaxon:2021124	1
NCBITaxon:2021221	1
NCBITaxon:2021234	1
NCBITaxon:2021254	1
NCBITaxon:2021314	2
NCBITaxon:2021368	10
NCBITaxon:2021369	1
NCBITaxon:2021370	2
NCBITaxon:2021379	4
NCBITaxon:2021380	1
NCBITaxon:2021391	87
NCBITaxon:2021403	11
NCBITaxon:2021861	1
NCBITaxon:2021862	1
NCBITaxon:2021970	4
NCBITaxon:2021971	3
NCBITaxon:2021998	2
NCBITaxon:2022135	1
NCBITaxon:2022336	1
NCBITaxon:2022337	1
NCBITaxon:2022479	3
NCBITaxon:202260	4
NCBITaxon:202261	4
NCBITaxon:2022662	2
NCBITaxon:2022747	2
NCBITaxon:2022749	3
NCBITaxon:2022802	1
NCBITaxon:2023067	1
NCBITaxon:2023153	1
NCBITaxon:2023177	2
NCBITaxon:2023178	14
NCBITaxon:2023182	2
NCBITaxon:2023183	1
NCBITaxon:2023184	2
NCBITaxon:2023186	3
NCBITaxon:2023189	2
NCBITaxon:2023191	2
NCBITaxon:2023192	1
NCBITaxon:2023197	2
NCBITaxon:2023198	2
NCBITaxon:2023202	1
NCBITaxon:2023240	1
NCBITaxon:2023261	1
NCBITaxon:2023265	1
NCBITaxon:2023266	1
NCBITaxon:2023338	3
NCBITaxon:2023360	1
NCBITaxon:2023717	22
NCBITaxon:2023741	1
NCBITaxon:2023875	3
NCBITaxon:2024	10
NCBITaxon:2024197	2
NCBITaxon:2024205	1
NCBITaxon:2024266	1
NCBITaxon:2024267	4
NCBITaxon:2024269	2
NCBITaxon:2024270	1
NCBITaxon:2024272	1
NCBITaxon:2024273	1
NCBITaxon:2024526	1
NCBITaxon:2024550	1
NCBITaxon:2024551	1
NCBITaxon:2024553	2
NCBITaxon:2024554	1
NCBITaxon:2024555	2
NCBITaxon:202462	2
NCBITaxon:202472	1
NCBITaxon:2024736	1
NCBITaxon:2024823	1
NCBITaxon:2024824	9
NCBITaxon:2024825	1
NCBITaxon:2024826	1
NCBITaxon:2024827	9
NCBITaxon:2024828	1
NCBITaxon:2024829	2
NCBITaxon:2024830	2
NCBITaxon:2024831	1
NCBITaxon:2024832	3
NCBITaxon:2024833	3
NCBITaxon:2024834	2
NCBITaxon:2024835	2
NCBITaxon:2024836	9
NCBITaxon:2024837	1
NCBITaxon:2024838	1
NCBITaxon:2024839	16
NCBITaxon:2024840	7
NCBITaxon:2024841	8
NCBITaxon:2024842	2
NCBITaxon:2024843	41
NCBITaxon:2024844	3
NCBITaxon:2024846	1
NCBITaxon:2024847	2
NCBITaxon:2024848	4
NCBITaxon:2024849	77
NCBITaxon:2024850	3
NCBITaxon:2024851	15
NCBITaxon:2024852	1
NCBITaxon:2024853	7
NCBITaxon:2024854	2
NCBITaxon:2024855	17
NCBITaxon:2024856	11
NCBITaxon:2024857	1
NCBITaxon:2024858	3
NCBITaxon:2024860	4
NCBITaxon:2024861	3
NCBITaxon:2024888	20
NCBITaxon:2024889	11
NCBITaxon:2024890	3
NCBITaxon:2024893	15
NCBITaxon:2024894	89
NCBITaxon:2024895	1
NCBITaxon:2024896	9
NCBITaxon:2024899	1
NCBITaxon:2024975	3
NCBITaxon:2025039	3
NCBITaxon:2025310	1
NCBITaxon:2025311	1
NCBITaxon:2025312	1
NCBITaxon:2025313	1
NCBITaxon:2025494	1
NCBITaxon:2025506	1
NCBITaxon:2025509	1
NCBITaxon:2025658	1
NCBITaxon:2025659	1
NCBITaxon:2025720	1
NCBITaxon:2025808	1
NCBITaxon:2025884	12
NCBITaxon:2025994	1
NCBITaxon:2026	13
NCBITaxon:202604	3
NCBITaxon:2026100	1
NCBITaxon:202611	5
NCBITaxon:2026176	1
NCBITaxon:2026184	1
NCBITaxon:2026186	27
NCBITaxon:2026187	10
NCBITaxon:2026188	21
NCBITaxon:2026189	13
NCBITaxon:2026190	7
NCBITaxon:2026191	4
NCBITaxon:2026192	5
NCBITaxon:2026193	8
NCBITaxon:2026194	4
NCBITaxon:2026199	3
NCBITaxon:2026239	3
NCBITaxon:2026240	17
NCBITaxon:2026255	10
NCBITaxon:2026338	1
NCBITaxon:2026339	1
NCBITaxon:2026353	3
NCBITaxon:2026604	5
NCBITaxon:2026624	1
NCBITaxon:2026653	1
NCBITaxon:2026654	1
NCBITaxon:2026658	4
NCBITaxon:2026681	1
NCBITaxon:2026714	69
NCBITaxon:2026715	8
NCBITaxon:2026716	1
NCBITaxon:2026717	2
NCBITaxon:2026719	7
NCBITaxon:2026720	7
NCBITaxon:2026721	55
NCBITaxon:2026722	2
NCBITaxon:2026723	1
NCBITaxon:2026724	305
NCBITaxon:2026725	4
NCBITaxon:2026726	1
NCBITaxon:2026727	3
NCBITaxon:2026728	69
NCBITaxon:2026729	3
NCBITaxon:2026730	7
NCBITaxon:2026731	2
NCBITaxon:2026733	5
NCBITaxon:2026734	31
NCBITaxon:2026735	147
NCBITaxon:2026737	1
NCBITaxon:2026738	6
NCBITaxon:2026739	282
NCBITaxon:2026740	15
NCBITaxon:2026741	3
NCBITaxon:2026742	79
NCBITaxon:2026743	44
NCBITaxon:2026745	9
NCBITaxon:2026746	4
NCBITaxon:2026747	4
NCBITaxon:2026748	5
NCBITaxon:2026749	3
NCBITaxon:2026751	1
NCBITaxon:2026752	4
NCBITaxon:2026753	2
NCBITaxon:2026754	17
NCBITaxon:2026756	1
NCBITaxon:2026757	1
NCBITaxon:2026759	3
NCBITaxon:2026760	147
NCBITaxon:2026761	4
NCBITaxon:2026762	5
NCBITaxon:2026763	12
NCBITaxon:2026764	7
NCBITaxon:2026766	1
NCBITaxon:2026767	2
NCBITaxon:2026768	1
NCBITaxon:2026769	7
NCBITaxon:2026770	1
NCBITaxon:2026771	14
NCBITaxon:2026772	22
NCBITaxon:2026773	16
NCBITaxon:2026774	17
NCBITaxon:2026775	18
NCBITaxon:2026776	20
NCBITaxon:2026777	3
NCBITaxon:2026778	21
NCBITaxon:2026779	47
NCBITaxon:2026780	59
NCBITaxon:2026781	14
NCBITaxon:2026782	29
NCBITaxon:2026783	3
NCBITaxon:2026784	13
NCBITaxon:2026785	29
NCBITaxon:2026786	9
NCBITaxon:2026787	3
NCBITaxon:2026788	51
NCBITaxon:2026789	3
NCBITaxon:2026790	3
NCBITaxon:2026791	1
NCBITaxon:2026792	3
NCBITaxon:2026793	2
NCBITaxon:2026794	7
NCBITaxon:2026795	43
NCBITaxon:2026796	7
NCBITaxon:2026798	1
NCBITaxon:2026799	234
NCBITaxon:2026800	6
NCBITaxon:2026801	75
NCBITaxon:2026802	1
NCBITaxon:2026803	21
NCBITaxon:2026804	8
NCBITaxon:2026806	7
NCBITaxon:2026807	1
NCBITaxon:2026808	19
NCBITaxon:2026809	11
NCBITaxon:2026887	13
NCBITaxon:202697	1
NCBITaxon:202700	1
NCBITaxon:202708	1
NCBITaxon:202718	1
NCBITaxon:2027290	2
NCBITaxon:2027293	1
NCBITaxon:202746	23
NCBITaxon:2027466	1
NCBITaxon:202747	3
NCBITaxon:202750	5
NCBITaxon:202751	4
NCBITaxon:202752	2
NCBITaxon:202772	8
NCBITaxon:2027857	1
NCBITaxon:2027858	1
NCBITaxon:2027860	10
NCBITaxon:2027861	1
NCBITaxon:2027862	1
NCBITaxon:2027871	1
NCBITaxon:2027872	4
NCBITaxon:2027873	1
NCBITaxon:2027878	1
NCBITaxon:202789	5
NCBITaxon:2027919	19
NCBITaxon:2028108	3
NCBITaxon:2028282	1
NCBITaxon:2028345	1
NCBITaxon:2028574	1
NCBITaxon:2028575	1
NCBITaxon:2028576	1
NCBITaxon:202862	9
NCBITaxon:202907	2
NCBITaxon:2029103	5
NCBITaxon:2029104	1
NCBITaxon:2029117	8
NCBITaxon:202912	1
NCBITaxon:202913	1
NCBITaxon:202914	1
NCBITaxon:202915	1
NCBITaxon:202916	1
NCBITaxon:2029164	1
NCBITaxon:2029166	1
NCBITaxon:202918	2
NCBITaxon:202947	11
NCBITaxon:202948	18
NCBITaxon:202949	1
NCBITaxon:202950	16
NCBITaxon:202951	4
NCBITaxon:202952	3
NCBITaxon:202954	6
NCBITaxon:202955	6
NCBITaxon:2029559	5
NCBITaxon:202956	41
NCBITaxon:2029566	1
NCBITaxon:2029677	1
NCBITaxon:2029681	3
NCBITaxon:2029685	1
NCBITaxon:2029752	1
NCBITaxon:2029754	3
NCBITaxon:2029849	2
NCBITaxon:2029855	2
NCBITaxon:2029857	1
NCBITaxon:2029865	2
NCBITaxon:2029880	1
NCBITaxon:2029884	1
NCBITaxon:2029981	1
NCBITaxon:2029982	5
NCBITaxon:2029983	1
NCBITaxon:203	29
NCBITaxon:2030	9
NCBITaxon:2030009	1
NCBITaxon:2030778	1
NCBITaxon:2030797	1
NCBITaxon:2030798	1
NCBITaxon:2030800	3
NCBITaxon:2030806	8
NCBITaxon:2030807	5
NCBITaxon:2030808	5
NCBITaxon:2030811	2
NCBITaxon:2030816	39
NCBITaxon:2030822	1
NCBITaxon:2030829	5
NCBITaxon:203085	1
NCBITaxon:2030880	19
NCBITaxon:2030913	3
NCBITaxon:2030921	1
NCBITaxon:2030927	29
NCBITaxon:2031119	4
NCBITaxon:2031139	1
NCBITaxon:203119	2
NCBITaxon:203120	1
NCBITaxon:203192	2
NCBITaxon:2032565	1
NCBITaxon:2032566	1
NCBITaxon:2032567	1
NCBITaxon:2032568	1
NCBITaxon:2032574	1
NCBITaxon:2032575	1
NCBITaxon:2032576	1
NCBITaxon:2032577	1
NCBITaxon:2032578	1
NCBITaxon:2032579	1
NCBITaxon:2032580	1
NCBITaxon:2032581	1
NCBITaxon:2032582	1
NCBITaxon:2032623	1
NCBITaxon:2032625	1
NCBITaxon:2032626	1
NCBITaxon:2032627	1
NCBITaxon:203263	3
NCBITaxon:2032630	1
NCBITaxon:203264	5
NCBITaxon:203267	1
NCBITaxon:203274	2
NCBITaxon:203275	1
NCBITaxon:2033	87
NCBITaxon:2033014	2
NCBITaxon:2033435	1
NCBITaxon:2033438	1
NCBITaxon:2033606	1
NCBITaxon:2033655	1
NCBITaxon:2033802	1
NCBITaxon:2034	5
NCBITaxon:203404	2
NCBITaxon:2034155	2
NCBITaxon:203437	2
NCBITaxon:2034511	3
NCBITaxon:2034674	1
NCBITaxon:203470	2
NCBITaxon:203471	2
NCBITaxon:2034769	3
NCBITaxon:203482	3
NCBITaxon:2034843	1
NCBITaxon:203488	1
NCBITaxon:203494	5
NCBITaxon:2035	477
NCBITaxon:2035065	1
NCBITaxon:2035066	1
NCBITaxon:2035067	1
NCBITaxon:2035068	1
NCBITaxon:2035069	1
NCBITaxon:2035070	1
NCBITaxon:2035071	1
NCBITaxon:2035072	1
NCBITaxon:2035155	1
NCBITaxon:2035156	1
NCBITaxon:2035227	1
NCBITaxon:2035228	1
NCBITaxon:2035229	1
NCBITaxon:203523	3
NCBITaxon:2035230	1
NCBITaxon:2035233	1
NCBITaxon:2035234	1
NCBITaxon:2035235	1
NCBITaxon:2035255	1
NCBITaxon:203526	1
NCBITaxon:2035267	1
NCBITaxon:203533	1
NCBITaxon:203534	1
NCBITaxon:2035343	3
NCBITaxon:2035344	5
NCBITaxon:2035356	1
NCBITaxon:203540	2
NCBITaxon:2035448	2
NCBITaxon:2035528	1
NCBITaxon:2035533	3
NCBITaxon:203557	6
NCBITaxon:2035772	33
NCBITaxon:2035811	2
NCBITaxon:2035812	1
NCBITaxon:2035813	5
NCBITaxon:2035833	1
NCBITaxon:2035834	3
NCBITaxon:2035835	1
NCBITaxon:2035993	1
NCBITaxon:2036	15
NCBITaxon:2036000	1
NCBITaxon:2036006	1
NCBITaxon:2036016	1
NCBITaxon:2036029	1
NCBITaxon:2036204	2
NCBITaxon:2036206	1
NCBITaxon:2036687	1
NCBITaxon:203682	187
NCBITaxon:2036821	1
NCBITaxon:203683	5
NCBITaxon:203691	55
NCBITaxon:203692	8
NCBITaxon:2036924	1
NCBITaxon:203693	7
NCBITaxon:203699	9
NCBITaxon:2037	47
NCBITaxon:2037739	1
NCBITaxon:2037899	1
NCBITaxon:2037900	1
NCBITaxon:2037913	1
NCBITaxon:2037914	1
NCBITaxon:2037915	1
NCBITaxon:203795	1
NCBITaxon:203799	5
NCBITaxon:2038071	4
NCBITaxon:2038117	1
NCBITaxon:2038139	1
NCBITaxon:2038277	2
NCBITaxon:2038343	1
NCBITaxon:2038371	1
NCBITaxon:2038386	1
NCBITaxon:2038388	1
NCBITaxon:2038389	1
NCBITaxon:2038394	1
NCBITaxon:2038395	1
NCBITaxon:2038396	1
NCBITaxon:2038397	1
NCBITaxon:2038398	1
NCBITaxon:2038407	1
NCBITaxon:2038470	1
NCBITaxon:2038656	3
NCBITaxon:2038680	2
NCBITaxon:2038731	1
NCBITaxon:2038737	1
NCBITaxon:2038776	1
NCBITaxon:203907	1
NCBITaxon:203908	82
NCBITaxon:2039150	1
NCBITaxon:2039164	1
NCBITaxon:203918	1
NCBITaxon:2039224	4
NCBITaxon:2039234	1
NCBITaxon:2039284	1
NCBITaxon:2039288	1
NCBITaxon:2039455	1
NCBITaxon:2039484	1
NCBITaxon:2039485	1
NCBITaxon:2039486	1
NCBITaxon:2039487	1
NCBITaxon:2039488	1
NCBITaxon:2039490	1
NCBITaxon:2039631	1
NCBITaxon:2039638	2
NCBITaxon:2039722	1
NCBITaxon:2039723	2
NCBITaxon:2039874	1
NCBITaxon:2039875	1
NCBITaxon:204	22
NCBITaxon:2040	7
NCBITaxon:2040258	3
NCBITaxon:2040274	1
NCBITaxon:2040280	1
NCBITaxon:2040290	1
NCBITaxon:2040291	3
NCBITaxon:2040292	1
NCBITaxon:2040295	1
NCBITaxon:2040332	8
NCBITaxon:204038	87
NCBITaxon:204039	180
NCBITaxon:204042	196
NCBITaxon:204045	1
NCBITaxon:204046	2
NCBITaxon:2040469	1
NCBITaxon:2040482	2
NCBITaxon:204050	4
NCBITaxon:2040573	2
NCBITaxon:2040624	1
NCBITaxon:2040648	1
NCBITaxon:2040703	70
NCBITaxon:204072	3
NCBITaxon:2040724	2
NCBITaxon:2040732	8
NCBITaxon:2040785	1
NCBITaxon:2040833	1
NCBITaxon:2040844	1
NCBITaxon:2040880	1
NCBITaxon:204089	1
NCBITaxon:2040901	1
NCBITaxon:2040935	4
NCBITaxon:2040976	1
NCBITaxon:2040997	1
NCBITaxon:2041	4
NCBITaxon:2041023	1
NCBITaxon:2041025	3
NCBITaxon:2041036	5
NCBITaxon:2041041	1
NCBITaxon:2041044	5
NCBITaxon:2041189	1
NCBITaxon:2041346	1
NCBITaxon:2041385	2
NCBITaxon:2041421	4
NCBITaxon:2041822	1
NCBITaxon:2041840	1
NCBITaxon:2041841	1
NCBITaxon:2041842	1
NCBITaxon:2042057	8
NCBITaxon:2042304	1
NCBITaxon:2042308	1
NCBITaxon:2042309	1
NCBITaxon:2042704	2
NCBITaxon:204285	1
NCBITaxon:2042961	3
NCBITaxon:2042962	1
NCBITaxon:2042995	2
NCBITaxon:2043161	1
NCBITaxon:2043163	1
NCBITaxon:2043169	1
NCBITaxon:2043170	2
NCBITaxon:2043610	1
NCBITaxon:2043611	1
NCBITaxon:2043664	1
NCBITaxon:204428	6
NCBITaxon:204429	3
NCBITaxon:204430	22
NCBITaxon:204432	12
NCBITaxon:204433	9
NCBITaxon:204434	3
NCBITaxon:204441	48
NCBITaxon:2044504	1
NCBITaxon:2044521	2
NCBITaxon:204455	1
NCBITaxon:204457	8
NCBITaxon:2044573	1
NCBITaxon:204458	4
NCBITaxon:2044587	4
NCBITaxon:2044591	2
NCBITaxon:2044595	12
NCBITaxon:2044596	1
NCBITaxon:2044597	1
NCBITaxon:2044610	4
NCBITaxon:204470	1
NCBITaxon:2044729	1
NCBITaxon:204475	31
NCBITaxon:204476	3
NCBITaxon:2044847	3
NCBITaxon:2044852	1
NCBITaxon:2044854	1
NCBITaxon:2044855	1
NCBITaxon:2044856	7
NCBITaxon:2044858	1
NCBITaxon:2044859	1
NCBITaxon:2044872	2
NCBITaxon:2044873	2
NCBITaxon:2044885	1
NCBITaxon:2044912	3
NCBITaxon:2044936	16
NCBITaxon:2044938	2
NCBITaxon:2044939	25
NCBITaxon:2044941	4
NCBITaxon:2044944	7
NCBITaxon:2045	10
NCBITaxon:2045010	1
NCBITaxon:2045012	1
NCBITaxon:2045015	1
NCBITaxon:2045105	2
NCBITaxon:2045106	1
NCBITaxon:2045107	4
NCBITaxon:2045119	1
NCBITaxon:204516	37
NCBITaxon:2045200	1
NCBITaxon:2045207	1
NCBITaxon:2045208	2
NCBITaxon:2045214	20
NCBITaxon:2045217	1
NCBITaxon:2045244	1
NCBITaxon:204525	10
NCBITaxon:2045267	4
NCBITaxon:2045275	2
NCBITaxon:2045276	1
NCBITaxon:2045277	1
NCBITaxon:2045278	1
NCBITaxon:2045279	1
NCBITaxon:2045301	1
NCBITaxon:204536	1
NCBITaxon:2045417	1
NCBITaxon:2045438	3
NCBITaxon:2045439	5
NCBITaxon:2045440	4
NCBITaxon:2045441	4
NCBITaxon:2045451	6
NCBITaxon:2045452	4
NCBITaxon:2046349	1
NCBITaxon:204674	1
NCBITaxon:2047	132
NCBITaxon:204720	1
NCBITaxon:204722	5
NCBITaxon:204728	2
NCBITaxon:2047320	1
NCBITaxon:2047543	1
NCBITaxon:2047720	1
NCBITaxon:2047724	1
NCBITaxon:204773	1
NCBITaxon:2047730	3
NCBITaxon:2047734	4
NCBITaxon:2047744	4
NCBITaxon:2047749	1
NCBITaxon:2047757	1
NCBITaxon:2047767	3
NCBITaxon:2047937	2
NCBITaxon:2047966	1
NCBITaxon:204798	4
NCBITaxon:2047982	2
NCBITaxon:204799	2
NCBITaxon:2048003	1
NCBITaxon:2048004	1
NCBITaxon:2048137	2
NCBITaxon:2048283	2
NCBITaxon:2048520	1
NCBITaxon:2048548	1
NCBITaxon:2048549	4
NCBITaxon:2048550	5
NCBITaxon:2048551	4
NCBITaxon:2048557	1
NCBITaxon:2048558	5
NCBITaxon:2048775	1
NCBITaxon:2048776	1
NCBITaxon:2048777	1
NCBITaxon:2048778	1
NCBITaxon:2048779	1
NCBITaxon:2048780	1
NCBITaxon:2048781	1
NCBITaxon:2048906	1
NCBITaxon:204891	6
NCBITaxon:2048971	1
NCBITaxon:2049024	33
NCBITaxon:2049039	9
NCBITaxon:2049043	4
NCBITaxon:2049044	13
NCBITaxon:2049045	28
NCBITaxon:2049046	2
NCBITaxon:2049047	6
NCBITaxon:2049048	7
NCBITaxon:2049049	7
NCBITaxon:2049052	1
NCBITaxon:204925	2
NCBITaxon:2049295	1
NCBITaxon:2049305	1
NCBITaxon:2049319	3
NCBITaxon:2049356	1
NCBITaxon:204936	4
NCBITaxon:2049428	1
NCBITaxon:2049431	2
NCBITaxon:2049432	1
NCBITaxon:2049879	1
NCBITaxon:2049881	1
NCBITaxon:2049916	1
NCBITaxon:204998	1
NCBITaxon:205	3
NCBITaxon:205029	1
NCBITaxon:2050896	1
NCBITaxon:2050966	1
NCBITaxon:2050967	2
NCBITaxon:2050978	2
NCBITaxon:2051	42
NCBITaxon:2051041	1
NCBITaxon:2051553	1
NCBITaxon:2051957	3
NCBITaxon:2051959	2
NCBITaxon:2052	44
NCBITaxon:2052056	1
NCBITaxon:2052139	1
NCBITaxon:2052142	2
NCBITaxon:2052143	5
NCBITaxon:2052147	7
NCBITaxon:2052148	1
NCBITaxon:2052149	6
NCBITaxon:2052158	1
NCBITaxon:2052162	2
NCBITaxon:2052164	1
NCBITaxon:2052180	2
NCBITaxon:2052184	1
NCBITaxon:2052484	2
NCBITaxon:2052550	2
NCBITaxon:2052589	1
NCBITaxon:2052590	1
NCBITaxon:2052591	1
NCBITaxon:2052592	1
NCBITaxon:2052593	1
NCBITaxon:2052594	1
NCBITaxon:2052597	9
NCBITaxon:2052656	2
NCBITaxon:2052660	2
NCBITaxon:2052682	1
NCBITaxon:2052804	1
NCBITaxon:2052828	2
NCBITaxon:2052832	1
NCBITaxon:2052904	1
NCBITaxon:2052941	2
NCBITaxon:2052942	3
NCBITaxon:2052943	3
NCBITaxon:2052989	11
NCBITaxon:2053	3
NCBITaxon:2053003	1
NCBITaxon:2053010	1
NCBITaxon:2053011	2
NCBITaxon:2053013	1
NCBITaxon:2053187	1
NCBITaxon:2053191	4
NCBITaxon:205327	3
NCBITaxon:205328	3
NCBITaxon:2053287	14
NCBITaxon:2053306	5
NCBITaxon:2053307	4
NCBITaxon:205332	5
NCBITaxon:2053367	1
NCBITaxon:2053489	1
NCBITaxon:2053491	5
NCBITaxon:2053492	3
NCBITaxon:2053493	7
NCBITaxon:2053504	7
NCBITaxon:2053509	6
NCBITaxon:2053516	3
NCBITaxon:2053517	1
NCBITaxon:2053527	7
NCBITaxon:2053541	16
NCBITaxon:2053554	1
NCBITaxon:2053570	10
NCBITaxon:2053589	1
NCBITaxon:2053591	8
NCBITaxon:2053594	2
NCBITaxon:2053607	44
NCBITaxon:2053613	2
NCBITaxon:2053688	1
NCBITaxon:2053689	7
NCBITaxon:2053716	3
NCBITaxon:2053761	1
NCBITaxon:2053833	1
NCBITaxon:2053930	9
NCBITaxon:2054	24
NCBITaxon:2054153	1
NCBITaxon:2054173	2
NCBITaxon:2054177	8
NCBITaxon:2054227	3
NCBITaxon:2054280	2
NCBITaxon:2054315	1
NCBITaxon:2054316	1
NCBITaxon:2054410	3
NCBITaxon:2054411	1
NCBITaxon:2054421	2
NCBITaxon:2054422	3
NCBITaxon:2054424	1
NCBITaxon:2054627	5
NCBITaxon:2054628	4
NCBITaxon:2054641	3
NCBITaxon:2054903	1
NCBITaxon:2055	41
NCBITaxon:2055137	1
NCBITaxon:2055160	6
NCBITaxon:2055164	2
NCBITaxon:2055835	1
NCBITaxon:2055836	1
NCBITaxon:2055889	6
NCBITaxon:2055893	1
NCBITaxon:2055905	1
NCBITaxon:2055910	1
NCBITaxon:2055942	1
NCBITaxon:2055946	2
NCBITaxon:2055947	2
NCBITaxon:2055955	2
NCBITaxon:2056226	1
NCBITaxon:2056231	6
NCBITaxon:2056245	1
NCBITaxon:2056283	1
NCBITaxon:2056311	1
NCBITaxon:2056315	2
NCBITaxon:2056317	1
NCBITaxon:2056433	2
NCBITaxon:2056631	19
NCBITaxon:2056695	1
NCBITaxon:2056700	6
NCBITaxon:2056778	1
NCBITaxon:2056779	1
NCBITaxon:2056810	1
NCBITaxon:205686	2
NCBITaxon:2056873	2
NCBITaxon:2057	2
NCBITaxon:2057004	2
NCBITaxon:2057025	2
NCBITaxon:2057246	3
NCBITaxon:205761	1
NCBITaxon:2057743	2
NCBITaxon:2057797	1
NCBITaxon:2057800	3
NCBITaxon:2058085	1
NCBITaxon:2058097	1
NCBITaxon:2058152	127
NCBITaxon:2058158	1
NCBITaxon:2058175	1
NCBITaxon:2058213	1
NCBITaxon:2058287	1
NCBITaxon:2058291	1
NCBITaxon:2058292	1
NCBITaxon:2058293	1
NCBITaxon:2058294	1
NCBITaxon:2058346	2
NCBITaxon:205844	2
NCBITaxon:2058658	1
NCBITaxon:2058762	1
NCBITaxon:2058780	1
NCBITaxon:205889	3
NCBITaxon:2058923	1
NCBITaxon:2058924	1
NCBITaxon:205914	1
NCBITaxon:205917	1
NCBITaxon:205918	12
NCBITaxon:205919	1
NCBITaxon:205920	1
NCBITaxon:205921	1
NCBITaxon:205922	2
NCBITaxon:205924	12
NCBITaxon:2059302	1
NCBITaxon:2059318	1
NCBITaxon:205941	6
NCBITaxon:205957	3
NCBITaxon:2059672	1
NCBITaxon:2059724	4
NCBITaxon:2059725	1
NCBITaxon:2059726	1
NCBITaxon:205975	1
NCBITaxon:206	177
NCBITaxon:2060	1
NCBITaxon:2060052	3
NCBITaxon:2060066	4
NCBITaxon:2060067	1
NCBITaxon:2060068	1
NCBITaxon:206041	22
NCBITaxon:206042	3
NCBITaxon:206043	5
NCBITaxon:2060666	4
NCBITaxon:2060771	1
NCBITaxon:2060792	1
NCBITaxon:206084	3
NCBITaxon:2060905	1
NCBITaxon:2060906	1
NCBITaxon:2060916	2
NCBITaxon:2060934	16
NCBITaxon:206096	2
NCBITaxon:2061	38
NCBITaxon:206163	4
NCBITaxon:2063	2
NCBITaxon:206335	2
NCBITaxon:206349	2
NCBITaxon:206393	3
NCBITaxon:206394	1
NCBITaxon:2064	10
NCBITaxon:206403	4
NCBITaxon:2064768	1
NCBITaxon:2064837	1
NCBITaxon:2064838	1
NCBITaxon:2064841	1
NCBITaxon:2064846	4
NCBITaxon:206499	3
NCBITaxon:2065	7
NCBITaxon:206505	2
NCBITaxon:206506	21
NCBITaxon:2065118	11
NCBITaxon:2065189	1
NCBITaxon:2065379	1
NCBITaxon:2065382	1
NCBITaxon:206542	1
NCBITaxon:2065818	11
NCBITaxon:2066	22
NCBITaxon:2066024	2
NCBITaxon:2066047	1
NCBITaxon:2066049	1
NCBITaxon:2066070	5
NCBITaxon:2066479	5
NCBITaxon:2066483	1
NCBITaxon:2066486	4
NCBITaxon:2066491	1
NCBITaxon:206664	1
NCBITaxon:206665	3
NCBITaxon:2066697	1
NCBITaxon:2066989	1
NCBITaxon:2067065	1
NCBITaxon:2067568	5
NCBITaxon:2067569	1
NCBITaxon:2067668	1
NCBITaxon:2067669	1
NCBITaxon:2067813	2
NCBITaxon:2067960	1
NCBITaxon:2068654	1
NCBITaxon:2068655	1
NCBITaxon:2068657	1
NCBITaxon:2069301	1
NCBITaxon:2069303	5
NCBITaxon:2069311	1
NCBITaxon:2069367	2
NCBITaxon:2069418	1
NCBITaxon:2069432	1
NCBITaxon:2070366	2
NCBITaxon:2070367	1
NCBITaxon:2070368	1
NCBITaxon:2070401	1
NCBITaxon:2070508	1
NCBITaxon:2070510	3
NCBITaxon:2070536	1
NCBITaxon:2070537	10
NCBITaxon:2070686	3
NCBITaxon:2070688	2
NCBITaxon:2070753	1
NCBITaxon:2070761	1
NCBITaxon:2070776	5
NCBITaxon:2070777	11
NCBITaxon:2071	2
NCBITaxon:2071607	1
NCBITaxon:2071609	1
NCBITaxon:2071624	1
NCBITaxon:2071633	2
NCBITaxon:2071710	7
NCBITaxon:2071872	1
NCBITaxon:2071873	1
NCBITaxon:2072	11
NCBITaxon:2072017	1
NCBITaxon:2072018	1
NCBITaxon:2072026	3
NCBITaxon:2072417	2
NCBITaxon:207243	2
NCBITaxon:2072478	1
NCBITaxon:2072484	1
NCBITaxon:2072486	1
NCBITaxon:2072582	1
NCBITaxon:2072590	3
NCBITaxon:2072846	1
NCBITaxon:2072847	1
NCBITaxon:2072922	1
NCBITaxon:2072972	2
NCBITaxon:2073113	1
NCBITaxon:2073115	1
NCBITaxon:2073117	1
NCBITaxon:2073160	1
NCBITaxon:2073169	1
NCBITaxon:207340	19
NCBITaxon:2074	21
NCBITaxon:2074756	1
NCBITaxon:2074759	1
NCBITaxon:2074768	1
NCBITaxon:2074775	3
NCBITaxon:2074823	1
NCBITaxon:2074850	1
NCBITaxon:2074851	1
NCBITaxon:2075	1
NCBITaxon:2075004	1
NCBITaxon:2075006	1
NCBITaxon:2075069	2
NCBITaxon:2075301	1
NCBITaxon:2075353	1
NCBITaxon:2075387	1
NCBITaxon:2075499	1
NCBITaxon:2075500	1
NCBITaxon:2075502	2
NCBITaxon:207557	1
NCBITaxon:207608	1
NCBITaxon:2077	1
NCBITaxon:2077090	1
NCBITaxon:2077091	1
NCBITaxon:2077092	1
NCBITaxon:2077136	1
NCBITaxon:2077137	1
NCBITaxon:2077146	1
NCBITaxon:2077147	1
NCBITaxon:2077148	1
NCBITaxon:2077149	1
NCBITaxon:2077273	20
NCBITaxon:2077274	11
NCBITaxon:2077313	15
NCBITaxon:2078	15
NCBITaxon:2078013	1
NCBITaxon:207809	1
NCBITaxon:207827	2
NCBITaxon:207832	1
NCBITaxon:2078573	1
NCBITaxon:2078585	1
NCBITaxon:2078593	1
NCBITaxon:2078660	1
NCBITaxon:2078689	1
NCBITaxon:2078690	1
NCBITaxon:2078786	4
NCBITaxon:2078952	1
NCBITaxon:207920	1
NCBITaxon:2079200	1
NCBITaxon:2079209	1
NCBITaxon:2079229	1
NCBITaxon:2079234	1
NCBITaxon:2079253	1
NCBITaxon:2079254	1
NCBITaxon:207937	1
NCBITaxon:2079448	1
NCBITaxon:2079460	1
NCBITaxon:2079464	1
NCBITaxon:2079482	1
NCBITaxon:2079485	1
NCBITaxon:207949	3
NCBITaxon:2079529	1
NCBITaxon:2079531	1
NCBITaxon:2079532	1
NCBITaxon:2079535	2
NCBITaxon:207954	1
NCBITaxon:2079791	4
NCBITaxon:2079792	3
NCBITaxon:2079793	2
NCBITaxon:2079950	1
NCBITaxon:2080288	1
NCBITaxon:2080302	42
NCBITaxon:2080416	1
NCBITaxon:2080494	1
NCBITaxon:2080658	1
NCBITaxon:2080659	1
NCBITaxon:2080660	1
NCBITaxon:2080661	1
NCBITaxon:2080662	1
NCBITaxon:2080663	1
NCBITaxon:2080664	1
NCBITaxon:2080665	1
NCBITaxon:2080666	1
NCBITaxon:2080667	1
NCBITaxon:2080668	1
NCBITaxon:2080669	1
NCBITaxon:2080670	1
NCBITaxon:2080671	1
NCBITaxon:2080672	1
NCBITaxon:2080740	2
NCBITaxon:2080742	4
NCBITaxon:2080750	1
NCBITaxon:2080751	1
NCBITaxon:2080752	1
NCBITaxon:2080755	1
NCBITaxon:2080757	1
NCBITaxon:2080758	1
NCBITaxon:2080838	6
NCBITaxon:208085	3
NCBITaxon:2081032	1
NCBITaxon:2081039	1
NCBITaxon:2081042	1
NCBITaxon:2081043	2
NCBITaxon:2081317	4
NCBITaxon:2081356	1
NCBITaxon:2081357	1
NCBITaxon:2081358	1
NCBITaxon:2081359	1
NCBITaxon:2081360	1
NCBITaxon:2081361	1
NCBITaxon:2081491	2
NCBITaxon:2081524	1
NCBITaxon:2081573	1
NCBITaxon:2081584	1
NCBITaxon:2081591	1
NCBITaxon:2081702	1
NCBITaxon:2081703	1
NCBITaxon:2081706	3
NCBITaxon:2081710	1
NCBITaxon:2081791	123
NCBITaxon:2081962	1
NCBITaxon:2081970	1
NCBITaxon:2081977	1
NCBITaxon:208199	28
NCBITaxon:2082	4
NCBITaxon:2082102	1
NCBITaxon:2082126	1
NCBITaxon:208215	1
NCBITaxon:2082189	3
NCBITaxon:208223	14
NCBITaxon:208224	144
NCBITaxon:2082293	2
NCBITaxon:2082308	1
NCBITaxon:2082392	2
NCBITaxon:2082393	1
NCBITaxon:2082395	1
NCBITaxon:2082511	1
NCBITaxon:2082587	6
NCBITaxon:2082722	1
NCBITaxon:2082723	1
NCBITaxon:2082724	1
NCBITaxon:2082725	1
NCBITaxon:2083010	1
NCBITaxon:2083015	1
NCBITaxon:2083279	2
NCBITaxon:2083755	1
NCBITaxon:208435	1
NCBITaxon:208439	2
NCBITaxon:208441	3
NCBITaxon:208442	2
NCBITaxon:208443	2
NCBITaxon:208444	3
NCBITaxon:208445	8
NCBITaxon:208452	1
NCBITaxon:208479	49
NCBITaxon:208480	4
NCBITaxon:208486	2
NCBITaxon:2085	1
NCBITaxon:208549	1
NCBITaxon:2086	1
NCBITaxon:208602	5
NCBITaxon:2086346	1
NCBITaxon:2086370	1
NCBITaxon:2086405	2
NCBITaxon:2086470	5
NCBITaxon:2086471	1
NCBITaxon:2086571	1
NCBITaxon:2086575	1
NCBITaxon:2086576	1
NCBITaxon:2086577	1
NCBITaxon:2086583	1
NCBITaxon:2086584	1
NCBITaxon:2086585	1
NCBITaxon:2087	1
NCBITaxon:2088	1
NCBITaxon:2089	1
NCBITaxon:208958	2
NCBITaxon:208960	2
NCBITaxon:208962	102
NCBITaxon:208964	2
NCBITaxon:208968	3
NCBITaxon:209	3
NCBITaxon:209080	2
NCBITaxon:2092	2
NCBITaxon:209246	7
NCBITaxon:209247	4
NCBITaxon:209249	3
NCBITaxon:209252	6
NCBITaxon:209261	4
NCBITaxon:209274	1
NCBITaxon:209285	1
NCBITaxon:2093	24
NCBITaxon:2093215	1
NCBITaxon:2093373	8
NCBITaxon:2093743	20
NCBITaxon:2093744	1
NCBITaxon:2093781	4
NCBITaxon:2093782	2
NCBITaxon:2093793	2
NCBITaxon:2093806	1
NCBITaxon:2093824	2
NCBITaxon:2093828	4
NCBITaxon:2093856	3
NCBITaxon:2093857	4
NCBITaxon:209389	2
NCBITaxon:2094	6
NCBITaxon:2094020	4
NCBITaxon:2094024	1
NCBITaxon:2094025	3
NCBITaxon:2094028	1
NCBITaxon:2094031	1
NCBITaxon:2094049	1
NCBITaxon:2094119	1
NCBITaxon:2094145	1
NCBITaxon:2094150	3
NCBITaxon:2094151	3
NCBITaxon:2094196	1
NCBITaxon:2094197	1
NCBITaxon:2094198	1
NCBITaxon:2094199	1
NCBITaxon:2094200	1
NCBITaxon:2094201	1
NCBITaxon:2094202	1
NCBITaxon:2094203	1
NCBITaxon:2094204	1
NCBITaxon:2094205	1
NCBITaxon:2094206	1
NCBITaxon:2094207	1
NCBITaxon:2094208	1
NCBITaxon:2094209	1
NCBITaxon:2094210	1
NCBITaxon:2094211	1
NCBITaxon:2094212	1
NCBITaxon:2094213	1
NCBITaxon:2094214	1
NCBITaxon:2094215	1
NCBITaxon:2094216	1
NCBITaxon:2094217	1
NCBITaxon:2094218	1
NCBITaxon:2094219	1
NCBITaxon:2094220	1
NCBITaxon:2094221	1
NCBITaxon:2094222	1
NCBITaxon:2094223	1
NCBITaxon:2094224	1
NCBITaxon:2094225	1
NCBITaxon:2094226	1
NCBITaxon:2094227	1
NCBITaxon:2094228	1
NCBITaxon:2094229	1
NCBITaxon:2094230	1
NCBITaxon:2094231	1
NCBITaxon:2094232	1
NCBITaxon:2094233	1
NCBITaxon:2094234	1
NCBITaxon:2094235	1
NCBITaxon:2094236	1
NCBITaxon:2094518	5
NCBITaxon:2094561	1
NCBITaxon:2094562	1
NCBITaxon:2094568	1
NCBITaxon:2095	13
NCBITaxon:209537	1
NCBITaxon:209559	12
NCBITaxon:2096	27
NCBITaxon:209639	4
NCBITaxon:209649	2
NCBITaxon:209650	3
NCBITaxon:2097	14
NCBITaxon:209769	17
NCBITaxon:2098	57
NCBITaxon:209841	1
NCBITaxon:209878	5
NCBITaxon:209880	2
NCBITaxon:209882	1
NCBITaxon:209897	2
NCBITaxon:2099	15
NCBITaxon:2099321	2
NCBITaxon:2099400	1
NCBITaxon:2099583	1
NCBITaxon:2099584	1
NCBITaxon:2099670	1
NCBITaxon:2099673	2
NCBITaxon:2099675	15
NCBITaxon:2099677	2
NCBITaxon:2099678	1
NCBITaxon:2099682	1
NCBITaxon:2099786	1
NCBITaxon:2099788	1
NCBITaxon:2099789	1
NCBITaxon:2099795	1
NCBITaxon:21	21
NCBITaxon:210	1258
NCBITaxon:2100	16
NCBITaxon:210007	1
NCBITaxon:2100116	4
NCBITaxon:2100166	1
NCBITaxon:2100167	1
NCBITaxon:2100452	1
NCBITaxon:2100459	1
NCBITaxon:2100461	1
NCBITaxon:2100528	1
NCBITaxon:2100533	1
NCBITaxon:2100723	1
NCBITaxon:2100725	1
NCBITaxon:2100726	1
NCBITaxon:2100740	1
NCBITaxon:2100764	1
NCBITaxon:2100785	1
NCBITaxon:2100817	1
NCBITaxon:2100821	3
NCBITaxon:2100822	1
NCBITaxon:2102	18
NCBITaxon:210207	1
NCBITaxon:210208	1
NCBITaxon:210209	1
NCBITaxon:2103	16
NCBITaxon:2103230	1
NCBITaxon:2104	118
NCBITaxon:210430	2
NCBITaxon:210441	2
NCBITaxon:210454	1
NCBITaxon:2105	1
NCBITaxon:210512	2
NCBITaxon:210513	4
NCBITaxon:2106	1
NCBITaxon:210615	1
NCBITaxon:210618	1
NCBITaxon:210623	2
NCBITaxon:2107	14
NCBITaxon:210733	1
NCBITaxon:2107698	1
NCBITaxon:2107699	1
NCBITaxon:2107700	1
NCBITaxon:2107701	1
NCBITaxon:2107702	1
NCBITaxon:2107703	1
NCBITaxon:2107704	1
NCBITaxon:2107705	1
NCBITaxon:2107706	1
NCBITaxon:2107715	5
NCBITaxon:2107737	1
NCBITaxon:2107740	1
NCBITaxon:2107906	1
NCBITaxon:2107949	1
NCBITaxon:2107984	1
NCBITaxon:2107999	14
NCBITaxon:2108	2
NCBITaxon:2108360	3
NCBITaxon:2108365	1
NCBITaxon:2108399	1
NCBITaxon:2108523	5
NCBITaxon:2109	9
NCBITaxon:2109328	2
NCBITaxon:2109333	1
NCBITaxon:2109337	1
NCBITaxon:2109647	6
NCBITaxon:2109649	2
NCBITaxon:2109913	1
NCBITaxon:2109914	1
NCBITaxon:2109915	1
NCBITaxon:2109933	1
NCBITaxon:210994	1
NCBITaxon:2109942	1
NCBITaxon:211	1
NCBITaxon:2110	5
NCBITaxon:211096	7
NCBITaxon:211097	1
NCBITaxon:211098	1
NCBITaxon:211099	5
NCBITaxon:2111	20
NCBITaxon:211102	1
NCBITaxon:211110	1
NCBITaxon:211113	4
NCBITaxon:211114	7
NCBITaxon:211146	16
NCBITaxon:2112	4
NCBITaxon:2113	9
NCBITaxon:2114	2
NCBITaxon:211454	2
NCBITaxon:211460	5
NCBITaxon:2115	11
NCBITaxon:211502	28
NCBITaxon:2115823	1
NCBITaxon:211589	5
NCBITaxon:2115968	8
NCBITaxon:2115978	1
NCBITaxon:2116	1
NCBITaxon:2116499	1
NCBITaxon:2116518	1
NCBITaxon:2116544	1
NCBITaxon:2116648	1
NCBITaxon:2116649	1
NCBITaxon:2116655	1
NCBITaxon:2116657	1
NCBITaxon:2116684	1
NCBITaxon:2116700	1
NCBITaxon:2116701	1
NCBITaxon:2116704	1
NCBITaxon:2116706	1
NCBITaxon:2117	1
NCBITaxon:211880	8
NCBITaxon:211882	2
NCBITaxon:2119	2
NCBITaxon:211968	27
NCBITaxon:212	8
NCBITaxon:2120	2
NCBITaxon:212020	2
NCBITaxon:212021	2
NCBITaxon:212042	1
NCBITaxon:212045	1
NCBITaxon:2121	16
NCBITaxon:212123	2
NCBITaxon:2123	3
NCBITaxon:212352	10
NCBITaxon:212354	1
NCBITaxon:212355	3
NCBITaxon:212356	6
NCBITaxon:212365	1
NCBITaxon:2124	10
NCBITaxon:212403	5
NCBITaxon:212423	1
NCBITaxon:2125	5
NCBITaxon:2125989	1
NCBITaxon:2125990	3
NCBITaxon:2126011	4
NCBITaxon:2126012	1
NCBITaxon:212602	2
NCBITaxon:2126066	1
NCBITaxon:2126346	2
NCBITaxon:2126350	1
NCBITaxon:2126352	1
NCBITaxon:2126353	1
NCBITaxon:2126436	3
NCBITaxon:2126553	1
NCBITaxon:2126555	3
NCBITaxon:2126556	1
NCBITaxon:212659	6
NCBITaxon:212663	34
NCBITaxon:212667	5
NCBITaxon:2126718	1
NCBITaxon:2126740	3
NCBITaxon:2126942	10
NCBITaxon:212696	3
NCBITaxon:2126982	1
NCBITaxon:2126983	1
NCBITaxon:212717	1
NCBITaxon:212741	5
NCBITaxon:212743	1
NCBITaxon:212765	6
NCBITaxon:212790	7
NCBITaxon:212791	1
NCBITaxon:2128	1
NCBITaxon:212818	3
NCBITaxon:213	76
NCBITaxon:2130	25
NCBITaxon:213030	12
NCBITaxon:213113	1
NCBITaxon:213115	5
NCBITaxon:213117	1
NCBITaxon:213118	22
NCBITaxon:213119	11
NCBITaxon:213121	9
NCBITaxon:213185	2
NCBITaxon:213224	4
NCBITaxon:213231	3
NCBITaxon:213248	5
NCBITaxon:2133	13
NCBITaxon:213312	4
NCBITaxon:213314	1
NCBITaxon:213317	1
NCBITaxon:213322	26
NCBITaxon:2133765	1
NCBITaxon:2133766	1
NCBITaxon:2133767	1
NCBITaxon:2133944	1
NCBITaxon:2133958	1
NCBITaxon:2133959	1
NCBITaxon:2133960	1
NCBITaxon:2134	10
NCBITaxon:2134037	1
NCBITaxon:213419	4
NCBITaxon:213421	2
NCBITaxon:213431	3
NCBITaxon:213462	8
NCBITaxon:213465	4
NCBITaxon:213468	8
NCBITaxon:213481	12
NCBITaxon:213483	5
NCBITaxon:213485	6
NCBITaxon:213495	1
NCBITaxon:2135474	1
NCBITaxon:213554	5
NCBITaxon:2135618	1
NCBITaxon:2135642	1
NCBITaxon:2135793	1
NCBITaxon:2135818	1
NCBITaxon:213588	4
NCBITaxon:2135909	1
NCBITaxon:2135910	1
NCBITaxon:2135920	1
NCBITaxon:2136	1
NCBITaxon:2136021	1
NCBITaxon:2136032	8
NCBITaxon:2136097	1
NCBITaxon:2136109	4
NCBITaxon:2136147	1
NCBITaxon:2136175	1
NCBITaxon:2136176	1
NCBITaxon:2136177	1
NCBITaxon:2136182	6
NCBITaxon:2136183	1
NCBITaxon:213680	3
NCBITaxon:2137	6
NCBITaxon:2137193	1
NCBITaxon:2137476	1
NCBITaxon:2137479	1
NCBITaxon:2137581	3
NCBITaxon:213765	1
NCBITaxon:213767	1
NCBITaxon:2137868	1
NCBITaxon:2138	4
NCBITaxon:213806	3
NCBITaxon:2138083	1
NCBITaxon:213810	2
NCBITaxon:2138162	1
NCBITaxon:2138166	1
NCBITaxon:2138210	1
NCBITaxon:2138300	1
NCBITaxon:2138324	1
NCBITaxon:213849	3
NCBITaxon:2139	4
NCBITaxon:213983	1
NCBITaxon:214	23
NCBITaxon:214014	5
NCBITaxon:214040	1
NCBITaxon:214092	1
NCBITaxon:214095	43
NCBITaxon:214106	1
NCBITaxon:2142	3
NCBITaxon:2143	3
NCBITaxon:214325	2
NCBITaxon:214326	1
NCBITaxon:2144	8
NCBITaxon:2144174	1
NCBITaxon:2144175	4
NCBITaxon:2144185	1
NCBITaxon:214473	12
NCBITaxon:214474	1
NCBITaxon:214482	1
NCBITaxon:2145	1
NCBITaxon:2146	6
NCBITaxon:214675	5
NCBITaxon:214684	1
NCBITaxon:2147	2
NCBITaxon:2148	34
NCBITaxon:214851	22
NCBITaxon:214853	16
NCBITaxon:214856	90
NCBITaxon:214883	3
NCBITaxon:214888	1
NCBITaxon:2149	4
NCBITaxon:214905	2
NCBITaxon:214993	1
NCBITaxon:215	15
NCBITaxon:2150	3
NCBITaxon:2151	9
NCBITaxon:215200	4
NCBITaxon:215220	4
NCBITaxon:215221	6
NCBITaxon:215243	1
NCBITaxon:215250	2
NCBITaxon:215253	1
NCBITaxon:2152716	1
NCBITaxon:2152717	1
NCBITaxon:2152761	1
NCBITaxon:2152888	1
NCBITaxon:2152889	1
NCBITaxon:2152891	1
NCBITaxon:2152938	1
NCBITaxon:2153	1
NCBITaxon:2153248	2
NCBITaxon:2153354	4
NCBITaxon:215460	1
NCBITaxon:215461	1
NCBITaxon:215578	1
NCBITaxon:215580	4
NCBITaxon:215587	1
NCBITaxon:215590	3
NCBITaxon:215591	3
NCBITaxon:215637	4
NCBITaxon:215669	1
NCBITaxon:215690	28
NCBITaxon:215691	13
NCBITaxon:2157	150
NCBITaxon:215743	3
NCBITaxon:215775	1
NCBITaxon:215776	4
NCBITaxon:215803	6
NCBITaxon:215813	1
NCBITaxon:215841	1
NCBITaxon:2159	2
NCBITaxon:216	10
NCBITaxon:2160	12
NCBITaxon:2161	4
NCBITaxon:216142	6
NCBITaxon:2161673	1
NCBITaxon:2161674	3
NCBITaxon:2161675	1
NCBITaxon:2161676	1
NCBITaxon:2161677	1
NCBITaxon:2161679	1
NCBITaxon:2161747	1
NCBITaxon:2161748	1
NCBITaxon:2161814	1
NCBITaxon:2161816	1
NCBITaxon:2161818	1
NCBITaxon:2161819	1
NCBITaxon:2161821	1
NCBITaxon:2161824	1
NCBITaxon:2161887	1
NCBITaxon:2161888	1
NCBITaxon:2161891	1
NCBITaxon:2161893	1
NCBITaxon:2161899	1
NCBITaxon:2161902	1
NCBITaxon:2161903	1
NCBITaxon:2161905	1
NCBITaxon:2161906	1
NCBITaxon:2161908	1
NCBITaxon:2161911	1
NCBITaxon:2161917	1
NCBITaxon:2161918	1
NCBITaxon:2161919	1
NCBITaxon:2161922	1
NCBITaxon:2161923	1
NCBITaxon:2161924	1
NCBITaxon:2161927	1
NCBITaxon:2161928	1
NCBITaxon:2161929	1
NCBITaxon:2161930	1
NCBITaxon:2161931	1
NCBITaxon:2161932	1
NCBITaxon:2161933	1
NCBITaxon:2161934	1
NCBITaxon:2161935	1
NCBITaxon:2161936	1
NCBITaxon:2161937	1
NCBITaxon:2161938	1
NCBITaxon:2161939	1
NCBITaxon:2161940	1
NCBITaxon:2161941	1
NCBITaxon:2161942	1
NCBITaxon:2161943	1
NCBITaxon:2161944	1
NCBITaxon:2161945	1
NCBITaxon:2161946	1
NCBITaxon:2161947	1
NCBITaxon:2161948	1
NCBITaxon:2161949	1
NCBITaxon:2161950	1
NCBITaxon:2161951	1
NCBITaxon:2161952	1
NCBITaxon:2161953	1
NCBITaxon:2161954	1
NCBITaxon:2161955	1
NCBITaxon:2161956	1
NCBITaxon:2161957	1
NCBITaxon:2161958	1
NCBITaxon:2161959	1
NCBITaxon:2161960	1
NCBITaxon:2161961	1
NCBITaxon:2161962	1
NCBITaxon:2161963	1
NCBITaxon:2161964	1
NCBITaxon:2161965	1
NCBITaxon:2161966	1
NCBITaxon:2161967	1
NCBITaxon:2161968	1
NCBITaxon:2161969	1
NCBITaxon:2161970	1
NCBITaxon:2161971	1
NCBITaxon:2161972	1
NCBITaxon:2161973	1
NCBITaxon:2161974	1
NCBITaxon:2161975	1
NCBITaxon:2161976	1
NCBITaxon:2161977	1
NCBITaxon:2161978	1
NCBITaxon:2161979	1
NCBITaxon:2161980	1
NCBITaxon:2161981	1
NCBITaxon:2161982	1
NCBITaxon:2161983	1
NCBITaxon:2161984	1
NCBITaxon:2161985	1
NCBITaxon:2161986	1
NCBITaxon:2161987	1
NCBITaxon:2161988	1
NCBITaxon:2161989	1
NCBITaxon:2161990	1
NCBITaxon:2161991	1
NCBITaxon:2161992	1
NCBITaxon:2161993	1
NCBITaxon:2161994	1
NCBITaxon:2161995	1
NCBITaxon:2161996	1
NCBITaxon:2161997	1
NCBITaxon:2161998	1
NCBITaxon:2161999	1
NCBITaxon:2162	30
NCBITaxon:2162000	1
NCBITaxon:2162001	1
NCBITaxon:2162002	1
NCBITaxon:2162003	1
NCBITaxon:2162004	1
NCBITaxon:2162005	1
NCBITaxon:2162006	1
NCBITaxon:2162007	1
NCBITaxon:2162008	1
NCBITaxon:2162009	1
NCBITaxon:2162010	1
NCBITaxon:2162011	1
NCBITaxon:2162012	1
NCBITaxon:2162013	1
NCBITaxon:2162014	1
NCBITaxon:2162015	1
NCBITaxon:2162016	1
NCBITaxon:2162017	1
NCBITaxon:2162018	1
NCBITaxon:2162019	1
NCBITaxon:2162020	1
NCBITaxon:2162021	1
NCBITaxon:2162022	1
NCBITaxon:2162023	1
NCBITaxon:2162024	1
NCBITaxon:2162025	1
NCBITaxon:2162026	1
NCBITaxon:2162027	1
NCBITaxon:2162028	1
NCBITaxon:2162029	1
NCBITaxon:2162030	1
NCBITaxon:2162031	1
NCBITaxon:2162032	1
NCBITaxon:2162033	1
NCBITaxon:2162034	1
NCBITaxon:2162035	1
NCBITaxon:2162036	1
NCBITaxon:2162037	1
NCBITaxon:2162038	1
NCBITaxon:2162039	1
NCBITaxon:2162040	1
NCBITaxon:2162041	1
NCBITaxon:2162042	1
NCBITaxon:2162043	1
NCBITaxon:2162044	1
NCBITaxon:2162045	1
NCBITaxon:2162046	1
NCBITaxon:2162047	1
NCBITaxon:2162048	1
NCBITaxon:2162049	1
NCBITaxon:2162050	1
NCBITaxon:2162051	1
NCBITaxon:2162052	1
NCBITaxon:2162053	1
NCBITaxon:2162054	1
NCBITaxon:2162055	1
NCBITaxon:2162056	1
NCBITaxon:2162057	1
NCBITaxon:2162058	1
NCBITaxon:2162549	1
NCBITaxon:2162550	1
NCBITaxon:2162551	1
NCBITaxon:2162552	1
NCBITaxon:2162553	1
NCBITaxon:2162554	1
NCBITaxon:2162555	1
NCBITaxon:2162556	1
NCBITaxon:2162557	1
NCBITaxon:2162558	1
NCBITaxon:2162559	1
NCBITaxon:2162560	1
NCBITaxon:2162561	1
NCBITaxon:2162562	1
NCBITaxon:2162563	1
NCBITaxon:2162564	1
NCBITaxon:2162565	1
NCBITaxon:2162566	1
NCBITaxon:2162567	1
NCBITaxon:2162568	1
NCBITaxon:2162569	1
NCBITaxon:2162570	1
NCBITaxon:2162571	1
NCBITaxon:2162572	1
NCBITaxon:2162573	1
NCBITaxon:2162574	1
NCBITaxon:2162575	1
NCBITaxon:2162576	1
NCBITaxon:2162577	1
NCBITaxon:2162578	1
NCBITaxon:2162579	1
NCBITaxon:2162580	1
NCBITaxon:2162581	1
NCBITaxon:2162582	1
NCBITaxon:2162583	1
NCBITaxon:2162584	1
NCBITaxon:2162588	1
NCBITaxon:2162589	1
NCBITaxon:2162590	1
NCBITaxon:2162591	1
NCBITaxon:2162592	1
NCBITaxon:2162605	1
NCBITaxon:2162606	1
NCBITaxon:2162607	1
NCBITaxon:2162608	1
NCBITaxon:2162609	1
NCBITaxon:2162610	1
NCBITaxon:2162611	1
NCBITaxon:2162612	1
NCBITaxon:2162613	1
NCBITaxon:2162698	1
NCBITaxon:2162713	1
NCBITaxon:2162714	1
NCBITaxon:2162892	1
NCBITaxon:2162893	1
NCBITaxon:2162894	1
NCBITaxon:2162909	5
NCBITaxon:2163	1
NCBITaxon:2163009	19
NCBITaxon:2163011	1
NCBITaxon:2163172	4
NCBITaxon:2163644	1
NCBITaxon:2163881	1
NCBITaxon:2164062	10
NCBITaxon:2164067	1
NCBITaxon:2164068	1
NCBITaxon:2164074	2
NCBITaxon:2164099	1
NCBITaxon:2164132	1
NCBITaxon:2164149	3
NCBITaxon:216427	1
NCBITaxon:216432	2
NCBITaxon:216463	16
NCBITaxon:216465	1
NCBITaxon:216495	13
NCBITaxon:216572	220
NCBITaxon:216591	1
NCBITaxon:216592	1
NCBITaxon:216594	1
NCBITaxon:216596	3
NCBITaxon:216597	3
NCBITaxon:216600	1
NCBITaxon:216617	1
NCBITaxon:216773	1
NCBITaxon:216777	1
NCBITaxon:216778	34
NCBITaxon:216804	121
NCBITaxon:216816	960
NCBITaxon:216820	1
NCBITaxon:216823	1
NCBITaxon:216851	313
NCBITaxon:216874	2
NCBITaxon:216903	3
NCBITaxon:216929	5
NCBITaxon:216931	1
NCBITaxon:216932	3
NCBITaxon:216933	1
NCBITaxon:216934	3
NCBITaxon:216935	1
NCBITaxon:216937	11
NCBITaxon:216938	3
NCBITaxon:216939	1
NCBITaxon:2169400	1
NCBITaxon:2169401	1
NCBITaxon:2169409	1
NCBITaxon:216941	2
NCBITaxon:2169410	1
NCBITaxon:2169412	1
NCBITaxon:2169413	1
NCBITaxon:2169414	1
NCBITaxon:216942	4
NCBITaxon:216943	1
NCBITaxon:216945	1
NCBITaxon:216946	4
NCBITaxon:216947	4
NCBITaxon:2169526	3
NCBITaxon:2169535	1
NCBITaxon:217	8
NCBITaxon:2170262	2
NCBITaxon:2170265	1
NCBITaxon:2170304	1
NCBITaxon:217031	15
NCBITaxon:2170318	1
NCBITaxon:2170351	1
NCBITaxon:217041	1
NCBITaxon:2170546	3
NCBITaxon:2170551	1
NCBITaxon:2170575	1
NCBITaxon:2170577	1
NCBITaxon:217067	4
NCBITaxon:217068	4
NCBITaxon:217069	2
NCBITaxon:217070	6
NCBITaxon:217090	5
NCBITaxon:2171	2
NCBITaxon:217141	3
NCBITaxon:2171554	2
NCBITaxon:217159	2
NCBITaxon:217161	2
NCBITaxon:2171622	5
NCBITaxon:2171629	1
NCBITaxon:217168	7
NCBITaxon:217169	14
NCBITaxon:2171749	1
NCBITaxon:2171751	1
NCBITaxon:2171755	3
NCBITaxon:2171976	1
NCBITaxon:2171989	2
NCBITaxon:2171992	1
NCBITaxon:2171996	1
NCBITaxon:2171997	1
NCBITaxon:2172	12
NCBITaxon:2172015	4
NCBITaxon:2172019	1
NCBITaxon:217203	11
NCBITaxon:217204	15
NCBITaxon:2172043	4
NCBITaxon:2172047	1
NCBITaxon:2172098	1
NCBITaxon:2172099	1
NCBITaxon:2172103	1
NCBITaxon:2172121	1
NCBITaxon:217219	1
NCBITaxon:2172527	1
NCBITaxon:2172528	1
NCBITaxon:2172529	1
NCBITaxon:2172545	1
NCBITaxon:2172550	8
NCBITaxon:2172650	1
NCBITaxon:2172652	1
NCBITaxon:2172824	1
NCBITaxon:2173	88
NCBITaxon:2173034	4
NCBITaxon:2173106	1
NCBITaxon:2173148	1
NCBITaxon:2173149	3
NCBITaxon:2173173	1
NCBITaxon:2173175	1
NCBITaxon:2173829	3
NCBITaxon:2173831	1
NCBITaxon:2173853	5
NCBITaxon:2173854	1
NCBITaxon:2174228	1
NCBITaxon:217425	2
NCBITaxon:217427	1
NCBITaxon:2174486	1
NCBITaxon:217476	1
NCBITaxon:2174842	1
NCBITaxon:2174845	1
NCBITaxon:2174846	1
NCBITaxon:2174932	1
NCBITaxon:217495	6
NCBITaxon:2174988	1
NCBITaxon:2175	2
NCBITaxon:2175090	1
NCBITaxon:2175091	1
NCBITaxon:217511	10
NCBITaxon:2175149	1
NCBITaxon:2175228	1
NCBITaxon:2175229	1
NCBITaxon:2175860	1
NCBITaxon:2175873	1
NCBITaxon:2175906	1
NCBITaxon:2175907	1
NCBITaxon:2176	3
NCBITaxon:2177	5
NCBITaxon:2180	6
NCBITaxon:2181	3
NCBITaxon:218111	1
NCBITaxon:218139	3
NCBITaxon:218140	3
NCBITaxon:218144	6
NCBITaxon:218205	3
NCBITaxon:218206	3
NCBITaxon:218208	3
NCBITaxon:2182327	1
NCBITaxon:2182384	1
NCBITaxon:2182385	1
NCBITaxon:2182425	1
NCBITaxon:2182432	1
NCBITaxon:2182787	1
NCBITaxon:2182793	5
NCBITaxon:2182797	3
NCBITaxon:2182807	1
NCBITaxon:218284	14
NCBITaxon:218296	2
NCBITaxon:2183100	1
NCBITaxon:2183553	1
NCBITaxon:2183582	1
NCBITaxon:2183748	1
NCBITaxon:2183896	1
NCBITaxon:2184	1
NCBITaxon:2184016	1
NCBITaxon:2184027	1
NCBITaxon:2184028	4
NCBITaxon:2184044	1
NCBITaxon:2184045	3
NCBITaxon:2184053	1
NCBITaxon:2184063	1
NCBITaxon:2184082	1
NCBITaxon:2184083	1
NCBITaxon:2184161	2
NCBITaxon:2184188	1
NCBITaxon:2184190	1
NCBITaxon:2184241	3
NCBITaxon:2184341	1
NCBITaxon:2184342	1
NCBITaxon:2184343	1
NCBITaxon:2184344	1
NCBITaxon:2184345	1
NCBITaxon:2184346	1
NCBITaxon:2184347	1
NCBITaxon:2184411	1
NCBITaxon:2184575	1
NCBITaxon:2184695	1
NCBITaxon:2184697	2
NCBITaxon:2184719	1
NCBITaxon:2184756	1
NCBITaxon:2184757	3
NCBITaxon:2184758	1
NCBITaxon:218490	2
NCBITaxon:218494	1
NCBITaxon:218495	1
NCBITaxon:2185104	1
NCBITaxon:2185111	1
NCBITaxon:2185115	1
NCBITaxon:2185141	1
NCBITaxon:2185280	1
NCBITaxon:2185285	3
NCBITaxon:218538	45
NCBITaxon:2186	3
NCBITaxon:218633	1
NCBITaxon:218659	1
NCBITaxon:218668	1
NCBITaxon:218670	2
NCBITaxon:218672	5
NCBITaxon:218673	10
NCBITaxon:218684	1
NCBITaxon:2187	3
NCBITaxon:2188	14
NCBITaxon:218821	4
NCBITaxon:218822	4
NCBITaxon:218823	4
NCBITaxon:2189	3
NCBITaxon:218934	1
NCBITaxon:218936	4
NCBITaxon:2190	5
NCBITaxon:2191	1
NCBITaxon:219182	2
NCBITaxon:2192	5
NCBITaxon:2193	2
NCBITaxon:219301	3
NCBITaxon:219305	1
NCBITaxon:219314	1
NCBITaxon:219329	2
NCBITaxon:2194	3
NCBITaxon:219571	3
NCBITaxon:219572	4
NCBITaxon:219573	1
NCBITaxon:219574	11
NCBITaxon:219597	1
NCBITaxon:219603	1
NCBITaxon:219604	1
NCBITaxon:219649	8
NCBITaxon:219653	1
NCBITaxon:219685	10
NCBITaxon:219686	1
NCBITaxon:219687	12
NCBITaxon:2197	3
NCBITaxon:219707	1
NCBITaxon:219745	2
NCBITaxon:2198	3
NCBITaxon:2199	2
NCBITaxon:22	2
NCBITaxon:2200	14
NCBITaxon:2200759	3
NCBITaxon:2200761	3
NCBITaxon:2200763	6
NCBITaxon:2200892	1
NCBITaxon:2200953	1
NCBITaxon:2201	2
NCBITaxon:2201018	3
NCBITaxon:2201156	16
NCBITaxon:2201181	1
NCBITaxon:2201189	1
NCBITaxon:2201240	1
NCBITaxon:2201244	1
NCBITaxon:2201245	1
NCBITaxon:2201247	1
NCBITaxon:2201248	1
NCBITaxon:2201249	1
NCBITaxon:2201250	1
NCBITaxon:2201271	1
NCBITaxon:2201324	1
NCBITaxon:2201350	1
NCBITaxon:220137	1
NCBITaxon:2201891	1
NCBITaxon:2201895	1
NCBITaxon:2201899	1
NCBITaxon:2202	2
NCBITaxon:2202141	2
NCBITaxon:2202143	1
NCBITaxon:2202144	15
NCBITaxon:2202148	1
NCBITaxon:2202149	1
NCBITaxon:2202151	3
NCBITaxon:2202153	6
NCBITaxon:2202159	1
NCBITaxon:2202160	1
NCBITaxon:2202161	1
NCBITaxon:2202162	1
NCBITaxon:2202163	1
NCBITaxon:2202164	1
NCBITaxon:2202201	7
NCBITaxon:2202203	4
NCBITaxon:2202251	1
NCBITaxon:2202254	1
NCBITaxon:2202339	2
NCBITaxon:2202418	1
NCBITaxon:2202419	1
NCBITaxon:2202420	2
NCBITaxon:2202421	1
NCBITaxon:2202653	1
NCBITaxon:2202654	1
NCBITaxon:2202721	1
NCBITaxon:2202731	2
NCBITaxon:2202732	1
NCBITaxon:2202734	14
NCBITaxon:2202825	1
NCBITaxon:2202827	1
NCBITaxon:2202828	1
NCBITaxon:2202829	1
NCBITaxon:2203	9
NCBITaxon:2203206	1
NCBITaxon:2203212	1
NCBITaxon:2203219	1
NCBITaxon:220341	1
NCBITaxon:2203419	1
NCBITaxon:220343	3
NCBITaxon:2203715	2
NCBITaxon:2203716	1
NCBITaxon:2203724	1
NCBITaxon:220378	9
NCBITaxon:2204145	6
NCBITaxon:2204294	1
NCBITaxon:2204296	1
NCBITaxon:2204302	1
NCBITaxon:2205	4
NCBITaxon:2206	8
NCBITaxon:220668	1
NCBITaxon:220684	26
NCBITaxon:220685	22
NCBITaxon:220686	4
NCBITaxon:220687	14
NCBITaxon:220688	19
NCBITaxon:220697	8
NCBITaxon:2207	15
NCBITaxon:220714	6
NCBITaxon:220752	4
NCBITaxon:220753	4
NCBITaxon:220754	7
NCBITaxon:2208	14
NCBITaxon:220801	1
NCBITaxon:2209	169
NCBITaxon:220927	5
NCBITaxon:220990	1
NCBITaxon:2210	15
NCBITaxon:221027	5
NCBITaxon:221028	6
NCBITaxon:221103	1
NCBITaxon:2211104	1
NCBITaxon:2211106	1
NCBITaxon:2211108	1
NCBITaxon:2211117	1
NCBITaxon:2211118	1
NCBITaxon:2211119	1
NCBITaxon:2211133	1
NCBITaxon:2211139	1
NCBITaxon:2211140	1
NCBITaxon:2211142	1
NCBITaxon:2211145	1
NCBITaxon:2211146	1
NCBITaxon:2211183	1
NCBITaxon:2211210	1
NCBITaxon:2211211	1
NCBITaxon:2211212	1
NCBITaxon:221126	10
NCBITaxon:2211356	1
NCBITaxon:2211376	1
NCBITaxon:2211392	4
NCBITaxon:2211445	1
NCBITaxon:2211448	1
NCBITaxon:2211609	1
NCBITaxon:2211651	3
NCBITaxon:2211662	1
NCBITaxon:221167	6
NCBITaxon:221169	2
NCBITaxon:221216	46
NCBITaxon:221217	1
NCBITaxon:221218	16
NCBITaxon:221232	8
NCBITaxon:221237	3
NCBITaxon:2212373	5
NCBITaxon:2212467	9
NCBITaxon:2212470	11
NCBITaxon:2212472	1
NCBITaxon:2212473	1
NCBITaxon:2212474	1
NCBITaxon:2212479	3
NCBITaxon:2212651	1
NCBITaxon:221276	6
NCBITaxon:221280	1
NCBITaxon:2212850	3
NCBITaxon:221293	5
NCBITaxon:2213010	1
NCBITaxon:2213015	4
NCBITaxon:2213017	1
NCBITaxon:2213058	1
NCBITaxon:2213111	3
NCBITaxon:2213158	1
NCBITaxon:2213161	1
NCBITaxon:2213162	3
NCBITaxon:2213194	4
NCBITaxon:2213200	1
NCBITaxon:2213226	1
NCBITaxon:2214	3
NCBITaxon:221400	1
NCBITaxon:221402	2
NCBITaxon:221404	3
NCBITaxon:221442	1
NCBITaxon:2215	2
NCBITaxon:221518	2
NCBITaxon:221586	1
NCBITaxon:2216012	3
NCBITaxon:2216978	1
NCBITaxon:221711	2
NCBITaxon:221722	1
NCBITaxon:221725	7
NCBITaxon:2217661	1
NCBITaxon:2217664	1
NCBITaxon:2217670	1
NCBITaxon:221799	1
NCBITaxon:221822	41
NCBITaxon:2218256	1
NCBITaxon:2218621	1
NCBITaxon:2218628	1
NCBITaxon:2219043	4
NCBITaxon:2219045	1
NCBITaxon:2219058	1
NCBITaxon:2219059	1
NCBITaxon:221909	1
NCBITaxon:2219161	1
NCBITaxon:2219224	2
NCBITaxon:2219225	26
NCBITaxon:221953	1
NCBITaxon:2219558	1
NCBITaxon:2219559	1
NCBITaxon:2219658	1
NCBITaxon:2219663	1
NCBITaxon:2219670	1
NCBITaxon:2219695	1
NCBITaxon:2219697	1
NCBITaxon:221989	4
NCBITaxon:221992	5
NCBITaxon:2219999	1
NCBITaxon:222	9
NCBITaxon:2220	9
NCBITaxon:2220000	1
NCBITaxon:2220095	1
NCBITaxon:2220096	3
NCBITaxon:2221	3
NCBITaxon:222136	1
NCBITaxon:2222	21
NCBITaxon:2223	12
NCBITaxon:2224	3
NCBITaxon:222440	1
NCBITaxon:2225	3
NCBITaxon:222509	1
NCBITaxon:222534	4
NCBITaxon:222540	1
NCBITaxon:2226	5
NCBITaxon:222702	2
NCBITaxon:222805	27
NCBITaxon:222814	3
NCBITaxon:222819	1
NCBITaxon:222891	1
NCBITaxon:222892	1
NCBITaxon:222984	4
NCBITaxon:222991	1
NCBITaxon:2230876	1
NCBITaxon:2230877	1
NCBITaxon:2230878	1
NCBITaxon:2230885	1
NCBITaxon:2230904	1
NCBITaxon:2231	1
NCBITaxon:2231116	5
NCBITaxon:2231603	2
NCBITaxon:2231647	1
NCBITaxon:2231648	1
NCBITaxon:2231649	1
NCBITaxon:2231721	1
NCBITaxon:2231787	3
NCBITaxon:223182	4
NCBITaxon:223184	12
NCBITaxon:223185	12
NCBITaxon:2232	1
NCBITaxon:223283	1
NCBITaxon:223297	1
NCBITaxon:2233	6
NCBITaxon:2233532	1
NCBITaxon:2233533	1
NCBITaxon:2233542	1
NCBITaxon:2233644	1
NCBITaxon:223375	1
NCBITaxon:223376	1
NCBITaxon:2233774	1
NCBITaxon:2233776	1
NCBITaxon:2233777	1
NCBITaxon:2233851	2
NCBITaxon:2233852	3
NCBITaxon:2233858	1
NCBITaxon:2233861	1
NCBITaxon:223389	3
NCBITaxon:223390	5
NCBITaxon:223392	3
NCBITaxon:2233999	1
NCBITaxon:2234	4
NCBITaxon:2234132	1
NCBITaxon:2234133	1
NCBITaxon:2234134	1
NCBITaxon:2235	1
NCBITaxon:223527	3
NCBITaxon:223556	4
NCBITaxon:2236	92
NCBITaxon:2237	3
NCBITaxon:223786	3
NCBITaxon:223788	3
NCBITaxon:223818	2
NCBITaxon:223819	1
NCBITaxon:2239	1
NCBITaxon:223903	2
NCBITaxon:223919	5
NCBITaxon:223926	1
NCBITaxon:223958	4
NCBITaxon:223967	5
NCBITaxon:223996	1
NCBITaxon:224012	1
NCBITaxon:224030	1
NCBITaxon:224031	1
NCBITaxon:224135	5
NCBITaxon:2242	112
NCBITaxon:224212	1
NCBITaxon:2243	1
NCBITaxon:224308	12
NCBITaxon:224312	4
NCBITaxon:224325	3
NCBITaxon:224328	1
NCBITaxon:224370	1
NCBITaxon:224402	2
NCBITaxon:224436	3
NCBITaxon:224438	1
NCBITaxon:224455	1
NCBITaxon:224463	4
NCBITaxon:224464	2
NCBITaxon:2246	23
NCBITaxon:2247	36
NCBITaxon:224727	4
NCBITaxon:224729	26
NCBITaxon:224756	9
NCBITaxon:2248	5
NCBITaxon:2248750	1
NCBITaxon:2248761	1
NCBITaxon:2248764	1
NCBITaxon:2248773	1
NCBITaxon:224911	3
NCBITaxon:224914	5
NCBITaxon:224915	1
NCBITaxon:2249302	2
NCBITaxon:2249329	1
NCBITaxon:2249356	1
NCBITaxon:2249426	1
NCBITaxon:2249427	1
NCBITaxon:2249428	1
NCBITaxon:2249466	1
NCBITaxon:2249476	1
NCBITaxon:2249482	1
NCBITaxon:2249762	1
NCBITaxon:2249811	1
NCBITaxon:224999	4
NCBITaxon:2250	55
NCBITaxon:225004	1
NCBITaxon:2250209	1
NCBITaxon:2250252	1
NCBITaxon:2250254	15
NCBITaxon:2250255	14
NCBITaxon:2250256	8
NCBITaxon:2250258	6
NCBITaxon:2250272	4
NCBITaxon:2250273	3
NCBITaxon:2250274	2
NCBITaxon:2250275	2
NCBITaxon:2250276	1
NCBITaxon:2250277	52
NCBITaxon:225048	3
NCBITaxon:225049	3
NCBITaxon:225051	3
NCBITaxon:2250573	1
NCBITaxon:2250576	1
NCBITaxon:2250578	2
NCBITaxon:2250594	1
NCBITaxon:2250595	1
NCBITaxon:2250629	1
NCBITaxon:2250708	1
NCBITaxon:2250710	2
NCBITaxon:225084	2
NCBITaxon:225144	4
NCBITaxon:225148	2
NCBITaxon:225194	2
NCBITaxon:225195	3
NCBITaxon:225196	3
NCBITaxon:2252	7
NCBITaxon:225298	1
NCBITaxon:225323	1
NCBITaxon:225324	5
NCBITaxon:225325	3
NCBITaxon:225326	5
NCBITaxon:225327	4
NCBITaxon:225345	5
NCBITaxon:225347	4
NCBITaxon:225353	1
NCBITaxon:225359	1
NCBITaxon:225362	2
NCBITaxon:225363	1
NCBITaxon:225406	1
NCBITaxon:225422	4
NCBITaxon:225453	3
NCBITaxon:225544	1
NCBITaxon:2257	26
NCBITaxon:225762	3
NCBITaxon:225843	7
NCBITaxon:225844	5
NCBITaxon:225848	1
NCBITaxon:225894	4
NCBITaxon:2258962	2
NCBITaxon:2258963	2
NCBITaxon:2259011	3
NCBITaxon:2259016	1
NCBITaxon:2259033	1
NCBITaxon:2259034	2
NCBITaxon:2259036	1
NCBITaxon:225906	2
NCBITaxon:2259133	4
NCBITaxon:2259147	1
NCBITaxon:225915	3
NCBITaxon:225917	2
NCBITaxon:2259170	1
NCBITaxon:2259171	1
NCBITaxon:2259333	1
NCBITaxon:2259340	1
NCBITaxon:2259342	1
NCBITaxon:2259590	1
NCBITaxon:2259592	1
NCBITaxon:2259594	1
NCBITaxon:2259595	1
NCBITaxon:2259619	1
NCBITaxon:2259620	1
NCBITaxon:2259622	14
NCBITaxon:2259638	1
NCBITaxon:2259674	2
NCBITaxon:225971	10
NCBITaxon:2259763	1
NCBITaxon:2259768	1
NCBITaxon:225985	2
NCBITaxon:225988	3
NCBITaxon:225991	40
NCBITaxon:225992	14
NCBITaxon:225999	1
NCBITaxon:226	14
NCBITaxon:2260	1
NCBITaxon:226010	2
NCBITaxon:226011	3
NCBITaxon:2261	3
NCBITaxon:226125	2
NCBITaxon:2262	2
NCBITaxon:226217	5
NCBITaxon:2263	11
NCBITaxon:2264	1
NCBITaxon:2265	5
NCBITaxon:226504	3
NCBITaxon:226505	4
NCBITaxon:226506	4
NCBITaxon:226592	1
NCBITaxon:2266	4
NCBITaxon:226665	4
NCBITaxon:2267	11
NCBITaxon:2267246	4
NCBITaxon:2267253	1
NCBITaxon:2267262	1
NCBITaxon:2267266	1
NCBITaxon:2267275	15
NCBITaxon:2267521	1
NCBITaxon:2267537	1
NCBITaxon:2267552	1
NCBITaxon:2267611	3
NCBITaxon:2267620	1
NCBITaxon:2267621	1
NCBITaxon:2267683	1
NCBITaxon:2267691	1
NCBITaxon:2267699	1
NCBITaxon:2267833	1
NCBITaxon:2267839	1
NCBITaxon:2267891	4
NCBITaxon:2268	8
NCBITaxon:2268024	1
NCBITaxon:2268030	1
NCBITaxon:2268179	1
NCBITaxon:2268180	1
NCBITaxon:2268192	7
NCBITaxon:2268199	1
NCBITaxon:2268202	2
NCBITaxon:2268204	1
NCBITaxon:2268407	4
NCBITaxon:2268447	1
NCBITaxon:2268456	1
NCBITaxon:2268457	1
NCBITaxon:2268458	1
NCBITaxon:2268461	1
NCBITaxon:2268576	1
NCBITaxon:2268757	1
NCBITaxon:2268758	1
NCBITaxon:2268947	1
NCBITaxon:2268990	1
NCBITaxon:2268991	1
NCBITaxon:2268992	1
NCBITaxon:2268993	1
NCBITaxon:2268995	1
NCBITaxon:226900	3
NCBITaxon:226910	2
NCBITaxon:2269375	4
NCBITaxon:2269504	1
NCBITaxon:227	17
NCBITaxon:2270	2
NCBITaxon:227084	8
NCBITaxon:227086	23
NCBITaxon:2271	3
NCBITaxon:227138	2
NCBITaxon:2272	4
NCBITaxon:227290	1
NCBITaxon:2273	1
NCBITaxon:227316	5
NCBITaxon:227318	4
NCBITaxon:227319	5
NCBITaxon:227369	1
NCBITaxon:227377	2
NCBITaxon:227388	1
NCBITaxon:227476	1
NCBITaxon:2275	2
NCBITaxon:227597	2
NCBITaxon:227598	3
NCBITaxon:2276	7
NCBITaxon:227605	4
NCBITaxon:2277	1
NCBITaxon:227715	1
NCBITaxon:2278	2
NCBITaxon:227865	4
NCBITaxon:227866	9
NCBITaxon:227882	3
NCBITaxon:227924	1
NCBITaxon:227942	10
NCBITaxon:227943	10
NCBITaxon:227944	6
NCBITaxon:227945	12
NCBITaxon:227946	4
NCBITaxon:228	88
NCBITaxon:2280	2
NCBITaxon:228005	6
NCBITaxon:228006	3
NCBITaxon:2281	14
NCBITaxon:2282106	1
NCBITaxon:2282107	1
NCBITaxon:2282124	1
NCBITaxon:2282142	7
NCBITaxon:2282145	2
NCBITaxon:2282148	1
NCBITaxon:2282149	3
NCBITaxon:2282154	1
NCBITaxon:228216	1
NCBITaxon:2282215	1
NCBITaxon:228222	1
NCBITaxon:228229	22
NCBITaxon:228230	5
NCBITaxon:2282305	1
NCBITaxon:2282306	1
NCBITaxon:2282308	1
NCBITaxon:2282381	1
NCBITaxon:2282382	1
NCBITaxon:2282397	1
NCBITaxon:2282419	6
NCBITaxon:2282420	6
NCBITaxon:2282421	1
NCBITaxon:2282477	3
NCBITaxon:2282478	1
NCBITaxon:2282523	1
NCBITaxon:2282648	1
NCBITaxon:2282649	1
NCBITaxon:2282652	1
NCBITaxon:2282655	1
NCBITaxon:2282697	1
NCBITaxon:2282698	2
NCBITaxon:2282699	2
NCBITaxon:2282700	1
NCBITaxon:2282738	1
NCBITaxon:2282766	4
NCBITaxon:2282883	1
NCBITaxon:2283	4
NCBITaxon:2283141	1
NCBITaxon:2283160	1
NCBITaxon:2283195	1
NCBITaxon:2283317	1
NCBITaxon:2283318	1
NCBITaxon:2283344	1
NCBITaxon:2283527	1
NCBITaxon:2283596	1
NCBITaxon:2283627	2
NCBITaxon:2283635	1
NCBITaxon:2283846	1
NCBITaxon:2283848	1
NCBITaxon:228399	3
NCBITaxon:2284	10
NCBITaxon:228413	1
NCBITaxon:228419	1
NCBITaxon:2285	84
NCBITaxon:228574	30
NCBITaxon:228576	4
NCBITaxon:228596	4
NCBITaxon:228599	4
NCBITaxon:2286	2
NCBITaxon:228600	3
NCBITaxon:228601	3
NCBITaxon:228602	4
NCBITaxon:228603	1
NCBITaxon:228604	7
NCBITaxon:228654	9
NCBITaxon:228655	1
NCBITaxon:228671	1
NCBITaxon:2287	43
NCBITaxon:228732	1
NCBITaxon:228745	1
NCBITaxon:228899	8
NCBITaxon:228909	3
NCBITaxon:228924	4
NCBITaxon:228944	1
NCBITaxon:228952	2
NCBITaxon:228955	4
NCBITaxon:228956	7
NCBITaxon:228957	5
NCBITaxon:228958	4
NCBITaxon:228959	7
NCBITaxon:228973	4
NCBITaxon:2290	2
NCBITaxon:229007	6
NCBITaxon:229037	1
NCBITaxon:2290913	1
NCBITaxon:2290915	1
NCBITaxon:2290917	2
NCBITaxon:2290919	1
NCBITaxon:2290923	2
NCBITaxon:2290935	2
NCBITaxon:2291	3
NCBITaxon:2291022	3
NCBITaxon:2291023	1
NCBITaxon:2291215	1
NCBITaxon:2291321	1
NCBITaxon:2291322	5
NCBITaxon:2291323	4
NCBITaxon:2291546	4
NCBITaxon:229155	2
NCBITaxon:2291597	1
NCBITaxon:2291674	3
NCBITaxon:2291814	1
NCBITaxon:2291815	1
NCBITaxon:229193	1
NCBITaxon:2291966	7
NCBITaxon:2291967	1
NCBITaxon:2291968	1
NCBITaxon:2291969	1
NCBITaxon:2291970	1
NCBITaxon:2292	3
NCBITaxon:229203	4
NCBITaxon:229204	43
NCBITaxon:229205	4
NCBITaxon:2292082	1
NCBITaxon:2292255	2
NCBITaxon:2292256	1
NCBITaxon:2292257	1
NCBITaxon:2292265	3
NCBITaxon:2292441	1
NCBITaxon:2292702	1
NCBITaxon:2292704	1
NCBITaxon:2292705	1
NCBITaxon:2292706	1
NCBITaxon:2292766	2
NCBITaxon:2292771	1
NCBITaxon:2293	4
NCBITaxon:2293253	1
NCBITaxon:2293254	1
NCBITaxon:2293317	1
NCBITaxon:2293435	1
NCBITaxon:2293438	1
NCBITaxon:2293568	2
NCBITaxon:2293569	4
NCBITaxon:2293570	2
NCBITaxon:2293571	4
NCBITaxon:2293572	3
NCBITaxon:229365	1
NCBITaxon:2293719	2
NCBITaxon:2293832	2
NCBITaxon:2293833	1
NCBITaxon:2293840	1
NCBITaxon:2293980	1
NCBITaxon:2294	2
NCBITaxon:2294030	1
NCBITaxon:2294033	1
NCBITaxon:2294034	3
NCBITaxon:2294035	1
NCBITaxon:2294114	1
NCBITaxon:2294115	1
NCBITaxon:2294116	2
NCBITaxon:2294117	1
NCBITaxon:2294119	1
NCBITaxon:229480	2
NCBITaxon:229486	6
NCBITaxon:2295	1
NCBITaxon:229526	1
NCBITaxon:229535	2
NCBITaxon:229549	37
NCBITaxon:2296	2
NCBITaxon:2297	3
NCBITaxon:2298	2
NCBITaxon:229919	3
NCBITaxon:229920	5
NCBITaxon:229921	4
NCBITaxon:229980	2
NCBITaxon:229981	3
NCBITaxon:23	8
NCBITaxon:2300	2
NCBITaxon:230004	1
NCBITaxon:230073	1
NCBITaxon:230087	2
NCBITaxon:230088	2
NCBITaxon:230089	2
NCBITaxon:230091	7
NCBITaxon:2301	8
NCBITaxon:2301192	1
NCBITaxon:2301222	1
NCBITaxon:2301235	1
NCBITaxon:2301244	1
NCBITaxon:230143	4
NCBITaxon:2301718	2
NCBITaxon:2302	3
NCBITaxon:2302373	6
NCBITaxon:2302434	1
NCBITaxon:2303	11
NCBITaxon:2303333	1
NCBITaxon:2303421	1
NCBITaxon:2303538	1
NCBITaxon:2303539	1
NCBITaxon:230356	6
NCBITaxon:2303576	1
NCBITaxon:2303578	1
NCBITaxon:230361	5
NCBITaxon:2303751	1
NCBITaxon:2303987	1
NCBITaxon:2303991	3
NCBITaxon:2303992	2
NCBITaxon:2304002	1
NCBITaxon:2304063	1
NCBITaxon:230439	1
NCBITaxon:2304492	4
NCBITaxon:2304572	1
NCBITaxon:2304574	1
NCBITaxon:2304593	1
NCBITaxon:2304601	1
NCBITaxon:2304602	1
NCBITaxon:2304603	2
NCBITaxon:2304605	1
NCBITaxon:2304606	1
NCBITaxon:2304625	1
NCBITaxon:2304626	1
NCBITaxon:2304675	1
NCBITaxon:230470	4
NCBITaxon:230495	4
NCBITaxon:230516	1
NCBITaxon:2305183	1
NCBITaxon:2305225	1
NCBITaxon:2305227	3
NCBITaxon:2305228	2
NCBITaxon:2305248	1
NCBITaxon:2305252	1
NCBITaxon:2305463	1
NCBITaxon:2305467	3
NCBITaxon:2305471	1
NCBITaxon:2305508	1
NCBITaxon:2305895	1
NCBITaxon:2305907	1
NCBITaxon:2305909	1
NCBITaxon:2306021	1
NCBITaxon:2306023	1
NCBITaxon:230603	22
NCBITaxon:2306423	4
NCBITaxon:230658	5
NCBITaxon:2306585	1
NCBITaxon:2306636	3
NCBITaxon:230667	1
NCBITaxon:2306967	1
NCBITaxon:2306972	44
NCBITaxon:2306973	1
NCBITaxon:2306974	1
NCBITaxon:2306975	1
NCBITaxon:2306976	1
NCBITaxon:2306993	6
NCBITaxon:2306995	1
NCBITaxon:2306996	1
NCBITaxon:2306997	1
NCBITaxon:2306998	1
NCBITaxon:2307003	1
NCBITaxon:2307010	1
NCBITaxon:2307076	2
NCBITaxon:230709	1
NCBITaxon:2307229	4
NCBITaxon:2307231	3
NCBITaxon:2308	6
NCBITaxon:230801	1
NCBITaxon:230804	1
NCBITaxon:230806	1
NCBITaxon:230807	1
NCBITaxon:230808	1
NCBITaxon:230809	1
NCBITaxon:230810	1
NCBITaxon:230812	2
NCBITaxon:230819	2
NCBITaxon:2309	1
NCBITaxon:230985	1
NCBITaxon:231024	5
NCBITaxon:231025	3
NCBITaxon:231048	1
NCBITaxon:231049	35
NCBITaxon:231053	3
NCBITaxon:231146	1
NCBITaxon:231148	7
NCBITaxon:231218	3
NCBITaxon:231233	7
NCBITaxon:2314	1
NCBITaxon:231434	2
NCBITaxon:231435	1
NCBITaxon:231438	3
NCBITaxon:231439	3
NCBITaxon:231440	2
NCBITaxon:231447	4
NCBITaxon:231454	8
NCBITaxon:231455	5
NCBITaxon:2315	2
NCBITaxon:2315210	1
NCBITaxon:2315236	4
NCBITaxon:2315254	2
NCBITaxon:2315257	1
NCBITaxon:2315329	1
NCBITaxon:2315330	1
NCBITaxon:2315333	1
NCBITaxon:2315334	1
NCBITaxon:2315424	1
NCBITaxon:2315449	6
NCBITaxon:2315464	2
NCBITaxon:2315472	33
NCBITaxon:2315688	2
NCBITaxon:2315689	1
NCBITaxon:2315694	2
NCBITaxon:2315727	1
NCBITaxon:2315729	2
NCBITaxon:2315800	2
NCBITaxon:2315801	1
NCBITaxon:2315802	1
NCBITaxon:2315836	1
NCBITaxon:2315837	1
NCBITaxon:2315838	1
NCBITaxon:2315841	1
NCBITaxon:2315859	1
NCBITaxon:2315862	1
NCBITaxon:2316025	1
NCBITaxon:2316076	3
NCBITaxon:2316079	2
NCBITaxon:2316080	5
NCBITaxon:2316085	6
NCBITaxon:2316207	3
NCBITaxon:2316362	1
NCBITaxon:2316383	1
NCBITaxon:2316527	1
NCBITaxon:2316528	1
NCBITaxon:2316720	3
NCBITaxon:2316722	3
NCBITaxon:2316724	3
NCBITaxon:2316726	3
NCBITaxon:2316728	3
NCBITaxon:2316731	3
NCBITaxon:2316733	3
NCBITaxon:2316736	3
NCBITaxon:231683	1
NCBITaxon:2317	8
NCBITaxon:231915	2
NCBITaxon:231916	1
NCBITaxon:231932	2
NCBITaxon:2319843	1
NCBITaxon:2319844	1
NCBITaxon:232	18
NCBITaxon:2320	1
NCBITaxon:2320097	1
NCBITaxon:2320098	1
NCBITaxon:2320099	1
NCBITaxon:2320100	1
NCBITaxon:2320101	1
NCBITaxon:2320102	1
NCBITaxon:2320103	1
NCBITaxon:2320104	1
NCBITaxon:2320105	1
NCBITaxon:2320106	1
NCBITaxon:2320107	1
NCBITaxon:2320108	1
NCBITaxon:2320109	1
NCBITaxon:2320110	1
NCBITaxon:2320112	1
NCBITaxon:2320113	1
NCBITaxon:2320115	1
NCBITaxon:2320116	1
NCBITaxon:2320117	1
NCBITaxon:2320119	1
NCBITaxon:2320120	1
NCBITaxon:2320140	1
NCBITaxon:2320247	1
NCBITaxon:2320269	1
NCBITaxon:2320271	1
NCBITaxon:2320272	1
NCBITaxon:2320431	2
NCBITaxon:232081	4
NCBITaxon:232082	4
NCBITaxon:2320851	3
NCBITaxon:2320857	1
NCBITaxon:2320858	1
NCBITaxon:2320859	1
NCBITaxon:2320860	1
NCBITaxon:2320861	1
NCBITaxon:2320862	1
NCBITaxon:2320863	1
NCBITaxon:2320864	1
NCBITaxon:2320865	1
NCBITaxon:2320866	1
NCBITaxon:2320867	1
NCBITaxon:2320868	1
NCBITaxon:2320879	1
NCBITaxon:2320880	1
NCBITaxon:2320881	1
NCBITaxon:2320882	1
NCBITaxon:2320883	1
NCBITaxon:2320884	1
NCBITaxon:2320885	1
NCBITaxon:2320886	1
NCBITaxon:2320887	1
NCBITaxon:2320888	1
NCBITaxon:2320889	1
NCBITaxon:232089	1
NCBITaxon:2321	1
NCBITaxon:2321394	1
NCBITaxon:2321395	1
NCBITaxon:2321396	1
NCBITaxon:2321403	1
NCBITaxon:2321404	1
NCBITaxon:2322	3
NCBITaxon:232216	6
NCBITaxon:232259	5
NCBITaxon:232270	2
NCBITaxon:2323	70
NCBITaxon:232444	12
NCBITaxon:2325	5
NCBITaxon:232523	1
NCBITaxon:232526	1
NCBITaxon:232537	2
NCBITaxon:2325572	1
NCBITaxon:232846	1
NCBITaxon:232960	1
NCBITaxon:2331	1
NCBITaxon:233100	2
NCBITaxon:233101	7
NCBITaxon:233110	1
NCBITaxon:233186	1
NCBITaxon:233189	21
NCBITaxon:233190	1
NCBITaxon:233191	4
NCBITaxon:2333	3
NCBITaxon:233316	56
NCBITaxon:233413	2
NCBITaxon:2335	7
NCBITaxon:233583	5
NCBITaxon:2336	7
NCBITaxon:2337	4
NCBITaxon:2338073	3
NCBITaxon:2338327	1
NCBITaxon:2338368	1
NCBITaxon:2338372	1
NCBITaxon:2338552	1
NCBITaxon:2338647	3
NCBITaxon:2339227	2
NCBITaxon:2339230	2
NCBITaxon:2339232	1
NCBITaxon:2339259	2
NCBITaxon:234	1
NCBITaxon:2340	58
NCBITaxon:2340725	2
NCBITaxon:2340821	1
NCBITaxon:2340860	1
NCBITaxon:2340916	1
NCBITaxon:2340917	4
NCBITaxon:2341	1
NCBITaxon:2341020	1
NCBITaxon:2341021	1
NCBITaxon:2341043	1
NCBITaxon:2341080	3
NCBITaxon:2341083	1
NCBITaxon:2341086	3
NCBITaxon:2341112	1
NCBITaxon:2341117	1
NCBITaxon:2342	2
NCBITaxon:234234	1
NCBITaxon:234266	1
NCBITaxon:234267	2
NCBITaxon:234523	1
NCBITaxon:234535	1
NCBITaxon:234567	1
NCBITaxon:234568	1
NCBITaxon:234613	4
NCBITaxon:234614	4
NCBITaxon:234674	1
NCBITaxon:234815	3
NCBITaxon:234817	1
NCBITaxon:234826	2
NCBITaxon:234828	3
NCBITaxon:234834	5
NCBITaxon:234835	5
NCBITaxon:234908	3
NCBITaxon:234930	1
NCBITaxon:234932	1
NCBITaxon:235	63
NCBITaxon:2350	7
NCBITaxon:2352	2
NCBITaxon:235205	1
NCBITaxon:235206	4
NCBITaxon:235270	1
NCBITaxon:235271	1
NCBITaxon:235272	3
NCBITaxon:235275	3
NCBITaxon:235277	6
NCBITaxon:235279	1
NCBITaxon:235392	1
NCBITaxon:235443	2
NCBITaxon:235559	1
NCBITaxon:2357	1
NCBITaxon:2358	2
NCBITaxon:2358141	3
NCBITaxon:2358193	1
NCBITaxon:2358204	1
NCBITaxon:2358428	1
NCBITaxon:2358456	3
NCBITaxon:2358479	1
NCBITaxon:235888	5
NCBITaxon:235931	5
NCBITaxon:235932	13
NCBITaxon:235985	8
NCBITaxon:235986	8
NCBITaxon:236	1
NCBITaxon:2360	6
NCBITaxon:236067	7
NCBITaxon:236068	6
NCBITaxon:236100	4
NCBITaxon:236213	1
NCBITaxon:236234	1
NCBITaxon:236253	1
NCBITaxon:236402	3
NCBITaxon:2364150	3
NCBITaxon:2364151	1
NCBITaxon:2364273	1
NCBITaxon:2364274	1
NCBITaxon:2364647	40
NCBITaxon:2364649	3
NCBITaxon:2364787	1
NCBITaxon:2364791	1
NCBITaxon:2364794	1
NCBITaxon:2364797	1
NCBITaxon:2364882	1
NCBITaxon:2364996	1
NCBITaxon:236508	5
NCBITaxon:236510	5
NCBITaxon:236511	3
NCBITaxon:236753	4
NCBITaxon:236786	1
NCBITaxon:236787	2
NCBITaxon:2368	1
NCBITaxon:236814	6
NCBITaxon:2369	3
NCBITaxon:237	21
NCBITaxon:237017	5
NCBITaxon:237018	5
NCBITaxon:237019	4
NCBITaxon:237069	2
NCBITaxon:2371	125
NCBITaxon:237258	4
NCBITaxon:237306	4
NCBITaxon:237373	7
NCBITaxon:2374	2
NCBITaxon:237446	21
NCBITaxon:237530	9
NCBITaxon:237576	4
NCBITaxon:237609	10
NCBITaxon:237611	3
NCBITaxon:237612	5
NCBITaxon:237679	3
NCBITaxon:237682	1
NCBITaxon:237684	1
NCBITaxon:2377	3
NCBITaxon:2378	6
NCBITaxon:237895	10
NCBITaxon:238	157
NCBITaxon:238012	2
NCBITaxon:238013	6
NCBITaxon:238015	7
NCBITaxon:238030	1
NCBITaxon:238083	3
NCBITaxon:2382	3
NCBITaxon:2382056	1
NCBITaxon:2382058	1
NCBITaxon:2382123	1
NCBITaxon:2382163	1
NCBITaxon:2382165	4
NCBITaxon:2383	9
NCBITaxon:238540	3
NCBITaxon:238749	2
NCBITaxon:238783	1
NCBITaxon:238800	2
NCBITaxon:238834	27
NCBITaxon:238836	2
NCBITaxon:238877	4
NCBITaxon:238964	4
NCBITaxon:238991	2
NCBITaxon:239	20
NCBITaxon:239050	1
NCBITaxon:239101	1
NCBITaxon:239109	1
NCBITaxon:239124	1
NCBITaxon:239136	3
NCBITaxon:239206	2
NCBITaxon:239217	2
NCBITaxon:239498	8
NCBITaxon:239732	1
NCBITaxon:239759	179
NCBITaxon:239934	96
NCBITaxon:239935	536
NCBITaxon:239974	2
NCBITaxon:239984	2
NCBITaxon:24	307
NCBITaxon:240016	4
NCBITaxon:240125	8
NCBITaxon:240166	2
NCBITaxon:240167	2
NCBITaxon:240169	3
NCBITaxon:240237	7
NCBITaxon:240294	2
NCBITaxon:240295	9
NCBITaxon:240302	5
NCBITaxon:240303	5
NCBITaxon:240345	2
NCBITaxon:240364	1
NCBITaxon:240412	4
NCBITaxon:240427	4
NCBITaxon:240499	1
NCBITaxon:240521	9
NCBITaxon:240840	3
NCBITaxon:241054	1
NCBITaxon:241059	1
NCBITaxon:241061	1
NCBITaxon:241062	1
NCBITaxon:241079	1
NCBITaxon:241081	1
NCBITaxon:241145	4
NCBITaxon:241244	6
NCBITaxon:241365	2
NCBITaxon:241368	1
NCBITaxon:241408	1
NCBITaxon:241413	1
NCBITaxon:241416	2
NCBITaxon:241430	1
NCBITaxon:241438	1
NCBITaxon:241526	1
NCBITaxon:241555	2
NCBITaxon:2419	2
NCBITaxon:2419517	1
NCBITaxon:2419601	1
NCBITaxon:2419603	1
NCBITaxon:2419771	1
NCBITaxon:2419772	1
NCBITaxon:2419773	1
NCBITaxon:2419774	1
NCBITaxon:2419777	1
NCBITaxon:2419778	1
NCBITaxon:2419781	1
NCBITaxon:2419782	1
NCBITaxon:2419843	1
NCBITaxon:2420135	1
NCBITaxon:2420218	1
NCBITaxon:2420300	1
NCBITaxon:2420301	1
NCBITaxon:2420305	1
NCBITaxon:2420306	1
NCBITaxon:2420308	1
NCBITaxon:2420309	1
NCBITaxon:2420310	1
NCBITaxon:2420312	1
NCBITaxon:2420313	1
NCBITaxon:2420509	1
NCBITaxon:2420510	1
NCBITaxon:2420513	1
NCBITaxon:242065	4
NCBITaxon:2420890	1
NCBITaxon:2421284	1
NCBITaxon:242129	2
NCBITaxon:2421358	1
NCBITaxon:242161	1
NCBITaxon:242163	1
NCBITaxon:2422	1
NCBITaxon:242230	2
NCBITaxon:2423	4
NCBITaxon:2424	4
NCBITaxon:242475	3
NCBITaxon:242519	1
NCBITaxon:242540	1
NCBITaxon:2426	6
NCBITaxon:242600	1
NCBITaxon:242605	10
NCBITaxon:242606	7
NCBITaxon:242698	3
NCBITaxon:242703	2
NCBITaxon:242737	1
NCBITaxon:242750	3
NCBITaxon:243061	5
NCBITaxon:243063	2
NCBITaxon:243064	2
NCBITaxon:243110	2
NCBITaxon:243148	1
NCBITaxon:243161	14
NCBITaxon:243164	2
NCBITaxon:243230	4
NCBITaxon:243233	2
NCBITaxon:243265	1
NCBITaxon:243273	2
NCBITaxon:243276	2
NCBITaxon:243277	5
NCBITaxon:2433	2
NCBITaxon:2434	2
NCBITaxon:243629	2
NCBITaxon:243690	4
NCBITaxon:243701	6
NCBITaxon:243838	1
NCBITaxon:243924	7
NCBITaxon:243956	1
NCBITaxon:244	11
NCBITaxon:244127	31
NCBITaxon:244292	6
NCBITaxon:244314	1
NCBITaxon:244319	344
NCBITaxon:244328	1
NCBITaxon:244365	1
NCBITaxon:244366	318
NCBITaxon:244566	23
NCBITaxon:244573	1
NCBITaxon:244581	1
NCBITaxon:244582	1
NCBITaxon:244584	1
NCBITaxon:244596	1
NCBITaxon:244599	2
NCBITaxon:244734	7
NCBITaxon:244735	4
NCBITaxon:2447760	1
NCBITaxon:244787	3
NCBITaxon:2447885	3
NCBITaxon:2447898	2
NCBITaxon:2447956	3
NCBITaxon:2448023	2
NCBITaxon:2448030	1
NCBITaxon:2448032	1
NCBITaxon:2448054	1
NCBITaxon:2448161	1
NCBITaxon:2448162	1
NCBITaxon:244830	4
NCBITaxon:2448455	4
NCBITaxon:2448456	1
NCBITaxon:2448482	1
NCBITaxon:2448779	2
NCBITaxon:2448886	3
NCBITaxon:245	6
NCBITaxon:245012	1
NCBITaxon:245014	1
NCBITaxon:245160	1
NCBITaxon:245174	21
NCBITaxon:245186	1
NCBITaxon:245187	4
NCBITaxon:245188	18
NCBITaxon:245294	4
NCBITaxon:245385	3
NCBITaxon:245562	2
NCBITaxon:245834	2
NCBITaxon:245836	3
NCBITaxon:246	33
NCBITaxon:246000	1
NCBITaxon:246006	1
NCBITaxon:246010	1
NCBITaxon:246021	1
NCBITaxon:246025	1
NCBITaxon:246028	1
NCBITaxon:246030	1
NCBITaxon:246045	1
NCBITaxon:246048	1
NCBITaxon:246069	1
NCBITaxon:246071	1
NCBITaxon:246081	1
NCBITaxon:246083	1
NCBITaxon:246088	1
NCBITaxon:246132	1
NCBITaxon:246138	1
NCBITaxon:246139	5
NCBITaxon:2461418	5
NCBITaxon:246144	28
NCBITaxon:246167	91
NCBITaxon:246191	3
NCBITaxon:246194	5
NCBITaxon:246199	3
NCBITaxon:246202	1
NCBITaxon:246205	1
NCBITaxon:246264	4
NCBITaxon:246273	1
NCBITaxon:246385	1
NCBITaxon:246386	1
NCBITaxon:246387	1
NCBITaxon:246393	1
NCBITaxon:246432	102
NCBITaxon:246455	1
NCBITaxon:246602	4
NCBITaxon:246603	5
NCBITaxon:246613	4
NCBITaxon:246615	3
NCBITaxon:246618	21
NCBITaxon:246786	6
NCBITaxon:246787	73
NCBITaxon:246796	2
NCBITaxon:246874	15
NCBITaxon:246875	4
NCBITaxon:246952	1
NCBITaxon:247	95
NCBITaxon:247022	5
NCBITaxon:247140	1
NCBITaxon:247157	2
NCBITaxon:247279	2
NCBITaxon:247333	3
NCBITaxon:247480	6
NCBITaxon:247481	1
NCBITaxon:247482	2
NCBITaxon:247486	1
NCBITaxon:247490	1
NCBITaxon:247523	3
NCBITaxon:247546	2
NCBITaxon:247632	2
NCBITaxon:247633	1
NCBITaxon:247634	3
NCBITaxon:247639	1
NCBITaxon:247652	1
NCBITaxon:2478464	2
NCBITaxon:2478468	6
NCBITaxon:2478470	4
NCBITaxon:2478471	3
NCBITaxon:2478480	1
NCBITaxon:2478481	1
NCBITaxon:2478482	3
NCBITaxon:2478483	3
NCBITaxon:2478490	3
NCBITaxon:2478537	1
NCBITaxon:2478538	1
NCBITaxon:2478672	1
NCBITaxon:2478900	1
NCBITaxon:2478913	1
NCBITaxon:2478914	1
NCBITaxon:2478915	1
NCBITaxon:2479004	1
NCBITaxon:2479048	3
NCBITaxon:2479363	1
NCBITaxon:2479545	1
NCBITaxon:2479546	2
NCBITaxon:2479765	2
NCBITaxon:2479838	1
NCBITaxon:2479839	1
NCBITaxon:2479840	1
NCBITaxon:2479841	1
NCBITaxon:2479847	1
NCBITaxon:2479848	1
NCBITaxon:2479853	1
NCBITaxon:2479858	1
NCBITaxon:2479928	1
NCBITaxon:248026	14
NCBITaxon:248039	1
NCBITaxon:2480587	1
NCBITaxon:2480588	1
NCBITaxon:2480626	1
NCBITaxon:2480627	1
NCBITaxon:2480810	15
NCBITaxon:2480825	1
NCBITaxon:2480908	1
NCBITaxon:2480983	2
NCBITaxon:2480984	1
NCBITaxon:248131	3
NCBITaxon:2482727	1
NCBITaxon:2482751	2
NCBITaxon:2482752	2
NCBITaxon:2482753	3
NCBITaxon:2482757	4
NCBITaxon:2483033	3
NCBITaxon:2483112	1
NCBITaxon:248315	2
NCBITaxon:248316	2
NCBITaxon:2483351	1
NCBITaxon:2483352	1
NCBITaxon:2483353	2
NCBITaxon:2483360	1
NCBITaxon:2483361	1
NCBITaxon:2483798	2
NCBITaxon:2483799	2
NCBITaxon:2483800	1
NCBITaxon:2483802	1
NCBITaxon:2483804	1
NCBITaxon:2483805	1
NCBITaxon:2483811	1
NCBITaxon:2483812	1
NCBITaxon:2483813	7
NCBITaxon:2483814	1
NCBITaxon:2484145	1
NCBITaxon:248451	4
NCBITaxon:248452	1
NCBITaxon:2484746	1
NCBITaxon:2484750	1
NCBITaxon:2484901	1
NCBITaxon:2484903	2
NCBITaxon:2484904	1
NCBITaxon:2484911	3
NCBITaxon:2484912	1
NCBITaxon:2484931	2
NCBITaxon:2484932	3
NCBITaxon:2484942	1
NCBITaxon:2484943	1
NCBITaxon:2484945	1
NCBITaxon:2484948	1
NCBITaxon:2484950	1
NCBITaxon:2484961	2
NCBITaxon:2484962	4
NCBITaxon:2484964	1
NCBITaxon:2484968	3
NCBITaxon:2484974	4
NCBITaxon:2484976	1
NCBITaxon:2484979	1
NCBITaxon:2484981	1
NCBITaxon:2484982	3
NCBITaxon:2484983	2
NCBITaxon:2484985	1
NCBITaxon:2485115	1
NCBITaxon:2485116	1
NCBITaxon:2485119	1
NCBITaxon:2485123	1
NCBITaxon:2485124	1
NCBITaxon:2485125	1
NCBITaxon:2485163	3
NCBITaxon:248551	3
NCBITaxon:248552	4
NCBITaxon:2485783	1
NCBITaxon:2485784	1
NCBITaxon:2485925	538
NCBITaxon:2485926	6
NCBITaxon:2485997	1
NCBITaxon:2485998	1
NCBITaxon:2485999	1
NCBITaxon:2486000	1
NCBITaxon:2486001	1
NCBITaxon:2486002	1
NCBITaxon:2486003	1
NCBITaxon:2486004	1
NCBITaxon:2486005	1
NCBITaxon:2486006	1
NCBITaxon:2486007	1
NCBITaxon:2486008	6
NCBITaxon:2486009	1
NCBITaxon:2486010	1
NCBITaxon:2486011	2
NCBITaxon:2486012	1
NCBITaxon:2486013	1
NCBITaxon:2486014	1
NCBITaxon:2486015	1
NCBITaxon:2486016	1
NCBITaxon:2486017	1
NCBITaxon:2486018	1
NCBITaxon:2486019	1
NCBITaxon:2486020	1
NCBITaxon:2486021	1
NCBITaxon:2486022	1
NCBITaxon:2486023	1
NCBITaxon:2486024	1
NCBITaxon:2486025	1
NCBITaxon:2486026	1
NCBITaxon:2486280	1
NCBITaxon:2486356	1
NCBITaxon:2486360	2
NCBITaxon:2486417	1
NCBITaxon:2486418	1
NCBITaxon:2486419	1
NCBITaxon:2486460	1
NCBITaxon:2486461	1
NCBITaxon:2486462	1
NCBITaxon:2486463	1
NCBITaxon:2486464	1
NCBITaxon:2486465	1
NCBITaxon:2486466	1
NCBITaxon:2486467	1
NCBITaxon:2486468	1
NCBITaxon:2486469	1
NCBITaxon:2486470	1
NCBITaxon:2486471	1
NCBITaxon:2486472	1
NCBITaxon:2486473	1
NCBITaxon:2486474	1
NCBITaxon:2486475	1
NCBITaxon:2486576	1
NCBITaxon:2486577	1
NCBITaxon:2486578	1
NCBITaxon:2486751	2
NCBITaxon:2486754	1
NCBITaxon:2486853	1
NCBITaxon:2486854	1
NCBITaxon:2486855	2
NCBITaxon:2487000	1
NCBITaxon:2487017	1
NCBITaxon:2487040	1
NCBITaxon:2487072	2
NCBITaxon:2487074	3
NCBITaxon:2487118	1
NCBITaxon:2487129	1
NCBITaxon:2487133	1
NCBITaxon:2487137	1
NCBITaxon:2487138	1
NCBITaxon:2487150	1
NCBITaxon:2487273	3
NCBITaxon:2487274	1
NCBITaxon:2487275	1
NCBITaxon:2487276	1
NCBITaxon:2487322	1
NCBITaxon:2487344	3
NCBITaxon:2487346	1
NCBITaxon:2487349	1
NCBITaxon:2487350	1
NCBITaxon:2487351	2
NCBITaxon:2487352	1
NCBITaxon:2487355	20
NCBITaxon:2487364	1
NCBITaxon:2487365	1
NCBITaxon:2487366	1
NCBITaxon:2487367	1
NCBITaxon:2487368	1
NCBITaxon:2487369	1
NCBITaxon:2487370	1
NCBITaxon:2487371	1
NCBITaxon:2487372	1
NCBITaxon:2487373	1
NCBITaxon:2487374	1
NCBITaxon:2487375	1
NCBITaxon:2487376	1
NCBITaxon:2487377	1
NCBITaxon:2487378	1
NCBITaxon:2487379	1
NCBITaxon:2487380	1
NCBITaxon:2487381	1
NCBITaxon:2487382	1
NCBITaxon:2487383	1
NCBITaxon:2487384	1
NCBITaxon:2487385	1
NCBITaxon:2487386	1
NCBITaxon:2487387	1
NCBITaxon:2487388	1
NCBITaxon:2487389	1
NCBITaxon:2487390	1
NCBITaxon:2487391	1
NCBITaxon:2487392	1
NCBITaxon:2487393	1
NCBITaxon:2487394	1
NCBITaxon:2487395	1
NCBITaxon:2487419	1
NCBITaxon:2487421	1
NCBITaxon:2487422	1
NCBITaxon:248744	5
NCBITaxon:2487519	4
NCBITaxon:2487520	3
NCBITaxon:2487722	1
NCBITaxon:2487723	1
NCBITaxon:2487740	1
NCBITaxon:2487742	3
NCBITaxon:2487746	2
NCBITaxon:2487747	1
NCBITaxon:2487749	1
NCBITaxon:2487750	1
NCBITaxon:2487751	1
NCBITaxon:2487892	3
NCBITaxon:2487930	1
NCBITaxon:2487934	1
NCBITaxon:2488306	1
NCBITaxon:2488563	1
NCBITaxon:2488634	1
NCBITaxon:2488639	15
NCBITaxon:2488728	1
NCBITaxon:2488729	1
NCBITaxon:2488730	1
NCBITaxon:2488749	1
NCBITaxon:2488790	1
NCBITaxon:2488791	3
NCBITaxon:2488810	1
NCBITaxon:2488819	3
NCBITaxon:2488860	1
NCBITaxon:2488993	1
NCBITaxon:2488994	1
NCBITaxon:2489002	1
NCBITaxon:2489010	4
NCBITaxon:2489014	2
NCBITaxon:248902	5
NCBITaxon:248903	5
NCBITaxon:248905	3
NCBITaxon:2489054	1
NCBITaxon:248906	3
NCBITaxon:248907	4
NCBITaxon:2489173	1
NCBITaxon:2489174	1
NCBITaxon:2489213	3
NCBITaxon:2489214	1
NCBITaxon:2489216	1
NCBITaxon:2489218	1
NCBITaxon:2489595	1
NCBITaxon:249	5
NCBITaxon:2490412	1
NCBITaxon:2490544	1
NCBITaxon:2490545	3
NCBITaxon:249058	4
NCBITaxon:249061	1
NCBITaxon:2490632	1
NCBITaxon:2490633	1
NCBITaxon:2490854	1
NCBITaxon:2490855	1
NCBITaxon:2490856	1
NCBITaxon:2490857	1
NCBITaxon:2490858	3
NCBITaxon:2490941	1
NCBITaxon:2491017	1
NCBITaxon:2491023	1
NCBITaxon:2491030	1
NCBITaxon:2491082	1
NCBITaxon:2491083	1
NCBITaxon:2491085	1
NCBITaxon:2491114	1
NCBITaxon:2491344	1
NCBITaxon:2491679	1
NCBITaxon:2491692	1
NCBITaxon:2491711	1
NCBITaxon:2491866	1
NCBITaxon:249188	20
NCBITaxon:249189	5
NCBITaxon:2492390	1
NCBITaxon:2492393	1
NCBITaxon:2492394	1
NCBITaxon:2492395	3
NCBITaxon:2492438	1
NCBITaxon:249265	1
NCBITaxon:2492662	1
NCBITaxon:2492676	1
NCBITaxon:2492960	1
NCBITaxon:2493082	1
NCBITaxon:2493090	4
NCBITaxon:2493092	1
NCBITaxon:2493111	1
NCBITaxon:2493119	3
NCBITaxon:2493120	3
NCBITaxon:249351	3
NCBITaxon:249352	3
NCBITaxon:2493553	1
NCBITaxon:2493631	1
NCBITaxon:2493633	2
NCBITaxon:2493639	1
NCBITaxon:2493666	1
NCBITaxon:2493691	1
NCBITaxon:2493788	1
NCBITaxon:249398	1
NCBITaxon:249403	8
NCBITaxon:249406	5
NCBITaxon:249408	7
NCBITaxon:249409	3
NCBITaxon:249410	3
NCBITaxon:2494234	2
NCBITaxon:2494248	1
NCBITaxon:2494256	1
NCBITaxon:2494373	1
NCBITaxon:2494374	1
NCBITaxon:2494375	1
NCBITaxon:2494458	1
NCBITaxon:2494467	1
NCBITaxon:2494525	3
NCBITaxon:2494550	1
NCBITaxon:2494560	1
NCBITaxon:2494657	1
NCBITaxon:2494697	1
NCBITaxon:2494701	13
NCBITaxon:2494702	2
NCBITaxon:2494733	1
NCBITaxon:2494735	1
NCBITaxon:249478	1
NCBITaxon:249491	1
NCBITaxon:249492	1
NCBITaxon:2495405	1
NCBITaxon:2495421	1
NCBITaxon:2495426	1
NCBITaxon:2495496	1
NCBITaxon:2495579	1
NCBITaxon:2495581	1
NCBITaxon:2495582	1
NCBITaxon:2495591	1
NCBITaxon:249567	4
NCBITaxon:249580	4
NCBITaxon:249581	5
NCBITaxon:249582	10
NCBITaxon:249586	11
NCBITaxon:2495887	1
NCBITaxon:2495899	2
NCBITaxon:2495913	1
NCBITaxon:2496028	1
NCBITaxon:2496029	1
NCBITaxon:2496075	1
NCBITaxon:2496102	1
NCBITaxon:2496117	3
NCBITaxon:2496265	1
NCBITaxon:2496266	1
NCBITaxon:2496267	1
NCBITaxon:2496270	1
NCBITaxon:2496273	1
NCBITaxon:2496557	1
NCBITaxon:2496558	1
NCBITaxon:2496559	1
NCBITaxon:2496632	4
NCBITaxon:2496639	1
NCBITaxon:2496818	1
NCBITaxon:2496836	1
NCBITaxon:2496837	1
NCBITaxon:2496842	4
NCBITaxon:2496847	1
NCBITaxon:2496866	1
NCBITaxon:2496867	1
NCBITaxon:2496868	1
NCBITaxon:2496869	1
NCBITaxon:2496871	1
NCBITaxon:2497146	1
NCBITaxon:2497417	1
NCBITaxon:2497436	18
NCBITaxon:2497456	1
NCBITaxon:2497483	1
NCBITaxon:2497611	1
NCBITaxon:2497639	1
NCBITaxon:2497642	1
NCBITaxon:2497644	8
NCBITaxon:2497685	1
NCBITaxon:2497749	1
NCBITaxon:2497753	3
NCBITaxon:2497861	1
NCBITaxon:2497875	6
NCBITaxon:2497877	1
NCBITaxon:2497878	1
NCBITaxon:2497945	1
NCBITaxon:2497989	3
NCBITaxon:2498093	13
NCBITaxon:2498109	4
NCBITaxon:2498113	2
NCBITaxon:2498135	1
NCBITaxon:2498136	1
NCBITaxon:2498145	1
NCBITaxon:2498451	1
NCBITaxon:2498452	1
NCBITaxon:2498453	1
NCBITaxon:2498619	3
NCBITaxon:2498845	1
NCBITaxon:2498846	1
NCBITaxon:2498847	1
NCBITaxon:2498849	1
NCBITaxon:2498850	1
NCBITaxon:2498856	1
NCBITaxon:2498858	3
NCBITaxon:2498892	1
NCBITaxon:2499076	1
NCBITaxon:2499078	1
NCBITaxon:2499163	1
NCBITaxon:2499220	2
NCBITaxon:2499629	1
NCBITaxon:2499688	4
NCBITaxon:2499833	1
NCBITaxon:2499835	1
NCBITaxon:2499851	1
NCBITaxon:2499852	1
NCBITaxon:2499994	1
NCBITaxon:25	5
NCBITaxon:250	64
NCBITaxon:2500152	3
NCBITaxon:2500157	1
NCBITaxon:2500159	1
NCBITaxon:2500160	1
NCBITaxon:2500179	1
NCBITaxon:2500533	1
NCBITaxon:2500535	1
NCBITaxon:2500546	2
NCBITaxon:2500547	1
NCBITaxon:2500548	1
NCBITaxon:2500550	1
NCBITaxon:2501299	1
NCBITaxon:2501384	3
NCBITaxon:2501433	1
NCBITaxon:2501515	2
NCBITaxon:2501609	1
NCBITaxon:2502194	1
NCBITaxon:2502195	1
NCBITaxon:2502215	1
NCBITaxon:2502251	1
NCBITaxon:2502779	1
NCBITaxon:2502780	1
NCBITaxon:2502781	1
NCBITaxon:2502782	1
NCBITaxon:2502783	1
NCBITaxon:2502784	1
NCBITaxon:2502791	1
NCBITaxon:2502893	1
NCBITaxon:2502979	2
NCBITaxon:2502994	2
NCBITaxon:2503024	1
NCBITaxon:2505753	1
NCBITaxon:2505754	1
NCBITaxon:2505755	1
NCBITaxon:2505756	1
NCBITaxon:2505757	1
NCBITaxon:2505758	1
NCBITaxon:2505759	1
NCBITaxon:2505760	1
NCBITaxon:2505761	1
NCBITaxon:2505762	1
NCBITaxon:2505763	1
NCBITaxon:2505766	1
NCBITaxon:2505767	1
NCBITaxon:2505769	1
NCBITaxon:2505787	1
NCBITaxon:2505788	1
NCBITaxon:2505789	1
NCBITaxon:2505790	1
NCBITaxon:2505791	1
NCBITaxon:2505792	1
NCBITaxon:2505794	1
NCBITaxon:2505795	1
NCBITaxon:2505796	1
NCBITaxon:2505797	1
NCBITaxon:2505798	1
NCBITaxon:2505799	1
NCBITaxon:2505800	1
NCBITaxon:2505801	1
NCBITaxon:2505802	1
NCBITaxon:2505803	1
NCBITaxon:2505806	1
NCBITaxon:2505807	1
NCBITaxon:2505808	1
NCBITaxon:2505809	1
NCBITaxon:2505811	1
NCBITaxon:2505812	1
NCBITaxon:2505813	1
NCBITaxon:2505814	1
NCBITaxon:2505815	1
NCBITaxon:2505816	1
NCBITaxon:2505817	1
NCBITaxon:2505818	1
NCBITaxon:2505819	1
NCBITaxon:2505820	1
NCBITaxon:2505821	1
NCBITaxon:2505822	1
NCBITaxon:2505823	1
NCBITaxon:2505824	1
NCBITaxon:2505825	1
NCBITaxon:2505826	1
NCBITaxon:2505827	1
NCBITaxon:2505828	1
NCBITaxon:2505829	1
NCBITaxon:2505830	1
NCBITaxon:2505831	1
NCBITaxon:2505832	1
NCBITaxon:2505833	1
NCBITaxon:2505834	1
NCBITaxon:2505835	1
NCBITaxon:2505836	1
NCBITaxon:2505837	1
NCBITaxon:2505838	1
NCBITaxon:2505839	1
NCBITaxon:2505840	1
NCBITaxon:2505841	1
NCBITaxon:2505842	1
NCBITaxon:2505843	1
NCBITaxon:2505844	1
NCBITaxon:2505845	1
NCBITaxon:2505846	1
NCBITaxon:2505847	1
NCBITaxon:2505848	1
NCBITaxon:2505849	1
NCBITaxon:2505851	1
NCBITaxon:2505853	1
NCBITaxon:2505854	1
NCBITaxon:2505855	1
NCBITaxon:2505856	1
NCBITaxon:2505857	1
NCBITaxon:2505859	1
NCBITaxon:2505860	1
NCBITaxon:2505861	1
NCBITaxon:2505862	1
NCBITaxon:2505863	1
NCBITaxon:2505864	1
NCBITaxon:2505865	1
NCBITaxon:2505866	1
NCBITaxon:2505887	1
NCBITaxon:2505888	1
NCBITaxon:2505889	1
NCBITaxon:2505890	1
NCBITaxon:2505891	1
NCBITaxon:2505892	1
NCBITaxon:2505893	1
NCBITaxon:2505894	1
NCBITaxon:2505895	1
NCBITaxon:2505897	1
NCBITaxon:2505910	1
NCBITaxon:2505911	1
NCBITaxon:2505912	1
NCBITaxon:2505926	1
NCBITaxon:2505970	10
NCBITaxon:2505976	2
NCBITaxon:2505977	1
NCBITaxon:2505979	2
NCBITaxon:2506407	1
NCBITaxon:2506420	1
NCBITaxon:2506421	1
NCBITaxon:2506422	1
NCBITaxon:2506423	1
NCBITaxon:2506424	2
NCBITaxon:2506430	1
NCBITaxon:2507160	1
NCBITaxon:2507161	1
NCBITaxon:2507249	1
NCBITaxon:2507538	1
NCBITaxon:2507566	1
NCBITaxon:2507587	1
NCBITaxon:2507588	1
NCBITaxon:2507935	1
NCBITaxon:2508286	1
NCBITaxon:2508287	1
NCBITaxon:2508288	2
NCBITaxon:2508289	2
NCBITaxon:2508290	1
NCBITaxon:2508291	1
NCBITaxon:2508292	1
NCBITaxon:2508293	1
NCBITaxon:2508294	2
NCBITaxon:2508295	1
NCBITaxon:2508296	1
NCBITaxon:2508297	2
NCBITaxon:2508298	1
NCBITaxon:2508299	1
NCBITaxon:2508300	1
NCBITaxon:2508301	1
NCBITaxon:2508302	1
NCBITaxon:2508543	1
NCBITaxon:2508687	1
NCBITaxon:2508707	1
NCBITaxon:2508708	18
NCBITaxon:2508710	1
NCBITaxon:2508711	1
NCBITaxon:2508719	1
NCBITaxon:2508720	1
NCBITaxon:2508721	1
NCBITaxon:2508722	1
NCBITaxon:2508724	1
NCBITaxon:2508726	1
NCBITaxon:2508867	1
NCBITaxon:2508881	1
NCBITaxon:2508882	2
NCBITaxon:2508885	1
NCBITaxon:2508949	1
NCBITaxon:2508997	1
NCBITaxon:2509004	2
NCBITaxon:2509225	1
NCBITaxon:2509240	4
NCBITaxon:2509241	1
NCBITaxon:2509341	1
NCBITaxon:2509361	1
NCBITaxon:2509362	1
NCBITaxon:2509433	1
NCBITaxon:2509454	1
NCBITaxon:2509455	1
NCBITaxon:2509456	1
NCBITaxon:2509457	1
NCBITaxon:2509458	1
NCBITaxon:2509459	1
NCBITaxon:2509614	1
NCBITaxon:2509661	1
NCBITaxon:2509675	3
NCBITaxon:2509717	1
NCBITaxon:2509718	1
NCBITaxon:251	4
NCBITaxon:2510188	1
NCBITaxon:2510189	1
NCBITaxon:2510190	1
NCBITaxon:2510307	1
NCBITaxon:2510323	1
NCBITaxon:2510333	4
NCBITaxon:251051	5
NCBITaxon:2510796	1
NCBITaxon:2510978	1
NCBITaxon:2511025	1
NCBITaxon:2511130	1
NCBITaxon:2511165	3
NCBITaxon:2511166	2
NCBITaxon:2511204	1
NCBITaxon:2511819	8
NCBITaxon:2511838	1
NCBITaxon:2511932	18
NCBITaxon:2511995	1
NCBITaxon:2511997	1
NCBITaxon:2512112	1
NCBITaxon:2512178	1
NCBITaxon:2512180	1
NCBITaxon:2512212	1
NCBITaxon:2512213	1
NCBITaxon:2512214	1
NCBITaxon:2512215	1
NCBITaxon:2512216	1
NCBITaxon:2512217	1
NCBITaxon:2512218	1
NCBITaxon:2512219	1
NCBITaxon:2512220	1
NCBITaxon:2512221	1
NCBITaxon:2512222	1
NCBITaxon:2512223	1
NCBITaxon:2512224	1
NCBITaxon:2512238	1
NCBITaxon:2512241	56
NCBITaxon:2512243	1
NCBITaxon:2512244	1
NCBITaxon:2512246	1
NCBITaxon:2512247	1
NCBITaxon:2512251	1
NCBITaxon:2512261	1
NCBITaxon:251370	1
NCBITaxon:251372	1
NCBITaxon:251538	1
NCBITaxon:251540	1
NCBITaxon:2516328	1
NCBITaxon:251653	44
NCBITaxon:251654	4
NCBITaxon:2516556	2
NCBITaxon:2516557	8
NCBITaxon:2516559	10
NCBITaxon:2516854	1
NCBITaxon:2516960	1
NCBITaxon:251700	4
NCBITaxon:251701	4
NCBITaxon:251702	4
NCBITaxon:251703	2
NCBITaxon:251704	4
NCBITaxon:251706	2
NCBITaxon:251707	4
NCBITaxon:251720	2
NCBITaxon:2517206	4
NCBITaxon:251721	1
NCBITaxon:251722	7
NCBITaxon:251724	2
NCBITaxon:251747	10
NCBITaxon:2517819	1
NCBITaxon:2517904	2
NCBITaxon:2518128	1
NCBITaxon:2518135	2
NCBITaxon:2518177	1
NCBITaxon:2518322	1
NCBITaxon:2518370	1
NCBITaxon:2518371	1
NCBITaxon:2518372	1
NCBITaxon:2518605	3
NCBITaxon:2518612	2
NCBITaxon:2518644	4
NCBITaxon:2518645	1
NCBITaxon:2518684	1
NCBITaxon:2518930	1
NCBITaxon:2518931	1
NCBITaxon:2518971	3
NCBITaxon:2518973	2
NCBITaxon:2518974	1
NCBITaxon:2518975	1
NCBITaxon:2518976	1
NCBITaxon:2518977	1
NCBITaxon:2518979	1
NCBITaxon:2518980	1
NCBITaxon:2518983	1
NCBITaxon:2518989	2
NCBITaxon:252	5
NCBITaxon:2520507	1
NCBITaxon:2520508	1
NCBITaxon:252130	4
NCBITaxon:252184	1
NCBITaxon:252190	1
NCBITaxon:252191	1
NCBITaxon:252193	1
NCBITaxon:252230	6
NCBITaxon:252231	2
NCBITaxon:252246	2
NCBITaxon:252301	3
NCBITaxon:252302	6
NCBITaxon:252307	7
NCBITaxon:252356	1
NCBITaxon:252393	2
NCBITaxon:252394	2
NCBITaxon:252474	2
NCBITaxon:252514	4
NCBITaxon:252583	11
NCBITaxon:252597	1
NCBITaxon:252740	3
NCBITaxon:2527672	1
NCBITaxon:2527691	1
NCBITaxon:2527775	115
NCBITaxon:2527868	1
NCBITaxon:2527873	1
NCBITaxon:2527939	1
NCBITaxon:2527957	1
NCBITaxon:2527963	1
NCBITaxon:2527964	2
NCBITaxon:2527966	1
NCBITaxon:2527968	1
NCBITaxon:2527969	1
NCBITaxon:2527970	1
NCBITaxon:2527971	1
NCBITaxon:2527972	1
NCBITaxon:2527973	1
NCBITaxon:2527974	1
NCBITaxon:2527975	1
NCBITaxon:2527976	1
NCBITaxon:2527978	3
NCBITaxon:2527979	1
NCBITaxon:2527980	1
NCBITaxon:2527982	1
NCBITaxon:2527983	1
NCBITaxon:2527984	2
NCBITaxon:2527985	1
NCBITaxon:2527986	1
NCBITaxon:2527987	1
NCBITaxon:2527989	1
NCBITaxon:2527990	2
NCBITaxon:2527991	1
NCBITaxon:2527994	1
NCBITaxon:2527995	2
NCBITaxon:2527996	2
NCBITaxon:2527999	1
NCBITaxon:2528000	1
NCBITaxon:2528001	1
NCBITaxon:2528002	1
NCBITaxon:2528003	1
NCBITaxon:2528004	1
NCBITaxon:2528005	1
NCBITaxon:2528007	1
NCBITaxon:2528008	1
NCBITaxon:2528009	1
NCBITaxon:2528010	1
NCBITaxon:2528011	2
NCBITaxon:2528013	1
NCBITaxon:2528015	1
NCBITaxon:2528016	1
NCBITaxon:2528017	1
NCBITaxon:2528018	1
NCBITaxon:2528019	1
NCBITaxon:2528020	1
NCBITaxon:2528021	1
NCBITaxon:2528022	2
NCBITaxon:2528023	1
NCBITaxon:2528024	1
NCBITaxon:2528025	1
NCBITaxon:2528026	1
NCBITaxon:2528027	1
NCBITaxon:2528032	1
NCBITaxon:2528033	1
NCBITaxon:2528036	1
NCBITaxon:2528037	2
NCBITaxon:2528175	1
NCBITaxon:2528176	1
NCBITaxon:2528202	1
NCBITaxon:2528206	1
NCBITaxon:2528239	2
NCBITaxon:2528244	1
NCBITaxon:2528245	1
NCBITaxon:2528248	1
NCBITaxon:2528333	4
NCBITaxon:2528527	1
NCBITaxon:2528593	4
NCBITaxon:2528630	1
NCBITaxon:2528631	1
NCBITaxon:2528639	2
NCBITaxon:2528642	2
NCBITaxon:2528703	4
NCBITaxon:2528712	1
NCBITaxon:2528713	3
NCBITaxon:2528715	1
NCBITaxon:2528786	1
NCBITaxon:2528831	1
NCBITaxon:2528964	1
NCBITaxon:2528966	1
NCBITaxon:2528971	1
NCBITaxon:2528979	1
NCBITaxon:2529274	1
NCBITaxon:2529275	1
NCBITaxon:2529379	1
NCBITaxon:2529380	1
NCBITaxon:2529381	2
NCBITaxon:2529382	1
NCBITaxon:2529383	1
NCBITaxon:2529389	1
NCBITaxon:2529433	1
NCBITaxon:252965	1
NCBITaxon:252966	2
NCBITaxon:252967	3
NCBITaxon:252970	9
NCBITaxon:2529843	5
NCBITaxon:2529852	1
NCBITaxon:2529853	1
NCBITaxon:2529854	1
NCBITaxon:253	132
NCBITaxon:2530043	1
NCBITaxon:2530049	1
NCBITaxon:2530061	1
NCBITaxon:2530200	1
NCBITaxon:2530207	1
NCBITaxon:2530368	1
NCBITaxon:2530372	1
NCBITaxon:2530373	1
NCBITaxon:2530374	1
NCBITaxon:2530375	1
NCBITaxon:2530382	1
NCBITaxon:2530383	2
NCBITaxon:2530384	1
NCBITaxon:2530385	1
NCBITaxon:2530386	1
NCBITaxon:2530387	1
NCBITaxon:2530390	4
NCBITaxon:2530391	3
NCBITaxon:2530451	1
NCBITaxon:2530452	1
NCBITaxon:2530453	1
NCBITaxon:2530454	2
NCBITaxon:2530455	1
NCBITaxon:2530456	1
NCBITaxon:253101	1
NCBITaxon:253104	1
NCBITaxon:253108	3
NCBITaxon:253160	1
NCBITaxon:253161	135
NCBITaxon:253184	3
NCBITaxon:253239	8
NCBITaxon:253245	3
NCBITaxon:253256	2
NCBITaxon:253257	4
NCBITaxon:253288	1
NCBITaxon:253302	1
NCBITaxon:253303	1
NCBITaxon:253305	1
NCBITaxon:253306	2
NCBITaxon:253309	1
NCBITaxon:253314	7
NCBITaxon:253628	1
NCBITaxon:253703	2
NCBITaxon:253830	2
NCBITaxon:254	8
NCBITaxon:254056	1
NCBITaxon:2540710	1
NCBITaxon:254161	5
NCBITaxon:2541721	1
NCBITaxon:2541724	1
NCBITaxon:2541725	1
NCBITaxon:2541726	1
NCBITaxon:2541727	1
NCBITaxon:2541728	1
NCBITaxon:2541731	1
NCBITaxon:2541732	1
NCBITaxon:2541733	1
NCBITaxon:2541734	1
NCBITaxon:254246	4
NCBITaxon:254247	3
NCBITaxon:254356	3
NCBITaxon:254357	4
NCBITaxon:254358	1
NCBITaxon:254406	5
NCBITaxon:254408	2
NCBITaxon:254410	2
NCBITaxon:254439	3
NCBITaxon:2545621	1
NCBITaxon:2545633	1
NCBITaxon:2545717	1
NCBITaxon:2545753	1
NCBITaxon:2545755	1
NCBITaxon:2545756	1
NCBITaxon:2545757	1
NCBITaxon:2545760	1
NCBITaxon:2545761	1
NCBITaxon:2545913	1
NCBITaxon:2545983	1
NCBITaxon:2546095	1
NCBITaxon:2546128	2
NCBITaxon:2546201	1
NCBITaxon:2546226	1
NCBITaxon:2546227	1
NCBITaxon:2546320	1
NCBITaxon:2546340	1
NCBITaxon:2546344	1
NCBITaxon:2546349	1
NCBITaxon:2546350	1
NCBITaxon:2546446	1
NCBITaxon:2546448	1
NCBITaxon:254719	4
NCBITaxon:2547244	1
NCBITaxon:2547392	1
NCBITaxon:2547393	1
NCBITaxon:2547394	1
NCBITaxon:2547395	2
NCBITaxon:2547396	1
NCBITaxon:2547397	1
NCBITaxon:2547399	1
NCBITaxon:2547401	1
NCBITaxon:2547402	1
NCBITaxon:2547404	1
NCBITaxon:2547410	1
NCBITaxon:2547423	1
NCBITaxon:254757	2
NCBITaxon:254758	15
NCBITaxon:254759	9
NCBITaxon:2547600	1
NCBITaxon:2547811	1
NCBITaxon:2547833	1
NCBITaxon:254784	1
NCBITaxon:254785	25
NCBITaxon:254786	3
NCBITaxon:254787	2
NCBITaxon:254788	4
NCBITaxon:254793	3
NCBITaxon:2547960	1
NCBITaxon:2547961	1
NCBITaxon:2547970	1
NCBITaxon:254839	3
NCBITaxon:2548426	14
NCBITaxon:2548439	1
NCBITaxon:2548455	2
NCBITaxon:2548456	1
NCBITaxon:254876	1
NCBITaxon:254877	2
NCBITaxon:254901	1
NCBITaxon:254933	1
NCBITaxon:254945	2
NCBITaxon:254954	1
NCBITaxon:254955	4
NCBITaxon:255042	2
NCBITaxon:255045	32
NCBITaxon:255053	1
NCBITaxon:255204	1
NCBITaxon:255205	9
NCBITaxon:255209	2
NCBITaxon:255212	1
NCBITaxon:255213	1
NCBITaxon:255214	1
NCBITaxon:255247	6
NCBITaxon:255248	1
NCBITaxon:2552766	2
NCBITaxon:2552946	1
NCBITaxon:2552981	1
NCBITaxon:2552982	1
NCBITaxon:2552983	1
NCBITaxon:255381	1
NCBITaxon:255435	6
NCBITaxon:255436	2
NCBITaxon:255457	4
NCBITaxon:255474	5
NCBITaxon:255507	9
NCBITaxon:255519	9
NCBITaxon:255526	2
NCBITaxon:255528	1
NCBITaxon:2555642	1
NCBITaxon:2555643	1
NCBITaxon:2555898	1
NCBITaxon:2555902	1
NCBITaxon:255601	1
NCBITaxon:255602	1
NCBITaxon:255616	3
NCBITaxon:255703	1
NCBITaxon:255719	1
NCBITaxon:255723	4
NCBITaxon:2558174	1
NCBITaxon:2558175	1
NCBITaxon:2558242	1
NCBITaxon:2558360	3
NCBITaxon:2558361	1
NCBITaxon:2558362	1
NCBITaxon:2558918	1
NCBITaxon:2558931	1
NCBITaxon:2559073	5
NCBITaxon:255919	1
NCBITaxon:2559226	1
NCBITaxon:2559571	1
NCBITaxon:2559572	1
NCBITaxon:2559573	1
NCBITaxon:2559600	1
NCBITaxon:2559601	1
NCBITaxon:2559804	1
NCBITaxon:255984	5
NCBITaxon:2559918	1
NCBITaxon:2559925	1
NCBITaxon:2559929	2
NCBITaxon:256	65
NCBITaxon:2560010	2
NCBITaxon:2560053	4
NCBITaxon:2560054	2
NCBITaxon:2560055	2
NCBITaxon:256034	6
NCBITaxon:256035	3
NCBITaxon:256037	4
NCBITaxon:2560861	1
NCBITaxon:2561898	1
NCBITaxon:2561927	2
NCBITaxon:2561931	1
NCBITaxon:2561932	1
NCBITaxon:2561933	1
NCBITaxon:2561934	1
NCBITaxon:2562116	47
NCBITaxon:2562153	1
NCBITaxon:2562169	1
NCBITaxon:2562237	1
NCBITaxon:2562278	1
NCBITaxon:2562279	1
NCBITaxon:2562280	1
NCBITaxon:2562282	1
NCBITaxon:2562283	1
NCBITaxon:2562285	1
NCBITaxon:2562294	1
NCBITaxon:2562439	1
NCBITaxon:2562449	1
NCBITaxon:2562451	2
NCBITaxon:2562452	1
NCBITaxon:2562524	2
NCBITaxon:2562655	1
NCBITaxon:2562681	1
NCBITaxon:2562682	1
NCBITaxon:2562683	1
NCBITaxon:2562684	1
NCBITaxon:2562685	1
NCBITaxon:2562704	1
NCBITaxon:2562705	13
NCBITaxon:2562762	1
NCBITaxon:2562764	1
NCBITaxon:2562824	1
NCBITaxon:2562860	1
NCBITaxon:2562891	1
NCBITaxon:2562892	2
NCBITaxon:2562949	2
NCBITaxon:2563114	1
NCBITaxon:256318	1
NCBITaxon:256323	4
NCBITaxon:256324	3
NCBITaxon:256325	6
NCBITaxon:256326	3
NCBITaxon:2563443	1
NCBITaxon:2563444	1
NCBITaxon:2563796	10
NCBITaxon:2563889	1
NCBITaxon:2563896	1
NCBITaxon:2563898	1
NCBITaxon:2563899	1
NCBITaxon:2563900	1
NCBITaxon:2563901	1
NCBITaxon:2563902	1
NCBITaxon:2563903	1
NCBITaxon:2563904	1
NCBITaxon:2563905	1
NCBITaxon:2563906	1
NCBITaxon:2563907	1
NCBITaxon:2563908	1
NCBITaxon:2563909	1
NCBITaxon:2563910	1
NCBITaxon:2563911	1
NCBITaxon:2563912	1
NCBITaxon:2563913	1
NCBITaxon:2563914	1
NCBITaxon:2563915	1
NCBITaxon:2563916	1
NCBITaxon:2563917	1
NCBITaxon:2563918	1
NCBITaxon:2563919	1
NCBITaxon:2563920	1
NCBITaxon:2564040	1
NCBITaxon:2564098	1
NCBITaxon:2564099	1
NCBITaxon:2564100	1
NCBITaxon:2564132	1
NCBITaxon:2564181	1
NCBITaxon:2564223	3
NCBITaxon:2564231	1
NCBITaxon:2564271	2
NCBITaxon:2564307	67
NCBITaxon:2564322	3
NCBITaxon:2564368	2
NCBITaxon:2564391	1
NCBITaxon:2564394	9
NCBITaxon:2564468	1
NCBITaxon:2564534	1
NCBITaxon:2564537	1
NCBITaxon:2564615	1
NCBITaxon:2564624	6
NCBITaxon:2564646	1
NCBITaxon:256466	5
NCBITaxon:2564701	2
NCBITaxon:2564703	1
NCBITaxon:2564717	5
NCBITaxon:2564752	1
NCBITaxon:2564799	8
NCBITaxon:2564837	1
NCBITaxon:2564864	2
NCBITaxon:2564885	2
NCBITaxon:2564887	1
NCBITaxon:2564912	1
NCBITaxon:2564937	1
NCBITaxon:2564955	1
NCBITaxon:2564960	1
NCBITaxon:2565057	3
NCBITaxon:2565091	2
NCBITaxon:2565135	1
NCBITaxon:2565153	1
NCBITaxon:2565170	1
NCBITaxon:2565180	1
NCBITaxon:2565191	3
NCBITaxon:2565234	1
NCBITaxon:2565273	1
NCBITaxon:2565365	1
NCBITaxon:2565367	1
NCBITaxon:2565368	10
NCBITaxon:2565531	1
NCBITaxon:2565549	1
NCBITaxon:2565572	3
NCBITaxon:2565582	4
NCBITaxon:2565624	1
NCBITaxon:2565777	1
NCBITaxon:2565781	1
NCBITaxon:2565782	2
NCBITaxon:2565783	1
NCBITaxon:2565924	1
NCBITaxon:2565925	1
NCBITaxon:2565926	1
NCBITaxon:2565930	1
NCBITaxon:2565931	3
NCBITaxon:2565932	1
NCBITaxon:2565933	1
NCBITaxon:2565934	1
NCBITaxon:2566013	5
NCBITaxon:256616	5
NCBITaxon:256618	2
NCBITaxon:256645	1
NCBITaxon:256701	9
NCBITaxon:256702	3
NCBITaxon:256731	2
NCBITaxon:2567861	1
NCBITaxon:2567896	1
NCBITaxon:2567941	1
NCBITaxon:2567942	2
NCBITaxon:2567944	1
NCBITaxon:2567971	1
NCBITaxon:2567972	1
NCBITaxon:2568007	1
NCBITaxon:256821	2
NCBITaxon:256826	4
NCBITaxon:256839	3
NCBITaxon:256845	7
NCBITaxon:256847	2
NCBITaxon:2568655	1
NCBITaxon:2569479	1
NCBITaxon:2569540	1
NCBITaxon:2569541	1
NCBITaxon:2569548	1
NCBITaxon:2569760	8
NCBITaxon:2569763	1
NCBITaxon:2569853	1
NCBITaxon:2569855	1
NCBITaxon:2569858	1
NCBITaxon:2569859	1
NCBITaxon:257003	2
NCBITaxon:2570226	1
NCBITaxon:2570227	1
NCBITaxon:2570228	1
NCBITaxon:2570229	1
NCBITaxon:2570311	1
NCBITaxon:2570323	1
NCBITaxon:2570350	1
NCBITaxon:2570351	1
NCBITaxon:2570352	1
NCBITaxon:2570354	1
NCBITaxon:2570355	1
NCBITaxon:2570586	2
NCBITaxon:2570895	1
NCBITaxon:2570926	1
NCBITaxon:2570927	1
NCBITaxon:2571105	1
NCBITaxon:2571116	1
NCBITaxon:2571125	1
NCBITaxon:2571129	2
NCBITaxon:2571141	1
NCBITaxon:2571143	1
NCBITaxon:2571148	2
NCBITaxon:2571150	1
NCBITaxon:2571155	1
NCBITaxon:2571161	1
NCBITaxon:2571175	1
NCBITaxon:2571221	3
NCBITaxon:2571256	1
NCBITaxon:2571260	3
NCBITaxon:2571270	1
NCBITaxon:2571271	1
NCBITaxon:2571272	1
NCBITaxon:2571273	1
NCBITaxon:2571746	1
NCBITaxon:2571747	1
NCBITaxon:2571748	1
NCBITaxon:2571750	2
NCBITaxon:2572087	5
NCBITaxon:2572088	1
NCBITaxon:2572089	1
NCBITaxon:2572203	1
NCBITaxon:2572245	1
NCBITaxon:2572249	1
NCBITaxon:2572250	1
NCBITaxon:2572576	1
NCBITaxon:2572577	1
NCBITaxon:2572594	1
NCBITaxon:2572650	1
NCBITaxon:2572677	1
NCBITaxon:2572684	1
NCBITaxon:2572686	1
NCBITaxon:2572687	2
NCBITaxon:2572688	3
NCBITaxon:2572689	1
NCBITaxon:2572690	1
NCBITaxon:2572692	1
NCBITaxon:2572694	1
NCBITaxon:2572695	2
NCBITaxon:2572696	1
NCBITaxon:2572697	1
NCBITaxon:2572698	2
NCBITaxon:2572705	1
NCBITaxon:2572722	1
NCBITaxon:257274	3
NCBITaxon:257275	2
NCBITaxon:257277	4
NCBITaxon:257281	4
NCBITaxon:257285	3
NCBITaxon:2572923	5
NCBITaxon:257309	1
NCBITaxon:2573093	1
NCBITaxon:257363	1
NCBITaxon:257382	1
NCBITaxon:257383	1
NCBITaxon:257384	1
NCBITaxon:257385	1
NCBITaxon:257386	1
NCBITaxon:257387	1
NCBITaxon:257388	1
NCBITaxon:257389	1
NCBITaxon:257390	1
NCBITaxon:257391	1
NCBITaxon:257392	1
NCBITaxon:257393	1
NCBITaxon:257394	1
NCBITaxon:257395	1
NCBITaxon:257396	1
NCBITaxon:257397	1
NCBITaxon:257398	1
NCBITaxon:257399	1
NCBITaxon:257400	1
NCBITaxon:257401	1
NCBITaxon:257402	1
NCBITaxon:257403	1
NCBITaxon:257438	22
NCBITaxon:257440	5
NCBITaxon:257446	6
NCBITaxon:257454	5
NCBITaxon:257465	2
NCBITaxon:2574727	3
NCBITaxon:2574733	1
NCBITaxon:2574734	1
NCBITaxon:2574735	1
NCBITaxon:2574798	1
NCBITaxon:257501	1
NCBITaxon:2575440	2
NCBITaxon:2575441	1
NCBITaxon:2575442	4
NCBITaxon:2575443	1
NCBITaxon:2575567	1
NCBITaxon:2575815	1
NCBITaxon:2575867	1
NCBITaxon:2576036	2
NCBITaxon:2576037	1
NCBITaxon:2576071	1
NCBITaxon:2576211	1
NCBITaxon:2576305	1
NCBITaxon:2576308	1
NCBITaxon:2576384	1
NCBITaxon:2576752	16
NCBITaxon:2576756	3
NCBITaxon:2576776	1
NCBITaxon:2576777	1
NCBITaxon:2576829	1
NCBITaxon:2576840	1
NCBITaxon:2576851	2
NCBITaxon:2576891	1
NCBITaxon:2576905	6
NCBITaxon:2576932	1
NCBITaxon:257708	20
NCBITaxon:2577098	1
NCBITaxon:257758	65
NCBITaxon:257772	4
NCBITaxon:2577858	1
NCBITaxon:2577863	1
NCBITaxon:2577901	1
NCBITaxon:257799	1
NCBITaxon:2578117	2
NCBITaxon:2578118	1
NCBITaxon:2578121	16
NCBITaxon:2578211	1
NCBITaxon:2579147	1
NCBITaxon:2579247	2
NCBITaxon:2579791	1
NCBITaxon:257984	4
NCBITaxon:257986	1
NCBITaxon:2579922	3
NCBITaxon:2579935	1
NCBITaxon:2579942	1
NCBITaxon:2579970	4
NCBITaxon:2579971	2
NCBITaxon:2579975	2
NCBITaxon:2579976	1
NCBITaxon:258	86
NCBITaxon:2580412	1
NCBITaxon:2580413	1
NCBITaxon:2580423	1
NCBITaxon:258049	5
NCBITaxon:258050	5
NCBITaxon:258051	5
NCBITaxon:258052	6
NCBITaxon:2580523	1
NCBITaxon:258053	5
NCBITaxon:2580566	1
NCBITaxon:258224	4
NCBITaxon:2582419	2
NCBITaxon:2582420	1
NCBITaxon:258255	2
NCBITaxon:258256	3
NCBITaxon:2582783	1
NCBITaxon:2582829	1
NCBITaxon:2582835	1
NCBITaxon:2582836	1
NCBITaxon:2582848	1
NCBITaxon:2582849	1
NCBITaxon:2582893	1
NCBITaxon:2582913	1
NCBITaxon:2582914	1
NCBITaxon:2582917	1
NCBITaxon:2582921	2
NCBITaxon:2583219	2
NCBITaxon:2583231	2
NCBITaxon:2583234	1
NCBITaxon:2583355	7
NCBITaxon:2583373	1
NCBITaxon:2583376	4
NCBITaxon:2583377	2
NCBITaxon:2583452	4
NCBITaxon:2583531	1
NCBITaxon:2583532	2
NCBITaxon:2583587	1
NCBITaxon:2583588	24
NCBITaxon:2583589	1
NCBITaxon:2583590	1
NCBITaxon:2583591	1
NCBITaxon:2583592	1
NCBITaxon:2583593	1
NCBITaxon:2583631	1
NCBITaxon:2583810	1
NCBITaxon:2583814	1
NCBITaxon:2583815	1
NCBITaxon:2583820	1
NCBITaxon:2583821	1
NCBITaxon:2583823	1
NCBITaxon:2583824	2
NCBITaxon:2583849	2
NCBITaxon:2583990	1
NCBITaxon:2583991	1
NCBITaxon:2583992	1
NCBITaxon:2584084	1
NCBITaxon:2584085	1
NCBITaxon:2584086	1
NCBITaxon:2584121	1
NCBITaxon:2584122	1
NCBITaxon:2584124	1
NCBITaxon:2584183	5
NCBITaxon:2584467	1
NCBITaxon:2584524	1
NCBITaxon:258475	3
NCBITaxon:2584941	1
NCBITaxon:2584944	1
NCBITaxon:2585029	6
NCBITaxon:258505	7
NCBITaxon:2585117	3
NCBITaxon:2585118	8
NCBITaxon:2585119	4
NCBITaxon:2585141	1
NCBITaxon:258515	2
NCBITaxon:2585196	1
NCBITaxon:2585198	1
NCBITaxon:2585199	1
NCBITaxon:2585200	1
NCBITaxon:2585206	1
NCBITaxon:2585211	2
NCBITaxon:258533	4
NCBITaxon:2585369	1
NCBITaxon:2585717	3
NCBITaxon:2585771	1
NCBITaxon:2585773	1
NCBITaxon:2585775	1
NCBITaxon:2586635	1
NCBITaxon:2586642	3
NCBITaxon:2586643	1
NCBITaxon:2586906	1
NCBITaxon:2586908	1
NCBITaxon:2586909	2
NCBITaxon:2586965	1
NCBITaxon:2587160	1
NCBITaxon:2587162	1
NCBITaxon:258723	3
NCBITaxon:2587396	2
NCBITaxon:2587404	2
NCBITaxon:2587410	7
NCBITaxon:2587411	1
NCBITaxon:2587412	2
NCBITaxon:2587416	1
NCBITaxon:2587417	1
NCBITaxon:2587418	1
NCBITaxon:2587465	1
NCBITaxon:2587529	4
NCBITaxon:2587806	1
NCBITaxon:2587807	1
NCBITaxon:2587808	1
NCBITaxon:2587813	1
NCBITaxon:2587862	1
NCBITaxon:2588326	1
NCBITaxon:2588449	1
NCBITaxon:2588497	1
NCBITaxon:2588534	3
NCBITaxon:2588535	2
NCBITaxon:2588536	28
NCBITaxon:2588711	1
NCBITaxon:2588716	1
NCBITaxon:2588717	1
NCBITaxon:2588938	1
NCBITaxon:2588941	1
NCBITaxon:2588942	1
NCBITaxon:2588991	1
NCBITaxon:2589074	1
NCBITaxon:2589080	3
NCBITaxon:2589786	1
NCBITaxon:2589788	1
NCBITaxon:2589797	1
NCBITaxon:2589807	1
NCBITaxon:258981	1
NCBITaxon:2589815	1
NCBITaxon:2589816	1
NCBITaxon:2589817	1
NCBITaxon:2589994	1
NCBITaxon:2589995	1
NCBITaxon:259	31
NCBITaxon:2590012	1
NCBITaxon:2590015	1
NCBITaxon:2590020	1
NCBITaxon:2590021	1
NCBITaxon:2590022	1
NCBITaxon:2590031	1
NCBITaxon:2590157	4
NCBITaxon:2590199	1
NCBITaxon:2590211	1
NCBITaxon:2590212	1
NCBITaxon:2590213	1
NCBITaxon:2590451	1
NCBITaxon:2590452	1
NCBITaxon:2590453	1
NCBITaxon:2590551	1
NCBITaxon:2590574	51
NCBITaxon:259059	9
NCBITaxon:259063	3
NCBITaxon:2590779	1
NCBITaxon:2590786	1
NCBITaxon:2590867	1
NCBITaxon:2590869	1
NCBITaxon:2590884	1
NCBITaxon:2590886	1
NCBITaxon:2590900	1
NCBITaxon:2590901	1
NCBITaxon:2590999	1
NCBITaxon:2591008	1
NCBITaxon:2591009	1
NCBITaxon:2591109	1
NCBITaxon:2591147	1
NCBITaxon:2591470	1
NCBITaxon:2591633	1
NCBITaxon:2591634	1
NCBITaxon:2591635	1
NCBITaxon:2591691	1
NCBITaxon:2591822	2
NCBITaxon:2591847	1
NCBITaxon:2591848	1
NCBITaxon:2592046	1
NCBITaxon:2592048	1
NCBITaxon:2592049	1
NCBITaxon:2592065	1
NCBITaxon:2592067	1
NCBITaxon:2592068	1
NCBITaxon:2592333	2
NCBITaxon:2592382	1
NCBITaxon:2592383	1
NCBITaxon:2592614	1
NCBITaxon:2592652	1
NCBITaxon:2592653	1
NCBITaxon:2592654	1
NCBITaxon:2592655	1
NCBITaxon:2592656	2
NCBITaxon:2592657	1
NCBITaxon:2592811	2
NCBITaxon:2593007	1
NCBITaxon:2593021	1
NCBITaxon:2593070	1
NCBITaxon:259315	2
NCBITaxon:2593301	1
NCBITaxon:2593302	1
NCBITaxon:2593303	1
NCBITaxon:2593304	1
NCBITaxon:2593411	1
NCBITaxon:2593535	1
NCBITaxon:259354	4
NCBITaxon:2593652	1
NCBITaxon:2593653	1
NCBITaxon:2593654	1
NCBITaxon:2593655	1
NCBITaxon:2593656	1
NCBITaxon:2593674	1
NCBITaxon:2593676	13
NCBITaxon:259368	2
NCBITaxon:259385	1
NCBITaxon:259390	5
NCBITaxon:2593957	2
NCBITaxon:2593973	1
NCBITaxon:2593994	1
NCBITaxon:2594003	1
NCBITaxon:2594004	1
NCBITaxon:2594042	1
NCBITaxon:2594179	4
NCBITaxon:2594265	1
NCBITaxon:2594267	2
NCBITaxon:2594422	1
NCBITaxon:2594423	1
NCBITaxon:2594428	1
NCBITaxon:2594430	2
NCBITaxon:2594432	5
NCBITaxon:2594473	1
NCBITaxon:2594475	1
NCBITaxon:2594478	1
NCBITaxon:2594501	1
NCBITaxon:2594790	1
NCBITaxon:2594794	1
NCBITaxon:2594795	1
NCBITaxon:2594798	5
NCBITaxon:2594811	1
NCBITaxon:2594820	1
NCBITaxon:2594821	1
NCBITaxon:2594882	1
NCBITaxon:2594883	1
NCBITaxon:2594886	1
NCBITaxon:2594913	5
NCBITaxon:2594946	1
NCBITaxon:2595004	1
NCBITaxon:2595005	1
NCBITaxon:2595039	1
NCBITaxon:2595041	1
NCBITaxon:2595053	1
NCBITaxon:2595054	2
NCBITaxon:2596704	1
NCBITaxon:2596828	1
NCBITaxon:2596890	1
NCBITaxon:2596891	1
NCBITaxon:2596892	1
NCBITaxon:2596893	1
NCBITaxon:2596921	1
NCBITaxon:2596946	1
NCBITaxon:2596947	1
NCBITaxon:2596975	1
NCBITaxon:2597270	1
NCBITaxon:2597517	1
NCBITaxon:2597518	1
NCBITaxon:2597659	2
NCBITaxon:2597660	2
NCBITaxon:2597670	1
NCBITaxon:2597671	1
NCBITaxon:2597701	1
NCBITaxon:2597702	1
NCBITaxon:2597703	1
NCBITaxon:2597768	1
NCBITaxon:2597822	1
NCBITaxon:2597823	1
NCBITaxon:259840	1
NCBITaxon:2598455	1
NCBITaxon:2598458	1
NCBITaxon:2598460	1
NCBITaxon:2598579	1
NCBITaxon:2598725	1
NCBITaxon:2598730	1
NCBITaxon:2598861	3
NCBITaxon:259899	1
NCBITaxon:2599291	1
NCBITaxon:2599293	1
NCBITaxon:2599294	1
NCBITaxon:2599295	1
NCBITaxon:2599296	1
NCBITaxon:2599297	1
NCBITaxon:2599305	2
NCBITaxon:2599308	1
NCBITaxon:259936	2
NCBITaxon:2599389	1
NCBITaxon:2599398	1
NCBITaxon:259940	1
NCBITaxon:2599401	1
NCBITaxon:2599412	1
NCBITaxon:2599595	1
NCBITaxon:2599596	4
NCBITaxon:2599600	1
NCBITaxon:2599607	3
NCBITaxon:2599615	1
NCBITaxon:2599640	1
NCBITaxon:2599694	1
NCBITaxon:2599924	1
NCBITaxon:2599927	2
NCBITaxon:2599941	1
NCBITaxon:2600065	4
NCBITaxon:2600176	2
NCBITaxon:2600177	1
NCBITaxon:2600232	3
NCBITaxon:2600299	1
NCBITaxon:260050	1
NCBITaxon:2600579	1
NCBITaxon:2600580	1
NCBITaxon:2600598	4
NCBITaxon:2600619	1
NCBITaxon:260084	2
NCBITaxon:260085	4
NCBITaxon:260086	4
NCBITaxon:2601122	1
NCBITaxon:2601267	1
NCBITaxon:2601575	1
NCBITaxon:2601646	1
NCBITaxon:2601668	2
NCBITaxon:2601677	1
NCBITaxon:2601682	1
NCBITaxon:2601703	1
NCBITaxon:2601811	1
NCBITaxon:2601843	1
NCBITaxon:2601869	1
NCBITaxon:2602015	1
NCBITaxon:2602016	1
NCBITaxon:2602069	1
NCBITaxon:2602289	1
NCBITaxon:2602574	1
NCBITaxon:2602750	1
NCBITaxon:2602767	1
NCBITaxon:2602769	1
NCBITaxon:2603206	2
NCBITaxon:2603208	1
NCBITaxon:2603209	1
NCBITaxon:2603215	1
NCBITaxon:2603253	1
NCBITaxon:2603288	2
NCBITaxon:2603298	1
NCBITaxon:2603600	1
NCBITaxon:2603628	1
NCBITaxon:260364	2
NCBITaxon:260365	1
NCBITaxon:260367	1
NCBITaxon:260368	1
NCBITaxon:2603818	1
NCBITaxon:2603819	1
NCBITaxon:2603836	1
NCBITaxon:2603856	1
NCBITaxon:2603857	1
NCBITaxon:2603858	1
NCBITaxon:2604047	2
NCBITaxon:2604086	1
NCBITaxon:2604091	1
NCBITaxon:2604158	2
NCBITaxon:2604328	1
NCBITaxon:2604345	1
NCBITaxon:2604423	1
NCBITaxon:2604424	1
NCBITaxon:2604471	1
NCBITaxon:2604572	1
NCBITaxon:2604685	1
NCBITaxon:2604800	1
NCBITaxon:2604832	2
NCBITaxon:260499	1
NCBITaxon:2605270	4
NCBITaxon:2605272	2
NCBITaxon:2605383	2
NCBITaxon:2605428	1
NCBITaxon:2605429	1
NCBITaxon:2605430	1
NCBITaxon:2605432	1
NCBITaxon:2605433	1
NCBITaxon:260552	8
NCBITaxon:260553	8
NCBITaxon:260554	30
NCBITaxon:2605619	16
NCBITaxon:2605620	1
NCBITaxon:2605638	1
NCBITaxon:2605694	2
NCBITaxon:2605706	1
NCBITaxon:2605747	1
NCBITaxon:2605748	1
NCBITaxon:2605778	1
NCBITaxon:2605781	1
NCBITaxon:2605782	1
NCBITaxon:2605789	2
NCBITaxon:2605790	1
NCBITaxon:2605945	1
NCBITaxon:2605946	1
NCBITaxon:2605989	4
NCBITaxon:2606214	1
NCBITaxon:2606216	1
NCBITaxon:2606218	1
NCBITaxon:2606219	1
NCBITaxon:2606412	1
NCBITaxon:2606439	1
NCBITaxon:2606448	1
NCBITaxon:2606449	1
NCBITaxon:2606520	1
NCBITaxon:2606546	1
NCBITaxon:2606547	1
NCBITaxon:2606548	1
NCBITaxon:2606549	1
NCBITaxon:2606586	1
NCBITaxon:2606593	1
NCBITaxon:2606615	2
NCBITaxon:2606616	2
NCBITaxon:2606626	2
NCBITaxon:2606628	1
NCBITaxon:2606629	1
NCBITaxon:2606630	1
NCBITaxon:2606631	1
NCBITaxon:2606632	1
NCBITaxon:2606633	2
NCBITaxon:2606634	1
NCBITaxon:2606635	1
NCBITaxon:2606636	1
NCBITaxon:2606637	1
NCBITaxon:2606638	1
NCBITaxon:2606640	1
NCBITaxon:2606681	1
NCBITaxon:260670	1
NCBITaxon:2606708	1
NCBITaxon:2606709	2
NCBITaxon:260671	1
NCBITaxon:2606717	2
NCBITaxon:260676	2
NCBITaxon:260677	6
NCBITaxon:260678	9
NCBITaxon:260680	8
NCBITaxon:260681	4
NCBITaxon:2606893	1
NCBITaxon:2606905	1
NCBITaxon:2606906	1
NCBITaxon:2606936	1
NCBITaxon:2606937	1
NCBITaxon:260704	1
NCBITaxon:260707	7
NCBITaxon:260710	1
NCBITaxon:260712	1
NCBITaxon:260714	12
NCBITaxon:2607284	1
NCBITaxon:2607286	1
NCBITaxon:2607330	1
NCBITaxon:2607407	1
NCBITaxon:2607497	1
NCBITaxon:2607506	1
NCBITaxon:2607614	2
NCBITaxon:2607653	1
NCBITaxon:2607654	1
NCBITaxon:2607655	1
NCBITaxon:2607656	2
NCBITaxon:2607659	1
NCBITaxon:2607660	1
NCBITaxon:2607663	1
NCBITaxon:2607726	3
NCBITaxon:2607907	1
NCBITaxon:2607908	3
NCBITaxon:2607910	1
NCBITaxon:260799	2
NCBITaxon:2607994	1
NCBITaxon:2607995	1
NCBITaxon:2607998	2
NCBITaxon:2608000	1
NCBITaxon:2608001	1
NCBITaxon:2608003	2
NCBITaxon:2608008	1
NCBITaxon:2608247	1
NCBITaxon:2608252	1
NCBITaxon:2608255	1
NCBITaxon:2608354	1
NCBITaxon:2608355	1
NCBITaxon:2608357	1
NCBITaxon:2608384	1
NCBITaxon:2608402	1
NCBITaxon:2608404	1
NCBITaxon:2608629	1
NCBITaxon:2608631	1
NCBITaxon:2608632	1
NCBITaxon:2608683	1
NCBITaxon:2608684	1
NCBITaxon:2608779	1
NCBITaxon:2608786	1
NCBITaxon:2608787	3
NCBITaxon:2608849	1
NCBITaxon:2608867	2
NCBITaxon:2608880	1
NCBITaxon:2608981	1
NCBITaxon:2608982	1
NCBITaxon:2608987	1
NCBITaxon:2608999	2
NCBITaxon:2609000	1
NCBITaxon:260915	2
NCBITaxon:260916	1
NCBITaxon:260917	2
NCBITaxon:2609175	1
NCBITaxon:2609267	1
NCBITaxon:2609280	1
NCBITaxon:2609281	1
NCBITaxon:2609282	1
NCBITaxon:2609417	1
NCBITaxon:2609445	1
NCBITaxon:2609562	1
NCBITaxon:2609667	2
NCBITaxon:2609668	1
NCBITaxon:2609813	1
NCBITaxon:2609961	1
NCBITaxon:2609964	1
NCBITaxon:2610880	2
NCBITaxon:2610884	1
NCBITaxon:2610898	1
NCBITaxon:2610899	1
NCBITaxon:261098	1
NCBITaxon:261164	5
NCBITaxon:261270	1
NCBITaxon:261276	1
NCBITaxon:261282	1
NCBITaxon:261290	4
NCBITaxon:261291	7
NCBITaxon:261299	20
NCBITaxon:261302	5
NCBITaxon:261317	1
NCBITaxon:2613334	3
NCBITaxon:2613769	11
NCBITaxon:2613842	1
NCBITaxon:2613904	1
NCBITaxon:261392	1
NCBITaxon:2613962	1
NCBITaxon:2613965	1
NCBITaxon:2614131	1
NCBITaxon:2614158	1
NCBITaxon:2614441	1
NCBITaxon:2614442	1
NCBITaxon:2614538	3
NCBITaxon:2614576	1
NCBITaxon:2614577	1
NCBITaxon:2614599	1
NCBITaxon:2614600	2
NCBITaxon:2614604	1
NCBITaxon:2614638	2
NCBITaxon:2614639	2
NCBITaxon:2614655	1
NCBITaxon:261467	1
NCBITaxon:2614688	1
NCBITaxon:2614693	1
NCBITaxon:261477	3
NCBITaxon:2614804	1
NCBITaxon:2614809	1
NCBITaxon:2614830	1
NCBITaxon:2615024	1
NCBITaxon:2615112	1
NCBITaxon:261512	5
NCBITaxon:2615184	3
NCBITaxon:2615203	1
NCBITaxon:2615204	3
NCBITaxon:2615207	1
NCBITaxon:2615211	1
NCBITaxon:2615214	1
NCBITaxon:261591	2
NCBITaxon:261594	1
NCBITaxon:261654	4
NCBITaxon:261658	1
NCBITaxon:261685	1
NCBITaxon:261694	1
NCBITaxon:261697	1
NCBITaxon:261825	1
NCBITaxon:261827	1
NCBITaxon:2618889	1
NCBITaxon:261905	1
NCBITaxon:2619133	1
NCBITaxon:261934	6
NCBITaxon:2619396	2
NCBITaxon:261963	1
NCBITaxon:261964	2
NCBITaxon:261965	2
NCBITaxon:262	2
NCBITaxon:262004	5
NCBITaxon:262005	3
NCBITaxon:262006	2
NCBITaxon:262076	5
NCBITaxon:262077	4
NCBITaxon:2621151	1
NCBITaxon:2621467	2
NCBITaxon:262208	3
NCBITaxon:262209	11
NCBITaxon:2622780	2
NCBITaxon:262316	2
NCBITaxon:262320	2
NCBITaxon:262323	6
NCBITaxon:262324	7
NCBITaxon:262325	1
NCBITaxon:262406	1
NCBITaxon:262489	1
NCBITaxon:262501	1
NCBITaxon:2625095	11
NCBITaxon:262543	2
NCBITaxon:2626047	1
NCBITaxon:2626594	1
NCBITaxon:262668	7
NCBITaxon:262698	1
NCBITaxon:262719	1
NCBITaxon:262727	1
NCBITaxon:262728	1
NCBITaxon:262768	1
NCBITaxon:262806	3
NCBITaxon:262898	5
NCBITaxon:2629087	1
NCBITaxon:263	199
NCBITaxon:263067	4
NCBITaxon:2630780	2
NCBITaxon:2631580	2
NCBITaxon:2633591	22
NCBITaxon:263369	5
NCBITaxon:263378	2
NCBITaxon:263474	3
NCBITaxon:263475	4
NCBITaxon:263476	6
NCBITaxon:2635962	3
NCBITaxon:263723	4
NCBITaxon:263724	3
NCBITaxon:263736	1
NCBITaxon:263743	1
NCBITaxon:2637762	7
NCBITaxon:263818	3
NCBITaxon:263819	15
NCBITaxon:2638206	1
NCBITaxon:263849	4
NCBITaxon:263852	1
NCBITaxon:263865	4
NCBITaxon:263906	4
NCBITaxon:263908	3
NCBITaxon:263909	5
NCBITaxon:263910	3
NCBITaxon:263913	1
NCBITaxon:264	29
NCBITaxon:264023	2
NCBITaxon:264024	1
NCBITaxon:264027	6
NCBITaxon:264030	1
NCBITaxon:264081	1
NCBITaxon:264083	1
NCBITaxon:264088	1
NCBITaxon:264109	1
NCBITaxon:264122	1
NCBITaxon:264123	1
NCBITaxon:264124	1
NCBITaxon:264126	2
NCBITaxon:264141	1
NCBITaxon:264144	1
NCBITaxon:264148	3
NCBITaxon:264203	16
NCBITaxon:264205	1
NCBITaxon:264251	8
NCBITaxon:264297	14
NCBITaxon:264361	1
NCBITaxon:264445	2
NCBITaxon:264446	3
NCBITaxon:264450	2
NCBITaxon:264451	4
NCBITaxon:264453	4
NCBITaxon:264454	1
NCBITaxon:264455	2
NCBITaxon:264457	2
NCBITaxon:264458	3
NCBITaxon:264459	2
NCBITaxon:264463	3
NCBITaxon:264483	15
NCBITaxon:264574	5
NCBITaxon:264633	1
NCBITaxon:264635	2
NCBITaxon:264636	1
NCBITaxon:264637	2
NCBITaxon:264639	1
NCBITaxon:264641	2
NCBITaxon:264691	32
NCBITaxon:264697	5
NCBITaxon:264730	1
NCBITaxon:264731	2
NCBITaxon:264736	4
NCBITaxon:264739	5
NCBITaxon:2648676	1
NCBITaxon:2648686	1
NCBITaxon:2649488	1
NCBITaxon:264951	2
NCBITaxon:264959	1
NCBITaxon:264964	1
NCBITaxon:264965	1
NCBITaxon:265	8
NCBITaxon:2650157	2
NCBITaxon:2650158	2
NCBITaxon:2650471	1
NCBITaxon:2650661	1
NCBITaxon:2650707	1
NCBITaxon:2650717	1
NCBITaxon:2650745	4
NCBITaxon:2650748	1
NCBITaxon:2650750	1
NCBITaxon:2650773	1
NCBITaxon:2650774	1
NCBITaxon:265084	1
NCBITaxon:2650924	2
NCBITaxon:2650975	1
NCBITaxon:265104	1
NCBITaxon:2651189	1
NCBITaxon:2651334	1
NCBITaxon:2651583	1
NCBITaxon:265175	4
NCBITaxon:265178	3
NCBITaxon:2651870	1
NCBITaxon:2652157	1
NCBITaxon:2652177	2
NCBITaxon:2652247	1
NCBITaxon:2652269	1
NCBITaxon:2652274	2
NCBITaxon:2652276	7
NCBITaxon:2652278	1
NCBITaxon:2652279	1
NCBITaxon:2652282	1
NCBITaxon:2652285	1
NCBITaxon:2652286	1
NCBITaxon:2652290	1
NCBITaxon:2652291	1
NCBITaxon:2652292	1
NCBITaxon:2652293	1
NCBITaxon:2652309	1
NCBITaxon:2652445	1
NCBITaxon:265291	2
NCBITaxon:265293	1
NCBITaxon:2653122	2
NCBITaxon:265317	29
NCBITaxon:2653179	1
NCBITaxon:2653180	1
NCBITaxon:2653181	1
NCBITaxon:2653182	1
NCBITaxon:2653194	1
NCBITaxon:2653200	1
NCBITaxon:265321	10
NCBITaxon:2653354	1
NCBITaxon:2653499	4
NCBITaxon:2653505	1
NCBITaxon:2653681	1
NCBITaxon:2653714	1
NCBITaxon:2653851	1
NCBITaxon:2653852	1
NCBITaxon:2653855	1
NCBITaxon:2653932	3
NCBITaxon:2653936	1
NCBITaxon:2654171	3
NCBITaxon:2654181	2
NCBITaxon:2654216	1
NCBITaxon:2654236	1
NCBITaxon:265425	2
NCBITaxon:2654252	1
NCBITaxon:265426	1
NCBITaxon:2654283	1
NCBITaxon:2654337	1
NCBITaxon:2654411	1
NCBITaxon:2654512	1
NCBITaxon:2654621	2
NCBITaxon:2654637	1
NCBITaxon:2654677	1
NCBITaxon:265470	2
NCBITaxon:265477	2
NCBITaxon:2654843	2
NCBITaxon:2654844	1
NCBITaxon:2654845	1
NCBITaxon:265487	4
NCBITaxon:2654874	3
NCBITaxon:265488	5
NCBITaxon:2654951	1
NCBITaxon:2654974	1
NCBITaxon:2654975	1
NCBITaxon:2654976	1
NCBITaxon:2654977	1
NCBITaxon:2654978	1
NCBITaxon:2654979	1
NCBITaxon:2654982	11
NCBITaxon:2654983	1
NCBITaxon:2654998	1
NCBITaxon:2655001	1
NCBITaxon:2655010	1
NCBITaxon:265524	1
NCBITaxon:265525	2
NCBITaxon:265536	1
NCBITaxon:265537	1
NCBITaxon:265540	1
NCBITaxon:265543	3
NCBITaxon:265546	10
NCBITaxon:265551	1
NCBITaxon:265554	1
NCBITaxon:265563	1
NCBITaxon:265564	1
NCBITaxon:265570	38
NCBITaxon:265572	1
NCBITaxon:265575	1
NCBITaxon:265584	1
NCBITaxon:265606	3
NCBITaxon:2656650	1
NCBITaxon:265668	5
NCBITaxon:265669	1
NCBITaxon:2656746	1
NCBITaxon:2656774	1
NCBITaxon:2656783	1
NCBITaxon:2656915	1
NCBITaxon:2656921	1
NCBITaxon:265726	8
NCBITaxon:265730	2
NCBITaxon:2657486	1
NCBITaxon:265883	4
NCBITaxon:265948	4
NCBITaxon:265949	4
NCBITaxon:265959	4
NCBITaxon:265960	2
NCBITaxon:265975	14
NCBITaxon:265976	3
NCBITaxon:265981	5
NCBITaxon:266	95
NCBITaxon:266009	3
NCBITaxon:266021	5
NCBITaxon:266061	1
NCBITaxon:266062	5
NCBITaxon:2660641	1
NCBITaxon:2660747	1
NCBITaxon:266121	5
NCBITaxon:266122	5
NCBITaxon:266123	5
NCBITaxon:266125	6
NCBITaxon:266126	2
NCBITaxon:266127	4
NCBITaxon:266128	5
NCBITaxon:266130	4
NCBITaxon:266149	1
NCBITaxon:2661583	1
NCBITaxon:2661587	1
NCBITaxon:2661627	3
NCBITaxon:2661628	3
NCBITaxon:2661630	1
NCBITaxon:2661687	1
NCBITaxon:2661851	1
NCBITaxon:2661937	1
NCBITaxon:2662028	1
NCBITaxon:2662066	1
NCBITaxon:2662126	1
NCBITaxon:2662143	1
NCBITaxon:2662258	1
NCBITaxon:2662261	1
NCBITaxon:2662262	1
NCBITaxon:2662264	1
NCBITaxon:2662362	2
NCBITaxon:2662364	2
NCBITaxon:2662397	1
NCBITaxon:2662446	1
NCBITaxon:2662447	1
NCBITaxon:2662454	1
NCBITaxon:2662455	2
NCBITaxon:2662757	1
NCBITaxon:2663008	1
NCBITaxon:2663009	11
NCBITaxon:2663019	1
NCBITaxon:2663022	1
NCBITaxon:2663029	1
NCBITaxon:2663173	1
NCBITaxon:2663346	1
NCBITaxon:2663347	1
NCBITaxon:2663348	1
NCBITaxon:2663349	1
NCBITaxon:2663350	1
NCBITaxon:2663351	1
NCBITaxon:2663379	1
NCBITaxon:2663380	1
NCBITaxon:2663533	1
NCBITaxon:2663692	1
NCBITaxon:2663693	1
NCBITaxon:2663694	1
NCBITaxon:2663695	1
NCBITaxon:2663696	1
NCBITaxon:2663698	1
NCBITaxon:2663733	1
NCBITaxon:2663752	1
NCBITaxon:2663832	1
NCBITaxon:2663842	1
NCBITaxon:2663843	1
NCBITaxon:2663847	2
NCBITaxon:2663857	2
NCBITaxon:2663859	2
NCBITaxon:2663870	1
NCBITaxon:2663873	1
NCBITaxon:2663907	3
NCBITaxon:2663919	1
NCBITaxon:2664089	1
NCBITaxon:2664091	2
NCBITaxon:2664430	1
NCBITaxon:2664436	1
NCBITaxon:2664442	5
NCBITaxon:2664451	1
NCBITaxon:2664850	1
NCBITaxon:2664894	1
NCBITaxon:2665146	2
NCBITaxon:2665155	3
NCBITaxon:2665156	1
NCBITaxon:2665158	1
NCBITaxon:2665159	1
NCBITaxon:2665161	2
NCBITaxon:2665176	1
NCBITaxon:2665203	3
NCBITaxon:2665222	1
NCBITaxon:2665478	1
NCBITaxon:2665495	1
NCBITaxon:2665496	1
NCBITaxon:2665504	1
NCBITaxon:2665642	1
NCBITaxon:2665643	1
NCBITaxon:2665644	1
NCBITaxon:2665645	1
NCBITaxon:2665663	1
NCBITaxon:2665665	1
NCBITaxon:2665720	1
NCBITaxon:2665721	1
NCBITaxon:2666025	1
NCBITaxon:2666033	1
NCBITaxon:2666047	4
NCBITaxon:2666072	1
NCBITaxon:2666075	1
NCBITaxon:2666081	2
NCBITaxon:2666082	1
NCBITaxon:2666083	1
NCBITaxon:2666084	1
NCBITaxon:2666085	1
NCBITaxon:2666100	2
NCBITaxon:2666134	1
NCBITaxon:2666135	1
NCBITaxon:2666136	1
NCBITaxon:2666137	1
NCBITaxon:2666138	2
NCBITaxon:2666140	1
NCBITaxon:2666141	1
NCBITaxon:2666142	1
NCBITaxon:2666143	1
NCBITaxon:2666183	18
NCBITaxon:2666184	1
NCBITaxon:2666191	1
NCBITaxon:2666248	3
NCBITaxon:2666250	3
NCBITaxon:2666256	1
NCBITaxon:2666263	1
NCBITaxon:2666298	4
NCBITaxon:2666307	1
NCBITaxon:2666329	1
NCBITaxon:2666344	2
NCBITaxon:2666346	13
NCBITaxon:266748	7
NCBITaxon:266749	6
NCBITaxon:266762	2
NCBITaxon:2668039	1
NCBITaxon:266805	1
NCBITaxon:2668052	1
NCBITaxon:2668065	1
NCBITaxon:2668075	1
NCBITaxon:266809	4
NCBITaxon:266810	2
NCBITaxon:266812	6
NCBITaxon:266835	2
NCBITaxon:266854	3
NCBITaxon:266892	3
NCBITaxon:266951	3
NCBITaxon:266952	6
NCBITaxon:267	9
NCBITaxon:2670329	1
NCBITaxon:2670330	1
NCBITaxon:2670334	1
NCBITaxon:2670337	1
NCBITaxon:2670345	1
NCBITaxon:2670347	1
NCBITaxon:2670374	1
NCBITaxon:2670375	1
NCBITaxon:267125	1
NCBITaxon:267128	6
NCBITaxon:267135	13
NCBITaxon:267212	12
NCBITaxon:267219	2
NCBITaxon:2672567	2
NCBITaxon:2672568	1
NCBITaxon:2672570	1
NCBITaxon:2672572	4
NCBITaxon:267362	1
NCBITaxon:267363	12
NCBITaxon:267364	3
NCBITaxon:267374	4
NCBITaxon:267375	6
NCBITaxon:267409	1
NCBITaxon:267410	1
NCBITaxon:267478	1
NCBITaxon:2674989	1
NCBITaxon:2674997	1
NCBITaxon:2675002	1
NCBITaxon:2675003	1
NCBITaxon:2675053	1
NCBITaxon:2675054	1
NCBITaxon:2675056	1
NCBITaxon:2675057	1
NCBITaxon:2675058	1
NCBITaxon:2675059	1
NCBITaxon:2675099	2
NCBITaxon:2675101	1
NCBITaxon:2675109	1
NCBITaxon:2675110	1
NCBITaxon:2675216	1
NCBITaxon:2675218	1
NCBITaxon:2675219	1
NCBITaxon:2675226	1
NCBITaxon:2675229	2
NCBITaxon:2675230	1
NCBITaxon:2675232	2
NCBITaxon:2675267	1
NCBITaxon:2675271	1
NCBITaxon:2675277	1
NCBITaxon:2675298	2
NCBITaxon:2675299	1
NCBITaxon:2675321	1
NCBITaxon:2675322	1
NCBITaxon:2675323	1
NCBITaxon:2675324	1
NCBITaxon:2675325	1
NCBITaxon:2675430	4
NCBITaxon:2675466	1
NCBITaxon:2675553	1
NCBITaxon:267560	1
NCBITaxon:267565	1
NCBITaxon:267566	1
NCBITaxon:267567	6
NCBITaxon:2675747	1
NCBITaxon:2675748	1
NCBITaxon:2675752	1
NCBITaxon:2675754	1
NCBITaxon:2675772	1
NCBITaxon:2675773	1
NCBITaxon:2675774	1
NCBITaxon:2675775	1
NCBITaxon:2675776	1
NCBITaxon:2675777	1
NCBITaxon:2675778	1
NCBITaxon:2675779	1
NCBITaxon:2675780	1
NCBITaxon:2675781	1
NCBITaxon:2675782	1
NCBITaxon:2675783	1
NCBITaxon:2675784	1
NCBITaxon:2675785	1
NCBITaxon:2675786	1
NCBITaxon:2675787	1
NCBITaxon:2675788	1
NCBITaxon:2675789	1
NCBITaxon:2675790	1
NCBITaxon:2675791	1
NCBITaxon:2675792	1
NCBITaxon:2675793	1
NCBITaxon:2675794	1
NCBITaxon:2675795	1
NCBITaxon:2675796	1
NCBITaxon:2675797	1
NCBITaxon:2675798	2
NCBITaxon:2675850	1
NCBITaxon:2675851	1
NCBITaxon:2675858	1
NCBITaxon:2675880	1
NCBITaxon:2676064	1
NCBITaxon:267608	1
NCBITaxon:2676122	4
NCBITaxon:2676123	2
NCBITaxon:2676234	1
NCBITaxon:2676247	13
NCBITaxon:267633	31
NCBITaxon:2676438	1
NCBITaxon:267649	1
NCBITaxon:267671	1
NCBITaxon:2676787	1
NCBITaxon:267680	2
NCBITaxon:2676834	1
NCBITaxon:2676868	1
NCBITaxon:267696	1
NCBITaxon:267737	1
NCBITaxon:267745	3
NCBITaxon:267746	6
NCBITaxon:267800	3
NCBITaxon:267818	56
NCBITaxon:2678352	3
NCBITaxon:2678357	1
NCBITaxon:267849	2
NCBITaxon:267850	2
NCBITaxon:2678518	3
NCBITaxon:267854	3
NCBITaxon:2678566	1
NCBITaxon:2678611	1
NCBITaxon:2678616	1
NCBITaxon:267865	1
NCBITaxon:2678685	1
NCBITaxon:2678686	1
NCBITaxon:2678688	1
NCBITaxon:267893	2
NCBITaxon:267983	1
NCBITaxon:267986	7
NCBITaxon:267990	3
NCBITaxon:2679961	1
NCBITaxon:2679963	1
NCBITaxon:2679964	1
NCBITaxon:268126	1
NCBITaxon:2681310	1
NCBITaxon:2681388	1
NCBITaxon:2681399	1
NCBITaxon:268141	1
NCBITaxon:2681416	1
NCBITaxon:2681417	1
NCBITaxon:2681418	1
NCBITaxon:2681423	1
NCBITaxon:2681424	1
NCBITaxon:2681425	1
NCBITaxon:2681429	1
NCBITaxon:2681430	1
NCBITaxon:2681431	1
NCBITaxon:2681434	1
NCBITaxon:2681435	1
NCBITaxon:2681436	1
NCBITaxon:2681437	1
NCBITaxon:2681441	1
NCBITaxon:2681442	1
NCBITaxon:2681443	1
NCBITaxon:2681444	1
NCBITaxon:2681449	1
NCBITaxon:2681450	1
NCBITaxon:2681451	1
NCBITaxon:2681452	1
NCBITaxon:2681453	1
NCBITaxon:2681458	1
NCBITaxon:2681462	1
NCBITaxon:2681469	1
NCBITaxon:2681470	2
NCBITaxon:2681485	1
NCBITaxon:2681491	2
NCBITaxon:2681492	1
NCBITaxon:2681495	1
NCBITaxon:2681496	2
NCBITaxon:2681549	1
NCBITaxon:2681550	1
NCBITaxon:2681555	1
NCBITaxon:2681556	1
NCBITaxon:2681766	1
NCBITaxon:2681861	1
NCBITaxon:2681879	1
NCBITaxon:2681965	1
NCBITaxon:2681984	2
NCBITaxon:2681986	1
NCBITaxon:2681987	1
NCBITaxon:2682090	1
NCBITaxon:2682091	1
NCBITaxon:2682092	1
NCBITaxon:2682096	1
NCBITaxon:2682097	1
NCBITaxon:2682100	1
NCBITaxon:2682456	3
NCBITaxon:2682493	1
NCBITaxon:2682494	1
NCBITaxon:2682541	1
NCBITaxon:2682546	1
NCBITaxon:2682776	2
NCBITaxon:2682781	1
NCBITaxon:2682810	1
NCBITaxon:2682840	2
NCBITaxon:2682842	1
NCBITaxon:2682843	2
NCBITaxon:2682844	2
NCBITaxon:2682845	3
NCBITaxon:2682976	1
NCBITaxon:2682977	1
NCBITaxon:2683194	1
NCBITaxon:2683196	1
NCBITaxon:2683198	1
NCBITaxon:2683200	1
NCBITaxon:2683201	1
NCBITaxon:2683234	3
NCBITaxon:2683249	1
NCBITaxon:2683255	2
NCBITaxon:2683269	1
NCBITaxon:2683271	3
NCBITaxon:2683272	1
NCBITaxon:2683284	1
NCBITaxon:2683345	1
NCBITaxon:268347	1
NCBITaxon:2683586	1
NCBITaxon:2683588	1
NCBITaxon:2683589	2
NCBITaxon:2683590	2
NCBITaxon:2683592	1
NCBITaxon:2683610	3
NCBITaxon:2683649	1
NCBITaxon:2683677	1
NCBITaxon:2683708	1
NCBITaxon:2683713	4
NCBITaxon:2683714	3
NCBITaxon:2683717	1
NCBITaxon:268404	1
NCBITaxon:268407	5
NCBITaxon:268410	3
NCBITaxon:2684113	1
NCBITaxon:2684114	1
NCBITaxon:2684115	1
NCBITaxon:2684210	1
NCBITaxon:2684211	1
NCBITaxon:2684212	2
NCBITaxon:2684405	1
NCBITaxon:2684406	1
NCBITaxon:2684470	1
NCBITaxon:268492	1
NCBITaxon:268505	1
NCBITaxon:2685834	1
NCBITaxon:2685869	2
NCBITaxon:2685897	1
NCBITaxon:2686014	1
NCBITaxon:2686016	1
NCBITaxon:2686017	1
NCBITaxon:2686067	1
NCBITaxon:2686076	1
NCBITaxon:2686077	4
NCBITaxon:2686078	1
NCBITaxon:2686079	1
NCBITaxon:2686091	1
NCBITaxon:2686092	1
NCBITaxon:2686094	1
NCBITaxon:2686210	5
NCBITaxon:2686304	1
NCBITaxon:2686357	4
NCBITaxon:2687306	1
NCBITaxon:2687307	2
NCBITaxon:268735	4
NCBITaxon:268739	1
NCBITaxon:268820	1
NCBITaxon:268821	2
NCBITaxon:2689078	1
NCBITaxon:2689387	1
NCBITaxon:2689987	1
NCBITaxon:2690158	1
NCBITaxon:2690159	2
NCBITaxon:2690220	1
NCBITaxon:269069	5
NCBITaxon:2690837	2
NCBITaxon:2690964	1
NCBITaxon:2691040	2
NCBITaxon:2691041	1
NCBITaxon:2691042	1
NCBITaxon:2691084	1
NCBITaxon:2691357	2
NCBITaxon:269144	4
NCBITaxon:2691582	1
NCBITaxon:2691583	1
NCBITaxon:269161	1
NCBITaxon:2691899	1
NCBITaxon:2691917	1
NCBITaxon:2691918	7
NCBITaxon:2691959	1
NCBITaxon:2692112	1
NCBITaxon:2692125	1
NCBITaxon:2692134	1
NCBITaxon:2692166	3
NCBITaxon:2692169	1
NCBITaxon:2692170	2
NCBITaxon:2692173	2
NCBITaxon:2692175	1
NCBITaxon:2692176	1
NCBITaxon:2692177	1
NCBITaxon:2692179	1
NCBITaxon:2692189	1
NCBITaxon:2692190	1
NCBITaxon:2692195	1
NCBITaxon:2692199	1
NCBITaxon:2692200	1
NCBITaxon:2692236	1
NCBITaxon:2692265	2
NCBITaxon:2692317	3
NCBITaxon:2692318	1
NCBITaxon:2692330	1
NCBITaxon:269237	2
NCBITaxon:2692424	1
NCBITaxon:269247	1
NCBITaxon:269252	6
NCBITaxon:269253	4
NCBITaxon:2692566	1
NCBITaxon:2692584	1
NCBITaxon:269259	2
NCBITaxon:269260	1
NCBITaxon:269261	2
NCBITaxon:2692622	1
NCBITaxon:2692623	1
NCBITaxon:2692629	1
NCBITaxon:2692770	1
NCBITaxon:2692785	1
NCBITaxon:2692840	1
NCBITaxon:2692885	1
NCBITaxon:2692886	1
NCBITaxon:2692893	1
NCBITaxon:2692907	1
NCBITaxon:2692916	1
NCBITaxon:269420	6
NCBITaxon:269421	5
NCBITaxon:269484	1
NCBITaxon:2694929	1
NCBITaxon:2694930	1
NCBITaxon:2694931	2
NCBITaxon:2695265	1
NCBITaxon:2695267	1
NCBITaxon:2695274	1
NCBITaxon:2695275	1
NCBITaxon:2695856	2
NCBITaxon:2695891	1
NCBITaxon:2696054	1
NCBITaxon:2696063	1
NCBITaxon:2696086	1
NCBITaxon:269614	1
NCBITaxon:2696284	1
NCBITaxon:2696285	2
NCBITaxon:2696472	1
NCBITaxon:2696486	1
NCBITaxon:2696560	2
NCBITaxon:2696561	4
NCBITaxon:2696565	1
NCBITaxon:2696566	1
NCBITaxon:2696567	1
NCBITaxon:2696576	5
NCBITaxon:269660	6
NCBITaxon:269666	9
NCBITaxon:269670	9
NCBITaxon:269671	1
NCBITaxon:269672	5
NCBITaxon:269673	24
NCBITaxon:2697007	1
NCBITaxon:2697008	1
NCBITaxon:2697010	2
NCBITaxon:2697024	1
NCBITaxon:2697027	1
NCBITaxon:2697028	1
NCBITaxon:2697029	1
NCBITaxon:2697030	1
NCBITaxon:2697031	1
NCBITaxon:2697032	1
NCBITaxon:2697033	2
NCBITaxon:2697035	1
NCBITaxon:2697043	1
NCBITaxon:2697053	1
NCBITaxon:269709	5
NCBITaxon:2697237	1
NCBITaxon:2697319	1
NCBITaxon:2697365	1
NCBITaxon:2697469	1
NCBITaxon:2697499	1
NCBITaxon:2697500	1
NCBITaxon:2697503	1
NCBITaxon:2697515	1
NCBITaxon:2697517	1
NCBITaxon:2697563	1
NCBITaxon:2697565	1
NCBITaxon:2697569	2
NCBITaxon:2697657	1
NCBITaxon:269771	6
NCBITaxon:269773	1
NCBITaxon:269774	2
NCBITaxon:269796	1
NCBITaxon:269797	1
NCBITaxon:2698	2
NCBITaxon:2698458	1
NCBITaxon:2698477	3
NCBITaxon:2698480	1
NCBITaxon:2698649	1
NCBITaxon:2698682	1
NCBITaxon:2698687	1
NCBITaxon:2698827	1
NCBITaxon:2698828	1
NCBITaxon:2698829	1
NCBITaxon:2698830	1
NCBITaxon:2699	3
NCBITaxon:2699169	1
NCBITaxon:2699202	1
NCBITaxon:2699295	1
NCBITaxon:2699427	1
NCBITaxon:2699429	1
NCBITaxon:2699430	1
NCBITaxon:2699460	1
NCBITaxon:2699469	1
NCBITaxon:2699483	2
NCBITaxon:2699743	1
NCBITaxon:2699754	9
NCBITaxon:2699836	4
NCBITaxon:2699889	1
NCBITaxon:270	4
NCBITaxon:2700082	1
NCBITaxon:2702	327
NCBITaxon:270249	1
NCBITaxon:270250	1
NCBITaxon:270343	1
NCBITaxon:270344	5
NCBITaxon:270345	4
NCBITaxon:270350	5
NCBITaxon:270351	6
NCBITaxon:270368	5
NCBITaxon:2703787	1
NCBITaxon:2703793	3
NCBITaxon:2703794	3
NCBITaxon:2703818	2
NCBITaxon:2703868	6
NCBITaxon:2703882	1
NCBITaxon:2703883	1
NCBITaxon:2703884	1
NCBITaxon:2703885	12
NCBITaxon:2703963	1
NCBITaxon:2704	1
NCBITaxon:2704139	1
NCBITaxon:2704140	5
NCBITaxon:2704155	1
NCBITaxon:2704157	1
NCBITaxon:2704158	1
NCBITaxon:2704159	1
NCBITaxon:2704250	1
NCBITaxon:2704462	1
NCBITaxon:2704463	1
NCBITaxon:2704465	1
NCBITaxon:2704466	1
NCBITaxon:2704583	1
NCBITaxon:270495	3
NCBITaxon:270496	2
NCBITaxon:270498	6
NCBITaxon:2705029	1
NCBITaxon:2705253	1
NCBITaxon:2705254	2
NCBITaxon:2705255	1
NCBITaxon:2705290	1
NCBITaxon:2705293	3
NCBITaxon:2705421	1
NCBITaxon:2705474	1
NCBITaxon:2705546	1
NCBITaxon:2705549	1
NCBITaxon:2706014	1
NCBITaxon:2706015	1
NCBITaxon:2706124	1
NCBITaxon:270636	2
NCBITaxon:2706782	1
NCBITaxon:2706887	1
NCBITaxon:2706888	1
NCBITaxon:270689	8
NCBITaxon:2707003	1
NCBITaxon:2707005	2
NCBITaxon:2707006	1
NCBITaxon:2707016	1
NCBITaxon:2707018	1
NCBITaxon:2707027	1
NCBITaxon:2707049	1
NCBITaxon:2707173	1
NCBITaxon:2707176	1
NCBITaxon:2707299	1
NCBITaxon:2707330	1
NCBITaxon:2707344	1
NCBITaxon:2707525	1
NCBITaxon:2708020	1
NCBITaxon:2708063	3
NCBITaxon:2708084	1
NCBITaxon:2708110	1
NCBITaxon:2708132	1
NCBITaxon:2708133	1
NCBITaxon:2708254	4
NCBITaxon:2708301	1
NCBITaxon:2708302	1
NCBITaxon:2708338	2
NCBITaxon:2708345	1
NCBITaxon:2708516	2
NCBITaxon:2708539	1
NCBITaxon:270914	2
NCBITaxon:270915	1
NCBITaxon:2709157	3
NCBITaxon:2709158	4
NCBITaxon:270918	8
NCBITaxon:270920	1
NCBITaxon:270921	6
NCBITaxon:2709306	22
NCBITaxon:2709310	1
NCBITaxon:2709311	1
NCBITaxon:2709381	1
NCBITaxon:2709383	1
NCBITaxon:2709392	2
NCBITaxon:2709394	2
NCBITaxon:2709396	2
NCBITaxon:2709400	2
NCBITaxon:2709403	2
NCBITaxon:2709410	1
NCBITaxon:2709659	1
NCBITaxon:2709660	1
NCBITaxon:2709661	1
NCBITaxon:2709662	1
NCBITaxon:2709663	1
NCBITaxon:2709664	1
NCBITaxon:2709718	1
NCBITaxon:2709719	1
NCBITaxon:2709720	1
NCBITaxon:2709752	1
NCBITaxon:2709780	1
NCBITaxon:271	39
NCBITaxon:2710536	1
NCBITaxon:2710587	2
NCBITaxon:2710589	1
NCBITaxon:2710591	2
NCBITaxon:2710596	1
NCBITaxon:2710649	1
NCBITaxon:271065	5
NCBITaxon:2710650	1
NCBITaxon:2710754	1
NCBITaxon:2710756	1
NCBITaxon:2710757	1
NCBITaxon:2710758	1
NCBITaxon:2710861	2
NCBITaxon:2710863	2
NCBITaxon:2710867	1
NCBITaxon:2710868	1
NCBITaxon:2710870	1
NCBITaxon:271091	2
NCBITaxon:271096	4
NCBITaxon:271097	3
NCBITaxon:271098	4
NCBITaxon:271099	4
NCBITaxon:2711156	1
NCBITaxon:2711215	1
NCBITaxon:2711216	1
NCBITaxon:2711217	1
NCBITaxon:2711219	1
NCBITaxon:2711220	1
NCBITaxon:2711221	1
NCBITaxon:2711233	1
NCBITaxon:2711294	1
NCBITaxon:271155	4
NCBITaxon:271156	6
NCBITaxon:271157	6
NCBITaxon:271160	4
NCBITaxon:271218	1
NCBITaxon:2712223	1
NCBITaxon:2712224	2
NCBITaxon:271264	1
NCBITaxon:271274	1
NCBITaxon:271282	1
NCBITaxon:2712864	1
NCBITaxon:2712865	1
NCBITaxon:271314	1
NCBITaxon:271315	1
NCBITaxon:271316	1
NCBITaxon:271317	1
NCBITaxon:2713172	1
NCBITaxon:2713173	1
NCBITaxon:2713174	1
NCBITaxon:2713176	1
NCBITaxon:2713419	1
NCBITaxon:2713500	5
NCBITaxon:2713501	2
NCBITaxon:2713502	9
NCBITaxon:2713503	1
NCBITaxon:2713504	1
NCBITaxon:271357	1
NCBITaxon:2713570	1
NCBITaxon:2713573	1
NCBITaxon:271359	1
NCBITaxon:2713603	11
NCBITaxon:2714	4
NCBITaxon:2714036	1
NCBITaxon:2714109	4
NCBITaxon:271417	18
NCBITaxon:271420	11
NCBITaxon:271431	2
NCBITaxon:271432	3
NCBITaxon:271433	3
NCBITaxon:271434	4
NCBITaxon:2714351	1
NCBITaxon:2714353	1
NCBITaxon:2714355	1
NCBITaxon:2714358	1
NCBITaxon:2714593	1
NCBITaxon:2714601	1
NCBITaxon:2714738	1
NCBITaxon:2714763	2
NCBITaxon:2714855	1
NCBITaxon:2714858	1
NCBITaxon:2714865	1
NCBITaxon:2714892	1
NCBITaxon:2714901	1
NCBITaxon:2714933	1
NCBITaxon:2714934	1
NCBITaxon:2714935	1
NCBITaxon:2714937	1
NCBITaxon:2714938	1
NCBITaxon:2714943	1
NCBITaxon:2714944	2
NCBITaxon:2714946	1
NCBITaxon:2714947	1
NCBITaxon:2714949	1
NCBITaxon:2714950	1
NCBITaxon:2714955	1
NCBITaxon:2714956	1
NCBITaxon:2715124	6
NCBITaxon:2715131	1
NCBITaxon:2715133	6
NCBITaxon:2715163	1
NCBITaxon:2715164	2
NCBITaxon:2715209	3
NCBITaxon:2715210	1
NCBITaxon:2715212	1
NCBITaxon:2715253	8
NCBITaxon:2715277	1
NCBITaxon:2715279	1
NCBITaxon:2715399	1
NCBITaxon:2715425	1
NCBITaxon:2715430	1
NCBITaxon:2715436	1
NCBITaxon:2715437	1
NCBITaxon:2715535	1
NCBITaxon:2715536	1
NCBITaxon:2715678	1
NCBITaxon:2715679	1
NCBITaxon:2715692	7
NCBITaxon:2715755	1
NCBITaxon:2715756	1
NCBITaxon:2715921	2
NCBITaxon:2715963	1
NCBITaxon:2715964	3
NCBITaxon:2716202	2
NCBITaxon:2716224	1
NCBITaxon:2716225	1
NCBITaxon:2716226	1
NCBITaxon:2716227	1
NCBITaxon:2716263	1
NCBITaxon:2716264	1
NCBITaxon:2716334	1
NCBITaxon:2716335	1
NCBITaxon:2716538	1
NCBITaxon:2716691	1
NCBITaxon:2716812	1
NCBITaxon:2716876	1
NCBITaxon:2716883	1
NCBITaxon:2716884	1
NCBITaxon:2716930	1
NCBITaxon:2717094	1
NCBITaxon:2717286	1
NCBITaxon:2717319	1
NCBITaxon:2717324	1
NCBITaxon:2717575	2
NCBITaxon:2717699	1
NCBITaxon:2718	69
NCBITaxon:271848	1
NCBITaxon:2718620	2
NCBITaxon:271865	1
NCBITaxon:2718714	1
NCBITaxon:271881	4
NCBITaxon:2718876	1
NCBITaxon:2718959	1
NCBITaxon:2719616	1
NCBITaxon:2719797	1
NCBITaxon:2719987	1
NCBITaxon:2719988	1
NCBITaxon:2719989	2
NCBITaxon:2720018	1
NCBITaxon:2720021	1
NCBITaxon:2720023	1
NCBITaxon:2720024	1
NCBITaxon:2720025	1
NCBITaxon:2720031	1
NCBITaxon:2720512	1
NCBITaxon:2720606	1
NCBITaxon:2720610	1
NCBITaxon:2720613	1
NCBITaxon:2720631	2
NCBITaxon:2720891	1
NCBITaxon:2721160	1
NCBITaxon:2721161	1
NCBITaxon:272123	1
NCBITaxon:272131	4
NCBITaxon:2721545	1
NCBITaxon:272161	4
NCBITaxon:2721623	1
NCBITaxon:2721624	1
NCBITaxon:272164	1
NCBITaxon:2722	1
NCBITaxon:272210	5
NCBITaxon:272239	2
NCBITaxon:2722701	1
NCBITaxon:2722702	1
NCBITaxon:2722704	1
NCBITaxon:2722706	2
NCBITaxon:2722751	1
NCBITaxon:2722756	1
NCBITaxon:2722791	1
NCBITaxon:2722792	2
NCBITaxon:2722803	1
NCBITaxon:2722820	1
NCBITaxon:2723052	1
NCBITaxon:2723079	2
NCBITaxon:2723081	3
NCBITaxon:2723088	1
NCBITaxon:2723089	1
NCBITaxon:2723090	1
NCBITaxon:2723091	1
NCBITaxon:2723092	1
NCBITaxon:2723389	1
NCBITaxon:2723392	1
NCBITaxon:2723403	1
NCBITaxon:2723847	2
NCBITaxon:2724	2
NCBITaxon:2724178	3
NCBITaxon:2724184	1
NCBITaxon:2724191	1
NCBITaxon:2724192	1
NCBITaxon:2724196	1
NCBITaxon:2724468	1
NCBITaxon:2724469	1
NCBITaxon:2724524	1
NCBITaxon:2724528	2
NCBITaxon:2724826	1
NCBITaxon:2724896	1
NCBITaxon:2724927	1
NCBITaxon:2724939	1
NCBITaxon:2724942	1
NCBITaxon:2724944	1
NCBITaxon:2724996	1
NCBITaxon:2724999	1
NCBITaxon:2725268	1
NCBITaxon:2725283	1
NCBITaxon:2725329	2
NCBITaxon:2725414	1
NCBITaxon:2725477	4
NCBITaxon:272548	3
NCBITaxon:2725493	1
NCBITaxon:2725494	2
NCBITaxon:2725557	1
NCBITaxon:2725558	1
NCBITaxon:2725562	1
NCBITaxon:272559	1
NCBITaxon:272561	1
NCBITaxon:272563	3
NCBITaxon:2725666	1
NCBITaxon:272567	1
NCBITaxon:2725995	1
NCBITaxon:2726117	1
NCBITaxon:2726118	1
NCBITaxon:2726122	1
NCBITaxon:2726185	1
NCBITaxon:2726189	1
NCBITaxon:272620	1
NCBITaxon:272622	1
NCBITaxon:2726223	1
NCBITaxon:272623	1
NCBITaxon:272624	2
NCBITaxon:272626	1
NCBITaxon:272627	2
NCBITaxon:272629	1
NCBITaxon:272632	1
NCBITaxon:2726362	1
NCBITaxon:2726434	2
NCBITaxon:2726450	1
NCBITaxon:2726728	1
NCBITaxon:2726741	1
NCBITaxon:2726742	1
NCBITaxon:2726743	1
NCBITaxon:2726954	1
NCBITaxon:2726956	1
NCBITaxon:2726987	1
NCBITaxon:2726988	1
NCBITaxon:272772	2
NCBITaxon:272773	1
NCBITaxon:272774	6
NCBITaxon:272775	1
NCBITaxon:2728020	1
NCBITaxon:2728021	1
NCBITaxon:2728022	1
NCBITaxon:2728023	1
NCBITaxon:2728024	1
NCBITaxon:2728037	3
NCBITaxon:2728101	2
NCBITaxon:2728102	1
NCBITaxon:272831	1
NCBITaxon:272843	1
NCBITaxon:27288	3
NCBITaxon:2728834	1
NCBITaxon:2728835	1
NCBITaxon:2728836	1
NCBITaxon:2728837	1
NCBITaxon:2728839	1
NCBITaxon:2728840	1
NCBITaxon:2728842	1
NCBITaxon:2728845	1
NCBITaxon:2728846	1
NCBITaxon:2728847	1
NCBITaxon:2728848	1
NCBITaxon:2728849	1
NCBITaxon:2728851	2
NCBITaxon:2728853	1
NCBITaxon:27289	2
NCBITaxon:2728926	1
NCBITaxon:2728938	4
NCBITaxon:2729096	3
NCBITaxon:27291	35
NCBITaxon:2729104	1
NCBITaxon:2729105	1
NCBITaxon:2729135	1
NCBITaxon:2729136	1
NCBITaxon:272914	4
NCBITaxon:2729140	1
NCBITaxon:272917	6
NCBITaxon:2729175	1
NCBITaxon:272918	11
NCBITaxon:272919	6
NCBITaxon:27292	14
NCBITaxon:27293	3
NCBITaxon:27294	2
NCBITaxon:272942	1
NCBITaxon:2729421	1
NCBITaxon:272943	6
NCBITaxon:272944	1
NCBITaxon:272947	3
NCBITaxon:27295	1
NCBITaxon:272952	3
NCBITaxon:2729598	1
NCBITaxon:2729599	1
NCBITaxon:27296	1
NCBITaxon:2729614	2
NCBITaxon:2729617	1
NCBITaxon:2729618	1
NCBITaxon:2729622	1
NCBITaxon:2729623	1
NCBITaxon:2729629	1
NCBITaxon:27297	1
NCBITaxon:27298	1
NCBITaxon:272989	1
NCBITaxon:27299	1
NCBITaxon:27300	9
NCBITaxon:2730080	1
NCBITaxon:27302	1
NCBITaxon:273032	4
NCBITaxon:2730337	1
NCBITaxon:2730359	1
NCBITaxon:27304	13
NCBITaxon:2730403	1
NCBITaxon:2730404	1
NCBITaxon:2730405	2
NCBITaxon:2730413	1
NCBITaxon:2730424	1
NCBITaxon:2730425	1
NCBITaxon:27305	6
NCBITaxon:273057	1
NCBITaxon:27306	1
NCBITaxon:273063	1
NCBITaxon:2730852	1
NCBITaxon:27309	5
NCBITaxon:2730920	1
NCBITaxon:2730921	1
NCBITaxon:2730922	1
NCBITaxon:2730933	1
NCBITaxon:27311	2
NCBITaxon:273119	1
NCBITaxon:2731212	1
NCBITaxon:2731220	1
NCBITaxon:273123	1
NCBITaxon:2731247	8
NCBITaxon:2731255	1
NCBITaxon:27313	1
NCBITaxon:273131	1
NCBITaxon:2731377	1
NCBITaxon:27315	1
NCBITaxon:2731552	2
NCBITaxon:273164	1
NCBITaxon:273168	3
NCBITaxon:2731681	1
NCBITaxon:2731756	1
NCBITaxon:27320	1
NCBITaxon:2732067	1
NCBITaxon:27321	2
NCBITaxon:2732161	1
NCBITaxon:2732163	1
NCBITaxon:27322	2
NCBITaxon:2732249	1
NCBITaxon:27323	3
NCBITaxon:27324	1
NCBITaxon:2732487	1
NCBITaxon:27325	1
NCBITaxon:2732508	1
NCBITaxon:273251	5
NCBITaxon:2732510	1
NCBITaxon:2732511	1
NCBITaxon:2732590	1
NCBITaxon:27326	8
NCBITaxon:27327	106
NCBITaxon:27328	8
NCBITaxon:2732864	5
NCBITaxon:2732867	1
NCBITaxon:27334	10
NCBITaxon:2733481	1
NCBITaxon:2733483	1
NCBITaxon:2733484	1
NCBITaxon:2733486	1
NCBITaxon:2733501	1
NCBITaxon:2733502	1
NCBITaxon:2733571	4
NCBITaxon:2733572	1
NCBITaxon:2733690	1
NCBITaxon:27337	13
NCBITaxon:273371	4
NCBITaxon:273372	2
NCBITaxon:273376	2
NCBITaxon:27338	1
NCBITaxon:273384	21
NCBITaxon:2734	3
NCBITaxon:27342	2
NCBITaxon:2734634	2
NCBITaxon:27349	1
NCBITaxon:2734909	3
NCBITaxon:2734912	9
NCBITaxon:2735	1
NCBITaxon:27350	5
NCBITaxon:273506	1
NCBITaxon:2735135	2
NCBITaxon:2735136	3
NCBITaxon:2735141	1
NCBITaxon:2735167	1
NCBITaxon:2735259	2
NCBITaxon:273526	2
NCBITaxon:273527	6
NCBITaxon:273528	3
NCBITaxon:2735321	1
NCBITaxon:27354	2
NCBITaxon:2735436	1
NCBITaxon:2735507	3
NCBITaxon:2735509	2
NCBITaxon:2735528	1
NCBITaxon:2735553	1
NCBITaxon:2735555	1
NCBITaxon:2735563	1
NCBITaxon:2735675	1
NCBITaxon:27357	9
NCBITaxon:2735723	1
NCBITaxon:27358	2
NCBITaxon:2735870	1
NCBITaxon:2735886	1
NCBITaxon:2735890	1
NCBITaxon:2735891	1
NCBITaxon:2735893	1
NCBITaxon:2735894	1
NCBITaxon:2735895	2
NCBITaxon:2735896	1
NCBITaxon:2735897	1
NCBITaxon:2735899	1
NCBITaxon:2735915	1
NCBITaxon:2736	2
NCBITaxon:2736289	1
NCBITaxon:2736290	1
NCBITaxon:2736291	1
NCBITaxon:2736294	1
NCBITaxon:2736302	1
NCBITaxon:2736604	1
NCBITaxon:2736608	1
NCBITaxon:2736640	1
NCBITaxon:2736643	1
NCBITaxon:273676	4
NCBITaxon:273677	10
NCBITaxon:273678	7
NCBITaxon:2736875	1
NCBITaxon:2736928	1
NCBITaxon:2737006	1
NCBITaxon:2737028	1
NCBITaxon:2737050	1
NCBITaxon:2737171	1
NCBITaxon:2737172	1
NCBITaxon:2737173	3
NCBITaxon:2737512	3
NCBITaxon:2737558	1
NCBITaxon:27376	1
NCBITaxon:2737662	1
NCBITaxon:273793	3
NCBITaxon:2738	55
NCBITaxon:27381	2
NCBITaxon:2738125	1
NCBITaxon:2738368	1
NCBITaxon:2738405	1
NCBITaxon:2738409	1
NCBITaxon:2738439	3
NCBITaxon:2738444	1
NCBITaxon:2738445	1
NCBITaxon:2738446	1
NCBITaxon:2738515	1
NCBITaxon:2738556	1
NCBITaxon:2738557	1
NCBITaxon:2738558	1
NCBITaxon:2738559	1
NCBITaxon:2738560	1
NCBITaxon:2738561	1
NCBITaxon:2738562	1
NCBITaxon:2738570	1
NCBITaxon:2738571	1
NCBITaxon:2738573	1
NCBITaxon:2738574	1
NCBITaxon:2738575	1
NCBITaxon:2738576	1
NCBITaxon:2738577	1
NCBITaxon:2738578	1
NCBITaxon:2738579	1
NCBITaxon:2738580	1
NCBITaxon:2738581	1
NCBITaxon:2738582	1
NCBITaxon:2738583	1
NCBITaxon:2738584	1
NCBITaxon:2738585	1
NCBITaxon:2738586	1
NCBITaxon:2738587	1
NCBITaxon:2738588	1
NCBITaxon:2738589	1
NCBITaxon:2738590	1
NCBITaxon:2738591	1
NCBITaxon:2738592	1
NCBITaxon:2738593	1
NCBITaxon:2738594	1
NCBITaxon:2738595	1
NCBITaxon:2738596	1
NCBITaxon:2738597	1
NCBITaxon:2738598	2
NCBITaxon:2738599	1
NCBITaxon:2738600	1
NCBITaxon:2738601	1
NCBITaxon:2738602	1
NCBITaxon:2738603	1
NCBITaxon:2738604	2
NCBITaxon:2738605	2
NCBITaxon:2738606	2
NCBITaxon:2738607	1
NCBITaxon:2738608	1
NCBITaxon:2738609	1
NCBITaxon:2738610	1
NCBITaxon:2738611	1
NCBITaxon:2738612	1
NCBITaxon:2738613	1
NCBITaxon:2738614	1
NCBITaxon:2738615	1
NCBITaxon:2738616	1
NCBITaxon:2738617	1
NCBITaxon:2738618	1
NCBITaxon:2738619	1
NCBITaxon:2738620	1
NCBITaxon:2738621	1
NCBITaxon:2738622	1
NCBITaxon:2738623	1
NCBITaxon:2738624	1
NCBITaxon:2738625	1
NCBITaxon:2738626	1
NCBITaxon:2738627	1
NCBITaxon:2738628	1
NCBITaxon:2738629	1
NCBITaxon:2738630	1
NCBITaxon:2738631	1
NCBITaxon:2738632	1
NCBITaxon:2738633	1
NCBITaxon:2738634	1
NCBITaxon:2738635	1
NCBITaxon:2738636	1
NCBITaxon:2738637	1
NCBITaxon:2738638	1
NCBITaxon:2738639	1
NCBITaxon:2738640	1
NCBITaxon:2738641	1
NCBITaxon:2738642	1
NCBITaxon:2738643	1
NCBITaxon:2738644	1
NCBITaxon:2738645	1
NCBITaxon:2738646	1
NCBITaxon:2738647	1
NCBITaxon:2738648	1
NCBITaxon:2738649	1
NCBITaxon:2738650	1
NCBITaxon:2738651	1
NCBITaxon:2738652	1
NCBITaxon:2738653	1
NCBITaxon:2738654	1
NCBITaxon:2738655	1
NCBITaxon:2738656	1
NCBITaxon:2738657	1
NCBITaxon:2738659	1
NCBITaxon:2738660	1
NCBITaxon:2738661	1
NCBITaxon:2738662	1
NCBITaxon:2738663	1
NCBITaxon:2738664	1
NCBITaxon:2738665	1
NCBITaxon:2738666	1
NCBITaxon:2738667	1
NCBITaxon:2738668	1
NCBITaxon:2738669	1
NCBITaxon:2738670	1
NCBITaxon:2738671	1
NCBITaxon:2738672	1
NCBITaxon:2738673	1
NCBITaxon:2738674	1
NCBITaxon:2738675	1
NCBITaxon:2738676	1
NCBITaxon:2738677	1
NCBITaxon:2738678	1
NCBITaxon:2738679	1
NCBITaxon:2738680	1
NCBITaxon:2738681	1
NCBITaxon:2738682	1
NCBITaxon:2738683	1
NCBITaxon:2738684	1
NCBITaxon:2738685	1
NCBITaxon:2738686	1
NCBITaxon:2738687	1
NCBITaxon:2738691	1
NCBITaxon:2738694	1
NCBITaxon:2738695	1
NCBITaxon:2738696	1
NCBITaxon:2738698	1
NCBITaxon:2738699	1
NCBITaxon:2738716	1
NCBITaxon:2738718	1
NCBITaxon:2738719	1
NCBITaxon:2738722	1
NCBITaxon:2738724	1
NCBITaxon:2738725	1
NCBITaxon:2738726	1
NCBITaxon:2738730	1
NCBITaxon:2738731	1
NCBITaxon:2738732	1
NCBITaxon:2738733	1
NCBITaxon:2738734	1
NCBITaxon:2738736	1
NCBITaxon:2738739	1
NCBITaxon:2738742	1
NCBITaxon:2738743	1
NCBITaxon:2738744	1
NCBITaxon:2738749	1
NCBITaxon:2738750	1
NCBITaxon:2738751	1
NCBITaxon:2738752	1
NCBITaxon:2738753	1
NCBITaxon:2738754	1
NCBITaxon:2738755	1
NCBITaxon:2738756	1
NCBITaxon:2738757	1
NCBITaxon:2738758	1
NCBITaxon:2738759	1
NCBITaxon:2738760	1
NCBITaxon:2738761	1
NCBITaxon:2738762	1
NCBITaxon:2738833	1
NCBITaxon:2738837	2
NCBITaxon:2738844	1
NCBITaxon:2738852	1
NCBITaxon:2738883	1
NCBITaxon:2738886	1
NCBITaxon:2738928	1
NCBITaxon:2738988	1
NCBITaxon:2739	5
NCBITaxon:2739057	1
NCBITaxon:2739058	1
NCBITaxon:2739061	2
NCBITaxon:2739063	1
NCBITaxon:2739064	1
NCBITaxon:2739389	1
NCBITaxon:2739433	1
NCBITaxon:2739434	1
NCBITaxon:2739745	1
NCBITaxon:2739746	1
NCBITaxon:2739747	1
NCBITaxon:2739748	1
NCBITaxon:2739749	1
NCBITaxon:2739750	1
NCBITaxon:274	40
NCBITaxon:2740	1
NCBITaxon:2740163	1
NCBITaxon:2740184	1
NCBITaxon:2740185	2
NCBITaxon:2740186	1
NCBITaxon:2740297	2
NCBITaxon:2740404	1
NCBITaxon:2740405	1
NCBITaxon:2740462	1
NCBITaxon:2740464	3
NCBITaxon:2740515	1
NCBITaxon:2740516	1
NCBITaxon:2740517	2
NCBITaxon:2740518	2
NCBITaxon:2740529	1
NCBITaxon:2740531	5
NCBITaxon:2740577	1
NCBITaxon:2740579	2
NCBITaxon:2740583	2
NCBITaxon:2740584	1
NCBITaxon:2740817	1
NCBITaxon:2741	4
NCBITaxon:2741070	1
NCBITaxon:2741071	1
NCBITaxon:2741323	1
NCBITaxon:2741333	3
NCBITaxon:2741433	1
NCBITaxon:2741495	1
NCBITaxon:2741497	1
NCBITaxon:2741499	4
NCBITaxon:2741674	1
NCBITaxon:2741701	1
NCBITaxon:2741719	1
NCBITaxon:2741721	1
NCBITaxon:2741724	2
NCBITaxon:2742	33
NCBITaxon:2742142	6
NCBITaxon:2742145	1
NCBITaxon:2742202	1
NCBITaxon:2742203	7
NCBITaxon:2742212	1
NCBITaxon:2742600	2
NCBITaxon:2742601	4
NCBITaxon:2742612	4
NCBITaxon:2742613	2
NCBITaxon:2742615	2
NCBITaxon:2742683	1
NCBITaxon:2742685	1
NCBITaxon:2742698	1
NCBITaxon:2742716	1
NCBITaxon:2742717	1
NCBITaxon:2742718	1
NCBITaxon:2742763	1
NCBITaxon:2742796	1
NCBITaxon:2742824	1
NCBITaxon:2742993	1
NCBITaxon:2743	56
NCBITaxon:2743000	1
NCBITaxon:2743001	1
NCBITaxon:2743089	1
NCBITaxon:2743090	1
NCBITaxon:2743357	1
NCBITaxon:2743358	1
NCBITaxon:2743469	1
NCBITaxon:2743470	1
NCBITaxon:2743471	2
NCBITaxon:2743499	1
NCBITaxon:2743609	1
NCBITaxon:2743610	1
NCBITaxon:2743612	1
NCBITaxon:2743772	1
NCBITaxon:2743976	1
NCBITaxon:2743979	1
NCBITaxon:2744027	1
NCBITaxon:2744028	1
NCBITaxon:2744239	1
NCBITaxon:2744308	2
NCBITaxon:2744309	1
NCBITaxon:2744443	1
NCBITaxon:2744473	1
NCBITaxon:2744479	1
NCBITaxon:2745	38
NCBITaxon:2745098	1
NCBITaxon:2745099	1
NCBITaxon:2745197	1
NCBITaxon:2745198	1
NCBITaxon:274537	3
NCBITaxon:2745482	2
NCBITaxon:2745488	1
NCBITaxon:2745490	1
NCBITaxon:2745492	1
NCBITaxon:2745493	1
NCBITaxon:2745494	3
NCBITaxon:2745495	1
NCBITaxon:2745496	1
NCBITaxon:2745500	1
NCBITaxon:2745502	1
NCBITaxon:2745503	1
NCBITaxon:2745504	1
NCBITaxon:2745508	1
NCBITaxon:2745509	4
NCBITaxon:2745510	1
NCBITaxon:2745511	1
NCBITaxon:2745512	9
NCBITaxon:2745514	1
NCBITaxon:2745518	1
NCBITaxon:2745574	1
NCBITaxon:2745851	1
NCBITaxon:274591	5
NCBITaxon:274592	4
NCBITaxon:274593	4
NCBITaxon:2746	33
NCBITaxon:2746321	1
NCBITaxon:2746702	1
NCBITaxon:2746961	9
NCBITaxon:2747	1
NCBITaxon:2747268	1
NCBITaxon:2747386	1
NCBITaxon:2747437	1
NCBITaxon:2747438	1
NCBITaxon:2747443	1
NCBITaxon:2747562	1
NCBITaxon:2747601	1
NCBITaxon:2747607	1
NCBITaxon:2747817	1
NCBITaxon:2747961	1
NCBITaxon:2747963	2
NCBITaxon:2747968	22
NCBITaxon:2748	95
NCBITaxon:2748009	1
NCBITaxon:2748177	1
NCBITaxon:2748301	1
NCBITaxon:2748310	1
NCBITaxon:2748318	1
NCBITaxon:2748320	1
NCBITaxon:274854	62
NCBITaxon:2748629	3
NCBITaxon:2748666	1
NCBITaxon:2748667	1
NCBITaxon:2748684	1
NCBITaxon:2748864	1
NCBITaxon:2749	7
NCBITaxon:2749088	1
NCBITaxon:2749147	1
NCBITaxon:2749148	1
NCBITaxon:2749268	1
NCBITaxon:2749434	1
NCBITaxon:2749807	1
NCBITaxon:2749844	1
NCBITaxon:2749911	1
NCBITaxon:2749961	1
NCBITaxon:2749962	1
NCBITaxon:2749967	2
NCBITaxon:2749991	2
NCBITaxon:2749996	1
NCBITaxon:275	16
NCBITaxon:2750	22
NCBITaxon:2750012	1
NCBITaxon:2750620	1
NCBITaxon:2750624	1
NCBITaxon:2750625	6
NCBITaxon:2750669	1
NCBITaxon:2750670	1
NCBITaxon:2750812	1
NCBITaxon:2750816	1
NCBITaxon:2750929	5
NCBITaxon:2750947	5
NCBITaxon:2750967	5
NCBITaxon:2750995	2
NCBITaxon:2750996	3
NCBITaxon:2751	136
NCBITaxon:2751153	1
NCBITaxon:2751177	1
NCBITaxon:2751178	2
NCBITaxon:2751250	1
NCBITaxon:2751251	2
NCBITaxon:2751313	1
NCBITaxon:2751370	1
NCBITaxon:2751477	1
NCBITaxon:2751478	2
NCBITaxon:2751811	1
NCBITaxon:2751812	1
NCBITaxon:2752	7
NCBITaxon:2752305	1
NCBITaxon:2752306	1
NCBITaxon:2752307	1
NCBITaxon:2752310	1
NCBITaxon:2752311	1
NCBITaxon:2752516	1
NCBITaxon:2753	1
NCBITaxon:2753541	28
NCBITaxon:2753746	1
NCBITaxon:2754	7
NCBITaxon:2754044	1
NCBITaxon:2754045	1
NCBITaxon:2754056	56
NCBITaxon:2754057	5
NCBITaxon:2754530	1
NCBITaxon:2754658	1
NCBITaxon:2754694	1
NCBITaxon:2754695	1
NCBITaxon:2754717	10
NCBITaxon:2754725	1
NCBITaxon:2754726	1
NCBITaxon:2754999	12
NCBITaxon:2755039	1
NCBITaxon:2755040	1
NCBITaxon:2755041	1
NCBITaxon:2755051	1
NCBITaxon:2755323	1
NCBITaxon:2755356	1
NCBITaxon:2755358	1
NCBITaxon:2755382	1
NCBITaxon:2755406	1
NCBITaxon:2755559	1
NCBITaxon:2755585	1
NCBITaxon:2756	74
NCBITaxon:2756107	1
NCBITaxon:2756129	1
NCBITaxon:2756131	1
NCBITaxon:2756247	1
NCBITaxon:2756294	1
NCBITaxon:2756312	1
NCBITaxon:2757	8
NCBITaxon:2758030	2
NCBITaxon:2758033	1
NCBITaxon:2758037	2
NCBITaxon:2758038	2
NCBITaxon:2758039	1
NCBITaxon:2758041	1
NCBITaxon:2758440	2
NCBITaxon:2758443	1
NCBITaxon:2758564	1
NCBITaxon:2758565	1
NCBITaxon:2758568	1
NCBITaxon:2758569	1
NCBITaxon:2758570	1
NCBITaxon:2758573	2
NCBITaxon:2758695	1
NCBITaxon:2758710	3
NCBITaxon:2759	74
NCBITaxon:2759022	1
NCBITaxon:2759023	1
NCBITaxon:2759035	2
NCBITaxon:2759037	1
NCBITaxon:2759165	1
NCBITaxon:2759166	1
NCBITaxon:2759181	1
NCBITaxon:2759526	1
NCBITaxon:2759527	1
NCBITaxon:2759528	1
NCBITaxon:2759657	2
NCBITaxon:2759707	1
NCBITaxon:2759747	3
NCBITaxon:2759748	4
NCBITaxon:2759752	3
NCBITaxon:2759755	1
NCBITaxon:2759855	4
NCBITaxon:2759899	1
NCBITaxon:2759900	1
NCBITaxon:2759926	1
NCBITaxon:2759948	1
NCBITaxon:2759949	1
NCBITaxon:2759953	1
NCBITaxon:2759955	1
NCBITaxon:2759956	1
NCBITaxon:276	3
NCBITaxon:2760083	1
NCBITaxon:2760084	3
NCBITaxon:2760088	1
NCBITaxon:2760093	1
NCBITaxon:2760662	1
NCBITaxon:2760713	1
NCBITaxon:2760803	1
NCBITaxon:2760804	1
NCBITaxon:2761101	1
NCBITaxon:2761102	1
NCBITaxon:2761104	1
NCBITaxon:2761120	1
NCBITaxon:2761123	1
NCBITaxon:2761164	1
NCBITaxon:2761393	1
NCBITaxon:2761395	1
NCBITaxon:2761396	1
NCBITaxon:2761399	1
NCBITaxon:2761406	3
NCBITaxon:2761443	2
NCBITaxon:2761444	1
NCBITaxon:2761445	1
NCBITaxon:2761487	1
NCBITaxon:2761496	1
NCBITaxon:2761500	1
NCBITaxon:2761578	3
NCBITaxon:2761579	1
NCBITaxon:2761580	1
NCBITaxon:2761622	1
NCBITaxon:2761623	1
NCBITaxon:2761955	1
NCBITaxon:2762	22
NCBITaxon:2762014	2
NCBITaxon:2762209	1
NCBITaxon:2762210	1
NCBITaxon:2762214	1
NCBITaxon:2762215	1
NCBITaxon:2762216	1
NCBITaxon:2762217	1
NCBITaxon:2762218	1
NCBITaxon:2762219	1
NCBITaxon:2762220	1
NCBITaxon:2762221	1
NCBITaxon:2762222	1
NCBITaxon:2762223	1
NCBITaxon:2762224	1
NCBITaxon:2762225	1
NCBITaxon:2762226	1
NCBITaxon:2762227	1
NCBITaxon:2762229	2
NCBITaxon:2762230	1
NCBITaxon:2762231	1
NCBITaxon:2762232	1
NCBITaxon:2762233	1
NCBITaxon:2762234	1
NCBITaxon:2762235	1
NCBITaxon:2762236	1
NCBITaxon:2762237	1
NCBITaxon:2762238	1
NCBITaxon:2762240	1
NCBITaxon:2762241	1
NCBITaxon:2762242	1
NCBITaxon:2762243	1
NCBITaxon:2762245	1
NCBITaxon:2762246	1
NCBITaxon:2762274	1
NCBITaxon:2762277	1
NCBITaxon:2762291	1
NCBITaxon:2762292	1
NCBITaxon:2762294	1
NCBITaxon:2762295	1
NCBITaxon:2762297	1
NCBITaxon:2762298	1
NCBITaxon:2762300	1
NCBITaxon:2762557	1
NCBITaxon:2762576	11
NCBITaxon:2762577	4
NCBITaxon:2762591	2
NCBITaxon:2762592	1
NCBITaxon:2762593	1
NCBITaxon:2762596	1
NCBITaxon:2762597	1
NCBITaxon:2762598	1
NCBITaxon:2762729	1
NCBITaxon:2762745	1
NCBITaxon:2762756	2
NCBITaxon:2762757	1
NCBITaxon:2762758	1
NCBITaxon:2762760	1
NCBITaxon:2763006	4
NCBITaxon:2763010	3
NCBITaxon:2763012	1
NCBITaxon:2763013	1
NCBITaxon:2763014	1
NCBITaxon:2763015	1
NCBITaxon:2763016	1
NCBITaxon:2763017	1
NCBITaxon:2763018	1
NCBITaxon:2763021	1
NCBITaxon:2763023	4
NCBITaxon:2763025	4
NCBITaxon:2763026	1
NCBITaxon:2763027	1
NCBITaxon:2763028	1
NCBITaxon:2763029	1
NCBITaxon:2763030	1
NCBITaxon:2763031	1
NCBITaxon:2763032	1
NCBITaxon:2763033	1
NCBITaxon:2763035	1
NCBITaxon:2763036	1
NCBITaxon:2763037	1
NCBITaxon:2763038	1
NCBITaxon:2763040	1
NCBITaxon:2763041	1
NCBITaxon:2763042	1
NCBITaxon:2763043	1
NCBITaxon:2763045	1
NCBITaxon:2763047	1
NCBITaxon:2763048	1
NCBITaxon:2763050	1
NCBITaxon:2763051	1
NCBITaxon:2763052	1
NCBITaxon:2763053	1
NCBITaxon:2763054	1
NCBITaxon:2763055	1
NCBITaxon:2763056	1
NCBITaxon:2763057	1
NCBITaxon:2763058	1
NCBITaxon:2763059	1
NCBITaxon:2763060	1
NCBITaxon:2763061	1
NCBITaxon:2763062	1
NCBITaxon:2763063	1
NCBITaxon:2763064	1
NCBITaxon:2763065	1
NCBITaxon:2763066	1
NCBITaxon:2763067	1
NCBITaxon:2763069	1
NCBITaxon:2763071	1
NCBITaxon:2763072	1
NCBITaxon:2763074	1
NCBITaxon:2763075	1
NCBITaxon:2763107	1
NCBITaxon:2763117	2
NCBITaxon:2763128	1
NCBITaxon:2763258	1
NCBITaxon:2763260	1
NCBITaxon:2763262	1
NCBITaxon:2763263	1
NCBITaxon:2763266	1
NCBITaxon:2763317	2
NCBITaxon:2763338	4
NCBITaxon:2763498	1
NCBITaxon:2763499	1
NCBITaxon:2763500	1
NCBITaxon:2763501	1
NCBITaxon:2763503	1
NCBITaxon:2763505	1
NCBITaxon:2763506	1
NCBITaxon:2763644	1
NCBITaxon:2763645	1
NCBITaxon:2763654	1
NCBITaxon:2763655	1
NCBITaxon:2763656	1
NCBITaxon:2763658	1
NCBITaxon:2763659	1
NCBITaxon:2763660	1
NCBITaxon:2763661	1
NCBITaxon:2763662	1
NCBITaxon:2763663	1
NCBITaxon:2763664	1
NCBITaxon:2763665	1
NCBITaxon:2763666	1
NCBITaxon:2763667	2
NCBITaxon:2763668	1
NCBITaxon:2763669	1
NCBITaxon:2763670	1
NCBITaxon:2763671	1
NCBITaxon:2763672	1
NCBITaxon:2763673	1
NCBITaxon:2763674	1
NCBITaxon:2763675	1
NCBITaxon:2763676	1
NCBITaxon:2763677	1
NCBITaxon:2763678	1
NCBITaxon:2763679	1
NCBITaxon:2764176	1
NCBITaxon:2764185	1
NCBITaxon:2764186	1
NCBITaxon:2764187	1
NCBITaxon:2764322	1
NCBITaxon:2764323	1
NCBITaxon:2764324	1
NCBITaxon:2764325	3
NCBITaxon:2764326	1
NCBITaxon:2764327	1
NCBITaxon:2764328	1
NCBITaxon:2764329	1
NCBITaxon:2764330	1
NCBITaxon:2764429	1
NCBITaxon:2764571	1
NCBITaxon:2764597	1
NCBITaxon:2764712	1
NCBITaxon:2764714	2
NCBITaxon:2764716	2
NCBITaxon:2764718	3
NCBITaxon:2765360	1
NCBITaxon:2765361	1
NCBITaxon:2765362	1
NCBITaxon:2765363	2
NCBITaxon:2765364	2
NCBITaxon:2766470	9
NCBITaxon:2766473	1
NCBITaxon:2766474	1
NCBITaxon:2766479	1
NCBITaxon:2766537	1
NCBITaxon:2766577	1
NCBITaxon:2766578	1
NCBITaxon:2766780	1
NCBITaxon:2766954	1
NCBITaxon:2766967	1
NCBITaxon:2766980	1
NCBITaxon:2766981	1
NCBITaxon:2766982	1
NCBITaxon:2766984	1
NCBITaxon:2767002	1
NCBITaxon:2767221	1
NCBITaxon:2767425	1
NCBITaxon:2767482	1
NCBITaxon:2767595	1
NCBITaxon:276768	2
NCBITaxon:2767826	1
NCBITaxon:2767842	2
NCBITaxon:2767887	1
NCBITaxon:2768066	1
NCBITaxon:2768068	1
NCBITaxon:2768161	1
NCBITaxon:2768162	1
NCBITaxon:2768834	2
NCBITaxon:2769078	1
NCBITaxon:2769256	1
NCBITaxon:2769420	1
NCBITaxon:2769485	2
NCBITaxon:2769486	1
NCBITaxon:2769491	1
NCBITaxon:2769542	1
NCBITaxon:277	25
NCBITaxon:2770274	1
NCBITaxon:2770504	3
NCBITaxon:2770505	2
NCBITaxon:2770581	1
NCBITaxon:2770636	1
NCBITaxon:2770637	1
NCBITaxon:2770916	1
NCBITaxon:2771352	1
NCBITaxon:2771354	1
NCBITaxon:2771355	1
NCBITaxon:2771356	1
NCBITaxon:2771357	19
NCBITaxon:2771358	1
NCBITaxon:2771359	1
NCBITaxon:2771361	1
NCBITaxon:2771362	1
NCBITaxon:2771369	1
NCBITaxon:2771427	1
NCBITaxon:2771428	1
NCBITaxon:2771430	1
NCBITaxon:2771435	1
NCBITaxon:2771537	1
NCBITaxon:2772109	1
NCBITaxon:2772110	1
NCBITaxon:2772252	1
NCBITaxon:2772254	1
NCBITaxon:2772432	1
NCBITaxon:2772433	1
NCBITaxon:2772557	1
NCBITaxon:2772558	1
NCBITaxon:2772559	1
NCBITaxon:2773299	2
NCBITaxon:2773304	1
NCBITaxon:2773451	1
NCBITaxon:2773454	1
NCBITaxon:2773457	1
NCBITaxon:2773677	1
NCBITaxon:2773713	1
NCBITaxon:2773715	1
NCBITaxon:2773716	1
NCBITaxon:2774015	7
NCBITaxon:2774019	1
NCBITaxon:2774055	1
NCBITaxon:2774125	1
NCBITaxon:2774137	1
NCBITaxon:2774138	1
NCBITaxon:2774142	1
NCBITaxon:2774143	1
NCBITaxon:2774144	1
NCBITaxon:2774145	1
NCBITaxon:2774151	1
NCBITaxon:2774154	2
NCBITaxon:2774167	1
NCBITaxon:2774189	1
NCBITaxon:2774190	1
NCBITaxon:2774191	2
NCBITaxon:2774330	4
NCBITaxon:2774408	1
NCBITaxon:2774460	1
NCBITaxon:2774461	1
NCBITaxon:2774531	1
NCBITaxon:2774605	7
NCBITaxon:2774876	1
NCBITaxon:2775080	1
NCBITaxon:2775081	2
NCBITaxon:2775159	5
NCBITaxon:2775245	1
NCBITaxon:2775278	1
NCBITaxon:2775280	1
NCBITaxon:2775289	1
NCBITaxon:2775292	1
NCBITaxon:2775299	1
NCBITaxon:2775312	1
NCBITaxon:2775404	1
NCBITaxon:2775420	1
NCBITaxon:2775421	1
NCBITaxon:2775496	1
NCBITaxon:2775866	1
NCBITaxon:2775867	1
NCBITaxon:2775868	1
NCBITaxon:2775968	1
NCBITaxon:2776705	1
NCBITaxon:2776706	1
NCBITaxon:2776916	2
NCBITaxon:2776917	2
NCBITaxon:2777155	1
NCBITaxon:2777367	1
NCBITaxon:2777537	3
NCBITaxon:2777577	1
NCBITaxon:2777685	1
NCBITaxon:2777983	1
NCBITaxon:2777984	1
NCBITaxon:2777994	1
NCBITaxon:2778364	1
NCBITaxon:2778365	1
NCBITaxon:2778368	1
NCBITaxon:2778369	1
NCBITaxon:2778370	1
NCBITaxon:2778430	1
NCBITaxon:2778531	2
NCBITaxon:2778550	2
NCBITaxon:2778652	1
NCBITaxon:2778653	1
NCBITaxon:2778654	1
NCBITaxon:2778656	1
NCBITaxon:2778657	2
NCBITaxon:2778729	1
NCBITaxon:2778730	1
NCBITaxon:2778731	1
NCBITaxon:2778876	1
NCBITaxon:2778911	1
NCBITaxon:2779351	1
NCBITaxon:2779352	1
NCBITaxon:2779354	1
NCBITaxon:2779355	1
NCBITaxon:2779356	1
NCBITaxon:2779357	1
NCBITaxon:2779358	1
NCBITaxon:2779401	1
NCBITaxon:2779506	1
NCBITaxon:2779508	2
NCBITaxon:2779510	2
NCBITaxon:2779518	1
NCBITaxon:2779519	1
NCBITaxon:2779528	1
NCBITaxon:2779529	1
NCBITaxon:2779536	1
NCBITaxon:2779537	1
NCBITaxon:2779540	1
NCBITaxon:2779541	1
NCBITaxon:2779542	1
NCBITaxon:2779543	1
NCBITaxon:2779544	1
NCBITaxon:2779545	1
NCBITaxon:2779546	1
NCBITaxon:2779547	1
NCBITaxon:2779548	1
NCBITaxon:2779550	1
NCBITaxon:2779551	1
NCBITaxon:2779552	1
NCBITaxon:2779553	1
NCBITaxon:2779554	1
NCBITaxon:2779555	1
NCBITaxon:2779556	1
NCBITaxon:2779557	1
NCBITaxon:2779558	1
NCBITaxon:2779559	1
NCBITaxon:2779560	1
NCBITaxon:2779561	1
NCBITaxon:2779562	1
NCBITaxon:2779563	1
NCBITaxon:2779564	1
NCBITaxon:2779565	1
NCBITaxon:2779566	1
NCBITaxon:2779567	1
NCBITaxon:2779568	1
NCBITaxon:2779569	1
NCBITaxon:2779570	1
NCBITaxon:2779571	1
NCBITaxon:2779572	1
NCBITaxon:2779573	1
NCBITaxon:2779574	1
NCBITaxon:2779575	1
NCBITaxon:2779576	1
NCBITaxon:2779577	1
NCBITaxon:2779578	1
NCBITaxon:2779579	1
NCBITaxon:2779580	1
NCBITaxon:2779581	1
NCBITaxon:2779582	1
NCBITaxon:2779583	1
NCBITaxon:2779584	1
NCBITaxon:2779585	1
NCBITaxon:2779586	1
NCBITaxon:2779587	1
NCBITaxon:2779588	1
NCBITaxon:2779589	1
NCBITaxon:2779590	1
NCBITaxon:2779591	1
NCBITaxon:2779592	1
NCBITaxon:2779593	1
NCBITaxon:2779594	1
NCBITaxon:2779595	1
NCBITaxon:2779596	1
NCBITaxon:2779597	1
NCBITaxon:2779598	1
NCBITaxon:2779599	1
NCBITaxon:2779600	1
NCBITaxon:2779604	1
NCBITaxon:2779605	1
NCBITaxon:277961	4
NCBITaxon:2779678	1
NCBITaxon:2779775	1
NCBITaxon:2779776	1
NCBITaxon:2779859	3
NCBITaxon:2779867	5
NCBITaxon:277988	5
NCBITaxon:2780073	1
NCBITaxon:2780086	1
NCBITaxon:2780091	1
NCBITaxon:2780093	1
NCBITaxon:2780094	1
NCBITaxon:278011	2
NCBITaxon:2780140	2
NCBITaxon:278021	3
NCBITaxon:278024	1
NCBITaxon:278025	1
NCBITaxon:278026	1
NCBITaxon:278027	1
NCBITaxon:2780383	1
NCBITaxon:2780508	1
NCBITaxon:278064	7
NCBITaxon:2780922	1
NCBITaxon:278095	6
NCBITaxon:278096	1
NCBITaxon:2780975	3
NCBITaxon:2781022	1
NCBITaxon:2781023	1
NCBITaxon:2781186	4
NCBITaxon:2781211	1
NCBITaxon:2781239	4
NCBITaxon:2781240	1
NCBITaxon:2781243	76
NCBITaxon:278132	5
NCBITaxon:2781388	17
NCBITaxon:278148	1
NCBITaxon:2781599	1
NCBITaxon:2781736	1
NCBITaxon:2781738	1
NCBITaxon:2781773	1
NCBITaxon:2781774	3
NCBITaxon:2781855	1
NCBITaxon:2781959	1
NCBITaxon:2781960	1
NCBITaxon:2781962	1
NCBITaxon:278197	3
NCBITaxon:2781979	1
NCBITaxon:2781983	1
NCBITaxon:2782	1
NCBITaxon:2782006	1
NCBITaxon:278209	14
NCBITaxon:2782163	1
NCBITaxon:2782166	1
NCBITaxon:2782167	1
NCBITaxon:2782168	1
NCBITaxon:2782169	1
NCBITaxon:2782176	1
NCBITaxon:2782243	1
NCBITaxon:2782349	1
NCBITaxon:2782350	1
NCBITaxon:2782351	1
NCBITaxon:2782352	1
NCBITaxon:2782536	1
NCBITaxon:2782537	2
NCBITaxon:2782538	2
NCBITaxon:2782540	1
NCBITaxon:2782547	1
NCBITaxon:2782551	1
NCBITaxon:2782568	1
NCBITaxon:2782605	1
NCBITaxon:2782607	1
NCBITaxon:2782701	16
NCBITaxon:2783613	1
NCBITaxon:2783614	1
NCBITaxon:2783664	1
NCBITaxon:2783700	1
NCBITaxon:2783797	4
NCBITaxon:2783811	1
NCBITaxon:2784339	1
NCBITaxon:2784346	1
NCBITaxon:2784387	1
NCBITaxon:2784388	1
NCBITaxon:2784389	1
NCBITaxon:2784880	1
NCBITaxon:2785025	1
NCBITaxon:2785058	1
NCBITaxon:2785297	1
NCBITaxon:2785326	1
NCBITaxon:2785331	1
NCBITaxon:2785530	1
NCBITaxon:2785532	1
NCBITaxon:2785627	2
NCBITaxon:2785629	1
NCBITaxon:2785915	1
NCBITaxon:2785916	1
NCBITaxon:2785917	1
NCBITaxon:2785918	1
NCBITaxon:278681	1
NCBITaxon:2786951	1
NCBITaxon:2786953	3
NCBITaxon:2786956	1
NCBITaxon:2787622	2
NCBITaxon:2787628	1
NCBITaxon:2787634	1
NCBITaxon:2787636	1
NCBITaxon:278769	1
NCBITaxon:278771	1
NCBITaxon:2787712	1
NCBITaxon:2787734	1
NCBITaxon:2787735	1
NCBITaxon:2787736	1
NCBITaxon:2787751	1
NCBITaxon:2788	3
NCBITaxon:278860	3
NCBITaxon:2788930	1
NCBITaxon:2788944	1
NCBITaxon:2789015	1
NCBITaxon:2789200	2
NCBITaxon:2789217	1
NCBITaxon:2789292	1
NCBITaxon:2789325	1
NCBITaxon:2789332	1
NCBITaxon:2789333	2
NCBITaxon:2789355	1
NCBITaxon:2789359	1
NCBITaxon:2789366	2
NCBITaxon:278938	1
NCBITaxon:278940	1
NCBITaxon:278943	1
NCBITaxon:278944	1
NCBITaxon:278948	2
NCBITaxon:278955	2
NCBITaxon:278957	1
NCBITaxon:278961	1
NCBITaxon:2789740	1
NCBITaxon:2789776	1
NCBITaxon:2789781	1
NCBITaxon:2789856	1
NCBITaxon:2789879	1
NCBITaxon:278990	6
NCBITaxon:278991	16
NCBITaxon:278993	8
NCBITaxon:278994	9
NCBITaxon:279	3
NCBITaxon:2790012	1
NCBITaxon:279010	4
NCBITaxon:279058	8
NCBITaxon:2790656	1
NCBITaxon:2790657	1
NCBITaxon:2791022	1
NCBITaxon:2791023	1
NCBITaxon:2791024	1
NCBITaxon:2791025	1
NCBITaxon:2791026	1
NCBITaxon:2791027	1
NCBITaxon:2791028	1
NCBITaxon:2791037	1
NCBITaxon:279113	6
NCBITaxon:2791981	1
NCBITaxon:2791986	1
NCBITaxon:2792	1
NCBITaxon:2792008	2
NCBITaxon:2792013	5
NCBITaxon:2792015	2
NCBITaxon:2792078	1
NCBITaxon:279208	3
NCBITaxon:2792083	1
NCBITaxon:2792084	1
NCBITaxon:279215	5
NCBITaxon:279238	1
NCBITaxon:2792470	1
NCBITaxon:2792481	2
NCBITaxon:2792576	1
NCBITaxon:279262	8
NCBITaxon:2792658	1
NCBITaxon:2792783	1
NCBITaxon:2792784	1
NCBITaxon:2792854	1
NCBITaxon:279289	1
NCBITaxon:2792964	1
NCBITaxon:2792978	1
NCBITaxon:2792979	3
NCBITaxon:2793064	1
NCBITaxon:2793065	1
NCBITaxon:2793066	1
NCBITaxon:2793069	1
NCBITaxon:2793070	1
NCBITaxon:2793071	1
NCBITaxon:2793075	2
NCBITaxon:2793076	6
NCBITaxon:2793077	1
NCBITaxon:2793102	2
NCBITaxon:2793196	1
NCBITaxon:2793261	1
NCBITaxon:2793269	1
NCBITaxon:279327	1
NCBITaxon:2793270	1
NCBITaxon:2793282	1
NCBITaxon:2793297	1
NCBITaxon:279356	5
NCBITaxon:279359	5
NCBITaxon:279360	7
NCBITaxon:279369	1
NCBITaxon:2794344	1
NCBITaxon:2794346	1
NCBITaxon:2794347	2
NCBITaxon:2794352	1
NCBITaxon:2794353	1
NCBITaxon:279446	1
NCBITaxon:2794574	1
NCBITaxon:2794583	1
NCBITaxon:2794584	1
NCBITaxon:2794585	1
NCBITaxon:2794586	1
NCBITaxon:2794588	1
NCBITaxon:2794589	1
NCBITaxon:2794590	1
NCBITaxon:2794591	1
NCBITaxon:2794592	1
NCBITaxon:2794593	1
NCBITaxon:2794594	1
NCBITaxon:2794595	1
NCBITaxon:2794934	1
NCBITaxon:2794938	1
NCBITaxon:2794998	2
NCBITaxon:2795026	2
NCBITaxon:2795027	2
NCBITaxon:2795029	1
NCBITaxon:2795030	1
NCBITaxon:2795031	1
NCBITaxon:279506	1
NCBITaxon:2795106	1
NCBITaxon:279518	2
NCBITaxon:2795215	1
NCBITaxon:2795217	1
NCBITaxon:2795218	1
NCBITaxon:2795293	1
NCBITaxon:279532	1
NCBITaxon:2795386	3
NCBITaxon:2795388	1
NCBITaxon:2795389	1
NCBITaxon:279572	3
NCBITaxon:2795726	1
NCBITaxon:2795727	1
NCBITaxon:2795728	1
NCBITaxon:279573	7
NCBITaxon:2795731	1
NCBITaxon:2795733	1
NCBITaxon:2795737	1
NCBITaxon:2795739	1
NCBITaxon:279574	4
NCBITaxon:2795740	1
NCBITaxon:2795747	1
NCBITaxon:2795749	2
NCBITaxon:2795974	4
NCBITaxon:2795986	1
NCBITaxon:2796128	1
NCBITaxon:2796142	1
NCBITaxon:2796149	1
NCBITaxon:2796361	1
NCBITaxon:2796366	1
NCBITaxon:2796465	1
NCBITaxon:2796469	1
NCBITaxon:2796470	2
NCBITaxon:2796471	1
NCBITaxon:2796472	1
NCBITaxon:2796928	1
NCBITaxon:2797167	1
NCBITaxon:2797258	3
NCBITaxon:279732	1
NCBITaxon:2797505	3
NCBITaxon:2797506	1
NCBITaxon:2797636	1
NCBITaxon:2797637	1
NCBITaxon:2797638	2
NCBITaxon:2798040	1
NCBITaxon:279810	3
NCBITaxon:279813	9
NCBITaxon:279824	4
NCBITaxon:279826	5
NCBITaxon:279827	4
NCBITaxon:279828	6
NCBITaxon:2798301	1
NCBITaxon:279832	5
NCBITaxon:2798579	1
NCBITaxon:2798580	1
NCBITaxon:2798581	1
NCBITaxon:2798582	1
NCBITaxon:2798583	1
NCBITaxon:2798584	1
NCBITaxon:27987	1
NCBITaxon:2798799	4
NCBITaxon:2798801	1
NCBITaxon:2798802	1
NCBITaxon:2798803	1
NCBITaxon:279894	1
NCBITaxon:2798998	1
NCBITaxon:2798999	1
NCBITaxon:2799335	1
NCBITaxon:2799495	1
NCBITaxon:2799498	1
NCBITaxon:2799499	1
NCBITaxon:2799566	2
NCBITaxon:2799568	1
NCBITaxon:2799570	1
NCBITaxon:2799571	2
NCBITaxon:2799574	3
NCBITaxon:2799577	1
NCBITaxon:2799579	2
NCBITaxon:2799580	1
NCBITaxon:2799636	1
NCBITaxon:2799638	1
NCBITaxon:2799948	1
NCBITaxon:280	45
NCBITaxon:2800127	1
NCBITaxon:2800325	1
NCBITaxon:2800326	1
NCBITaxon:2800327	1
NCBITaxon:2800328	1
NCBITaxon:2800330	1
NCBITaxon:280036	1
NCBITaxon:2800375	4
NCBITaxon:2800381	2
NCBITaxon:2800386	1
NCBITaxon:2800387	1
NCBITaxon:2800405	2
NCBITaxon:2800406	2
NCBITaxon:2800421	2
NCBITaxon:2800584	1
NCBITaxon:2800818	1
NCBITaxon:280093	13
NCBITaxon:2800988	1
NCBITaxon:2801	1
NCBITaxon:2801330	1
NCBITaxon:2801331	1
NCBITaxon:2801332	1
NCBITaxon:2801334	1
NCBITaxon:2801335	1
NCBITaxon:2801336	1
NCBITaxon:2801339	1
NCBITaxon:2801340	1
NCBITaxon:2801341	1
NCBITaxon:280145	10
NCBITaxon:2801451	1
NCBITaxon:280147	6
NCBITaxon:2801474	1
NCBITaxon:2801916	2
NCBITaxon:2801997	1
NCBITaxon:2802052	1
NCBITaxon:2802053	1
NCBITaxon:2802280	1
NCBITaxon:2802281	1
NCBITaxon:2802282	1
NCBITaxon:2802283	1
NCBITaxon:2802321	1
NCBITaxon:280236	5
NCBITaxon:280238	12
NCBITaxon:280239	5
NCBITaxon:2802395	1
NCBITaxon:2802396	1
NCBITaxon:280240	1
NCBITaxon:28025	210
NCBITaxon:28026	346
NCBITaxon:2802615	1
NCBITaxon:28028	13
NCBITaxon:280293	4
NCBITaxon:2802975	1
NCBITaxon:2802976	1
NCBITaxon:2802991	1
NCBITaxon:28031	72
NCBITaxon:2803181	1
NCBITaxon:280322	1
NCBITaxon:28033	1
NCBITaxon:280332	7
NCBITaxon:280333	8
NCBITaxon:2803368	1
NCBITaxon:2803379	1
NCBITaxon:28034	8
NCBITaxon:28035	92
NCBITaxon:280354	1
NCBITaxon:280355	1
NCBITaxon:28037	426
NCBITaxon:2803775	1
NCBITaxon:2803784	1
NCBITaxon:2803787	1
NCBITaxon:28038	189
NCBITaxon:2803811	1
NCBITaxon:2803812	3
NCBITaxon:2803813	1
NCBITaxon:2803814	2
NCBITaxon:2803815	1
NCBITaxon:2803817	1
NCBITaxon:2803841	1
NCBITaxon:2803858	1
NCBITaxon:2803861	1
NCBITaxon:2803862	1
NCBITaxon:2803863	1
NCBITaxon:2803865	1
NCBITaxon:28039	2
NCBITaxon:2803911	1
NCBITaxon:2803918	1
NCBITaxon:2803939	1
NCBITaxon:2803949	1
NCBITaxon:28040	1
NCBITaxon:2804028	1
NCBITaxon:2804194	1
NCBITaxon:28042	86
NCBITaxon:28044	10
NCBITaxon:28045	5
NCBITaxon:2804532	1
NCBITaxon:280465	1
NCBITaxon:28047	5
NCBITaxon:280473	6
NCBITaxon:280477	1
NCBITaxon:28048	1
NCBITaxon:280483	1
NCBITaxon:28049	4
NCBITaxon:2804917	3
NCBITaxon:2804918	1
NCBITaxon:2804919	1
NCBITaxon:2804957	1
NCBITaxon:2804958	3
NCBITaxon:2804960	1
NCBITaxon:2804962	1
NCBITaxon:28050	3
NCBITaxon:280505	3
NCBITaxon:2805094	1
NCBITaxon:2805098	2
NCBITaxon:28051	2
NCBITaxon:28052	237
NCBITaxon:2805427	1
NCBITaxon:2805490	1
NCBITaxon:280590	1
NCBITaxon:280591	1
NCBITaxon:2806100	1
NCBITaxon:2806101	1
NCBITaxon:280618	4
NCBITaxon:2806205	1
NCBITaxon:2806210	2
NCBITaxon:2806261	1
NCBITaxon:28064	3
NCBITaxon:28065	6
NCBITaxon:2806553	1
NCBITaxon:2806554	1
NCBITaxon:28066	3
NCBITaxon:2806609	1
NCBITaxon:28067	1
NCBITaxon:28068	52
NCBITaxon:280699	1
NCBITaxon:2807095	1
NCBITaxon:2807096	1
NCBITaxon:28073	2
NCBITaxon:28074	2
NCBITaxon:280754	4
NCBITaxon:2807577	1
NCBITaxon:2807616	1
NCBITaxon:2807618	1
NCBITaxon:2807619	1
NCBITaxon:2807622	1
NCBITaxon:2807623	1
NCBITaxon:2807628	1
NCBITaxon:28077	10
NCBITaxon:280790	2
NCBITaxon:28080	465
NCBITaxon:28082	15
NCBITaxon:28083	6
NCBITaxon:28084	5
NCBITaxon:28085	9
NCBITaxon:28087	14
NCBITaxon:280871	8
NCBITaxon:28088	8
NCBITaxon:2808900	1
NCBITaxon:2808971	3
NCBITaxon:2808978	1
NCBITaxon:28090	278
NCBITaxon:2809017	1
NCBITaxon:2809018	1
NCBITaxon:2809020	1
NCBITaxon:2809026	1
NCBITaxon:2809027	1
NCBITaxon:2809028	1
NCBITaxon:2809031	2
NCBITaxon:2809051	1
NCBITaxon:28091	131
NCBITaxon:28092	15
NCBITaxon:28094	6
NCBITaxon:28095	560
NCBITaxon:28097	59
NCBITaxon:2809707	1
NCBITaxon:28099	14
NCBITaxon:281	7
NCBITaxon:28100	4
NCBITaxon:2810033	1
NCBITaxon:2810034	1
NCBITaxon:2810035	1
NCBITaxon:2810036	1
NCBITaxon:28101	12
NCBITaxon:2810307	1
NCBITaxon:2810309	1
NCBITaxon:281031	181
NCBITaxon:2810310	1
NCBITaxon:2810347	1
NCBITaxon:2810349	1
NCBITaxon:2810351	2
NCBITaxon:2810368	1
NCBITaxon:28104	22
NCBITaxon:2810404	1
NCBITaxon:2810405	1
NCBITaxon:2810406	1
NCBITaxon:2810407	1
NCBITaxon:2810408	1
NCBITaxon:2810409	1
NCBITaxon:2810443	9
NCBITaxon:2810445	1
NCBITaxon:2810447	1
NCBITaxon:2810449	3
NCBITaxon:2810512	1
NCBITaxon:2810535	1
NCBITaxon:2810536	1
NCBITaxon:2810562	1
NCBITaxon:2810563	1
NCBITaxon:28106	1
NCBITaxon:2810611	1
NCBITaxon:2810613	5
NCBITaxon:2810614	12
NCBITaxon:2810616	1
NCBITaxon:2810619	1
NCBITaxon:281068	1
NCBITaxon:28107	20
NCBITaxon:28108	61
NCBITaxon:281087	1
NCBITaxon:28109	23
NCBITaxon:281090	1
NCBITaxon:281091	8
NCBITaxon:28110	64
NCBITaxon:281105	4
NCBITaxon:28111	62
NCBITaxon:2811104	1
NCBITaxon:2811108	1
NCBITaxon:2811111	1
NCBITaxon:28112	6
NCBITaxon:2811230	1
NCBITaxon:2811231	1
NCBITaxon:2811233	2
NCBITaxon:2811234	1
NCBITaxon:28113	7
NCBITaxon:2811373	2
NCBITaxon:28114	24
NCBITaxon:2811415	1
NCBITaxon:2811421	1
NCBITaxon:2811429	1
NCBITaxon:2811430	1
NCBITaxon:28115	10
NCBITaxon:28116	247
NCBITaxon:28117	574
NCBITaxon:2811779	1
NCBITaxon:2811780	1
NCBITaxon:28118	203
NCBITaxon:281186	5
NCBITaxon:28119	1
NCBITaxon:2811901	1
NCBITaxon:2812000	2
NCBITaxon:2812025	1
NCBITaxon:28121	8
NCBITaxon:28122	4
NCBITaxon:28123	7
NCBITaxon:28124	13
NCBITaxon:28125	52
NCBITaxon:281252	3
NCBITaxon:2812555	2
NCBITaxon:2812556	1
NCBITaxon:2812558	1
NCBITaxon:2812559	1
NCBITaxon:2812562	1
NCBITaxon:2812563	1
NCBITaxon:28126	36
NCBITaxon:2812658	1
NCBITaxon:2812664	1
NCBITaxon:28127	13
NCBITaxon:2812733	1
NCBITaxon:28128	10
NCBITaxon:2812848	1
NCBITaxon:2812850	1
NCBITaxon:28129	19
NCBITaxon:2812904	1
NCBITaxon:2812953	1
NCBITaxon:28130	9
NCBITaxon:281309	1
NCBITaxon:28131	64
NCBITaxon:281310	1
NCBITaxon:28132	61
NCBITaxon:28133	25
NCBITaxon:2813360	4
NCBITaxon:2813362	1
NCBITaxon:2813371	3
NCBITaxon:28134	9
NCBITaxon:28135	6
NCBITaxon:2813577	1
NCBITaxon:2813578	1
NCBITaxon:28136	4
NCBITaxon:281361	9
NCBITaxon:281362	5
NCBITaxon:281364	1
NCBITaxon:2813651	20
NCBITaxon:28137	3
NCBITaxon:2813727	1
NCBITaxon:281374	1
NCBITaxon:281375	5
NCBITaxon:281376	5
NCBITaxon:2813778	1
NCBITaxon:2813823	1
NCBITaxon:2813827	2
NCBITaxon:2813851	1
NCBITaxon:28139	5
NCBITaxon:28141	442
NCBITaxon:28142	14
NCBITaxon:2814244	2
NCBITaxon:2814292	1
NCBITaxon:2814294	1
NCBITaxon:2814297	1
NCBITaxon:28144	233
NCBITaxon:2814576	1
NCBITaxon:2814589	1
NCBITaxon:28147	46
NCBITaxon:281473	3
NCBITaxon:2814886	1
NCBITaxon:28150	75
NCBITaxon:2815099	1
NCBITaxon:28151	68
NCBITaxon:28152	89
NCBITaxon:2815308	1
NCBITaxon:2815309	1
NCBITaxon:2815321	1
NCBITaxon:2815322	1
NCBITaxon:2815324	1
NCBITaxon:2815325	1
NCBITaxon:2815326	1
NCBITaxon:2815329	1
NCBITaxon:2815339	1
NCBITaxon:2815343	2
NCBITaxon:2815358	1
NCBITaxon:2815362	1
NCBITaxon:2815425	2
NCBITaxon:2815577	1
NCBITaxon:2815579	2
NCBITaxon:28156	1
NCBITaxon:2815720	2
NCBITaxon:2815722	1
NCBITaxon:2815723	1
NCBITaxon:2815733	2
NCBITaxon:28158	5
NCBITaxon:28159	3
NCBITaxon:2816034	1
NCBITaxon:2816035	1
NCBITaxon:2816036	1
NCBITaxon:2816037	1
NCBITaxon:2816048	1
NCBITaxon:2816080	2
NCBITaxon:2816082	2
NCBITaxon:28161	4
NCBITaxon:2816119	1
NCBITaxon:2816120	1
NCBITaxon:2816232	1
NCBITaxon:2816244	4
NCBITaxon:2816248	1
NCBITaxon:2816249	2
NCBITaxon:2816250	1
NCBITaxon:2816326	1
NCBITaxon:2816356	1
NCBITaxon:2816357	1
NCBITaxon:2816474	1
NCBITaxon:2816475	1
NCBITaxon:2816476	1
NCBITaxon:2816852	2
NCBITaxon:2816856	1
NCBITaxon:2816857	1
NCBITaxon:2816859	1
NCBITaxon:28169	4
NCBITaxon:2816950	1
NCBITaxon:2816956	1
NCBITaxon:2816963	1
NCBITaxon:2816993	1
NCBITaxon:2817027	2
NCBITaxon:2817059	1
NCBITaxon:2817060	1
NCBITaxon:2817061	1
NCBITaxon:28171	16
NCBITaxon:281714	2
NCBITaxon:28172	134
NCBITaxon:28173	26
NCBITaxon:2817372	2
NCBITaxon:2817374	1
NCBITaxon:2817375	1
NCBITaxon:2817376	2
NCBITaxon:281738	6
NCBITaxon:2817382	1
NCBITaxon:281739	4
NCBITaxon:28174	26
NCBITaxon:2817435	2
NCBITaxon:2817449	1
NCBITaxon:2817475	1
NCBITaxon:2817476	1
NCBITaxon:2817477	3
NCBITaxon:2817478	2
NCBITaxon:28175	9
NCBITaxon:28176	1
NCBITaxon:2817681	1
NCBITaxon:281785	1
NCBITaxon:2817862	1
NCBITaxon:2817877	1
NCBITaxon:2817907	1
NCBITaxon:2817908	1
NCBITaxon:2817909	1
NCBITaxon:2818044	1
NCBITaxon:28181	3
NCBITaxon:28182	39
NCBITaxon:2818246	1
NCBITaxon:2818247	1
NCBITaxon:2818248	1
NCBITaxon:28183	70
NCBITaxon:2818388	1
NCBITaxon:2818389	1
NCBITaxon:28184	27
NCBITaxon:281842	1
NCBITaxon:2818430	1
NCBITaxon:2818439	1
NCBITaxon:2818440	1
NCBITaxon:2818442	1
NCBITaxon:2818453	1
NCBITaxon:281847	1
NCBITaxon:2818493	1
NCBITaxon:28185	1
NCBITaxon:2818507	1
NCBITaxon:28187	2
NCBITaxon:28188	245
NCBITaxon:28189	33
NCBITaxon:281915	2
NCBITaxon:28192	3
NCBITaxon:281920	6
NCBITaxon:2819233	1
NCBITaxon:2819234	1
NCBITaxon:2819236	1
NCBITaxon:2819238	1
NCBITaxon:2819290	2
NCBITaxon:2819348	2
NCBITaxon:2819351	1
NCBITaxon:2819369	1
NCBITaxon:28195	7
NCBITaxon:28196	14
NCBITaxon:2819619	1
NCBITaxon:28197	132
NCBITaxon:28198	156
NCBITaxon:28199	7
NCBITaxon:2819903	1
NCBITaxon:2819925	1
NCBITaxon:2819934	1
NCBITaxon:2819978	1
NCBITaxon:2819979	1
NCBITaxon:2819984	1
NCBITaxon:2819985	1
NCBITaxon:28200	94
NCBITaxon:2820060	2
NCBITaxon:28201	2
NCBITaxon:28202	5
NCBITaxon:2820268	1
NCBITaxon:2820270	1
NCBITaxon:2820273	1
NCBITaxon:2820274	1
NCBITaxon:2820287	1
NCBITaxon:2820289	1
NCBITaxon:2820290	1
NCBITaxon:2820300	1
NCBITaxon:2820301	1
NCBITaxon:2820326	1
NCBITaxon:28205	1
NCBITaxon:282060	2
NCBITaxon:2820661	1
NCBITaxon:2820673	1
NCBITaxon:2820698	1
NCBITaxon:2820710	1
NCBITaxon:282078	3
NCBITaxon:2820809	1
NCBITaxon:2820810	1
NCBITaxon:2820811	1
NCBITaxon:2820812	1
NCBITaxon:2820819	1
NCBITaxon:2820877	1
NCBITaxon:2820884	1
NCBITaxon:28209	5
NCBITaxon:28210	2
NCBITaxon:28211	228
NCBITaxon:28212	6
NCBITaxon:28213	19
NCBITaxon:282132	1
NCBITaxon:2821359	1
NCBITaxon:28214	26
NCBITaxon:2821403	1
NCBITaxon:2821404	1
NCBITaxon:2821405	1
NCBITaxon:2821406	2
NCBITaxon:2821407	1
NCBITaxon:282147	1
NCBITaxon:2821487	1
NCBITaxon:2821488	1
NCBITaxon:2821489	1
NCBITaxon:2821543	1
NCBITaxon:28216	116
NCBITaxon:2821844	1
NCBITaxon:282197	4
NCBITaxon:282199	5
NCBITaxon:28220	18
NCBITaxon:28221	209
NCBITaxon:2822137	1
NCBITaxon:2822138	2
NCBITaxon:2822140	1
NCBITaxon:282216	1
NCBITaxon:28222	1
NCBITaxon:2822231	4
NCBITaxon:2822344	1
NCBITaxon:2822368	1
NCBITaxon:282267	2
NCBITaxon:282268	1
NCBITaxon:282269	2
NCBITaxon:28227	4
NCBITaxon:2822760	1
NCBITaxon:2822762	1
NCBITaxon:28228	11
NCBITaxon:28229	6
NCBITaxon:28230	6
NCBITaxon:282305	3
NCBITaxon:28231	11
NCBITaxon:2823109	1
NCBITaxon:28232	1
NCBITaxon:2823264	1
NCBITaxon:2823330	1
NCBITaxon:2823335	1
NCBITaxon:2823372	1
NCBITaxon:2823377	1
NCBITaxon:28234	3
NCBITaxon:2823469	2
NCBITaxon:28235	1
NCBITaxon:2823519	1
NCBITaxon:28236	1
NCBITaxon:2823693	1
NCBITaxon:28237	1
NCBITaxon:2823807	9
NCBITaxon:2823873	1
NCBITaxon:2823902	1
NCBITaxon:28240	5
NCBITaxon:282402	6
NCBITaxon:2824118	2
NCBITaxon:2824119	1
NCBITaxon:2824121	1
NCBITaxon:2824122	1
NCBITaxon:282441	2
NCBITaxon:2824561	1
NCBITaxon:282458	1
NCBITaxon:282459	1
NCBITaxon:2824673	1
NCBITaxon:2824910	2
NCBITaxon:2825	1
NCBITaxon:28251	201
NCBITaxon:28252	21
NCBITaxon:28253	4
NCBITaxon:28254	8
NCBITaxon:28255	7
NCBITaxon:282569	1
NCBITaxon:28258	8
NCBITaxon:2825842	1
NCBITaxon:2825884	1
NCBITaxon:2825886	1
NCBITaxon:28261	3
NCBITaxon:28262	3
NCBITaxon:28264	123
NCBITaxon:282669	5
NCBITaxon:282676	1
NCBITaxon:282683	6
NCBITaxon:282684	6
NCBITaxon:282685	5
NCBITaxon:2826895	1
NCBITaxon:2826925	1
NCBITaxon:2826939	1
NCBITaxon:2827099	3
NCBITaxon:2827233	74
NCBITaxon:2827235	1
NCBITaxon:2827236	1
NCBITaxon:2827238	1
NCBITaxon:2827239	1
NCBITaxon:2828328	1
NCBITaxon:2828330	1
NCBITaxon:2828363	2
NCBITaxon:2828514	1
NCBITaxon:2828728	1
NCBITaxon:2828729	1
NCBITaxon:2828731	1
NCBITaxon:2828733	1
NCBITaxon:2828780	1
NCBITaxon:2828781	1
NCBITaxon:2828860	1
NCBITaxon:2829	4
NCBITaxon:2829105	2
NCBITaxon:2829415	1
NCBITaxon:2829489	1
NCBITaxon:2829490	1
NCBITaxon:2829491	1
NCBITaxon:2829499	1
NCBITaxon:2829795	1
NCBITaxon:2829797	1
NCBITaxon:2829809	1
NCBITaxon:2829810	1
NCBITaxon:2829812	1
NCBITaxon:2829817	1
NCBITaxon:2829821	2
NCBITaxon:2829823	2
NCBITaxon:2829994	2
NCBITaxon:283	2
NCBITaxon:283009	1
NCBITaxon:2830646	2
NCBITaxon:2830647	2
NCBITaxon:2830648	2
NCBITaxon:2830649	1
NCBITaxon:2830650	2
NCBITaxon:2830651	1
NCBITaxon:2830665	2
NCBITaxon:2830666	1
NCBITaxon:2830782	1
NCBITaxon:2830842	1
NCBITaxon:2830844	1
NCBITaxon:2831	3
NCBITaxon:2831022	1
NCBITaxon:2831035	1
NCBITaxon:2831036	1
NCBITaxon:2831148	1
NCBITaxon:2831190	1
NCBITaxon:2831468	2
NCBITaxon:2831523	2
NCBITaxon:2831643	1
NCBITaxon:283165	1
NCBITaxon:283166	1
NCBITaxon:2831662	2
NCBITaxon:2831673	1
NCBITaxon:2831674	1
NCBITaxon:283168	1
NCBITaxon:283169	1
NCBITaxon:2831898	1
NCBITaxon:2831900	1
NCBITaxon:2831924	1
NCBITaxon:2831968	1
NCBITaxon:2831969	1
NCBITaxon:2831970	2
NCBITaxon:2831996	2
NCBITaxon:28320	3
NCBITaxon:2832346	6
NCBITaxon:2832349	2
NCBITaxon:2832350	10
NCBITaxon:2833578	1
NCBITaxon:2833579	1
NCBITaxon:2833580	1
NCBITaxon:2833581	3
NCBITaxon:2833583	1
NCBITaxon:2833586	1
NCBITaxon:2834112	1
NCBITaxon:2834113	1
NCBITaxon:2834232	1
NCBITaxon:2834276	1
NCBITaxon:2834409	1
NCBITaxon:2834412	1
NCBITaxon:2834413	1
NCBITaxon:2834415	1
NCBITaxon:2834431	1
NCBITaxon:2834432	1
NCBITaxon:2834433	1
NCBITaxon:2834434	1
NCBITaxon:2834435	1
NCBITaxon:2834436	1
NCBITaxon:2834437	1
NCBITaxon:2834459	1
NCBITaxon:2834460	1
NCBITaxon:2834505	1
NCBITaxon:2834768	1
NCBITaxon:2835040	1
NCBITaxon:2835041	2
NCBITaxon:2835133	1
NCBITaxon:2835305	1
NCBITaxon:2835306	1
NCBITaxon:2835530	1
NCBITaxon:2835536	1
NCBITaxon:2835787	1
NCBITaxon:2835864	1
NCBITaxon:2835865	1
NCBITaxon:2835866	1
NCBITaxon:2835868	1
NCBITaxon:2835870	1
NCBITaxon:2836179	1
NCBITaxon:2836180	1
NCBITaxon:2836182	1
NCBITaxon:283643	2
NCBITaxon:283647	1
NCBITaxon:283657	1
NCBITaxon:283686	7
NCBITaxon:2836866	1
NCBITaxon:2836868	1
NCBITaxon:2836891	1
NCBITaxon:2836944	1
NCBITaxon:283702	3
NCBITaxon:283718	4
NCBITaxon:283734	158
NCBITaxon:283735	5
NCBITaxon:283736	2
NCBITaxon:283737	9
NCBITaxon:2837387	1
NCBITaxon:2837491	1
NCBITaxon:2837503	1
NCBITaxon:2837517	2
NCBITaxon:2837527	11
NCBITaxon:283786	4
NCBITaxon:2837969	1
NCBITaxon:283801	2
NCBITaxon:2838015	1
NCBITaxon:2838017	1
NCBITaxon:283811	3
NCBITaxon:2838156	1
NCBITaxon:2838157	1
NCBITaxon:283816	2
NCBITaxon:2838249	2
NCBITaxon:2838426	1
NCBITaxon:2838446	1
NCBITaxon:2838470	1
NCBITaxon:2838522	1
NCBITaxon:283877	6
NCBITaxon:2838779	1
NCBITaxon:283878	6
NCBITaxon:2838833	1
NCBITaxon:2838853	1
NCBITaxon:2838854	1
NCBITaxon:283923	3
NCBITaxon:2839743	1
NCBITaxon:2839758	2
NCBITaxon:2839759	2
NCBITaxon:2839954	1
NCBITaxon:2839966	1
NCBITaxon:2839984	1
NCBITaxon:2840183	1
NCBITaxon:284027	8
NCBITaxon:284028	5
NCBITaxon:284029	6
NCBITaxon:284030	5
NCBITaxon:284031	7
NCBITaxon:284032	6
NCBITaxon:284033	8
NCBITaxon:284034	1
NCBITaxon:284035	4
NCBITaxon:284036	8
NCBITaxon:284039	8
NCBITaxon:284040	7
NCBITaxon:284041	6
NCBITaxon:284042	6
NCBITaxon:284043	11
NCBITaxon:284044	8
NCBITaxon:2840455	1
NCBITaxon:2840469	3
NCBITaxon:2840470	2
NCBITaxon:2840474	2
NCBITaxon:284051	1
NCBITaxon:2841031	1
NCBITaxon:2841032	6
NCBITaxon:2841034	1
NCBITaxon:2841044	1
NCBITaxon:2841061	1
NCBITaxon:2841207	2
NCBITaxon:2841257	4
NCBITaxon:2841264	1
NCBITaxon:2841273	1
NCBITaxon:284135	2
NCBITaxon:2841503	1
NCBITaxon:2841504	1
NCBITaxon:2841506	1
NCBITaxon:2841507	1
NCBITaxon:2841508	1
NCBITaxon:2841509	1
NCBITaxon:2841512	1
NCBITaxon:2841534	1
NCBITaxon:2841590	1
NCBITaxon:2841594	1
NCBITaxon:2841596	1
NCBITaxon:2841597	1
NCBITaxon:2841925	1
NCBITaxon:2841926	1
NCBITaxon:2842200	2
NCBITaxon:2842201	1
NCBITaxon:2842303	1
NCBITaxon:2842345	1
NCBITaxon:2842346	3
NCBITaxon:2842347	3
NCBITaxon:2842348	3
NCBITaxon:2842349	1
NCBITaxon:2842350	1
NCBITaxon:2842351	2
NCBITaxon:2842352	1
NCBITaxon:2842353	1
NCBITaxon:2842354	1
NCBITaxon:2842355	1
NCBITaxon:2842356	1
NCBITaxon:2842357	1
NCBITaxon:2842451	1
NCBITaxon:2842452	1
NCBITaxon:2842453	1
NCBITaxon:2842454	1
NCBITaxon:2842456	2
NCBITaxon:2843	2
NCBITaxon:2843196	1
NCBITaxon:2843197	2
NCBITaxon:2843215	1
NCBITaxon:2843216	1
NCBITaxon:2843302	3
NCBITaxon:2843303	2
NCBITaxon:2843330	1
NCBITaxon:2843612	1
NCBITaxon:28442	12
NCBITaxon:2844358	1
NCBITaxon:2844359	1
NCBITaxon:28444	9
NCBITaxon:28445	6
NCBITaxon:284452	5
NCBITaxon:28446	5
NCBITaxon:28447	1231
NCBITaxon:28448	9
NCBITaxon:28449	72
NCBITaxon:28450	1424
NCBITaxon:28452	4
NCBITaxon:28453	6
NCBITaxon:28454	140
NCBITaxon:284545	1
NCBITaxon:284570	6
NCBITaxon:284575	4
NCBITaxon:284577	6
NCBITaxon:284578	3
NCBITaxon:284579	5
NCBITaxon:284580	4
NCBITaxon:284581	5
NCBITaxon:284582	4
NCBITaxon:284592	2
NCBITaxon:284637	1
NCBITaxon:2846746	1
NCBITaxon:2846776	1
NCBITaxon:2846777	2
NCBITaxon:2846851	1
NCBITaxon:2846852	1
NCBITaxon:2847045	1
NCBITaxon:2847292	1
NCBITaxon:2847858	1
NCBITaxon:2847989	3
NCBITaxon:2847992	1
NCBITaxon:284813	1
NCBITaxon:2848143	1
NCBITaxon:2848144	1
NCBITaxon:2848145	1
NCBITaxon:2848396	2
NCBITaxon:2848612	1
NCBITaxon:2849149	1
NCBITaxon:2849150	1
NCBITaxon:2849492	1
NCBITaxon:2849498	1
NCBITaxon:2849499	1
NCBITaxon:2849501	1
NCBITaxon:2849641	1
NCBITaxon:2849642	1
NCBITaxon:2849650	1
NCBITaxon:2849652	1
NCBITaxon:2849654	1
NCBITaxon:2849666	1
NCBITaxon:2849669	1
NCBITaxon:2849687	1
NCBITaxon:2849866	1
NCBITaxon:285	217
NCBITaxon:2850	1
NCBITaxon:285029	1
NCBITaxon:2850322	1
NCBITaxon:2850323	3
NCBITaxon:285040	1
NCBITaxon:2850562	1
NCBITaxon:285070	3
NCBITaxon:2850740	1
NCBITaxon:285080	1
NCBITaxon:285091	3
NCBITaxon:2851006	1
NCBITaxon:2851010	1
NCBITaxon:2851012	1
NCBITaxon:2851013	1
NCBITaxon:2851016	1
NCBITaxon:2851023	1
NCBITaxon:285106	3
NCBITaxon:285107	4
NCBITaxon:285109	2
NCBITaxon:2851566	1
NCBITaxon:2851599	1
NCBITaxon:2851642	3
NCBITaxon:2851645	1
NCBITaxon:2851646	3
NCBITaxon:2851649	2
NCBITaxon:2851652	1
NCBITaxon:2851888	1
NCBITaxon:2852097	1
NCBITaxon:2852098	1
NCBITaxon:2852117	1
NCBITaxon:285258	3
NCBITaxon:285279	5
NCBITaxon:2853	2
NCBITaxon:2853159	1
NCBITaxon:2853160	1
NCBITaxon:2853164	1
NCBITaxon:2853256	3
NCBITaxon:285351	5
NCBITaxon:2853805	1
NCBITaxon:2854028	1
NCBITaxon:2854036	2
NCBITaxon:2854259	1
NCBITaxon:2854389	1
NCBITaxon:285444	8
NCBITaxon:285446	24
NCBITaxon:285447	7
NCBITaxon:285450	50
NCBITaxon:285451	10
NCBITaxon:285453	10
NCBITaxon:285454	13
NCBITaxon:285458	5
NCBITaxon:285473	1
NCBITaxon:2854755	11
NCBITaxon:28548	1
NCBITaxon:285482	1
NCBITaxon:28549	7
NCBITaxon:28550	1
NCBITaxon:285500	1
NCBITaxon:28551	1
NCBITaxon:285514	1
NCBITaxon:285515	6
NCBITaxon:285525	2
NCBITaxon:285527	2
NCBITaxon:285531	4
NCBITaxon:285535	1
NCBITaxon:285536	9
NCBITaxon:2855394	1
NCBITaxon:285540	2
NCBITaxon:285545	10
NCBITaxon:285548	2
NCBITaxon:285549	1
NCBITaxon:2855490	1
NCBITaxon:28555	1
NCBITaxon:2855503	1
NCBITaxon:285555	1
NCBITaxon:285556	4
NCBITaxon:285557	7
NCBITaxon:285558	6
NCBITaxon:285559	2
NCBITaxon:285560	17
NCBITaxon:285561	5
NCBITaxon:285562	6
NCBITaxon:285563	5
NCBITaxon:285564	3
NCBITaxon:285566	6
NCBITaxon:285568	7
NCBITaxon:2855689	1
NCBITaxon:285572	5
NCBITaxon:285574	2
NCBITaxon:285575	6
NCBITaxon:2855764	1
NCBITaxon:285578	5
NCBITaxon:2855840	1
NCBITaxon:2856	2
NCBITaxon:28565	1
NCBITaxon:2856519	1
NCBITaxon:2856547	1
NCBITaxon:2856555	1
NCBITaxon:2856608	1
NCBITaxon:285665	5
NCBITaxon:28567	1
NCBITaxon:285676	10
NCBITaxon:285679	5
NCBITaxon:2856822	1
NCBITaxon:2856823	1
NCBITaxon:2856853	1
NCBITaxon:2857	1
NCBITaxon:2857106	1
NCBITaxon:2857107	1
NCBITaxon:28572	9
NCBITaxon:285729	6
NCBITaxon:28573	1
NCBITaxon:2857508	1
NCBITaxon:2857527	1
NCBITaxon:285811	3
NCBITaxon:28583	1
NCBITaxon:285892	1
NCBITaxon:2859226	1
NCBITaxon:2859242	1
NCBITaxon:2859415	1
NCBITaxon:2859418	1
NCBITaxon:2859419	1
NCBITaxon:285944	2
NCBITaxon:2859768	1
NCBITaxon:2859781	1
NCBITaxon:2859783	1
NCBITaxon:2859785	1
NCBITaxon:285983	9
NCBITaxon:285985	1
NCBITaxon:2859893	2
NCBITaxon:286	272
NCBITaxon:2860197	1
NCBITaxon:2860199	2
NCBITaxon:2860200	1
NCBITaxon:2860203	1
NCBITaxon:2860204	1
NCBITaxon:2860285	6
NCBITaxon:2860288	1
NCBITaxon:2860290	2
NCBITaxon:2860329	2
NCBITaxon:2860336	1
NCBITaxon:2860338	1
NCBITaxon:2860345	1
NCBITaxon:2860363	1
NCBITaxon:2860393	1
NCBITaxon:2860394	1
NCBITaxon:2860395	1
NCBITaxon:2860397	1
NCBITaxon:2860398	1
NCBITaxon:2860400	1
NCBITaxon:286104	6
NCBITaxon:286112	1
NCBITaxon:286114	2
NCBITaxon:286115	3
NCBITaxon:2861190	1
NCBITaxon:286133	3
NCBITaxon:286138	1
NCBITaxon:286152	4
NCBITaxon:286156	1
NCBITaxon:286159	1
NCBITaxon:286160	1
NCBITaxon:2861705	1
NCBITaxon:2861706	1
NCBITaxon:2861747	1
NCBITaxon:2861751	1
NCBITaxon:2861777	1
NCBITaxon:2861782	1
NCBITaxon:2861973	1
NCBITaxon:2862414	1
NCBITaxon:2862415	1
NCBITaxon:2862417	1
NCBITaxon:2862456	1
NCBITaxon:2862496	1
NCBITaxon:2862497	1
NCBITaxon:2862498	1
NCBITaxon:2862499	1
NCBITaxon:2862509	1
NCBITaxon:2862510	1
NCBITaxon:2862543	1
NCBITaxon:2862866	1
NCBITaxon:2862867	1
NCBITaxon:2862869	1
NCBITaxon:2862880	1
NCBITaxon:2864039	1
NCBITaxon:2864040	1
NCBITaxon:286420	3
NCBITaxon:2864201	1
NCBITaxon:286432	1
NCBITaxon:286438	4
NCBITaxon:2864460	1
NCBITaxon:2864871	1
NCBITaxon:2864872	1
NCBITaxon:2864873	1
NCBITaxon:2865671	1
NCBITaxon:2865673	1
NCBITaxon:2865782	1
NCBITaxon:2865840	1
NCBITaxon:2865858	1
NCBITaxon:2865933	1
NCBITaxon:2865960	1
NCBITaxon:2865987	1
NCBITaxon:2866	1
NCBITaxon:2866160	1
NCBITaxon:2866161	1
NCBITaxon:2866162	1
NCBITaxon:2866211	1
NCBITaxon:2866214	1
NCBITaxon:2866279	1
NCBITaxon:2866314	1
NCBITaxon:286636	1
NCBITaxon:2866361	1
NCBITaxon:2866363	1
NCBITaxon:2866365	1
NCBITaxon:286638	3
NCBITaxon:2866384	1
NCBITaxon:286661	1
NCBITaxon:2866625	1
NCBITaxon:2866629	1
NCBITaxon:2866724	1
NCBITaxon:286698	1
NCBITaxon:2866998	1
NCBITaxon:2867231	1
NCBITaxon:2867232	1
NCBITaxon:2867233	1
NCBITaxon:2867234	1
NCBITaxon:2867236	1
NCBITaxon:2867237	1
NCBITaxon:2867238	1
NCBITaxon:2867239	1
NCBITaxon:2867240	1
NCBITaxon:2867241	1
NCBITaxon:2867243	1
NCBITaxon:2867244	1
NCBITaxon:2867245	1
NCBITaxon:2867246	1
NCBITaxon:2867266	1
NCBITaxon:2867268	1
NCBITaxon:286727	6
NCBITaxon:286730	4
NCBITaxon:2867405	1
NCBITaxon:2867410	1
NCBITaxon:2867412	2
NCBITaxon:2867439	1
NCBITaxon:2867516	1
NCBITaxon:2867518	2
NCBITaxon:2867522	1
NCBITaxon:286780	12
NCBITaxon:286782	9
NCBITaxon:286783	29
NCBITaxon:2867963	1
NCBITaxon:2867964	1
NCBITaxon:286802	9
NCBITaxon:286803	2
NCBITaxon:286804	11
NCBITaxon:2869515	1
NCBITaxon:287	7263
NCBITaxon:2870339	2
NCBITaxon:2870530	1
NCBITaxon:2870670	2
NCBITaxon:2870838	1
NCBITaxon:2870839	1
NCBITaxon:287097	4
NCBITaxon:287098	5
NCBITaxon:287099	7
NCBITaxon:2871094	2
NCBITaxon:2871096	1
NCBITaxon:2871169	1
NCBITaxon:2871171	2
NCBITaxon:2871701	1
NCBITaxon:2871810	1
NCBITaxon:2871811	1
NCBITaxon:2871820	1
NCBITaxon:2871826	1
NCBITaxon:2872036	1
NCBITaxon:2872037	1
NCBITaxon:2872154	1
NCBITaxon:2872157	1
NCBITaxon:2872158	1
NCBITaxon:2872309	1
NCBITaxon:2872310	1
NCBITaxon:2872311	1
NCBITaxon:2872312	1
NCBITaxon:2872342	1
NCBITaxon:2872513	1
NCBITaxon:2872591	1
NCBITaxon:2872623	1
NCBITaxon:2872625	1
NCBITaxon:2872639	1
NCBITaxon:2872648	1
NCBITaxon:2872652	1
NCBITaxon:2872700	2
NCBITaxon:2872701	1
NCBITaxon:2873249	1
NCBITaxon:2873263	1
NCBITaxon:2873264	1
NCBITaxon:2873265	1
NCBITaxon:2873268	1
NCBITaxon:2873270	1
NCBITaxon:2873312	1
NCBITaxon:2873381	1
NCBITaxon:2873382	1
NCBITaxon:2873384	1
NCBITaxon:2873595	2
NCBITaxon:2873596	1
NCBITaxon:2873598	1
NCBITaxon:2873599	1
NCBITaxon:2873600	1
NCBITaxon:2873601	1
NCBITaxon:2873699	2
NCBITaxon:2873700	1
NCBITaxon:2873702	1
NCBITaxon:2873927	1
NCBITaxon:2874102	1
NCBITaxon:2874282	1
NCBITaxon:2874285	1
NCBITaxon:2874475	1
NCBITaxon:2874476	1
NCBITaxon:2874477	1
NCBITaxon:2874580	1
NCBITaxon:2874583	1
NCBITaxon:2874731	2
NCBITaxon:287478	3
NCBITaxon:2874846	1
NCBITaxon:287487	4
NCBITaxon:287488	4
NCBITaxon:287535	3
NCBITaxon:2875501	1
NCBITaxon:2875502	1
NCBITaxon:2875539	1
NCBITaxon:2875540	1
NCBITaxon:2875706	1
NCBITaxon:2875708	1
NCBITaxon:2875709	1
NCBITaxon:2875764	8
NCBITaxon:2875777	1
NCBITaxon:2875962	1
NCBITaxon:2876027	1
NCBITaxon:2876078	1
NCBITaxon:2876082	1
NCBITaxon:287609	4
NCBITaxon:2876190	1
NCBITaxon:2876193	1
NCBITaxon:2876194	1
NCBITaxon:2876714	1
NCBITaxon:2876715	1
NCBITaxon:2876789	1
NCBITaxon:2877122	1
NCBITaxon:2877123	1
NCBITaxon:287752	1
NCBITaxon:2877527	2
NCBITaxon:2878098	1
NCBITaxon:2878201	1
NCBITaxon:2878297	6
NCBITaxon:2878315	2
NCBITaxon:2878324	5
NCBITaxon:2878325	5
NCBITaxon:2878326	5
NCBITaxon:2878327	4
NCBITaxon:2878328	4
NCBITaxon:2878329	4
NCBITaxon:2878332	5
NCBITaxon:2878384	1
NCBITaxon:2878385	14
NCBITaxon:2878388	2
NCBITaxon:2878389	2
NCBITaxon:2878391	1
NCBITaxon:287844	8
NCBITaxon:2878534	1
NCBITaxon:2878535	1
NCBITaxon:2878561	1
NCBITaxon:2878562	1
NCBITaxon:2878563	1
NCBITaxon:2878679	1
NCBITaxon:2878683	1
NCBITaxon:2878684	1
NCBITaxon:2878685	1
NCBITaxon:2878686	1
NCBITaxon:2878854	1
NCBITaxon:2878918	1
NCBITaxon:2879101	1
NCBITaxon:2879115	1
NCBITaxon:2879119	1
NCBITaxon:287930	4
NCBITaxon:2879425	1
NCBITaxon:2879429	1
NCBITaxon:2879464	1
NCBITaxon:2879465	1
NCBITaxon:2879466	1
NCBITaxon:287948	5
NCBITaxon:2879484	1
NCBITaxon:2879643	1
NCBITaxon:2879846	1
NCBITaxon:287986	7
NCBITaxon:287990	2
NCBITaxon:2879940	1
NCBITaxon:2879942	1
NCBITaxon:288	48
NCBITaxon:2880	1
NCBITaxon:288004	4
NCBITaxon:288019	1
NCBITaxon:288022	3
NCBITaxon:2880260	1
NCBITaxon:2880651	1
NCBITaxon:2880879	1
NCBITaxon:2880922	1
NCBITaxon:2880929	1
NCBITaxon:2880930	1
NCBITaxon:2880933	1
NCBITaxon:2880963	2
NCBITaxon:2880965	1
NCBITaxon:2880966	1
NCBITaxon:2880967	1
NCBITaxon:2880968	1
NCBITaxon:2881052	2
NCBITaxon:2881055	1
NCBITaxon:2881234	1
NCBITaxon:2881257	1
NCBITaxon:2881258	1
NCBITaxon:2881262	1
NCBITaxon:2881264	2
NCBITaxon:2881265	3
NCBITaxon:2881269	1
NCBITaxon:2881272	1
NCBITaxon:2881276	1
NCBITaxon:2881335	1
NCBITaxon:2881336	1
NCBITaxon:2881337	1
NCBITaxon:2881355	1
NCBITaxon:2883100	1
NCBITaxon:2883101	1
NCBITaxon:2883108	1
NCBITaxon:2883124	1
NCBITaxon:2883125	1
NCBITaxon:2883169	1
NCBITaxon:2883176	1
NCBITaxon:2883208	1
NCBITaxon:2883213	1
NCBITaxon:2883227	1
NCBITaxon:2883233	1
NCBITaxon:2883241	1
NCBITaxon:2883244	1
NCBITaxon:2883246	1
NCBITaxon:2883262	1
NCBITaxon:2883266	1
NCBITaxon:2883267	1
NCBITaxon:2883479	1
NCBITaxon:2883998	1
NCBITaxon:2884022	1
NCBITaxon:2884250	1
NCBITaxon:288426	3
NCBITaxon:2884263	1
NCBITaxon:288436	4
NCBITaxon:288439	1
NCBITaxon:2884482	1
NCBITaxon:2884804	1
NCBITaxon:2884812	1
NCBITaxon:2884874	1
NCBITaxon:2884875	1
NCBITaxon:2884876	1
NCBITaxon:2884902	1
NCBITaxon:2884903	1
NCBITaxon:2884904	1
NCBITaxon:2884905	1
NCBITaxon:2884906	1
NCBITaxon:2884907	1
NCBITaxon:2884956	1
NCBITaxon:2885079	1
NCBITaxon:2885154	1
NCBITaxon:288524	2
NCBITaxon:2885259	1
NCBITaxon:2885260	1
NCBITaxon:2885261	1
NCBITaxon:2885262	1
NCBITaxon:2885263	1
NCBITaxon:2885264	1
NCBITaxon:2885348	1
NCBITaxon:2885351	1
NCBITaxon:2885352	1
NCBITaxon:2885356	1
NCBITaxon:2885357	1
NCBITaxon:2885358	1
NCBITaxon:2885361	1
NCBITaxon:2885498	1
NCBITaxon:2885499	1
NCBITaxon:2886038	1
NCBITaxon:2886039	1
NCBITaxon:2886507	1
NCBITaxon:2886510	1
NCBITaxon:2886687	1
NCBITaxon:288669	4
NCBITaxon:288676	3
NCBITaxon:288681	1
NCBITaxon:2886935	1
NCBITaxon:2886936	1
NCBITaxon:2886940	1
NCBITaxon:2886943	1
NCBITaxon:2886945	1
NCBITaxon:2886946	1
NCBITaxon:2886947	1
NCBITaxon:2887190	1
NCBITaxon:2887191	1
NCBITaxon:2887346	1
NCBITaxon:288768	2
NCBITaxon:288795	20
NCBITaxon:2888272	2
NCBITaxon:2888297	1
NCBITaxon:28884	2
NCBITaxon:28885	2
NCBITaxon:2888524	1
NCBITaxon:2888525	1
NCBITaxon:28887	13
NCBITaxon:28889	105
NCBITaxon:28890	91
NCBITaxon:28892	1
NCBITaxon:28893	22
NCBITaxon:28894	22
NCBITaxon:28896	68
NCBITaxon:288965	11
NCBITaxon:288966	2
NCBITaxon:28898	51
NCBITaxon:288992	3
NCBITaxon:288995	2
NCBITaxon:289003	3
NCBITaxon:28901	5599
NCBITaxon:28903	212
NCBITaxon:2890314	1
NCBITaxon:2890317	1
NCBITaxon:2890318	1
NCBITaxon:2890320	1
NCBITaxon:2890321	1
NCBITaxon:28905	3
NCBITaxon:28907	2
NCBITaxon:289078	4
NCBITaxon:2890835	1
NCBITaxon:2891236	1
NCBITaxon:2891570	1
NCBITaxon:2891571	1
NCBITaxon:2892015	1
NCBITaxon:2892029	1
NCBITaxon:2892325	1
NCBITaxon:2892326	3
NCBITaxon:2892329	1
NCBITaxon:2892330	1
NCBITaxon:2892331	1
NCBITaxon:2892333	2
NCBITaxon:289240	1
NCBITaxon:2892440	1
NCBITaxon:2892443	1
NCBITaxon:2892444	1
NCBITaxon:289260	1
NCBITaxon:2892995	1
NCBITaxon:2893018	1
NCBITaxon:2893170	2
NCBITaxon:2893174	1
NCBITaxon:2893176	1
NCBITaxon:2893202	1
NCBITaxon:2893468	1
NCBITaxon:2893471	1
NCBITaxon:2893572	1
NCBITaxon:2893586	44
NCBITaxon:289370	5
NCBITaxon:2893752	3
NCBITaxon:2893753	1
NCBITaxon:2893754	1
NCBITaxon:2893755	1
NCBITaxon:289377	2
NCBITaxon:2893883	1
NCBITaxon:2893884	1
NCBITaxon:2893885	1
NCBITaxon:2893886	1
NCBITaxon:2893887	1
NCBITaxon:2893889	1
NCBITaxon:2893891	1
NCBITaxon:2894079	1
NCBITaxon:2894081	1
NCBITaxon:2894083	1
NCBITaxon:2894155	1
NCBITaxon:2894156	1
NCBITaxon:2894196	2
NCBITaxon:2894198	1
NCBITaxon:2894201	1
NCBITaxon:2894755	1
NCBITaxon:289483	3
NCBITaxon:2895283	1
NCBITaxon:2895286	1
NCBITaxon:2895352	1
NCBITaxon:2895399	1
NCBITaxon:2895469	2
NCBITaxon:2895522	1
NCBITaxon:2895523	1
NCBITaxon:2895524	1
NCBITaxon:2895559	1
NCBITaxon:2895568	1
NCBITaxon:2895947	1
NCBITaxon:2895977	1
NCBITaxon:2895980	1
NCBITaxon:2896315	1
NCBITaxon:2896528	1
NCBITaxon:2896849	1
NCBITaxon:2896850	1
NCBITaxon:2897159	1
NCBITaxon:2897160	1
NCBITaxon:2897163	1
NCBITaxon:2897181	1
NCBITaxon:2897332	1
NCBITaxon:2897341	1
NCBITaxon:2897351	1
NCBITaxon:2897352	1
NCBITaxon:2897386	1
NCBITaxon:2897391	1
NCBITaxon:2897419	1
NCBITaxon:2897682	1
NCBITaxon:2897706	2
NCBITaxon:2897707	4
NCBITaxon:2897773	1
NCBITaxon:2897774	1
NCBITaxon:2897778	1
NCBITaxon:2897779	1
NCBITaxon:2898	1
NCBITaxon:2898076	2
NCBITaxon:2898145	1
NCBITaxon:2898187	1
NCBITaxon:2898438	1
NCBITaxon:28985	4
NCBITaxon:2898580	2
NCBITaxon:2898585	1
NCBITaxon:2898586	1
NCBITaxon:28986	2
NCBITaxon:2898659	1
NCBITaxon:2898660	1
NCBITaxon:2898793	1
NCBITaxon:2898794	1
NCBITaxon:2898795	1
NCBITaxon:28989	1
NCBITaxon:2898945	1
NCBITaxon:2899119	1
NCBITaxon:2899121	1
NCBITaxon:2899123	1
NCBITaxon:2899127	2
NCBITaxon:2899133	4
NCBITaxon:2899147	1
NCBITaxon:28992	1
NCBITaxon:2899220	1
NCBITaxon:28993	1
NCBITaxon:28995	3
NCBITaxon:2899519	1
NCBITaxon:2899544	1
NCBITaxon:28996	1
NCBITaxon:2899657	1
NCBITaxon:2899727	1
NCBITaxon:2899784	1
NCBITaxon:2899785	1
NCBITaxon:2899818	1
NCBITaxon:2899819	1
NCBITaxon:2899822	7
NCBITaxon:29	7
NCBITaxon:290	4
NCBITaxon:29001	3
NCBITaxon:2900151	1
NCBITaxon:2900327	1
NCBITaxon:290052	4
NCBITaxon:290053	4
NCBITaxon:290054	3
NCBITaxon:2900548	2004
NCBITaxon:290055	17
NCBITaxon:29006	5
NCBITaxon:2900738	1
NCBITaxon:290109	5
NCBITaxon:290110	5
NCBITaxon:290111	4
NCBITaxon:290112	4
NCBITaxon:2901140	1
NCBITaxon:2901141	1
NCBITaxon:2901164	1
NCBITaxon:2901226	1
NCBITaxon:2901327	1
NCBITaxon:2901381	1
NCBITaxon:290174	10
NCBITaxon:290180	1
NCBITaxon:2901836	1
NCBITaxon:2901866	1
NCBITaxon:2901869	3
NCBITaxon:290231	6
NCBITaxon:2902422	1
NCBITaxon:2902605	2
NCBITaxon:2902623	1
NCBITaxon:2902624	1
NCBITaxon:2902628	1
NCBITaxon:2902629	1
NCBITaxon:2902630	1
NCBITaxon:2902631	1
NCBITaxon:2902632	1
NCBITaxon:2902633	1
NCBITaxon:2902634	1
NCBITaxon:290292	2
NCBITaxon:2903	8
NCBITaxon:290306	1
NCBITaxon:290309	2
NCBITaxon:2903098	2
NCBITaxon:2903142	1
NCBITaxon:290315	3
NCBITaxon:290335	4
NCBITaxon:290336	1
NCBITaxon:290337	1
NCBITaxon:2903556	1
NCBITaxon:2903629	1
NCBITaxon:2903900	1
NCBITaxon:290398	2
NCBITaxon:2904075	1
NCBITaxon:2904119	1
NCBITaxon:2904120	1
NCBITaxon:2904121	1
NCBITaxon:2904122	1
NCBITaxon:2904123	1
NCBITaxon:2904124	1
NCBITaxon:2904244	1
NCBITaxon:2904245	1
NCBITaxon:2904246	1
NCBITaxon:2904247	1
NCBITaxon:2904249	1
NCBITaxon:2904250	1
NCBITaxon:2904254	1
NCBITaxon:2904470	1
NCBITaxon:2904537	1
NCBITaxon:2904541	1
NCBITaxon:2904603	1
NCBITaxon:2904799	1
NCBITaxon:2904801	1
NCBITaxon:2905	1
NCBITaxon:290512	1
NCBITaxon:2905647	1
NCBITaxon:2905648	1
NCBITaxon:2905649	1
NCBITaxon:2905650	1
NCBITaxon:2905677	1
NCBITaxon:2905679	1
NCBITaxon:2905690	1
NCBITaxon:290576	2
NCBITaxon:2905831	1
NCBITaxon:2905874	1
NCBITaxon:2905877	1
NCBITaxon:290588	4
NCBITaxon:290589	1
NCBITaxon:2905958	1
NCBITaxon:290602	1
NCBITaxon:2906077	2
NCBITaxon:2906443	1
NCBITaxon:2906474	1
NCBITaxon:2906497	1
NCBITaxon:2906515	1
NCBITaxon:2906758	1
NCBITaxon:2906759	1
NCBITaxon:2906760	1
NCBITaxon:2906761	1
NCBITaxon:2906762	1
NCBITaxon:2906793	1
NCBITaxon:290688	1
NCBITaxon:2907145	1
NCBITaxon:2907158	1
NCBITaxon:2907202	1
NCBITaxon:2907205	1
NCBITaxon:290732	2
NCBITaxon:2907998	1
NCBITaxon:2908000	1
NCBITaxon:2908002	1
NCBITaxon:2908004	1
NCBITaxon:2908007	1
NCBITaxon:2908145	1
NCBITaxon:2908146	1
NCBITaxon:2908147	1
NCBITaxon:2908148	1
NCBITaxon:2908149	1
NCBITaxon:2908202	1
NCBITaxon:2908203	1
NCBITaxon:2908204	1
NCBITaxon:2908205	1
NCBITaxon:2908206	1
NCBITaxon:2908207	1
NCBITaxon:2908208	1
NCBITaxon:2908209	1
NCBITaxon:2908526	1
NCBITaxon:2908527	1
NCBITaxon:2908528	1
NCBITaxon:2908529	1
NCBITaxon:2908530	1
NCBITaxon:2908531	1
NCBITaxon:2908532	1
NCBITaxon:2908533	1
NCBITaxon:2908534	1
NCBITaxon:2908535	1
NCBITaxon:2908536	1
NCBITaxon:2908537	1
NCBITaxon:2908538	1
NCBITaxon:2908539	1
NCBITaxon:2908540	1
NCBITaxon:2908641	1
NCBITaxon:2908642	1
NCBITaxon:2908650	1
NCBITaxon:2908838	1
NCBITaxon:2908839	1
NCBITaxon:2908843	1
NCBITaxon:2909229	1
NCBITaxon:2909234	1
NCBITaxon:2909236	1
NCBITaxon:2909237	1
NCBITaxon:2909283	1
NCBITaxon:2909285	2
NCBITaxon:2909339	1
NCBITaxon:2909341	1
NCBITaxon:2909342	1
NCBITaxon:2909586	1
NCBITaxon:2909587	1
NCBITaxon:2909667	1
NCBITaxon:2909668	1
NCBITaxon:2909671	1
NCBITaxon:2909672	1
NCBITaxon:2909673	1
NCBITaxon:2910230	1
NCBITaxon:2910232	1
NCBITaxon:2910233	1
NCBITaxon:2910234	1
NCBITaxon:2910235	1
NCBITaxon:2910237	1
NCBITaxon:2910239	1
NCBITaxon:2910240	1
NCBITaxon:2910241	1
NCBITaxon:2910242	1
NCBITaxon:2910243	1
NCBITaxon:2910244	1
NCBITaxon:2910245	1
NCBITaxon:2910246	1
NCBITaxon:2910247	1
NCBITaxon:2910248	1
NCBITaxon:2910249	1
NCBITaxon:2910250	1
NCBITaxon:2910251	1
NCBITaxon:2910252	1
NCBITaxon:2910253	1
NCBITaxon:2910254	1
NCBITaxon:291045	3
NCBITaxon:291048	1
NCBITaxon:2910523	1
NCBITaxon:2910674	1
NCBITaxon:2910675	1
NCBITaxon:2910677	1
NCBITaxon:2910770	1
NCBITaxon:2910969	1
NCBITaxon:2910972	1
NCBITaxon:2910976	1
NCBITaxon:2910977	1
NCBITaxon:2911009	2
NCBITaxon:2911060	1
NCBITaxon:2911061	1
NCBITaxon:2911062	1
NCBITaxon:2911065	1
NCBITaxon:2911076	2
NCBITaxon:291112	17
NCBITaxon:2911172	1
NCBITaxon:2911208	1
NCBITaxon:2911209	1
NCBITaxon:2911210	1
NCBITaxon:2911211	1
NCBITaxon:2911212	1
NCBITaxon:2911213	1
NCBITaxon:2911366	1
NCBITaxon:2911368	1
NCBITaxon:2911371	1
NCBITaxon:2911421	1
NCBITaxon:2911422	1
NCBITaxon:2911514	1
NCBITaxon:2911516	1
NCBITaxon:2911517	2
NCBITaxon:2911537	1
NCBITaxon:2911539	1
NCBITaxon:2911683	1
NCBITaxon:291169	4
NCBITaxon:291179	4
NCBITaxon:291180	1
NCBITaxon:291181	2
NCBITaxon:291182	1
NCBITaxon:291184	1
NCBITaxon:2911857	1
NCBITaxon:291186	2
NCBITaxon:291187	2
NCBITaxon:291188	2
NCBITaxon:2911888	1
NCBITaxon:291189	2
NCBITaxon:291190	2
NCBITaxon:291191	1
NCBITaxon:291192	1
NCBITaxon:291193	3
NCBITaxon:291195	1
NCBITaxon:2911966	1
NCBITaxon:2912055	1
NCBITaxon:291208	1
NCBITaxon:2912187	1
NCBITaxon:2912190	1
NCBITaxon:2912228	1
NCBITaxon:2912242	1
NCBITaxon:2912243	3
NCBITaxon:2912247	1
NCBITaxon:2912268	1
NCBITaxon:2912308	1
NCBITaxon:2912572	1
NCBITaxon:2912588	1
NCBITaxon:291272	1
NCBITaxon:2912854	1
NCBITaxon:291308	1
NCBITaxon:2913213	1
NCBITaxon:2913261	1
NCBITaxon:291331	1
NCBITaxon:2913497	1
NCBITaxon:2913498	1
NCBITaxon:2913499	1
NCBITaxon:2913500	1
NCBITaxon:2913501	2
NCBITaxon:2913502	5
NCBITaxon:2913503	1
NCBITaxon:2913504	1
NCBITaxon:2913555	2
NCBITaxon:2913557	2
NCBITaxon:2913560	1
NCBITaxon:2913614	8
NCBITaxon:291370	4
NCBITaxon:291403	5
NCBITaxon:2914159	2
NCBITaxon:2914710	1
NCBITaxon:2914829	1
NCBITaxon:2914924	1
NCBITaxon:2914925	1
NCBITaxon:2914984	2
NCBITaxon:2915351	1
NCBITaxon:2915619	1
NCBITaxon:2915620	1
NCBITaxon:2915813	1
NCBITaxon:2915939	1
NCBITaxon:291594	3
NCBITaxon:2915940	1
NCBITaxon:2916	1
NCBITaxon:291602	6
NCBITaxon:291615	1
NCBITaxon:291644	59
NCBITaxon:2916441	1
NCBITaxon:291645	18
NCBITaxon:2916706	1
NCBITaxon:2916756	1
NCBITaxon:2916816	1
NCBITaxon:2916836	1
NCBITaxon:291742	3
NCBITaxon:29176	2
NCBITaxon:2917711	1
NCBITaxon:2917712	1
NCBITaxon:2917717	1
NCBITaxon:2917723	1
NCBITaxon:2917790	7
NCBITaxon:2917812	1
NCBITaxon:2917813	1
NCBITaxon:2917965	1
NCBITaxon:2917991	1
NCBITaxon:2917992	1
NCBITaxon:2917993	1
NCBITaxon:2918170	1
NCBITaxon:2918171	1
NCBITaxon:291828	2
NCBITaxon:2918523	1
NCBITaxon:2918751	1
NCBITaxon:2918765	1
NCBITaxon:2918900	1
NCBITaxon:2918901	1
NCBITaxon:2918902	1
NCBITaxon:2918914	1
NCBITaxon:2919321	4
NCBITaxon:2919498	1
NCBITaxon:2919500	1
NCBITaxon:2919506	1
NCBITaxon:2919542	1
NCBITaxon:2919576	1
NCBITaxon:2919597	1
NCBITaxon:2919598	1
NCBITaxon:29196	2
NCBITaxon:291968	2
NCBITaxon:2919747	1
NCBITaxon:291985	6
NCBITaxon:291989	3
NCBITaxon:29199	1
NCBITaxon:291990	2
NCBITaxon:2919917	1
NCBITaxon:2919919	1
NCBITaxon:2919920	1
NCBITaxon:2919922	1
NCBITaxon:2919947	1
NCBITaxon:291995	3
NCBITaxon:292	1393
NCBITaxon:2920286	1
NCBITaxon:2920287	1
NCBITaxon:2920288	1
NCBITaxon:2920289	1
NCBITaxon:2920290	1
NCBITaxon:2920291	1
NCBITaxon:2920292	1
NCBITaxon:2920293	1
NCBITaxon:2920294	1
NCBITaxon:2920295	1
NCBITaxon:2920296	1
NCBITaxon:2920297	1
NCBITaxon:2920298	1
NCBITaxon:2920299	1
NCBITaxon:2920300	1
NCBITaxon:2920301	1
NCBITaxon:2920302	1
NCBITaxon:2920303	1
NCBITaxon:2920304	1
NCBITaxon:2920305	1
NCBITaxon:2920306	1
NCBITaxon:2920307	1
NCBITaxon:2920308	1
NCBITaxon:2920309	1
NCBITaxon:2920310	1
NCBITaxon:2920311	1
NCBITaxon:2920312	1
NCBITaxon:2920313	1
NCBITaxon:2920314	1
NCBITaxon:2920315	1
NCBITaxon:2920316	1
NCBITaxon:2920317	1
NCBITaxon:2920318	1
NCBITaxon:2920319	1
NCBITaxon:2920320	1
NCBITaxon:2920321	1
NCBITaxon:2920322	1
NCBITaxon:2920323	1
NCBITaxon:2920324	1
NCBITaxon:2920325	1
NCBITaxon:2920326	1
NCBITaxon:2920327	1
NCBITaxon:2920328	1
NCBITaxon:2920329	1
NCBITaxon:2920330	1
NCBITaxon:2920331	1
NCBITaxon:2920332	1
NCBITaxon:2920333	1
NCBITaxon:2920334	1
NCBITaxon:2920335	1
NCBITaxon:2920336	1
NCBITaxon:2920337	1
NCBITaxon:2920338	1
NCBITaxon:2920339	1
NCBITaxon:2920340	1
NCBITaxon:2920341	1
NCBITaxon:2920342	1
NCBITaxon:2920343	1
NCBITaxon:2920344	1
NCBITaxon:2920345	1
NCBITaxon:2920346	1
NCBITaxon:2920347	1
NCBITaxon:2920348	1
NCBITaxon:2920349	1
NCBITaxon:2920350	1
NCBITaxon:2920351	1
NCBITaxon:2920352	1
NCBITaxon:2920353	1
NCBITaxon:2920354	1
NCBITaxon:2920355	1
NCBITaxon:2920356	1
NCBITaxon:2920357	1
NCBITaxon:2920358	1
NCBITaxon:2920359	1
NCBITaxon:2920360	1
NCBITaxon:2920361	1
NCBITaxon:2920362	1
NCBITaxon:2920363	1
NCBITaxon:2920364	1
NCBITaxon:2920365	1
NCBITaxon:2920366	1
NCBITaxon:2920367	1
NCBITaxon:2920368	1
NCBITaxon:2920369	1
NCBITaxon:2920370	1
NCBITaxon:2920371	1
NCBITaxon:2920372	1
NCBITaxon:2920373	1
NCBITaxon:2920380	1
NCBITaxon:2920382	1
NCBITaxon:2920385	1
NCBITaxon:2920386	1
NCBITaxon:29204	1
NCBITaxon:2920428	1
NCBITaxon:29205	1
NCBITaxon:2920935	1
NCBITaxon:2920937	1
NCBITaxon:2920941	1
NCBITaxon:292222	3
NCBITaxon:2922272	1
NCBITaxon:2922273	1
NCBITaxon:2922394	1
NCBITaxon:2922713	1
NCBITaxon:2922716	1
NCBITaxon:2922717	1
NCBITaxon:2922720	1
NCBITaxon:2922721	1
NCBITaxon:2922722	1
NCBITaxon:2922724	1
NCBITaxon:2922725	1
NCBITaxon:2922866	1
NCBITaxon:2922868	1
NCBITaxon:2923	2
NCBITaxon:2923272	1
NCBITaxon:2923277	1
NCBITaxon:2923278	1
NCBITaxon:2923279	1
NCBITaxon:2923283	1
NCBITaxon:2923362	1
NCBITaxon:2923363	1
NCBITaxon:2923364	1
NCBITaxon:2923366	1
NCBITaxon:2923435	1
NCBITaxon:2923436	1
NCBITaxon:2924040	1
NCBITaxon:292407	5
NCBITaxon:292461	2
NCBITaxon:292462	4
NCBITaxon:292482	1
NCBITaxon:2925	1
NCBITaxon:2925113	2
NCBITaxon:2925194	1
NCBITaxon:2925336	2
NCBITaxon:2925370	1
NCBITaxon:2925396	1
NCBITaxon:2925397	2
NCBITaxon:2925406	1
NCBITaxon:2925408	1
NCBITaxon:292559	1
NCBITaxon:2925781	1
NCBITaxon:2925782	1
NCBITaxon:2925830	1
NCBITaxon:2925834	1
NCBITaxon:2925839	1
NCBITaxon:2925840	1
NCBITaxon:292586	3
NCBITaxon:2926	2
NCBITaxon:292625	21
NCBITaxon:292628	20
NCBITaxon:292629	21
NCBITaxon:2926292	1
NCBITaxon:292631	2
NCBITaxon:2926318	1
NCBITaxon:2926319	1
NCBITaxon:292632	211
NCBITaxon:2926320	1
NCBITaxon:2926463	1
NCBITaxon:2926467	2
NCBITaxon:2926469	1
NCBITaxon:2926470	1
NCBITaxon:2926519	2
NCBITaxon:2926520	1
NCBITaxon:2926521	1
NCBITaxon:2926616	1
NCBITaxon:2926617	1
NCBITaxon:2926618	1
NCBITaxon:2926665	1
NCBITaxon:2926709	1
NCBITaxon:2926907	1
NCBITaxon:292717	3
NCBITaxon:2927224	2
NCBITaxon:292733	4
NCBITaxon:292734	4
NCBITaxon:2927577	1
NCBITaxon:2927582	1
NCBITaxon:2927583	1
NCBITaxon:2927786	1
NCBITaxon:2927791	1
NCBITaxon:2927804	1
NCBITaxon:2927805	1
NCBITaxon:2927845	1
NCBITaxon:2927975	1
NCBITaxon:2927976	1
NCBITaxon:2927977	1
NCBITaxon:2927978	1
NCBITaxon:2927979	1
NCBITaxon:2927980	1
NCBITaxon:292800	106
NCBITaxon:292805	1
NCBITaxon:292806	4
NCBITaxon:292807	3
NCBITaxon:2928153	1
NCBITaxon:29282	4
NCBITaxon:29283	14
NCBITaxon:29284	6
NCBITaxon:2928639	5
NCBITaxon:2928687	1
NCBITaxon:29288	5
NCBITaxon:29290	1
NCBITaxon:2929054	1
NCBITaxon:2929055	1
NCBITaxon:29291	2
NCBITaxon:2929157	1
NCBITaxon:29294	40
NCBITaxon:2929491	2
NCBITaxon:29295	4
NCBITaxon:2929573	1
NCBITaxon:2929799	1
NCBITaxon:2929800	1
NCBITaxon:2929802	1
NCBITaxon:29299	3
NCBITaxon:293	289
NCBITaxon:2930083	1
NCBITaxon:2930092	1
NCBITaxon:2930093	1
NCBITaxon:2930094	1
NCBITaxon:29301	13
NCBITaxon:2930199	1
NCBITaxon:2930200	1
NCBITaxon:2930218	1
NCBITaxon:29303	22
NCBITaxon:2930389	1
NCBITaxon:29304	10
NCBITaxon:29305	20
NCBITaxon:293050	4
NCBITaxon:29306	21
NCBITaxon:293069	3
NCBITaxon:293075	2
NCBITaxon:293084	1
NCBITaxon:293085	2
NCBITaxon:293088	5
NCBITaxon:293089	6
NCBITaxon:29309	1
NCBITaxon:293091	2
NCBITaxon:29311	23
NCBITaxon:29313	5
NCBITaxon:2931382	1
NCBITaxon:2931391	1
NCBITaxon:2931392	1
NCBITaxon:29314	4
NCBITaxon:29316	7
NCBITaxon:29317	1
NCBITaxon:2931922	1
NCBITaxon:2931975	1
NCBITaxon:2931976	1
NCBITaxon:2931977	1
NCBITaxon:2931978	1
NCBITaxon:2931982	1
NCBITaxon:2932	1
NCBITaxon:29320	15
NCBITaxon:29321	64
NCBITaxon:2932182	1
NCBITaxon:2932183	1
NCBITaxon:2932184	1
NCBITaxon:29322	1
NCBITaxon:2932244	1
NCBITaxon:2932245	1
NCBITaxon:2932247	1
NCBITaxon:2932248	1
NCBITaxon:2932249	1
NCBITaxon:2932251	1
NCBITaxon:2932254	1
NCBITaxon:2932255	1
NCBITaxon:2932256	1
NCBITaxon:2932257	1
NCBITaxon:2932258	1
NCBITaxon:2932259	1
NCBITaxon:2932264	1
NCBITaxon:2932266	1
NCBITaxon:2932267	1
NCBITaxon:2932268	1
NCBITaxon:293227	1
NCBITaxon:293229	1
NCBITaxon:29323	12
NCBITaxon:293231	1
NCBITaxon:2932460	3
NCBITaxon:2932493	1
NCBITaxon:293256	1
NCBITaxon:2932774	1
NCBITaxon:29329	3
NCBITaxon:29330	4
NCBITaxon:293303	5
NCBITaxon:2933166	1
NCBITaxon:29332	3
NCBITaxon:293324	1
NCBITaxon:2933270	1
NCBITaxon:2933272	1
NCBITaxon:2933291	1
NCBITaxon:2933292	1
NCBITaxon:293344	1
NCBITaxon:2933565	1
NCBITaxon:2933566	1
NCBITaxon:29337	2
NCBITaxon:293371	28
NCBITaxon:293373	2
NCBITaxon:293375	1
NCBITaxon:293377	1
NCBITaxon:2933777	1
NCBITaxon:2933780	2
NCBITaxon:293379	1
NCBITaxon:29338	3
NCBITaxon:293380	1
NCBITaxon:293381	3
NCBITaxon:293383	1
NCBITaxon:293384	1
NCBITaxon:293386	17
NCBITaxon:293387	60
NCBITaxon:293388	7
NCBITaxon:293389	6
NCBITaxon:29339	8
NCBITaxon:2933965	1
NCBITaxon:29340	1
NCBITaxon:293402	1
NCBITaxon:29341	13
NCBITaxon:2934148	1
NCBITaxon:2934149	1
NCBITaxon:2934158	4
NCBITaxon:2934161	1
NCBITaxon:2934181	1
NCBITaxon:29343	2
NCBITaxon:293430	13
NCBITaxon:293431	1
NCBITaxon:2934315	1
NCBITaxon:2934340	1
NCBITaxon:29344	4
NCBITaxon:29345	2
NCBITaxon:29346	2
NCBITaxon:29347	28
NCBITaxon:29348	12
NCBITaxon:29349	4
NCBITaxon:2934933	1
NCBITaxon:2934934	1
NCBITaxon:2934936	1
NCBITaxon:2934937	1
NCBITaxon:2934938	1
NCBITaxon:29350	29
NCBITaxon:2935017	1
NCBITaxon:2935082	1
NCBITaxon:29351	2
NCBITaxon:29353	4
NCBITaxon:29354	4
NCBITaxon:29355	1
NCBITaxon:293552	4
NCBITaxon:29356	2
NCBITaxon:293560	1
NCBITaxon:293561	1
NCBITaxon:29357	1
NCBITaxon:29358	6
NCBITaxon:2935860	1
NCBITaxon:2935862	1
NCBITaxon:2935863	2
NCBITaxon:29359	6
NCBITaxon:29360	5
NCBITaxon:29361	41
NCBITaxon:293613	1
NCBITaxon:293614	1
NCBITaxon:29362	2
NCBITaxon:29363	72
NCBITaxon:29364	3
NCBITaxon:2936439	1
NCBITaxon:293647	2
NCBITaxon:29365	1
NCBITaxon:2936508	1
NCBITaxon:293653	1
NCBITaxon:29367	4
NCBITaxon:29369	4
NCBITaxon:29370	6
NCBITaxon:29371	2
NCBITaxon:29372	4
NCBITaxon:2937283	1
NCBITaxon:2937286	1
NCBITaxon:29373	7
NCBITaxon:29374	5
NCBITaxon:2937417	1
NCBITaxon:2937440	1
NCBITaxon:2937441	1
NCBITaxon:2937442	1
NCBITaxon:29375	3
NCBITaxon:2937524	1
NCBITaxon:29376	3
NCBITaxon:2937790	1
NCBITaxon:2937791	1
NCBITaxon:2937794	1
NCBITaxon:2937795	1
NCBITaxon:2937799	1
NCBITaxon:29378	52
NCBITaxon:29379	14
NCBITaxon:29380	49
NCBITaxon:2938121	1
NCBITaxon:2938197	2
NCBITaxon:29382	228
NCBITaxon:29383	3
NCBITaxon:29384	7
NCBITaxon:29385	331
NCBITaxon:2938695	1
NCBITaxon:29387	7
NCBITaxon:29388	247
NCBITaxon:2938887	1
NCBITaxon:29389	11
NCBITaxon:293890	3
NCBITaxon:2938945	1
NCBITaxon:2938947	1
NCBITaxon:2938948	1
NCBITaxon:29391	50
NCBITaxon:2939269	1
NCBITaxon:293939	14
NCBITaxon:29394	49
NCBITaxon:2939436	1
NCBITaxon:2939450	2
NCBITaxon:2939460	1
NCBITaxon:2939490	1
NCBITaxon:2939491	1
NCBITaxon:2939524	1
NCBITaxon:2939525	1
NCBITaxon:2939526	1
NCBITaxon:2939527	1
NCBITaxon:2939528	1
NCBITaxon:2939529	1
NCBITaxon:2939530	1
NCBITaxon:2939544	1
NCBITaxon:2939545	1
NCBITaxon:2939555	1
NCBITaxon:2939556	1
NCBITaxon:2939557	1
NCBITaxon:2939558	1
NCBITaxon:2939559	1
NCBITaxon:293958	12
NCBITaxon:29396	4
NCBITaxon:2939641	1
NCBITaxon:29397	102
NCBITaxon:29399	1
NCBITaxon:294	2044
NCBITaxon:29401	12
NCBITaxon:2940293	1
NCBITaxon:2940297	1
NCBITaxon:2940299	2
NCBITaxon:2940300	1
NCBITaxon:2940301	1
NCBITaxon:2940302	1
NCBITaxon:2940325	1
NCBITaxon:2940327	1
NCBITaxon:2940328	1
NCBITaxon:2940329	1
NCBITaxon:2940330	1
NCBITaxon:2940331	1
NCBITaxon:2940332	1
NCBITaxon:2940333	1
NCBITaxon:2940334	1
NCBITaxon:2940335	1
NCBITaxon:2940336	1
NCBITaxon:2940337	1
NCBITaxon:2940338	1
NCBITaxon:2940339	1
NCBITaxon:2940340	1
NCBITaxon:2940341	1
NCBITaxon:2940342	1
NCBITaxon:2940343	1
NCBITaxon:2940344	1
NCBITaxon:2940345	1
NCBITaxon:2940346	1
NCBITaxon:2940347	1
NCBITaxon:2940348	1
NCBITaxon:2940349	1
NCBITaxon:2940350	1
NCBITaxon:2940351	1
NCBITaxon:2940352	1
NCBITaxon:2940353	1
NCBITaxon:2940354	1
NCBITaxon:2940355	1
NCBITaxon:2940356	1
NCBITaxon:2940357	1
NCBITaxon:2940358	1
NCBITaxon:2940359	1
NCBITaxon:2940360	1
NCBITaxon:2940361	1
NCBITaxon:2940362	1
NCBITaxon:2940363	1
NCBITaxon:2940364	1
NCBITaxon:2940365	1
NCBITaxon:2940366	1
NCBITaxon:2940367	1
NCBITaxon:2940368	1
NCBITaxon:2940369	1
NCBITaxon:2940370	1
NCBITaxon:2940371	1
NCBITaxon:2940372	1
NCBITaxon:2940373	1
NCBITaxon:2940374	1
NCBITaxon:2940375	1
NCBITaxon:2940376	1
NCBITaxon:2940377	1
NCBITaxon:2940378	1
NCBITaxon:2940379	1
NCBITaxon:2940380	1
NCBITaxon:2940381	1
NCBITaxon:2940382	1
NCBITaxon:2940383	1
NCBITaxon:2940384	1
NCBITaxon:2940385	1
NCBITaxon:2940386	1
NCBITaxon:2940387	1
NCBITaxon:2940388	1
NCBITaxon:2940389	1
NCBITaxon:2940390	1
NCBITaxon:2940442	1
NCBITaxon:2940443	1
NCBITaxon:2940444	1
NCBITaxon:2940445	1
NCBITaxon:2940484	1
NCBITaxon:2940486	1
NCBITaxon:2940498	1
NCBITaxon:29405	12
NCBITaxon:2940516	1
NCBITaxon:2940571	1
NCBITaxon:2940617	1
NCBITaxon:2940653	1
NCBITaxon:2940657	1
NCBITaxon:29407	1
NCBITaxon:29408	4
NCBITaxon:29409	4
NCBITaxon:2940935	1
NCBITaxon:29410	1
NCBITaxon:2941233	1
NCBITaxon:2941323	1
NCBITaxon:2941324	1
NCBITaxon:2941325	1
NCBITaxon:2941326	1
NCBITaxon:2941327	1
NCBITaxon:2941328	1
NCBITaxon:2941329	1
NCBITaxon:2941330	2
NCBITaxon:2941331	1
NCBITaxon:2941332	1
NCBITaxon:2941333	1
NCBITaxon:2941334	1
NCBITaxon:2941335	1
NCBITaxon:2941338	1
NCBITaxon:2941340	1
NCBITaxon:2941341	2
NCBITaxon:2941342	1
NCBITaxon:2941502	1
NCBITaxon:2941505	1
NCBITaxon:2941507	1
NCBITaxon:2941510	1
NCBITaxon:2941511	1
NCBITaxon:2941513	1
NCBITaxon:2941515	1
NCBITaxon:2941517	1
NCBITaxon:2941519	1
NCBITaxon:29419	4
NCBITaxon:29421	2
NCBITaxon:29422	6
NCBITaxon:2942207	1
NCBITaxon:2942208	1
NCBITaxon:2942209	1
NCBITaxon:2942213	1
NCBITaxon:2942214	1
NCBITaxon:2942274	1
NCBITaxon:2942279	1
NCBITaxon:29423	10
NCBITaxon:2942470	2
NCBITaxon:2942627	3
NCBITaxon:2942628	3
NCBITaxon:2942629	3
NCBITaxon:2942632	1
NCBITaxon:2942633	2
NCBITaxon:2942636	1
NCBITaxon:29427	5
NCBITaxon:29428	16
NCBITaxon:29429	8
NCBITaxon:2942908	1
NCBITaxon:2942909	1
NCBITaxon:2942911	1
NCBITaxon:29430	183
NCBITaxon:2943193	1
NCBITaxon:29432	66
NCBITaxon:29433	11
NCBITaxon:29434	1
NCBITaxon:2943489	1
NCBITaxon:2943490	1
NCBITaxon:2943492	1
NCBITaxon:2943497	1
NCBITaxon:2943498	2
NCBITaxon:29435	8
NCBITaxon:2943705	2
NCBITaxon:29438	804
NCBITaxon:2944128	1
NCBITaxon:2944139	1
NCBITaxon:29442	229
NCBITaxon:2944268	1
NCBITaxon:29443	3
NCBITaxon:2944392	1
NCBITaxon:29446	4
NCBITaxon:2944682	2
NCBITaxon:29447	199
NCBITaxon:29448	126
NCBITaxon:2944811	1
NCBITaxon:29449	11
NCBITaxon:2944914	1
NCBITaxon:2944915	1
NCBITaxon:2944933	1
NCBITaxon:2944940	1
NCBITaxon:2945	1
NCBITaxon:29450	3
NCBITaxon:2945102	2
NCBITaxon:2945104	1
NCBITaxon:2945105	1
NCBITaxon:2945587	1
NCBITaxon:29459	204
NCBITaxon:2945988	1
NCBITaxon:2945989	1
NCBITaxon:29460	1
NCBITaxon:29461	14
NCBITaxon:29465	15
NCBITaxon:2946554	1
NCBITaxon:2946555	1
NCBITaxon:2946593	7
NCBITaxon:2946594	1
NCBITaxon:29466	183
NCBITaxon:2946604	1
NCBITaxon:2946698	1
NCBITaxon:2946699	1
NCBITaxon:294671	4
NCBITaxon:29468	3
NCBITaxon:2946865	1
NCBITaxon:2946866	1
NCBITaxon:294699	4
NCBITaxon:294702	2
NCBITaxon:29471	255
NCBITaxon:294710	4
NCBITaxon:29472	8
NCBITaxon:29473	4
NCBITaxon:29474	1
NCBITaxon:294750	1
NCBITaxon:29477	1
NCBITaxon:29480	5
NCBITaxon:29482	2
NCBITaxon:29483	38
NCBITaxon:29484	81
NCBITaxon:29485	33
NCBITaxon:2948575	1
NCBITaxon:29486	183
NCBITaxon:29488	81
NCBITaxon:29489	16
NCBITaxon:2949085	1
NCBITaxon:2949086	1
NCBITaxon:2949090	2
NCBITaxon:2949092	1
NCBITaxon:2949093	1
NCBITaxon:2949094	1
NCBITaxon:29491	37
NCBITaxon:2949307	1
NCBITaxon:2949308	1
NCBITaxon:2949309	1
NCBITaxon:2949332	3
NCBITaxon:2949333	4
NCBITaxon:294935	4
NCBITaxon:294936	6
NCBITaxon:29494	67
NCBITaxon:2949426	1
NCBITaxon:29495	14
NCBITaxon:2949643	1
NCBITaxon:2949647	1
NCBITaxon:2949650	1
NCBITaxon:2949651	1
NCBITaxon:2949662	1
NCBITaxon:2949664	1
NCBITaxon:2949669	1
NCBITaxon:29497	148
NCBITaxon:2949735	1
NCBITaxon:2949739	2
NCBITaxon:29498	59
NCBITaxon:2949993	1
NCBITaxon:2949994	1
NCBITaxon:2949995	1
NCBITaxon:2949997	1
NCBITaxon:2950	7
NCBITaxon:2950023	1
NCBITaxon:2950024	1
NCBITaxon:2950025	1
NCBITaxon:2950102	2
NCBITaxon:2950104	1
NCBITaxon:2950106	1
NCBITaxon:2950107	1
NCBITaxon:2950108	1
NCBITaxon:2950279	1
NCBITaxon:295028	2
NCBITaxon:2950280	1
NCBITaxon:29503	3
NCBITaxon:2950371	1
NCBITaxon:2950375	1
NCBITaxon:2950415	1
NCBITaxon:2950436	1
NCBITaxon:2950438	1
NCBITaxon:2950439	1
NCBITaxon:2950441	1
NCBITaxon:29505	1
NCBITaxon:2950533	1
NCBITaxon:2950534	1
NCBITaxon:2950536	1
NCBITaxon:2950537	1
NCBITaxon:2950539	1
NCBITaxon:2950540	1
NCBITaxon:29506	12
NCBITaxon:2950604	1
NCBITaxon:295065	6
NCBITaxon:295068	3
NCBITaxon:295069	4
NCBITaxon:29507	43
NCBITaxon:29508	21
NCBITaxon:295084	1
NCBITaxon:295089	3
NCBITaxon:2950949	1
NCBITaxon:2951	3
NCBITaxon:29510	4
NCBITaxon:2951057	1
NCBITaxon:295108	1
NCBITaxon:2951083	1
NCBITaxon:29511	2
NCBITaxon:2951361	1
NCBITaxon:2951362	1
NCBITaxon:2951405	1
NCBITaxon:2951408	1
NCBITaxon:2951728	1
NCBITaxon:29518	5
NCBITaxon:2951803	1
NCBITaxon:2951804	1
NCBITaxon:2951805	1
NCBITaxon:2951807	1
NCBITaxon:2951809	1
NCBITaxon:29519	8
NCBITaxon:2951981	1
NCBITaxon:2952	1
NCBITaxon:29520	1
NCBITaxon:29521	2
NCBITaxon:2952157	1
NCBITaxon:2952158	1
NCBITaxon:29522	28
NCBITaxon:2952222	1
NCBITaxon:2952223	1
NCBITaxon:2952224	1
NCBITaxon:2952225	1
NCBITaxon:2952226	1
NCBITaxon:2952227	1
NCBITaxon:29523	36
NCBITaxon:29524	6
NCBITaxon:2952477	1
NCBITaxon:2952523	1
NCBITaxon:2952535	1
NCBITaxon:2952536	1
NCBITaxon:295255	3
NCBITaxon:2952607	1
NCBITaxon:2952610	1
NCBITaxon:2952618	1
NCBITaxon:29527	3
NCBITaxon:2952754	1
NCBITaxon:29528	11
NCBITaxon:2952890	1
NCBITaxon:29529	9
NCBITaxon:2952932	1
NCBITaxon:2952933	1
NCBITaxon:29530	3
NCBITaxon:295319	1
NCBITaxon:295320	1
NCBITaxon:295324	6
NCBITaxon:2953240	1
NCBITaxon:29533	9
NCBITaxon:29534	4
NCBITaxon:295352	5
NCBITaxon:29536	17
NCBITaxon:2953651	3
NCBITaxon:2953654	2
NCBITaxon:2953690	1
NCBITaxon:2953739	1
NCBITaxon:2953740	1
NCBITaxon:2953746	1
NCBITaxon:2953748	1
NCBITaxon:2953749	1
NCBITaxon:2953750	1
NCBITaxon:2953753	1
NCBITaxon:2953871	1
NCBITaxon:2953879	2
NCBITaxon:2953880	1
NCBITaxon:2953881	1
NCBITaxon:2953882	1
NCBITaxon:2953895	5
NCBITaxon:2953896	1
NCBITaxon:29539	2
NCBITaxon:295393	1
NCBITaxon:2953971	1
NCBITaxon:2953972	1
NCBITaxon:2953973	1
NCBITaxon:2953974	1
NCBITaxon:2953975	1
NCBITaxon:2953978	1
NCBITaxon:2953979	1
NCBITaxon:2953980	1
NCBITaxon:2953981	1
NCBITaxon:2953982	1
NCBITaxon:2953983	1
NCBITaxon:2953984	1
NCBITaxon:2953985	1
NCBITaxon:2953986	1
NCBITaxon:2953987	1
NCBITaxon:2953988	1
NCBITaxon:2953989	1
NCBITaxon:2953991	1
NCBITaxon:2953992	1
NCBITaxon:2953993	1
NCBITaxon:2953994	1
NCBITaxon:2953995	1
NCBITaxon:2953996	1
NCBITaxon:2953997	1
NCBITaxon:2953998	1
NCBITaxon:2953999	1
NCBITaxon:2954000	1
NCBITaxon:2954001	1
NCBITaxon:2954002	1
NCBITaxon:2954003	1
NCBITaxon:2954004	1
NCBITaxon:2954005	1
NCBITaxon:2954006	1
NCBITaxon:2954007	1
NCBITaxon:2954008	1
NCBITaxon:2954009	1
NCBITaxon:2954011	1
NCBITaxon:2954012	1
NCBITaxon:2954013	1
NCBITaxon:2954014	1
NCBITaxon:2954016	1
NCBITaxon:2954020	1
NCBITaxon:2954024	1
NCBITaxon:2954026	1
NCBITaxon:2954027	1
NCBITaxon:2954028	1
NCBITaxon:2954029	1
NCBITaxon:2954030	1
NCBITaxon:2954031	1
NCBITaxon:2954033	1
NCBITaxon:2954034	1
NCBITaxon:2954035	1
NCBITaxon:2954036	1
NCBITaxon:2954037	1
NCBITaxon:2954038	1
NCBITaxon:2954039	1
NCBITaxon:2954040	1
NCBITaxon:2954041	1
NCBITaxon:2954042	1
NCBITaxon:2954043	1
NCBITaxon:2954044	1
NCBITaxon:2954045	1
NCBITaxon:2954046	1
NCBITaxon:2954047	1
NCBITaxon:2954048	1
NCBITaxon:2954049	1
NCBITaxon:2954050	1
NCBITaxon:2954051	1
NCBITaxon:2954052	1
NCBITaxon:2954053	1
NCBITaxon:2954054	1
NCBITaxon:2954055	1
NCBITaxon:2954056	1
NCBITaxon:2954057	1
NCBITaxon:2954058	1
NCBITaxon:2954059	1
NCBITaxon:2954060	2
NCBITaxon:2954061	1
NCBITaxon:2954062	1
NCBITaxon:2954063	1
NCBITaxon:2954064	1
NCBITaxon:2954065	2
NCBITaxon:2954067	1
NCBITaxon:2954082	1
NCBITaxon:2954098	1
NCBITaxon:2954101	2
NCBITaxon:2954114	1
NCBITaxon:2954117	2
NCBITaxon:295419	11
NCBITaxon:29542	5
NCBITaxon:2954211	10
NCBITaxon:2954236	1
NCBITaxon:2954240	1
NCBITaxon:295428	4
NCBITaxon:29543	2
NCBITaxon:2954381	1
NCBITaxon:2954382	1
NCBITaxon:2954383	1
NCBITaxon:29545	6
NCBITaxon:29546	8
NCBITaxon:29547	9
NCBITaxon:2954799	1
NCBITaxon:29549	9
NCBITaxon:29552	11
NCBITaxon:29553	12
NCBITaxon:2955316	1
NCBITaxon:29554	2
NCBITaxon:29557	4
NCBITaxon:29558	1
NCBITaxon:295585	2
NCBITaxon:29559	9
NCBITaxon:295596	1
NCBITaxon:29561	5
NCBITaxon:29562	8
NCBITaxon:29563	1
NCBITaxon:2956784	1
NCBITaxon:2956795	1
NCBITaxon:29571	5
NCBITaxon:2957203	1
NCBITaxon:29573	10
NCBITaxon:29575	51
NCBITaxon:2957504	1
NCBITaxon:2957745	1
NCBITaxon:29580	29
NCBITaxon:29581	182
NCBITaxon:2959299	1
NCBITaxon:2959716	1
NCBITaxon:296	198
NCBITaxon:296014	28
NCBITaxon:296051	1
NCBITaxon:296052	1
NCBITaxon:2961	1
NCBITaxon:296141	13
NCBITaxon:296143	1
NCBITaxon:2961520	1
NCBITaxon:2961570	1
NCBITaxon:2961571	1
NCBITaxon:2961572	1
NCBITaxon:2961574	1
NCBITaxon:2961577	2
NCBITaxon:2961595	1
NCBITaxon:2961596	1
NCBITaxon:2961597	1
NCBITaxon:2961598	1
NCBITaxon:2961599	1
NCBITaxon:2961619	1
NCBITaxon:2961621	1
NCBITaxon:2961893	4
NCBITaxon:2961894	1
NCBITaxon:2961895	1
NCBITaxon:2961896	2
NCBITaxon:2961939	1
NCBITaxon:2961943	1
NCBITaxon:2961944	1
NCBITaxon:2961951	1
NCBITaxon:2961959	2
NCBITaxon:296199	6
NCBITaxon:2961994	1
NCBITaxon:2961995	1
NCBITaxon:2962047	1
NCBITaxon:2962064	1
NCBITaxon:296218	4
NCBITaxon:2962567	1
NCBITaxon:2962607	1
NCBITaxon:2962633	1
NCBITaxon:2962671	1
NCBITaxon:2962672	1
NCBITaxon:2962673	1
NCBITaxon:2962676	1
NCBITaxon:2962890	1
NCBITaxon:2962936	1
NCBITaxon:2963128	2
NCBITaxon:2963283	2
NCBITaxon:2963284	1
NCBITaxon:2963365	1
NCBITaxon:2963406	1
NCBITaxon:2963433	1
NCBITaxon:2963434	1
NCBITaxon:2963714	2
NCBITaxon:2963937	1
NCBITaxon:2963940	1
NCBITaxon:2964609	3
NCBITaxon:2964616	2
NCBITaxon:2964666	1
NCBITaxon:2964669	1
NCBITaxon:2964670	1
NCBITaxon:2964767	1
NCBITaxon:2965064	1
NCBITaxon:2965069	1
NCBITaxon:2965071	1
NCBITaxon:2965072	1
NCBITaxon:2965074	1
NCBITaxon:2965077	1
NCBITaxon:2965078	1
NCBITaxon:296544	1
NCBITaxon:2965509	1
NCBITaxon:296591	1
NCBITaxon:2966350	1
NCBITaxon:2966451	1
NCBITaxon:2966552	1
NCBITaxon:2967225	1
NCBITaxon:2967226	1
NCBITaxon:2967336	1
NCBITaxon:2967337	1
NCBITaxon:2967338	1
NCBITaxon:2967339	1
NCBITaxon:2967341	1
NCBITaxon:296745	2
NCBITaxon:296797	1
NCBITaxon:2967972	1
NCBITaxon:2968030	1
NCBITaxon:2968083	1
NCBITaxon:2968084	1
NCBITaxon:2968085	1
NCBITaxon:296830	7
NCBITaxon:296842	2
NCBITaxon:2968457	1
NCBITaxon:2968469	1
NCBITaxon:2968472	1
NCBITaxon:2968473	2
NCBITaxon:2968968	4
NCBITaxon:2968969	3
NCBITaxon:2969	3
NCBITaxon:2969106	1
NCBITaxon:2969247	1
NCBITaxon:2969249	1
NCBITaxon:2969304	1
NCBITaxon:2969672	1
NCBITaxon:2969821	1
NCBITaxon:296995	4
NCBITaxon:297	2
NCBITaxon:2970250	1
NCBITaxon:2970331	1
NCBITaxon:2970465	1
NCBITaxon:2970906	1
NCBITaxon:2970912	1
NCBITaxon:2970913	1
NCBITaxon:2970914	1
NCBITaxon:2970915	2
NCBITaxon:2970926	1
NCBITaxon:2970927	1
NCBITaxon:2971264	2
NCBITaxon:2971675	2
NCBITaxon:2971676	2
NCBITaxon:2971677	1
NCBITaxon:297171	3
NCBITaxon:2972	1
NCBITaxon:2972120	2
NCBITaxon:2972122	1
NCBITaxon:2972123	1
NCBITaxon:297244	6
NCBITaxon:297245	1
NCBITaxon:297246	1
NCBITaxon:2972466	1
NCBITaxon:2972472	1
NCBITaxon:2972474	1
NCBITaxon:2972485	1
NCBITaxon:2972487	1
NCBITaxon:2972488	1
NCBITaxon:2972489	1
NCBITaxon:2972766	2
NCBITaxon:2972786	10
NCBITaxon:2972951	2
NCBITaxon:2972955	1
NCBITaxon:2972972	1
NCBITaxon:2973072	1
NCBITaxon:297314	704
NCBITaxon:297318	5
NCBITaxon:297342	1
NCBITaxon:2973512	1
NCBITaxon:297352	1
NCBITaxon:297360	1
NCBITaxon:297361	1
NCBITaxon:2973932	1
NCBITaxon:2973938	1
NCBITaxon:2973939	1
NCBITaxon:2973940	1
NCBITaxon:2974022	2
NCBITaxon:2974023	1
NCBITaxon:2974299	1
NCBITaxon:2974474	1
NCBITaxon:2974565	6
NCBITaxon:2974574	1
NCBITaxon:2974576	1
NCBITaxon:2974589	1
NCBITaxon:2974896	1
NCBITaxon:2974897	1
NCBITaxon:2975053	1
NCBITaxon:2975054	1
NCBITaxon:2975056	1
NCBITaxon:2975273	1
NCBITaxon:2975278	1
NCBITaxon:297536	6
NCBITaxon:2975440	1
NCBITaxon:2975484	1
NCBITaxon:2975598	1
NCBITaxon:297584	3
NCBITaxon:2976125	1
NCBITaxon:2976127	1
NCBITaxon:2976241	1
NCBITaxon:2976331	1
NCBITaxon:2976335	1
NCBITaxon:2976475	1
NCBITaxon:2976476	1
NCBITaxon:297651	1
NCBITaxon:297653	1
NCBITaxon:2976531	1
NCBITaxon:2976532	1
NCBITaxon:2976534	1
NCBITaxon:2976535	1
NCBITaxon:2976676	1
NCBITaxon:2976702	1
NCBITaxon:2976708	1
NCBITaxon:2976809	11
NCBITaxon:2976810	29
NCBITaxon:2976812	1
NCBITaxon:2976980	1
NCBITaxon:2977121	1
NCBITaxon:2977320	1
NCBITaxon:2977531	1
NCBITaxon:2977629	1
NCBITaxon:297794	1
NCBITaxon:297795	1
NCBITaxon:2978220	1
NCBITaxon:2978345	1
NCBITaxon:2978347	1
NCBITaxon:2978349	1
NCBITaxon:2978350	1
NCBITaxon:2978473	1
NCBITaxon:2978475	1
NCBITaxon:2978477	1
NCBITaxon:2978478	1
NCBITaxon:2978479	1
NCBITaxon:2978683	1
NCBITaxon:2978973	1
NCBITaxon:2979115	1
NCBITaxon:2979197	1
NCBITaxon:2979328	1
NCBITaxon:2979464	1
NCBITaxon:2979466	1
NCBITaxon:2979865	1
NCBITaxon:2979868	1
NCBITaxon:2979869	1
NCBITaxon:2979988	1
NCBITaxon:2979990	1
NCBITaxon:2979991	1
NCBITaxon:298	333
NCBITaxon:2980026	1
NCBITaxon:2980027	1
NCBITaxon:2980099	1
NCBITaxon:2980100	1
NCBITaxon:2980103	1
NCBITaxon:2980104	1
NCBITaxon:2980107	1
NCBITaxon:2980108	1
NCBITaxon:2980554	1
NCBITaxon:2980997	1
NCBITaxon:2981	1
NCBITaxon:2981134	1
NCBITaxon:2981135	1
NCBITaxon:2981137	1
NCBITaxon:2981139	1
NCBITaxon:2981351	1
NCBITaxon:2981529	1
NCBITaxon:2981616	1
NCBITaxon:298163	6
NCBITaxon:2981720	1
NCBITaxon:2981721	1
NCBITaxon:2981722	1
NCBITaxon:2981723	1
NCBITaxon:2981724	1
NCBITaxon:2981725	1
NCBITaxon:2981726	2
NCBITaxon:2981727	1
NCBITaxon:2981728	1
NCBITaxon:2981768	2
NCBITaxon:2981769	2
NCBITaxon:2981770	2
NCBITaxon:2981771	1
NCBITaxon:2981772	1
NCBITaxon:2981773	1
NCBITaxon:2981774	1
NCBITaxon:2981778	1
NCBITaxon:2981779	1
NCBITaxon:2981780	1
NCBITaxon:2981781	1
NCBITaxon:2981782	1
NCBITaxon:2981783	1
NCBITaxon:2981784	1
NCBITaxon:2981785	2
NCBITaxon:2981786	2
NCBITaxon:2981787	1
NCBITaxon:2981788	1
NCBITaxon:2981789	2
NCBITaxon:2981790	1
NCBITaxon:2981791	1
NCBITaxon:2981792	1
NCBITaxon:2981793	1
NCBITaxon:2981794	2
NCBITaxon:2981849	1
NCBITaxon:298208	1
NCBITaxon:2982185	1
NCBITaxon:2982496	1
NCBITaxon:2982530	1
NCBITaxon:2982626	1
NCBITaxon:2982627	1
NCBITaxon:2982628	3
NCBITaxon:2982629	1
NCBITaxon:2982630	1
NCBITaxon:2982631	1
NCBITaxon:2982689	1
NCBITaxon:2982690	1
NCBITaxon:2982695	1
NCBITaxon:29829	13
NCBITaxon:29830	2
NCBITaxon:29831	1
NCBITaxon:29832	1
NCBITaxon:2983246	1
NCBITaxon:29833	8
NCBITaxon:2983392	1
NCBITaxon:29835	1
NCBITaxon:2983605	1
NCBITaxon:2983606	1
NCBITaxon:2983762	1
NCBITaxon:2983763	1
NCBITaxon:2983764	1
NCBITaxon:2983766	1
NCBITaxon:298392	3
NCBITaxon:298394	1
NCBITaxon:2984028	1
NCBITaxon:29841	1
NCBITaxon:2984131	1
NCBITaxon:2984134	1
NCBITaxon:2984152	1
NCBITaxon:2984153	1
NCBITaxon:2984159	1
NCBITaxon:2984191	1
NCBITaxon:2984192	1
NCBITaxon:2984193	1
NCBITaxon:2984194	1
NCBITaxon:2984195	1
NCBITaxon:2984196	1
NCBITaxon:2984199	1
NCBITaxon:2984206	1
NCBITaxon:2984207	2
NCBITaxon:2984209	1
NCBITaxon:2984210	1
NCBITaxon:2984211	1
NCBITaxon:2984212	1
NCBITaxon:2984329	1
NCBITaxon:2984331	1
NCBITaxon:2984333	1
NCBITaxon:2984338	2
NCBITaxon:2984494	1
NCBITaxon:2984495	1
NCBITaxon:29845	1
NCBITaxon:2984530	1
NCBITaxon:2984843	1
NCBITaxon:2984845	1
NCBITaxon:2984846	1
NCBITaxon:2984863	1
NCBITaxon:2984864	1
NCBITaxon:2984948	1
NCBITaxon:2984949	1
NCBITaxon:2985	6
NCBITaxon:29852	2
NCBITaxon:2985511	1
NCBITaxon:29856	10
NCBITaxon:298598	2
NCBITaxon:29861	1
NCBITaxon:29862	2
NCBITaxon:2986422	1
NCBITaxon:2986475	1
NCBITaxon:2986476	1
NCBITaxon:298654	3
NCBITaxon:298655	3
NCBITaxon:298656	1
NCBITaxon:298657	1
NCBITaxon:2986804	1
NCBITaxon:2986926	1
NCBITaxon:2986940	1
NCBITaxon:2986949	1
NCBITaxon:2986996	9
NCBITaxon:2986997	12
NCBITaxon:298708	4
NCBITaxon:29872	1
NCBITaxon:2987481	1
NCBITaxon:29875	13
NCBITaxon:2987519	1
NCBITaxon:2987520	1
NCBITaxon:2987522	1
NCBITaxon:2987523	1
NCBITaxon:2987524	1
NCBITaxon:2987525	1
NCBITaxon:2987526	1
NCBITaxon:2987686	1
NCBITaxon:2987687	1
NCBITaxon:2987688	1
NCBITaxon:2987689	1
NCBITaxon:2987699	1
NCBITaxon:29879	88
NCBITaxon:298794	4
NCBITaxon:2988	1
NCBITaxon:29883	19
NCBITaxon:29886	1
NCBITaxon:29887	1
NCBITaxon:298908	5
NCBITaxon:29892	1
NCBITaxon:29893	1
NCBITaxon:2989681	1
NCBITaxon:2989684	1
NCBITaxon:2989705	1
NCBITaxon:2989713	1
NCBITaxon:2989714	1
NCBITaxon:2989719	1
NCBITaxon:2989730	1
NCBITaxon:2989731	1
NCBITaxon:2989733	1
NCBITaxon:2989736	3
NCBITaxon:2989771	4
NCBITaxon:2989783	1
NCBITaxon:2989819	1
NCBITaxon:2989820	1
NCBITaxon:2989862	1
NCBITaxon:29902	9
NCBITaxon:299033	2
NCBITaxon:299072	1
NCBITaxon:2991049	2
NCBITaxon:2991076	1
NCBITaxon:2991077	1
NCBITaxon:29911	1
NCBITaxon:299130	1
NCBITaxon:2991417	1
NCBITaxon:2991418	1
NCBITaxon:299146	5
NCBITaxon:2991472	1
NCBITaxon:2991473	1
NCBITaxon:2991474	1
NCBITaxon:2991496	1
NCBITaxon:2991499	2
NCBITaxon:299152	7
NCBITaxon:2991545	1
NCBITaxon:29916	12
NCBITaxon:29917	1
NCBITaxon:2991709	2
NCBITaxon:2991712	1
NCBITaxon:2991719	1
NCBITaxon:2991723	1
NCBITaxon:29918	3
NCBITaxon:2991831	1
NCBITaxon:2991832	2
NCBITaxon:2991833	2
NCBITaxon:2991834	1
NCBITaxon:2991835	1
NCBITaxon:2991836	1
NCBITaxon:2991837	1
NCBITaxon:2991838	1
NCBITaxon:29920	21
NCBITaxon:2992041	1
NCBITaxon:2992111	1
NCBITaxon:2992112	1
NCBITaxon:2992113	1
NCBITaxon:299214	3
NCBITaxon:2992147	1
NCBITaxon:29922	4
NCBITaxon:2992237	1
NCBITaxon:2992239	1
NCBITaxon:2992241	1
NCBITaxon:29923	7
NCBITaxon:29924	3
NCBITaxon:299255	4
NCBITaxon:2992573	1
NCBITaxon:299261	1
NCBITaxon:299262	3
NCBITaxon:2992803	1
NCBITaxon:2992837	1
NCBITaxon:2992838	1
NCBITaxon:299308	4
NCBITaxon:299329	1
NCBITaxon:2993314	1
NCBITaxon:2993316	1
NCBITaxon:2993430	1
NCBITaxon:2993450	1
NCBITaxon:2993455	1
NCBITaxon:2993456	1
NCBITaxon:2993559	1
NCBITaxon:2993563	1
NCBITaxon:2993564	1
NCBITaxon:2993566	2
NCBITaxon:2993659	1
NCBITaxon:2993714	1
NCBITaxon:299392	1
NCBITaxon:2993936	1
NCBITaxon:2993939	1
NCBITaxon:2993940	1
NCBITaxon:2993941	1
NCBITaxon:2994035	1
NCBITaxon:2994102	1
NCBITaxon:299421	4
NCBITaxon:2994442	2
NCBITaxon:2994493	1
NCBITaxon:2994495	1
NCBITaxon:2994553	1
NCBITaxon:2994555	1
NCBITaxon:299462	1
NCBITaxon:2994640	1
NCBITaxon:2994642	1
NCBITaxon:2994643	1
NCBITaxon:2994648	1
NCBITaxon:2994654	1
NCBITaxon:299480	4
NCBITaxon:2994950	1
NCBITaxon:2994971	5
NCBITaxon:2995136	1
NCBITaxon:2995174	1
NCBITaxon:2995303	1
NCBITaxon:2995304	1
NCBITaxon:2995305	1
NCBITaxon:2995306	1
NCBITaxon:2995308	1
NCBITaxon:2995309	1
NCBITaxon:2995310	1
NCBITaxon:2995317	1
NCBITaxon:2995321	1
NCBITaxon:2995335	1
NCBITaxon:2995413	2
NCBITaxon:2995589	1
NCBITaxon:2995658	3
NCBITaxon:299567	2
NCBITaxon:299583	37
NCBITaxon:2996	1
NCBITaxon:2996016	2
NCBITaxon:2996017	1
NCBITaxon:2996032	2
NCBITaxon:2996052	1
NCBITaxon:2996112	1
NCBITaxon:299618	4
NCBITaxon:2996458	3
NCBITaxon:2996466	1
NCBITaxon:2996697	1
NCBITaxon:2996754	1
NCBITaxon:2996794	1
NCBITaxon:299717	1
NCBITaxon:2997294	1
NCBITaxon:2997323	1
NCBITaxon:2997333	1
NCBITaxon:2997336	2
NCBITaxon:2997337	1
NCBITaxon:2997341	1
NCBITaxon:2997343	1
NCBITaxon:2997416	1
NCBITaxon:299766	162
NCBITaxon:299767	56
NCBITaxon:2997908	1
NCBITaxon:2997918	1
NCBITaxon:2998077	1
NCBITaxon:2998078	2
NCBITaxon:2998136	1
NCBITaxon:2998417	1
NCBITaxon:2998507	1
NCBITaxon:2999064	2
NCBITaxon:2999067	1
NCBITaxon:2999068	1
NCBITaxon:2999072	1
NCBITaxon:300	122
NCBITaxon:300018	3
NCBITaxon:300019	8
NCBITaxon:300027	1
NCBITaxon:300028	9
NCBITaxon:300029	7
NCBITaxon:300179	6
NCBITaxon:300181	78
NCBITaxon:300193	4
NCBITaxon:300256	1
NCBITaxon:3002576	1
NCBITaxon:3002577	1
NCBITaxon:3002579	1
NCBITaxon:3002580	1
NCBITaxon:3002581	1
NCBITaxon:300266	4
NCBITaxon:300267	1
NCBITaxon:300268	1
NCBITaxon:300276	1
NCBITaxon:300277	1
NCBITaxon:3002863	1
NCBITaxon:3002864	1
NCBITaxon:3002900	1
NCBITaxon:3002903	1
NCBITaxon:3003247	1
NCBITaxon:3003256	1
NCBITaxon:3003257	1
NCBITaxon:3003258	1
NCBITaxon:3003259	1
NCBITaxon:3003260	1
NCBITaxon:3003261	1
NCBITaxon:3003262	1
NCBITaxon:3003263	1
NCBITaxon:3003271	1
NCBITaxon:3003272	1
NCBITaxon:3003348	1
NCBITaxon:3003483	1
NCBITaxon:3003601	1
NCBITaxon:3004091	1
NCBITaxon:3004092	1
NCBITaxon:3004093	1
NCBITaxon:3004097	1
NCBITaxon:3004098	1
NCBITaxon:3004103	1
NCBITaxon:3004105	1
NCBITaxon:3004109	2
NCBITaxon:300419	4
NCBITaxon:3005	2
NCBITaxon:300560	8
NCBITaxon:3007	2
NCBITaxon:300825	2
NCBITaxon:300876	6
NCBITaxon:3009082	1
NCBITaxon:301	195
NCBITaxon:301092	3
NCBITaxon:301102	16
NCBITaxon:301105	5
NCBITaxon:301136	2
NCBITaxon:301141	2
NCBITaxon:301148	2
NCBITaxon:301154	4
NCBITaxon:301207	1
NCBITaxon:3012344	1
NCBITaxon:301297	56
NCBITaxon:301301	56
NCBITaxon:301302	339
NCBITaxon:301365	3
NCBITaxon:301367	2
NCBITaxon:301368	2
NCBITaxon:301375	8
NCBITaxon:301388	1
NCBITaxon:3014050	1
NCBITaxon:3014267	1
NCBITaxon:301447	1
NCBITaxon:301451	10
NCBITaxon:3014554	1
NCBITaxon:3014562	1
NCBITaxon:3014751	1
NCBITaxon:3014997	1
NCBITaxon:3014998	1
NCBITaxon:3014999	1
NCBITaxon:3015000	1
NCBITaxon:3015149	1
NCBITaxon:3015156	1
NCBITaxon:3015164	1
NCBITaxon:3015171	1
NCBITaxon:3015175	1
NCBITaxon:301541	5
NCBITaxon:301585	1
NCBITaxon:3015983	1
NCBITaxon:3016001	1
NCBITaxon:3016050	1
NCBITaxon:3016083	1
NCBITaxon:3016093	1
NCBITaxon:3016174	1
NCBITaxon:3016339	1
NCBITaxon:3016340	1
NCBITaxon:3016342	1
NCBITaxon:3016343	1
NCBITaxon:3016419	1
NCBITaxon:3016528	1
NCBITaxon:3016789	1
NCBITaxon:3017187	1
NCBITaxon:3017781	1
NCBITaxon:3017783	1
NCBITaxon:3017784	1
NCBITaxon:3017813	1
NCBITaxon:3018314	1
NCBITaxon:3018315	1
NCBITaxon:3018340	1
NCBITaxon:3018442	1
NCBITaxon:3018443	1
NCBITaxon:3018444	1
NCBITaxon:3018445	1
NCBITaxon:301854	1
NCBITaxon:3018743	2
NCBITaxon:301902	1
NCBITaxon:3019086	1
NCBITaxon:301953	4
NCBITaxon:3019553	1
NCBITaxon:3019556	1
NCBITaxon:301967	1
NCBITaxon:3019891	1
NCBITaxon:3019932	2
NCBITaxon:3019934	2
NCBITaxon:3020056	1
NCBITaxon:302044	4
NCBITaxon:3020489	1
NCBITaxon:3020714	1
NCBITaxon:3020826	2
NCBITaxon:3020828	1
NCBITaxon:3020831	1
NCBITaxon:3020898	1
NCBITaxon:3020899	1
NCBITaxon:3020900	1
NCBITaxon:3020909	1
NCBITaxon:3021375	1
NCBITaxon:3021407	1
NCBITaxon:302167	7
NCBITaxon:302168	5
NCBITaxon:3021715	1
NCBITaxon:3021716	1
NCBITaxon:3021719	1
NCBITaxon:3021811	1
NCBITaxon:3021977	1
NCBITaxon:3023370	1
NCBITaxon:3023713	1
NCBITaxon:3023714	1
NCBITaxon:302401	4
NCBITaxon:302406	2
NCBITaxon:302409	1
NCBITaxon:3024215	1
NCBITaxon:3024217	5
NCBITaxon:3024236	1
NCBITaxon:3024242	1
NCBITaxon:3024400	1
NCBITaxon:3024411	1
NCBITaxon:302449	7
NCBITaxon:302481	3
NCBITaxon:302484	5
NCBITaxon:302485	11
NCBITaxon:3024868	2
NCBITaxon:3025312	1
NCBITaxon:3025666	1
NCBITaxon:3025669	1
NCBITaxon:3025671	1
NCBITaxon:3025672	1
NCBITaxon:3025679	1
NCBITaxon:3025680	1
NCBITaxon:3025755	1
NCBITaxon:3025874	1
NCBITaxon:3025875	1
NCBITaxon:3025878	1
NCBITaxon:3025936	2
NCBITaxon:3026162	1
NCBITaxon:3026192	1
NCBITaxon:3026418	1
NCBITaxon:3026419	1
NCBITaxon:3026422	1
NCBITaxon:3026423	1
NCBITaxon:3026433	1
NCBITaxon:3026437	1
NCBITaxon:3026462	5
NCBITaxon:3026934	1
NCBITaxon:3026967	1
NCBITaxon:3026968	1
NCBITaxon:3027471	1
NCBITaxon:3027807	2
NCBITaxon:3027808	1
NCBITaxon:3027921	1
NCBITaxon:3027932	1
NCBITaxon:3028070	3
NCBITaxon:3028082	1
NCBITaxon:3028084	1
NCBITaxon:3028293	1
NCBITaxon:3028294	1
NCBITaxon:3028296	1
NCBITaxon:3028297	1
NCBITaxon:3028298	1
NCBITaxon:3028299	1
NCBITaxon:3028300	1
NCBITaxon:3028314	1
NCBITaxon:3028316	1
NCBITaxon:3028615	1
NCBITaxon:3028623	1
NCBITaxon:3028708	1
NCBITaxon:3029055	1
NCBITaxon:3029061	1
NCBITaxon:302911	31
NCBITaxon:302912	10
NCBITaxon:302913	1
NCBITaxon:3029197	1
NCBITaxon:3029272	1
NCBITaxon:3029274	1
NCBITaxon:3029761	2
NCBITaxon:303	1491
NCBITaxon:3030010	1
NCBITaxon:3030012	1
NCBITaxon:3030016	1
NCBITaxon:3030211	3
NCBITaxon:3030492	1
NCBITaxon:3030638	1
NCBITaxon:3030827	1
NCBITaxon:3030829	1
NCBITaxon:3030830	1
NCBITaxon:3030833	1
NCBITaxon:3031126	1
NCBITaxon:3031128	1
NCBITaxon:3031130	1
NCBITaxon:3031239	1
NCBITaxon:3031298	1
NCBITaxon:3031301	1
NCBITaxon:3031321	1
NCBITaxon:3031322	1
NCBITaxon:3031324	1
NCBITaxon:3031325	1
NCBITaxon:3031328	1
NCBITaxon:3031331	1
NCBITaxon:3031406	1
NCBITaxon:3031624	1
NCBITaxon:3031727	1
NCBITaxon:3031728	2
NCBITaxon:3031799	1
NCBITaxon:3031815	1
NCBITaxon:3031816	1
NCBITaxon:3031916	1
NCBITaxon:3031993	1
NCBITaxon:3031996	1
NCBITaxon:3031998	1
NCBITaxon:3032	1
NCBITaxon:3032001	1
NCBITaxon:3032125	1
NCBITaxon:3032281	1
NCBITaxon:3032283	1
NCBITaxon:3032292	1
NCBITaxon:303236	1
NCBITaxon:3032367	1
NCBITaxon:303240	4
NCBITaxon:303241	2
NCBITaxon:3032579	1
NCBITaxon:3032584	1
NCBITaxon:3032585	1
NCBITaxon:3032586	1
NCBITaxon:3032591	1
NCBITaxon:3032592	1
NCBITaxon:3032599	1
NCBITaxon:303330	1
NCBITaxon:303331	1
NCBITaxon:303332	1
NCBITaxon:303338	1
NCBITaxon:3033385	1
NCBITaxon:3033386	1
NCBITaxon:3033387	1
NCBITaxon:3033388	1
NCBITaxon:3033389	1
NCBITaxon:3033390	1
NCBITaxon:3033392	1
NCBITaxon:3033395	1
NCBITaxon:3033396	1
NCBITaxon:303342	1
NCBITaxon:303343	1
NCBITaxon:303344	1
NCBITaxon:303346	1
NCBITaxon:303347	1
NCBITaxon:303371	1
NCBITaxon:303380	5
NCBITaxon:3033808	1
NCBITaxon:3033811	1
NCBITaxon:3033939	1
NCBITaxon:3034	2
NCBITaxon:303400	1
NCBITaxon:3034016	1
NCBITaxon:3034020	2
NCBITaxon:3034023	1
NCBITaxon:3034024	1
NCBITaxon:3034025	1
NCBITaxon:3034026	1
NCBITaxon:303405	4
NCBITaxon:303406	1
NCBITaxon:3034143	1
NCBITaxon:3034146	1
NCBITaxon:3034147	1
NCBITaxon:3034150	1
NCBITaxon:3034157	1
NCBITaxon:3034232	1
NCBITaxon:3034234	1
NCBITaxon:3034235	1
NCBITaxon:3034352	1
NCBITaxon:3034501	2
NCBITaxon:3034648	1
NCBITaxon:3034674	1
NCBITaxon:3034714	1
NCBITaxon:3035064	1
NCBITaxon:3035188	1
NCBITaxon:3035208	1
NCBITaxon:3035291	1
NCBITaxon:303541	7
NCBITaxon:3035422	1
NCBITaxon:3035452	1
NCBITaxon:3035453	1
NCBITaxon:3035454	1
NCBITaxon:3035606	1
NCBITaxon:3035702	1
NCBITaxon:3035913	1
NCBITaxon:3035914	1
NCBITaxon:3035915	1
NCBITaxon:3035916	1
NCBITaxon:3035917	1
NCBITaxon:3035918	1
NCBITaxon:3035919	2
NCBITaxon:3035935	1
NCBITaxon:3036126	1
NCBITaxon:3036128	1
NCBITaxon:3036245	1
NCBITaxon:3036301	1
NCBITaxon:3036302	1
NCBITaxon:3036303	2
NCBITaxon:3036359	1
NCBITaxon:3036374	1
NCBITaxon:3036443	1
NCBITaxon:3036494	1
NCBITaxon:303657	1
NCBITaxon:3036711	1
NCBITaxon:3036773	1
NCBITaxon:3036903	1
NCBITaxon:3036942	1
NCBITaxon:3036945	1
NCBITaxon:303698	1
NCBITaxon:3037259	1
NCBITaxon:3037261	1
NCBITaxon:3037795	1
NCBITaxon:3037796	1
NCBITaxon:3037798	2
NCBITaxon:3037988	1
NCBITaxon:3037989	1
NCBITaxon:3038078	1
NCBITaxon:3038079	1
NCBITaxon:3038772	1
NCBITaxon:3038773	1
NCBITaxon:3038776	1
NCBITaxon:3038953	1
NCBITaxon:3039	12
NCBITaxon:3039180	1
NCBITaxon:3039283	1
NCBITaxon:3039389	2
NCBITaxon:3039681	1
NCBITaxon:3039824	1
NCBITaxon:304	12
NCBITaxon:3040074	1
NCBITaxon:3040201	1
NCBITaxon:3040346	1
NCBITaxon:3040348	1
NCBITaxon:3040349	1
NCBITaxon:3040509	1
NCBITaxon:3040598	1
NCBITaxon:304077	6
NCBITaxon:3040919	1
NCBITaxon:3040920	1
NCBITaxon:3040935	1
NCBITaxon:3040937	1
NCBITaxon:3040939	1
NCBITaxon:3041001	1
NCBITaxon:3041175	1
NCBITaxon:3041253	1
NCBITaxon:3041254	1
NCBITaxon:3041258	1
NCBITaxon:3041265	1
NCBITaxon:3041495	1
NCBITaxon:3041496	1
NCBITaxon:3041512	1
NCBITaxon:3041622	1
NCBITaxon:3041623	1
NCBITaxon:3041753	1
NCBITaxon:3041754	1
NCBITaxon:3041755	1
NCBITaxon:3041756	1
NCBITaxon:3041757	1
NCBITaxon:3041758	1
NCBITaxon:3041761	1
NCBITaxon:3041763	1
NCBITaxon:3041766	1
NCBITaxon:3041767	1
NCBITaxon:3041768	1
NCBITaxon:3041769	1
NCBITaxon:3041770	1
NCBITaxon:3041771	1
NCBITaxon:3041772	1
NCBITaxon:3041773	1
NCBITaxon:3041776	1
NCBITaxon:3041779	1
NCBITaxon:3041780	1
NCBITaxon:3041786	1
NCBITaxon:3041787	1
NCBITaxon:3041788	1
NCBITaxon:3041789	1
NCBITaxon:3041790	1
NCBITaxon:3041791	1
NCBITaxon:3041792	1
NCBITaxon:3041793	1
NCBITaxon:3041794	1
NCBITaxon:3041796	1
NCBITaxon:3041798	1
NCBITaxon:3041800	1
NCBITaxon:3041801	1
NCBITaxon:3041802	1
NCBITaxon:3041921	1
NCBITaxon:3041922	1
NCBITaxon:304202	2
NCBITaxon:3042023	1
NCBITaxon:3042024	1
NCBITaxon:3042025	1
NCBITaxon:3042027	1
NCBITaxon:3042029	1
NCBITaxon:304207	18
NCBITaxon:304208	1
NCBITaxon:304220	1
NCBITaxon:304223	1
NCBITaxon:304224	1
NCBITaxon:3042299	1
NCBITaxon:3042303	1
NCBITaxon:3042304	1
NCBITaxon:3042305	1
NCBITaxon:3042306	1
NCBITaxon:3042307	1
NCBITaxon:3042308	1
NCBITaxon:3042309	1
NCBITaxon:3042311	1
NCBITaxon:3042313	1
NCBITaxon:3042314	1
NCBITaxon:3042315	1
NCBITaxon:3042517	1
NCBITaxon:3042610	1
NCBITaxon:304268	5
NCBITaxon:3043286	1
NCBITaxon:3043293	2
NCBITaxon:3043296	2
NCBITaxon:304332	2
NCBITaxon:3043371	1
NCBITaxon:3043408	1
NCBITaxon:3043613	1
NCBITaxon:3043614	1
NCBITaxon:3043615	1
NCBITaxon:3043785	1
NCBITaxon:3043787	1
NCBITaxon:3043789	1
NCBITaxon:3043790	1
NCBITaxon:3043791	1
NCBITaxon:3043792	1
NCBITaxon:3043794	1
NCBITaxon:3043795	1
NCBITaxon:3043796	1
NCBITaxon:3043798	1
NCBITaxon:3043799	1
NCBITaxon:3043800	1
NCBITaxon:3043801	1
NCBITaxon:3043802	1
NCBITaxon:3043803	1
NCBITaxon:3043808	1
NCBITaxon:3043809	1
NCBITaxon:3043810	1
NCBITaxon:3043872	1
NCBITaxon:3043873	1
NCBITaxon:304413	3
NCBITaxon:3044166	1
NCBITaxon:304417	3
NCBITaxon:3044208	1
NCBITaxon:3044210	2
NCBITaxon:3044211	1
NCBITaxon:3044269	1
NCBITaxon:3044271	1
NCBITaxon:3044273	1
NCBITaxon:3044279	1
NCBITaxon:3044325	1
NCBITaxon:3044578	1
NCBITaxon:3045147	1
NCBITaxon:3045149	1
NCBITaxon:3045158	1
NCBITaxon:3045172	1
NCBITaxon:3045177	1
NCBITaxon:3045839	1
NCBITaxon:304587	5
NCBITaxon:3046203	1
NCBITaxon:3046274	5
NCBITaxon:3046383	1
NCBITaxon:3046593	1
NCBITaxon:3046670	1
NCBITaxon:3046726	1
NCBITaxon:3046727	1
NCBITaxon:3047466	1
NCBITaxon:3047475	1
NCBITaxon:3047478	1
NCBITaxon:304786	1
NCBITaxon:3048008	1
NCBITaxon:3048010	1
NCBITaxon:3048013	1
NCBITaxon:3048038	1
NCBITaxon:3048039	1
NCBITaxon:3048040	1
NCBITaxon:3048041	1
NCBITaxon:3048042	1
NCBITaxon:3048043	1
NCBITaxon:3048489	1
NCBITaxon:3048490	1
NCBITaxon:3048491	1
NCBITaxon:3048495	1
NCBITaxon:3048891	1
NCBITaxon:304895	2
NCBITaxon:304899	4
NCBITaxon:304901	3
NCBITaxon:3049071	3
NCBITaxon:3049073	3
NCBITaxon:3049091	1
NCBITaxon:3049108	1
NCBITaxon:3049544	1
NCBITaxon:3049774	1
NCBITaxon:3049795	1
NCBITaxon:3049801	2
NCBITaxon:305	1728
NCBITaxon:3050034	1
NCBITaxon:3050036	1
NCBITaxon:3050037	1
NCBITaxon:3050082	1
NCBITaxon:3050112	1
NCBITaxon:3050131	1
NCBITaxon:3050197	1
NCBITaxon:3050224	1
NCBITaxon:3050225	1
NCBITaxon:3050226	1
NCBITaxon:3050227	1
NCBITaxon:3050384	1
NCBITaxon:3050454	1
NCBITaxon:3050455	1
NCBITaxon:3050585	10
NCBITaxon:3050595	2
NCBITaxon:3050611	1
NCBITaxon:3050637	1
NCBITaxon:3051103	1
NCBITaxon:3051137	1
NCBITaxon:3051177	1
NCBITaxon:3051178	1
NCBITaxon:3051179	1
NCBITaxon:3051180	1
NCBITaxon:3051183	1
NCBITaxon:3051184	1
NCBITaxon:3051218	1
NCBITaxon:3051431	1
NCBITaxon:3051614	1
NCBITaxon:3051659	1
NCBITaxon:3051660	1
NCBITaxon:3051663	3
NCBITaxon:3051664	1
NCBITaxon:3051825	1
NCBITaxon:3051826	1
NCBITaxon:3053353	1
NCBITaxon:3053355	1
NCBITaxon:3053356	1
NCBITaxon:3053467	1
NCBITaxon:3053468	1
NCBITaxon:3053470	1
NCBITaxon:3053498	3
NCBITaxon:3053501	1
NCBITaxon:3053502	1
NCBITaxon:3053503	1
NCBITaxon:3053513	1
NCBITaxon:3053515	1
NCBITaxon:3053516	2
NCBITaxon:3053517	3
NCBITaxon:305355	1
NCBITaxon:3053610	2
NCBITaxon:3053923	1
NCBITaxon:3053926	1
NCBITaxon:3053982	1
NCBITaxon:305400	1
NCBITaxon:3054208	1
NCBITaxon:3054939	1
NCBITaxon:3055034	1
NCBITaxon:3055040	1
NCBITaxon:305507	3
NCBITaxon:3055079	1
NCBITaxon:3055080	1
NCBITaxon:3055148	1
NCBITaxon:305517	4
NCBITaxon:305528	2
NCBITaxon:3055817	1
NCBITaxon:3055869	2
NCBITaxon:3056444	1
NCBITaxon:3056445	1
NCBITaxon:3056648	1
NCBITaxon:3056842	1
NCBITaxon:3056844	2
NCBITaxon:3057165	1
NCBITaxon:3057166	1
NCBITaxon:305719	2
NCBITaxon:3057675	1
NCBITaxon:3057676	1
NCBITaxon:3057677	1
NCBITaxon:305793	25
NCBITaxon:3058037	1
NCBITaxon:3058038	1
NCBITaxon:3058040	1
NCBITaxon:3058044	1
NCBITaxon:3058168	1
NCBITaxon:3058365	1
NCBITaxon:3058369	1
NCBITaxon:3058370	1
NCBITaxon:3058392	1
NCBITaxon:3058393	2
NCBITaxon:3058394	1
NCBITaxon:3058395	1
NCBITaxon:3058398	1
NCBITaxon:3058400	1
NCBITaxon:3058402	1
NCBITaxon:3058419	1
NCBITaxon:3058420	1
NCBITaxon:3058421	1
NCBITaxon:3058422	1
NCBITaxon:3058424	1
NCBITaxon:3058434	1
NCBITaxon:3058596	1
NCBITaxon:3058597	1
NCBITaxon:3058598	1
NCBITaxon:3058599	1
NCBITaxon:305860	2
NCBITaxon:3058600	1
NCBITaxon:3058601	1
NCBITaxon:3058602	1
NCBITaxon:3058603	2
NCBITaxon:3058829	1
NCBITaxon:3058903	1
NCBITaxon:3058913	1
NCBITaxon:3058914	1
NCBITaxon:305895	1
NCBITaxon:3058963	1
NCBITaxon:305899	29
NCBITaxon:3058991	1
NCBITaxon:305900	3
NCBITaxon:3059035	1
NCBITaxon:3059038	1
NCBITaxon:3059076	1
NCBITaxon:3059078	1
NCBITaxon:3059402	1
NCBITaxon:305959	1
NCBITaxon:305976	4
NCBITaxon:305977	2
NCBITaxon:306	105
NCBITaxon:3060212	3
NCBITaxon:3060215	1
NCBITaxon:306026	1
NCBITaxon:3060460	1
NCBITaxon:306089	1
NCBITaxon:306091	1
NCBITaxon:306094	2
NCBITaxon:3061083	1
NCBITaxon:3061099	1
NCBITaxon:3061100	1
NCBITaxon:3061286	1
NCBITaxon:306190	1
NCBITaxon:3061949	1
NCBITaxon:306205	2
NCBITaxon:3062257	1
NCBITaxon:3062276	1
NCBITaxon:3062461	1
NCBITaxon:3062597	1
NCBITaxon:3062598	1
NCBITaxon:3062599	1
NCBITaxon:3062617	1
NCBITaxon:3062618	1
NCBITaxon:3062619	1
NCBITaxon:3062622	1
NCBITaxon:3062623	1
NCBITaxon:3062624	1
NCBITaxon:3062783	1
NCBITaxon:3063328	1
NCBITaxon:3063329	1
NCBITaxon:3063330	1
NCBITaxon:3063533	1
NCBITaxon:3063535	1
NCBITaxon:3063538	1
NCBITaxon:3063788	1
NCBITaxon:3063914	1
NCBITaxon:3063952	1
NCBITaxon:3063954	1
NCBITaxon:3063994	1
NCBITaxon:3063995	1
NCBITaxon:3063996	1
NCBITaxon:3063997	1
NCBITaxon:3063998	1
NCBITaxon:3064139	1
NCBITaxon:3064161	1
NCBITaxon:3064195	1
NCBITaxon:3064264	1
NCBITaxon:3064265	1
NCBITaxon:3064281	1
NCBITaxon:3064283	1
NCBITaxon:3064284	1
NCBITaxon:3064286	1
NCBITaxon:3064287	1
NCBITaxon:3064288	1
NCBITaxon:3064303	18
NCBITaxon:3064349	1
NCBITaxon:3064350	1
NCBITaxon:3064385	1
NCBITaxon:3064387	1
NCBITaxon:3064388	1
NCBITaxon:3064531	1
NCBITaxon:3064654	1
NCBITaxon:3064888	1
NCBITaxon:3064889	1
NCBITaxon:3064902	1
NCBITaxon:3065157	1
NCBITaxon:3065238	1
NCBITaxon:306540	5
NCBITaxon:306541	5
NCBITaxon:306542	3
NCBITaxon:306543	3
NCBITaxon:306544	5
NCBITaxon:306545	2
NCBITaxon:306546	1
NCBITaxon:306554	9
NCBITaxon:3065647	1
NCBITaxon:3065648	1
NCBITaxon:3065649	1
NCBITaxon:3065675	1
NCBITaxon:306572	6
NCBITaxon:3065809	1
NCBITaxon:3065913	1
NCBITaxon:3065941	1
NCBITaxon:3065942	1
NCBITaxon:3066130	1
NCBITaxon:3066132	1
NCBITaxon:3066133	1
NCBITaxon:3066134	1
NCBITaxon:3066135	1
NCBITaxon:3066136	1
NCBITaxon:3066137	1
NCBITaxon:3066139	1
NCBITaxon:3066140	1
NCBITaxon:3066143	1
NCBITaxon:3066144	1
NCBITaxon:3066145	1
NCBITaxon:3066146	1
NCBITaxon:3066147	1
NCBITaxon:3066148	1
NCBITaxon:3066149	1
NCBITaxon:3066150	1
NCBITaxon:3066151	1
NCBITaxon:3066152	1
NCBITaxon:3066153	1
NCBITaxon:3066154	1
NCBITaxon:3066155	1
NCBITaxon:3066156	1
NCBITaxon:3066157	1
NCBITaxon:3066158	1
NCBITaxon:3066159	1
NCBITaxon:3066160	1
NCBITaxon:3066161	1
NCBITaxon:3066162	1
NCBITaxon:3066163	1
NCBITaxon:3066164	1
NCBITaxon:3066165	1
NCBITaxon:3066166	1
NCBITaxon:3066167	1
NCBITaxon:3066168	1
NCBITaxon:3066169	1
NCBITaxon:3066170	1
NCBITaxon:3066171	1
NCBITaxon:3066172	1
NCBITaxon:3066173	1
NCBITaxon:3066174	1
NCBITaxon:3066175	1
NCBITaxon:3066176	1
NCBITaxon:3066177	1
NCBITaxon:3066178	1
NCBITaxon:3066179	1
NCBITaxon:3066180	1
NCBITaxon:3066181	1
NCBITaxon:3066182	1
NCBITaxon:3066183	1
NCBITaxon:3066184	1
NCBITaxon:3066185	1
NCBITaxon:3066186	1
NCBITaxon:3066188	1
NCBITaxon:3066189	1
NCBITaxon:3066190	1
NCBITaxon:3066191	1
NCBITaxon:3066192	1
NCBITaxon:3066193	1
NCBITaxon:3066194	1
NCBITaxon:3066195	1
NCBITaxon:3066196	1
NCBITaxon:3066197	1
NCBITaxon:3066200	1
NCBITaxon:3066201	1
NCBITaxon:3066202	1
NCBITaxon:3066203	1
NCBITaxon:3066204	1
NCBITaxon:3066205	1
NCBITaxon:3066206	1
NCBITaxon:3066207	1
NCBITaxon:3066208	1
NCBITaxon:3066209	1
NCBITaxon:3066210	1
NCBITaxon:3066211	1
NCBITaxon:3066212	1
NCBITaxon:3066213	1
NCBITaxon:3066214	1
NCBITaxon:3066215	1
NCBITaxon:3066216	1
NCBITaxon:3066217	1
NCBITaxon:3066219	1
NCBITaxon:3066221	1
NCBITaxon:3066224	1
NCBITaxon:3066235	1
NCBITaxon:3066237	1
NCBITaxon:3066238	1
NCBITaxon:3066239	1
NCBITaxon:3066247	1
NCBITaxon:3066248	1
NCBITaxon:3066249	1
NCBITaxon:3066250	1
NCBITaxon:3066251	1
NCBITaxon:3066252	1
NCBITaxon:3066253	1
NCBITaxon:3066254	1
NCBITaxon:3066255	1
NCBITaxon:3066257	1
NCBITaxon:3066258	1
NCBITaxon:3066259	1
NCBITaxon:3066260	1
NCBITaxon:3066261	1
NCBITaxon:3066262	1
NCBITaxon:3066263	1
NCBITaxon:3066265	1
NCBITaxon:3066266	1
NCBITaxon:3066267	1
NCBITaxon:3066268	1
NCBITaxon:3066269	1
NCBITaxon:3066270	1
NCBITaxon:3066271	1
NCBITaxon:3066272	1
NCBITaxon:3066273	1
NCBITaxon:3066274	1
NCBITaxon:3066275	1
NCBITaxon:3066276	1
NCBITaxon:3066277	1
NCBITaxon:3066278	1
NCBITaxon:3066279	1
NCBITaxon:3066281	1
NCBITaxon:3066282	1
NCBITaxon:3066283	1
NCBITaxon:3066284	1
NCBITaxon:3066285	1
NCBITaxon:3066286	1
NCBITaxon:3066287	1
NCBITaxon:3066288	1
NCBITaxon:3066289	1
NCBITaxon:3066290	1
NCBITaxon:3066291	1
NCBITaxon:3066292	1
NCBITaxon:3066293	1
NCBITaxon:3066294	1
NCBITaxon:3066295	1
NCBITaxon:3066296	1
NCBITaxon:3066297	1
NCBITaxon:3066299	1
NCBITaxon:3066300	1
NCBITaxon:3066301	1
NCBITaxon:3066302	1
NCBITaxon:3066303	1
NCBITaxon:3066304	1
NCBITaxon:3066305	1
NCBITaxon:3066306	1
NCBITaxon:3066307	1
NCBITaxon:3066310	1
NCBITaxon:3066311	1
NCBITaxon:3066312	1
NCBITaxon:3066313	1
NCBITaxon:3066314	1
NCBITaxon:3066315	1
NCBITaxon:3066316	1
NCBITaxon:3066319	1
NCBITaxon:3066320	1
NCBITaxon:3066321	1
NCBITaxon:3066322	1
NCBITaxon:3066324	1
NCBITaxon:3066325	1
NCBITaxon:3066326	1
NCBITaxon:3066327	1
NCBITaxon:3066345	1
NCBITaxon:3066369	1
NCBITaxon:3067307	1
NCBITaxon:3067309	1
NCBITaxon:3067311	1
NCBITaxon:3067653	1
NCBITaxon:3067780	3
NCBITaxon:3068273	1
NCBITaxon:3068275	1
NCBITaxon:3068305	1
NCBITaxon:3068306	1
NCBITaxon:3068307	1
NCBITaxon:3068310	1
NCBITaxon:3068321	1
NCBITaxon:3068338	2
NCBITaxon:3068341	2
NCBITaxon:3068506	1
NCBITaxon:3068632	1
NCBITaxon:3068633	1
NCBITaxon:3068634	1
NCBITaxon:3068891	1
NCBITaxon:3069118	1
NCBITaxon:3069264	1
NCBITaxon:3069269	2
NCBITaxon:3069608	1
NCBITaxon:3069686	3
NCBITaxon:3069689	3
NCBITaxon:3069691	4
NCBITaxon:3069710	1
NCBITaxon:3069725	1
NCBITaxon:3069751	1
NCBITaxon:3069752	1
NCBITaxon:3069753	1
NCBITaxon:3069754	1
NCBITaxon:3070657	1
NCBITaxon:3070683	1
NCBITaxon:3070815	1
NCBITaxon:3070818	1
NCBITaxon:3070998	1
NCBITaxon:307119	6
NCBITaxon:307120	6
NCBITaxon:307121	5
NCBITaxon:307124	4
NCBITaxon:307126	6
NCBITaxon:3071408	1
NCBITaxon:3071409	1
NCBITaxon:3071446	1
NCBITaxon:3071448	1
NCBITaxon:3071451	1
NCBITaxon:3072309	1
NCBITaxon:3072311	1
NCBITaxon:3072313	1
NCBITaxon:3072314	1
NCBITaxon:3072316	1
NCBITaxon:3072319	1
NCBITaxon:3072323	1
NCBITaxon:307249	1
NCBITaxon:3072994	1
NCBITaxon:3073042	1
NCBITaxon:3073143	1
NCBITaxon:3073239	1
NCBITaxon:3073267	1
NCBITaxon:3073561	1
NCBITaxon:3073563	1
NCBITaxon:3073602	1
NCBITaxon:3073603	1
NCBITaxon:3073604	1
NCBITaxon:3073652	1
NCBITaxon:3073653	1
NCBITaxon:3073654	1
NCBITaxon:3073814	1
NCBITaxon:3073862	1
NCBITaxon:3073890	1
NCBITaxon:3073902	1
NCBITaxon:3074079	1
NCBITaxon:3074111	1
NCBITaxon:3074124	1
NCBITaxon:3074380	1
NCBITaxon:3074433	1
NCBITaxon:307480	16
NCBITaxon:3074822	1
NCBITaxon:307483	1
NCBITaxon:3074855	1
NCBITaxon:307486	4
NCBITaxon:3074860	1
NCBITaxon:307497	4
NCBITaxon:307502	4
NCBITaxon:3075120	1
NCBITaxon:3075121	1
NCBITaxon:3075122	1
NCBITaxon:3075123	1
NCBITaxon:3075124	1
NCBITaxon:307521	5
NCBITaxon:3075226	1
NCBITaxon:3075434	1
NCBITaxon:3075516	1
NCBITaxon:3075518	1
NCBITaxon:3075519	1
NCBITaxon:3075520	1
NCBITaxon:3075521	1
NCBITaxon:3075523	1
NCBITaxon:3075524	1
NCBITaxon:3075527	1
NCBITaxon:3075528	1
NCBITaxon:3075529	1
NCBITaxon:3075530	1
NCBITaxon:3075532	1
NCBITaxon:3075533	1
NCBITaxon:3075535	1
NCBITaxon:3075536	1
NCBITaxon:3075538	1
NCBITaxon:3075539	1
NCBITaxon:3075540	1
NCBITaxon:3075541	1
NCBITaxon:3075542	1
NCBITaxon:3075543	1
NCBITaxon:3075544	1
NCBITaxon:3075545	1
NCBITaxon:3075547	1
NCBITaxon:3075589	1
NCBITaxon:3075590	1
NCBITaxon:3075591	1
NCBITaxon:3075592	1
NCBITaxon:3075593	1
NCBITaxon:3075594	1
NCBITaxon:3075595	1
NCBITaxon:3075596	1
NCBITaxon:3075597	1
NCBITaxon:3075598	1
NCBITaxon:3075599	1
NCBITaxon:3075600	1
NCBITaxon:3075602	1
NCBITaxon:3075603	1
NCBITaxon:3075604	1
NCBITaxon:3075605	1
NCBITaxon:3075607	1
NCBITaxon:3075608	1
NCBITaxon:3075609	1
NCBITaxon:3075611	1
NCBITaxon:3075612	1
NCBITaxon:3075618	2
NCBITaxon:3075620	2
NCBITaxon:307580	7
NCBITaxon:3075823	1
NCBITaxon:3075834	1
NCBITaxon:3075838	1
NCBITaxon:3075992	4
NCBITaxon:3075993	1
NCBITaxon:3075994	1
NCBITaxon:3076079	1
NCBITaxon:3076114	1
NCBITaxon:3076224	1
NCBITaxon:307627	1
NCBITaxon:307628	1
NCBITaxon:3076378	1
NCBITaxon:307643	5
NCBITaxon:3076534	1
NCBITaxon:3076557	1
NCBITaxon:3076558	1
NCBITaxon:3077127	1
NCBITaxon:3077233	1
NCBITaxon:3077234	1
NCBITaxon:3077235	1
NCBITaxon:3077331	1
NCBITaxon:307758	2
NCBITaxon:3077782	1
NCBITaxon:3077915	1
NCBITaxon:3077916	1
NCBITaxon:3077917	1
NCBITaxon:3077918	1
NCBITaxon:3077919	1
NCBITaxon:3077920	1
NCBITaxon:3077921	1
NCBITaxon:3077922	1
NCBITaxon:3077923	1
NCBITaxon:3077924	1
NCBITaxon:3077925	1
NCBITaxon:3077926	1
NCBITaxon:3077928	1
NCBITaxon:3077929	1
NCBITaxon:3077930	1
NCBITaxon:3077933	1
NCBITaxon:3077936	1
NCBITaxon:3077937	1
NCBITaxon:3077941	1
NCBITaxon:3077944	1
NCBITaxon:3077946	1
NCBITaxon:3077948	1
NCBITaxon:3077949	1
NCBITaxon:3077951	1
NCBITaxon:3077953	1
NCBITaxon:3077954	1
NCBITaxon:3077956	1
NCBITaxon:3077957	1
NCBITaxon:3078042	1
NCBITaxon:3078083	1
NCBITaxon:3078565	1
NCBITaxon:3078812	12
NCBITaxon:3078876	1
NCBITaxon:3078878	1
NCBITaxon:3078879	1
NCBITaxon:3078881	1
NCBITaxon:3079009	1
NCBITaxon:3079010	1
NCBITaxon:3079305	2
NCBITaxon:3079312	1
NCBITaxon:3079314	1
NCBITaxon:307937	2
NCBITaxon:3079769	1
NCBITaxon:3079856	1
NCBITaxon:3079858	2
NCBITaxon:3079930	1
NCBITaxon:3079935	1
NCBITaxon:3080016	1
NCBITaxon:3080018	2
NCBITaxon:3080055	2
NCBITaxon:3080276	1
NCBITaxon:3080329	1
NCBITaxon:3080537	1
NCBITaxon:3080540	1
NCBITaxon:3080660	1
NCBITaxon:3080683	1
NCBITaxon:3080827	1
NCBITaxon:3080828	1
NCBITaxon:3080963	1
NCBITaxon:3080964	1
NCBITaxon:308111	5
NCBITaxon:308113	2
NCBITaxon:3081130	1
NCBITaxon:3081148	1
NCBITaxon:308116	1
NCBITaxon:308117	1
NCBITaxon:3081200	1
NCBITaxon:3081201	1
NCBITaxon:3081440	1
NCBITaxon:3081441	1
NCBITaxon:3081444	1
NCBITaxon:308163	3
NCBITaxon:3081749	1
NCBITaxon:3081751	1
NCBITaxon:3082206	2
NCBITaxon:3082388	1
NCBITaxon:3082520	1
NCBITaxon:3082862	1
NCBITaxon:3082863	1
NCBITaxon:3082953	1
NCBITaxon:3082954	1
NCBITaxon:3083063	1
NCBITaxon:3083254	1
NCBITaxon:308354	22
NCBITaxon:3084920	1
NCBITaxon:3085167	1
NCBITaxon:3085177	1
NCBITaxon:308745	2
NCBITaxon:308752	1
NCBITaxon:3088378	1
NCBITaxon:308853	2
NCBITaxon:3088673	1
NCBITaxon:3088717	1
NCBITaxon:308892	5
NCBITaxon:308923	1
NCBITaxon:308924	1
NCBITaxon:308994	1
NCBITaxon:3090663	1
NCBITaxon:3090668	1
NCBITaxon:309120	4
NCBITaxon:3092156	1
NCBITaxon:3092550	1
NCBITaxon:3092662	1
NCBITaxon:3092664	1
NCBITaxon:309358	2
NCBITaxon:3093657	1
NCBITaxon:3093658	1
NCBITaxon:3093659	1
NCBITaxon:3093670	1
NCBITaxon:3095028	1
NCBITaxon:3095075	1
NCBITaxon:3095076	1
NCBITaxon:3095078	1
NCBITaxon:3095079	1
NCBITaxon:3095082	1
NCBITaxon:3095367	1
NCBITaxon:3095368	1
NCBITaxon:3095429	1
NCBITaxon:3095430	1
NCBITaxon:3095431	1
NCBITaxon:3097367	1
NCBITaxon:309737	1
NCBITaxon:309746	1
NCBITaxon:3097554	1
NCBITaxon:309788	3
NCBITaxon:3097961	1
NCBITaxon:309797	2
NCBITaxon:309799	3
NCBITaxon:309800	2
NCBITaxon:309801	1
NCBITaxon:309803	1
NCBITaxon:309805	2
NCBITaxon:309806	2
NCBITaxon:309807	2
NCBITaxon:3098075	1
NCBITaxon:3098076	1
NCBITaxon:3098077	1
NCBITaxon:3098138	1
NCBITaxon:3098149	1
NCBITaxon:3098223	1
NCBITaxon:3098602	1
NCBITaxon:3098603	1
NCBITaxon:3098619	1
NCBITaxon:3098620	1
NCBITaxon:309868	1
NCBITaxon:309883	2
NCBITaxon:309884	2
NCBITaxon:309885	6
NCBITaxon:309886	5
NCBITaxon:309887	5
NCBITaxon:309888	5
NCBITaxon:309889	4
NCBITaxon:309890	2
NCBITaxon:309891	6
NCBITaxon:3098914	1
NCBITaxon:3098930	1
NCBITaxon:31	1
NCBITaxon:3100113	1
NCBITaxon:3100228	3
NCBITaxon:3100283	1
NCBITaxon:310037	1
NCBITaxon:310047	2
NCBITaxon:310071	1
NCBITaxon:3101447	4
NCBITaxon:3101750	1
NCBITaxon:3101751	1
NCBITaxon:310283	3
NCBITaxon:310288	1
NCBITaxon:310297	38
NCBITaxon:310298	29
NCBITaxon:310300	24
NCBITaxon:3103134	1
NCBITaxon:3103137	1
NCBITaxon:3103142	1
NCBITaxon:3103145	1
NCBITaxon:310353	4
NCBITaxon:310354	4
NCBITaxon:310355	4
NCBITaxon:3103948	1
NCBITaxon:3103958	1
NCBITaxon:310400	5
NCBITaxon:3104292	1
NCBITaxon:310453	14
NCBITaxon:310468	1
NCBITaxon:310514	7
NCBITaxon:310575	6
NCBITaxon:310581	1
NCBITaxon:3106030	1
NCBITaxon:3106031	1
NCBITaxon:3106033	1
NCBITaxon:3106034	1
NCBITaxon:3106036	1
NCBITaxon:310608	1
NCBITaxon:3106827	2
NCBITaxon:3107146	4
NCBITaxon:310721	1
NCBITaxon:3107663	8
NCBITaxon:310767	2
NCBITaxon:310769	5
NCBITaxon:310779	4
NCBITaxon:310780	5
NCBITaxon:310781	4
NCBITaxon:310782	4
NCBITaxon:310783	5
NCBITaxon:3108168	1
NCBITaxon:3108223	1
NCBITaxon:3108399	1
NCBITaxon:3108450	1
NCBITaxon:3108486	1
NCBITaxon:3108497	1
NCBITaxon:3108498	1
NCBITaxon:3108499	1
NCBITaxon:3108500	1
NCBITaxon:3108533	1
NCBITaxon:3108534	1
NCBITaxon:3108543	1
NCBITaxon:3108754	1
NCBITaxon:3109030	1
NCBITaxon:310910	26
NCBITaxon:3109564	1
NCBITaxon:3109565	1
NCBITaxon:3109584	1
NCBITaxon:3109744	1
NCBITaxon:3110173	1
NCBITaxon:3110225	1
NCBITaxon:3110228	1
NCBITaxon:3110229	1
NCBITaxon:3110235	1
NCBITaxon:3110268	1
NCBITaxon:3110288	1
NCBITaxon:3110330	1
NCBITaxon:3110430	1
NCBITaxon:3110435	1
NCBITaxon:3110539	1
NCBITaxon:3110766	1
NCBITaxon:3110772	1
NCBITaxon:311114	2
NCBITaxon:3111310	1
NCBITaxon:3111414	1
NCBITaxon:3111453	1
NCBITaxon:3111456	1
NCBITaxon:3111522	1
NCBITaxon:3111523	1
NCBITaxon:3111773	1
NCBITaxon:3111775	1
NCBITaxon:3111776	1
NCBITaxon:3111777	1
NCBITaxon:311180	9
NCBITaxon:311181	1
NCBITaxon:311182	4
NCBITaxon:3111861	1
NCBITaxon:311194	4
NCBITaxon:311204	1
NCBITaxon:311208	2
NCBITaxon:3112164	1
NCBITaxon:3112251	1
NCBITaxon:311230	5
NCBITaxon:311231	6
NCBITaxon:311234	4
NCBITaxon:311235	4
NCBITaxon:311239	5
NCBITaxon:311241	1
NCBITaxon:3112552	1
NCBITaxon:3112843	1
NCBITaxon:311333	4
NCBITaxon:311334	4
NCBITaxon:3113724	1
NCBITaxon:311385	2
NCBITaxon:311387	1
NCBITaxon:3113904	1
NCBITaxon:3113905	1
NCBITaxon:3113906	1
NCBITaxon:3113984	1
NCBITaxon:311410	7
NCBITaxon:3114367	1
NCBITaxon:3114371	1
NCBITaxon:3114390	1
NCBITaxon:3114394	1
NCBITaxon:311458	1
NCBITaxon:311460	3
NCBITaxon:3114758	1
NCBITaxon:3114879	1
NCBITaxon:311491	1
NCBITaxon:311494	1
NCBITaxon:3115209	1
NCBITaxon:3115221	1
NCBITaxon:3115222	1
NCBITaxon:3115291	1
NCBITaxon:3115292	1
NCBITaxon:3115293	1
NCBITaxon:3115294	1
NCBITaxon:3115295	1
NCBITaxon:3115296	1
NCBITaxon:3115297	1
NCBITaxon:3115352	1
NCBITaxon:3115591	1
NCBITaxon:3115614	1
NCBITaxon:3115615	1
NCBITaxon:3115616	1
NCBITaxon:3115617	1
NCBITaxon:3115646	1
NCBITaxon:3115649	1
NCBITaxon:3115651	1
NCBITaxon:3115820	1
NCBITaxon:3115822	1
NCBITaxon:3115852	1
NCBITaxon:3115853	1
NCBITaxon:3115855	1
NCBITaxon:3116574	1
NCBITaxon:3116575	1
NCBITaxon:3116651	1
NCBITaxon:3116777	1
NCBITaxon:3117012	1
NCBITaxon:3117459	1
NCBITaxon:3117552	1
NCBITaxon:3117728	1
NCBITaxon:3117730	1
NCBITaxon:3117733	1
NCBITaxon:3117745	1
NCBITaxon:3117746	1
NCBITaxon:3117747	1
NCBITaxon:311789	2
NCBITaxon:3118054	1
NCBITaxon:3118105	1
NCBITaxon:3118145	1
NCBITaxon:3118332	1
NCBITaxon:3118333	1
NCBITaxon:3118588	1
NCBITaxon:3118750	1
NCBITaxon:3119006	1
NCBITaxon:3119007	1
NCBITaxon:3119057	1
NCBITaxon:3119164	1
NCBITaxon:3119530	1
NCBITaxon:3119538	1
NCBITaxon:3119819	1
NCBITaxon:3119828	1
NCBITaxon:3119832	3
NCBITaxon:3119917	1
NCBITaxon:312017	2
NCBITaxon:312026	4
NCBITaxon:3120506	1
NCBITaxon:3120507	1
NCBITaxon:3120522	4
NCBITaxon:312089	5
NCBITaxon:3121275	1
NCBITaxon:312153	1
NCBITaxon:3121537	1
NCBITaxon:3121582	1
NCBITaxon:3121606	14
NCBITaxon:3121635	1
NCBITaxon:3121636	1
NCBITaxon:3121637	1
NCBITaxon:312168	5
NCBITaxon:312175	2
NCBITaxon:3122049	1
NCBITaxon:3122050	1
NCBITaxon:3122051	1
NCBITaxon:312226	1
NCBITaxon:312227	3
NCBITaxon:312228	1
NCBITaxon:3122420	1
NCBITaxon:312253	3
NCBITaxon:312277	2
NCBITaxon:312279	3
NCBITaxon:312285	4
NCBITaxon:312286	4
NCBITaxon:3123038	1
NCBITaxon:3123040	1
NCBITaxon:312306	10
NCBITaxon:312309	1
NCBITaxon:3123317	1
NCBITaxon:3123374	1
NCBITaxon:312341	1
NCBITaxon:312343	1
NCBITaxon:312471	1
NCBITaxon:312539	7
NCBITaxon:312540	3
NCBITaxon:3126038	1
NCBITaxon:3126357	1
NCBITaxon:3126503	1
NCBITaxon:3126504	1
NCBITaxon:3126508	1
NCBITaxon:3126690	1
NCBITaxon:31271	4
NCBITaxon:3127102	1
NCBITaxon:3127106	1
NCBITaxon:3127110	1
NCBITaxon:3127115	1
NCBITaxon:3127122	1
NCBITaxon:3127138	1
NCBITaxon:3127148	1
NCBITaxon:3127159	1
NCBITaxon:3127164	1
NCBITaxon:3127172	1
NCBITaxon:312720	5
NCBITaxon:31274	1
NCBITaxon:3127457	1
NCBITaxon:3127512	1
NCBITaxon:31276	1
NCBITaxon:3127665	1
NCBITaxon:3127667	1
NCBITaxon:3127701	1
NCBITaxon:3127706	1
NCBITaxon:31286	1
NCBITaxon:3128903	1
NCBITaxon:3128904	1
NCBITaxon:3128980	1
NCBITaxon:3128981	1
NCBITaxon:3129231	1
NCBITaxon:3129232	1
NCBITaxon:3129233	1
NCBITaxon:3129297	1
NCBITaxon:313007	4
NCBITaxon:3131913	1
NCBITaxon:3131933	1
NCBITaxon:3131934	1
NCBITaxon:3131935	1
NCBITaxon:3131936	1
NCBITaxon:3131937	1
NCBITaxon:3131938	1
NCBITaxon:3131939	1
NCBITaxon:3131993	1
NCBITaxon:3131996	1
NCBITaxon:3131999	1
NCBITaxon:3132096	1
NCBITaxon:31324	1
NCBITaxon:3132747	1
NCBITaxon:3133146	1
NCBITaxon:3133147	1
NCBITaxon:3133148	1
NCBITaxon:3133152	1
NCBITaxon:3133153	1
NCBITaxon:3133154	1
NCBITaxon:3133155	1
NCBITaxon:3133156	1
NCBITaxon:3133157	1
NCBITaxon:3133158	1
NCBITaxon:3133159	1
NCBITaxon:3133161	1
NCBITaxon:3133162	1
NCBITaxon:3133163	1
NCBITaxon:3133164	1
NCBITaxon:3133165	1
NCBITaxon:3133166	1
NCBITaxon:3133167	1
NCBITaxon:3133170	1
NCBITaxon:3133171	1
NCBITaxon:3133172	1
NCBITaxon:3133173	1
NCBITaxon:3133174	1
NCBITaxon:3133175	1
NCBITaxon:3133177	1
NCBITaxon:3133178	1
NCBITaxon:3133267	1
NCBITaxon:3133399	1
NCBITaxon:3133422	1
NCBITaxon:3133425	1
NCBITaxon:3133430	1
NCBITaxon:3133431	1
NCBITaxon:3133435	1
NCBITaxon:3133436	1
NCBITaxon:3133439	1
NCBITaxon:3133440	1
NCBITaxon:3133441	1
NCBITaxon:3133495	1
NCBITaxon:3133499	1
NCBITaxon:313367	5
NCBITaxon:313368	4
NCBITaxon:313369	5
NCBITaxon:313370	1
NCBITaxon:313382	1
NCBITaxon:3133966	1
NCBITaxon:3133970	1
NCBITaxon:3133971	1
NCBITaxon:3133972	1
NCBITaxon:3133977	1
NCBITaxon:3134029	1
NCBITaxon:3134048	1
NCBITaxon:3134111	1
NCBITaxon:3134136	1
NCBITaxon:313439	3
NCBITaxon:3134906	1
NCBITaxon:3135280	1
NCBITaxon:31354	1
NCBITaxon:313590	1
NCBITaxon:3135945	1
NCBITaxon:3136254	1
NCBITaxon:3136255	1
NCBITaxon:3136256	1
NCBITaxon:3136257	1
NCBITaxon:3136559	1
NCBITaxon:3136601	1
NCBITaxon:3136602	3
NCBITaxon:3136731	1
NCBITaxon:3136736	1
NCBITaxon:3136737	1
NCBITaxon:3136738	1
NCBITaxon:3136739	1
NCBITaxon:3137122	1
NCBITaxon:3137368	1
NCBITaxon:3137369	1
NCBITaxon:3137370	1
NCBITaxon:3137470	1
NCBITaxon:3137852	1
NCBITaxon:3137857	1
NCBITaxon:3137860	1
NCBITaxon:3138075	1
NCBITaxon:3138077	1
NCBITaxon:3138240	1
NCBITaxon:3138810	1
NCBITaxon:3138811	1
NCBITaxon:3138934	1
NCBITaxon:3138935	1
NCBITaxon:3139139	1
NCBITaxon:3139140	1
NCBITaxon:3139141	1
NCBITaxon:3139143	1
NCBITaxon:3139144	1
NCBITaxon:3139309	1
NCBITaxon:3139310	1
NCBITaxon:3139311	1
NCBITaxon:3139312	1
NCBITaxon:3139313	1
NCBITaxon:3139314	1
NCBITaxon:3139315	1
NCBITaxon:3139316	1
NCBITaxon:3139317	1
NCBITaxon:3139318	1
NCBITaxon:3139319	1
NCBITaxon:3139320	1
NCBITaxon:3139321	1
NCBITaxon:3139322	1
NCBITaxon:3139323	1
NCBITaxon:3139324	1
NCBITaxon:3139326	1
NCBITaxon:3139327	1
NCBITaxon:3139328	1
NCBITaxon:3139329	1
NCBITaxon:3139330	1
NCBITaxon:3139331	1
NCBITaxon:3139332	1
NCBITaxon:3139333	1
NCBITaxon:3139334	1
NCBITaxon:3139335	1
NCBITaxon:3139336	1
NCBITaxon:3139337	1
NCBITaxon:3139408	1
NCBITaxon:3139421	1
NCBITaxon:313985	3
NCBITaxon:3139917	1
NCBITaxon:314023	2
NCBITaxon:3140241	1
NCBITaxon:3140248	1
NCBITaxon:3140254	1
NCBITaxon:314027	1
NCBITaxon:314031	1
NCBITaxon:314037	1
NCBITaxon:314038	1
NCBITaxon:314040	1
NCBITaxon:314043	1
NCBITaxon:3140787	1
NCBITaxon:3140788	1
NCBITaxon:314092	3
NCBITaxon:314119	1
NCBITaxon:314127	1
NCBITaxon:3141448	1
NCBITaxon:3141764	1
NCBITaxon:3141789	1
NCBITaxon:314200	3
NCBITaxon:314202	3
NCBITaxon:314229	2
NCBITaxon:314235	2
NCBITaxon:314236	2
NCBITaxon:314237	2
NCBITaxon:314238	4
NCBITaxon:3142537	1
NCBITaxon:314254	1
NCBITaxon:314255	4
NCBITaxon:314258	1
NCBITaxon:314261	1
NCBITaxon:314263	2
NCBITaxon:314270	1
NCBITaxon:314275	13
NCBITaxon:314281	1
NCBITaxon:314287	1
NCBITaxon:314289	1
NCBITaxon:3142938	1
NCBITaxon:3142973	1
NCBITaxon:314315	1
NCBITaxon:314342	1
NCBITaxon:314343	4
NCBITaxon:3143436	1
NCBITaxon:314344	2
NCBITaxon:3143496	1
NCBITaxon:3143534	1
NCBITaxon:3143536	1
NCBITaxon:3143552	1
NCBITaxon:3144104	1
NCBITaxon:3144168	1
NCBITaxon:3144416	1
NCBITaxon:3144663	1
NCBITaxon:3144664	1
NCBITaxon:3144668	1
NCBITaxon:3144874	1
NCBITaxon:3145232	1
NCBITaxon:3145238	1
NCBITaxon:3145239	1
NCBITaxon:314552	1
NCBITaxon:314554	1
NCBITaxon:314565	1
NCBITaxon:314607	1
NCBITaxon:314722	7
NCBITaxon:3149041	1
NCBITaxon:3149042	1
NCBITaxon:3149043	1
NCBITaxon:3149053	1
NCBITaxon:3149179	1
NCBITaxon:3149227	1
NCBITaxon:3151122	1
NCBITaxon:3151123	1
NCBITaxon:3151487	1
NCBITaxon:3151832	1
NCBITaxon:315203	1
NCBITaxon:3152295	1
NCBITaxon:3152360	1
NCBITaxon:315277	1
NCBITaxon:3153252	1
NCBITaxon:3153578	1
NCBITaxon:3153579	1
NCBITaxon:315358	3
NCBITaxon:3153752	1
NCBITaxon:3153754	1
NCBITaxon:3153927	1
NCBITaxon:3153928	1
NCBITaxon:315405	361
NCBITaxon:315421	1
NCBITaxon:315423	3
NCBITaxon:3154512	1
NCBITaxon:315456	1
NCBITaxon:315478	3
NCBITaxon:3155929	1
NCBITaxon:3156152	1
NCBITaxon:3156397	1
NCBITaxon:3156398	1
NCBITaxon:3156488	1
NCBITaxon:3156607	1
NCBITaxon:3156615	1
NCBITaxon:3156617	1
NCBITaxon:3156618	1
NCBITaxon:315730	1
NCBITaxon:315749	3
NCBITaxon:315750	10
NCBITaxon:3157707	1
NCBITaxon:3157708	1
NCBITaxon:3157709	1
NCBITaxon:3157917	1
NCBITaxon:3157996	1
NCBITaxon:3158555	2
NCBITaxon:3158557	1
NCBITaxon:3158558	1
NCBITaxon:3158560	1
NCBITaxon:3158561	1
NCBITaxon:3158562	1
NCBITaxon:3158571	1
NCBITaxon:3158572	1
NCBITaxon:315946	1
NCBITaxon:316	532
NCBITaxon:316068	2
NCBITaxon:3160839	1
NCBITaxon:3160841	1
NCBITaxon:3160842	1
NCBITaxon:3160864	1
NCBITaxon:3160968	1
NCBITaxon:3161138	31
NCBITaxon:3161188	1
NCBITaxon:3161189	1
NCBITaxon:3162458	1
NCBITaxon:3162488	1
NCBITaxon:3162531	1
NCBITaxon:316273	1
NCBITaxon:316274	1
NCBITaxon:316276	2
NCBITaxon:316277	7
NCBITaxon:316280	1
NCBITaxon:3163295	1
NCBITaxon:3163296	1
NCBITaxon:3163297	1
NCBITaxon:3163298	1
NCBITaxon:3163299	1
NCBITaxon:3163327	1
NCBITaxon:3163344	1
NCBITaxon:316335	6
NCBITaxon:316385	6
NCBITaxon:316407	2
NCBITaxon:316997	2
NCBITaxon:317	2912
NCBITaxon:3170016	1
NCBITaxon:317010	6
NCBITaxon:317013	32
NCBITaxon:317015	2
NCBITaxon:317019	5
NCBITaxon:317029	1
NCBITaxon:317048	1
NCBITaxon:317574	1
NCBITaxon:317575	1
NCBITaxon:317577	6
NCBITaxon:317619	2
NCBITaxon:317658	3
NCBITaxon:317659	1
NCBITaxon:317661	1
NCBITaxon:317664	6
NCBITaxon:317735	4
NCBITaxon:3177515	1
NCBITaxon:318	38
NCBITaxon:318193	1
NCBITaxon:318424	6
NCBITaxon:318425	4
NCBITaxon:318434	3
NCBITaxon:318456	24
NCBITaxon:318464	4
NCBITaxon:318465	1
NCBITaxon:318599	1
NCBITaxon:318678	1
NCBITaxon:318683	4
NCBITaxon:31870	2
NCBITaxon:318710	1
NCBITaxon:318751	2
NCBITaxon:318829	114
NCBITaxon:31899	24
NCBITaxon:319	34
NCBITaxon:319054	4
NCBITaxon:319061	1
NCBITaxon:319062	1
NCBITaxon:31910	3
NCBITaxon:319238	5
NCBITaxon:31932	9
NCBITaxon:31943	42
NCBITaxon:319475	1
NCBITaxon:31953	3
NCBITaxon:31954	3
NCBITaxon:31958	111
NCBITaxon:31959	11
NCBITaxon:31962	10
NCBITaxon:319626	1
NCBITaxon:319627	1
NCBITaxon:31963	7
NCBITaxon:319630	1
NCBITaxon:319631	2
NCBITaxon:319633	3
NCBITaxon:31964	2
NCBITaxon:319644	1
NCBITaxon:31965	3
NCBITaxon:319652	3
NCBITaxon:319653	15
NCBITaxon:31967	1
NCBITaxon:31969	13
NCBITaxon:319701	1
NCBITaxon:319705	101
NCBITaxon:319706	4
NCBITaxon:319707	6
NCBITaxon:319709	1
NCBITaxon:31971	7
NCBITaxon:31973	8
NCBITaxon:31977	3
NCBITaxon:31979	40
NCBITaxon:31989	154
NCBITaxon:31993	1
NCBITaxon:319939	21
NCBITaxon:319942	2
NCBITaxon:319947	5
NCBITaxon:31995	1
NCBITaxon:31996	3
NCBITaxon:319970	7
NCBITaxon:31998	48
NCBITaxon:32001	2
NCBITaxon:32002	143
NCBITaxon:320024	1
NCBITaxon:32003	9
NCBITaxon:32008	87
NCBITaxon:32009	3
NCBITaxon:32010	1
NCBITaxon:32011	15
NCBITaxon:32012	1
NCBITaxon:32013	144
NCBITaxon:320150	4
NCBITaxon:32016	2
NCBITaxon:32019	17
NCBITaxon:32020	8
NCBITaxon:32021	3
NCBITaxon:32022	190
NCBITaxon:32023	1
NCBITaxon:32024	1
NCBITaxon:32025	18
NCBITaxon:320324	12
NCBITaxon:320326	1
NCBITaxon:32033	21
NCBITaxon:32040	3
NCBITaxon:32042	3
NCBITaxon:32045	1
NCBITaxon:32046	23
NCBITaxon:32047	1
NCBITaxon:320483	2
NCBITaxon:32049	13
NCBITaxon:320500	1
NCBITaxon:320502	3
NCBITaxon:32051	1
NCBITaxon:32054	5
NCBITaxon:320583	1
NCBITaxon:32061	27
NCBITaxon:32062	6
NCBITaxon:32064	1
NCBITaxon:32066	3
NCBITaxon:320662	1
NCBITaxon:32067	9
NCBITaxon:320756	2
NCBITaxon:320778	6
NCBITaxon:320787	2
NCBITaxon:320799	3
NCBITaxon:320872	1
NCBITaxon:320909	4
NCBITaxon:320912	4
NCBITaxon:321	50
NCBITaxon:321146	1
NCBITaxon:321184	1
NCBITaxon:321259	1
NCBITaxon:321265	3
NCBITaxon:321266	3
NCBITaxon:321267	5
NCBITaxon:321268	1
NCBITaxon:321269	4
NCBITaxon:321314	1
NCBITaxon:321316	4
NCBITaxon:321317	3
NCBITaxon:321318	17
NCBITaxon:321325	5
NCBITaxon:321339	4
NCBITaxon:321661	5
NCBITaxon:321662	18
NCBITaxon:321763	4
NCBITaxon:321846	44
NCBITaxon:321852	1
NCBITaxon:321895	13
NCBITaxon:321956	1
NCBITaxon:321961	1
NCBITaxon:321982	4
NCBITaxon:321983	4
NCBITaxon:321984	4
NCBITaxon:321985	4
NCBITaxon:32199	2
NCBITaxon:322	10
NCBITaxon:322009	1
NCBITaxon:32205	1
NCBITaxon:32207	2
NCBITaxon:322095	8
NCBITaxon:322098	1
NCBITaxon:322159	1
NCBITaxon:322163	4
NCBITaxon:322416	1
NCBITaxon:322505	24
NCBITaxon:322508	4
NCBITaxon:322509	8
NCBITaxon:322596	5
NCBITaxon:322601	6
NCBITaxon:322602	5
NCBITaxon:322610	2
NCBITaxon:322710	1
NCBITaxon:3228750	1
NCBITaxon:3228789	1
NCBITaxon:3228790	1
NCBITaxon:3228926	1
NCBITaxon:3228928	1
NCBITaxon:3229225	1
NCBITaxon:3229854	1
NCBITaxon:3229863	1
NCBITaxon:323	10
NCBITaxon:3230026	1
NCBITaxon:3230298	1
NCBITaxon:3230299	1
NCBITaxon:3230414	1
NCBITaxon:3230415	1
NCBITaxon:3230416	1
NCBITaxon:3230736	1
NCBITaxon:3230739	1
NCBITaxon:3231269	1
NCBITaxon:3231367	1
NCBITaxon:3231482	1
NCBITaxon:3231483	1
NCBITaxon:3231492	1
NCBITaxon:3231602	1
NCBITaxon:3231893	1
NCBITaxon:3231907	1
NCBITaxon:3231926	1
NCBITaxon:3232308	1
NCBITaxon:323261	1
NCBITaxon:323273	3
NCBITaxon:323284	4
NCBITaxon:3233375	1
NCBITaxon:3234027	1
NCBITaxon:323412	3
NCBITaxon:3234132	1
NCBITaxon:323415	1
NCBITaxon:3234185	1
NCBITaxon:3234186	1
NCBITaxon:323423	4
NCBITaxon:323426	1
NCBITaxon:323450	2
NCBITaxon:3234852	1
NCBITaxon:3235173	1
NCBITaxon:323533	1
NCBITaxon:323540	2
NCBITaxon:323545	1
NCBITaxon:323548	1
NCBITaxon:323620	3
NCBITaxon:323621	4
NCBITaxon:323653	1
NCBITaxon:323654	2
NCBITaxon:323655	34
NCBITaxon:323656	23
NCBITaxon:3236666	1
NCBITaxon:3236804	1
NCBITaxon:3236844	1
NCBITaxon:3236919	1
NCBITaxon:3236936	1
NCBITaxon:3237104	1
NCBITaxon:3237105	1
NCBITaxon:3237239	1
NCBITaxon:323732	1
NCBITaxon:3237418	1
NCBITaxon:323761	5
NCBITaxon:3237697	1
NCBITaxon:3238301	1
NCBITaxon:3238302	1
NCBITaxon:323850	1
NCBITaxon:3238584	1
NCBITaxon:3238810	1
NCBITaxon:3238985	1
NCBITaxon:3238987	1
NCBITaxon:3238988	1
NCBITaxon:3239015	1
NCBITaxon:3239093	1
NCBITaxon:3239302	1
NCBITaxon:3239303	1
NCBITaxon:3239304	1
NCBITaxon:3239305	1
NCBITaxon:3239803	1
NCBITaxon:324058	8
NCBITaxon:324078	4
NCBITaxon:324079	3
NCBITaxon:3240790	1
NCBITaxon:3240933	1
NCBITaxon:3241599	1
NCBITaxon:3242192	1
NCBITaxon:3242193	1
NCBITaxon:3242195	1
NCBITaxon:3242415	1
NCBITaxon:3242416	1
NCBITaxon:3242486	1
NCBITaxon:3242487	1
NCBITaxon:3242688	1
NCBITaxon:3242689	1
NCBITaxon:3242694	1
NCBITaxon:3242702	1
NCBITaxon:3243721	1
NCBITaxon:324606	1
NCBITaxon:324617	4
NCBITaxon:324620	1
NCBITaxon:324679	4
NCBITaxon:324687	3
NCBITaxon:324739	1
NCBITaxon:324740	1
NCBITaxon:324741	1
NCBITaxon:324743	2
NCBITaxon:324744	1
NCBITaxon:324767	9
NCBITaxon:324768	11
NCBITaxon:324773	1
NCBITaxon:324831	2
NCBITaxon:324833	4
NCBITaxon:324851	6
NCBITaxon:324852	5
NCBITaxon:324854	6
NCBITaxon:324855	6
NCBITaxon:3248839	1
NCBITaxon:324952	4
NCBITaxon:325217	1
NCBITaxon:3252902	1
NCBITaxon:325366	1
NCBITaxon:325452	8
NCBITaxon:325473	2
NCBITaxon:325775	1
NCBITaxon:325776	30
NCBITaxon:325777	1
NCBITaxon:325778	3
NCBITaxon:32595	1
NCBITaxon:32597	5
NCBITaxon:326069	4
NCBITaxon:326078	1
NCBITaxon:326320	1
NCBITaxon:326329	3
NCBITaxon:326423	8
NCBITaxon:326426	1
NCBITaxon:32644	62
NCBITaxon:326442	1
NCBITaxon:326457	3
NCBITaxon:326474	2
NCBITaxon:326475	3
NCBITaxon:326476	1
NCBITaxon:326522	10
NCBITaxon:326523	8
NCBITaxon:326537	1
NCBITaxon:326617	1
NCBITaxon:326622	1
NCBITaxon:326626	1
NCBITaxon:326628	2
NCBITaxon:326643	1
NCBITaxon:326644	1
NCBITaxon:326647	1
NCBITaxon:326656	1
NCBITaxon:326657	1
NCBITaxon:326663	1
NCBITaxon:326676	1
NCBITaxon:326681	1
NCBITaxon:326683	1
NCBITaxon:326684	1
NCBITaxon:327061	1
NCBITaxon:327079	2
NCBITaxon:327095	5
NCBITaxon:327104	3
NCBITaxon:327159	12
NCBITaxon:327160	11
NCBITaxon:327271	1
NCBITaxon:327277	1
NCBITaxon:327505	3
NCBITaxon:327574	8
NCBITaxon:327575	5
NCBITaxon:327741	2
NCBITaxon:327742	2
NCBITaxon:327750	1
NCBITaxon:3278709	1
NCBITaxon:327939	1
NCBITaxon:327968	1
NCBITaxon:328049	4
NCBITaxon:328075	3
NCBITaxon:328224	3
NCBITaxon:328225	3
NCBITaxon:328301	2
NCBITaxon:328396	7
NCBITaxon:328412	5
NCBITaxon:328415	3
NCBITaxon:328473	1
NCBITaxon:328515	2
NCBITaxon:328517	5
NCBITaxon:328692	7
NCBITaxon:328812	31
NCBITaxon:328813	246
NCBITaxon:328814	159
NCBITaxon:328839	3
NCBITaxon:328971	5
NCBITaxon:329	350
NCBITaxon:3290090	1
NCBITaxon:329046	1
NCBITaxon:329186	2
NCBITaxon:329262	1
NCBITaxon:329267	5
NCBITaxon:329406	3
NCBITaxon:329463	1
NCBITaxon:329523	6
NCBITaxon:329524	6
NCBITaxon:329571	1
NCBITaxon:329642	1
NCBITaxon:329854	57
NCBITaxon:329857	2
NCBITaxon:329858	2
NCBITaxon:329879	16
NCBITaxon:329884	1
NCBITaxon:329885	4
NCBITaxon:3299023	1
NCBITaxon:3299024	1
NCBITaxon:3299025	1
NCBITaxon:3299026	1
NCBITaxon:3299027	1
NCBITaxon:3299028	1
NCBITaxon:3299029	1
NCBITaxon:3299030	1
NCBITaxon:3299031	1
NCBITaxon:3299032	1
NCBITaxon:329936	2
NCBITaxon:329937	2
NCBITaxon:329993	4
NCBITaxon:33	481
NCBITaxon:33002	1
NCBITaxon:33007	85
NCBITaxon:33008	73
NCBITaxon:330083	5
NCBITaxon:330084	4
NCBITaxon:33010	121
NCBITaxon:33011	19
NCBITaxon:33012	23
NCBITaxon:33013	23
NCBITaxon:33014	3
NCBITaxon:330153	2
NCBITaxon:33018	96
NCBITaxon:330214	1
NCBITaxon:33024	76
NCBITaxon:33025	421
NCBITaxon:33027	1
NCBITaxon:33028	15
NCBITaxon:33029	7
NCBITaxon:33030	23
NCBITaxon:33031	11
NCBITaxon:33032	5
NCBITaxon:33033	21
NCBITaxon:33034	27
NCBITaxon:33035	26
NCBITaxon:33036	8
NCBITaxon:33037	13
NCBITaxon:33038	212
NCBITaxon:33039	224
NCBITaxon:33040	3
NCBITaxon:33042	39
NCBITaxon:33043	197
NCBITaxon:33044	5
NCBITaxon:33045	5
NCBITaxon:33046	7
NCBITaxon:33047	20
NCBITaxon:33049	7
NCBITaxon:33050	22
NCBITaxon:33051	10
NCBITaxon:330517	2
NCBITaxon:33052	20
NCBITaxon:330523	1
NCBITaxon:330526	1
NCBITaxon:330527	1
NCBITaxon:330528	1
NCBITaxon:33053	12
NCBITaxon:330530	1
NCBITaxon:330532	1
NCBITaxon:330535	1
NCBITaxon:33057	2
NCBITaxon:33059	9
NCBITaxon:33060	34
NCBITaxon:33069	1929
NCBITaxon:33070	1
NCBITaxon:330734	2
NCBITaxon:33074	11
NCBITaxon:33075	5
NCBITaxon:330779	1
NCBITaxon:330834	1
NCBITaxon:330835	4
NCBITaxon:330836	3
NCBITaxon:330919	1
NCBITaxon:330920	10
NCBITaxon:330922	4
NCBITaxon:330943	6
NCBITaxon:331104	1
NCBITaxon:331111	2
NCBITaxon:331112	1
NCBITaxon:331382	1
NCBITaxon:331526	4
NCBITaxon:33161	2
NCBITaxon:331618	5
NCBITaxon:331630	313
NCBITaxon:331632	116
NCBITaxon:331636	2
NCBITaxon:331638	1
NCBITaxon:331639	1
NCBITaxon:331648	1
NCBITaxon:33165	1
NCBITaxon:331657	1
NCBITaxon:331679	5
NCBITaxon:331680	1
NCBITaxon:33169	1
NCBITaxon:331696	1
NCBITaxon:331697	4
NCBITaxon:33173	9
NCBITaxon:33175	1
NCBITaxon:33178	12
NCBITaxon:331869	1
NCBITaxon:331978	1
NCBITaxon:33203	18
NCBITaxon:33205	1
NCBITaxon:332055	8
NCBITaxon:332095	3
NCBITaxon:332101	3
NCBITaxon:332102	10
NCBITaxon:332158	2
NCBITaxon:332160	1
NCBITaxon:332161	2
NCBITaxon:332174	3
NCBITaxon:332175	3
NCBITaxon:332186	16
NCBITaxon:332229	6
NCBITaxon:332247	1
NCBITaxon:332249	8
NCBITaxon:332340	1
NCBITaxon:332411	8
NCBITaxon:332415	2
NCBITaxon:332516	3
NCBITaxon:332522	3
NCBITaxon:332524	4
NCBITaxon:332582	1
NCBITaxon:332589	6
NCBITaxon:332591	6
NCBITaxon:332657	1
NCBITaxon:332949	6
NCBITaxon:332950	7
NCBITaxon:332951	1
NCBITaxon:332952	5
NCBITaxon:332977	1
NCBITaxon:332999	5
NCBITaxon:333	2
NCBITaxon:333138	2
NCBITaxon:333139	1
NCBITaxon:333140	5
NCBITaxon:333142	3
NCBITaxon:333297	3
NCBITaxon:333367	4
NCBITaxon:333368	2
NCBITaxon:333384	5
NCBITaxon:333523	1
NCBITaxon:333668	1
NCBITaxon:333702	1
NCBITaxon:333706	1
NCBITaxon:333708	3
NCBITaxon:333725	3
NCBITaxon:333728	4
NCBITaxon:333962	18
NCBITaxon:333963	2
NCBITaxon:333964	3
NCBITaxon:333965	2
NCBITaxon:333966	2
NCBITaxon:334122	1
NCBITaxon:334123	1
NCBITaxon:3342349	1
NCBITaxon:3342383	1
NCBITaxon:334253	6
NCBITaxon:3342636	1
NCBITaxon:3342637	1
NCBITaxon:3342712	1
NCBITaxon:3342716	1
NCBITaxon:3342794	1
NCBITaxon:3342799	1
NCBITaxon:3342829	1
NCBITaxon:3342830	1
NCBITaxon:334380	1
NCBITaxon:334424	2
NCBITaxon:3344520	1
NCBITaxon:3344655	4
NCBITaxon:3344656	1
NCBITaxon:3344666	1
NCBITaxon:3344667	1
NCBITaxon:3344826	1
NCBITaxon:3344827	1
NCBITaxon:3345148	1
NCBITaxon:334542	36
NCBITaxon:334543	2
NCBITaxon:334545	2
NCBITaxon:334576	1
NCBITaxon:334715	5
NCBITaxon:334735	6
NCBITaxon:334736	4
NCBITaxon:334747	5
NCBITaxon:334767	2
NCBITaxon:334771	3
NCBITaxon:334820	1
NCBITaxon:3348343	1
NCBITaxon:334852	3
NCBITaxon:334858	8
NCBITaxon:3349163	1
NCBITaxon:335017	3
NCBITaxon:335020	3
NCBITaxon:3350244	1
NCBITaxon:3350256	1
NCBITaxon:3350403	1
NCBITaxon:3351344	1
NCBITaxon:3351347	1
NCBITaxon:335283	2
NCBITaxon:335286	4
NCBITaxon:335379	1
NCBITaxon:335383	3
NCBITaxon:335406	4
NCBITaxon:335431	2
NCBITaxon:335476	3
NCBITaxon:335541	1
NCBITaxon:335605	1
NCBITaxon:335630	1
NCBITaxon:335850	1
NCBITaxon:335852	1
NCBITaxon:335854	1
NCBITaxon:335927	2
NCBITaxon:335928	2
NCBITaxon:335929	3
NCBITaxon:335952	1
NCBITaxon:335972	4
NCBITaxon:335973	4
NCBITaxon:335974	3
NCBITaxon:335975	3
NCBITaxon:335992	1
NCBITaxon:336069	6
NCBITaxon:336203	10
NCBITaxon:336260	2
NCBITaxon:3362603	1
NCBITaxon:336261	2
NCBITaxon:336276	2
NCBITaxon:336277	2
NCBITaxon:336292	2
NCBITaxon:33630	1
NCBITaxon:336306	27
NCBITaxon:33640	3
NCBITaxon:336474	1
NCBITaxon:33649	1
NCBITaxon:33652	1
NCBITaxon:33653	5
NCBITaxon:336566	4
NCBITaxon:33657	3
NCBITaxon:33658	8
NCBITaxon:336628	5
NCBITaxon:3366641	3
NCBITaxon:3366770	1
NCBITaxon:3367691	1
NCBITaxon:3367728	1
NCBITaxon:3367729	1
NCBITaxon:3367746	1
NCBITaxon:3367752	1
NCBITaxon:3367753	1
NCBITaxon:336804	2
NCBITaxon:336810	27
NCBITaxon:336819	1
NCBITaxon:336820	2
NCBITaxon:336828	1
NCBITaxon:336829	2
NCBITaxon:336831	3
NCBITaxon:3369189	1
NCBITaxon:3369190	1
NCBITaxon:3369191	1
NCBITaxon:3369522	1
NCBITaxon:3369594	1
NCBITaxon:336982	1
NCBITaxon:336988	5
NCBITaxon:337	106
NCBITaxon:337004	1
NCBITaxon:337005	4
NCBITaxon:337066	1
NCBITaxon:337075	1
NCBITaxon:337094	5
NCBITaxon:337097	3
NCBITaxon:337243	14
NCBITaxon:337250	4
NCBITaxon:337330	20
NCBITaxon:3373370	1
NCBITaxon:3373598	1
NCBITaxon:3373610	1
NCBITaxon:337446	1
NCBITaxon:3374599	1
NCBITaxon:3374723	1
NCBITaxon:337480	1
NCBITaxon:3375356	1
NCBITaxon:3375367	1
NCBITaxon:3375448	1
NCBITaxon:3376063	1
NCBITaxon:3376283	1
NCBITaxon:3376284	1
NCBITaxon:3376285	1
NCBITaxon:3376993	1
NCBITaxon:337701	5
NCBITaxon:337702	6
NCBITaxon:3377043	1
NCBITaxon:3377108	1
NCBITaxon:3377111	1
NCBITaxon:3377112	1
NCBITaxon:3377675	1
NCBITaxon:3377720	1
NCBITaxon:337779	3
NCBITaxon:3377837	1
NCBITaxon:3377839	1
NCBITaxon:3378099	1
NCBITaxon:3378588	1
NCBITaxon:337894	5
NCBITaxon:337895	6
NCBITaxon:337941	3
NCBITaxon:3379707	1
NCBITaxon:3379885	1
NCBITaxon:3379938	1
NCBITaxon:338	17
NCBITaxon:338077	4
NCBITaxon:33809	1
NCBITaxon:33811	123
NCBITaxon:3381660	1
NCBITaxon:3381661	1
NCBITaxon:3381662	1
NCBITaxon:3381663	1
NCBITaxon:3381777	1
NCBITaxon:338188	35
NCBITaxon:338190	3
NCBITaxon:338191	15
NCBITaxon:338192	1
NCBITaxon:338193	6
NCBITaxon:338215	1
NCBITaxon:338217	2
NCBITaxon:3382270	1
NCBITaxon:3383029	1
NCBITaxon:3383031	1
NCBITaxon:3383250	1
NCBITaxon:3383699	1
NCBITaxon:3383721	1
NCBITaxon:3384452	1
NCBITaxon:3384765	1
NCBITaxon:3385502	1
NCBITaxon:338565	7
NCBITaxon:338584	5
NCBITaxon:3385931	1
NCBITaxon:3385975	1
NCBITaxon:33861	2
NCBITaxon:338644	4
NCBITaxon:338645	1
NCBITaxon:338648	1
NCBITaxon:33865	2
NCBITaxon:33867	11
NCBITaxon:33871	2
NCBITaxon:3387495	1
NCBITaxon:33876	6
NCBITaxon:33877	4
NCBITaxon:33878	6
NCBITaxon:33879	6
NCBITaxon:33881	7
NCBITaxon:33882	40
NCBITaxon:3388267	1
NCBITaxon:33883	11
NCBITaxon:33884	7
NCBITaxon:3388432	1
NCBITaxon:33885	91
NCBITaxon:3388663	1
NCBITaxon:3388667	1
NCBITaxon:33887	103
NCBITaxon:33888	54
NCBITaxon:338884	1
NCBITaxon:33889	101
NCBITaxon:33892	34
NCBITaxon:33894	28
NCBITaxon:33895	4
NCBITaxon:338963	1
NCBITaxon:338966	1
NCBITaxon:33897	10
NCBITaxon:3389797	1
NCBITaxon:33898	12
NCBITaxon:33899	14
NCBITaxon:339	1683
NCBITaxon:33900	22
NCBITaxon:3390035	1
NCBITaxon:3390193	1
NCBITaxon:33902	12
NCBITaxon:33903	56
NCBITaxon:33904	10
NCBITaxon:33905	57
NCBITaxon:33906	7
NCBITaxon:33907	9
NCBITaxon:3390723	1
NCBITaxon:3390805	1
NCBITaxon:33910	69
NCBITaxon:33911	7
NCBITaxon:33914	10
NCBITaxon:33917	19
NCBITaxon:33918	39
NCBITaxon:33919	4
NCBITaxon:33920	4
NCBITaxon:33921	14
NCBITaxon:3392119	1
NCBITaxon:33922	3
NCBITaxon:33923	1
NCBITaxon:339268	18
NCBITaxon:33932	46
NCBITaxon:33934	11
NCBITaxon:33935	12
NCBITaxon:33936	10
NCBITaxon:33938	12
NCBITaxon:33939	3
NCBITaxon:3393985	5
NCBITaxon:33940	59
NCBITaxon:33941	49
NCBITaxon:33942	2
NCBITaxon:3394203	6
NCBITaxon:33943	3
NCBITaxon:33945	159
NCBITaxon:33946	5
NCBITaxon:33949	1
NCBITaxon:33950	2
NCBITaxon:33951	2
NCBITaxon:33952	2
NCBITaxon:33953	1
NCBITaxon:33954	4
NCBITaxon:3395462	1
NCBITaxon:3395467	1
NCBITaxon:33957	1
NCBITaxon:33958	11
NCBITaxon:33959	147
NCBITaxon:33960	58
NCBITaxon:339617	1
NCBITaxon:33962	56
NCBITaxon:33964	196
NCBITaxon:33965	19
NCBITaxon:339658	1
NCBITaxon:33966	5
NCBITaxon:3396616	1
NCBITaxon:3396618	1
NCBITaxon:3396619	1
NCBITaxon:3396620	1
NCBITaxon:3396621	1
NCBITaxon:3396622	1
NCBITaxon:33967	15
NCBITaxon:339670	1
NCBITaxon:33968	321
NCBITaxon:33970	31
NCBITaxon:339722	2
NCBITaxon:33973	2
NCBITaxon:33977	6
NCBITaxon:33978	4
NCBITaxon:3397862	1
NCBITaxon:3398356	1
NCBITaxon:3398357	1
NCBITaxon:3398358	1
NCBITaxon:33984	17
NCBITaxon:339854	1
NCBITaxon:33986	2
NCBITaxon:339860	1
NCBITaxon:339861	3
NCBITaxon:339862	2
NCBITaxon:339863	2
NCBITaxon:339866	1
NCBITaxon:33987	32
NCBITaxon:3398733	1
NCBITaxon:3398734	1
NCBITaxon:3398735	1
NCBITaxon:3398736	1
NCBITaxon:3398737	1
NCBITaxon:3398738	1
NCBITaxon:3398743	1
NCBITaxon:33989	2
NCBITaxon:33990	1
NCBITaxon:33991	2
NCBITaxon:33992	1
NCBITaxon:33995	8
NCBITaxon:33996	74
NCBITaxon:3399690	1
NCBITaxon:33998	5
NCBITaxon:33999	1
NCBITaxon:34	291
NCBITaxon:340	33
NCBITaxon:34002	5
NCBITaxon:340021	4
NCBITaxon:34003	4
NCBITaxon:34004	7
NCBITaxon:340047	1
NCBITaxon:34005	19
NCBITaxon:34006	2
NCBITaxon:34007	9
NCBITaxon:34008	2
NCBITaxon:34009	1
NCBITaxon:340095	1
NCBITaxon:340097	3
NCBITaxon:340099	1
NCBITaxon:3400999	1
NCBITaxon:34010	20
NCBITaxon:340102	1
NCBITaxon:34011	4
NCBITaxon:34013	4
NCBITaxon:34014	3
NCBITaxon:340145	5
NCBITaxon:340146	7
NCBITaxon:340148	2
NCBITaxon:34015	4
NCBITaxon:34017	2
NCBITaxon:340170	1
NCBITaxon:340172	4
NCBITaxon:340177	1
NCBITaxon:34018	7
NCBITaxon:340184	1
NCBITaxon:340185	1
NCBITaxon:340186	1
NCBITaxon:340188	23
NCBITaxon:340189	5
NCBITaxon:340190	78
NCBITaxon:340197	1
NCBITaxon:340204	1
NCBITaxon:34021	9
NCBITaxon:340214	5
NCBITaxon:3402172	1
NCBITaxon:3402176	1
NCBITaxon:340221	1
NCBITaxon:3402278	1
NCBITaxon:3402307	1
NCBITaxon:34024	4
NCBITaxon:34026	2
NCBITaxon:340268	1
NCBITaxon:34027	1
NCBITaxon:34029	5
NCBITaxon:34032	2
NCBITaxon:340320	8
NCBITaxon:340321	3
NCBITaxon:34034	6
NCBITaxon:340345	4
NCBITaxon:34035	54
NCBITaxon:34037	2
NCBITaxon:34038	185
NCBITaxon:34039	1
NCBITaxon:3404088	1
NCBITaxon:340414	5
NCBITaxon:340467	1
NCBITaxon:3404795	1
NCBITaxon:3404796	1
NCBITaxon:3404797	1
NCBITaxon:3404798	1
NCBITaxon:34058	1
NCBITaxon:34059	39
NCBITaxon:34060	6
NCBITaxon:34061	11
NCBITaxon:34062	184
NCBITaxon:3406573	1
NCBITaxon:34067	7
NCBITaxon:34068	1
NCBITaxon:340680	3
NCBITaxon:34070	2
NCBITaxon:34071	10
NCBITaxon:34072	33
NCBITaxon:34073	147
NCBITaxon:3407671	1
NCBITaxon:34079	5
NCBITaxon:34085	136
NCBITaxon:34086	2
NCBITaxon:34087	6
NCBITaxon:34091	2
NCBITaxon:34092	3
NCBITaxon:34095	3
NCBITaxon:340956	2
NCBITaxon:34097	1
NCBITaxon:34098	2
NCBITaxon:34101	7
NCBITaxon:341027	7
NCBITaxon:34103	23
NCBITaxon:341036	2
NCBITaxon:341045	3
NCBITaxon:34105	81
NCBITaxon:341189	1
NCBITaxon:341199	3
NCBITaxon:341202	4
NCBITaxon:341220	5
NCBITaxon:341225	4
NCBITaxon:3412479	1
NCBITaxon:341454	2
NCBITaxon:341470	1
NCBITaxon:3415010	1
NCBITaxon:3416089	1
NCBITaxon:3416881	1
NCBITaxon:341694	2
NCBITaxon:3417040	1
NCBITaxon:341722	3
NCBITaxon:3417568	1
NCBITaxon:3417570	1
NCBITaxon:3417571	1
NCBITaxon:3417572	1
NCBITaxon:342002	5
NCBITaxon:342108	1
NCBITaxon:342113	14
NCBITaxon:342230	3
NCBITaxon:3422495	1
NCBITaxon:3422496	1
NCBITaxon:3424171	1
NCBITaxon:342451	1
NCBITaxon:342613	1
NCBITaxon:342614	1
NCBITaxon:342615	1
NCBITaxon:342616	1
NCBITaxon:342617	1
NCBITaxon:342666	3
NCBITaxon:342668	1
NCBITaxon:342808	1
NCBITaxon:342942	16
NCBITaxon:342944	3
NCBITaxon:342950	3
NCBITaxon:342954	1
NCBITaxon:342955	1
NCBITaxon:343	553
NCBITaxon:343013	3
NCBITaxon:343232	1
NCBITaxon:343239	1
NCBITaxon:343403	2
NCBITaxon:3434685	1
NCBITaxon:34349	1
NCBITaxon:343501	1
NCBITaxon:343504	1
NCBITaxon:343509	1
NCBITaxon:343510	3
NCBITaxon:343512	13
NCBITaxon:343517	6
NCBITaxon:34356	12
NCBITaxon:34357	3
NCBITaxon:34358	3
NCBITaxon:34364	8
NCBITaxon:34373	1
NCBITaxon:34381	2
NCBITaxon:3438471	2
NCBITaxon:34387	1
NCBITaxon:343874	11
NCBITaxon:34388	1
NCBITaxon:34395	2
NCBITaxon:343994	11
NCBITaxon:344163	3
NCBITaxon:344164	2
NCBITaxon:344165	7
NCBITaxon:344166	5
NCBITaxon:34428	1
NCBITaxon:34431	2
NCBITaxon:34433	4
NCBITaxon:344338	11
NCBITaxon:34439	1
NCBITaxon:34451	2
NCBITaxon:34456	1
NCBITaxon:34458	2
NCBITaxon:344589	1
NCBITaxon:344591	2
NCBITaxon:344601	1
NCBITaxon:344609	1
NCBITaxon:344610	1
NCBITaxon:344616	1
NCBITaxon:34465	1
NCBITaxon:34469	1
NCBITaxon:344736	7
NCBITaxon:344743	1
NCBITaxon:344747	1
NCBITaxon:344748	1
NCBITaxon:34475	3
NCBITaxon:34480	2
NCBITaxon:34485	1
NCBITaxon:34488	1
NCBITaxon:344880	5
NCBITaxon:344881	2
NCBITaxon:344882	4
NCBITaxon:344883	5
NCBITaxon:344884	3
NCBITaxon:344998	2
NCBITaxon:345072	1
NCBITaxon:345073	2
NCBITaxon:345074	1
NCBITaxon:345076	1
NCBITaxon:3451472	1
NCBITaxon:345219	1
NCBITaxon:345309	6
NCBITaxon:345312	1
NCBITaxon:345342	3
NCBITaxon:345370	2
NCBITaxon:345592	3
NCBITaxon:345631	1
NCBITaxon:345632	4
NCBITaxon:345663	3
NCBITaxon:345907	4
NCBITaxon:346	66
NCBITaxon:346179	5
NCBITaxon:346181	2
NCBITaxon:346182	4
NCBITaxon:346183	2
NCBITaxon:346185	2
NCBITaxon:346189	1
NCBITaxon:3462241	1
NCBITaxon:3462242	1
NCBITaxon:3462243	1
NCBITaxon:346377	3
NCBITaxon:346388	1
NCBITaxon:346389	1
NCBITaxon:346638	4
NCBITaxon:346665	11
NCBITaxon:3467181	2
NCBITaxon:346911	4
NCBITaxon:346912	4
NCBITaxon:3469651	1
NCBITaxon:3469779	1
NCBITaxon:3469781	1
NCBITaxon:3469783	1
NCBITaxon:3469785	1
NCBITaxon:3469787	2
NCBITaxon:3469788	1
NCBITaxon:3469789	1
NCBITaxon:347	666
NCBITaxon:347256	3
NCBITaxon:3474352	1
NCBITaxon:347481	1
NCBITaxon:347483	1
NCBITaxon:3474845	1
NCBITaxon:347515	2
NCBITaxon:347533	1
NCBITaxon:347534	6
NCBITaxon:347535	1
NCBITaxon:347834	1
NCBITaxon:348042	1
NCBITaxon:348043	1
NCBITaxon:348151	5
NCBITaxon:348312	1
NCBITaxon:348313	1
NCBITaxon:348314	1
NCBITaxon:348442	7
NCBITaxon:348582	3
NCBITaxon:348609	3
NCBITaxon:348610	2
NCBITaxon:348614	1
NCBITaxon:348615	1
NCBITaxon:348780	1
NCBITaxon:348802	2
NCBITaxon:348818	4
NCBITaxon:348824	3
NCBITaxon:348826	2
NCBITaxon:348837	1
NCBITaxon:348840	2
NCBITaxon:348842	2
NCBITaxon:348901	1
NCBITaxon:349064	7
NCBITaxon:349094	3
NCBITaxon:349095	2
NCBITaxon:349096	3
NCBITaxon:349123	1
NCBITaxon:349163	1
NCBITaxon:349215	1
NCBITaxon:349275	1
NCBITaxon:349313	4
NCBITaxon:349315	6
NCBITaxon:349316	6
NCBITaxon:349437	1
NCBITaxon:349520	2
NCBITaxon:349522	4
NCBITaxon:349718	1
NCBITaxon:349742	9
NCBITaxon:349746	1
NCBITaxon:349747	1
NCBITaxon:349750	3
NCBITaxon:349751	3
NCBITaxon:349910	3
NCBITaxon:349924	1
NCBITaxon:349931	3
NCBITaxon:349933	2
NCBITaxon:349934	5
NCBITaxon:35	5
NCBITaxon:350	2
NCBITaxon:350596	1
NCBITaxon:350701	1
NCBITaxon:350814	4
NCBITaxon:350893	4
NCBITaxon:350894	3
NCBITaxon:351052	3
NCBITaxon:351091	7
NCBITaxon:351095	2
NCBITaxon:351187	6
NCBITaxon:351205	1
NCBITaxon:351215	3
NCBITaxon:35122	1
NCBITaxon:351224	5
NCBITaxon:35127	2
NCBITaxon:35128	1
NCBITaxon:351343	2
NCBITaxon:351345	4
NCBITaxon:351348	1
NCBITaxon:35143	1
NCBITaxon:351581	1
NCBITaxon:351604	4
NCBITaxon:351614	3
NCBITaxon:351627	1
NCBITaxon:351628	3
NCBITaxon:351656	3
NCBITaxon:351659	3
NCBITaxon:351671	3
NCBITaxon:351672	6
NCBITaxon:351673	3
NCBITaxon:351674	2
NCBITaxon:351675	3
NCBITaxon:351676	3
NCBITaxon:351677	3
NCBITaxon:351679	4
NCBITaxon:351712	1
NCBITaxon:351713	1
NCBITaxon:352152	9
NCBITaxon:352351	5
NCBITaxon:352475	9
NCBITaxon:352869	3
NCBITaxon:352968	1
NCBITaxon:353	153
NCBITaxon:353153	1
NCBITaxon:353154	1
NCBITaxon:353156	2
NCBITaxon:353157	1
NCBITaxon:353224	3
NCBITaxon:353496	1
NCBITaxon:353542	1
NCBITaxon:353569	9
NCBITaxon:353636	1
NCBITaxon:353800	3
NCBITaxon:353852	2
NCBITaxon:353897	3
NCBITaxon:353899	3
NCBITaxon:354	189
NCBITaxon:354080	1
NCBITaxon:354197	2
NCBITaxon:354237	3
NCBITaxon:354240	3
NCBITaxon:354242	4
NCBITaxon:354243	7
NCBITaxon:354246	3
NCBITaxon:354351	3
NCBITaxon:354352	4
NCBITaxon:354353	2
NCBITaxon:354354	1
NCBITaxon:354355	3
NCBITaxon:354356	1
NCBITaxon:354426	2
NCBITaxon:354589	1
NCBITaxon:354590	2
NCBITaxon:354630	3
NCBITaxon:35517	3
NCBITaxon:35518	2
NCBITaxon:35519	5
NCBITaxon:355243	4
NCBITaxon:355249	1
NCBITaxon:355276	1
NCBITaxon:355277	1
NCBITaxon:355278	1
NCBITaxon:35554	8
NCBITaxon:355548	2
NCBITaxon:355591	2
NCBITaxon:355634	2
NCBITaxon:355930	4
NCBITaxon:356	49
NCBITaxon:356145	3
NCBITaxon:356147	2
NCBITaxon:35616	1
NCBITaxon:35617	1
NCBITaxon:35619	63
NCBITaxon:35620	12
NCBITaxon:35621	62
NCBITaxon:35622	17
NCBITaxon:35623	3
NCBITaxon:35629	7
NCBITaxon:356302	2
NCBITaxon:356305	3
NCBITaxon:356322	3
NCBITaxon:356546	1
NCBITaxon:356621	1
NCBITaxon:356655	1
NCBITaxon:356657	1
NCBITaxon:356658	2
NCBITaxon:356659	3
NCBITaxon:356660	2
NCBITaxon:356662	2
NCBITaxon:35677	3
NCBITaxon:35679	1
NCBITaxon:356828	2
NCBITaxon:356829	5
NCBITaxon:35684	1
NCBITaxon:356851	6
NCBITaxon:356852	5
NCBITaxon:35688	1
NCBITaxon:356896	1
NCBITaxon:35699	1
NCBITaxon:357	9
NCBITaxon:35700	3
NCBITaxon:35701	4
NCBITaxon:35703	107
NCBITaxon:357143	1
NCBITaxon:35717	4
NCBITaxon:35722	5
NCBITaxon:357233	7
NCBITaxon:357240	7
NCBITaxon:357244	1
NCBITaxon:35725	11
NCBITaxon:357276	556
NCBITaxon:357278	4
NCBITaxon:357350	1
NCBITaxon:35743	6
NCBITaxon:357441	21
NCBITaxon:357446	1
NCBITaxon:357447	2
NCBITaxon:35745	2
NCBITaxon:35746	7
NCBITaxon:35749	1
NCBITaxon:35750	4
NCBITaxon:35751	9
NCBITaxon:35752	14
NCBITaxon:35754	12
NCBITaxon:35755	4
NCBITaxon:35756	12
NCBITaxon:35757	9
NCBITaxon:35760	4
NCBITaxon:35761	13
NCBITaxon:35762	7
NCBITaxon:35763	8
NCBITaxon:35764	11
NCBITaxon:35765	6
NCBITaxon:35769	2
NCBITaxon:357760	4
NCBITaxon:357761	4
NCBITaxon:357794	3
NCBITaxon:35783	8
NCBITaxon:35785	4
NCBITaxon:35786	27
NCBITaxon:35787	48
NCBITaxon:35788	1
NCBITaxon:35789	2
NCBITaxon:35790	33
NCBITaxon:35791	1
NCBITaxon:35792	3
NCBITaxon:35794	2
NCBITaxon:35795	1
NCBITaxon:35798	4
NCBITaxon:357984	1
NCBITaxon:35799	3
NCBITaxon:357993	1
NCBITaxon:357999	2
NCBITaxon:358	741
NCBITaxon:35800	6
NCBITaxon:35801	1
NCBITaxon:35802	1
NCBITaxon:358023	2
NCBITaxon:35804	3
NCBITaxon:35805	2
NCBITaxon:35806	17
NCBITaxon:35809	1
NCBITaxon:358099	6
NCBITaxon:35811	4
NCBITaxon:35813	2
NCBITaxon:35814	90
NCBITaxon:35816	3
NCBITaxon:35817	10
NCBITaxon:35818	18
NCBITaxon:35825	4
NCBITaxon:35828	9
NCBITaxon:35830	10
NCBITaxon:35833	37
NCBITaxon:35835	4
NCBITaxon:35837	2
NCBITaxon:35839	1
NCBITaxon:358396	2
NCBITaxon:35841	11
NCBITaxon:358592	4
NCBITaxon:358687	2
NCBITaxon:358707	4
NCBITaxon:358708	1
NCBITaxon:358742	10
NCBITaxon:358743	11
NCBITaxon:358766	2
NCBITaxon:358771	9
NCBITaxon:358823	4
NCBITaxon:359	387
NCBITaxon:359110	9
NCBITaxon:359131	1
NCBITaxon:359158	4
NCBITaxon:359159	4
NCBITaxon:359169	1
NCBITaxon:359209	5
NCBITaxon:359303	2
NCBITaxon:359342	3
NCBITaxon:359359	2
NCBITaxon:359365	2
NCBITaxon:359385	3
NCBITaxon:359387	2
NCBITaxon:359391	2
NCBITaxon:359407	5
NCBITaxon:359408	8
NCBITaxon:359786	1
NCBITaxon:359787	1
NCBITaxon:359797	1
NCBITaxon:359917	5
NCBITaxon:360015	6
NCBITaxon:360054	1
NCBITaxon:360055	1
NCBITaxon:360056	1
NCBITaxon:360086	5
NCBITaxon:360099	1
NCBITaxon:360106	1
NCBITaxon:360108	1
NCBITaxon:360109	1
NCBITaxon:360110	1
NCBITaxon:360111	1
NCBITaxon:360112	2
NCBITaxon:360147	1
NCBITaxon:36015	2
NCBITaxon:360150	2
NCBITaxon:36016	1
NCBITaxon:36017	1
NCBITaxon:36018	10
NCBITaxon:360184	6
NCBITaxon:360185	5
NCBITaxon:360196	1
NCBITaxon:36021	1
NCBITaxon:36022	4
NCBITaxon:36023	7
NCBITaxon:36024	6
NCBITaxon:360241	3
NCBITaxon:36025	1
NCBITaxon:36026	20
NCBITaxon:36028	1
NCBITaxon:36029	1
NCBITaxon:360296	2
NCBITaxon:36031	1
NCBITaxon:360316	2
NCBITaxon:36032	1
NCBITaxon:36033	8
NCBITaxon:36035	3
NCBITaxon:36036	1
NCBITaxon:36038	6
NCBITaxon:36040	1
NCBITaxon:360411	3
NCBITaxon:360412	2
NCBITaxon:360422	16
NCBITaxon:36043	6
NCBITaxon:36044	1
NCBITaxon:36047	1
NCBITaxon:36050	2
NCBITaxon:36052	7
NCBITaxon:36055	1
NCBITaxon:36056	3
NCBITaxon:36057	2
NCBITaxon:36058	1
NCBITaxon:36061	1
NCBITaxon:36065	1
NCBITaxon:36066	2
NCBITaxon:360723	1
NCBITaxon:36079	2
NCBITaxon:36080	42
NCBITaxon:360807	136
NCBITaxon:360836	4
NCBITaxon:360837	8
NCBITaxon:360920	4
NCBITaxon:360921	5
NCBITaxon:360922	2
NCBITaxon:361	6
NCBITaxon:361041	3
NCBITaxon:361055	2
NCBITaxon:361071	1
NCBITaxon:361072	1
NCBITaxon:361077	1
NCBITaxon:361096	1
NCBITaxon:361101	5
NCBITaxon:361111	3
NCBITaxon:361177	1
NCBITaxon:361183	2
NCBITaxon:361210	1
NCBITaxon:361277	18
NCBITaxon:361279	6
NCBITaxon:361280	5
NCBITaxon:361365	3
NCBITaxon:361500	6
NCBITaxon:361575	7
NCBITaxon:361581	5
NCBITaxon:361586	4
NCBITaxon:361607	1
NCBITaxon:361854	1
NCBITaxon:361872	3
NCBITaxon:361876	4
NCBITaxon:362	21
NCBITaxon:362042	1
NCBITaxon:362043	1
NCBITaxon:362257	6
NCBITaxon:362413	6
NCBITaxon:362418	4
NCBITaxon:362520	2
NCBITaxon:362523	2
NCBITaxon:362534	1
NCBITaxon:362649	5
NCBITaxon:362663	1
NCBITaxon:362781	2
NCBITaxon:362787	3
NCBITaxon:362837	3
NCBITaxon:362948	1
NCBITaxon:362976	2
NCBITaxon:363178	1
NCBITaxon:363180	2
NCBITaxon:363258	1
NCBITaxon:363259	3
NCBITaxon:363260	1
NCBITaxon:363265	56
NCBITaxon:363277	1
NCBITaxon:36330	1
NCBITaxon:36331	1
NCBITaxon:363331	2
NCBITaxon:363408	1
NCBITaxon:363464	14
NCBITaxon:363504	5
NCBITaxon:363569	39
NCBITaxon:363630	6
NCBITaxon:363631	4
NCBITaxon:363832	4
NCBITaxon:363835	3
NCBITaxon:363837	6
NCBITaxon:363839	4
NCBITaxon:363840	6
NCBITaxon:363841	3
NCBITaxon:363842	1
NCBITaxon:363843	4
NCBITaxon:363844	8
NCBITaxon:363846	4
NCBITaxon:363847	3
NCBITaxon:363848	4
NCBITaxon:363849	2
NCBITaxon:363850	3
NCBITaxon:363851	1
NCBITaxon:363852	3
NCBITaxon:363853	1
NCBITaxon:363854	4
NCBITaxon:363858	3
NCBITaxon:363860	4
NCBITaxon:363861	6
NCBITaxon:363862	3
NCBITaxon:363863	5
NCBITaxon:363864	2
NCBITaxon:363865	5
NCBITaxon:363866	2
NCBITaxon:363867	5
NCBITaxon:363868	5
NCBITaxon:363869	3
NCBITaxon:363870	6
NCBITaxon:363872	5
NCBITaxon:363885	4
NCBITaxon:363886	1
NCBITaxon:363888	3
NCBITaxon:363952	16
NCBITaxon:363953	1
NCBITaxon:363999	2
NCBITaxon:364030	9
NCBITaxon:364032	2
NCBITaxon:364039	4
NCBITaxon:364098	3
NCBITaxon:364106	1
NCBITaxon:364197	3
NCBITaxon:364198	4
NCBITaxon:364199	4
NCBITaxon:364200	4
NCBITaxon:364296	1
NCBITaxon:364297	1
NCBITaxon:364316	12
NCBITaxon:364317	2
NCBITaxon:364410	7
NCBITaxon:364715	2
NCBITaxon:364733	2
NCBITaxon:364763	2
NCBITaxon:364764	2
NCBITaxon:364784	1
NCBITaxon:364901	1
NCBITaxon:364929	1
NCBITaxon:365032	1
NCBITaxon:365033	1
NCBITaxon:365049	3
NCBITaxon:365339	2
NCBITaxon:365340	2
NCBITaxon:365341	1
NCBITaxon:365343	3
NCBITaxon:365346	2
NCBITaxon:365348	1
NCBITaxon:365349	1
NCBITaxon:365489	3
NCBITaxon:365528	3
NCBITaxon:365533	2
NCBITaxon:365590	3
NCBITaxon:365591	3
NCBITaxon:365616	3
NCBITaxon:365617	3
NCBITaxon:36627	1
NCBITaxon:36628	9
NCBITaxon:366289	2
NCBITaxon:36630	6
NCBITaxon:36631	1
NCBITaxon:36636	1
NCBITaxon:366394	1
NCBITaxon:36640	1
NCBITaxon:36641	1
NCBITaxon:36643	1
NCBITaxon:36645	10
NCBITaxon:36646	1
NCBITaxon:36648	1
NCBITaxon:36649	1
NCBITaxon:36650	3
NCBITaxon:36651	2
NCBITaxon:36652	1
NCBITaxon:366522	4
NCBITaxon:36653	12
NCBITaxon:366533	5
NCBITaxon:366534	1
NCBITaxon:36654	1
NCBITaxon:36656	3
NCBITaxon:366581	1
NCBITaxon:366582	7
NCBITaxon:366584	2
NCBITaxon:366586	3
NCBITaxon:366616	3
NCBITaxon:366618	1
NCBITaxon:366649	26
NCBITaxon:366650	2
NCBITaxon:366888	5
NCBITaxon:367097	1
NCBITaxon:367110	8
NCBITaxon:367181	1
NCBITaxon:367189	2
NCBITaxon:367190	15
NCBITaxon:367279	4
NCBITaxon:367281	2
NCBITaxon:367282	4
NCBITaxon:367298	1
NCBITaxon:367299	2
NCBITaxon:367336	4
NCBITaxon:36735	1
NCBITaxon:36738	10
NCBITaxon:36740	99
NCBITaxon:36741	1
NCBITaxon:36742	1
NCBITaxon:36743	1
NCBITaxon:36745	19
NCBITaxon:367456	3
NCBITaxon:36746	318
NCBITaxon:367474	2
NCBITaxon:36767	1
NCBITaxon:36770	1
NCBITaxon:36773	32
NCBITaxon:367742	3
NCBITaxon:367743	4
NCBITaxon:367775	1
NCBITaxon:367791	4
NCBITaxon:36781	1
NCBITaxon:367825	4
NCBITaxon:367827	1
NCBITaxon:367830	6
NCBITaxon:367840	4
NCBITaxon:367928	3
NCBITaxon:3680291	1
NCBITaxon:36805	8
NCBITaxon:36806	6
NCBITaxon:36807	69
NCBITaxon:36808	73
NCBITaxon:36809	424
NCBITaxon:36811	7
NCBITaxon:36812	3
NCBITaxon:36813	5
NCBITaxon:36814	5
NCBITaxon:36816	14
NCBITaxon:36817	34
NCBITaxon:36818	12
NCBITaxon:36819	9
NCBITaxon:36820	6
NCBITaxon:36821	32
NCBITaxon:36822	106
NCBITaxon:36823	46
NCBITaxon:36829	1
NCBITaxon:36830	1
NCBITaxon:36832	2
NCBITaxon:36834	6
NCBITaxon:36835	4
NCBITaxon:36839	33
NCBITaxon:368404	1
NCBITaxon:368405	2
NCBITaxon:368407	1
NCBITaxon:368408	1
NCBITaxon:36841	7
NCBITaxon:36844	2
NCBITaxon:36845	9
NCBITaxon:36847	4
NCBITaxon:368477	3
NCBITaxon:36848	2
NCBITaxon:36849	3
NCBITaxon:36850	1
NCBITaxon:36853	1
NCBITaxon:36854	4
NCBITaxon:36855	10
NCBITaxon:36856	24
NCBITaxon:368603	7
NCBITaxon:368607	3
NCBITaxon:36861	21
NCBITaxon:368623	3
NCBITaxon:368624	3
NCBITaxon:36863	2
NCBITaxon:36868	1
NCBITaxon:36873	7
NCBITaxon:36874	9
NCBITaxon:36875	4
NCBITaxon:3687704	1
NCBITaxon:3687705	1
NCBITaxon:36878	4
NCBITaxon:368811	3
NCBITaxon:3688113	1
NCBITaxon:368977	3
NCBITaxon:36907	1
NCBITaxon:36909	7
NCBITaxon:36911	18
NCBITaxon:36912	1
NCBITaxon:36914	1
NCBITaxon:36918	1
NCBITaxon:36921	1
NCBITaxon:36927	1
NCBITaxon:369333	3
NCBITaxon:369399	5
NCBITaxon:369401	2
NCBITaxon:369723	1
NCBITaxon:369730	1
NCBITaxon:369742	1
NCBITaxon:369791	3
NCBITaxon:369793	1
NCBITaxon:369795	1
NCBITaxon:369798	2
NCBITaxon:369822	3
NCBITaxon:369829	3
NCBITaxon:369935	8
NCBITaxon:369936	5
NCBITaxon:369940	1
NCBITaxon:369942	2
NCBITaxon:370038	4
NCBITaxon:370111	7
NCBITaxon:370292	1
NCBITaxon:370300	1
NCBITaxon:370302	2
NCBITaxon:370324	2
NCBITaxon:370355	1
NCBITaxon:370405	3
NCBITaxon:370439	2
NCBITaxon:370524	4
NCBITaxon:370526	7
NCBITaxon:370551	2
NCBITaxon:370552	2
NCBITaxon:370553	1
NCBITaxon:370554	1
NCBITaxon:370622	7
NCBITaxon:370736	4
NCBITaxon:370764	5
NCBITaxon:370766	2
NCBITaxon:370767	3
NCBITaxon:370769	6
NCBITaxon:370776	3
NCBITaxon:370777	4
NCBITaxon:370801	4
NCBITaxon:370804	619
NCBITaxon:370896	1
NCBITaxon:370959	4
NCBITaxon:37097	1
NCBITaxon:370973	3
NCBITaxon:370974	2
NCBITaxon:370975	3
NCBITaxon:370976	3
NCBITaxon:370977	2
NCBITaxon:370978	2
NCBITaxon:370979	4
NCBITaxon:37098	1
NCBITaxon:370980	3
NCBITaxon:37099	4
NCBITaxon:371036	6
NCBITaxon:371042	5
NCBITaxon:371061	1
NCBITaxon:371115	1
NCBITaxon:371142	3
NCBITaxon:371157	1
NCBITaxon:371158	4
NCBITaxon:3713894	1
NCBITaxon:371601	155
NCBITaxon:371602	5
NCBITaxon:371606	2
NCBITaxon:371608	1
NCBITaxon:37163	1
NCBITaxon:371674	4
NCBITaxon:371720	5
NCBITaxon:371722	5
NCBITaxon:371731	1
NCBITaxon:372059	1
NCBITaxon:372061	2
NCBITaxon:372072	4
NCBITaxon:37245	1
NCBITaxon:372461	1
NCBITaxon:372463	6
NCBITaxon:372484	4
NCBITaxon:372654	4
NCBITaxon:372655	4
NCBITaxon:372781	1
NCBITaxon:373	190
NCBITaxon:373040	6
NCBITaxon:373043	4
NCBITaxon:373045	2
NCBITaxon:373048	3
NCBITaxon:373054	3
NCBITaxon:373074	1
NCBITaxon:373153	1
NCBITaxon:37318	2
NCBITaxon:37319	9
NCBITaxon:37326	99
NCBITaxon:37327	12
NCBITaxon:37328	28
NCBITaxon:3732889	1
NCBITaxon:37329	128
NCBITaxon:37330	81
NCBITaxon:37331	11
NCBITaxon:37332	26
NCBITaxon:37333	21
NCBITaxon:373383	1
NCBITaxon:373384	1
NCBITaxon:373386	5
NCBITaxon:373391	3
NCBITaxon:37353	1
NCBITaxon:373540	4
NCBITaxon:373543	5
NCBITaxon:37360	50
NCBITaxon:373665	1
NCBITaxon:373668	3
NCBITaxon:373671	3
NCBITaxon:373672	4
NCBITaxon:373675	4
NCBITaxon:373681	7
NCBITaxon:373687	2
NCBITaxon:37372	17
NCBITaxon:373890	1
NCBITaxon:373891	5
NCBITaxon:373903	2
NCBITaxon:373957	1
NCBITaxon:374	125
NCBITaxon:374047	1
NCBITaxon:374106	6
NCBITaxon:374177	1
NCBITaxon:374178	2
NCBITaxon:374272	1
NCBITaxon:374337	1
NCBITaxon:374343	1
NCBITaxon:374424	4
NCBITaxon:374425	4
NCBITaxon:374426	4
NCBITaxon:374432	4
NCBITaxon:374461	1
NCBITaxon:374463	2
NCBITaxon:37448	2
NCBITaxon:37450	1
NCBITaxon:374513	4
NCBITaxon:374514	6
NCBITaxon:374515	4
NCBITaxon:37452	20
NCBITaxon:374655	2
NCBITaxon:37467	1
NCBITaxon:374675	1
NCBITaxon:37468	25
NCBITaxon:374759	1
NCBITaxon:374761	1
NCBITaxon:374766	1
NCBITaxon:37482	121
NCBITaxon:37483	4
NCBITaxon:374833	1
NCBITaxon:374834	1
NCBITaxon:374838	3
NCBITaxon:37484	8
NCBITaxon:374858	3
NCBITaxon:37487	6
NCBITaxon:374923	4
NCBITaxon:374927	1
NCBITaxon:374928	1
NCBITaxon:374929	1
NCBITaxon:374930	1
NCBITaxon:374931	1
NCBITaxon:374932	1
NCBITaxon:374933	1
NCBITaxon:374981	2
NCBITaxon:374982	1
NCBITaxon:375	623
NCBITaxon:375061	1
NCBITaxon:375063	1
NCBITaxon:375175	11
NCBITaxon:375177	1
NCBITaxon:375288	11
NCBITaxon:375353	1
NCBITaxon:375432	1
NCBITaxon:375451	1
NCBITaxon:375489	5
NCBITaxon:375541	4
NCBITaxon:375542	4
NCBITaxon:375549	7
NCBITaxon:375550	1
NCBITaxon:375674	2
NCBITaxon:375757	9
NCBITaxon:375760	5
NCBITaxon:375761	5
NCBITaxon:375917	1
NCBITaxon:375918	1
NCBITaxon:375919	1
NCBITaxon:375925	1
NCBITaxon:375926	2
NCBITaxon:375927	1
NCBITaxon:375929	1
NCBITaxon:376	32
NCBITaxon:376150	1
NCBITaxon:376165	8
NCBITaxon:376171	3
NCBITaxon:376174	5
NCBITaxon:376175	1
NCBITaxon:37624	2
NCBITaxon:37625	3
NCBITaxon:37626	2
NCBITaxon:37632	1
NCBITaxon:37633	6
NCBITaxon:37635	3
NCBITaxon:376351	3
NCBITaxon:37636	52
NCBITaxon:37637	90
NCBITaxon:376415	3
NCBITaxon:37642	2
NCBITaxon:376427	9
NCBITaxon:376469	1
NCBITaxon:376470	2
NCBITaxon:376489	3
NCBITaxon:376490	2
NCBITaxon:376542	2
NCBITaxon:37658	3
NCBITaxon:37659	18
NCBITaxon:376619	1
NCBITaxon:37662	3
NCBITaxon:376620	9
NCBITaxon:376625	13
NCBITaxon:376686	3
NCBITaxon:376703	1
NCBITaxon:376725	1
NCBITaxon:376727	3
NCBITaxon:376730	2
NCBITaxon:376733	2
NCBITaxon:376804	14
NCBITaxon:376805	3
NCBITaxon:376806	1
NCBITaxon:376807	3
NCBITaxon:376815	4
NCBITaxon:37692	1
NCBITaxon:37694	1
NCBITaxon:37704	1
NCBITaxon:377141	2
NCBITaxon:377142	2
NCBITaxon:377149	1
NCBITaxon:37727	3
NCBITaxon:377315	1
NCBITaxon:37734	333
NCBITaxon:37752	5
NCBITaxon:377599	1
NCBITaxon:377600	1
NCBITaxon:377601	1
NCBITaxon:377615	2
NCBITaxon:377616	4
NCBITaxon:37762	8
NCBITaxon:37763	1
NCBITaxon:37769	1
NCBITaxon:37782	4
NCBITaxon:378041	1
NCBITaxon:378046	1
NCBITaxon:378047	1
NCBITaxon:378048	1
NCBITaxon:378051	1
NCBITaxon:378053	1
NCBITaxon:378056	1
NCBITaxon:378058	1
NCBITaxon:378059	1
NCBITaxon:378060	1
NCBITaxon:378194	1
NCBITaxon:378210	1
NCBITaxon:378211	3
NCBITaxon:378272	2
NCBITaxon:378274	1
NCBITaxon:378275	2
NCBITaxon:378404	1
NCBITaxon:378543	4
NCBITaxon:378548	1
NCBITaxon:378575	1
NCBITaxon:378655	1
NCBITaxon:378753	1
NCBITaxon:378794	1
NCBITaxon:378806	3
NCBITaxon:379	26
NCBITaxon:379066	2
NCBITaxon:379067	1
NCBITaxon:379069	3
NCBITaxon:379071	2
NCBITaxon:379073	1
NCBITaxon:379075	5
NCBITaxon:379097	8
NCBITaxon:37914	3
NCBITaxon:37915	17
NCBITaxon:37916	7
NCBITaxon:37919	94
NCBITaxon:37921	14
NCBITaxon:37922	5
NCBITaxon:37923	82
NCBITaxon:37925	5
NCBITaxon:37926	8
NCBITaxon:37927	13
NCBITaxon:37928	6
NCBITaxon:37929	11
NCBITaxon:37930	10
NCBITaxon:37931	13
NCBITaxon:379347	66
NCBITaxon:379482	3
NCBITaxon:379530	1
NCBITaxon:379533	1
NCBITaxon:379547	1
NCBITaxon:379684	5
NCBITaxon:379893	12
NCBITaxon:379895	8
NCBITaxon:379896	3
NCBITaxon:379899	4
NCBITaxon:379900	3
NCBITaxon:37992	2
NCBITaxon:37998	1
NCBITaxon:38	4
NCBITaxon:380	110
NCBITaxon:38000	1
NCBITaxon:380012	1
NCBITaxon:380015	1
NCBITaxon:380016	1
NCBITaxon:380021	65
NCBITaxon:38003	1
NCBITaxon:38004	1
NCBITaxon:38005	1
NCBITaxon:380084	3
NCBITaxon:380174	4
NCBITaxon:38023	2
NCBITaxon:38024	3
NCBITaxon:380240	4
NCBITaxon:380242	2
NCBITaxon:380244	4
NCBITaxon:380248	3
NCBITaxon:38025	3
NCBITaxon:38026	5
NCBITaxon:38027	4
NCBITaxon:38032	1
NCBITaxon:38033	8
NCBITaxon:38038	1
NCBITaxon:380392	2
NCBITaxon:380393	16
NCBITaxon:380397	3
NCBITaxon:380469	1
NCBITaxon:380547	1
NCBITaxon:380628	5
NCBITaxon:380629	4
NCBITaxon:380630	3
NCBITaxon:380643	2
NCBITaxon:380665	1
NCBITaxon:380674	4
NCBITaxon:380675	6
NCBITaxon:380685	3
NCBITaxon:380703	1
NCBITaxon:380704	3
NCBITaxon:38072	3
NCBITaxon:380738	4
NCBITaxon:380763	4
NCBITaxon:38082	1
NCBITaxon:380880	1
NCBITaxon:380911	4
NCBITaxon:381	192
NCBITaxon:381046	1
NCBITaxon:381300	2
NCBITaxon:381306	4
NCBITaxon:381308	4
NCBITaxon:381431	5
NCBITaxon:381445	16
NCBITaxon:38146	2
NCBITaxon:381630	1
NCBITaxon:381634	5
NCBITaxon:381665	5
NCBITaxon:381666	1
NCBITaxon:381706	5
NCBITaxon:381741	5
NCBITaxon:381742	5
NCBITaxon:381751	3
NCBITaxon:381754	1
NCBITaxon:381764	1
NCBITaxon:381802	3
NCBITaxon:381829	2
NCBITaxon:381830	5
NCBITaxon:381852	1
NCBITaxon:382	787
NCBITaxon:382245	1
NCBITaxon:382454	1
NCBITaxon:382464	1
NCBITaxon:382504	5
NCBITaxon:382513	1
NCBITaxon:382514	4
NCBITaxon:382530	1
NCBITaxon:382532	1
NCBITaxon:382552	1
NCBITaxon:382638	1
NCBITaxon:382641	5
NCBITaxon:382647	1
NCBITaxon:382652	2
NCBITaxon:382673	1
NCBITaxon:38269	1
NCBITaxon:382777	1
NCBITaxon:38282	3
NCBITaxon:38284	99
NCBITaxon:38286	11
NCBITaxon:38288	27
NCBITaxon:38289	108
NCBITaxon:38290	32
NCBITaxon:38293	106
NCBITaxon:38294	8
NCBITaxon:382954	1
NCBITaxon:38300	5
NCBITaxon:38301	108
NCBITaxon:38302	5
NCBITaxon:38303	36
NCBITaxon:38304	54
NCBITaxon:38305	8
NCBITaxon:38307	25
NCBITaxon:38308	131
NCBITaxon:38310	41
NCBITaxon:38311	5
NCBITaxon:38312	21
NCBITaxon:38313	139
NCBITaxon:38314	12
NCBITaxon:38322	3
NCBITaxon:38323	16
NCBITaxon:383372	1
NCBITaxon:383378	1
NCBITaxon:38345	1
NCBITaxon:38347	1
NCBITaxon:383690	1
NCBITaxon:383750	4
NCBITaxon:383834	7
NCBITaxon:383835	1
NCBITaxon:383837	2
NCBITaxon:383838	1
NCBITaxon:383839	1
NCBITaxon:383840	1
NCBITaxon:383855	8
NCBITaxon:384	993
NCBITaxon:38402	11
NCBITaxon:38443	1
NCBITaxon:38448	3
NCBITaxon:38451	1
NCBITaxon:38457	1
NCBITaxon:384602	5
NCBITaxon:384613	3
NCBITaxon:384621	1
NCBITaxon:384636	4
NCBITaxon:384638	19
NCBITaxon:384639	2
NCBITaxon:384677	5
NCBITaxon:384678	2
NCBITaxon:384765	1
NCBITaxon:38488	1
NCBITaxon:38492	1
NCBITaxon:384933	1
NCBITaxon:385	1
NCBITaxon:38501	1
NCBITaxon:38502	5
NCBITaxon:385029	1
NCBITaxon:38504	3
NCBITaxon:385247	1
NCBITaxon:385413	1
NCBITaxon:38544	1
NCBITaxon:385492	3
NCBITaxon:385682	3
NCBITaxon:385957	2
NCBITaxon:385964	1
NCBITaxon:385965	1
NCBITaxon:385966	19
NCBITaxon:385967	12
NCBITaxon:385968	3
NCBITaxon:385969	3
NCBITaxon:386	12
NCBITaxon:386043	1
NCBITaxon:386056	4
NCBITaxon:386300	4
NCBITaxon:386301	5
NCBITaxon:386302	6
NCBITaxon:386305	3
NCBITaxon:386414	18
NCBITaxon:386456	2
NCBITaxon:386457	1
NCBITaxon:386585	2
NCBITaxon:386874	6
NCBITaxon:386891	11
NCBITaxon:386892	4
NCBITaxon:386911	5
NCBITaxon:386913	5
NCBITaxon:387	10
NCBITaxon:387090	11
NCBITaxon:387094	3
NCBITaxon:387096	4
NCBITaxon:387340	5
NCBITaxon:387341	2
NCBITaxon:387342	1
NCBITaxon:387343	2
NCBITaxon:38746	4
NCBITaxon:387631	1
NCBITaxon:387638	2
NCBITaxon:387659	2
NCBITaxon:387661	20
NCBITaxon:387850	2
NCBITaxon:387889	3
NCBITaxon:387890	3
NCBITaxon:387937	1
NCBITaxon:38815	3
NCBITaxon:38817	3
NCBITaxon:38818	1
NCBITaxon:38822	1
NCBITaxon:388278	5
NCBITaxon:388280	2
NCBITaxon:388357	4
NCBITaxon:388399	1
NCBITaxon:388401	1
NCBITaxon:388408	2
NCBITaxon:388413	2
NCBITaxon:388447	3
NCBITaxon:388459	8
NCBITaxon:388463	5
NCBITaxon:388466	3
NCBITaxon:388557	1
NCBITaxon:388640	2
NCBITaxon:388741	3
NCBITaxon:388746	4
NCBITaxon:38875	8
NCBITaxon:388753	1
NCBITaxon:388810	1
NCBITaxon:388950	6
NCBITaxon:38902	1
NCBITaxon:389348	1
NCBITaxon:38945	1
NCBITaxon:389480	3
NCBITaxon:389662	1
NCBITaxon:389665	1
NCBITaxon:38986	2
NCBITaxon:39	5
NCBITaxon:390239	1
NCBITaxon:390241	7
NCBITaxon:390242	7
NCBITaxon:390269	4
NCBITaxon:390270	4
NCBITaxon:39029	30
NCBITaxon:390333	2
NCBITaxon:39047	3
NCBITaxon:39060	2
NCBITaxon:390637	3
NCBITaxon:390640	3
NCBITaxon:390641	3
NCBITaxon:390697	3
NCBITaxon:390806	2
NCBITaxon:390807	3
NCBITaxon:390841	1
NCBITaxon:390842	5
NCBITaxon:390877	3
NCBITaxon:390878	2
NCBITaxon:390879	4
NCBITaxon:390880	2
NCBITaxon:390883	3
NCBITaxon:390884	3
NCBITaxon:390894	1
NCBITaxon:390896	1
NCBITaxon:390919	3
NCBITaxon:390989	5
NCBITaxon:391	27
NCBITaxon:391036	1
NCBITaxon:391038	1
NCBITaxon:39122	4
NCBITaxon:391287	5
NCBITaxon:391295	1
NCBITaxon:391296	1
NCBITaxon:391358	4
NCBITaxon:39152	27
NCBITaxon:391586	1
NCBITaxon:391591	1
NCBITaxon:391606	3
NCBITaxon:391612	1
NCBITaxon:391615	1
NCBITaxon:391616	3
NCBITaxon:391619	1
NCBITaxon:391623	1
NCBITaxon:391736	4
NCBITaxon:391774	1
NCBITaxon:391823	1
NCBITaxon:391824	1
NCBITaxon:391825	1
NCBITaxon:391826	1
NCBITaxon:391827	1
NCBITaxon:391904	3
NCBITaxon:391905	3
NCBITaxon:391920	1
NCBITaxon:391922	2
NCBITaxon:391948	6
NCBITaxon:391953	4
NCBITaxon:391967	2
NCBITaxon:392009	4
NCBITaxon:392010	4
NCBITaxon:392011	4
NCBITaxon:392012	4
NCBITaxon:392014	3
NCBITaxon:392015	3
NCBITaxon:392016	4
NCBITaxon:392018	6
NCBITaxon:392021	1
NCBITaxon:392036	1
NCBITaxon:392261	1
NCBITaxon:392262	1
NCBITaxon:392263	1
NCBITaxon:392264	1
NCBITaxon:392265	1
NCBITaxon:392320	4
NCBITaxon:392333	2
NCBITaxon:392408	4
NCBITaxon:392409	3
NCBITaxon:392412	2
NCBITaxon:392413	4
NCBITaxon:392414	5
NCBITaxon:392416	20
NCBITaxon:392421	4
NCBITaxon:392484	1
NCBITaxon:392538	1
NCBITaxon:392547	1
NCBITaxon:392561	1
NCBITaxon:392566	1
NCBITaxon:392589	3
NCBITaxon:392593	6
NCBITaxon:392597	5
NCBITaxon:392610	1
NCBITaxon:392613	1
NCBITaxon:392711	3
NCBITaxon:392714	1
NCBITaxon:392717	1
NCBITaxon:392721	1
NCBITaxon:392723	2
NCBITaxon:392733	1
NCBITaxon:392734	4
NCBITaxon:392735	1
NCBITaxon:392736	3
NCBITaxon:392823	2
NCBITaxon:392827	1
NCBITaxon:392828	2
NCBITaxon:392838	2
NCBITaxon:392842	2
NCBITaxon:392844	2
NCBITaxon:39291	1
NCBITaxon:392917	1
NCBITaxon:393	1
NCBITaxon:393003	10
NCBITaxon:393006	2
NCBITaxon:393011	2
NCBITaxon:393030	4
NCBITaxon:393059	1
NCBITaxon:393060	3
NCBITaxon:393087	2
NCBITaxon:393090	3
NCBITaxon:393115	1
NCBITaxon:393122	1
NCBITaxon:393124	1
NCBITaxon:393125	1
NCBITaxon:393127	1
NCBITaxon:393128	1
NCBITaxon:393129	1
NCBITaxon:393130	1
NCBITaxon:393131	1
NCBITaxon:393133	1
NCBITaxon:393250	5
NCBITaxon:393251	5
NCBITaxon:393267	4
NCBITaxon:393278	4
NCBITaxon:393305	1
NCBITaxon:393310	5
NCBITaxon:393480	2
NCBITaxon:393481	4
NCBITaxon:393538	4
NCBITaxon:393607	4
NCBITaxon:393657	2
NCBITaxon:393662	2
NCBITaxon:393663	2
NCBITaxon:393664	13
NCBITaxon:393762	3
NCBITaxon:393763	4
NCBITaxon:393765	3
NCBITaxon:393907	3
NCBITaxon:393921	5
NCBITaxon:39397	2
NCBITaxon:39407	2
NCBITaxon:394090	4
NCBITaxon:394091	4
NCBITaxon:394092	3
NCBITaxon:394093	4
NCBITaxon:394094	4
NCBITaxon:394095	6
NCBITaxon:394096	4
NCBITaxon:394097	4
NCBITaxon:394098	2
NCBITaxon:394104	2
NCBITaxon:39412	1
NCBITaxon:39416	6
NCBITaxon:394193	5
NCBITaxon:394230	4
NCBITaxon:394264	4
NCBITaxon:394294	3
NCBITaxon:394340	5
NCBITaxon:39440	4
NCBITaxon:39441	7
NCBITaxon:394432	1
NCBITaxon:39447	1
NCBITaxon:39448	1
NCBITaxon:39449	3
NCBITaxon:394506	4
NCBITaxon:39455	1
NCBITaxon:394566	2
NCBITaxon:394676	2
NCBITaxon:394732	4
NCBITaxon:394733	4
NCBITaxon:394734	3
NCBITaxon:394751	6
NCBITaxon:39478	8
NCBITaxon:39479	3
NCBITaxon:39480	3
NCBITaxon:394805	2
NCBITaxon:39481	5
NCBITaxon:39482	19
NCBITaxon:39483	15
NCBITaxon:39485	331
NCBITaxon:39486	75
NCBITaxon:39487	7
NCBITaxon:39488	80
NCBITaxon:39489	6
NCBITaxon:39490	13
NCBITaxon:39491	933
NCBITaxon:39492	186
NCBITaxon:39493	3
NCBITaxon:394935	9
NCBITaxon:39494	1
NCBITaxon:39495	1
NCBITaxon:394958	1
NCBITaxon:39496	62
NCBITaxon:394964	4
NCBITaxon:394967	3
NCBITaxon:39498	1
NCBITaxon:395010	1
NCBITaxon:395085	6
NCBITaxon:395087	2
NCBITaxon:395095	3
NCBITaxon:395331	6
NCBITaxon:395355	1
NCBITaxon:395358	2
NCBITaxon:395387	12
NCBITaxon:395494	3
NCBITaxon:395598	17
NCBITaxon:395599	2
NCBITaxon:395600	2
NCBITaxon:395631	9
NCBITaxon:395885	1
NCBITaxon:395922	6
NCBITaxon:395923	2
NCBITaxon:395930	4
NCBITaxon:395933	5
NCBITaxon:395935	1
NCBITaxon:395936	2
NCBITaxon:395937	5
NCBITaxon:39596	2
NCBITaxon:395963	1
NCBITaxon:395965	1
NCBITaxon:396	73
NCBITaxon:396005	2
NCBITaxon:396013	7
NCBITaxon:396014	5
NCBITaxon:396015	6
NCBITaxon:396016	2
NCBITaxon:396024	4
NCBITaxon:396056	3
NCBITaxon:396268	3
NCBITaxon:396317	1
NCBITaxon:396322	3
NCBITaxon:396323	4
NCBITaxon:396332	1
NCBITaxon:396380	1
NCBITaxon:396389	2
NCBITaxon:39643	2
NCBITaxon:39645	155
NCBITaxon:39650	15
NCBITaxon:396504	2
NCBITaxon:39651	1
NCBITaxon:396513	1
NCBITaxon:396571	3
NCBITaxon:396575	1
NCBITaxon:396588	1
NCBITaxon:39664	12
NCBITaxon:39669	5
NCBITaxon:396716	2
NCBITaxon:396808	2
NCBITaxon:396811	3
NCBITaxon:396812	2
NCBITaxon:39687	13
NCBITaxon:39688	5
NCBITaxon:396887	1
NCBITaxon:39689	1
NCBITaxon:39691	5
NCBITaxon:39692	12
NCBITaxon:39693	10
NCBITaxon:39694	8
NCBITaxon:39695	11
NCBITaxon:39702	1
NCBITaxon:397258	5
NCBITaxon:397260	2
NCBITaxon:397271	3
NCBITaxon:397278	5
NCBITaxon:397291	2
NCBITaxon:397448	6
NCBITaxon:397457	6
NCBITaxon:39765	10
NCBITaxon:39766	1
NCBITaxon:39770	3
NCBITaxon:39771	1
NCBITaxon:39772	1
NCBITaxon:39774	1
NCBITaxon:39775	2
NCBITaxon:39776	2
NCBITaxon:39777	39
NCBITaxon:39778	15
NCBITaxon:397865	3
NCBITaxon:39791	51
NCBITaxon:397945	1
NCBITaxon:398	43
NCBITaxon:398000	1
NCBITaxon:398007	3
NCBITaxon:398035	1
NCBITaxon:398036	1
NCBITaxon:398037	3
NCBITaxon:398045	3
NCBITaxon:398046	1
NCBITaxon:398047	1
NCBITaxon:398048	1
NCBITaxon:398049	2
NCBITaxon:398050	1
NCBITaxon:398051	1
NCBITaxon:398052	1
NCBITaxon:398053	2
NCBITaxon:398054	1
NCBITaxon:398174	2
NCBITaxon:398198	1
NCBITaxon:398199	4
NCBITaxon:398235	1
NCBITaxon:398257	6
NCBITaxon:39831	1
NCBITaxon:39841	3
NCBITaxon:39843	1
NCBITaxon:39844	6
NCBITaxon:39846	9
NCBITaxon:398512	1
NCBITaxon:398518	1
NCBITaxon:398555	1
NCBITaxon:398578	1
NCBITaxon:398579	1
NCBITaxon:398580	1
NCBITaxon:398626	1
NCBITaxon:398673	2
NCBITaxon:398675	1
NCBITaxon:398676	1
NCBITaxon:398679	2
NCBITaxon:398694	4
NCBITaxon:398736	1
NCBITaxon:398743	2
NCBITaxon:398758	1
NCBITaxon:398759	5
NCBITaxon:398773	3
NCBITaxon:398843	7
NCBITaxon:399	14
NCBITaxon:399025	1
NCBITaxon:399278	1
NCBITaxon:399320	7
NCBITaxon:399321	3
NCBITaxon:399363	2
NCBITaxon:399370	2
NCBITaxon:399469	1
NCBITaxon:399471	1
NCBITaxon:39948	130
NCBITaxon:399497	3
NCBITaxon:39950	27
NCBITaxon:399548	3
NCBITaxon:399550	1
NCBITaxon:39956	27
NCBITaxon:399579	2
NCBITaxon:399583	1
NCBITaxon:399586	2
NCBITaxon:399587	9
NCBITaxon:39960	3
NCBITaxon:39962	6
NCBITaxon:39966	1
NCBITaxon:399736	5
NCBITaxon:399739	1
NCBITaxon:399783	1
NCBITaxon:399969	9
NCBITaxon:40001	1
NCBITaxon:400055	4
NCBITaxon:400061	3
NCBITaxon:400065	3
NCBITaxon:400091	1
NCBITaxon:400092	4
NCBITaxon:400109	1
NCBITaxon:400142	1
NCBITaxon:400143	1
NCBITaxon:400153	3
NCBITaxon:400390	2
NCBITaxon:40041	14
NCBITaxon:400634	10
NCBITaxon:400657	1
NCBITaxon:400667	1
NCBITaxon:400673	1
NCBITaxon:400768	4
NCBITaxon:400770	1
NCBITaxon:400772	3
NCBITaxon:400774	4
NCBITaxon:400775	3
NCBITaxon:400776	2
NCBITaxon:400777	4
NCBITaxon:40091	27
NCBITaxon:400946	11
NCBITaxon:400947	1
NCBITaxon:400948	1
NCBITaxon:40107	1
NCBITaxon:401106	6
NCBITaxon:40117	27
NCBITaxon:40127	4
NCBITaxon:40137	2
NCBITaxon:40145	7
NCBITaxon:401469	1
NCBITaxon:401470	3
NCBITaxon:401471	3
NCBITaxon:401472	3
NCBITaxon:401558	2
NCBITaxon:401562	5
NCBITaxon:401614	1
NCBITaxon:401619	4
NCBITaxon:401624	1
NCBITaxon:401625	1
NCBITaxon:401638	3
NCBITaxon:401650	1
NCBITaxon:401976	4
NCBITaxon:40199	5
NCBITaxon:40214	148
NCBITaxon:402147	1
NCBITaxon:40215	128
NCBITaxon:40216	80
NCBITaxon:402171	4
NCBITaxon:40218	2
NCBITaxon:40220	1
NCBITaxon:40222	2
NCBITaxon:40223	8
NCBITaxon:402289	1
NCBITaxon:402297	5
NCBITaxon:402384	5
NCBITaxon:402385	5
NCBITaxon:402596	5
NCBITaxon:402600	2
NCBITaxon:40262	4
NCBITaxon:402648	3
NCBITaxon:402649	1
NCBITaxon:402650	7
NCBITaxon:40269	9
NCBITaxon:402734	4
NCBITaxon:402877	2
NCBITaxon:402883	1
NCBITaxon:402884	1
NCBITaxon:40296	3
NCBITaxon:403	15
NCBITaxon:40302	2
NCBITaxon:403063	1
NCBITaxon:40318	14
NCBITaxon:403181	2
NCBITaxon:403191	2
NCBITaxon:403219	2
NCBITaxon:40323	20
NCBITaxon:40324	1110
NCBITaxon:40335	6
NCBITaxon:40355	1
NCBITaxon:403638	5
NCBITaxon:403779	2
NCBITaxon:40380	15
NCBITaxon:40381	5
NCBITaxon:40382	1
NCBITaxon:40383	1
NCBITaxon:403935	6
NCBITaxon:403957	4
NCBITaxon:403962	2
NCBITaxon:403978	26
NCBITaxon:404	1
NCBITaxon:404011	1
NCBITaxon:40409	1
NCBITaxon:40410	3
NCBITaxon:40414	2
NCBITaxon:40419	3
NCBITaxon:404214	1
NCBITaxon:404215	1
NCBITaxon:404216	1
NCBITaxon:404217	1
NCBITaxon:404218	1
NCBITaxon:404235	2
NCBITaxon:404236	3
NCBITaxon:40426	1
NCBITaxon:40428	1
NCBITaxon:404335	2
NCBITaxon:404356	2
NCBITaxon:404366	3
NCBITaxon:40437	1
NCBITaxon:404380	1
NCBITaxon:404385	5
NCBITaxon:404386	4
NCBITaxon:404399	1
NCBITaxon:40440	2
NCBITaxon:404403	3
NCBITaxon:404405	3
NCBITaxon:40442	3
NCBITaxon:404432	2
NCBITaxon:404433	4
NCBITaxon:40450	3
NCBITaxon:404578	3
NCBITaxon:404580	3
NCBITaxon:40472	1
NCBITaxon:40477	25
NCBITaxon:404770	3
NCBITaxon:40479	3
NCBITaxon:40480	20
NCBITaxon:40481	2
NCBITaxon:40482	3
NCBITaxon:40483	2
NCBITaxon:404875	3
NCBITaxon:404881	3
NCBITaxon:40490	1
NCBITaxon:404900	2
NCBITaxon:40492	2
NCBITaxon:404933	3
NCBITaxon:404937	3
NCBITaxon:404941	11
NCBITaxon:404974	1
NCBITaxon:405	4
NCBITaxon:405005	4
NCBITaxon:40516	6
NCBITaxon:40518	663
NCBITaxon:40519	43
NCBITaxon:40520	62
NCBITaxon:405212	41
NCBITaxon:40542	73
NCBITaxon:40543	5
NCBITaxon:405436	4
NCBITaxon:40544	27
NCBITaxon:405444	3
NCBITaxon:405446	4
NCBITaxon:40545	157
NCBITaxon:405532	1
NCBITaxon:405533	1
NCBITaxon:405534	1
NCBITaxon:405536	1
NCBITaxon:405551	4
NCBITaxon:405555	4
NCBITaxon:405559	5
NCBITaxon:405564	4
NCBITaxon:40559	1
NCBITaxon:40561	9
NCBITaxon:40567	10
NCBITaxon:405671	7
NCBITaxon:40571	10
NCBITaxon:405746	5
NCBITaxon:40575	1
NCBITaxon:40576	9
NCBITaxon:40577	10
NCBITaxon:405770	6
NCBITaxon:40578	5
NCBITaxon:405782	4
NCBITaxon:405783	3
NCBITaxon:405840	1
NCBITaxon:405946	10
NCBITaxon:405948	3
NCBITaxon:405955	1
NCBITaxon:406	113
NCBITaxon:40601	3
NCBITaxon:406020	3
NCBITaxon:406100	5
NCBITaxon:406256	1
NCBITaxon:40627	1
NCBITaxon:40633	1
NCBITaxon:406341	2
NCBITaxon:40639	1
NCBITaxon:406431	6
NCBITaxon:406432	3
NCBITaxon:406515	1
NCBITaxon:406547	3
NCBITaxon:406548	3
NCBITaxon:406549	3
NCBITaxon:406556	1
NCBITaxon:406557	1
NCBITaxon:406560	1
NCBITaxon:406562	1
NCBITaxon:40658	3
NCBITaxon:406764	1
NCBITaxon:40681	15
NCBITaxon:40682	13
NCBITaxon:40683	2
NCBITaxon:40694	1
NCBITaxon:40695	3
NCBITaxon:407	22
NCBITaxon:407019	3
NCBITaxon:407022	4
NCBITaxon:407032	1
NCBITaxon:407035	3
NCBITaxon:407036	4
NCBITaxon:407148	1
NCBITaxon:407152	6
NCBITaxon:407159	1
NCBITaxon:407164	3
NCBITaxon:407188	2
NCBITaxon:407226	5
NCBITaxon:407234	2
NCBITaxon:407270	1
NCBITaxon:407301	2
NCBITaxon:40751	1
NCBITaxon:40754	1
NCBITaxon:407844	1
NCBITaxon:407964	1
NCBITaxon:407973	2
NCBITaxon:407974	2
NCBITaxon:407997	3
NCBITaxon:407998	5
NCBITaxon:408	159
NCBITaxon:408015	2
NCBITaxon:408066	3
NCBITaxon:408067	3
NCBITaxon:408074	7
NCBITaxon:408139	6
NCBITaxon:408170	1
NCBITaxon:408174	2
NCBITaxon:40837	3
NCBITaxon:40840	4
NCBITaxon:40841	1
NCBITaxon:408558	3
NCBITaxon:408577	2
NCBITaxon:408580	4
NCBITaxon:408657	4
NCBITaxon:408669	1
NCBITaxon:408753	3
NCBITaxon:409	17
NCBITaxon:409207	1
NCBITaxon:409261	1
NCBITaxon:409290	11
NCBITaxon:409291	8
NCBITaxon:409322	4
NCBITaxon:409370	1
NCBITaxon:409436	2
NCBITaxon:40982	3
NCBITaxon:40983	2
NCBITaxon:40988	30
NCBITaxon:40989	7
NCBITaxon:409893	1
NCBITaxon:40990	28
NCBITaxon:40991	1
NCBITaxon:40993	5
NCBITaxon:40997	1
NCBITaxon:40998	2
NCBITaxon:409997	4
NCBITaxon:409998	6
NCBITaxon:41	7
NCBITaxon:410	11
NCBITaxon:410072	95
NCBITaxon:410252	1
NCBITaxon:410253	1
NCBITaxon:410254	1
NCBITaxon:410289	1
NCBITaxon:410290	1
NCBITaxon:410291	1
NCBITaxon:410332	4
NCBITaxon:410359	3
NCBITaxon:41045	3
NCBITaxon:41047	2
NCBITaxon:41049	1
NCBITaxon:41052	1
NCBITaxon:41054	1
NCBITaxon:41055	1
NCBITaxon:41057	1
NCBITaxon:41061	5
NCBITaxon:41062	1
NCBITaxon:41063	1
NCBITaxon:410658	1
NCBITaxon:41066	1
NCBITaxon:41067	1
NCBITaxon:410755	1
NCBITaxon:410756	1
NCBITaxon:410764	4
NCBITaxon:410835	1
NCBITaxon:410836	1
NCBITaxon:410837	7
NCBITaxon:410839	2
NCBITaxon:410840	2
NCBITaxon:410841	3
NCBITaxon:411153	3
NCBITaxon:411154	1
NCBITaxon:41122	1
NCBITaxon:411235	4
NCBITaxon:411357	1
NCBITaxon:411462	1
NCBITaxon:411466	1
NCBITaxon:411468	4
NCBITaxon:411470	3
NCBITaxon:411472	1
NCBITaxon:411474	1
NCBITaxon:411483	3
NCBITaxon:411486	1
NCBITaxon:411490	1
NCBITaxon:411567	4
NCBITaxon:411570	4
NCBITaxon:411577	5
NCBITaxon:41170	26
NCBITaxon:411902	2
NCBITaxon:411903	5
NCBITaxon:411922	1
NCBITaxon:411923	1
NCBITaxon:411945	4
NCBITaxon:411959	1
NCBITaxon:41200	1
NCBITaxon:41202	84
NCBITaxon:412021	1
NCBITaxon:412030	3
NCBITaxon:412034	4
NCBITaxon:41211	1
NCBITaxon:412156	1
NCBITaxon:412157	1
NCBITaxon:412158	1
NCBITaxon:412383	2
NCBITaxon:412384	50
NCBITaxon:412417	3
NCBITaxon:412422	1
NCBITaxon:412437	5
NCBITaxon:412438	4
NCBITaxon:412439	4
NCBITaxon:412448	1
NCBITaxon:412592	1
NCBITaxon:412593	2
NCBITaxon:412687	4
NCBITaxon:412689	6
NCBITaxon:412690	5
NCBITaxon:412694	1
NCBITaxon:41275	17
NCBITaxon:41276	136
NCBITaxon:412764	1
NCBITaxon:41281	1
NCBITaxon:412861	4
NCBITaxon:41288	1
NCBITaxon:412895	1
NCBITaxon:412896	2
NCBITaxon:41290	2
NCBITaxon:412901	1
NCBITaxon:41292	3
NCBITaxon:41293	3
NCBITaxon:41294	36
NCBITaxon:41295	4
NCBITaxon:41296	2
NCBITaxon:412963	4
NCBITaxon:412965	1
NCBITaxon:41297	14
NCBITaxon:413194	1
NCBITaxon:413232	3
NCBITaxon:413306	5
NCBITaxon:413401	22
NCBITaxon:413402	6
NCBITaxon:413403	2
NCBITaxon:413404	1
NCBITaxon:413434	4
NCBITaxon:413479	3
NCBITaxon:413496	2
NCBITaxon:413497	50
NCBITaxon:413501	17
NCBITaxon:413502	15
NCBITaxon:413503	44
NCBITaxon:413712	3
NCBITaxon:413713	2
NCBITaxon:413810	3
NCBITaxon:413812	3
NCBITaxon:413815	3
NCBITaxon:413816	1
NCBITaxon:413849	1
NCBITaxon:413882	1
NCBITaxon:413888	1
NCBITaxon:413889	1
NCBITaxon:413949	3
NCBITaxon:413964	3
NCBITaxon:413996	1
NCBITaxon:413997	1
NCBITaxon:413999	1
NCBITaxon:414	18
NCBITaxon:414046	1
NCBITaxon:414048	4
NCBITaxon:414049	3
NCBITaxon:414050	1
NCBITaxon:414052	4
NCBITaxon:41412	9
NCBITaxon:41416	1
NCBITaxon:41418	1
NCBITaxon:41419	1
NCBITaxon:414286	5
NCBITaxon:414288	2
NCBITaxon:414289	1
NCBITaxon:41434	1
NCBITaxon:414539	4
NCBITaxon:41456	1
NCBITaxon:414682	1
NCBITaxon:414689	3
NCBITaxon:414703	1
NCBITaxon:414771	4
NCBITaxon:414778	3
NCBITaxon:414885	1
NCBITaxon:414996	9
NCBITaxon:414999	7
NCBITaxon:415	2
NCBITaxon:415000	6
NCBITaxon:415001	3
NCBITaxon:415002	4
NCBITaxon:415010	3
NCBITaxon:415015	3
NCBITaxon:41517	1
NCBITaxon:41520	1
NCBITaxon:415209	5
NCBITaxon:415210	5
NCBITaxon:415212	4
NCBITaxon:415214	4
NCBITaxon:415215	5
NCBITaxon:415216	5
NCBITaxon:415217	5
NCBITaxon:415218	4
NCBITaxon:415221	1
NCBITaxon:415222	2
NCBITaxon:415223	1
NCBITaxon:415229	3
NCBITaxon:415242	1
NCBITaxon:415418	1
NCBITaxon:415425	5
NCBITaxon:415540	11
NCBITaxon:415593	1
NCBITaxon:415721	4
NCBITaxon:415747	4
NCBITaxon:415849	3
NCBITaxon:415851	3
NCBITaxon:415956	3
NCBITaxon:415996	3
NCBITaxon:416	3
NCBITaxon:416012	4
NCBITaxon:416016	4
NCBITaxon:416017	4
NCBITaxon:416018	1
NCBITaxon:416169	4
NCBITaxon:416170	3
NCBITaxon:416212	8
NCBITaxon:416213	5
NCBITaxon:416230	3
NCBITaxon:416269	1
NCBITaxon:416273	3
NCBITaxon:416441	1
NCBITaxon:416442	2
NCBITaxon:416450	2
NCBITaxon:416555	3
NCBITaxon:416568	5
NCBITaxon:416585	2
NCBITaxon:416586	15
NCBITaxon:416591	1
NCBITaxon:41668	2
NCBITaxon:41673	5
NCBITaxon:41674	2
NCBITaxon:41675	2
NCBITaxon:416870	2
NCBITaxon:416872	5
NCBITaxon:416873	5
NCBITaxon:416874	5
NCBITaxon:41688	1
NCBITaxon:416943	12
NCBITaxon:416944	1
NCBITaxon:416955	2
NCBITaxon:417102	4
NCBITaxon:417175	1
NCBITaxon:417176	6
NCBITaxon:417177	2
NCBITaxon:417178	4
NCBITaxon:417182	1
NCBITaxon:417184	1
NCBITaxon:417203	5
NCBITaxon:41725	1
NCBITaxon:41727	1
NCBITaxon:417292	1
NCBITaxon:417295	3
NCBITaxon:417300	1
NCBITaxon:41731	1
NCBITaxon:41734	1
NCBITaxon:41735	2
NCBITaxon:41736	2
NCBITaxon:417367	3
NCBITaxon:417368	11
NCBITaxon:417373	1
NCBITaxon:41738	1
NCBITaxon:417398	1
NCBITaxon:417400	3
NCBITaxon:41742	1
NCBITaxon:41743	1
NCBITaxon:41744	1
NCBITaxon:41745	1
NCBITaxon:41746	1
NCBITaxon:41749	1
NCBITaxon:41750	1
NCBITaxon:41752	1
NCBITaxon:41753	1
NCBITaxon:41755	1
NCBITaxon:41757	1
NCBITaxon:417574	2
NCBITaxon:41759	1
NCBITaxon:41761	1
NCBITaxon:41762	1
NCBITaxon:417621	2
NCBITaxon:417745	4
NCBITaxon:417897	2
NCBITaxon:417948	5
NCBITaxon:418	1
NCBITaxon:418008	1
NCBITaxon:418010	4
NCBITaxon:41804	5
NCBITaxon:418086	1
NCBITaxon:418125	3
NCBITaxon:418126	1
NCBITaxon:418127	1
NCBITaxon:418136	1
NCBITaxon:418184	5
NCBITaxon:418223	5
NCBITaxon:418240	205
NCBITaxon:41833	6
NCBITaxon:418417	2
NCBITaxon:418453	1
NCBITaxon:418459	1
NCBITaxon:418495	3
NCBITaxon:418497	3
NCBITaxon:418498	2
NCBITaxon:418499	3
NCBITaxon:418630	2
NCBITaxon:418643	5
NCBITaxon:418646	3
NCBITaxon:418647	3
NCBITaxon:418699	6
NCBITaxon:418700	1
NCBITaxon:418701	2
NCBITaxon:418702	5
NCBITaxon:418707	3
NCBITaxon:418708	4
NCBITaxon:418719	7
NCBITaxon:418750	3
NCBITaxon:418756	2
NCBITaxon:418759	4
NCBITaxon:418781	3
NCBITaxon:418784	2
NCBITaxon:418853	1
NCBITaxon:418854	2
NCBITaxon:418855	1
NCBITaxon:418856	2
NCBITaxon:418933	1
NCBITaxon:418937	1
NCBITaxon:418940	3
NCBITaxon:418946	1
NCBITaxon:41899	54
NCBITaxon:418991	2
NCBITaxon:41900	1
NCBITaxon:419005	3
NCBITaxon:419007	8
NCBITaxon:41901	1
NCBITaxon:419015	38
NCBITaxon:41903	2
NCBITaxon:419186	2
NCBITaxon:419208	8
NCBITaxon:419257	15
NCBITaxon:419474	6
NCBITaxon:419475	10
NCBITaxon:419476	4
NCBITaxon:419477	3
NCBITaxon:419479	4
NCBITaxon:419481	3
NCBITaxon:41951	1
NCBITaxon:41955	1
NCBITaxon:41956	3
NCBITaxon:41959	1
NCBITaxon:419590	4
NCBITaxon:419597	4
NCBITaxon:419650	1
NCBITaxon:41976	6
NCBITaxon:41977	9
NCBITaxon:419775	1
NCBITaxon:41978	2
NCBITaxon:41980	7
NCBITaxon:419825	5
NCBITaxon:41984	4
NCBITaxon:41985	4
NCBITaxon:41986	26
NCBITaxon:41988	8
NCBITaxon:419934	1
NCBITaxon:419940	4
NCBITaxon:419942	1
NCBITaxon:41997	30
NCBITaxon:42	1
NCBITaxon:420245	1
NCBITaxon:420247	1
NCBITaxon:420259	1
NCBITaxon:420275	1
NCBITaxon:420281	1
NCBITaxon:420324	2
NCBITaxon:420336	2
NCBITaxon:420402	3
NCBITaxon:420403	2
NCBITaxon:420404	5
NCBITaxon:420412	1
NCBITaxon:42054	2
NCBITaxon:42055	5
NCBITaxon:420556	1
NCBITaxon:42056	3
NCBITaxon:420591	1
NCBITaxon:420592	3
NCBITaxon:420593	4
NCBITaxon:420594	5
NCBITaxon:420645	2
NCBITaxon:42067	1
NCBITaxon:42068	1
NCBITaxon:420778	3
NCBITaxon:420782	1
NCBITaxon:420889	3
NCBITaxon:420890	2
NCBITaxon:42093	1
NCBITaxon:42094	5
NCBITaxon:42095	4
NCBITaxon:420952	12
NCBITaxon:420953	3
NCBITaxon:420955	3
NCBITaxon:42096	5
NCBITaxon:420996	1
NCBITaxon:420998	5
NCBITaxon:420999	4
NCBITaxon:421	10
NCBITaxon:421000	3
NCBITaxon:421052	1
NCBITaxon:421058	4
NCBITaxon:421072	2
NCBITaxon:42109	1
NCBITaxon:421115	2
NCBITaxon:42149	1
NCBITaxon:421525	3
NCBITaxon:421530	7
NCBITaxon:421531	5
NCBITaxon:421621	1
NCBITaxon:421624	2
NCBITaxon:421629	2
NCBITaxon:421767	6
NCBITaxon:421768	3
NCBITaxon:42190	2
NCBITaxon:42197	13
NCBITaxon:42198	4
NCBITaxon:42210	1
NCBITaxon:42214	1
NCBITaxon:422282	2
NCBITaxon:422297	2
NCBITaxon:42233	5
NCBITaxon:42234	30
NCBITaxon:42235	13
NCBITaxon:42236	22
NCBITaxon:42237	12
NCBITaxon:42238	12
NCBITaxon:42239	3
NCBITaxon:422441	1
NCBITaxon:422442	6
NCBITaxon:42249	1
NCBITaxon:42251	27
NCBITaxon:42252	3
NCBITaxon:42253	1
NCBITaxon:42255	1
NCBITaxon:42256	5
NCBITaxon:42258	2
NCBITaxon:42260	1
NCBITaxon:423211	1
NCBITaxon:423212	1
NCBITaxon:42322	7
NCBITaxon:42323	1
NCBITaxon:423349	7
NCBITaxon:423350	4
NCBITaxon:423351	3
NCBITaxon:423368	2
NCBITaxon:423455	2
NCBITaxon:423477	5
NCBITaxon:42353	5
NCBITaxon:423536	1
NCBITaxon:42354	4
NCBITaxon:423541	2
NCBITaxon:42360	1
NCBITaxon:423604	4
NCBITaxon:42366	2
NCBITaxon:42374	3
NCBITaxon:42375	2
NCBITaxon:42384	1
NCBITaxon:424188	1
NCBITaxon:42419	3
NCBITaxon:42421	3
NCBITaxon:424218	2
NCBITaxon:42442	2
NCBITaxon:42443	3
NCBITaxon:42444	10
NCBITaxon:42445	2
NCBITaxon:42448	2
NCBITaxon:424488	1
NCBITaxon:424539	1
NCBITaxon:42458	30
NCBITaxon:42464	1
NCBITaxon:424704	3
NCBITaxon:42471	2
NCBITaxon:424717	4
NCBITaxon:424719	2
NCBITaxon:424720	5
NCBITaxon:424757	4
NCBITaxon:424758	4
NCBITaxon:424795	3
NCBITaxon:424796	4
NCBITaxon:424797	4
NCBITaxon:424798	1
NCBITaxon:424799	2
NCBITaxon:42480	1
NCBITaxon:424800	4
NCBITaxon:424902	1
NCBITaxon:425	1
NCBITaxon:425004	3
NCBITaxon:425005	4
NCBITaxon:425006	3
NCBITaxon:425011	1
NCBITaxon:425306	4
NCBITaxon:425309	5
NCBITaxon:425400	1
NCBITaxon:425498	2
NCBITaxon:425504	3
NCBITaxon:425511	2
NCBITaxon:425512	2
NCBITaxon:425513	2
NCBITaxon:425514	3
NCBITaxon:42566	4
NCBITaxon:425677	3
NCBITaxon:425941	7
NCBITaxon:425942	1
NCBITaxon:425944	1
NCBITaxon:426	8
NCBITaxon:426114	3
NCBITaxon:426118	1
NCBITaxon:426128	3
NCBITaxon:426129	3
NCBITaxon:426226	2
NCBITaxon:426371	2
NCBITaxon:426421	3
NCBITaxon:426428	1
NCBITaxon:426430	2
NCBITaxon:426481	4
NCBITaxon:426599	1
NCBITaxon:426623	2
NCBITaxon:426625	1
NCBITaxon:42665	1
NCBITaxon:426650	1
NCBITaxon:426688	1
NCBITaxon:42669	1
NCBITaxon:426701	4
NCBITaxon:426702	4
NCBITaxon:426703	5
NCBITaxon:426704	4
NCBITaxon:426706	3
NCBITaxon:426707	3
NCBITaxon:42671	2
NCBITaxon:426716	3
NCBITaxon:42673	4
NCBITaxon:426756	3
NCBITaxon:426757	4
NCBITaxon:42677	1
NCBITaxon:42684	28
NCBITaxon:427072	4
NCBITaxon:427078	4
NCBITaxon:427081	1
NCBITaxon:427082	1
NCBITaxon:427292	1
NCBITaxon:427312	1
NCBITaxon:427317	1
NCBITaxon:427318	1
NCBITaxon:427333	4
NCBITaxon:427351	2
NCBITaxon:427369	4
NCBITaxon:42741	1
NCBITaxon:42742	15
NCBITaxon:42747	3
NCBITaxon:427589	1
NCBITaxon:427683	1
NCBITaxon:427705	1
NCBITaxon:427754	3
NCBITaxon:427759	1
NCBITaxon:42777	4
NCBITaxon:427918	6
NCBITaxon:427920	3
NCBITaxon:427922	2
NCBITaxon:427923	5
NCBITaxon:427926	1
NCBITaxon:428	7
NCBITaxon:428031	3
NCBITaxon:42808	4
NCBITaxon:42810	1
NCBITaxon:428125	1
NCBITaxon:428126	1
NCBITaxon:428128	1
NCBITaxon:42817	11
NCBITaxon:428406	1
NCBITaxon:428411	1
NCBITaxon:428412	1
NCBITaxon:42858	46
NCBITaxon:42859	2
NCBITaxon:42862	3
NCBITaxon:428712	4
NCBITaxon:42879	2
NCBITaxon:42881	10
NCBITaxon:42890	2
NCBITaxon:42895	12
NCBITaxon:42897	58
NCBITaxon:428988	4
NCBITaxon:428990	1
NCBITaxon:428991	2
NCBITaxon:428992	2
NCBITaxon:428993	2
NCBITaxon:429	13
NCBITaxon:429001	1
NCBITaxon:429014	2
NCBITaxon:42906	72
NCBITaxon:429131	1
NCBITaxon:429133	5
NCBITaxon:429134	4
NCBITaxon:429340	1
NCBITaxon:429341	2
NCBITaxon:429342	2
NCBITaxon:429344	4
NCBITaxon:429562	1
NCBITaxon:429572	1
NCBITaxon:429726	2
NCBITaxon:429727	3
NCBITaxon:429728	1
NCBITaxon:43	37
NCBITaxon:430453	2
NCBITaxon:430457	5
NCBITaxon:43049	7
NCBITaxon:430521	1
NCBITaxon:430522	2
NCBITaxon:430531	5
NCBITaxon:430556	1
NCBITaxon:430557	2
NCBITaxon:430558	1
NCBITaxon:43057	6
NCBITaxon:43064	5
NCBITaxon:430676	1
NCBITaxon:430679	4
NCBITaxon:430683	1
NCBITaxon:430684	1
NCBITaxon:430685	1
NCBITaxon:43075	1
NCBITaxon:430797	1
NCBITaxon:430798	1
NCBITaxon:43080	3
NCBITaxon:430914	1
NCBITaxon:431041	5
NCBITaxon:431043	1
NCBITaxon:431058	3
NCBITaxon:431059	1
NCBITaxon:431060	2
NCBITaxon:431061	1
NCBITaxon:431197	1
NCBITaxon:431200	1
NCBITaxon:431269	6
NCBITaxon:431270	1
NCBITaxon:431273	1
NCBITaxon:431306	4
NCBITaxon:43131	14
NCBITaxon:431333	1
NCBITaxon:43137	1
NCBITaxon:43138	1
NCBITaxon:431391	1
NCBITaxon:431394	1
NCBITaxon:43143	2
NCBITaxon:431489	5
NCBITaxon:431553	3
NCBITaxon:431554	3
NCBITaxon:431596	3
NCBITaxon:431675	4
NCBITaxon:431677	3
NCBITaxon:431946	1
NCBITaxon:431947	1
NCBITaxon:432096	6
NCBITaxon:432100	2
NCBITaxon:432108	1
NCBITaxon:432111	1
NCBITaxon:432112	1
NCBITaxon:432114	1
NCBITaxon:43215	1
NCBITaxon:43227	1
NCBITaxon:432296	1
NCBITaxon:432303	1
NCBITaxon:432308	5
NCBITaxon:432329	6
NCBITaxon:432607	1
NCBITaxon:432608	1
NCBITaxon:43263	97
NCBITaxon:43265	2
NCBITaxon:433	37
NCBITaxon:43304	14
NCBITaxon:43305	3
NCBITaxon:43306	36
NCBITaxon:433279	3
NCBITaxon:433286	3
NCBITaxon:433287	3
NCBITaxon:433293	3
NCBITaxon:433296	3
NCBITaxon:433321	3
NCBITaxon:433323	3
NCBITaxon:433330	3
NCBITaxon:433338	3
NCBITaxon:43348	6
NCBITaxon:43353	10
NCBITaxon:43354	12
NCBITaxon:43355	7
NCBITaxon:433606	4
NCBITaxon:433641	6
NCBITaxon:433643	4
NCBITaxon:433644	6
NCBITaxon:433645	4
NCBITaxon:433646	5
NCBITaxon:433647	6
NCBITaxon:433648	4
NCBITaxon:433649	5
NCBITaxon:433651	4
NCBITaxon:433652	3
NCBITaxon:433654	4
NCBITaxon:433657	4
NCBITaxon:433659	5
NCBITaxon:433660	2
NCBITaxon:433663	3
NCBITaxon:433664	3
NCBITaxon:433840	2
NCBITaxon:433924	8
NCBITaxon:434	26
NCBITaxon:434010	2
NCBITaxon:434039	1
NCBITaxon:434040	1
NCBITaxon:434042	1
NCBITaxon:434044	1
NCBITaxon:434046	1
NCBITaxon:434086	5
NCBITaxon:434131	1
NCBITaxon:434199	1
NCBITaxon:434259	2
NCBITaxon:434271	1
NCBITaxon:43433	1
NCBITaxon:434347	4
NCBITaxon:43439	1
NCBITaxon:434464	5
NCBITaxon:434487	1
NCBITaxon:435	293
NCBITaxon:435258	2
NCBITaxon:435289	3
NCBITaxon:435321	1
NCBITaxon:435389	2
NCBITaxon:435590	18
NCBITaxon:435837	1
NCBITaxon:435838	1
NCBITaxon:435880	4
NCBITaxon:435897	8
NCBITaxon:435905	3
NCBITaxon:435906	5
NCBITaxon:435907	2
NCBITaxon:435908	4
NCBITaxon:435909	2
NCBITaxon:435910	4
NCBITaxon:435911	2
NCBITaxon:435912	2
NCBITaxon:435914	3
NCBITaxon:435915	1
NCBITaxon:43595	17
NCBITaxon:436	57
NCBITaxon:436000	3
NCBITaxon:436113	3
NCBITaxon:436145	1
NCBITaxon:43617	7
NCBITaxon:436229	1
NCBITaxon:436231	6
NCBITaxon:436295	7
NCBITaxon:436308	1
NCBITaxon:436356	4
NCBITaxon:436397	1
NCBITaxon:436510	3
NCBITaxon:436515	26
NCBITaxon:436516	7
NCBITaxon:43654	24
NCBITaxon:43655	6
NCBITaxon:43656	4
NCBITaxon:43657	37
NCBITaxon:43658	18
NCBITaxon:43659	8
NCBITaxon:43660	8
NCBITaxon:43661	14
NCBITaxon:43662	34
NCBITaxon:43663	13
NCBITaxon:43664	8
NCBITaxon:43665	15
NCBITaxon:43666	5
NCBITaxon:436663	2
NCBITaxon:43667	7
NCBITaxon:43668	2
NCBITaxon:43669	4
NCBITaxon:43670	7
NCBITaxon:43671	6
NCBITaxon:436717	2
NCBITaxon:43674	6
NCBITaxon:43675	102
NCBITaxon:43677	7
NCBITaxon:43678	12
NCBITaxon:43686	1
NCBITaxon:43687	43
NCBITaxon:43695	1
NCBITaxon:437	16
NCBITaxon:437022	1
NCBITaxon:437163	2
NCBITaxon:437503	1
NCBITaxon:437505	2
NCBITaxon:437507	3
NCBITaxon:43759	7
NCBITaxon:43765	116
NCBITaxon:43767	286
NCBITaxon:43768	21
NCBITaxon:43769	24
NCBITaxon:43770	148
NCBITaxon:43771	90
NCBITaxon:43772	3
NCBITaxon:43773	1
NCBITaxon:43774	9
NCBITaxon:43775	2
NCBITaxon:437752	2
NCBITaxon:43776	5
NCBITaxon:437897	159
NCBITaxon:437898	4
NCBITaxon:437900	5
NCBITaxon:438	809
NCBITaxon:438033	6
NCBITaxon:438356	3
NCBITaxon:438410	1
NCBITaxon:438595	3
NCBITaxon:438596	2
NCBITaxon:438744	7
NCBITaxon:438751	4
NCBITaxon:438752	4
NCBITaxon:438768	1
NCBITaxon:438776	1
NCBITaxon:438851	3
NCBITaxon:438855	2
NCBITaxon:438856	3
NCBITaxon:439184	1
NCBITaxon:439219	3
NCBITaxon:439220	2
NCBITaxon:439228	2
NCBITaxon:43925	1
NCBITaxon:43927	2
NCBITaxon:43928	4
NCBITaxon:439292	1
NCBITaxon:439312	5
NCBITaxon:439317	1
NCBITaxon:439334	111
NCBITaxon:439386	1
NCBITaxon:43947	1
NCBITaxon:439476	1
NCBITaxon:43948	1
NCBITaxon:439481	1
NCBITaxon:439482	1
NCBITaxon:439485	1
NCBITaxon:439487	1
NCBITaxon:439501	1
NCBITaxon:439529	1
NCBITaxon:43958	2
NCBITaxon:43959	1
NCBITaxon:439611	1
NCBITaxon:439612	4
NCBITaxon:43962	1
NCBITaxon:43963	1
NCBITaxon:43968	4
NCBITaxon:439699	5
NCBITaxon:43970	1
NCBITaxon:439703	2
NCBITaxon:43972	1
NCBITaxon:43974	1
NCBITaxon:43975	6
NCBITaxon:43976	1
NCBITaxon:43981	1
NCBITaxon:43982	2
NCBITaxon:43983	1
NCBITaxon:43984	1
NCBITaxon:439842	1
NCBITaxon:439843	1
NCBITaxon:439846	1
NCBITaxon:439847	1
NCBITaxon:43985	2
NCBITaxon:439851	1
NCBITaxon:439855	1
NCBITaxon:43988	2
NCBITaxon:43989	1
NCBITaxon:43990	1
NCBITaxon:43992	35
NCBITaxon:43995	1
NCBITaxon:44001	2
NCBITaxon:44007	22
NCBITaxon:440079	7
NCBITaxon:44008	106
NCBITaxon:440085	1
NCBITaxon:44009	12
NCBITaxon:44010	4
NCBITaxon:44011	4
NCBITaxon:44012	10
NCBITaxon:44013	63
NCBITaxon:440168	2
NCBITaxon:44032	7
NCBITaxon:44033	6
NCBITaxon:440482	2
NCBITaxon:440514	4
NCBITaxon:440515	4
NCBITaxon:440524	47
NCBITaxon:440534	1
NCBITaxon:44056	6
NCBITaxon:44058	1
NCBITaxon:44060	10
NCBITaxon:44061	12
NCBITaxon:44065	1
NCBITaxon:44066	2
NCBITaxon:44067	1
NCBITaxon:44068	1
NCBITaxon:44070	1
NCBITaxon:44071	1
NCBITaxon:44073	1
NCBITaxon:44074	1
NCBITaxon:44075	1
NCBITaxon:44076	1
NCBITaxon:44078	1
NCBITaxon:44080	1
NCBITaxon:44082	1
NCBITaxon:44089	2
NCBITaxon:44090	2
NCBITaxon:44091	1
NCBITaxon:44092	3
NCBITaxon:44093	1
NCBITaxon:44098	3
NCBITaxon:44100	1
NCBITaxon:441103	3
NCBITaxon:441112	2
NCBITaxon:441119	2
NCBITaxon:441151	3
NCBITaxon:441157	2
NCBITaxon:441209	4
NCBITaxon:441500	3
NCBITaxon:441501	4
NCBITaxon:44161	2
NCBITaxon:441616	4
NCBITaxon:44162	1
NCBITaxon:441770	1
NCBITaxon:441771	1
NCBITaxon:441772	1
NCBITaxon:441950	3
NCBITaxon:441952	1
NCBITaxon:442	576
NCBITaxon:442121	1
NCBITaxon:442341	3
NCBITaxon:442346	1
NCBITaxon:442430	19
NCBITaxon:44249	50
NCBITaxon:44250	173
NCBITaxon:44251	40
NCBITaxon:44252	260
NCBITaxon:442525	1
NCBITaxon:442526	5
NCBITaxon:442528	3
NCBITaxon:44253	87
NCBITaxon:44255	5
NCBITaxon:44256	1
NCBITaxon:442563	1
NCBITaxon:44258	2
NCBITaxon:44260	1
NCBITaxon:442694	265
NCBITaxon:442709	4
NCBITaxon:44271	2
NCBITaxon:442714	4
NCBITaxon:44273	6
NCBITaxon:442733	1
NCBITaxon:442734	4
NCBITaxon:44275	2
NCBITaxon:44276	1
NCBITaxon:44283	32
NCBITaxon:442866	3
NCBITaxon:442868	3
NCBITaxon:442870	3
NCBITaxon:442899	2
NCBITaxon:44294	1
NCBITaxon:442954	3
NCBITaxon:442969	2
NCBITaxon:443146	1
NCBITaxon:443155	1
NCBITaxon:443156	3
NCBITaxon:443157	4
NCBITaxon:443158	2
NCBITaxon:443218	1
NCBITaxon:44322	7
NCBITaxon:443226	2
NCBITaxon:443253	1
NCBITaxon:443342	1
NCBITaxon:443610	3
NCBITaxon:443612	4
NCBITaxon:443615	4
NCBITaxon:443616	4
NCBITaxon:44383	3
NCBITaxon:443906	1
NCBITaxon:444	2
NCBITaxon:444053	2
NCBITaxon:444060	3
NCBITaxon:444066	1
NCBITaxon:444091	2
NCBITaxon:444093	3
NCBITaxon:44411	1
NCBITaxon:44412	1
NCBITaxon:444162	2
NCBITaxon:444163	1
NCBITaxon:444177	1
NCBITaxon:444179	1
NCBITaxon:44440	2
NCBITaxon:44442	3
NCBITaxon:444440	1
NCBITaxon:444444	6
NCBITaxon:444447	1
NCBITaxon:444448	1
NCBITaxon:444449	1
NCBITaxon:44445	1
NCBITaxon:444450	1
NCBITaxon:444451	1
NCBITaxon:444452	1
NCBITaxon:444453	1
NCBITaxon:444454	1
NCBITaxon:444461	1
NCBITaxon:444463	2
NCBITaxon:44447	2
NCBITaxon:44449	6
NCBITaxon:444514	2
NCBITaxon:444515	7
NCBITaxon:44452	1
NCBITaxon:44454	5
NCBITaxon:444597	5
NCBITaxon:444599	1
NCBITaxon:444608	3
NCBITaxon:44467	1
NCBITaxon:44470	2
NCBITaxon:44471	1
NCBITaxon:44475	1
NCBITaxon:444778	1
NCBITaxon:444918	4
NCBITaxon:445	8
NCBITaxon:445220	2
NCBITaxon:445226	1
NCBITaxon:445327	2
NCBITaxon:445334	1
NCBITaxon:445337	1
NCBITaxon:445338	1
NCBITaxon:445629	3
NCBITaxon:44565	2
NCBITaxon:445709	3
NCBITaxon:445710	4
NCBITaxon:44574	15
NCBITaxon:44575	1
NCBITaxon:44576	1
NCBITaxon:44577	10
NCBITaxon:445902	1
NCBITaxon:445930	5
NCBITaxon:445931	2
NCBITaxon:445960	5
NCBITaxon:445961	5
NCBITaxon:445973	1
NCBITaxon:445974	1
NCBITaxon:445975	1
NCBITaxon:446	781
NCBITaxon:446043	19
NCBITaxon:44606	1
NCBITaxon:446075	5
NCBITaxon:44608	1
NCBITaxon:44614	1
NCBITaxon:446223	1
NCBITaxon:446224	1
NCBITaxon:44625	2
NCBITaxon:44634	1
NCBITaxon:446370	1
NCBITaxon:446372	4
NCBITaxon:446374	4
NCBITaxon:44645	1
NCBITaxon:446465	2
NCBITaxon:446466	1
NCBITaxon:446468	1
NCBITaxon:446469	1
NCBITaxon:446470	1
NCBITaxon:446471	1
NCBITaxon:446509	1
NCBITaxon:446660	18
NCBITaxon:446679	1
NCBITaxon:446680	16
NCBITaxon:446681	3
NCBITaxon:446682	2
NCBITaxon:446683	2
NCBITaxon:446684	3
NCBITaxon:446692	4
NCBITaxon:44671	2
NCBITaxon:44672	3
NCBITaxon:44674	1
NCBITaxon:44675	2
NCBITaxon:44676	2
NCBITaxon:446786	5
NCBITaxon:446787	4
NCBITaxon:446820	4
NCBITaxon:446860	5
NCBITaxon:44688	7
NCBITaxon:44689	1
NCBITaxon:446911	3
NCBITaxon:447	14
NCBITaxon:447106	2
NCBITaxon:447199	4
NCBITaxon:447237	1
NCBITaxon:447248	1
NCBITaxon:447255	2
NCBITaxon:447320	1
NCBITaxon:447321	1
NCBITaxon:44742	2
NCBITaxon:447421	4
NCBITaxon:447422	4
NCBITaxon:447424	3
NCBITaxon:447425	4
NCBITaxon:447456	4
NCBITaxon:44746	1
NCBITaxon:44747	1
NCBITaxon:447471	2
NCBITaxon:44748	1
NCBITaxon:44749	1
NCBITaxon:44750	1
NCBITaxon:44752	15
NCBITaxon:44753	4
NCBITaxon:44754	2
NCBITaxon:447567	3
NCBITaxon:44757	1
NCBITaxon:447593	2
NCBITaxon:447594	2
NCBITaxon:447595	4
NCBITaxon:44765	3
NCBITaxon:447679	5
NCBITaxon:447689	3
NCBITaxon:447826	1
NCBITaxon:447827	11
NCBITaxon:447829	2
NCBITaxon:447830	1
NCBITaxon:447832	3
NCBITaxon:447962	1
NCBITaxon:448	4
NCBITaxon:448051	1
NCBITaxon:448125	1
NCBITaxon:448141	4
NCBITaxon:448181	1
NCBITaxon:44823	1
NCBITaxon:448276	1
NCBITaxon:448385	1
NCBITaxon:448386	1
NCBITaxon:449	8
NCBITaxon:449195	4
NCBITaxon:449216	1
NCBITaxon:44930	2
NCBITaxon:44933	2
NCBITaxon:44935	63
NCBITaxon:44937	5
NCBITaxon:44941	2
NCBITaxon:449461	5
NCBITaxon:449463	1
NCBITaxon:449520	4
NCBITaxon:449659	5
NCBITaxon:449662	5
NCBITaxon:449663	2
NCBITaxon:449673	1
NCBITaxon:449719	2
NCBITaxon:449810	1
NCBITaxon:449973	2
NCBITaxon:449974	2
NCBITaxon:45	4
NCBITaxon:450	17
NCBITaxon:450200	4
NCBITaxon:450362	2
NCBITaxon:450363	2
NCBITaxon:450364	5
NCBITaxon:450365	4
NCBITaxon:450366	4
NCBITaxon:450367	36
NCBITaxon:450378	2
NCBITaxon:450380	5
NCBITaxon:450394	1
NCBITaxon:45041	1
NCBITaxon:450521	1
NCBITaxon:450522	1
NCBITaxon:45056	7
NCBITaxon:45060	1
NCBITaxon:45064	1
NCBITaxon:45065	6
NCBITaxon:45066	6
NCBITaxon:45067	5
NCBITaxon:45068	7
NCBITaxon:45070	7
NCBITaxon:45071	7
NCBITaxon:45072	3
NCBITaxon:45073	10
NCBITaxon:450734	2
NCBITaxon:45074	7
NCBITaxon:45075	4
NCBITaxon:45076	7
NCBITaxon:450798	5
NCBITaxon:450799	5
NCBITaxon:450800	4
NCBITaxon:450801	3
NCBITaxon:450804	3
NCBITaxon:451	9
NCBITaxon:451136	2
NCBITaxon:451214	63
NCBITaxon:45130	10
NCBITaxon:45133	8
NCBITaxon:451374	2
NCBITaxon:45142	1
NCBITaxon:451435	2
NCBITaxon:451457	2
NCBITaxon:45151	51
NCBITaxon:451512	1
NCBITaxon:451513	1
NCBITaxon:451515	1
NCBITaxon:451516	1
NCBITaxon:45157	5
NCBITaxon:451637	3
NCBITaxon:451640	1
NCBITaxon:451672	2
NCBITaxon:451708	1
NCBITaxon:451751	1
NCBITaxon:451754	1
NCBITaxon:451755	1
NCBITaxon:451756	1
NCBITaxon:451764	3
NCBITaxon:451788	1
NCBITaxon:451804	1
NCBITaxon:451807	1
NCBITaxon:451876	4
NCBITaxon:452	9
NCBITaxon:452084	2
NCBITaxon:452286	4
NCBITaxon:45235	1
NCBITaxon:45242	24
NCBITaxon:45243	12
NCBITaxon:452435	2
NCBITaxon:452436	1
NCBITaxon:45244	1
NCBITaxon:45248	18
NCBITaxon:452529	1
NCBITaxon:45254	15
NCBITaxon:452565	4
NCBITaxon:452579	1
NCBITaxon:45262	2
NCBITaxon:452623	3
NCBITaxon:452627	1
NCBITaxon:452629	1
NCBITaxon:452652	1
NCBITaxon:452659	1
NCBITaxon:452662	1
NCBITaxon:45281	1
NCBITaxon:45286	1
NCBITaxon:452863	19
NCBITaxon:452922	3
NCBITaxon:452979	2
NCBITaxon:452982	2
NCBITaxon:453	17
NCBITaxon:453120	3
NCBITaxon:453122	4
NCBITaxon:453162	1
NCBITaxon:453220	3
NCBITaxon:453224	3
NCBITaxon:453228	3
NCBITaxon:453230	4
NCBITaxon:453304	3
NCBITaxon:453363	1
NCBITaxon:45341	1
NCBITaxon:45342	1
NCBITaxon:45345	4
NCBITaxon:45346	3
NCBITaxon:45347	4
NCBITaxon:45354	4
NCBITaxon:45357	10
NCBITaxon:453573	3
NCBITaxon:453575	4
NCBITaxon:453581	2
NCBITaxon:453582	2
NCBITaxon:453584	2
NCBITaxon:453591	1
NCBITaxon:453602	4
NCBITaxon:453603	1
NCBITaxon:45361	1
NCBITaxon:45362	2
NCBITaxon:45363	2
NCBITaxon:453783	5
NCBITaxon:453816	1
NCBITaxon:453817	3
NCBITaxon:453831	3
NCBITaxon:453835	1
NCBITaxon:453836	4
NCBITaxon:453837	3
NCBITaxon:453838	3
NCBITaxon:453839	3
NCBITaxon:453840	3
NCBITaxon:453842	3
NCBITaxon:453844	2
NCBITaxon:453846	1
NCBITaxon:453847	1
NCBITaxon:453849	3
NCBITaxon:453850	1
NCBITaxon:453851	3
NCBITaxon:453852	5
NCBITaxon:45393	3
NCBITaxon:453956	1
NCBITaxon:453959	2
NCBITaxon:453960	2
NCBITaxon:453962	7
NCBITaxon:453963	1
NCBITaxon:45398	26
NCBITaxon:45399	1
NCBITaxon:454	7
NCBITaxon:454006	6
NCBITaxon:45401	4
NCBITaxon:45404	4
NCBITaxon:454130	2
NCBITaxon:454133	2
NCBITaxon:454136	2
NCBITaxon:454144	3
NCBITaxon:454146	1
NCBITaxon:454147	1
NCBITaxon:454148	1
NCBITaxon:454151	1
NCBITaxon:454153	1
NCBITaxon:454154	58
NCBITaxon:454155	13
NCBITaxon:454156	4
NCBITaxon:454162	3
NCBITaxon:454164	1
NCBITaxon:454165	1
NCBITaxon:454166	1
NCBITaxon:454167	1
NCBITaxon:454168	1
NCBITaxon:454169	1
NCBITaxon:454171	4
NCBITaxon:454188	3
NCBITaxon:454194	2
NCBITaxon:454231	1
NCBITaxon:454252	1
NCBITaxon:454254	1
NCBITaxon:45426	1
NCBITaxon:45428	1
NCBITaxon:45456	5
NCBITaxon:454586	5
NCBITaxon:454594	4
NCBITaxon:454595	3
NCBITaxon:454598	1
NCBITaxon:454600	2
NCBITaxon:454601	2
NCBITaxon:454602	2
NCBITaxon:45462	47
NCBITaxon:45465	3
NCBITaxon:45495	11
NCBITaxon:454957	2
NCBITaxon:454958	2
NCBITaxon:45496	3
NCBITaxon:45498	3
NCBITaxon:455	5
NCBITaxon:45501	1
NCBITaxon:45502	12
NCBITaxon:45504	1
NCBITaxon:45506	1
NCBITaxon:455078	3
NCBITaxon:45509	1
NCBITaxon:45510	1
NCBITaxon:45511	1
NCBITaxon:45512	1
NCBITaxon:45513	3
NCBITaxon:45514	1
NCBITaxon:45515	1
NCBITaxon:45516	1
NCBITaxon:45517	2
NCBITaxon:45518	3
NCBITaxon:455193	6
NCBITaxon:45521	1
NCBITaxon:45522	1
NCBITaxon:45524	1
NCBITaxon:45525	1
NCBITaxon:455253	3
NCBITaxon:45526	1
NCBITaxon:45529	1
NCBITaxon:45533	1
NCBITaxon:455343	6
NCBITaxon:455344	4
NCBITaxon:45535	1
NCBITaxon:455358	1
NCBITaxon:455359	4
NCBITaxon:455360	4
NCBITaxon:455361	3
NCBITaxon:45537	2
NCBITaxon:45538	1
NCBITaxon:45539	1
NCBITaxon:45541	1
NCBITaxon:45542	1
NCBITaxon:45543	1
NCBITaxon:455432	7
NCBITaxon:455434	2
NCBITaxon:455436	1
NCBITaxon:45547	1
NCBITaxon:45548	1
NCBITaxon:45549	1
NCBITaxon:45550	3
NCBITaxon:45551	1
NCBITaxon:45552	6
NCBITaxon:45553	1
NCBITaxon:45554	1
NCBITaxon:45555	1
NCBITaxon:45558	2
NCBITaxon:45559	1
NCBITaxon:45560	1
NCBITaxon:45561	1
NCBITaxon:45562	9
NCBITaxon:45565	1
NCBITaxon:45567	2
NCBITaxon:45568	2
NCBITaxon:45569	7
NCBITaxon:45571	1
NCBITaxon:45573	1
NCBITaxon:45574	1
NCBITaxon:45575	1
NCBITaxon:45577	1
NCBITaxon:45579	1
NCBITaxon:45582	1
NCBITaxon:45583	1
NCBITaxon:45587	1
NCBITaxon:45588	1
NCBITaxon:45589	4
NCBITaxon:45593	1
NCBITaxon:45594	1
NCBITaxon:45595	1
NCBITaxon:45597	1
NCBITaxon:45599	1
NCBITaxon:456	9
NCBITaxon:45600	1
NCBITaxon:45601	1
NCBITaxon:45603	1
NCBITaxon:45606	1
NCBITaxon:45607	3
NCBITaxon:45610	5
NCBITaxon:45611	7
NCBITaxon:45614	1
NCBITaxon:456163	2
NCBITaxon:45622	1
NCBITaxon:456248	1
NCBITaxon:456249	1
NCBITaxon:456251	1
NCBITaxon:45629	2
NCBITaxon:456299	2
NCBITaxon:456327	162
NCBITaxon:456330	2
NCBITaxon:45634	47
NCBITaxon:456365	1
NCBITaxon:456455	2
NCBITaxon:456481	1
NCBITaxon:456487	1
NCBITaxon:456490	4
NCBITaxon:456492	3
NCBITaxon:456493	2
NCBITaxon:45655	1
NCBITaxon:45656	1
NCBITaxon:45657	2
NCBITaxon:45658	18
NCBITaxon:45663	3
NCBITaxon:45667	2
NCBITaxon:45668	9
NCBITaxon:45670	8
NCBITaxon:45677	19
NCBITaxon:456826	7
NCBITaxon:456828	16
NCBITaxon:456876	5
NCBITaxon:456999	55
NCBITaxon:457002	9
NCBITaxon:457083	3
NCBITaxon:457084	1
NCBITaxon:457173	2
NCBITaxon:457385	4
NCBITaxon:457391	2
NCBITaxon:457393	2
NCBITaxon:457403	1
NCBITaxon:457405	4
NCBITaxon:457425	14
NCBITaxon:457432	1
NCBITaxon:457454	5
NCBITaxon:457502	3
NCBITaxon:457529	1
NCBITaxon:457570	1
NCBITaxon:457571	1
NCBITaxon:457575	2
NCBITaxon:45761	2
NCBITaxon:45786	1
NCBITaxon:45788	3
NCBITaxon:45790	9
NCBITaxon:45792	2
NCBITaxon:457921	8
NCBITaxon:457923	3
NCBITaxon:457934	4
NCBITaxon:45794	2
NCBITaxon:45796	2
NCBITaxon:458	5
NCBITaxon:458031	1
NCBITaxon:458032	1
NCBITaxon:458033	1
NCBITaxon:45809	1
NCBITaxon:45810	1
NCBITaxon:45816	2
NCBITaxon:45817	2
NCBITaxon:458197	6
NCBITaxon:458201	1
NCBITaxon:458204	1
NCBITaxon:458208	2
NCBITaxon:458233	1
NCBITaxon:458234	1
NCBITaxon:458253	63
NCBITaxon:45847	1
NCBITaxon:45851	98
NCBITaxon:458711	4
NCBITaxon:458836	9
NCBITaxon:458839	6
NCBITaxon:45888	10
NCBITaxon:45916	15
NCBITaxon:459283	1
NCBITaxon:459347	3
NCBITaxon:459349	1
NCBITaxon:459471	2
NCBITaxon:459472	9
NCBITaxon:459495	1
NCBITaxon:459515	4
NCBITaxon:459519	4
NCBITaxon:459525	4
NCBITaxon:459526	6
NCBITaxon:459527	4
NCBITaxon:459528	3
NCBITaxon:459529	3
NCBITaxon:45956	1
NCBITaxon:459658	3
NCBITaxon:45972	57
NCBITaxon:459786	182
NCBITaxon:45979	13
NCBITaxon:459816	6
NCBITaxon:459858	4
NCBITaxon:459885	3
NCBITaxon:45989	17
NCBITaxon:460	8
NCBITaxon:460060	6
NCBITaxon:460086	2
NCBITaxon:460087	3
NCBITaxon:460257	4
NCBITaxon:460261	1
NCBITaxon:460262	1
NCBITaxon:46028	1
NCBITaxon:460384	10
NCBITaxon:460511	2
NCBITaxon:460514	3
NCBITaxon:460519	5
NCBITaxon:460523	14
NCBITaxon:460870	3
NCBITaxon:460873	4
NCBITaxon:46123	1
NCBITaxon:46124	122
NCBITaxon:46125	50
NCBITaxon:46126	145
NCBITaxon:46127	6
NCBITaxon:461391	1
NCBITaxon:461393	4
NCBITaxon:46158	5
NCBITaxon:46159	4
NCBITaxon:46160	7
NCBITaxon:46161	21
NCBITaxon:46162	12
NCBITaxon:46163	21
NCBITaxon:46164	6
NCBITaxon:46165	7
NCBITaxon:46168	1
NCBITaxon:46171	7
NCBITaxon:46172	6
NCBITaxon:46173	8
NCBITaxon:46174	8
NCBITaxon:46175	7
NCBITaxon:46176	7
NCBITaxon:46177	9
NCBITaxon:46178	6
NCBITaxon:46179	17
NCBITaxon:46180	10
NCBITaxon:46181	8
NCBITaxon:46182	13
NCBITaxon:46186	6
NCBITaxon:46187	6
NCBITaxon:461876	2
NCBITaxon:46188	5
NCBITaxon:46189	9
NCBITaxon:46190	11
NCBITaxon:46201	2
NCBITaxon:46203	5
NCBITaxon:46204	4
NCBITaxon:46205	1
NCBITaxon:46206	5
NCBITaxon:462198	3
NCBITaxon:46223	9
NCBITaxon:46224	38
NCBITaxon:462254	2
NCBITaxon:46228	40
NCBITaxon:462367	3
NCBITaxon:462372	5
NCBITaxon:46240	7
NCBITaxon:46252	1
NCBITaxon:46255	3
NCBITaxon:46256	11
NCBITaxon:46257	69
NCBITaxon:462710	5
NCBITaxon:462910	2
NCBITaxon:462949	4
NCBITaxon:462991	6
NCBITaxon:463	13
NCBITaxon:463014	1
NCBITaxon:463024	2
NCBITaxon:463025	2
NCBITaxon:463035	1
NCBITaxon:463040	2
NCBITaxon:463044	2
NCBITaxon:463192	3
NCBITaxon:463200	4
NCBITaxon:463301	2
NCBITaxon:463303	2
NCBITaxon:463315	2
NCBITaxon:46351	8
NCBITaxon:46352	1
NCBITaxon:46353	6
NCBITaxon:46355	1
NCBITaxon:46356	3
NCBITaxon:46357	2
NCBITaxon:46358	1
NCBITaxon:46361	1
NCBITaxon:463681	2
NCBITaxon:463825	2
NCBITaxon:464	10
NCBITaxon:464029	3
NCBITaxon:46429	16
NCBITaxon:46431	1
NCBITaxon:464322	5
NCBITaxon:46450	1
NCBITaxon:46462	1
NCBITaxon:46467	1
NCBITaxon:46469	3
NCBITaxon:46470	3
NCBITaxon:46472	3
NCBITaxon:464915	2
NCBITaxon:464988	5
NCBITaxon:464989	1
NCBITaxon:464990	1
NCBITaxon:464995	3
NCBITaxon:46503	176
NCBITaxon:46506	133
NCBITaxon:46507	4
NCBITaxon:46539	1
NCBITaxon:46540	4
NCBITaxon:46541	7
NCBITaxon:465515	2
NCBITaxon:465516	1
NCBITaxon:465517	1
NCBITaxon:465518	1
NCBITaxon:465543	1
NCBITaxon:465561	3
NCBITaxon:465721	2
NCBITaxon:465797	4
NCBITaxon:46582	2
NCBITaxon:465820	6
NCBITaxon:46583	1
NCBITaxon:46584	1
NCBITaxon:46585	1
NCBITaxon:466	5
NCBITaxon:466038	1
NCBITaxon:466044	1
NCBITaxon:466084	4
NCBITaxon:46609	3
NCBITaxon:46610	1
NCBITaxon:466107	1
NCBITaxon:466109	2
NCBITaxon:466137	1
NCBITaxon:466153	2
NCBITaxon:46626	25
NCBITaxon:46630	1
NCBITaxon:46632	6
NCBITaxon:46634	50
NCBITaxon:46659	1
NCBITaxon:466616	1
NCBITaxon:46677	98
NCBITaxon:46678	8
NCBITaxon:46679	9
NCBITaxon:46680	57
NCBITaxon:466936	1
NCBITaxon:466954	1
NCBITaxon:467085	4
NCBITaxon:467091	3
NCBITaxon:467174	3
NCBITaxon:467180	4
NCBITaxon:467210	8
NCBITaxon:467705	1
NCBITaxon:467807	1
NCBITaxon:467808	1
NCBITaxon:467939	2
NCBITaxon:467946	5
NCBITaxon:467974	2
NCBITaxon:467976	3
NCBITaxon:467997	3
NCBITaxon:468	10
NCBITaxon:468056	2
NCBITaxon:468058	1
NCBITaxon:468528	3
NCBITaxon:468557	1
NCBITaxon:46867	26
NCBITaxon:468911	7
NCBITaxon:468913	1
NCBITaxon:468914	1
NCBITaxon:468915	1
NCBITaxon:468916	2
NCBITaxon:469	31
NCBITaxon:469008	3
NCBITaxon:46914	4
NCBITaxon:469274	1
NCBITaxon:469277	2
NCBITaxon:469280	1
NCBITaxon:469284	1
NCBITaxon:469304	2
NCBITaxon:469371	1
NCBITaxon:469378	1
NCBITaxon:469381	1
NCBITaxon:469382	3
NCBITaxon:469383	1
NCBITaxon:46946	1
NCBITaxon:46947	1
NCBITaxon:46948	1
NCBITaxon:46950	1
NCBITaxon:469547	3
NCBITaxon:469551	3
NCBITaxon:469584	1
NCBITaxon:469591	2
NCBITaxon:469601	1
NCBITaxon:469602	1
NCBITaxon:469603	1
NCBITaxon:469604	1
NCBITaxon:469606	1
NCBITaxon:469607	1
NCBITaxon:469614	1
NCBITaxon:469656	5
NCBITaxon:469799	4
NCBITaxon:469812	1
NCBITaxon:469869	2
NCBITaxon:469875	1
NCBITaxon:47	4
NCBITaxon:470	3628
NCBITaxon:470028	5
NCBITaxon:470064	1
NCBITaxon:470066	2
NCBITaxon:470074	3
NCBITaxon:470075	2
NCBITaxon:470076	6
NCBITaxon:470096	2
NCBITaxon:470145	1
NCBITaxon:470150	1
NCBITaxon:470446	3
NCBITaxon:470453	5
NCBITaxon:47055	2
NCBITaxon:470565	11
NCBITaxon:47058	3
NCBITaxon:470774	3
NCBITaxon:470784	4
NCBITaxon:470815	4
NCBITaxon:470826	4
NCBITaxon:470864	1
NCBITaxon:470866	2
NCBITaxon:470868	5
NCBITaxon:470921	1
NCBITaxon:470931	4
NCBITaxon:470932	6
NCBITaxon:470933	15
NCBITaxon:470934	32
NCBITaxon:471	339
NCBITaxon:471189	7
NCBITaxon:471225	3
NCBITaxon:471362	2
NCBITaxon:471472	1
NCBITaxon:471473	1
NCBITaxon:471499	3
NCBITaxon:471511	3
NCBITaxon:471514	4
NCBITaxon:47157	2
NCBITaxon:471575	1
NCBITaxon:47158	2
NCBITaxon:471799	4
NCBITaxon:471825	1
NCBITaxon:471826	16
NCBITaxon:471827	1
NCBITaxon:471853	1
NCBITaxon:471854	1
NCBITaxon:471855	1
NCBITaxon:471856	1
NCBITaxon:471857	1
NCBITaxon:471858	2
NCBITaxon:47187	1
NCBITaxon:471870	1
NCBITaxon:471872	1
NCBITaxon:471875	1
NCBITaxon:471876	1
NCBITaxon:47194	1
NCBITaxon:47199	1
NCBITaxon:472	10
NCBITaxon:47205	1
NCBITaxon:472055	2
NCBITaxon:472056	3
NCBITaxon:472059	5
NCBITaxon:472111	1
NCBITaxon:472113	1
NCBITaxon:47213	1
NCBITaxon:472158	2
NCBITaxon:472166	3
NCBITaxon:472175	2
NCBITaxon:472181	3
NCBITaxon:472183	2
NCBITaxon:472186	4
NCBITaxon:47229	11
NCBITaxon:47246	2
NCBITaxon:47248	1
NCBITaxon:47251	9
NCBITaxon:47254	10
NCBITaxon:472569	4
NCBITaxon:472582	2
NCBITaxon:472583	3
NCBITaxon:47266	1
NCBITaxon:472693	6
NCBITaxon:472694	19
NCBITaxon:472695	7
NCBITaxon:472705	9
NCBITaxon:472759	1
NCBITaxon:47278	3
NCBITaxon:472834	4
NCBITaxon:472931	1
NCBITaxon:472963	4
NCBITaxon:47297	2
NCBITaxon:472978	1
NCBITaxon:47303	4
NCBITaxon:473035	3
NCBITaxon:473037	3
NCBITaxon:47311	3
NCBITaxon:47312	8
NCBITaxon:47323	1
NCBITaxon:473403	1
NCBITaxon:473421	7
NCBITaxon:473423	13
NCBITaxon:473425	1
NCBITaxon:473426	3
NCBITaxon:473794	1
NCBITaxon:473814	18
NCBITaxon:474186	1
NCBITaxon:47420	6
NCBITaxon:47421	27
NCBITaxon:47424	1
NCBITaxon:47425	1
NCBITaxon:47427	3
NCBITaxon:47428	1
NCBITaxon:47429	3
NCBITaxon:47430	1
NCBITaxon:474394	3
NCBITaxon:47466	34
NCBITaxon:47479	6
NCBITaxon:47480	2
NCBITaxon:47481	5
NCBITaxon:47482	5
NCBITaxon:47485	6
NCBITaxon:47490	4
NCBITaxon:47492	3
NCBITaxon:474922	4
NCBITaxon:47493	6
NCBITaxon:474949	5
NCBITaxon:47495	1
NCBITaxon:474950	3
NCBITaxon:474951	3
NCBITaxon:474952	4
NCBITaxon:474953	3
NCBITaxon:474957	3
NCBITaxon:47496	1
NCBITaxon:474960	5
NCBITaxon:47497	1
NCBITaxon:47498	1
NCBITaxon:475	1
NCBITaxon:47500	16
NCBITaxon:475069	4
NCBITaxon:475075	1
NCBITaxon:475081	4
NCBITaxon:475082	2
NCBITaxon:475083	5
NCBITaxon:475088	2
NCBITaxon:4751	2
NCBITaxon:475253	3
NCBITaxon:475254	2
NCBITaxon:475255	4
NCBITaxon:475299	3
NCBITaxon:4754	2
NCBITaxon:475428	1
NCBITaxon:4756	2
NCBITaxon:475609	1
NCBITaxon:47565	1
NCBITaxon:47566	1
NCBITaxon:475662	3
NCBITaxon:4757	9
NCBITaxon:475791	1
NCBITaxon:475795	3
NCBITaxon:4758	1
NCBITaxon:47589	1
NCBITaxon:475937	1
NCBITaxon:475957	2
NCBITaxon:475962	2
NCBITaxon:475964	6
NCBITaxon:475979	2
NCBITaxon:476	114
NCBITaxon:476102	5
NCBITaxon:476157	2
NCBITaxon:476202	1
NCBITaxon:476213	1
NCBITaxon:476279	3
NCBITaxon:476281	1
NCBITaxon:476441	1
NCBITaxon:476529	3
NCBITaxon:476550	2
NCBITaxon:476551	1
NCBITaxon:476552	3
NCBITaxon:476555	4
NCBITaxon:476558	23
NCBITaxon:47662	1
NCBITaxon:476652	4
NCBITaxon:47671	32
NCBITaxon:47678	148
NCBITaxon:47679	3
NCBITaxon:477	131
NCBITaxon:47714	10
NCBITaxon:47715	1208
NCBITaxon:47716	21
NCBITaxon:47721	1
NCBITaxon:477245	2
NCBITaxon:4773	1
NCBITaxon:47735	17
NCBITaxon:477509	1
NCBITaxon:47758	11
NCBITaxon:47759	9
NCBITaxon:47760	97
NCBITaxon:47761	16
NCBITaxon:47762	17
NCBITaxon:47763	21
NCBITaxon:477641	5
NCBITaxon:477666	1
NCBITaxon:477675	3
NCBITaxon:477680	3
NCBITaxon:477689	1
NCBITaxon:477690	2
NCBITaxon:47770	234
NCBITaxon:4779	1
NCBITaxon:477976	2
NCBITaxon:478	134
NCBITaxon:478004	1
NCBITaxon:478005	1
NCBITaxon:478006	1
NCBITaxon:478007	1
NCBITaxon:478008	1
NCBITaxon:478009	1
NCBITaxon:47801	1
NCBITaxon:478010	2
NCBITaxon:47803	1
NCBITaxon:478070	6
NCBITaxon:4781	6
NCBITaxon:478105	1
NCBITaxon:478106	3
NCBITaxon:478107	4
NCBITaxon:478108	3
NCBITaxon:478109	3
NCBITaxon:478110	3
NCBITaxon:478111	3
NCBITaxon:478114	3
NCBITaxon:478115	3
NCBITaxon:478117	1
NCBITaxon:478174	5
NCBITaxon:47834	17
NCBITaxon:47835	1
NCBITaxon:47839	5
NCBITaxon:4784	8
NCBITaxon:478433	2
NCBITaxon:478434	2
NCBITaxon:478435	1
NCBITaxon:478441	1
NCBITaxon:478448	1
NCBITaxon:47845	16
NCBITaxon:47846	7
NCBITaxon:47847	17
NCBITaxon:47848	7
NCBITaxon:47849	6
NCBITaxon:4785	6
NCBITaxon:47850	20
NCBITaxon:478503	1
NCBITaxon:47853	10
NCBITaxon:47854	2
NCBITaxon:478547	1
NCBITaxon:47855	9
NCBITaxon:47856	8
NCBITaxon:47857	9
NCBITaxon:47858	8
NCBITaxon:47860	6
NCBITaxon:47863	1
NCBITaxon:47864	5
NCBITaxon:47865	6
NCBITaxon:47866	10
NCBITaxon:47867	2
NCBITaxon:4787	4
NCBITaxon:47871	4
NCBITaxon:47872	11
NCBITaxon:478738	3
NCBITaxon:47874	5
NCBITaxon:478741	1
NCBITaxon:478744	5
NCBITaxon:478749	1
NCBITaxon:47875	23
NCBITaxon:47877	147
NCBITaxon:47878	11
NCBITaxon:478780	5
NCBITaxon:47879	374
NCBITaxon:47880	65
NCBITaxon:478801	1
NCBITaxon:478807	7
NCBITaxon:47882	23
NCBITaxon:478820	1
NCBITaxon:47883	26
NCBITaxon:47884	8
NCBITaxon:47885	112
NCBITaxon:47886	44
NCBITaxon:478984	1
NCBITaxon:479092	1
NCBITaxon:479094	1
NCBITaxon:479095	1
NCBITaxon:479106	2
NCBITaxon:47911	1
NCBITaxon:479117	6
NCBITaxon:47917	100
NCBITaxon:4792	12
NCBITaxon:47920	69
NCBITaxon:47925	6
NCBITaxon:47934	1
NCBITaxon:47936	1
NCBITaxon:479410	4
NCBITaxon:479431	1
NCBITaxon:479433	1
NCBITaxon:479434	1
NCBITaxon:479435	1
NCBITaxon:479436	1
NCBITaxon:479437	1
NCBITaxon:479474	5
NCBITaxon:4795	1
NCBITaxon:47951	86
NCBITaxon:47958	3
NCBITaxon:47959	2
NCBITaxon:4796	3
NCBITaxon:47960	4
NCBITaxon:47962	1
NCBITaxon:479650	1
NCBITaxon:47988	8
NCBITaxon:47989	6
NCBITaxon:479893	4
NCBITaxon:47990	11
NCBITaxon:479936	1
NCBITaxon:47994	3
NCBITaxon:479978	5
NCBITaxon:48	3
NCBITaxon:480	267
NCBITaxon:48003	1
NCBITaxon:480035	4
NCBITaxon:480036	5
NCBITaxon:480051	1
NCBITaxon:480065	1
NCBITaxon:480070	4
NCBITaxon:480071	2
NCBITaxon:48021	2
NCBITaxon:48022	1
NCBITaxon:480224	1
NCBITaxon:480284	3
NCBITaxon:4803	2
NCBITaxon:480391	4
NCBITaxon:480418	2
NCBITaxon:480520	6
NCBITaxon:480658	2
NCBITaxon:48073	2
NCBITaxon:48074	9
NCBITaxon:48075	1
NCBITaxon:48076	15
NCBITaxon:480813	3
NCBITaxon:480814	3
NCBITaxon:480930	2
NCBITaxon:480931	3
NCBITaxon:48097	1
NCBITaxon:480996	4
NCBITaxon:480997	3
NCBITaxon:481	2
NCBITaxon:48100	1
NCBITaxon:481002	3
NCBITaxon:481003	1
NCBITaxon:481009	1
NCBITaxon:481137	5
NCBITaxon:481138	18
NCBITaxon:481139	15
NCBITaxon:481145	2
NCBITaxon:481146	5
NCBITaxon:481181	5
NCBITaxon:481183	3
NCBITaxon:4813	1
NCBITaxon:481353	6
NCBITaxon:481366	2
NCBITaxon:4814	6
NCBITaxon:48140	1
NCBITaxon:481445	3
NCBITaxon:481446	8
NCBITaxon:481520	4
NCBITaxon:48157	1
NCBITaxon:481719	5
NCBITaxon:481720	2
NCBITaxon:481722	2
NCBITaxon:481723	3
NCBITaxon:481743	5
NCBITaxon:481805	3
NCBITaxon:4821	14
NCBITaxon:482145	1
NCBITaxon:4822	1
NCBITaxon:4823	2
NCBITaxon:482377	1
NCBITaxon:4824	4
NCBITaxon:482461	5
NCBITaxon:482462	1
NCBITaxon:48250	6
NCBITaxon:48251	1
NCBITaxon:48254	2
NCBITaxon:48255	1
NCBITaxon:48256	2
NCBITaxon:482628	1
NCBITaxon:4828	5
NCBITaxon:482827	2
NCBITaxon:482892	3
NCBITaxon:4829	7
NCBITaxon:48292	21
NCBITaxon:482920	1
NCBITaxon:482957	22
NCBITaxon:48296	329
NCBITaxon:483	18
NCBITaxon:4830	2
NCBITaxon:483011	2
NCBITaxon:483012	2
NCBITaxon:483013	5
NCBITaxon:483014	4
NCBITaxon:483016	2
NCBITaxon:483047	1
NCBITaxon:483139	1
NCBITaxon:483199	6
NCBITaxon:483206	1
NCBITaxon:483215	1
NCBITaxon:483216	2
NCBITaxon:483324	3
NCBITaxon:483367	2
NCBITaxon:483369	1
NCBITaxon:483370	2
NCBITaxon:483371	1
NCBITaxon:483423	1
NCBITaxon:483545	4
NCBITaxon:483547	4
NCBITaxon:483687	5
NCBITaxon:4837	30
NCBITaxon:483707	2
NCBITaxon:48382	1
NCBITaxon:48383	1
NCBITaxon:483896	3
NCBITaxon:4839	4
NCBITaxon:483913	5
NCBITaxon:483937	5
NCBITaxon:48394	1
NCBITaxon:484	37
NCBITaxon:4840	12
NCBITaxon:484021	1
NCBITaxon:484022	1
NCBITaxon:48408	10
NCBITaxon:484088	5
NCBITaxon:48409	18
NCBITaxon:4841	18
NCBITaxon:484184	15
NCBITaxon:4842	9
NCBITaxon:4843	6
NCBITaxon:484498	4
NCBITaxon:484508	1
NCBITaxon:4846	18
NCBITaxon:48461	15
NCBITaxon:48464	3
NCBITaxon:48465	3
NCBITaxon:48466	2
NCBITaxon:48467	2
NCBITaxon:4847	4
NCBITaxon:48479	1
NCBITaxon:48485	1
NCBITaxon:48486	2
NCBITaxon:484882	2
NCBITaxon:48490	4
NCBITaxon:48492	7
NCBITaxon:48496	1
NCBITaxon:485	899
NCBITaxon:4850	4
NCBITaxon:48509	2
NCBITaxon:485258	1
NCBITaxon:4853	8
NCBITaxon:485356	1
NCBITaxon:485397	1
NCBITaxon:485398	1
NCBITaxon:485447	2
NCBITaxon:485448	2
NCBITaxon:4855	1
NCBITaxon:485577	4
NCBITaxon:485602	4
NCBITaxon:48561	2
NCBITaxon:48563	1
NCBITaxon:48567	11
NCBITaxon:48568	1
NCBITaxon:48569	2
NCBITaxon:48570	1
NCBITaxon:48571	2
NCBITaxon:48572	2
NCBITaxon:48574	1
NCBITaxon:48577	1
NCBITaxon:48578	1
NCBITaxon:48579	4
NCBITaxon:48580	3
NCBITaxon:48581	1
NCBITaxon:48582	94
NCBITaxon:48584	1
NCBITaxon:48585	1
NCBITaxon:48586	1
NCBITaxon:48587	1
NCBITaxon:485870	1
NCBITaxon:485876	1
NCBITaxon:48588	1
NCBITaxon:485880	5
NCBITaxon:485888	2
NCBITaxon:48589	56
NCBITaxon:485895	2
NCBITaxon:485907	5
NCBITaxon:48591	1
NCBITaxon:485913	1
NCBITaxon:485914	1
NCBITaxon:485915	1
NCBITaxon:485917	32
NCBITaxon:485918	1
NCBITaxon:48592	3
NCBITaxon:48593	1
NCBITaxon:48597	1
NCBITaxon:486	85
NCBITaxon:486264	1
NCBITaxon:486267	1
NCBITaxon:486270	1
NCBITaxon:4864	1
NCBITaxon:486407	1
NCBITaxon:486409	1
NCBITaxon:486410	1
NCBITaxon:486507	3
NCBITaxon:4866	1
NCBITaxon:486619	1
NCBITaxon:486620	1
NCBITaxon:486621	1
NCBITaxon:486622	1
NCBITaxon:486623	1
NCBITaxon:486624	1
NCBITaxon:48664	146
NCBITaxon:48665	2
NCBITaxon:486698	11
NCBITaxon:4868	1
NCBITaxon:48697	2
NCBITaxon:486990	20
NCBITaxon:486992	1
NCBITaxon:486993	6
NCBITaxon:486994	8
NCBITaxon:486996	3
NCBITaxon:486997	2
NCBITaxon:486998	17
NCBITaxon:486999	9
NCBITaxon:487	2045
NCBITaxon:487002	2
NCBITaxon:487004	16
NCBITaxon:487006	1
NCBITaxon:487049	4
NCBITaxon:487106	1
NCBITaxon:487107	1
NCBITaxon:487108	1
NCBITaxon:487109	1
NCBITaxon:487165	1
NCBITaxon:487172	3
NCBITaxon:487173	36
NCBITaxon:487174	324
NCBITaxon:487175	78
NCBITaxon:487184	4
NCBITaxon:4872	1
NCBITaxon:487213	1
NCBITaxon:487214	1
NCBITaxon:48727	2
NCBITaxon:48729	2
NCBITaxon:487316	18
NCBITaxon:487317	2
NCBITaxon:487318	2
NCBITaxon:487320	1
NCBITaxon:48736	8
NCBITaxon:4874	1
NCBITaxon:487514	5
NCBITaxon:487515	1
NCBITaxon:4876	5
NCBITaxon:487660	1
NCBITaxon:487661	1
NCBITaxon:487685	4
NCBITaxon:487686	4
NCBITaxon:487698	6
NCBITaxon:487732	2
NCBITaxon:487797	1
NCBITaxon:48782	3
NCBITaxon:487821	8
NCBITaxon:487822	5
NCBITaxon:487823	1
NCBITaxon:487824	1
NCBITaxon:487827	1
NCBITaxon:487828	1
NCBITaxon:487829	1
NCBITaxon:487831	1
NCBITaxon:487833	1
NCBITaxon:487834	1
NCBITaxon:487838	6
NCBITaxon:487849	1
NCBITaxon:487851	1
NCBITaxon:487852	1
NCBITaxon:487854	1
NCBITaxon:487858	1
NCBITaxon:487862	1
NCBITaxon:487867	2
NCBITaxon:487874	1
NCBITaxon:487877	1
NCBITaxon:487881	1
NCBITaxon:487888	1
NCBITaxon:487892	1
NCBITaxon:487893	1
NCBITaxon:487895	1
NCBITaxon:487899	2
NCBITaxon:487900	1
NCBITaxon:487901	1
NCBITaxon:487902	1
NCBITaxon:487905	1
NCBITaxon:487906	1
NCBITaxon:487909	12
NCBITaxon:488	97
NCBITaxon:488016	1
NCBITaxon:488124	4
NCBITaxon:488212	3
NCBITaxon:488438	3
NCBITaxon:488446	13
NCBITaxon:488447	75
NCBITaxon:488454	2
NCBITaxon:488477	2
NCBITaxon:488485	5
NCBITaxon:4885	1
NCBITaxon:488533	2
NCBITaxon:488535	2
NCBITaxon:488537	1
NCBITaxon:488539	2
NCBITaxon:48854	2
NCBITaxon:488545	1
NCBITaxon:488546	1
NCBITaxon:488547	4
NCBITaxon:488549	1
NCBITaxon:48865	9
NCBITaxon:488729	11
NCBITaxon:488730	11
NCBITaxon:488731	31
NCBITaxon:488732	24
NCBITaxon:488747	1
NCBITaxon:488938	3
NCBITaxon:488939	1
NCBITaxon:489	21
NCBITaxon:489138	2
NCBITaxon:489142	4
NCBITaxon:4892	2
NCBITaxon:48935	29
NCBITaxon:48936	5
NCBITaxon:4896	1
NCBITaxon:489619	1
NCBITaxon:489632	5
NCBITaxon:489703	3
NCBITaxon:489715	2
NCBITaxon:489716	1
NCBITaxon:489717	1
NCBITaxon:489758	1
NCBITaxon:48984	1
NCBITaxon:489910	6
NCBITaxon:489911	4
NCBITaxon:489912	5
NCBITaxon:489913	4
NCBITaxon:489915	3
NCBITaxon:489916	8
NCBITaxon:489971	3
NCBITaxon:489973	1
NCBITaxon:49	3
NCBITaxon:490	104
NCBITaxon:490089	4
NCBITaxon:490090	4
NCBITaxon:490092	1
NCBITaxon:490093	1
NCBITaxon:490094	1
NCBITaxon:490095	2
NCBITaxon:490096	2
NCBITaxon:490098	3
NCBITaxon:49012	4
NCBITaxon:490159	1
NCBITaxon:490185	4
NCBITaxon:490186	2
NCBITaxon:490188	2
NCBITaxon:490189	2
NCBITaxon:490193	1
NCBITaxon:4903	5
NCBITaxon:490567	1
NCBITaxon:490570	5
NCBITaxon:490571	5
NCBITaxon:490572	4
NCBITaxon:490573	3
NCBITaxon:490575	4
NCBITaxon:490622	1
NCBITaxon:490623	1
NCBITaxon:490629	4
NCBITaxon:490708	1
NCBITaxon:490709	2
NCBITaxon:49082	1
NCBITaxon:490828	1
NCBITaxon:490829	4
NCBITaxon:490886	4
NCBITaxon:490887	6
NCBITaxon:490899	1
NCBITaxon:4909	396
NCBITaxon:490900	3
NCBITaxon:490901	1
NCBITaxon:490979	3
NCBITaxon:491	1
NCBITaxon:491071	2
NCBITaxon:491072	1
NCBITaxon:491075	2
NCBITaxon:491078	2
NCBITaxon:491079	1
NCBITaxon:491080	1
NCBITaxon:491081	1
NCBITaxon:4911	304
NCBITaxon:491120	1
NCBITaxon:491121	1
NCBITaxon:491122	1
NCBITaxon:491123	1
NCBITaxon:491125	1
NCBITaxon:491205	1
NCBITaxon:491207	4
NCBITaxon:491253	2
NCBITaxon:491388	2
NCBITaxon:4914	3
NCBITaxon:491745	2
NCBITaxon:4918	8
NCBITaxon:49185	10
NCBITaxon:49186	12
NCBITaxon:4919	1
NCBITaxon:491918	2
NCBITaxon:491919	2
NCBITaxon:491921	6
NCBITaxon:491923	1
NCBITaxon:491947	2
NCBITaxon:491948	5
NCBITaxon:491949	1
NCBITaxon:491950	3
NCBITaxon:491951	2
NCBITaxon:491954	2
NCBITaxon:492	8
NCBITaxon:4920	2
NCBITaxon:492089	1
NCBITaxon:492091	1
NCBITaxon:4921	1
NCBITaxon:4922	39
NCBITaxon:4923	8
NCBITaxon:49231	1
NCBITaxon:49238	1
NCBITaxon:49239	1
NCBITaxon:4924	7
NCBITaxon:49240	2
NCBITaxon:49249	6
NCBITaxon:4925	1
NCBITaxon:49252	1
NCBITaxon:4926	1
NCBITaxon:49260	2
NCBITaxon:49265	10
NCBITaxon:492660	1
NCBITaxon:492670	274
NCBITaxon:4927	5
NCBITaxon:492735	3
NCBITaxon:492736	3
NCBITaxon:49277	2
NCBITaxon:492774	3
NCBITaxon:49278	4
NCBITaxon:49280	3
NCBITaxon:492809	3
NCBITaxon:49283	104
NCBITaxon:4929	12
NCBITaxon:493	7
NCBITaxon:4931	15
NCBITaxon:49319	4
NCBITaxon:4932	884
NCBITaxon:49321	1
NCBITaxon:49323	1
NCBITaxon:49324	1
NCBITaxon:49325	1
NCBITaxon:49327	1
NCBITaxon:49328	1
NCBITaxon:49329	1
NCBITaxon:49330	1
NCBITaxon:49331	5
NCBITaxon:49332	1
NCBITaxon:49333	1
NCBITaxon:49334	2
NCBITaxon:49335	10
NCBITaxon:49336	1
NCBITaxon:493375	4
NCBITaxon:493376	3
NCBITaxon:49338	11
NCBITaxon:493381	1
NCBITaxon:493385	1
NCBITaxon:49339	4
NCBITaxon:4934	1
NCBITaxon:49340	4
NCBITaxon:49341	2
NCBITaxon:493461	3
NCBITaxon:493780	1
NCBITaxon:493781	5
NCBITaxon:494	6
NCBITaxon:494016	2
NCBITaxon:494023	7
NCBITaxon:494024	1
NCBITaxon:494026	1
NCBITaxon:494059	1
NCBITaxon:4944	4
NCBITaxon:49447	2
NCBITaxon:494916	1
NCBITaxon:495	110
NCBITaxon:4950	14
NCBITaxon:4952	267
NCBITaxon:495285	2
NCBITaxon:4953	1
NCBITaxon:4954	1
NCBITaxon:49546	43
NCBITaxon:49547	3
NCBITaxon:4955	3
NCBITaxon:4956	6
NCBITaxon:4957	1
NCBITaxon:495820	1
NCBITaxon:4959	6
NCBITaxon:496	5
NCBITaxon:496014	1
NCBITaxon:496053	3
NCBITaxon:496056	5
NCBITaxon:496057	4
NCBITaxon:496058	2
NCBITaxon:496064	1
NCBITaxon:496065	1
NCBITaxon:496066	1
NCBITaxon:496067	1
NCBITaxon:496068	1
NCBITaxon:496831	2
NCBITaxon:496857	3
NCBITaxon:496866	2
NCBITaxon:497	1
NCBITaxon:497107	1
NCBITaxon:497108	1
NCBITaxon:497109	1
NCBITaxon:497110	1
NCBITaxon:4972	10
NCBITaxon:497299	1
NCBITaxon:4973	1
NCBITaxon:4974	1
NCBITaxon:497635	1
NCBITaxon:497724	15
NCBITaxon:497725	8
NCBITaxon:497726	5
NCBITaxon:497735	4
NCBITaxon:497962	1
NCBITaxon:497963	1
NCBITaxon:497967	1
NCBITaxon:497973	1
NCBITaxon:497974	1
NCBITaxon:497975	1
NCBITaxon:497976	1
NCBITaxon:497977	1
NCBITaxon:498	536
NCBITaxon:498007	1
NCBITaxon:498011	1
NCBITaxon:498019	14
NCBITaxon:498055	2
NCBITaxon:498057	3
NCBITaxon:498198	5
NCBITaxon:498199	6
NCBITaxon:498213	1
NCBITaxon:498214	1
NCBITaxon:498217	1
NCBITaxon:498292	4
NCBITaxon:498301	2
NCBITaxon:498367	4
NCBITaxon:498371	3
NCBITaxon:498374	2
NCBITaxon:498388	4
NCBITaxon:4986	1
NCBITaxon:4987	1
NCBITaxon:498718	5
NCBITaxon:498730	1
NCBITaxon:498741	2
NCBITaxon:498747	1
NCBITaxon:498846	1
NCBITaxon:4989	1
NCBITaxon:49893	1
NCBITaxon:49896	2
NCBITaxon:49897	11
NCBITaxon:49899	5
NCBITaxon:499	4
NCBITaxon:49900	2
NCBITaxon:499059	3
NCBITaxon:499207	2
NCBITaxon:499228	2
NCBITaxon:499229	2
NCBITaxon:49928	27
NCBITaxon:499528	5
NCBITaxon:499547	2
NCBITaxon:499548	6
NCBITaxon:499551	8
NCBITaxon:499555	5
NCBITaxon:49969	1
NCBITaxon:49980	1
NCBITaxon:49982	2
NCBITaxon:4999	1
NCBITaxon:50	1
NCBITaxon:500	1
NCBITaxon:500022	1
NCBITaxon:500148	3
NCBITaxon:500153	5
NCBITaxon:500162	1
NCBITaxon:5003	1
NCBITaxon:5004	7
NCBITaxon:500465	3
NCBITaxon:500485	2
NCBITaxon:5005	2
NCBITaxon:500610	11
NCBITaxon:500615	2
NCBITaxon:500632	1
NCBITaxon:500634	2
NCBITaxon:500635	1
NCBITaxon:5007	8
NCBITaxon:500713	4
NCBITaxon:500994	5
NCBITaxon:501010	8
NCBITaxon:501023	2
NCBITaxon:501024	7
NCBITaxon:501340	3
NCBITaxon:5014	1
NCBITaxon:501482	4
NCBITaxon:501483	4
NCBITaxon:501487	4
NCBITaxon:501496	2
NCBITaxon:501497	2
NCBITaxon:501571	10
NCBITaxon:501572	1
NCBITaxon:501592	2
NCBITaxon:5016	16
NCBITaxon:5017	2
NCBITaxon:502	32
NCBITaxon:5020	1
NCBITaxon:502025	1
NCBITaxon:502049	9
NCBITaxon:502051	2
NCBITaxon:502115	4
NCBITaxon:502180	4
NCBITaxon:502181	3
NCBITaxon:5022	2
NCBITaxon:502259	3
NCBITaxon:502268	6
NCBITaxon:502330	2
NCBITaxon:502331	1
NCBITaxon:502333	7
NCBITaxon:502346	1
NCBITaxon:502352	1
NCBITaxon:502365	3
NCBITaxon:502366	2
NCBITaxon:502393	2
NCBITaxon:502394	2
NCBITaxon:5025	8
NCBITaxon:502567	5
NCBITaxon:502577	6
NCBITaxon:50260	1
NCBITaxon:50262	1
NCBITaxon:50263	1
NCBITaxon:50265	1
NCBITaxon:50267	11
NCBITaxon:502682	2
NCBITaxon:502683	2
NCBITaxon:502779	2
NCBITaxon:502790	2
NCBITaxon:502800	1
NCBITaxon:502801	1
NCBITaxon:502821	2
NCBITaxon:502829	7
NCBITaxon:502909	4
NCBITaxon:503170	2
NCBITaxon:503361	3
NCBITaxon:50338	41
NCBITaxon:50339	6
NCBITaxon:5037	2
NCBITaxon:50376	2
NCBITaxon:503834	3
NCBITaxon:503928	2
NCBITaxon:504	98
NCBITaxon:504092	3
NCBITaxon:504097	1
NCBITaxon:5041	1
NCBITaxon:50421	3
NCBITaxon:50422	5
NCBITaxon:50423	34
NCBITaxon:5044	2
NCBITaxon:504468	2
NCBITaxon:504469	7
NCBITaxon:504474	1
NCBITaxon:504481	8
NCBITaxon:504483	3
NCBITaxon:504485	2
NCBITaxon:504486	4
NCBITaxon:504487	6
NCBITaxon:504488	3
NCBITaxon:5046	6
NCBITaxon:5047	7
NCBITaxon:504728	32
NCBITaxon:504797	6
NCBITaxon:504798	6
NCBITaxon:504800	3
NCBITaxon:504805	5
NCBITaxon:504832	1
NCBITaxon:504901	3
NCBITaxon:504936	4
NCBITaxon:504937	5
NCBITaxon:505	6
NCBITaxon:5050	2
NCBITaxon:5052	12
NCBITaxon:505248	3
NCBITaxon:505249	7
NCBITaxon:505250	3
NCBITaxon:505251	4
NCBITaxon:505252	32
NCBITaxon:505254	3
NCBITaxon:505256	3
NCBITaxon:505317	3
NCBITaxon:505321	1
NCBITaxon:505341	5
NCBITaxon:505345	3
NCBITaxon:505353	4
NCBITaxon:505389	4
NCBITaxon:505682	1
NCBITaxon:505693	2
NCBITaxon:505694	4
NCBITaxon:5057	1
NCBITaxon:5059	78
NCBITaxon:506	7
NCBITaxon:5060	11
NCBITaxon:5061	194
NCBITaxon:5062	8
NCBITaxon:5063	3
NCBITaxon:5064	1
NCBITaxon:506591	7
NCBITaxon:506594	5
NCBITaxon:506668	1
NCBITaxon:5067	7
NCBITaxon:5068	8
NCBITaxon:507	1
NCBITaxon:50712	2
NCBITaxon:50714	9
NCBITaxon:50715	2
NCBITaxon:50717	6
NCBITaxon:50718	13
NCBITaxon:50719	17
NCBITaxon:5073	6
NCBITaxon:50730	2
NCBITaxon:5074	10
NCBITaxon:50741	18
NCBITaxon:50742	3
NCBITaxon:50743	1
NCBITaxon:507511	1
NCBITaxon:5076	69
NCBITaxon:507626	1
NCBITaxon:5077	26
NCBITaxon:507751	5
NCBITaxon:507754	4
NCBITaxon:5078	3
NCBITaxon:507844	5
NCBITaxon:5079	3
NCBITaxon:5081	9
NCBITaxon:5082	6
NCBITaxon:5083	7
NCBITaxon:508451	8
NCBITaxon:508457	1
NCBITaxon:508458	17
NCBITaxon:508459	1
NCBITaxon:508460	3
NCBITaxon:508461	5
NCBITaxon:508464	5
NCBITaxon:508518	1
NCBITaxon:508536	1
NCBITaxon:508589	1
NCBITaxon:5086	1
NCBITaxon:508661	5
NCBITaxon:508680	1
NCBITaxon:5087	1
NCBITaxon:508767	2
NCBITaxon:508770	3
NCBITaxon:5088	2
NCBITaxon:508868	1
NCBITaxon:509169	1
NCBITaxon:509193	2
NCBITaxon:509199	6
NCBITaxon:509200	6
NCBITaxon:509242	1
NCBITaxon:5094	1
NCBITaxon:50956	1
NCBITaxon:50960	5
NCBITaxon:5098	5
NCBITaxon:50990	1
NCBITaxon:51	7
NCBITaxon:5101	4
NCBITaxon:51019	1
NCBITaxon:51048	3
NCBITaxon:51049	4
NCBITaxon:510515	5
NCBITaxon:510516	1
NCBITaxon:510831	1
NCBITaxon:510946	1
NCBITaxon:510947	2
NCBITaxon:510953	2
NCBITaxon:510955	3
NCBITaxon:511	339
NCBITaxon:51101	101
NCBITaxon:511051	1
NCBITaxon:5111	23
NCBITaxon:511108	4
NCBITaxon:511145	109
NCBITaxon:51122	3
NCBITaxon:5113	1
NCBITaxon:51139	1
NCBITaxon:511435	1
NCBITaxon:511487	4
NCBITaxon:51156	3
NCBITaxon:5116	93
NCBITaxon:51160	9
NCBITaxon:51161	3
NCBITaxon:511662	6
NCBITaxon:511678	1
NCBITaxon:511680	2
NCBITaxon:511691	1
NCBITaxon:511693	1
NCBITaxon:51173	40
NCBITaxon:511745	2
NCBITaxon:511746	1
NCBITaxon:511811	5
NCBITaxon:51195	1
NCBITaxon:51197	1
NCBITaxon:511995	1
NCBITaxon:511998	14
NCBITaxon:51201	26
NCBITaxon:512029	1
NCBITaxon:51203	4
NCBITaxon:512061	1
NCBITaxon:51221	1
NCBITaxon:512288	11
NCBITaxon:512298	1
NCBITaxon:512314	124
NCBITaxon:51233	5
NCBITaxon:512349	4
NCBITaxon:512350	5
NCBITaxon:512373	1
NCBITaxon:512382	2
NCBITaxon:512383	3
NCBITaxon:512397	4
NCBITaxon:512399	5
NCBITaxon:512402	12
NCBITaxon:512410	3
NCBITaxon:512565	1
NCBITaxon:512566	1
NCBITaxon:512643	10
NCBITaxon:512649	4
NCBITaxon:5127	21
NCBITaxon:512749	1
NCBITaxon:512762	4
NCBITaxon:512763	1
NCBITaxon:5128	1
NCBITaxon:51284	1
NCBITaxon:51288	63
NCBITaxon:51291	1
NCBITaxon:513050	1
NCBITaxon:5131	2
NCBITaxon:513160	4
NCBITaxon:5132	2
NCBITaxon:51352	1
NCBITaxon:51353	1
NCBITaxon:51362	3
NCBITaxon:51363	1
NCBITaxon:51364	5
NCBITaxon:51365	5
NCBITaxon:51367	75
NCBITaxon:5139	2
NCBITaxon:5140	1
NCBITaxon:5141	1781
NCBITaxon:5142	1
NCBITaxon:51453	22
NCBITaxon:5146	2
NCBITaxon:5147	4
NCBITaxon:5149	2
NCBITaxon:51513	2
NCBITaxon:51515	4
NCBITaxon:515256	1
NCBITaxon:515264	2
NCBITaxon:515326	5
NCBITaxon:515350	7
NCBITaxon:515351	2
NCBITaxon:515361	4
NCBITaxon:515393	21
NCBITaxon:51541	4
NCBITaxon:515414	2
NCBITaxon:515415	5
NCBITaxon:515440	3
NCBITaxon:515473	1
NCBITaxon:515479	1
NCBITaxon:515487	1
NCBITaxon:515489	4
NCBITaxon:515499	2
NCBITaxon:515560	1
NCBITaxon:515608	1
NCBITaxon:515609	1
NCBITaxon:515611	1
NCBITaxon:515619	2
NCBITaxon:515621	1
NCBITaxon:515635	4
NCBITaxon:515662	4
NCBITaxon:5158	1
NCBITaxon:515814	3
NCBITaxon:51582	2
NCBITaxon:51589	9
NCBITaxon:515897	3
NCBITaxon:515947	5
NCBITaxon:515949	3
NCBITaxon:515974	1
NCBITaxon:515981	1
NCBITaxon:516051	2
NCBITaxon:516063	2
NCBITaxon:516074	3
NCBITaxon:516075	2
NCBITaxon:516123	3
NCBITaxon:516124	1
NCBITaxon:51616	2
NCBITaxon:51620	1
NCBITaxon:5163	1
NCBITaxon:516360	1
NCBITaxon:51637	1
NCBITaxon:51641	1
NCBITaxon:51642	3
NCBITaxon:51656	1
NCBITaxon:51657	1
NCBITaxon:51658	1
NCBITaxon:51660	1
NCBITaxon:51662	1
NCBITaxon:51663	190
NCBITaxon:51664	12
NCBITaxon:51665	43
NCBITaxon:51669	148
NCBITaxon:516698	1
NCBITaxon:516699	3
NCBITaxon:51670	5
NCBITaxon:516700	3
NCBITaxon:516702	6
NCBITaxon:516703	2
NCBITaxon:516704	2
NCBITaxon:51671	15
NCBITaxon:516935	2
NCBITaxon:516950	1
NCBITaxon:516965	3
NCBITaxon:516989	1
NCBITaxon:517011	6
NCBITaxon:517301	1
NCBITaxon:517379	1
NCBITaxon:517384	1
NCBITaxon:517408	1
NCBITaxon:517417	2
NCBITaxon:517423	2
NCBITaxon:517424	5
NCBITaxon:517425	5
NCBITaxon:517436	1
NCBITaxon:517437	1
NCBITaxon:517606	4
NCBITaxon:517719	6
NCBITaxon:517720	5
NCBITaxon:517723	1
NCBITaxon:517724	2
NCBITaxon:51783	1
NCBITaxon:518	298
NCBITaxon:518603	1
NCBITaxon:518634	1
NCBITaxon:518635	2
NCBITaxon:518636	1
NCBITaxon:518637	1
NCBITaxon:518642	10
NCBITaxon:518643	3
NCBITaxon:518738	1
NCBITaxon:518766	1
NCBITaxon:518825	3
NCBITaxon:518897	2
NCBITaxon:518898	3
NCBITaxon:519	208
NCBITaxon:519050	1
NCBITaxon:519061	3
NCBITaxon:519081	4
NCBITaxon:5191	1
NCBITaxon:51912	1
NCBITaxon:51913	1
NCBITaxon:51914	1
NCBITaxon:51915	3
NCBITaxon:51917	1
NCBITaxon:51918	1
NCBITaxon:51920	1
NCBITaxon:51921	1
NCBITaxon:51922	1
NCBITaxon:51923	1
NCBITaxon:51924	1
NCBITaxon:51925	1
NCBITaxon:51926	1
NCBITaxon:51927	10
NCBITaxon:5193	3
NCBITaxon:51930	1
NCBITaxon:51932	6
NCBITaxon:51933	1
NCBITaxon:51934	10
NCBITaxon:519421	6
NCBITaxon:519424	2
NCBITaxon:519427	1
NCBITaxon:519440	3
NCBITaxon:519441	2
NCBITaxon:519442	1
NCBITaxon:519450	6
NCBITaxon:519452	2
NCBITaxon:519453	4
NCBITaxon:519472	3
NCBITaxon:519849	1
NCBITaxon:519851	1
NCBITaxon:519963	2
NCBITaxon:519977	1
NCBITaxon:52	8
NCBITaxon:520	1277
NCBITaxon:52001	3
NCBITaxon:52004	2
NCBITaxon:520043	2
NCBITaxon:520089	5
NCBITaxon:520092	3
NCBITaxon:52018	1
NCBITaxon:52020	2
NCBITaxon:52021	9
NCBITaxon:52022	6
NCBITaxon:52023	1
NCBITaxon:52024	1
NCBITaxon:520450	2
NCBITaxon:520451	1
NCBITaxon:520452	2
NCBITaxon:520453	1
NCBITaxon:520454	2
NCBITaxon:520455	2
NCBITaxon:520456	2
NCBITaxon:520464	1
NCBITaxon:520465	2
NCBITaxon:520466	2
NCBITaxon:520467	1
NCBITaxon:520468	1
NCBITaxon:520469	1
NCBITaxon:520470	1
NCBITaxon:520471	1
NCBITaxon:520472	1
NCBITaxon:520473	1
NCBITaxon:520474	1
NCBITaxon:520475	1
NCBITaxon:520476	1
NCBITaxon:520477	1
NCBITaxon:520478	1
NCBITaxon:520479	1
NCBITaxon:520480	1
NCBITaxon:520481	1
NCBITaxon:520482	1
NCBITaxon:520483	1
NCBITaxon:520484	1
NCBITaxon:520485	1
NCBITaxon:520486	1
NCBITaxon:520487	2
NCBITaxon:520488	1
NCBITaxon:520489	1
NCBITaxon:520490	1
NCBITaxon:520491	1
NCBITaxon:520492	1
NCBITaxon:520493	1
NCBITaxon:520494	1
NCBITaxon:520495	1
NCBITaxon:520496	1
NCBITaxon:520497	1
NCBITaxon:520498	1
NCBITaxon:520499	1
NCBITaxon:520500	1
NCBITaxon:520501	1
NCBITaxon:520502	1
NCBITaxon:520503	1
NCBITaxon:520504	1
NCBITaxon:520505	1
NCBITaxon:520506	1
NCBITaxon:520507	1
NCBITaxon:520508	1
NCBITaxon:520509	1
NCBITaxon:5206	1
NCBITaxon:520603	1
NCBITaxon:5207	26
NCBITaxon:520726	1
NCBITaxon:520727	1
NCBITaxon:520728	1
NCBITaxon:520729	1
NCBITaxon:520762	1
NCBITaxon:520764	3
NCBITaxon:520767	2
NCBITaxon:520838	1
NCBITaxon:520999	1
NCBITaxon:521	94
NCBITaxon:5210	2
NCBITaxon:521002	1
NCBITaxon:521005	1
NCBITaxon:521010	1
NCBITaxon:521011	1
NCBITaxon:521012	1
NCBITaxon:521013	3
NCBITaxon:521095	1
NCBITaxon:521096	1
NCBITaxon:521097	1
NCBITaxon:521098	1
NCBITaxon:5211	1
NCBITaxon:521158	4
NCBITaxon:52131	3
NCBITaxon:52132	4
NCBITaxon:52133	13
NCBITaxon:521377	5
NCBITaxon:521392	6
NCBITaxon:521393	1
NCBITaxon:521460	1
NCBITaxon:521520	6
NCBITaxon:521720	4
NCBITaxon:522	30
NCBITaxon:52225	1
NCBITaxon:522259	4
NCBITaxon:52226	27
NCBITaxon:522260	1
NCBITaxon:522262	4
NCBITaxon:52227	4
NCBITaxon:52229	6
NCBITaxon:522298	2
NCBITaxon:522306	2
NCBITaxon:522319	4
NCBITaxon:522397	5
NCBITaxon:5224	2
NCBITaxon:52242	50
NCBITaxon:52247	4
NCBITaxon:52248	1
NCBITaxon:522482	1
NCBITaxon:522484	1
NCBITaxon:522485	3
NCBITaxon:522487	1
NCBITaxon:522488	4
NCBITaxon:52249	1
NCBITaxon:522492	2
NCBITaxon:52252	1
NCBITaxon:52253	2
NCBITaxon:52255	1
NCBITaxon:52256	2
NCBITaxon:52258	7
NCBITaxon:52259	10
NCBITaxon:522693	2
NCBITaxon:52271	1
NCBITaxon:522772	1
NCBITaxon:522773	2
NCBITaxon:522889	2
NCBITaxon:523103	2
NCBITaxon:523696	3
NCBITaxon:523701	3
NCBITaxon:523742	1
NCBITaxon:523786	1
NCBITaxon:523788	4
NCBITaxon:523791	1
NCBITaxon:523794	2
NCBITaxon:523796	4
NCBITaxon:523828	1
NCBITaxon:523829	2
NCBITaxon:523830	1
NCBITaxon:523831	1
NCBITaxon:523832	1
NCBITaxon:523833	1
NCBITaxon:523834	1
NCBITaxon:523835	1
NCBITaxon:523836	1
NCBITaxon:523837	1
NCBITaxon:523838	1
NCBITaxon:523839	1
NCBITaxon:523841	3
NCBITaxon:523842	1
NCBITaxon:523843	1
NCBITaxon:523846	2
NCBITaxon:523847	1
NCBITaxon:523849	1
NCBITaxon:523851	1
NCBITaxon:524	13
NCBITaxon:5240	2
NCBITaxon:524290	1
NCBITaxon:52441	2
NCBITaxon:52442	9
NCBITaxon:52443	5
NCBITaxon:5246	1
NCBITaxon:524884	5
NCBITaxon:5251	4
NCBITaxon:525146	1
NCBITaxon:5252	1
NCBITaxon:525244	1
NCBITaxon:525247	2
NCBITaxon:525257	1
NCBITaxon:525283	1
NCBITaxon:525284	1
NCBITaxon:525337	4
NCBITaxon:525338	3
NCBITaxon:525362	1
NCBITaxon:525363	2
NCBITaxon:525371	1
NCBITaxon:525378	1
NCBITaxon:52555	6
NCBITaxon:52559	1
NCBITaxon:52560	3
NCBITaxon:52561	3
NCBITaxon:525640	2
NCBITaxon:52584	8
NCBITaxon:52586	6
NCBITaxon:525897	2
NCBITaxon:525898	1
NCBITaxon:525903	1
NCBITaxon:525904	1
NCBITaxon:525909	1
NCBITaxon:525917	3
NCBITaxon:525918	1
NCBITaxon:525919	1
NCBITaxon:525924	3
NCBITaxon:526	1
NCBITaxon:52603	2
NCBITaxon:52604	1
NCBITaxon:526067	3
NCBITaxon:5261	1
NCBITaxon:526216	1
NCBITaxon:526218	1
NCBITaxon:526221	1
NCBITaxon:526222	1
NCBITaxon:526224	2
NCBITaxon:526225	1
NCBITaxon:526226	2
NCBITaxon:526243	1
NCBITaxon:526244	3
NCBITaxon:526347	1
NCBITaxon:526588	4
NCBITaxon:526714	1
NCBITaxon:526729	4
NCBITaxon:526733	1
NCBITaxon:526862	1
NCBITaxon:52689	4
NCBITaxon:52690	1
NCBITaxon:52691	3
NCBITaxon:52692	3
NCBITaxon:526922	1
NCBITaxon:526923	1
NCBITaxon:52693	4
NCBITaxon:52694	8
NCBITaxon:526944	4
NCBITaxon:52695	5
NCBITaxon:52696	8
NCBITaxon:526965	1
NCBITaxon:526966	1
NCBITaxon:526969	1
NCBITaxon:52697	10
NCBITaxon:52698	3
NCBITaxon:526980	1
NCBITaxon:526981	1
NCBITaxon:52699	7
NCBITaxon:5270	8
NCBITaxon:527001	3
NCBITaxon:527018	1
NCBITaxon:527019	1
NCBITaxon:527020	1
NCBITaxon:527021	2
NCBITaxon:527022	2
NCBITaxon:527023	1
NCBITaxon:527024	1
NCBITaxon:527025	1
NCBITaxon:527026	1
NCBITaxon:527027	1
NCBITaxon:527028	1
NCBITaxon:527029	1
NCBITaxon:527030	1
NCBITaxon:527031	1
NCBITaxon:527032	1
NCBITaxon:52704	2
NCBITaxon:527199	1
NCBITaxon:5272	15
NCBITaxon:527200	1
NCBITaxon:527326	3
NCBITaxon:527498	2
NCBITaxon:527531	1
NCBITaxon:52761	1
NCBITaxon:52762	1
NCBITaxon:52763	5
NCBITaxon:52764	4
NCBITaxon:52767	5
NCBITaxon:52768	8
NCBITaxon:52769	32
NCBITaxon:52770	6
NCBITaxon:52771	3
NCBITaxon:52773	7
NCBITaxon:52774	7
NCBITaxon:5278	11
NCBITaxon:52786	1
NCBITaxon:52787	1
NCBITaxon:528	4
NCBITaxon:5281	2
NCBITaxon:528178	5
NCBITaxon:528187	10
NCBITaxon:528191	21
NCBITaxon:528209	1
NCBITaxon:528244	5
NCBITaxon:528314	2
NCBITaxon:528331	1
NCBITaxon:528346	1
NCBITaxon:5286	162
NCBITaxon:5288	1
NCBITaxon:529	367
NCBITaxon:529005	2
NCBITaxon:529089	1
NCBITaxon:529121	2
NCBITaxon:529505	4
NCBITaxon:52959	3
NCBITaxon:529654	1
NCBITaxon:5297	4
NCBITaxon:529703	2
NCBITaxon:529704	3
NCBITaxon:529705	2
NCBITaxon:52972	9
NCBITaxon:529731	22
NCBITaxon:529810	4
NCBITaxon:529881	1
NCBITaxon:529883	7
NCBITaxon:529884	3
NCBITaxon:530044	1
NCBITaxon:5305	1
NCBITaxon:530584	5
NCBITaxon:531306	4
NCBITaxon:531309	3
NCBITaxon:531310	4
NCBITaxon:531312	4
NCBITaxon:5315	2
NCBITaxon:531813	3
NCBITaxon:531814	3
NCBITaxon:531815	5
NCBITaxon:531816	2
NCBITaxon:531899	1
NCBITaxon:5319	4
NCBITaxon:531904	1
NCBITaxon:531938	5
NCBITaxon:531940	5
NCBITaxon:531967	3
NCBITaxon:5320	4
NCBITaxon:532059	3
NCBITaxon:5321	1
NCBITaxon:5322	88
NCBITaxon:5323	4
NCBITaxon:53245	1
NCBITaxon:53246	24
NCBITaxon:53247	1
NCBITaxon:53249	15
NCBITaxon:5325	4
NCBITaxon:53254	4
NCBITaxon:5327	2
NCBITaxon:533	117
NCBITaxon:5331	1
NCBITaxon:53317	9
NCBITaxon:53321	2
NCBITaxon:533240	9
NCBITaxon:533244	1
NCBITaxon:533267	3
NCBITaxon:53329	1
NCBITaxon:53332	1
NCBITaxon:533323	2
NCBITaxon:533325	2
NCBITaxon:53335	17
NCBITaxon:53336	11
NCBITaxon:5334	27
NCBITaxon:53341	1
NCBITaxon:53343	2
NCBITaxon:53344	36
NCBITaxon:53345	365
NCBITaxon:53346	113
NCBITaxon:53354	2
NCBITaxon:53356	10
NCBITaxon:53358	13
NCBITaxon:53359	7
NCBITaxon:53361	8
NCBITaxon:53362	9
NCBITaxon:53363	17
NCBITaxon:53364	6
NCBITaxon:53366	6
NCBITaxon:53367	7
NCBITaxon:53368	10
NCBITaxon:53371	5
NCBITaxon:53372	4
NCBITaxon:53374	29
NCBITaxon:53376	5
NCBITaxon:53378	5
NCBITaxon:53388	4
NCBITaxon:53393	2
NCBITaxon:53394	2
NCBITaxon:53398	1
NCBITaxon:53399	2
NCBITaxon:5340	2
NCBITaxon:53400	2
NCBITaxon:53405	1
NCBITaxon:53406	4
NCBITaxon:53407	106
NCBITaxon:53408	33
NCBITaxon:53409	156
NCBITaxon:5341	2
NCBITaxon:53410	6
NCBITaxon:53412	7
NCBITaxon:53413	2538
NCBITaxon:53414	2
NCBITaxon:53417	6
NCBITaxon:53418	3
NCBITaxon:53419	2
NCBITaxon:53422	2
NCBITaxon:53424	1
NCBITaxon:53426	3
NCBITaxon:53427	2
NCBITaxon:53428	4
NCBITaxon:53429	23
NCBITaxon:5343	1
NCBITaxon:53431	15
NCBITaxon:53432	16
NCBITaxon:53436	1
NCBITaxon:53437	56
NCBITaxon:53440	11
NCBITaxon:53441	4
NCBITaxon:53442	16
NCBITaxon:53443	4
NCBITaxon:53444	50
NCBITaxon:53445	1
NCBITaxon:53446	28
NCBITaxon:53447	1
NCBITaxon:53448	21
NCBITaxon:53449	10
NCBITaxon:53450	3
NCBITaxon:53451	19
NCBITaxon:53453	2
NCBITaxon:53458	14
NCBITaxon:5346	162
NCBITaxon:53461	4
NCBITaxon:53462	11
NCBITaxon:53463	1
NCBITaxon:534635	3
NCBITaxon:53483	3
NCBITaxon:53486	1
NCBITaxon:53487	1
NCBITaxon:53488	1
NCBITaxon:53489	1
NCBITaxon:53490	1
NCBITaxon:53491	1
NCBITaxon:53492	1
NCBITaxon:53493	1
NCBITaxon:53495	1
NCBITaxon:53496	1
NCBITaxon:535	2
NCBITaxon:53501	5
NCBITaxon:535024	1
NCBITaxon:535025	1
NCBITaxon:535026	2
NCBITaxon:53522	19
NCBITaxon:535290	2
NCBITaxon:5353	260
NCBITaxon:535325	1
NCBITaxon:535326	1
NCBITaxon:535327	1
NCBITaxon:535328	1
NCBITaxon:535329	1
NCBITaxon:535330	1
NCBITaxon:535331	1
NCBITaxon:535332	2
NCBITaxon:535334	1
NCBITaxon:535335	1
NCBITaxon:535338	1
NCBITaxon:535339	1
NCBITaxon:535346	1
NCBITaxon:535347	1
NCBITaxon:535348	1
NCBITaxon:535349	1
NCBITaxon:535351	1
NCBITaxon:53558	1
NCBITaxon:5357	1
NCBITaxon:535712	1
NCBITaxon:53573	2
NCBITaxon:535738	1
NCBITaxon:535744	5
NCBITaxon:535747	1
NCBITaxon:5358	1
NCBITaxon:535904	4
NCBITaxon:535906	3
NCBITaxon:535907	3
NCBITaxon:536	255
NCBITaxon:536018	1
NCBITaxon:53603	1
NCBITaxon:536044	2
NCBITaxon:536049	1
NCBITaxon:536056	10
NCBITaxon:53607	1
NCBITaxon:536088	1
NCBITaxon:536089	1
NCBITaxon:536227	1
NCBITaxon:536229	3
NCBITaxon:536232	1
NCBITaxon:536233	1
NCBITaxon:53633	2
NCBITaxon:53634	2
NCBITaxon:53635	1
NCBITaxon:5364	2
NCBITaxon:53641	1
NCBITaxon:53643	1
NCBITaxon:53644	1
NCBITaxon:536441	6
NCBITaxon:536443	1
NCBITaxon:53645	1
NCBITaxon:53646	12
NCBITaxon:53647	1
NCBITaxon:53648	1
NCBITaxon:53649	2
NCBITaxon:5365	9
NCBITaxon:53655	1
NCBITaxon:53656	1
NCBITaxon:53657	1
NCBITaxon:53658	1
NCBITaxon:53659	1
NCBITaxon:53660	1
NCBITaxon:536633	11
NCBITaxon:53683	1
NCBITaxon:53685	7
NCBITaxon:53686	1
NCBITaxon:536979	4
NCBITaxon:536980	4
NCBITaxon:537	5
NCBITaxon:537006	1
NCBITaxon:537011	3
NCBITaxon:537012	2
NCBITaxon:537013	2
NCBITaxon:537017	3
NCBITaxon:537021	1
NCBITaxon:53707	10
NCBITaxon:5372	1
NCBITaxon:537288	1
NCBITaxon:537399	2
NCBITaxon:5374	1
NCBITaxon:537457	1
NCBITaxon:537601	1
NCBITaxon:537810	1
NCBITaxon:537937	1
NCBITaxon:537970	3
NCBITaxon:537971	2
NCBITaxon:537973	1
NCBITaxon:538021	1
NCBITaxon:538189	3
NCBITaxon:538194	1
NCBITaxon:538220	1
NCBITaxon:5383	4
NCBITaxon:538381	7
NCBITaxon:538382	2
NCBITaxon:5384	324
NCBITaxon:538947	5
NCBITaxon:539	109
NCBITaxon:5391	1
NCBITaxon:539206	1
NCBITaxon:539262	8
NCBITaxon:539329	2
NCBITaxon:53937	1
NCBITaxon:53939	1
NCBITaxon:53940	1
NCBITaxon:53945	4
NCBITaxon:53952	3
NCBITaxon:53953	7
NCBITaxon:53958	2
NCBITaxon:53972	35
NCBITaxon:539813	32
NCBITaxon:539814	5
NCBITaxon:539822	1
NCBITaxon:539823	1
NCBITaxon:539824	1
NCBITaxon:53983	1
NCBITaxon:53984	1
NCBITaxon:53985	14
NCBITaxon:53986	3
NCBITaxon:54	4
NCBITaxon:54005	21
NCBITaxon:540059	1
NCBITaxon:54006	7
NCBITaxon:540060	1
NCBITaxon:540061	1
NCBITaxon:54007	5
NCBITaxon:54010	2
NCBITaxon:54011	3
NCBITaxon:54015	3
NCBITaxon:5402	2
NCBITaxon:540251	3
NCBITaxon:540254	2
NCBITaxon:5403	2
NCBITaxon:54045	1
NCBITaxon:54046	1
NCBITaxon:540500	3
NCBITaxon:54061	22
NCBITaxon:54062	55
NCBITaxon:54067	9
NCBITaxon:540746	3
NCBITaxon:540747	7
NCBITaxon:540749	11
NCBITaxon:54076	2
NCBITaxon:54077	4
NCBITaxon:54092	14
NCBITaxon:54093	1
NCBITaxon:54094	2
NCBITaxon:54095	1
NCBITaxon:54097	1
NCBITaxon:54098	1
NCBITaxon:540988	2
NCBITaxon:54099	1
NCBITaxon:54100	1
NCBITaxon:54101	1
NCBITaxon:54102	1
NCBITaxon:54103	1
NCBITaxon:541095	3
NCBITaxon:5411	1
NCBITaxon:54120	2
NCBITaxon:54121	23
NCBITaxon:541229	2
NCBITaxon:5414	1
NCBITaxon:5417	3
NCBITaxon:5418	10
NCBITaxon:54193	1
NCBITaxon:54194	1
NCBITaxon:54195	1
NCBITaxon:54196	2
NCBITaxon:542	273
NCBITaxon:54203	1
NCBITaxon:542300	4
NCBITaxon:54248	2
NCBITaxon:54250	1
NCBITaxon:54252	1
NCBITaxon:54253	1
NCBITaxon:54254	2
NCBITaxon:54255	2
NCBITaxon:54256	1
NCBITaxon:54259	2
NCBITaxon:54261	1
NCBITaxon:54262	2
NCBITaxon:54265	2
NCBITaxon:542764	4
NCBITaxon:542832	6
NCBITaxon:542833	1
NCBITaxon:54291	83
NCBITaxon:54294	2
NCBITaxon:54295	2
NCBITaxon:54297	2
NCBITaxon:54298	19
NCBITaxon:543	15
NCBITaxon:54304	5
NCBITaxon:543062	1
NCBITaxon:54311	12
NCBITaxon:54313	4
NCBITaxon:543314	1
NCBITaxon:543356	4
NCBITaxon:543360	3
NCBITaxon:543371	1
NCBITaxon:5435	1
NCBITaxon:543526	2
NCBITaxon:543527	8
NCBITaxon:543538	1
NCBITaxon:543539	1
NCBITaxon:543540	1
NCBITaxon:543615	3
NCBITaxon:543629	4
NCBITaxon:543632	1
NCBITaxon:543734	1
NCBITaxon:543737	3
NCBITaxon:543877	3
NCBITaxon:54388	135
NCBITaxon:543886	1
NCBITaxon:543887	5
NCBITaxon:543890	3
NCBITaxon:543892	3
NCBITaxon:54398	8
NCBITaxon:544	5
NCBITaxon:5440	1
NCBITaxon:54406	1
NCBITaxon:5441	1
NCBITaxon:5442	1
NCBITaxon:544404	1
NCBITaxon:544406	1
NCBITaxon:54444	2
NCBITaxon:544448	12
NCBITaxon:544464	1
NCBITaxon:544480	5
NCBITaxon:5445	8
NCBITaxon:544580	21
NCBITaxon:544581	6
NCBITaxon:544644	5
NCBITaxon:544645	34
NCBITaxon:544681	5
NCBITaxon:5447	6
NCBITaxon:544711	2
NCBITaxon:544718	13
NCBITaxon:544910	4
NCBITaxon:544911	3
NCBITaxon:545	221
NCBITaxon:545121	3
NCBITaxon:545123	4
NCBITaxon:54526	27
NCBITaxon:545261	1
NCBITaxon:54530	1
NCBITaxon:5454	1
NCBITaxon:545422	1
NCBITaxon:545451	1
NCBITaxon:5455	1
NCBITaxon:54550	2
NCBITaxon:545501	4
NCBITaxon:545502	4
NCBITaxon:54551	5
NCBITaxon:54552	3
NCBITaxon:54553	1
NCBITaxon:545533	2
NCBITaxon:545534	3
NCBITaxon:545536	3
NCBITaxon:545537	2
NCBITaxon:545543	4
NCBITaxon:545619	4
NCBITaxon:545624	6
NCBITaxon:545630	1
NCBITaxon:545640	1
NCBITaxon:54565	2
NCBITaxon:545651	2
NCBITaxon:54571	126
NCBITaxon:545774	2
NCBITaxon:545864	3
NCBITaxon:545865	1
NCBITaxon:545997	1
NCBITaxon:546	687
NCBITaxon:5460	3
NCBITaxon:546021	4
NCBITaxon:546022	2
NCBITaxon:546023	4
NCBITaxon:546024	1
NCBITaxon:546107	4
NCBITaxon:546108	3
NCBITaxon:546114	5
NCBITaxon:546115	5
NCBITaxon:546157	5
NCBITaxon:546160	4
NCBITaxon:546165	6
NCBITaxon:5462	1
NCBITaxon:546263	4
NCBITaxon:546266	1
NCBITaxon:546271	1
NCBITaxon:546342	2
NCBITaxon:546343	1
NCBITaxon:546364	5
NCBITaxon:546365	3
NCBITaxon:546367	48
NCBITaxon:5464	1
NCBITaxon:5466	1
NCBITaxon:546672	1
NCBITaxon:5467	1
NCBITaxon:54673	1
NCBITaxon:546764	1
NCBITaxon:54687	1
NCBITaxon:546871	4
NCBITaxon:546872	3
NCBITaxon:546873	4
NCBITaxon:546874	4
NCBITaxon:546892	4
NCBITaxon:547	23
NCBITaxon:547007	1
NCBITaxon:547014	1
NCBITaxon:547018	4
NCBITaxon:547042	2
NCBITaxon:547043	7
NCBITaxon:547046	1
NCBITaxon:547047	1
NCBITaxon:547048	1
NCBITaxon:547055	3
NCBITaxon:547056	4
NCBITaxon:547057	4
NCBITaxon:547122	4
NCBITaxon:547162	4
NCBITaxon:547163	8
NCBITaxon:547188	2
NCBITaxon:547334	3
NCBITaxon:54736	5
NCBITaxon:5474	1
NCBITaxon:54742	1
NCBITaxon:547461	5
NCBITaxon:5475	1
NCBITaxon:547558	1
NCBITaxon:54757	1
NCBITaxon:5476	46
NCBITaxon:547602	1
NCBITaxon:54767	4
NCBITaxon:5477	18
NCBITaxon:5478	32
NCBITaxon:5479	1
NCBITaxon:547986	1
NCBITaxon:547987	1
NCBITaxon:548	242
NCBITaxon:5480	23
NCBITaxon:5481	1
NCBITaxon:548156	1
NCBITaxon:5482	27
NCBITaxon:5483	1
NCBITaxon:548470	1
NCBITaxon:548473	2
NCBITaxon:548474	1
NCBITaxon:548475	1
NCBITaxon:548476	2
NCBITaxon:548480	1
NCBITaxon:548579	3
NCBITaxon:5486	3
NCBITaxon:5489	1
NCBITaxon:548918	3
NCBITaxon:54899	1
NCBITaxon:549	633
NCBITaxon:5490	10
NCBITaxon:549000	2
NCBITaxon:549003	3
NCBITaxon:5491	1
NCBITaxon:54910	7
NCBITaxon:54911	8
NCBITaxon:54913	9
NCBITaxon:54914	114
NCBITaxon:54915	10
NCBITaxon:5492	2
NCBITaxon:549298	5
NCBITaxon:5493	1
NCBITaxon:549386	2
NCBITaxon:5495	8
NCBITaxon:549676	2
NCBITaxon:549677	1
NCBITaxon:549678	1
NCBITaxon:549685	1
NCBITaxon:549687	12
NCBITaxon:549691	1
NCBITaxon:549701	1
NCBITaxon:549731	1
NCBITaxon:549789	1
NCBITaxon:5498	1
NCBITaxon:55	5
NCBITaxon:550	823
NCBITaxon:5501	2
NCBITaxon:550447	1
NCBITaxon:550537	1
NCBITaxon:550538	1
NCBITaxon:550540	1
NCBITaxon:5506	3
NCBITaxon:5507	58
NCBITaxon:550747	1
NCBITaxon:550748	1
NCBITaxon:550773	1
NCBITaxon:55079	1
NCBITaxon:5508	9
NCBITaxon:55080	5
NCBITaxon:55085	24
NCBITaxon:550978	1
NCBITaxon:550983	2
NCBITaxon:551	2
NCBITaxon:551115	1
NCBITaxon:551276	5
NCBITaxon:551280	4
NCBITaxon:5514	2
NCBITaxon:551459	3
NCBITaxon:55148	4
NCBITaxon:5515	2
NCBITaxon:551546	2
NCBITaxon:551547	2
NCBITaxon:5516	3
NCBITaxon:55169	129
NCBITaxon:55170	1
NCBITaxon:551759	1
NCBITaxon:551760	3
NCBITaxon:551771	1
NCBITaxon:551772	1
NCBITaxon:551788	2
NCBITaxon:5518	23
NCBITaxon:55181	9
NCBITaxon:55193	1
NCBITaxon:55194	6
NCBITaxon:55197	14
NCBITaxon:551987	1
NCBITaxon:551988	2
NCBITaxon:551989	2
NCBITaxon:551990	2
NCBITaxon:551991	1
NCBITaxon:551994	1
NCBITaxon:551995	2
NCBITaxon:551996	5
NCBITaxon:552	1113
NCBITaxon:55205	1
NCBITaxon:55206	2
NCBITaxon:552061	3
NCBITaxon:552063	3
NCBITaxon:552064	4
NCBITaxon:55207	4
NCBITaxon:55208	40
NCBITaxon:55209	7
NCBITaxon:55210	79
NCBITaxon:55211	35
NCBITaxon:55212	17
NCBITaxon:55213	8
NCBITaxon:55214	185
NCBITaxon:55218	7
NCBITaxon:5523	1
NCBITaxon:552357	3
NCBITaxon:552386	5
NCBITaxon:552397	1
NCBITaxon:552407	2
NCBITaxon:552467	2
NCBITaxon:552518	4
NCBITaxon:552526	1
NCBITaxon:552531	1
NCBITaxon:552535	1
NCBITaxon:552536	1
NCBITaxon:552546	2
NCBITaxon:5526	1
NCBITaxon:552664	1
NCBITaxon:552665	1
NCBITaxon:552666	1
NCBITaxon:552788	4
NCBITaxon:552828	1
NCBITaxon:552903	5
NCBITaxon:553	283
NCBITaxon:5530	4
NCBITaxon:55307	1
NCBITaxon:553088	3
NCBITaxon:553151	4
NCBITaxon:553164	1
NCBITaxon:553167	1
NCBITaxon:553168	1
NCBITaxon:553169	1
NCBITaxon:553170	1
NCBITaxon:553172	1
NCBITaxon:553177	1
NCBITaxon:553187	1
NCBITaxon:553188	1
NCBITaxon:553189	1
NCBITaxon:553190	1
NCBITaxon:553200	1
NCBITaxon:553202	1
NCBITaxon:553203	1
NCBITaxon:553205	1
NCBITaxon:553208	1
NCBITaxon:553210	1
NCBITaxon:553211	1
NCBITaxon:553216	1
NCBITaxon:553218	1
NCBITaxon:553220	2
NCBITaxon:553239	68
NCBITaxon:5533	1
NCBITaxon:553311	7
NCBITaxon:553385	2
NCBITaxon:553390	1
NCBITaxon:55340	2
NCBITaxon:553427	4
NCBITaxon:553429	2
NCBITaxon:55344	1
NCBITaxon:553447	4
NCBITaxon:553466	3
NCBITaxon:553467	2
NCBITaxon:553468	1
NCBITaxon:553469	2
NCBITaxon:55348	1
NCBITaxon:553480	2
NCBITaxon:553481	1
NCBITaxon:553482	1
NCBITaxon:5535	3
NCBITaxon:553510	1
NCBITaxon:553611	53
NCBITaxon:553632	1
NCBITaxon:553633	1
NCBITaxon:553636	2
NCBITaxon:5537	17
NCBITaxon:553814	4
NCBITaxon:5539	1
NCBITaxon:553973	2
NCBITaxon:55398	2
NCBITaxon:553981	1
NCBITaxon:553982	2
NCBITaxon:554	738
NCBITaxon:5540	1
NCBITaxon:55400	1
NCBITaxon:55404	24
NCBITaxon:554083	5
NCBITaxon:5541	2
NCBITaxon:554117	4
NCBITaxon:554283	2
NCBITaxon:554290	1
NCBITaxon:5543	10
NCBITaxon:554308	5
NCBITaxon:554310	1
NCBITaxon:554312	1
NCBITaxon:554343	3
NCBITaxon:554344	6
NCBITaxon:5544	12
NCBITaxon:554406	4
NCBITaxon:5547	2
NCBITaxon:5548	5
NCBITaxon:554880	3
NCBITaxon:554915	1
NCBITaxon:554949	1
NCBITaxon:555	10
NCBITaxon:55504	2
NCBITaxon:55505	3
NCBITaxon:555059	4
NCBITaxon:55507	6
NCBITaxon:555079	1
NCBITaxon:55508	8
NCBITaxon:555083	3
NCBITaxon:555088	1
NCBITaxon:5551	4
NCBITaxon:55514	2
NCBITaxon:55518	4
NCBITaxon:555217	3
NCBITaxon:5553	5
NCBITaxon:555311	4
NCBITaxon:555313	3
NCBITaxon:555314	1
NCBITaxon:555315	3
NCBITaxon:555317	1
NCBITaxon:555371	4
NCBITaxon:555372	4
NCBITaxon:555393	4
NCBITaxon:5554	4
NCBITaxon:555455	4
NCBITaxon:555500	1
NCBITaxon:555512	7
NCBITaxon:555573	1
NCBITaxon:55565	46
NCBITaxon:555756	1
NCBITaxon:555778	1
NCBITaxon:555791	6
NCBITaxon:55583	6
NCBITaxon:555874	2
NCBITaxon:555875	1
NCBITaxon:55588	1
NCBITaxon:555883	1
NCBITaxon:555887	1
NCBITaxon:555950	5
NCBITaxon:555970	1
NCBITaxon:556	233
NCBITaxon:55601	108
NCBITaxon:55602	2
NCBITaxon:55603	1
NCBITaxon:556053	3
NCBITaxon:556054	3
NCBITaxon:556055	3
NCBITaxon:556177	3
NCBITaxon:556264	1
NCBITaxon:556268	1
NCBITaxon:556282	1
NCBITaxon:556287	9
NCBITaxon:556288	2
NCBITaxon:556291	1
NCBITaxon:556325	4
NCBITaxon:556327	2
NCBITaxon:556484	1
NCBITaxon:556499	5
NCBITaxon:556529	2
NCBITaxon:556530	3
NCBITaxon:556531	4
NCBITaxon:556532	5
NCBITaxon:556533	4
NCBITaxon:556534	3
NCBITaxon:556548	2
NCBITaxon:556890	4
NCBITaxon:5570	39
NCBITaxon:557192	1
NCBITaxon:557332	1
NCBITaxon:557433	1
NCBITaxon:557436	1
NCBITaxon:557450	4
NCBITaxon:557451	4
NCBITaxon:557555	6
NCBITaxon:557556	1
NCBITaxon:557557	4
NCBITaxon:55758	3
NCBITaxon:557723	1
NCBITaxon:557785	1
NCBITaxon:55779	3
NCBITaxon:5579	4
NCBITaxon:557993	1
NCBITaxon:558	2
NCBITaxon:5580	58
NCBITaxon:55802	1
NCBITaxon:558021	2
NCBITaxon:558151	1
NCBITaxon:558152	6
NCBITaxon:558155	1
NCBITaxon:558169	2
NCBITaxon:558170	2
NCBITaxon:558172	4
NCBITaxon:558269	1
NCBITaxon:558270	1
NCBITaxon:558271	5
NCBITaxon:558415	2
NCBITaxon:558529	4
NCBITaxon:558537	8
NCBITaxon:558541	12
NCBITaxon:558884	4
NCBITaxon:558964	5
NCBITaxon:559173	2
NCBITaxon:559304	7
NCBITaxon:559315	4
NCBITaxon:559515	1
NCBITaxon:55952	2
NCBITaxon:559625	4
NCBITaxon:559626	3
NCBITaxon:559627	3
NCBITaxon:559628	4
NCBITaxon:559629	2
NCBITaxon:55966	1
NCBITaxon:55968	6
NCBITaxon:55969	6
NCBITaxon:5597	4
NCBITaxon:559736	1
NCBITaxon:559739	1
NCBITaxon:5598	1
NCBITaxon:5599	75
NCBITaxon:559956	2
NCBITaxon:56	472
NCBITaxon:560080	4
NCBITaxon:5601	1
NCBITaxon:560359	1
NCBITaxon:560360	1
NCBITaxon:560361	1
NCBITaxon:560405	3
NCBITaxon:560535	1
NCBITaxon:56055	3
NCBITaxon:560555	9
NCBITaxon:560556	3
NCBITaxon:560557	4
NCBITaxon:5606	1
NCBITaxon:560819	1
NCBITaxon:561	14
NCBITaxon:561005	1
NCBITaxon:561061	4
NCBITaxon:561067	3
NCBITaxon:56108	1
NCBITaxon:561088	2
NCBITaxon:5611	9
NCBITaxon:56110	1
NCBITaxon:56112	8
NCBITaxon:561173	5
NCBITaxon:561176	4
NCBITaxon:561180	1
NCBITaxon:561184	18
NCBITaxon:56119	5
NCBITaxon:561229	1
NCBITaxon:561230	2
NCBITaxon:561231	1
NCBITaxon:561275	1
NCBITaxon:561276	1
NCBITaxon:561307	2
NCBITaxon:561365	4
NCBITaxon:56142	1
NCBITaxon:561440	2
NCBITaxon:56146	5
NCBITaxon:561501	1
NCBITaxon:561505	5
NCBITaxon:561555	1
NCBITaxon:56157	1
NCBITaxon:5616	7
NCBITaxon:5617	7
NCBITaxon:561720	3
NCBITaxon:56187	1
NCBITaxon:561879	91
NCBITaxon:561895	2
NCBITaxon:56192	8
NCBITaxon:56193	6
NCBITaxon:561959	1
NCBITaxon:561965	4
NCBITaxon:561966	3
NCBITaxon:561979	1
NCBITaxon:561986	1
NCBITaxon:561989	1
NCBITaxon:562	18302
NCBITaxon:562019	1
NCBITaxon:5621	1
NCBITaxon:5627	2
NCBITaxon:562959	3
NCBITaxon:562969	4
NCBITaxon:562970	1
NCBITaxon:562975	1
NCBITaxon:562976	4
NCBITaxon:562979	1
NCBITaxon:562982	1
NCBITaxon:563	20
NCBITaxon:5630	2
NCBITaxon:563008	1
NCBITaxon:563040	1
NCBITaxon:563162	4
NCBITaxon:563163	4
NCBITaxon:563170	1
NCBITaxon:563172	2
NCBITaxon:563176	2
NCBITaxon:563177	1
NCBITaxon:563178	1
NCBITaxon:563188	1
NCBITaxon:563199	2
NCBITaxon:5632	2
NCBITaxon:563466	2
NCBITaxon:563467	2
NCBITaxon:56358	1
NCBITaxon:56359	1
NCBITaxon:5636	4
NCBITaxon:56361	3
NCBITaxon:563735	6
NCBITaxon:563774	1
NCBITaxon:563797	1
NCBITaxon:563798	21
NCBITaxon:563835	38
NCBITaxon:563843	5
NCBITaxon:5639	1
NCBITaxon:563990	1
NCBITaxon:563996	6
NCBITaxon:564	147
NCBITaxon:56406	12
NCBITaxon:564064	2
NCBITaxon:56407	4
NCBITaxon:56408	9
NCBITaxon:56409	3
NCBITaxon:56411	1
NCBITaxon:564117	1
NCBITaxon:56413	1
NCBITaxon:564137	3
NCBITaxon:56415	1
NCBITaxon:56417	1
NCBITaxon:56418	2
NCBITaxon:564198	3
NCBITaxon:56425	6
NCBITaxon:56426	4
NCBITaxon:56428	15
NCBITaxon:564287	1
NCBITaxon:564288	2
NCBITaxon:5643	6
NCBITaxon:564369	4
NCBITaxon:56438	10
NCBITaxon:564413	3
NCBITaxon:564415	4
NCBITaxon:564416	1
NCBITaxon:564417	1
NCBITaxon:564418	1
NCBITaxon:564419	1
NCBITaxon:564422	1
NCBITaxon:564424	1
NCBITaxon:56448	783
NCBITaxon:56449	5
NCBITaxon:56450	65
NCBITaxon:56453	6
NCBITaxon:56454	508
NCBITaxon:56455	41
NCBITaxon:56456	3
NCBITaxon:56457	10
NCBITaxon:56458	21
NCBITaxon:56459	137
NCBITaxon:56460	231
NCBITaxon:564619	1
NCBITaxon:564621	1
NCBITaxon:56463	6
NCBITaxon:56464	4
NCBITaxon:564663	1
NCBITaxon:5647	1
NCBITaxon:56470	1
NCBITaxon:564710	1
NCBITaxon:564714	1
NCBITaxon:56483	1
NCBITaxon:564835	1
NCBITaxon:56493	2
NCBITaxon:56497	2
NCBITaxon:565	64
NCBITaxon:565033	3
NCBITaxon:565034	1
NCBITaxon:565035	1
NCBITaxon:565036	1
NCBITaxon:565037	1
NCBITaxon:565038	1
NCBITaxon:565039	1
NCBITaxon:565040	1
NCBITaxon:565042	3
NCBITaxon:565047	1
NCBITaxon:565050	1
NCBITaxon:565072	2
NCBITaxon:565073	4
NCBITaxon:565074	2
NCBITaxon:565143	1
NCBITaxon:565419	1
NCBITaxon:565426	3
NCBITaxon:565442	1
NCBITaxon:565443	1
NCBITaxon:565575	1
NCBITaxon:5656	1
NCBITaxon:565637	1
NCBITaxon:565638	1
NCBITaxon:565640	1
NCBITaxon:565641	1
NCBITaxon:565643	1
NCBITaxon:565651	1
NCBITaxon:5659	3
NCBITaxon:566	57
NCBITaxon:5660	2
NCBITaxon:566012	4
NCBITaxon:566021	8
NCBITaxon:566022	3
NCBITaxon:566024	3
NCBITaxon:566027	15
NCBITaxon:566037	1
NCBITaxon:5661	8
NCBITaxon:566112	1
NCBITaxon:56615	2
NCBITaxon:566293	4
NCBITaxon:5663	1
NCBITaxon:56635	2
NCBITaxon:56636	3
NCBITaxon:566456	1
NCBITaxon:56646	2
NCBITaxon:566461	1
NCBITaxon:5665	1
NCBITaxon:566546	1
NCBITaxon:566547	1
NCBITaxon:566551	3
NCBITaxon:566552	3
NCBITaxon:566569	3
NCBITaxon:5666	4
NCBITaxon:56665	1
NCBITaxon:5667	1
NCBITaxon:56688	4
NCBITaxon:56689	31
NCBITaxon:56698	3
NCBITaxon:5670	2
NCBITaxon:5671	1
NCBITaxon:567106	1
NCBITaxon:56730	3
NCBITaxon:56731	8
NCBITaxon:5674	1
NCBITaxon:56760	3
NCBITaxon:56764	6
NCBITaxon:5677	1
NCBITaxon:56774	2
NCBITaxon:56777	1
NCBITaxon:56779	1
NCBITaxon:568	1
NCBITaxon:56804	3
NCBITaxon:568072	5
NCBITaxon:568076	1
NCBITaxon:568095	5
NCBITaxon:568098	4
NCBITaxon:568099	2
NCBITaxon:5681	2
NCBITaxon:56810	5
NCBITaxon:568102	2
NCBITaxon:568105	2
NCBITaxon:568106	3
NCBITaxon:56811	16
NCBITaxon:56812	34
NCBITaxon:56813	2
NCBITaxon:568206	1
NCBITaxon:568208	1
NCBITaxon:568387	1
NCBITaxon:568392	4
NCBITaxon:568394	1
NCBITaxon:5684	1
NCBITaxon:568603	5
NCBITaxon:568701	1
NCBITaxon:568703	5
NCBITaxon:568708	3
NCBITaxon:568709	1
NCBITaxon:56871	3
NCBITaxon:56873	2
NCBITaxon:56874	2
NCBITaxon:568768	1
NCBITaxon:56877	7
NCBITaxon:56878	7
NCBITaxon:568783	5
NCBITaxon:568784	4
NCBITaxon:568790	3
NCBITaxon:568817	1
NCBITaxon:568818	4
NCBITaxon:568819	1
NCBITaxon:568844	4
NCBITaxon:568860	3
NCBITaxon:568869	2
NCBITaxon:568872	4
NCBITaxon:568897	1
NCBITaxon:568898	2
NCBITaxon:568899	5
NCBITaxon:5689	2
NCBITaxon:568900	4
NCBITaxon:568987	1
NCBITaxon:569	229
NCBITaxon:569127	4
NCBITaxon:5692	1
NCBITaxon:5693	9
NCBITaxon:569365	2
NCBITaxon:5694	1
NCBITaxon:56946	15
NCBITaxon:56955	1
NCBITaxon:56956	7
NCBITaxon:56957	2
NCBITaxon:569599	4
NCBITaxon:569601	1
NCBITaxon:569836	1
NCBITaxon:569857	5
NCBITaxon:569859	2
NCBITaxon:569860	2
NCBITaxon:569862	1
NCBITaxon:569882	3
NCBITaxon:569883	4
NCBITaxon:5699	1
NCBITaxon:570	4
NCBITaxon:57000	1
NCBITaxon:57001	4
NCBITaxon:570012	3
NCBITaxon:570013	1
NCBITaxon:57002	2
NCBITaxon:57003	1
NCBITaxon:570156	6
NCBITaxon:570161	1
NCBITaxon:570162	2
NCBITaxon:5702	1
NCBITaxon:570265	1
NCBITaxon:570267	3
NCBITaxon:570276	4
NCBITaxon:570278	3
NCBITaxon:570279	1
NCBITaxon:57028	5
NCBITaxon:570281	4
NCBITaxon:57029	3
NCBITaxon:57037	9
NCBITaxon:57040	3
NCBITaxon:570416	4
NCBITaxon:57043	19
NCBITaxon:570446	2
NCBITaxon:57045	15
NCBITaxon:57046	1
NCBITaxon:570505	3
NCBITaxon:570506	2
NCBITaxon:570519	2
NCBITaxon:570520	2
NCBITaxon:570521	2
NCBITaxon:570835	3
NCBITaxon:570855	2
NCBITaxon:570935	13
NCBITaxon:570936	3
NCBITaxon:570945	4
NCBITaxon:570947	4
NCBITaxon:571	504
NCBITaxon:571087	4
NCBITaxon:571115	2
NCBITaxon:571177	3
NCBITaxon:571190	3
NCBITaxon:571254	6
NCBITaxon:571255	2
NCBITaxon:571256	4
NCBITaxon:571298	4
NCBITaxon:571428	1
NCBITaxon:57143	1
NCBITaxon:571430	1
NCBITaxon:571438	6
NCBITaxon:57145	2
NCBITaxon:57150	1
NCBITaxon:57153	1
NCBITaxon:57155	1
NCBITaxon:57161	1
NCBITaxon:57171	21
NCBITaxon:57172	3
NCBITaxon:571896	1
NCBITaxon:571898	3
NCBITaxon:571911	4
NCBITaxon:571912	5
NCBITaxon:571913	2
NCBITaxon:571915	3
NCBITaxon:57193	1
NCBITaxon:571932	5
NCBITaxon:571933	6
NCBITaxon:57200	1
NCBITaxon:572010	6
NCBITaxon:572023	1
NCBITaxon:572036	3
NCBITaxon:572093	2
NCBITaxon:572238	6
NCBITaxon:572262	1
NCBITaxon:572265	1
NCBITaxon:572418	1
NCBITaxon:572479	1
NCBITaxon:572511	34
NCBITaxon:572544	1
NCBITaxon:572545	1
NCBITaxon:572546	1
NCBITaxon:572547	1
NCBITaxon:573	7933
NCBITaxon:573024	6
NCBITaxon:573058	1
NCBITaxon:573059	1
NCBITaxon:573061	1
NCBITaxon:573066	3
NCBITaxon:573074	3
NCBITaxon:573139	15
NCBITaxon:573179	4
NCBITaxon:57320	3
NCBITaxon:573235	1
NCBITaxon:573236	1
NCBITaxon:573321	3
NCBITaxon:573395	2
NCBITaxon:573413	4
NCBITaxon:573489	1
NCBITaxon:573497	1
NCBITaxon:573499	1
NCBITaxon:573501	5
NCBITaxon:573508	4
NCBITaxon:573564	4
NCBITaxon:573569	1
NCBITaxon:573570	1
NCBITaxon:573600	1
NCBITaxon:573658	2
NCBITaxon:573737	6
NCBITaxon:573739	2
NCBITaxon:573741	3
NCBITaxon:573825	1
NCBITaxon:573841	1
NCBITaxon:573856	2
NCBITaxon:574	21
NCBITaxon:574032	1
NCBITaxon:574096	12
NCBITaxon:5741	5
NCBITaxon:5742	1
NCBITaxon:574347	1
NCBITaxon:574349	4
NCBITaxon:574375	2
NCBITaxon:574376	4
NCBITaxon:574521	1
NCBITaxon:574556	1
NCBITaxon:574559	1
NCBITaxon:574560	31
NCBITaxon:574561	5
NCBITaxon:574649	5
NCBITaxon:574650	5
NCBITaxon:574651	4
NCBITaxon:574655	6
NCBITaxon:574677	5
NCBITaxon:574697	32
NCBITaxon:574699	3
NCBITaxon:574700	3
NCBITaxon:574710	3
NCBITaxon:574718	5
NCBITaxon:574774	1
NCBITaxon:574789	1
NCBITaxon:5748	1
NCBITaxon:57480	15
NCBITaxon:57487	1
NCBITaxon:57488	2
NCBITaxon:57489	3
NCBITaxon:574899	1
NCBITaxon:574929	1
NCBITaxon:57493	2
NCBITaxon:574930	6
NCBITaxon:57494	1
NCBITaxon:574956	4
NCBITaxon:574962	3
NCBITaxon:574963	1
NCBITaxon:574964	2
NCBITaxon:574966	1
NCBITaxon:57497	5
NCBITaxon:574975	1
NCBITaxon:57498	24
NCBITaxon:574987	5
NCBITaxon:57499	2
NCBITaxon:575	201
NCBITaxon:575178	3
NCBITaxon:575186	3
NCBITaxon:575192	5
NCBITaxon:575193	5
NCBITaxon:575200	1
NCBITaxon:575256	3
NCBITaxon:575322	4
NCBITaxon:575424	1
NCBITaxon:575540	1
NCBITaxon:575565	1
NCBITaxon:575584	4
NCBITaxon:575590	1
NCBITaxon:575593	1
NCBITaxon:575609	1
NCBITaxon:575611	1
NCBITaxon:575614	1
NCBITaxon:575615	1
NCBITaxon:575659	32
NCBITaxon:5757	1
NCBITaxon:575788	1
NCBITaxon:575789	2
NCBITaxon:5759	5
NCBITaxon:575978	1
NCBITaxon:575983	2
NCBITaxon:576	20
NCBITaxon:576117	6
NCBITaxon:576118	3
NCBITaxon:576131	3
NCBITaxon:576137	1
NCBITaxon:5762	1
NCBITaxon:5763	4
NCBITaxon:576610	13
NCBITaxon:576611	11
NCBITaxon:57664	2
NCBITaxon:57665	6
NCBITaxon:57666	1
NCBITaxon:57676	8
NCBITaxon:57678	2
NCBITaxon:576784	6
NCBITaxon:57679	9
NCBITaxon:57688	2
NCBITaxon:57693	1
NCBITaxon:576944	3
NCBITaxon:577	212
NCBITaxon:57704	11
NCBITaxon:57705	7
NCBITaxon:57706	89
NCBITaxon:57723	179
NCBITaxon:57727	1
NCBITaxon:57732	10
NCBITaxon:577386	2
NCBITaxon:57741	11
NCBITaxon:57743	149
NCBITaxon:577468	1
NCBITaxon:577469	1
NCBITaxon:577470	3
NCBITaxon:577492	1
NCBITaxon:577650	1
NCBITaxon:577675	1
NCBITaxon:577679	1
NCBITaxon:577680	3
NCBITaxon:5778	1
NCBITaxon:578093	1
NCBITaxon:578113	2
NCBITaxon:578214	1
NCBITaxon:578215	4
NCBITaxon:578216	3
NCBITaxon:578221	3
NCBITaxon:578222	3
NCBITaxon:578290	4
NCBITaxon:578454	10
NCBITaxon:578457	1
NCBITaxon:578460	1
NCBITaxon:578463	2
NCBITaxon:5786	2
NCBITaxon:57863	5
NCBITaxon:578693	3
NCBITaxon:578942	1
NCBITaxon:578943	2
NCBITaxon:579	1
NCBITaxon:57909	5
NCBITaxon:5791	2
NCBITaxon:579105	3
NCBITaxon:579108	4
NCBITaxon:57911	1
NCBITaxon:579112	2
NCBITaxon:579137	1
NCBITaxon:579138	3
NCBITaxon:579151	1
NCBITaxon:579446	4
NCBITaxon:579537	1
NCBITaxon:579562	1
NCBITaxon:579748	3
NCBITaxon:57975	24
NCBITaxon:580	84
NCBITaxon:580026	3
NCBITaxon:580046	1
NCBITaxon:580049	1
NCBITaxon:580050	1
NCBITaxon:580165	21
NCBITaxon:580166	5
NCBITaxon:5802	1
NCBITaxon:580327	2
NCBITaxon:580331	1
NCBITaxon:580340	1
NCBITaxon:580370	27
NCBITaxon:580372	1
NCBITaxon:5804	1
NCBITaxon:580596	5
NCBITaxon:5807	16
NCBITaxon:580872	4
NCBITaxon:580937	5
NCBITaxon:58095	82
NCBITaxon:58096	18
NCBITaxon:58097	38
NCBITaxon:581	2
NCBITaxon:58101	2
NCBITaxon:581036	1
NCBITaxon:58107	7
NCBITaxon:58108	1
NCBITaxon:58109	7
NCBITaxon:5811	8
NCBITaxon:58110	8
NCBITaxon:58112	6
NCBITaxon:58114	11
NCBITaxon:58115	4
NCBITaxon:58116	7
NCBITaxon:58117	20
NCBITaxon:58118	6
NCBITaxon:58119	7
NCBITaxon:58121	6
NCBITaxon:58123	8
NCBITaxon:58135	2
NCBITaxon:58136	3
NCBITaxon:58137	2
NCBITaxon:58138	3
NCBITaxon:58169	4
NCBITaxon:58172	21
NCBITaxon:58180	1
NCBITaxon:582	269
NCBITaxon:5821	5
NCBITaxon:5824	1
NCBITaxon:582418	2
NCBITaxon:582419	3
NCBITaxon:582475	10
NCBITaxon:582491	1
NCBITaxon:5825	1
NCBITaxon:5826	1
NCBITaxon:582607	6
NCBITaxon:582665	3
NCBITaxon:582667	1
NCBITaxon:582670	1
NCBITaxon:582672	1
NCBITaxon:582675	1
NCBITaxon:582680	6
NCBITaxon:582684	1
NCBITaxon:582685	1
NCBITaxon:582686	1
NCBITaxon:582687	1
NCBITaxon:582688	1
NCBITaxon:582691	1
NCBITaxon:582692	3
NCBITaxon:582698	1
NCBITaxon:5827	1
NCBITaxon:582700	2
NCBITaxon:582702	4
NCBITaxon:582839	1
NCBITaxon:582840	1
NCBITaxon:582841	1
NCBITaxon:582850	10
NCBITaxon:582851	7
NCBITaxon:582854	3
NCBITaxon:582855	3
NCBITaxon:582857	1
NCBITaxon:58291	37
NCBITaxon:58314	3
NCBITaxon:5833	61
NCBITaxon:583355	1
NCBITaxon:583356	1
NCBITaxon:583358	1
NCBITaxon:58336	1
NCBITaxon:58340	10
NCBITaxon:58341	3
NCBITaxon:58343	29
NCBITaxon:58344	9
NCBITaxon:58345	10
NCBITaxon:58346	21
NCBITaxon:58347	4
NCBITaxon:58350	6
NCBITaxon:58351	6
NCBITaxon:58352	12
NCBITaxon:58369	2
NCBITaxon:584	540
NCBITaxon:5843	1
NCBITaxon:584605	2
NCBITaxon:584607	1
NCBITaxon:584609	2
NCBITaxon:584708	1
NCBITaxon:584721	1
NCBITaxon:584787	4
NCBITaxon:5849	1
NCBITaxon:585	367
NCBITaxon:5850	2
NCBITaxon:585035	1
NCBITaxon:585056	1
NCBITaxon:5851	4
NCBITaxon:585143	1
NCBITaxon:585144	1
NCBITaxon:585145	1
NCBITaxon:585146	1
NCBITaxon:585147	1
NCBITaxon:585148	1
NCBITaxon:585149	1
NCBITaxon:585150	1
NCBITaxon:585151	1
NCBITaxon:585152	1
NCBITaxon:585153	1
NCBITaxon:585154	1
NCBITaxon:585155	1
NCBITaxon:585156	1
NCBITaxon:585157	1
NCBITaxon:585158	1
NCBITaxon:585159	1
NCBITaxon:585160	1
NCBITaxon:585161	1
NCBITaxon:585198	1
NCBITaxon:585201	1
NCBITaxon:585224	4
NCBITaxon:585395	1
NCBITaxon:585396	1
NCBITaxon:585397	1
NCBITaxon:585398	1
NCBITaxon:5854	4
NCBITaxon:585455	5
NCBITaxon:5855	4
NCBITaxon:585503	1
NCBITaxon:585506	1
NCBITaxon:585520	2
NCBITaxon:585528	2
NCBITaxon:585529	1
NCBITaxon:585543	3
NCBITaxon:585594	1
NCBITaxon:585615	1
NCBITaxon:5857	1
NCBITaxon:5858	3
NCBITaxon:585891	1
NCBITaxon:5860	1
NCBITaxon:5861	5
NCBITaxon:58621	2
NCBITaxon:586220	1
NCBITaxon:586230	4
NCBITaxon:586239	1
NCBITaxon:58627	2
NCBITaxon:58630	1
NCBITaxon:58632	1
NCBITaxon:58633	1
NCBITaxon:58634	1
NCBITaxon:58635	1
NCBITaxon:58640	2
NCBITaxon:586413	1
NCBITaxon:586416	6
NCBITaxon:5865	3
NCBITaxon:5866	1
NCBITaxon:586733	15
NCBITaxon:5868	6
NCBITaxon:587	163
NCBITaxon:58712	103
NCBITaxon:5872	2
NCBITaxon:587533	5
NCBITaxon:587534	6
NCBITaxon:587633	3
NCBITaxon:587635	4
NCBITaxon:587636	5
NCBITaxon:587735	3
NCBITaxon:587739	3
NCBITaxon:587753	240
NCBITaxon:587851	14
NCBITaxon:587872	5
NCBITaxon:587909	4
NCBITaxon:588	128
NCBITaxon:588067	5
NCBITaxon:588083	4
NCBITaxon:588121	1
NCBITaxon:588122	3
NCBITaxon:588319	1
NCBITaxon:58840	1
NCBITaxon:58842	3
NCBITaxon:5885	1
NCBITaxon:58853	2
NCBITaxon:58856	1
NCBITaxon:588596	13
NCBITaxon:5886	1
NCBITaxon:588602	4
NCBITaxon:588604	4
NCBITaxon:588605	2
NCBITaxon:588672	4
NCBITaxon:588673	5
NCBITaxon:588727	1
NCBITaxon:588782	1
NCBITaxon:5888	1
NCBITaxon:588809	1
NCBITaxon:588810	1
NCBITaxon:588814	1
NCBITaxon:588815	5
NCBITaxon:588818	1
NCBITaxon:588858	1
NCBITaxon:588897	1
NCBITaxon:588898	2
NCBITaxon:588932	6
NCBITaxon:589010	4
NCBITaxon:589035	3
NCBITaxon:58914	5
NCBITaxon:58915	2
NCBITaxon:589159	3
NCBITaxon:589161	1
NCBITaxon:589162	1
NCBITaxon:58918	1
NCBITaxon:58919	8
NCBITaxon:589240	3
NCBITaxon:589330	5
NCBITaxon:589382	5
NCBITaxon:589385	4
NCBITaxon:589403	5
NCBITaxon:589436	1
NCBITaxon:589537	2
NCBITaxon:589554	1
NCBITaxon:589865	1
NCBITaxon:589872	1
NCBITaxon:589873	7
NCBITaxon:589924	1
NCBITaxon:590158	1
NCBITaxon:590168	1
NCBITaxon:590593	5
NCBITaxon:590609	5
NCBITaxon:590652	4
NCBITaxon:590998	1
NCBITaxon:591001	2
NCBITaxon:591019	1
NCBITaxon:591020	1
NCBITaxon:5911	1
NCBITaxon:591153	1
NCBITaxon:591154	8
NCBITaxon:591167	1
NCBITaxon:591197	5
NCBITaxon:591198	2
NCBITaxon:591202	4
NCBITaxon:591203	4
NCBITaxon:591204	3
NCBITaxon:591205	4
NCBITaxon:591206	6
NCBITaxon:591372	4
NCBITaxon:591373	1
NCBITaxon:59195	2
NCBITaxon:591952	1
NCBITaxon:59196	2
NCBITaxon:591962	5
NCBITaxon:592007	1
NCBITaxon:59201	291
NCBITaxon:59202	11
NCBITaxon:592021	1
NCBITaxon:592022	1
NCBITaxon:592026	1
NCBITaxon:592027	1
NCBITaxon:59203	5
NCBITaxon:59204	20
NCBITaxon:59205	4
NCBITaxon:592050	5
NCBITaxon:592051	4
NCBITaxon:59207	2
NCBITaxon:592307	4
NCBITaxon:592308	5
NCBITaxon:592313	1
NCBITaxon:592317	1
NCBITaxon:592361	6
NCBITaxon:592376	4
NCBITaxon:592377	4
NCBITaxon:592378	3
NCBITaxon:59277	5
NCBITaxon:592978	32
NCBITaxon:59298	5
NCBITaxon:59299	9
NCBITaxon:59310	7
NCBITaxon:593133	4
NCBITaxon:593134	2
NCBITaxon:593135	2
NCBITaxon:5932	2
NCBITaxon:593275	1
NCBITaxon:593426	1
NCBITaxon:593452	1
NCBITaxon:593585	1
NCBITaxon:5936	1
NCBITaxon:59374	3
NCBITaxon:593750	1
NCBITaxon:593904	1
NCBITaxon:593905	19
NCBITaxon:594	5
NCBITaxon:59405	12
NCBITaxon:59406	5
NCBITaxon:594679	9
NCBITaxon:5949	1
NCBITaxon:595	114
NCBITaxon:59505	6
NCBITaxon:59510	5
NCBITaxon:59511	13
NCBITaxon:59512	30
NCBITaxon:595255	1
NCBITaxon:595415	1
NCBITaxon:595434	1
NCBITaxon:595468	3
NCBITaxon:595493	30
NCBITaxon:595494	1
NCBITaxon:595495	1
NCBITaxon:595497	1
NCBITaxon:595499	1
NCBITaxon:595502	4
NCBITaxon:595503	1
NCBITaxon:595589	4
NCBITaxon:595605	4
NCBITaxon:59561	12
NCBITaxon:595635	4
NCBITaxon:595670	1
NCBITaxon:595671	2
NCBITaxon:595692	2
NCBITaxon:59586	3
NCBITaxon:595984	4
NCBITaxon:596	81
NCBITaxon:59600	2
NCBITaxon:59602	2
NCBITaxon:5961	1
NCBITaxon:59610	2
NCBITaxon:596104	2
NCBITaxon:596151	1
NCBITaxon:596155	1
NCBITaxon:596156	1
NCBITaxon:596157	1
NCBITaxon:596158	1
NCBITaxon:596159	1
NCBITaxon:5962	1
NCBITaxon:59620	755
NCBITaxon:59625	1
NCBITaxon:5963	1
NCBITaxon:596319	1
NCBITaxon:596776	1
NCBITaxon:597	2
NCBITaxon:5970	105
NCBITaxon:59732	10
NCBITaxon:59733	7
NCBITaxon:59736	3
NCBITaxon:597362	1
NCBITaxon:59737	12
NCBITaxon:5974	1
NCBITaxon:59750	4
NCBITaxon:59753	4
NCBITaxon:59754	3
NCBITaxon:59765	15
NCBITaxon:59779	5
NCBITaxon:59798	1
NCBITaxon:59799	4
NCBITaxon:598	31
NCBITaxon:59803	10
NCBITaxon:59809	1
NCBITaxon:59813	6
NCBITaxon:59814	84
NCBITaxon:59823	51
NCBITaxon:59839	12
NCBITaxon:59840	18
NCBITaxon:59841	8
NCBITaxon:59842	7
NCBITaxon:59843	49
NCBITaxon:59845	23
NCBITaxon:59846	3
NCBITaxon:598549	2
NCBITaxon:598609	3
NCBITaxon:598611	3
NCBITaxon:598626	4
NCBITaxon:598644	3
NCBITaxon:598650	2
NCBITaxon:598652	3
NCBITaxon:598653	3
NCBITaxon:598659	3
NCBITaxon:598660	5
NCBITaxon:598745	2
NCBITaxon:59893	27
NCBITaxon:59919	2
NCBITaxon:59920	1
NCBITaxon:59921	1
NCBITaxon:59922	1
NCBITaxon:59924	2
NCBITaxon:59925	1
NCBITaxon:59926	2
NCBITaxon:59931	1
NCBITaxon:599651	3
NCBITaxon:599653	3
NCBITaxon:599730	2
NCBITaxon:599839	1
NCBITaxon:600	49
NCBITaxon:600331	3
NCBITaxon:600332	10
NCBITaxon:60035	4
NCBITaxon:60036	2
NCBITaxon:600626	1
NCBITaxon:600628	4
NCBITaxon:600645	5
NCBITaxon:600809	1
NCBITaxon:60133	7
NCBITaxon:60134	2
NCBITaxon:60136	7
NCBITaxon:60137	14
NCBITaxon:60167	1
NCBITaxon:60168	1
NCBITaxon:60169	7
NCBITaxon:60170	1
NCBITaxon:60171	4
NCBITaxon:60172	14
NCBITaxon:60174	1
NCBITaxon:60175	2
NCBITaxon:60185	1
NCBITaxon:60197	2
NCBITaxon:602034	2
NCBITaxon:602035	1
NCBITaxon:60216	7
NCBITaxon:60246	3
NCBITaxon:603050	5
NCBITaxon:603311	1
NCBITaxon:60347	1
NCBITaxon:60348	1
NCBITaxon:604088	2
NCBITaxon:604089	2
NCBITaxon:604099	4
NCBITaxon:604196	2
NCBITaxon:604197	1
NCBITaxon:604282	1
NCBITaxon:604315	1
NCBITaxon:604330	12
NCBITaxon:604332	5
NCBITaxon:604353	1
NCBITaxon:60442	3
NCBITaxon:60443	7
NCBITaxon:60444	1
NCBITaxon:60450	6
NCBITaxon:60454	2
NCBITaxon:60458	1
NCBITaxon:60478	1
NCBITaxon:60489	5
NCBITaxon:605	4
NCBITaxon:60519	8
NCBITaxon:60520	29
NCBITaxon:60547	8
NCBITaxon:60548	12
NCBITaxon:60549	21
NCBITaxon:60550	44
NCBITaxon:60552	256
NCBITaxon:60555	1
NCBITaxon:60695	1
NCBITaxon:60706	5
NCBITaxon:607711	4
NCBITaxon:607712	4
NCBITaxon:60847	3
NCBITaxon:608505	2
NCBITaxon:608506	3
NCBITaxon:608534	1
NCBITaxon:608538	2
NCBITaxon:60890	12
NCBITaxon:60892	1
NCBITaxon:60893	2
NCBITaxon:60894	12
NCBITaxon:60895	9
NCBITaxon:60912	4
NCBITaxon:60919	1
NCBITaxon:60920	6
NCBITaxon:60921	4
NCBITaxon:60922	6
NCBITaxon:60961	4
NCBITaxon:61	2
NCBITaxon:610116	1
NCBITaxon:61013	3
NCBITaxon:610130	1
NCBITaxon:61015	24
NCBITaxon:61016	10
NCBITaxon:610243	2
NCBITaxon:610244	9
NCBITaxon:610245	10
NCBITaxon:610251	2
NCBITaxon:610254	4
NCBITaxon:611	155
NCBITaxon:611301	114
NCBITaxon:611304	2
NCBITaxon:61150	4
NCBITaxon:61171	5
NCBITaxon:61186	2
NCBITaxon:61194	1
NCBITaxon:612	1
NCBITaxon:61207	1
NCBITaxon:61235	2
NCBITaxon:61262	2
NCBITaxon:61273	1
NCBITaxon:61284	2
NCBITaxon:613	6
NCBITaxon:61305	3
NCBITaxon:613195	4
NCBITaxon:613197	2
NCBITaxon:61366	6
NCBITaxon:61369	9
NCBITaxon:61392	1
NCBITaxon:61395	3
NCBITaxon:61397	3
NCBITaxon:614	118
NCBITaxon:614069	5
NCBITaxon:614070	4
NCBITaxon:61414	2
NCBITaxon:61420	1
NCBITaxon:614212	3
NCBITaxon:61434	4
NCBITaxon:61435	22
NCBITaxon:614648	1
NCBITaxon:614649	1
NCBITaxon:614671	3
NCBITaxon:61491	1
NCBITaxon:61495	1
NCBITaxon:615	1150
NCBITaxon:61592	20
NCBITaxon:61595	1
NCBITaxon:61596	1
NCBITaxon:61597	1
NCBITaxon:61598	5
NCBITaxon:616	108
NCBITaxon:61623	1
NCBITaxon:61624	8
NCBITaxon:61644	2
NCBITaxon:61645	193
NCBITaxon:61646	58
NCBITaxon:61647	48
NCBITaxon:61648	62
NCBITaxon:61651	29
NCBITaxon:61652	107
NCBITaxon:61653	1
NCBITaxon:61654	2
NCBITaxon:61656	1
NCBITaxon:61658	1
NCBITaxon:616675	2
NCBITaxon:616951	1
NCBITaxon:616952	1
NCBITaxon:616990	5
NCBITaxon:616991	6
NCBITaxon:616992	3
NCBITaxon:616997	4
NCBITaxon:617000	4
NCBITaxon:617001	3
NCBITaxon:617002	3
NCBITaxon:617121	2
NCBITaxon:617123	4
NCBITaxon:618	38
NCBITaxon:61858	4
NCBITaxon:619304	4
NCBITaxon:619688	3
NCBITaxon:619693	1
NCBITaxon:619730	4
NCBITaxon:619731	2
NCBITaxon:619741	5
NCBITaxon:619771	2
NCBITaxon:619805	7
NCBITaxon:62	1
NCBITaxon:62069	1
NCBITaxon:62088	3
NCBITaxon:620889	4
NCBITaxon:620903	9
NCBITaxon:620910	3
NCBITaxon:621	306
NCBITaxon:62101	2
NCBITaxon:621096	3
NCBITaxon:621109	3
NCBITaxon:621372	1
NCBITaxon:621374	4
NCBITaxon:621382	1
NCBITaxon:62140	10
NCBITaxon:622	288
NCBITaxon:622312	1
NCBITaxon:622444	2
NCBITaxon:622454	1
NCBITaxon:622488	5
NCBITaxon:622637	2
NCBITaxon:622664	4
NCBITaxon:622671	3
NCBITaxon:622674	3
NCBITaxon:622681	1
NCBITaxon:622695	4
NCBITaxon:622759	2
NCBITaxon:62297	1
NCBITaxon:623	647
NCBITaxon:62319	4
NCBITaxon:62320	5
NCBITaxon:62322	35
NCBITaxon:623276	1
NCBITaxon:623280	4
NCBITaxon:623281	4
NCBITaxon:624	1692
NCBITaxon:624146	8
NCBITaxon:624147	3
NCBITaxon:624315	6
NCBITaxon:624376	2
NCBITaxon:624383	8
NCBITaxon:624388	1
NCBITaxon:626	1
NCBITaxon:62608	2
NCBITaxon:626084	2
NCBITaxon:62609	2
NCBITaxon:626095	1
NCBITaxon:626096	1
NCBITaxon:626223	3
NCBITaxon:62629	4
NCBITaxon:626343	2
NCBITaxon:626357	1
NCBITaxon:626358	1
NCBITaxon:626359	1
NCBITaxon:626360	1
NCBITaxon:626361	1
NCBITaxon:626362	1
NCBITaxon:626363	1
NCBITaxon:626369	1
NCBITaxon:626372	2
NCBITaxon:62645	1
NCBITaxon:626523	1
NCBITaxon:626531	2
NCBITaxon:626713	1
NCBITaxon:62672	6
NCBITaxon:626734	1
NCBITaxon:626774	18
NCBITaxon:62680	60
NCBITaxon:62683	1
NCBITaxon:62690	1
NCBITaxon:626929	15
NCBITaxon:626930	2
NCBITaxon:626931	3
NCBITaxon:626932	30
NCBITaxon:626933	15
NCBITaxon:626934	4
NCBITaxon:626935	16
NCBITaxon:626937	4
NCBITaxon:626938	4
NCBITaxon:626939	1
NCBITaxon:626940	151
NCBITaxon:626947	9
NCBITaxon:62708	4
NCBITaxon:627089	2
NCBITaxon:627131	3
NCBITaxon:627136	7
NCBITaxon:62714	1
NCBITaxon:62715	1
NCBITaxon:627343	2
NCBITaxon:627344	3
NCBITaxon:627495	6
NCBITaxon:62758	1
NCBITaxon:627624	4
NCBITaxon:62763	6
NCBITaxon:627669	3
NCBITaxon:627675	4
NCBITaxon:627688	4
NCBITaxon:628	48
NCBITaxon:62888	1
NCBITaxon:629	1
NCBITaxon:629258	1
NCBITaxon:629259	1
NCBITaxon:629260	1
NCBITaxon:629261	1
NCBITaxon:629262	1
NCBITaxon:629263	1
NCBITaxon:629265	1
NCBITaxon:629266	1
NCBITaxon:629267	1
NCBITaxon:629268	1
NCBITaxon:629269	3
NCBITaxon:629270	1
NCBITaxon:629485	4
NCBITaxon:629679	4
NCBITaxon:62970	2
NCBITaxon:629724	4
NCBITaxon:629741	1
NCBITaxon:62977	1
NCBITaxon:63	2
NCBITaxon:630	490
NCBITaxon:630129	11
NCBITaxon:630390	1
NCBITaxon:630403	3
NCBITaxon:630405	1
NCBITaxon:630407	1
NCBITaxon:630514	5
NCBITaxon:630515	4
NCBITaxon:630520	3
NCBITaxon:630535	3
NCBITaxon:630588	1
NCBITaxon:630626	2
NCBITaxon:630700	1
NCBITaxon:630749	2
NCBITaxon:630921	3
NCBITaxon:630973	3
NCBITaxon:630975	8
NCBITaxon:630977	3
NCBITaxon:630995	4
NCBITaxon:631	97
NCBITaxon:631222	1
NCBITaxon:63128	3
NCBITaxon:63129	2
NCBITaxon:63132	1
NCBITaxon:631362	1
NCBITaxon:631455	4
NCBITaxon:63186	5
NCBITaxon:63192	1
NCBITaxon:632	84
NCBITaxon:63214	1
NCBITaxon:632140	3
NCBITaxon:632150	1
NCBITaxon:632245	1
NCBITaxon:632335	4
NCBITaxon:63236	1
NCBITaxon:632516	1
NCBITaxon:632518	1
NCBITaxon:632569	2
NCBITaxon:632773	4
NCBITaxon:632935	1
NCBITaxon:632955	6
NCBITaxon:633	182
NCBITaxon:633148	1
NCBITaxon:633153	3
NCBITaxon:633194	4
NCBITaxon:633403	2
NCBITaxon:633404	3
NCBITaxon:633415	7
NCBITaxon:633417	5
NCBITaxon:633440	4
NCBITaxon:633467	1
NCBITaxon:633471	1
NCBITaxon:633473	1
NCBITaxon:633479	1
NCBITaxon:633669	1
NCBITaxon:633701	3
NCBITaxon:633807	3
NCBITaxon:633813	4
NCBITaxon:63396	2
NCBITaxon:634	38
NCBITaxon:63405	3
NCBITaxon:634113	1
NCBITaxon:634115	1
NCBITaxon:634121	1
NCBITaxon:634126	5
NCBITaxon:634155	3
NCBITaxon:634159	2
NCBITaxon:634290	5
NCBITaxon:634393	4
NCBITaxon:634430	4
NCBITaxon:634436	5
NCBITaxon:634462	4
NCBITaxon:634464	1
NCBITaxon:634467	1
NCBITaxon:634468	2
NCBITaxon:634496	1
NCBITaxon:634497	1
NCBITaxon:634498	1
NCBITaxon:634502	2
NCBITaxon:634765	5
NCBITaxon:634770	4
NCBITaxon:634771	4
NCBITaxon:634784	3
NCBITaxon:634884	1
NCBITaxon:634996	2
NCBITaxon:634997	1
NCBITaxon:635013	1
NCBITaxon:635123	1
NCBITaxon:635203	4
NCBITaxon:63560	2
NCBITaxon:63561	3
NCBITaxon:63577	7
NCBITaxon:63578	1
NCBITaxon:63581	1
NCBITaxon:63585	1
NCBITaxon:63586	1
NCBITaxon:63587	1
NCBITaxon:63588	1
NCBITaxon:63589	2
NCBITaxon:63590	1
NCBITaxon:636	261
NCBITaxon:63605	2
NCBITaxon:63612	2
NCBITaxon:63655	3
NCBITaxon:63656	3
NCBITaxon:63658	2
NCBITaxon:63686	1
NCBITaxon:637	4
NCBITaxon:637379	1
NCBITaxon:637380	1
NCBITaxon:637385	1
NCBITaxon:637386	1
NCBITaxon:637388	1
NCBITaxon:637393	2
NCBITaxon:63740	3
NCBITaxon:637577	4
NCBITaxon:637633	2
NCBITaxon:637679	4
NCBITaxon:637886	4
NCBITaxon:637887	33
NCBITaxon:637913	1
NCBITaxon:637971	4
NCBITaxon:637987	1
NCBITaxon:637988	1
NCBITaxon:638	4
NCBITaxon:63820	1
NCBITaxon:63821	8
NCBITaxon:63822	1
NCBITaxon:638302	1
NCBITaxon:638303	1
NCBITaxon:638574	4
NCBITaxon:638617	2
NCBITaxon:638619	1
NCBITaxon:638632	1
NCBITaxon:638849	3
NCBITaxon:638953	1
NCBITaxon:639000	1
NCBITaxon:639004	4
NCBITaxon:639200	2
NCBITaxon:639240	4
NCBITaxon:639300	1
NCBITaxon:639302	1
NCBITaxon:639305	1
NCBITaxon:639310	4
NCBITaxon:639313	3
NCBITaxon:639368	1
NCBITaxon:63959	4
NCBITaxon:64002	4
NCBITaxon:640030	1
NCBITaxon:640031	2
NCBITaxon:640081	2
NCBITaxon:640084	4
NCBITaxon:640108	3
NCBITaxon:640132	1
NCBITaxon:640205	4
NCBITaxon:640293	7
NCBITaxon:640331	2
NCBITaxon:640633	3
NCBITaxon:640634	4
NCBITaxon:640635	4
NCBITaxon:640839	1
NCBITaxon:640938	3
NCBITaxon:640943	2
NCBITaxon:640948	5
NCBITaxon:641	2
NCBITaxon:641025	5
NCBITaxon:64104	119
NCBITaxon:641140	1
NCBITaxon:641147	1
NCBITaxon:641149	1
NCBITaxon:641238	3
NCBITaxon:641309	1
NCBITaxon:641392	1
NCBITaxon:641393	1
NCBITaxon:641407	2
NCBITaxon:641491	1
NCBITaxon:641510	4
NCBITaxon:641549	1
NCBITaxon:64159	1
NCBITaxon:64160	2
NCBITaxon:641660	3
NCBITaxon:641665	4
NCBITaxon:641691	3
NCBITaxon:641702	3
NCBITaxon:641783	4
NCBITaxon:641806	3
NCBITaxon:641841	2
NCBITaxon:641851	1
NCBITaxon:641853	2
NCBITaxon:641854	1
NCBITaxon:64187	408
NCBITaxon:641892	1
NCBITaxon:642	20
NCBITaxon:642114	1
NCBITaxon:642227	5
NCBITaxon:642250	1
NCBITaxon:642492	1
NCBITaxon:642589	1
NCBITaxon:642762	4
NCBITaxon:642766	4
NCBITaxon:642776	5
NCBITaxon:642780	3
NCBITaxon:642797	1
NCBITaxon:643052	3
NCBITaxon:643214	7
NCBITaxon:643262	4
NCBITaxon:643467	1
NCBITaxon:64355	4
NCBITaxon:643568	4
NCBITaxon:64357	2
NCBITaxon:64358	1
NCBITaxon:64362	3
NCBITaxon:64363	19
NCBITaxon:643671	4
NCBITaxon:643672	2
NCBITaxon:643673	4
NCBITaxon:643674	5
NCBITaxon:64368	1
NCBITaxon:643701	1
NCBITaxon:643747	3
NCBITaxon:643867	1
NCBITaxon:643907	1
NCBITaxon:643910	3
NCBITaxon:644	782
NCBITaxon:64416	2
NCBITaxon:64417	1
NCBITaxon:644205	1
NCBITaxon:644208	1
NCBITaxon:644212	1
NCBITaxon:644215	1
NCBITaxon:644220	4
NCBITaxon:644221	5
NCBITaxon:644223	1
NCBITaxon:644279	1
NCBITaxon:644282	1
NCBITaxon:644284	1
NCBITaxon:644295	1
NCBITaxon:644299	1
NCBITaxon:644300	1
NCBITaxon:644333	1
NCBITaxon:644334	1
NCBITaxon:644336	1
NCBITaxon:644337	6
NCBITaxon:644338	1
NCBITaxon:644340	1
NCBITaxon:644341	1
NCBITaxon:644342	1
NCBITaxon:644344	1
NCBITaxon:644346	4
NCBITaxon:644352	1
NCBITaxon:644356	23
NCBITaxon:644357	32
NCBITaxon:644383	2
NCBITaxon:644556	4
NCBITaxon:644652	3
NCBITaxon:644767	1
NCBITaxon:644768	1
NCBITaxon:644790	3
NCBITaxon:644801	44
NCBITaxon:644821	1
NCBITaxon:644822	1
NCBITaxon:644823	1
NCBITaxon:644897	1
NCBITaxon:64491	5
NCBITaxon:64492	8
NCBITaxon:64493	29
NCBITaxon:64495	152
NCBITaxon:64496	2
NCBITaxon:644966	1
NCBITaxon:645	394
NCBITaxon:64502	1
NCBITaxon:64504	1
NCBITaxon:64505	1
NCBITaxon:64508	1
NCBITaxon:64509	1
NCBITaxon:645092	1
NCBITaxon:645093	1
NCBITaxon:645094	1
NCBITaxon:645095	1
NCBITaxon:64517	3
NCBITaxon:645170	10
NCBITaxon:64518	28
NCBITaxon:64521	3
NCBITaxon:64522	5
NCBITaxon:64523	2
NCBITaxon:64524	8
NCBITaxon:64525	7
NCBITaxon:645275	2
NCBITaxon:645462	1
NCBITaxon:645464	1
NCBITaxon:645466	4
NCBITaxon:645517	1
NCBITaxon:645578	3
NCBITaxon:645597	4
NCBITaxon:64561	1
NCBITaxon:645616	4
NCBITaxon:645617	3
NCBITaxon:645657	2
NCBITaxon:64566	3
NCBITaxon:64567	2
NCBITaxon:64569	2
NCBITaxon:64570	1
NCBITaxon:64571	2
NCBITaxon:64573	1
NCBITaxon:64574	3
NCBITaxon:645887	3
NCBITaxon:645964	1
NCBITaxon:645990	1
NCBITaxon:645991	1
NCBITaxon:646	19
NCBITaxon:64602	6
NCBITaxon:64607	2
NCBITaxon:646095	3
NCBITaxon:64615	1
NCBITaxon:64620	3
NCBITaxon:64621	1
NCBITaxon:64623	10
NCBITaxon:64631	1
NCBITaxon:64632	8
NCBITaxon:64633	4
NCBITaxon:64636	2
NCBITaxon:64638	1
NCBITaxon:64641	6
NCBITaxon:64642	6
NCBITaxon:64645	3
NCBITaxon:64646	7
NCBITaxon:64647	6
NCBITaxon:64648	2
NCBITaxon:64649	1
NCBITaxon:646526	1
NCBITaxon:646529	1
NCBITaxon:64653	6
NCBITaxon:646532	1
NCBITaxon:646534	1
NCBITaxon:64654	14
NCBITaxon:64656	1
NCBITaxon:64657	1
NCBITaxon:64659	2
NCBITaxon:64660	3
NCBITaxon:64667	1
NCBITaxon:647	1
NCBITaxon:64702	9
NCBITaxon:647113	1
NCBITaxon:64713	4
NCBITaxon:647171	1
NCBITaxon:647221	3
NCBITaxon:647227	1
NCBITaxon:647257	1
NCBITaxon:647381	4
NCBITaxon:647384	1
NCBITaxon:647720	4
NCBITaxon:647910	6
NCBITaxon:648	409
NCBITaxon:648174	642
NCBITaxon:648176	23
NCBITaxon:648178	9
NCBITaxon:648187	11
NCBITaxon:648681	1
NCBITaxon:648682	1
NCBITaxon:648751	4
NCBITaxon:648752	5
NCBITaxon:648753	4
NCBITaxon:648754	4
NCBITaxon:648755	4
NCBITaxon:648757	1
NCBITaxon:648780	4
NCBITaxon:648782	4
NCBITaxon:648794	5
NCBITaxon:648796	3
NCBITaxon:648894	4
NCBITaxon:648895	3
NCBITaxon:64897	5
NCBITaxon:64898	4
NCBITaxon:648995	29
NCBITaxon:648999	1
NCBITaxon:649	9
NCBITaxon:649007	4
NCBITaxon:649008	4
NCBITaxon:649100	1
NCBITaxon:649104	3
NCBITaxon:649196	3
NCBITaxon:649197	1
NCBITaxon:649198	3
NCBITaxon:649333	4
NCBITaxon:649349	1
NCBITaxon:649460	2
NCBITaxon:649638	1
NCBITaxon:64968	2
NCBITaxon:64969	1
NCBITaxon:64970	3
NCBITaxon:64971	3
NCBITaxon:64972	12
NCBITaxon:64973	6
NCBITaxon:64974	7
NCBITaxon:649743	1
NCBITaxon:649746	2
NCBITaxon:64975	1
NCBITaxon:649753	1
NCBITaxon:649756	321
NCBITaxon:649757	2
NCBITaxon:649758	2
NCBITaxon:64976	14
NCBITaxon:649760	1
NCBITaxon:649762	2
NCBITaxon:64977	25
NCBITaxon:649775	4
NCBITaxon:649776	4
NCBITaxon:649777	3
NCBITaxon:64979	1
NCBITaxon:64980	1
NCBITaxon:64982	1
NCBITaxon:649841	2
NCBITaxon:64988	2
NCBITaxon:65	11
NCBITaxon:650	83
NCBITaxon:650003	11
NCBITaxon:650004	1
NCBITaxon:650054	1
NCBITaxon:650093	2
NCBITaxon:650104	1
NCBITaxon:650150	1
NCBITaxon:650201	1
NCBITaxon:650377	1
NCBITaxon:650378	1
NCBITaxon:65048	2
NCBITaxon:650508	2
NCBITaxon:65058	115
NCBITaxon:650850	1
NCBITaxon:650891	2
NCBITaxon:65097	1
NCBITaxon:651	71
NCBITaxon:651086	4
NCBITaxon:651137	129
NCBITaxon:651141	4
NCBITaxon:651142	29
NCBITaxon:651143	3
NCBITaxon:651183	1
NCBITaxon:65123	1
NCBITaxon:65126	1
NCBITaxon:65128	1
NCBITaxon:65129	1
NCBITaxon:651457	2
NCBITaxon:65151	3
NCBITaxon:651560	6
NCBITaxon:651561	5
NCBITaxon:651660	1
NCBITaxon:651661	4
NCBITaxon:651662	3
NCBITaxon:651663	6
NCBITaxon:651666	2
NCBITaxon:651740	9
NCBITaxon:651822	3
NCBITaxon:651823	2
NCBITaxon:651866	4
NCBITaxon:651869	1
NCBITaxon:652	6
NCBITaxon:652027	1
NCBITaxon:652434	1
NCBITaxon:652451	2
NCBITaxon:652611	1
NCBITaxon:652616	3
NCBITaxon:652722	1
NCBITaxon:652787	1
NCBITaxon:652788	2
NCBITaxon:652834	1
NCBITaxon:652876	5
NCBITaxon:652943	4
NCBITaxon:653357	5
NCBITaxon:653386	1
NCBITaxon:65357	3
NCBITaxon:653733	1
NCBITaxon:65380	2
NCBITaxon:653929	4
NCBITaxon:653930	7
NCBITaxon:653931	4
NCBITaxon:653937	1
NCBITaxon:653940	4
NCBITaxon:653954	3
NCBITaxon:654	321
NCBITaxon:65401	1
NCBITaxon:65403	1
NCBITaxon:65423	1
NCBITaxon:654363	1
NCBITaxon:654447	3
NCBITaxon:654480	1
NCBITaxon:654496	1
NCBITaxon:65468	1
NCBITaxon:654686	4
NCBITaxon:65477	1
NCBITaxon:654838	4
NCBITaxon:654847	1
NCBITaxon:65496	1
NCBITaxon:65499	6
NCBITaxon:655015	4
NCBITaxon:65505	9
NCBITaxon:65509	5
NCBITaxon:655095	1
NCBITaxon:65511	5
NCBITaxon:65515	7
NCBITaxon:655184	5
NCBITaxon:655186	137
NCBITaxon:65519	5
NCBITaxon:655338	2
NCBITaxon:655353	2
NCBITaxon:655355	5
NCBITaxon:655384	1
NCBITaxon:65551	11
NCBITaxon:65552	3
NCBITaxon:65553	9
NCBITaxon:65555	2
NCBITaxon:655607	3
NCBITaxon:655750	1
NCBITaxon:655751	1
NCBITaxon:655812	1
NCBITaxon:655813	3
NCBITaxon:655816	1
NCBITaxon:655827	1
NCBITaxon:655844	1
NCBITaxon:656	13
NCBITaxon:65605	6
NCBITaxon:656178	4
NCBITaxon:656179	2
NCBITaxon:656366	6
NCBITaxon:656519	1
NCBITaxon:65655	30
NCBITaxon:65656	3
NCBITaxon:65657	19
NCBITaxon:65659	1
NCBITaxon:656747	1
NCBITaxon:656894	1
NCBITaxon:656899	1
NCBITaxon:656909	1
NCBITaxon:656914	1
NCBITaxon:656916	2
NCBITaxon:656917	4
NCBITaxon:657	1
NCBITaxon:65700	66
NCBITaxon:657012	1
NCBITaxon:657014	2
NCBITaxon:657015	4
NCBITaxon:657016	4
NCBITaxon:657017	4
NCBITaxon:657018	4
NCBITaxon:657155	1
NCBITaxon:657157	2
NCBITaxon:657276	2
NCBITaxon:657308	1
NCBITaxon:657317	1
NCBITaxon:657318	1
NCBITaxon:657326	1
NCBITaxon:65735	2
NCBITaxon:657387	1
NCBITaxon:657409	3
NCBITaxon:65741	5
NCBITaxon:657419	6
NCBITaxon:657433	1
NCBITaxon:657434	1
NCBITaxon:657443	1
NCBITaxon:657445	27
NCBITaxon:657449	1
NCBITaxon:657494	5
NCBITaxon:657495	4
NCBITaxon:657642	2
NCBITaxon:657651	1
NCBITaxon:657654	3
NCBITaxon:65786	4
NCBITaxon:658057	7
NCBITaxon:658087	1
NCBITaxon:658089	1
NCBITaxon:65811	1
NCBITaxon:658162	1
NCBITaxon:658167	4
NCBITaxon:65818	1
NCBITaxon:658196	3
NCBITaxon:658218	2
NCBITaxon:658219	2
NCBITaxon:658225	5
NCBITaxon:658267	2
NCBITaxon:658358	1
NCBITaxon:65842	16
NCBITaxon:658444	1
NCBITaxon:658446	2
NCBITaxon:658456	2
NCBITaxon:658457	5
NCBITaxon:658473	1
NCBITaxon:658629	2
NCBITaxon:658656	1
NCBITaxon:658657	1
NCBITaxon:658659	1
NCBITaxon:658666	3
NCBITaxon:659	144
NCBITaxon:659006	4
NCBITaxon:659012	4
NCBITaxon:659013	4
NCBITaxon:659014	4
NCBITaxon:659015	2
NCBITaxon:659016	4
NCBITaxon:659017	2
NCBITaxon:659018	4
NCBITaxon:659243	10
NCBITaxon:659244	2
NCBITaxon:659251	6
NCBITaxon:659350	1
NCBITaxon:659351	5
NCBITaxon:659352	1
NCBITaxon:659425	3
NCBITaxon:659428	5
NCBITaxon:659443	1
NCBITaxon:659444	1
NCBITaxon:65958	8
NCBITaxon:65959	8
NCBITaxon:659595	3
NCBITaxon:659824	5
NCBITaxon:660025	1
NCBITaxon:660064	2
NCBITaxon:660067	1
NCBITaxon:660122	1
NCBITaxon:660294	4
NCBITaxon:660491	1
NCBITaxon:660492	1
NCBITaxon:660513	1
NCBITaxon:660515	1
NCBITaxon:660517	2
NCBITaxon:660518	2
NCBITaxon:660520	2
NCBITaxon:660521	2
NCBITaxon:660522	2
NCBITaxon:660596	2
NCBITaxon:661	33
NCBITaxon:661087	1
NCBITaxon:661089	3
NCBITaxon:661155	1
NCBITaxon:661191	1
NCBITaxon:661329	2
NCBITaxon:661398	4
NCBITaxon:661399	4
NCBITaxon:661481	5
NCBITaxon:661483	3
NCBITaxon:661485	4
NCBITaxon:661488	4
NCBITaxon:661491	4
NCBITaxon:661492	4
NCBITaxon:661493	3
NCBITaxon:661506	1
NCBITaxon:661513	1
NCBITaxon:66199	1
NCBITaxon:662	30
NCBITaxon:66219	15
NCBITaxon:66226	1
NCBITaxon:66228	41
NCBITaxon:66229	5
NCBITaxon:662367	3
NCBITaxon:662475	3
NCBITaxon:662476	4
NCBITaxon:662477	2
NCBITaxon:662478	2
NCBITaxon:662479	3
NCBITaxon:662480	3
NCBITaxon:662541	1
NCBITaxon:662548	1
NCBITaxon:662598	1
NCBITaxon:66269	179
NCBITaxon:66270	9
NCBITaxon:66271	1
NCBITaxon:662760	7
NCBITaxon:662762	1
NCBITaxon:662858	2
NCBITaxon:662880	4
NCBITaxon:662960	3
NCBITaxon:663	350
NCBITaxon:66309	4
NCBITaxon:663275	1
NCBITaxon:663278	1
NCBITaxon:663364	3
NCBITaxon:663386	5
NCBITaxon:66347	14
NCBITaxon:663580	4
NCBITaxon:663602	5
NCBITaxon:663603	5
NCBITaxon:663604	6
NCBITaxon:663606	5
NCBITaxon:663607	5
NCBITaxon:663608	4
NCBITaxon:663609	4
NCBITaxon:663610	3
NCBITaxon:66369	13
NCBITaxon:66370	16
NCBITaxon:663708	2
NCBITaxon:66371	6
NCBITaxon:66373	26
NCBITaxon:66374	10
NCBITaxon:66375	7
NCBITaxon:66376	10
NCBITaxon:66377	16
NCBITaxon:66378	10
NCBITaxon:663949	2
NCBITaxon:663951	1
NCBITaxon:663952	1
NCBITaxon:663954	1
NCBITaxon:663959	3
NCBITaxon:664	1
NCBITaxon:66421	1
NCBITaxon:66422	4
NCBITaxon:66423	14
NCBITaxon:66424	13
NCBITaxon:66425	2
NCBITaxon:66427	14
NCBITaxon:66428	11
NCBITaxon:66429	6
NCBITaxon:66430	1
NCBITaxon:66431	14
NCBITaxon:66432	1
NCBITaxon:664424	1
NCBITaxon:664638	2
NCBITaxon:664639	7
NCBITaxon:664640	2
NCBITaxon:664642	2
NCBITaxon:664643	5
NCBITaxon:664662	4
NCBITaxon:66468	2
NCBITaxon:664683	7
NCBITaxon:664691	6
NCBITaxon:664692	1
NCBITaxon:664693	5
NCBITaxon:664784	3
NCBITaxon:664789	1
NCBITaxon:664880	4
NCBITaxon:664898	1
NCBITaxon:664909	5
NCBITaxon:665007	3
NCBITaxon:66502	1
NCBITaxon:665024	1
NCBITaxon:665027	1
NCBITaxon:665028	1
NCBITaxon:665029	1
NCBITaxon:665038	4
NCBITaxon:665097	29
NCBITaxon:665099	45
NCBITaxon:665100	1
NCBITaxon:665118	5
NCBITaxon:665126	4
NCBITaxon:665133	1
NCBITaxon:66527	2
NCBITaxon:665467	1
NCBITaxon:665550	3
NCBITaxon:665571	1
NCBITaxon:665665	1
NCBITaxon:665787	1
NCBITaxon:665868	1
NCBITaxon:665874	50
NCBITaxon:665912	1
NCBITaxon:665913	11
NCBITaxon:665914	3
NCBITaxon:665935	1
NCBITaxon:665951	1
NCBITaxon:666	1257
NCBITaxon:666018	1
NCBITaxon:666020	1
NCBITaxon:666475	1
NCBITaxon:666505	23
NCBITaxon:666506	18
NCBITaxon:666507	17
NCBITaxon:666508	6
NCBITaxon:666509	1
NCBITaxon:666563	3
NCBITaxon:666681	1
NCBITaxon:666685	13
NCBITaxon:666702	4
NCBITaxon:666712	2
NCBITaxon:666714	1
NCBITaxon:666964	1
NCBITaxon:667014	1
NCBITaxon:667015	1
NCBITaxon:667113	1
NCBITaxon:66712	2
NCBITaxon:667120	1
NCBITaxon:667121	2
NCBITaxon:667126	1
NCBITaxon:667127	2
NCBITaxon:667303	1
NCBITaxon:667306	3
NCBITaxon:66738	4
NCBITaxon:667676	6
NCBITaxon:66791	1
NCBITaxon:668	87
NCBITaxon:66821	4
NCBITaxon:668336	1
NCBITaxon:66835	3
NCBITaxon:66849	3
NCBITaxon:66850	4
NCBITaxon:66851	7
NCBITaxon:66852	29
NCBITaxon:66854	3
NCBITaxon:668570	5
NCBITaxon:66858	2
NCBITaxon:66859	2
NCBITaxon:66860	1
NCBITaxon:668625	5
NCBITaxon:66863	3
NCBITaxon:66864	4
NCBITaxon:66865	11
NCBITaxon:66866	9
NCBITaxon:66867	2
NCBITaxon:66869	9
NCBITaxon:66870	10
NCBITaxon:66871	11
NCBITaxon:66872	2
NCBITaxon:66874	2
NCBITaxon:66875	10
NCBITaxon:66876	12
NCBITaxon:66879	10
NCBITaxon:66881	11
NCBITaxon:66882	14
NCBITaxon:66883	12
NCBITaxon:66885	12
NCBITaxon:66887	17
NCBITaxon:66888	11
NCBITaxon:66891	1
NCBITaxon:66892	24
NCBITaxon:66893	1
NCBITaxon:66894	1
NCBITaxon:66895	24
NCBITaxon:66896	10
NCBITaxon:66897	13
NCBITaxon:66899	1
NCBITaxon:669	342
NCBITaxon:66900	13
NCBITaxon:669021	1
NCBITaxon:669026	3
NCBITaxon:66904	14
NCBITaxon:669041	18
NCBITaxon:669261	1
NCBITaxon:669262	1
NCBITaxon:669357	1
NCBITaxon:669365	1
NCBITaxon:669455	4
NCBITaxon:669462	2
NCBITaxon:669464	6
NCBITaxon:66948	3
NCBITaxon:669502	1
NCBITaxon:66969	7
NCBITaxon:66976	36
NCBITaxon:670	1524
NCBITaxon:67003	1
NCBITaxon:670052	5
NCBITaxon:670054	3
NCBITaxon:670078	4
NCBITaxon:670079	5
NCBITaxon:670154	4
NCBITaxon:670155	4
NCBITaxon:670288	1
NCBITaxon:670289	1
NCBITaxon:670291	4
NCBITaxon:670292	5
NCBITaxon:670293	1
NCBITaxon:670323	1
NCBITaxon:670482	6
NCBITaxon:670483	3
NCBITaxon:670484	1
NCBITaxon:670486	1
NCBITaxon:670487	1
NCBITaxon:67081	3
NCBITaxon:670863	4
NCBITaxon:670895	1
NCBITaxon:670904	1
NCBITaxon:670905	1
NCBITaxon:671	20
NCBITaxon:671053	1
NCBITaxon:671077	4
NCBITaxon:671091	1
NCBITaxon:671135	3
NCBITaxon:671139	1
NCBITaxon:671140	1
NCBITaxon:671143	6
NCBITaxon:671144	6
NCBITaxon:671145	2
NCBITaxon:671211	1
NCBITaxon:671215	1
NCBITaxon:671218	3
NCBITaxon:671221	1
NCBITaxon:671224	7
NCBITaxon:671225	1
NCBITaxon:671231	4
NCBITaxon:671235	1
NCBITaxon:671266	6
NCBITaxon:671267	6
NCBITaxon:671278	5
NCBITaxon:671622	3
NCBITaxon:672	437
NCBITaxon:672157	5
NCBITaxon:672161	1
NCBITaxon:672189	1
NCBITaxon:672190	1
NCBITaxon:672460	4
NCBITaxon:67255	16
NCBITaxon:67256	1
NCBITaxon:67257	8
NCBITaxon:67258	14
NCBITaxon:67259	1
NCBITaxon:67260	21
NCBITaxon:67263	15
NCBITaxon:67265	13
NCBITaxon:67267	11
NCBITaxon:67269	2
NCBITaxon:67271	9
NCBITaxon:67273	11
NCBITaxon:67274	3
NCBITaxon:67275	13
NCBITaxon:67277	2
NCBITaxon:672794	1
NCBITaxon:672795	1
NCBITaxon:67280	13
NCBITaxon:67282	27
NCBITaxon:67283	16
NCBITaxon:67285	8
NCBITaxon:67287	9
NCBITaxon:67293	18
NCBITaxon:67294	36
NCBITaxon:67296	11
NCBITaxon:67297	46
NCBITaxon:67298	60
NCBITaxon:67299	4
NCBITaxon:673	27
NCBITaxon:67301	9
NCBITaxon:67302	12
NCBITaxon:67303	24
NCBITaxon:67304	25
NCBITaxon:67305	14
NCBITaxon:67307	10
NCBITaxon:67310	1
NCBITaxon:67312	13
NCBITaxon:67313	12
NCBITaxon:67314	11
NCBITaxon:67315	11
NCBITaxon:67316	10
NCBITaxon:67318	9
NCBITaxon:67319	10
NCBITaxon:67320	10
NCBITaxon:67322	9
NCBITaxon:67324	11
NCBITaxon:67325	13
NCBITaxon:67326	2
NCBITaxon:67327	9
NCBITaxon:673271	4
NCBITaxon:67330	13
NCBITaxon:67331	13
NCBITaxon:673318	5
NCBITaxon:67332	16
NCBITaxon:67333	10
NCBITaxon:67337	11
NCBITaxon:673372	7
NCBITaxon:673379	4
NCBITaxon:67338	2
NCBITaxon:67339	13
NCBITaxon:67342	16
NCBITaxon:67343	1
NCBITaxon:67344	14
NCBITaxon:67345	14
NCBITaxon:67348	10
NCBITaxon:67350	13
NCBITaxon:67351	26
NCBITaxon:673518	1
NCBITaxon:67352	16
NCBITaxon:673521	4
NCBITaxon:67353	10
NCBITaxon:673535	6
NCBITaxon:673548	6
NCBITaxon:67355	14
NCBITaxon:67356	15
NCBITaxon:673561	1
NCBITaxon:673562	1
NCBITaxon:67358	12
NCBITaxon:67360	10
NCBITaxon:67361	9
NCBITaxon:67362	25
NCBITaxon:67363	13
NCBITaxon:67364	10
NCBITaxon:67365	28
NCBITaxon:67366	11
NCBITaxon:67367	26
NCBITaxon:67368	9
NCBITaxon:67369	11
NCBITaxon:67370	18
NCBITaxon:67372	11
NCBITaxon:67373	32
NCBITaxon:67376	11
NCBITaxon:67377	10
NCBITaxon:67378	10
NCBITaxon:67379	8
NCBITaxon:67380	17
NCBITaxon:67381	12
NCBITaxon:67384	24
NCBITaxon:67385	16
NCBITaxon:67386	9
NCBITaxon:673860	1
NCBITaxon:673862	1
NCBITaxon:673940	1
NCBITaxon:673954	3
NCBITaxon:674	98
NCBITaxon:674054	8
NCBITaxon:674079	5
NCBITaxon:674529	44
NCBITaxon:674703	1
NCBITaxon:67476	1
NCBITaxon:674963	175
NCBITaxon:674972	3
NCBITaxon:675	12
NCBITaxon:675090	7
NCBITaxon:675281	1
NCBITaxon:675526	5
NCBITaxon:675609	4
NCBITaxon:675631	1
NCBITaxon:675635	1
NCBITaxon:67572	5
NCBITaxon:67573	2
NCBITaxon:67574	9
NCBITaxon:67575	1
NCBITaxon:67576	6
NCBITaxon:675776	1
NCBITaxon:675806	1
NCBITaxon:675807	1
NCBITaxon:675808	1
NCBITaxon:67581	15
NCBITaxon:675811	1
NCBITaxon:675816	2
NCBITaxon:675817	1
NCBITaxon:675824	7
NCBITaxon:675864	4
NCBITaxon:675874	3
NCBITaxon:67591	1
NCBITaxon:67593	1
NCBITaxon:67594	1
NCBITaxon:67595	1
NCBITaxon:67596	1
NCBITaxon:676	117
NCBITaxon:676032	1
NCBITaxon:676142	1
NCBITaxon:676199	5
NCBITaxon:676200	5
NCBITaxon:676201	4
NCBITaxon:676202	5
NCBITaxon:676205	5
NCBITaxon:676208	1
NCBITaxon:676211	1
NCBITaxon:67622	1
NCBITaxon:676517	3
NCBITaxon:676599	2
NCBITaxon:67680	2
NCBITaxon:67695	1
NCBITaxon:676965	4
NCBITaxon:67700	1
NCBITaxon:67709	1
NCBITaxon:67718	1
NCBITaxon:67723	1
NCBITaxon:67725	1
NCBITaxon:67760	1
NCBITaxon:67774	7
NCBITaxon:67780	26
NCBITaxon:678	8
NCBITaxon:67808	1
NCBITaxon:67810	41
NCBITaxon:67812	69
NCBITaxon:67814	3
NCBITaxon:67817	20
NCBITaxon:67818	28
NCBITaxon:67819	53
NCBITaxon:67820	40
NCBITaxon:67824	64
NCBITaxon:67825	17
NCBITaxon:67826	29
NCBITaxon:67827	31
NCBITaxon:67828	8
NCBITaxon:67829	7
NCBITaxon:67854	21
NCBITaxon:67855	8
NCBITaxon:67857	1
NCBITaxon:678932	4
NCBITaxon:679192	1
NCBITaxon:679201	1
NCBITaxon:679249	2
NCBITaxon:679257	1
NCBITaxon:679259	2
NCBITaxon:679260	3
NCBITaxon:679318	1
NCBITaxon:679319	4
NCBITaxon:679435	1
NCBITaxon:679534	1
NCBITaxon:679663	3
NCBITaxon:679664	1
NCBITaxon:679732	14
NCBITaxon:679895	9
NCBITaxon:679896	1
NCBITaxon:679897	2
NCBITaxon:679900	4
NCBITaxon:679901	1
NCBITaxon:679935	3
NCBITaxon:679936	1
NCBITaxon:679937	1
NCBITaxon:679938	1
NCBITaxon:679940	1
NCBITaxon:67998	1
NCBITaxon:68	6
NCBITaxon:680	144
NCBITaxon:680026	4
NCBITaxon:680118	5
NCBITaxon:680125	4
NCBITaxon:680127	3
NCBITaxon:680247	2
NCBITaxon:680248	1
NCBITaxon:680279	4
NCBITaxon:680283	2
NCBITaxon:68035	2
NCBITaxon:680375	5
NCBITaxon:680378	3
NCBITaxon:68040	3
NCBITaxon:68042	8
NCBITaxon:680648	3
NCBITaxon:680649	1
NCBITaxon:681158	1
NCBITaxon:681288	1
NCBITaxon:681289	4
NCBITaxon:681376	1
NCBITaxon:681392	1
NCBITaxon:681398	3
NCBITaxon:681573	1
NCBITaxon:681634	4
NCBITaxon:681644	4
NCBITaxon:68170	18
NCBITaxon:68171	9
NCBITaxon:68173	11
NCBITaxon:68174	24
NCBITaxon:68175	22
NCBITaxon:68179	10
NCBITaxon:68180	11
NCBITaxon:68182	9
NCBITaxon:68183	9
NCBITaxon:68184	1
NCBITaxon:68185	18
NCBITaxon:68186	18
NCBITaxon:68187	9
NCBITaxon:68188	5
NCBITaxon:68190	2
NCBITaxon:68191	7
NCBITaxon:68193	4
NCBITaxon:68194	11
NCBITaxon:681940	10
NCBITaxon:68195	2
NCBITaxon:68196	1
NCBITaxon:68197	6
NCBITaxon:68199	2
NCBITaxon:68200	11
NCBITaxon:68203	6
NCBITaxon:68206	1
NCBITaxon:68207	5
NCBITaxon:682080	2
NCBITaxon:68209	8
NCBITaxon:68211	8
NCBITaxon:68212	3
NCBITaxon:68213	20
NCBITaxon:68214	9
NCBITaxon:68215	1
NCBITaxon:68217	19
NCBITaxon:682179	4
NCBITaxon:682184	1
NCBITaxon:68219	13
NCBITaxon:68221	8
NCBITaxon:68222	1
NCBITaxon:68223	15
NCBITaxon:68225	6
NCBITaxon:68228	14
NCBITaxon:68229	8
NCBITaxon:68230	11
NCBITaxon:68231	7
NCBITaxon:68232	14
NCBITaxon:68233	10
NCBITaxon:68236	1
NCBITaxon:68237	2
NCBITaxon:68238	13
NCBITaxon:68239	26
NCBITaxon:682400	2
NCBITaxon:68242	1
NCBITaxon:68244	9
NCBITaxon:68245	10
NCBITaxon:68246	2
NCBITaxon:68247	11
NCBITaxon:68249	18
NCBITaxon:68252	1
NCBITaxon:682526	2
NCBITaxon:68253	1
NCBITaxon:68254	13
NCBITaxon:68255	10
NCBITaxon:682550	3
NCBITaxon:68256	9
NCBITaxon:682562	3
NCBITaxon:68258	8
NCBITaxon:68259	22
NCBITaxon:682598	4
NCBITaxon:68260	2
NCBITaxon:68261	11
NCBITaxon:68262	1
NCBITaxon:68263	10
NCBITaxon:682634	1
NCBITaxon:68264	11
NCBITaxon:682667	1
NCBITaxon:68268	10
NCBITaxon:68270	16
NCBITaxon:68271	1
NCBITaxon:682713	3
NCBITaxon:68272	6
NCBITaxon:68274	10
NCBITaxon:68276	8
NCBITaxon:68277	11
NCBITaxon:68278	10
NCBITaxon:682797	9
NCBITaxon:682798	1
NCBITaxon:68280	43
NCBITaxon:68281	1
NCBITaxon:68282	9
NCBITaxon:68284	22
NCBITaxon:68285	11
NCBITaxon:68286	16
NCBITaxon:68287	21
NCBITaxon:68288	3
NCBITaxon:68291	2
NCBITaxon:68292	1
NCBITaxon:682956	5
NCBITaxon:682971	4
NCBITaxon:682973	1
NCBITaxon:682979	3
NCBITaxon:68298	2
NCBITaxon:682998	1
NCBITaxon:683041	2
NCBITaxon:683042	5
NCBITaxon:683047	3
NCBITaxon:683082	1
NCBITaxon:683083	1
NCBITaxon:683124	4
NCBITaxon:683125	4
NCBITaxon:683150	3
NCBITaxon:683153	1
NCBITaxon:683228	4
NCBITaxon:683260	4
NCBITaxon:683292	5
NCBITaxon:683305	1
NCBITaxon:683308	1
NCBITaxon:683315	1
NCBITaxon:68334	24
NCBITaxon:68335	1
NCBITaxon:683354	2
NCBITaxon:683355	4
NCBITaxon:68336	2
NCBITaxon:683373	1
NCBITaxon:683375	1
NCBITaxon:683393	1
NCBITaxon:683401	1
NCBITaxon:68359	5
NCBITaxon:683737	1
NCBITaxon:683837	1
NCBITaxon:683840	2
NCBITaxon:683846	2
NCBITaxon:68401	1
NCBITaxon:684063	3
NCBITaxon:684065	2
NCBITaxon:684066	3
NCBITaxon:684552	1
NCBITaxon:684663	2
NCBITaxon:684719	1
NCBITaxon:684738	1
NCBITaxon:684832	1
NCBITaxon:685	51
NCBITaxon:685038	1
NCBITaxon:685039	1
NCBITaxon:685040	1
NCBITaxon:685454	5
NCBITaxon:685502	1
NCBITaxon:68565	18
NCBITaxon:68569	5
NCBITaxon:685706	5
NCBITaxon:685727	3
NCBITaxon:685828	3
NCBITaxon:685949	1
NCBITaxon:686	28
NCBITaxon:686209	1
NCBITaxon:686223	4
NCBITaxon:686226	4
NCBITaxon:686234	4
NCBITaxon:686309	12
NCBITaxon:686330	1
NCBITaxon:686389	4
NCBITaxon:686429	4
NCBITaxon:686564	1
NCBITaxon:686595	1
NCBITaxon:686624	2
NCBITaxon:686666	3
NCBITaxon:686796	4
NCBITaxon:686800	4
NCBITaxon:686831	7
NCBITaxon:686990	1
NCBITaxon:687	23
NCBITaxon:687207	3
NCBITaxon:687388	3
NCBITaxon:687412	1
NCBITaxon:687436	4
NCBITaxon:68746	6
NCBITaxon:687525	4
NCBITaxon:68766	6
NCBITaxon:68771	1
NCBITaxon:68775	1
NCBITaxon:68777	2
NCBITaxon:687842	1
NCBITaxon:687844	3
NCBITaxon:687845	1
NCBITaxon:687846	4
NCBITaxon:687861	3
NCBITaxon:687868	2
NCBITaxon:68788	1
NCBITaxon:687899	1
NCBITaxon:687914	1
NCBITaxon:687915	1
NCBITaxon:687987	3
NCBITaxon:688	25
NCBITaxon:688066	3
NCBITaxon:688067	1
NCBITaxon:688079	3
NCBITaxon:68809	1
NCBITaxon:688241	1
NCBITaxon:688245	1
NCBITaxon:688246	3
NCBITaxon:68825	1
NCBITaxon:688270	1
NCBITaxon:688354	2
NCBITaxon:688394	9
NCBITaxon:688662	1
NCBITaxon:68879	10
NCBITaxon:68886	4
NCBITaxon:688867	4
NCBITaxon:68891	15
NCBITaxon:688913	4
NCBITaxon:68892	42
NCBITaxon:68895	37
NCBITaxon:68898	6
NCBITaxon:689	78
NCBITaxon:68909	18
NCBITaxon:68910	7
NCBITaxon:68911	6
NCBITaxon:689768	7
NCBITaxon:689838	5
NCBITaxon:689904	6
NCBITaxon:69	11
NCBITaxon:690083	3
NCBITaxon:69014	1
NCBITaxon:690164	2
NCBITaxon:690234	1
NCBITaxon:69025	1
NCBITaxon:690256	2
NCBITaxon:690417	2
NCBITaxon:69042	1
NCBITaxon:690585	4
NCBITaxon:690850	1
NCBITaxon:690867	1
NCBITaxon:690879	1
NCBITaxon:690887	2
NCBITaxon:690899	1
NCBITaxon:691	78
NCBITaxon:691171	1
NCBITaxon:691266	1
NCBITaxon:691336	1
NCBITaxon:691337	1
NCBITaxon:691338	1
NCBITaxon:691689	4
NCBITaxon:691816	3
NCBITaxon:691825	1
NCBITaxon:692036	3
NCBITaxon:69208	3
NCBITaxon:69218	65
NCBITaxon:69219	4
NCBITaxon:69220	14
NCBITaxon:69221	10
NCBITaxon:69222	6
NCBITaxon:69223	63
NCBITaxon:69224	6
NCBITaxon:692370	1
NCBITaxon:692418	4
NCBITaxon:692420	2
NCBITaxon:692421	1
NCBITaxon:692487	3
NCBITaxon:692670	1
NCBITaxon:692672	1
NCBITaxon:692674	1
NCBITaxon:692685	1
NCBITaxon:692689	1
NCBITaxon:692691	1
NCBITaxon:69278	1
NCBITaxon:69279	3
NCBITaxon:69280	4
NCBITaxon:69284	6
NCBITaxon:692994	2
NCBITaxon:693	34
NCBITaxon:693023	7
NCBITaxon:693140	1
NCBITaxon:693153	5
NCBITaxon:69322	5
NCBITaxon:693222	1
NCBITaxon:693268	1
NCBITaxon:693288	1
NCBITaxon:693289	2
NCBITaxon:693291	1
NCBITaxon:693315	1
NCBITaxon:693444	1
NCBITaxon:693449	1
NCBITaxon:69359	2
NCBITaxon:69360	2
NCBITaxon:69362	9
NCBITaxon:69363	6
NCBITaxon:69365	7
NCBITaxon:69366	5
NCBITaxon:693661	1
NCBITaxon:69367	9
NCBITaxon:69368	6
NCBITaxon:69369	13
NCBITaxon:69370	13
NCBITaxon:69372	1
NCBITaxon:69373	11
NCBITaxon:693835	1
NCBITaxon:69392	20
NCBITaxon:69393	6
NCBITaxon:69395	7
NCBITaxon:69396	4
NCBITaxon:693965	1
NCBITaxon:693977	1
NCBITaxon:693978	2
NCBITaxon:693979	1
NCBITaxon:693982	1
NCBITaxon:693994	2
NCBITaxon:694025	3
NCBITaxon:694055	3
NCBITaxon:694270	2
NCBITaxon:694315	4
NCBITaxon:694327	1
NCBITaxon:694427	1
NCBITaxon:694429	2
NCBITaxon:694430	1
NCBITaxon:694431	1
NCBITaxon:694433	1
NCBITaxon:694440	2
NCBITaxon:694569	1
NCBITaxon:69473	2
NCBITaxon:69484	14
NCBITaxon:69485	11
NCBITaxon:69488	2
NCBITaxon:69525	1
NCBITaxon:69527	6
NCBITaxon:69539	2
NCBITaxon:69540	3
NCBITaxon:69541	7
NCBITaxon:695562	1
NCBITaxon:695563	1
NCBITaxon:695755	1
NCBITaxon:69578	1
NCBITaxon:695939	1
NCBITaxon:696000	3
NCBITaxon:696001	3
NCBITaxon:696072	3
NCBITaxon:696074	4
NCBITaxon:696216	1
NCBITaxon:696254	1
NCBITaxon:696281	1
NCBITaxon:696354	1
NCBITaxon:696370	1
NCBITaxon:696485	16
NCBITaxon:696535	4
NCBITaxon:696536	4
NCBITaxon:69656	6
NCBITaxon:69657	15
NCBITaxon:69666	3
NCBITaxon:69670	4
NCBITaxon:696747	2
NCBITaxon:696750	1
NCBITaxon:696760	6
NCBITaxon:696762	4
NCBITaxon:696763	2
NCBITaxon:696864	1
NCBITaxon:696865	1
NCBITaxon:696866	1
NCBITaxon:696867	1
NCBITaxon:696868	1
NCBITaxon:696869	1
NCBITaxon:696870	1
NCBITaxon:69710	21
NCBITaxon:69713	3
NCBITaxon:697197	2
NCBITaxon:697281	1
NCBITaxon:697284	1
NCBITaxon:697286	1
NCBITaxon:697329	3
NCBITaxon:69764	1
NCBITaxon:69765	3
NCBITaxon:69766	11
NCBITaxon:69770	1
NCBITaxon:69771	1
NCBITaxon:69772	1
NCBITaxon:69773	3
NCBITaxon:69774	2
NCBITaxon:69776	1
NCBITaxon:69777	1
NCBITaxon:69781	4
NCBITaxon:69783	1
NCBITaxon:69785	1
NCBITaxon:69787	1
NCBITaxon:69788	1
NCBITaxon:697910	1
NCBITaxon:69792	1
NCBITaxon:69793	3
NCBITaxon:69796	1
NCBITaxon:69804	1
NCBITaxon:69805	1
NCBITaxon:69823	7
NCBITaxon:69824	4
NCBITaxon:69825	8
NCBITaxon:698414	28
NCBITaxon:698417	6
NCBITaxon:698418	1
NCBITaxon:698645	3
NCBITaxon:698748	1
NCBITaxon:698749	1
NCBITaxon:698750	1
NCBITaxon:698755	1
NCBITaxon:698756	1
NCBITaxon:698757	2
NCBITaxon:698761	1
NCBITaxon:698762	1
NCBITaxon:698769	8
NCBITaxon:698790	1
NCBITaxon:698827	3
NCBITaxon:698828	1
NCBITaxon:69895	2
NCBITaxon:698950	1
NCBITaxon:698958	1
NCBITaxon:698959	1
NCBITaxon:69896	4
NCBITaxon:698960	1
NCBITaxon:698984	1
NCBITaxon:698986	1
NCBITaxon:699041	2
NCBITaxon:699248	2
NCBITaxon:699257	1
NCBITaxon:699261	1
NCBITaxon:699262	1
NCBITaxon:699264	1
NCBITaxon:699266	2
NCBITaxon:699281	16
NCBITaxon:69929	29
NCBITaxon:699431	3
NCBITaxon:699433	1
NCBITaxon:699434	1
NCBITaxon:699437	5
NCBITaxon:69960	1
NCBITaxon:69962	5
NCBITaxon:69963	5
NCBITaxon:69964	4
NCBITaxon:69966	83
NCBITaxon:69967	7
NCBITaxon:69968	5
NCBITaxon:69969	4
NCBITaxon:69974	10
NCBITaxon:69979	1
NCBITaxon:699876	4
NCBITaxon:699879	2
NCBITaxon:7	16
NCBITaxon:700015	1
NCBITaxon:700220	1
NCBITaxon:700274	3
NCBITaxon:700500	3
NCBITaxon:700599	4
NCBITaxon:700750	1
NCBITaxon:70090	1
NCBITaxon:70094	1
NCBITaxon:70095	2
NCBITaxon:70098	1
NCBITaxon:70099	1
NCBITaxon:70100	1
NCBITaxon:70104	8
NCBITaxon:701041	6
NCBITaxon:701042	10
NCBITaxon:701043	2
NCBITaxon:70105	12
NCBITaxon:70106	1
NCBITaxon:70109	2
NCBITaxon:701175	4
NCBITaxon:701177	1
NCBITaxon:701178	1
NCBITaxon:701231	1
NCBITaxon:70125	10
NCBITaxon:701347	1
NCBITaxon:701521	1
NCBITaxon:701523	4
NCBITaxon:701526	4
NCBITaxon:70186	1
NCBITaxon:70190	1
NCBITaxon:702011	4
NCBITaxon:702016	1
NCBITaxon:702019	1
NCBITaxon:702114	6
NCBITaxon:702115	5
NCBITaxon:702264	2
NCBITaxon:702265	1
NCBITaxon:702381	1
NCBITaxon:702382	2
NCBITaxon:702383	4
NCBITaxon:702430	1
NCBITaxon:702431	1
NCBITaxon:702432	1
NCBITaxon:702433	1
NCBITaxon:702434	1
NCBITaxon:702435	1
NCBITaxon:702436	1
NCBITaxon:702437	1
NCBITaxon:702438	1
NCBITaxon:702444	1
NCBITaxon:702461	1
NCBITaxon:702518	1
NCBITaxon:70255	7
NCBITaxon:702568	3
NCBITaxon:70258	8
NCBITaxon:702656	19
NCBITaxon:702742	4
NCBITaxon:702744	3
NCBITaxon:702745	2
NCBITaxon:702976	1
NCBITaxon:702978	1
NCBITaxon:702979	1
NCBITaxon:702980	1
NCBITaxon:702981	1
NCBITaxon:702982	1
NCBITaxon:702983	1
NCBITaxon:702984	1
NCBITaxon:702985	1
NCBITaxon:703	262
NCBITaxon:703015	4
NCBITaxon:703082	1
NCBITaxon:703128	1
NCBITaxon:703340	5
NCBITaxon:703342	21
NCBITaxon:70346	14
NCBITaxon:70347	3
NCBITaxon:70348	3
NCBITaxon:703480	2
NCBITaxon:703491	2
NCBITaxon:703497	1
NCBITaxon:703511	2
NCBITaxon:703577	1
NCBITaxon:703613	1
NCBITaxon:703756	4
NCBITaxon:704114	1
NCBITaxon:704125	1
NCBITaxon:704171	2
NCBITaxon:70450	1
NCBITaxon:705336	3
NCBITaxon:705562	1
NCBITaxon:70558	1
NCBITaxon:70559	8
NCBITaxon:70582	2
NCBITaxon:70584	3
NCBITaxon:70586	2
NCBITaxon:70604	1
NCBITaxon:70611	11
NCBITaxon:706120	1
NCBITaxon:706121	2
NCBITaxon:706182	1
NCBITaxon:706183	1
NCBITaxon:706185	2
NCBITaxon:706186	5
NCBITaxon:706187	1
NCBITaxon:706194	1
NCBITaxon:706427	3
NCBITaxon:706436	2
NCBITaxon:706437	1
NCBITaxon:706439	1
NCBITaxon:706561	1
NCBITaxon:706562	2
NCBITaxon:706566	1
NCBITaxon:706570	3
NCBITaxon:706583	2
NCBITaxon:706584	1
NCBITaxon:706587	1
NCBITaxon:706981	2
NCBITaxon:707186	1
NCBITaxon:707206	1
NCBITaxon:707214	1
NCBITaxon:707239	1
NCBITaxon:707248	2
NCBITaxon:707572	1
NCBITaxon:707589	1
NCBITaxon:707591	1
NCBITaxon:70771	2
NCBITaxon:70775	41
NCBITaxon:707954	3
NCBITaxon:70799	95
NCBITaxon:70803	11
NCBITaxon:708069	6
NCBITaxon:708071	3
NCBITaxon:70808	1
NCBITaxon:708087	2
NCBITaxon:708091	2
NCBITaxon:708113	1
NCBITaxon:708126	7
NCBITaxon:708131	11
NCBITaxon:708132	1
NCBITaxon:708186	11
NCBITaxon:708187	1
NCBITaxon:708192	3
NCBITaxon:708197	5
NCBITaxon:708199	1
NCBITaxon:708248	1
NCBITaxon:708437	1
NCBITaxon:70856	6
NCBITaxon:708605	1
NCBITaxon:708609	1
NCBITaxon:708616	1
NCBITaxon:708627	1
NCBITaxon:708628	1
NCBITaxon:70863	11
NCBITaxon:708634	3
NCBITaxon:70864	2
NCBITaxon:709015	1
NCBITaxon:709032	1
NCBITaxon:709323	4
NCBITaxon:709343	2
NCBITaxon:709509	6
NCBITaxon:709510	10
NCBITaxon:709803	1
NCBITaxon:709839	1
NCBITaxon:709860	3
NCBITaxon:709868	4
NCBITaxon:709876	7
NCBITaxon:709878	3
NCBITaxon:709879	3
NCBITaxon:709881	3
NCBITaxon:709883	3
NCBITaxon:709888	1
NCBITaxon:70993	21
NCBITaxon:70995	3
NCBITaxon:70996	3
NCBITaxon:70997	4
NCBITaxon:70998	3
NCBITaxon:709986	1
NCBITaxon:709987	3
NCBITaxon:709991	3
NCBITaxon:710127	1
NCBITaxon:710128	1
NCBITaxon:710190	3
NCBITaxon:710191	3
NCBITaxon:710238	1
NCBITaxon:710243	10
NCBITaxon:710393	5
NCBITaxon:710696	1
NCBITaxon:711350	1
NCBITaxon:71152	4
NCBITaxon:71171	1
NCBITaxon:71191	5
NCBITaxon:712	1
NCBITaxon:712036	2
NCBITaxon:712116	1
NCBITaxon:712120	1
NCBITaxon:712122	1
NCBITaxon:712149	1
NCBITaxon:712156	1
NCBITaxon:712215	1
NCBITaxon:712216	1
NCBITaxon:712258	1
NCBITaxon:712270	1
NCBITaxon:712310	1
NCBITaxon:71235	8
NCBITaxon:712357	1
NCBITaxon:712368	2
NCBITaxon:71237	47
NCBITaxon:712374	2
NCBITaxon:712411	1
NCBITaxon:712415	1
NCBITaxon:712458	1
NCBITaxon:71246	1
NCBITaxon:712523	2
NCBITaxon:712528	1
NCBITaxon:71253	6
NCBITaxon:712534	1
NCBITaxon:712538	1
NCBITaxon:712539	1
NCBITaxon:71254	3
NCBITaxon:712540	1
NCBITaxon:712621	1
NCBITaxon:712623	1
NCBITaxon:712624	1
NCBITaxon:712628	1
NCBITaxon:712631	1
NCBITaxon:712632	1
NCBITaxon:712633	1
NCBITaxon:712710	3
NCBITaxon:712711	6
NCBITaxon:712738	1
NCBITaxon:712745	1
NCBITaxon:71280	3
NCBITaxon:71281	1
NCBITaxon:712982	1
NCBITaxon:712991	1
NCBITaxon:713029	1
NCBITaxon:713030	1
NCBITaxon:713049	3
NCBITaxon:713051	1
NCBITaxon:713052	1
NCBITaxon:713053	4
NCBITaxon:713054	8
NCBITaxon:713055	1
NCBITaxon:713057	1
NCBITaxon:713058	1
NCBITaxon:713059	12
NCBITaxon:713066	1
NCBITaxon:713588	4
NCBITaxon:713595	6
NCBITaxon:713600	1
NCBITaxon:713601	1
NCBITaxon:713602	1
NCBITaxon:713603	1
NCBITaxon:713604	1
NCBITaxon:71383	1
NCBITaxon:71388	74
NCBITaxon:714	170
NCBITaxon:714067	5
NCBITaxon:714075	1
NCBITaxon:714109	6
NCBITaxon:714130	2
NCBITaxon:714136	4
NCBITaxon:714159	3
NCBITaxon:714166	4
NCBITaxon:714307	3
NCBITaxon:714311	1
NCBITaxon:714314	2
NCBITaxon:714315	1
NCBITaxon:71433	21
NCBITaxon:714403	1
NCBITaxon:71451	35
NCBITaxon:71452	42
NCBITaxon:71453	6
NCBITaxon:714531	4
NCBITaxon:714549	3
NCBITaxon:714574	1
NCBITaxon:714657	1
NCBITaxon:714899	1
NCBITaxon:714943	1
NCBITaxon:714960	1
NCBITaxon:714962	1
NCBITaxon:714993	1
NCBITaxon:715	76
NCBITaxon:71518	2
NCBITaxon:715222	1
NCBITaxon:715451	1
NCBITaxon:71546	3
NCBITaxon:715471	1
NCBITaxon:715472	1
NCBITaxon:715473	3
NCBITaxon:715475	1
NCBITaxon:715784	5
NCBITaxon:715785	4
NCBITaxon:716	41
NCBITaxon:71600	1
NCBITaxon:716540	1
NCBITaxon:716541	2
NCBITaxon:71656	11
NCBITaxon:71657	74
NCBITaxon:71668	1
NCBITaxon:716813	4
NCBITaxon:716816	1
NCBITaxon:716817	2
NCBITaxon:71688	1
NCBITaxon:716892	1
NCBITaxon:716925	3
NCBITaxon:717	41
NCBITaxon:71717	2
NCBITaxon:717227	4
NCBITaxon:71723	1
NCBITaxon:717231	1
NCBITaxon:717522	1
NCBITaxon:717605	1
NCBITaxon:717607	1
NCBITaxon:717608	1
NCBITaxon:717609	6
NCBITaxon:717646	1
NCBITaxon:717740	1
NCBITaxon:717741	2
NCBITaxon:717774	1
NCBITaxon:71782	1
NCBITaxon:717836	1
NCBITaxon:71784	1
NCBITaxon:717856	3
NCBITaxon:717859	3
NCBITaxon:717962	1
NCBITaxon:717963	1
NCBITaxon:717982	11
NCBITaxon:718	11
NCBITaxon:718002	3
NCBITaxon:71804	1
NCBITaxon:718191	4
NCBITaxon:718192	1
NCBITaxon:718193	3
NCBITaxon:718221	1
NCBITaxon:718271	1
NCBITaxon:718274	1
NCBITaxon:718286	2
NCBITaxon:71861	1
NCBITaxon:719	6
NCBITaxon:71905	1
NCBITaxon:71927	2
NCBITaxon:71929	1
NCBITaxon:71933	3
NCBITaxon:71958	1
NCBITaxon:71959	1
NCBITaxon:71964	1
NCBITaxon:71966	1
NCBITaxon:71967	2
NCBITaxon:71995	1
NCBITaxon:71997	4
NCBITaxon:71998	4
NCBITaxon:71999	30
NCBITaxon:72	50
NCBITaxon:720	6
NCBITaxon:72000	128
NCBITaxon:72022	3
NCBITaxon:72023	1
NCBITaxon:72026	9
NCBITaxon:72027	1
NCBITaxon:72032	2
NCBITaxon:720554	2
NCBITaxon:720590	1
NCBITaxon:720594	1
NCBITaxon:720605	1
NCBITaxon:720633	5
NCBITaxon:721033	8
NCBITaxon:721133	1
NCBITaxon:72122	4
NCBITaxon:72124	2
NCBITaxon:72144	1
NCBITaxon:72157	1
NCBITaxon:722	8
NCBITaxon:72226	4
NCBITaxon:72228	5
NCBITaxon:722438	2
NCBITaxon:722472	8
NCBITaxon:722689	3
NCBITaxon:722702	3
NCBITaxon:722703	4
NCBITaxon:722709	1
NCBITaxon:722715	1
NCBITaxon:722721	1
NCBITaxon:72273	3
NCBITaxon:722731	2
NCBITaxon:722732	1
NCBITaxon:722737	1
NCBITaxon:72274	14
NCBITaxon:72275	5
NCBITaxon:72276	3
NCBITaxon:722911	1
NCBITaxon:72293	5
NCBITaxon:72294	9
NCBITaxon:723	47
NCBITaxon:723171	1
NCBITaxon:723172	1
NCBITaxon:72360	34
NCBITaxon:72361	15
NCBITaxon:723921	2
NCBITaxon:724	14
NCBITaxon:72407	475
NCBITaxon:725	6
NCBITaxon:72520	2
NCBITaxon:72548	3
NCBITaxon:72556	59
NCBITaxon:72557	10
NCBITaxon:72559	1
NCBITaxon:72568	1
NCBITaxon:72581	1
NCBITaxon:725926	5
NCBITaxon:726	73
NCBITaxon:72607	1
NCBITaxon:72612	2
NCBITaxon:727	1261
NCBITaxon:72712	1
NCBITaxon:72758	4
NCBITaxon:72763	4
NCBITaxon:72764	4
NCBITaxon:728	24
NCBITaxon:728004	3
NCBITaxon:728005	3
NCBITaxon:72803	3
NCBITaxon:728056	1
NCBITaxon:72806	5
NCBITaxon:728066	3
NCBITaxon:729	176
NCBITaxon:730	35
NCBITaxon:73001	1
NCBITaxon:73003	1
NCBITaxon:73007	1
NCBITaxon:73010	6
NCBITaxon:73025	2
NCBITaxon:73029	5
NCBITaxon:73030	2
NCBITaxon:73044	6
NCBITaxon:73098	10
NCBITaxon:731	85
NCBITaxon:73141	7
NCBITaxon:73172	1
NCBITaxon:732	99
NCBITaxon:732234	2
NCBITaxon:732235	1
NCBITaxon:732237	5
NCBITaxon:732238	3
NCBITaxon:732241	2
NCBITaxon:732242	2
NCBITaxon:73230	2
NCBITaxon:733	8
NCBITaxon:734	4
NCBITaxon:73428	1
NCBITaxon:73499	1
NCBITaxon:735	48
NCBITaxon:73501	5
NCBITaxon:73508	2
NCBITaxon:73517	3
NCBITaxon:73518	3
NCBITaxon:73520	3
NCBITaxon:735517	3
NCBITaxon:735518	3
NCBITaxon:735519	4
NCBITaxon:73578	1
NCBITaxon:736	23
NCBITaxon:73778	3
NCBITaxon:73779	1
NCBITaxon:73780	2
NCBITaxon:73781	1
NCBITaxon:738	34
NCBITaxon:73839	1
NCBITaxon:739	35
NCBITaxon:739143	4
NCBITaxon:73915	1
NCBITaxon:73918	1
NCBITaxon:73919	2
NCBITaxon:740	22
NCBITaxon:74015	28
NCBITaxon:74030	3
NCBITaxon:74031	4
NCBITaxon:74033	4
NCBITaxon:74104	1
NCBITaxon:741063	3
NCBITaxon:741074	1
NCBITaxon:74109	6
NCBITaxon:741155	1
NCBITaxon:741161	1
NCBITaxon:741276	1
NCBITaxon:74152	80
NCBITaxon:741659	2
NCBITaxon:741673	1
NCBITaxon:74201	108
NCBITaxon:742013	1
NCBITaxon:742016	2
NCBITaxon:742019	2
NCBITaxon:742022	1
NCBITaxon:742054	4
NCBITaxon:742152	2
NCBITaxon:742169	5
NCBITaxon:742344	2
NCBITaxon:74243	5
NCBITaxon:742719	1
NCBITaxon:742725	1
NCBITaxon:742726	2
NCBITaxon:742729	2
NCBITaxon:742733	1
NCBITaxon:742734	1
NCBITaxon:742735	1
NCBITaxon:742736	1
NCBITaxon:742740	2
NCBITaxon:742741	1
NCBITaxon:742742	1
NCBITaxon:742767	1
NCBITaxon:742813	1
NCBITaxon:742814	1
NCBITaxon:742815	1
NCBITaxon:742817	1
NCBITaxon:742818	1
NCBITaxon:743009	2
NCBITaxon:74311	12
NCBITaxon:743110	1
NCBITaxon:743113	1
NCBITaxon:743114	1
NCBITaxon:74312	3
NCBITaxon:74313	15
NCBITaxon:74314	3
NCBITaxon:74315	5
NCBITaxon:74316	5
NCBITaxon:74317	4
NCBITaxon:74318	27
NCBITaxon:74319	6
NCBITaxon:74325	5
NCBITaxon:743256	1
NCBITaxon:74326	1
NCBITaxon:743287	1
NCBITaxon:74329	4
NCBITaxon:743301	1
NCBITaxon:743302	1
NCBITaxon:74348	4
NCBITaxon:74349	4
NCBITaxon:743525	1
NCBITaxon:743699	8
NCBITaxon:743710	1
NCBITaxon:743711	1
NCBITaxon:743714	5
NCBITaxon:743718	17
NCBITaxon:743724	29
NCBITaxon:743725	4
NCBITaxon:743729	1
NCBITaxon:743730	1
NCBITaxon:743731	1
NCBITaxon:743737	1
NCBITaxon:743780	1
NCBITaxon:743781	2
NCBITaxon:74381	1
NCBITaxon:743835	1
NCBITaxon:74386	2
NCBITaxon:743927	5
NCBITaxon:743928	3
NCBITaxon:743929	2
NCBITaxon:743968	2
NCBITaxon:74404	1
NCBITaxon:74410	1
NCBITaxon:744227	2
NCBITaxon:74426	139
NCBITaxon:744267	1
NCBITaxon:744406	2
NCBITaxon:744461	1
NCBITaxon:744512	4
NCBITaxon:744515	4
NCBITaxon:744523	2
NCBITaxon:744527	1
NCBITaxon:744873	3
NCBITaxon:744973	1
NCBITaxon:744985	2
NCBITaxon:745002	1
NCBITaxon:745004	1
NCBITaxon:745014	1
NCBITaxon:745015	1
NCBITaxon:745016	1
NCBITaxon:745017	1
NCBITaxon:745018	1
NCBITaxon:745019	1
NCBITaxon:745020	1
NCBITaxon:745021	1
NCBITaxon:745022	1
NCBITaxon:745023	1
NCBITaxon:745119	3
NCBITaxon:745156	2
NCBITaxon:745171	2
NCBITaxon:745277	2
NCBITaxon:745311	5
NCBITaxon:745365	4
NCBITaxon:745366	5
NCBITaxon:745368	174
NCBITaxon:745369	1
NCBITaxon:745377	2
NCBITaxon:74545	1
NCBITaxon:74546	1
NCBITaxon:74547	1
NCBITaxon:74557	1
NCBITaxon:74570	2
NCBITaxon:745714	3
NCBITaxon:745776	1
NCBITaxon:745819	1
NCBITaxon:745820	5
NCBITaxon:746032	2
NCBITaxon:746033	1
NCBITaxon:74610	1
NCBITaxon:746128	324
NCBITaxon:74615	1
NCBITaxon:746361	1
NCBITaxon:746466	1
NCBITaxon:746467	1
NCBITaxon:74661	5
NCBITaxon:746691	3
NCBITaxon:746697	1
NCBITaxon:746836	2
NCBITaxon:747	531
NCBITaxon:74700	2
NCBITaxon:74701	2
NCBITaxon:74702	3
NCBITaxon:74703	3
NCBITaxon:74704	5
NCBITaxon:74706	37
NCBITaxon:74707	1
NCBITaxon:747074	1
NCBITaxon:747076	3
NCBITaxon:747089	3
NCBITaxon:74714	1
NCBITaxon:74722	1
NCBITaxon:747302	4
NCBITaxon:747304	1
NCBITaxon:747349	2
NCBITaxon:747365	1
NCBITaxon:747481	3
NCBITaxon:747645	4
NCBITaxon:747656	11
NCBITaxon:747676	1
NCBITaxon:747725	1
NCBITaxon:748008	6
NCBITaxon:748098	1
NCBITaxon:748120	3
NCBITaxon:748197	1
NCBITaxon:74829	11
NCBITaxon:74830	1
NCBITaxon:74831	1
NCBITaxon:74838	2
NCBITaxon:748449	1
NCBITaxon:748567	4
NCBITaxon:74857	3
NCBITaxon:748672	2
NCBITaxon:748673	1
NCBITaxon:748674	1
NCBITaxon:748675	1
NCBITaxon:748676	1
NCBITaxon:748677	1
NCBITaxon:748678	1
NCBITaxon:748679	1
NCBITaxon:748727	2
NCBITaxon:748811	2
NCBITaxon:748831	1
NCBITaxon:748857	3
NCBITaxon:748907	4
NCBITaxon:748908	3
NCBITaxon:748909	4
NCBITaxon:749	4
NCBITaxon:749222	1
NCBITaxon:749231	1
NCBITaxon:749232	1
NCBITaxon:749465	2
NCBITaxon:749509	2
NCBITaxon:749551	1
NCBITaxon:749586	1
NCBITaxon:749593	4
NCBITaxon:749596	1
NCBITaxon:749598	1
NCBITaxon:749621	1
NCBITaxon:749627	2
NCBITaxon:749634	1
NCBITaxon:74968	3
NCBITaxon:74969	2
NCBITaxon:749747	1
NCBITaxon:749835	1
NCBITaxon:749852	1
NCBITaxon:749854	2
NCBITaxon:749856	1
NCBITaxon:749930	1
NCBITaxon:749942	1
NCBITaxon:749947	2
NCBITaxon:749948	1
NCBITaxon:749949	1
NCBITaxon:749950	1
NCBITaxon:749951	1
NCBITaxon:749952	1
NCBITaxon:749953	1
NCBITaxon:749960	1
NCBITaxon:749961	1
NCBITaxon:749962	1
NCBITaxon:749964	1
NCBITaxon:749965	1
NCBITaxon:75	4
NCBITaxon:750	27
NCBITaxon:75058	1
NCBITaxon:751	6
NCBITaxon:75105	14
NCBITaxon:751969	1
NCBITaxon:752	37
NCBITaxon:752005	2
NCBITaxon:752139	3
NCBITaxon:752179	4
NCBITaxon:752553	5
NCBITaxon:752555	1
NCBITaxon:752605	1
NCBITaxon:752657	1
NCBITaxon:752790	1
NCBITaxon:75289	6
NCBITaxon:75290	5
NCBITaxon:75291	6
NCBITaxon:75292	5
NCBITaxon:75293	3
NCBITaxon:75294	3
NCBITaxon:753	12
NCBITaxon:753081	1
NCBITaxon:75309	10
NCBITaxon:75310	2
NCBITaxon:753684	1
NCBITaxon:753702	3
NCBITaxon:75374	1
NCBITaxon:75385	3
NCBITaxon:754	68
NCBITaxon:754025	1
NCBITaxon:754026	1
NCBITaxon:754077	1
NCBITaxon:754092	1
NCBITaxon:754252	1
NCBITaxon:754254	1
NCBITaxon:754255	1
NCBITaxon:754256	3
NCBITaxon:754257	1
NCBITaxon:754258	1
NCBITaxon:754259	1
NCBITaxon:754260	1
NCBITaxon:754261	1
NCBITaxon:754262	1
NCBITaxon:754345	1
NCBITaxon:754435	2
NCBITaxon:754436	4
NCBITaxon:754476	3
NCBITaxon:754477	2
NCBITaxon:754504	1
NCBITaxon:754506	1
NCBITaxon:754515	1
NCBITaxon:754516	1
NCBITaxon:754517	1
NCBITaxon:754761	1
NCBITaxon:754763	1
NCBITaxon:754765	1
NCBITaxon:755	4
NCBITaxon:755139	3
NCBITaxon:755169	5
NCBITaxon:755170	5
NCBITaxon:755171	1
NCBITaxon:755172	3
NCBITaxon:755175	2
NCBITaxon:755306	1
NCBITaxon:755307	1
NCBITaxon:755308	1
NCBITaxon:755309	1
NCBITaxon:755310	1
NCBITaxon:755311	1
NCBITaxon:75551	1
NCBITaxon:75552	1
NCBITaxon:75553	2
NCBITaxon:755732	1
NCBITaxon:75588	7
NCBITaxon:756	6
NCBITaxon:756024	4
NCBITaxon:756076	1
NCBITaxon:75612	29
NCBITaxon:756376	1
NCBITaxon:756380	1
NCBITaxon:756462	1
NCBITaxon:756499	1
NCBITaxon:75654	9
NCBITaxon:75658	30
NCBITaxon:75659	5
NCBITaxon:756607	1
NCBITaxon:756608	1
NCBITaxon:756689	7
NCBITaxon:756769	1
NCBITaxon:756770	1
NCBITaxon:75682	17
NCBITaxon:756828	7
NCBITaxon:75684	18
NCBITaxon:75688	4
NCBITaxon:756892	63
NCBITaxon:75692	1
NCBITaxon:75695	2
NCBITaxon:75697	21
NCBITaxon:757	9
NCBITaxon:75732	1
NCBITaxon:75733	1
NCBITaxon:75734	1
NCBITaxon:75736	8
NCBITaxon:757414	6
NCBITaxon:757425	1
NCBITaxon:75750	2
NCBITaxon:75767	1
NCBITaxon:75787	14
NCBITaxon:75796	3
NCBITaxon:758	14
NCBITaxon:758678	1
NCBITaxon:758793	2
NCBITaxon:758802	5
NCBITaxon:758803	4
NCBITaxon:758820	1
NCBITaxon:758823	2
NCBITaxon:758825	1
NCBITaxon:758826	3
NCBITaxon:758847	1
NCBITaxon:758919	2
NCBITaxon:75905	10
NCBITaxon:75906	6
NCBITaxon:75915	1
NCBITaxon:75922	8
NCBITaxon:759272	18
NCBITaxon:759350	1
NCBITaxon:759411	1
NCBITaxon:759412	3
NCBITaxon:759415	3
NCBITaxon:759619	4
NCBITaxon:759620	5
NCBITaxon:759811	6
NCBITaxon:759814	3
NCBITaxon:759839	1
NCBITaxon:75985	343
NCBITaxon:759851	24
NCBITaxon:759913	1
NCBITaxon:759929	4
NCBITaxon:75994	5
NCBITaxon:760	7
NCBITaxon:760011	1
NCBITaxon:760012	3
NCBITaxon:760013	1
NCBITaxon:760016	1
NCBITaxon:76007	2
NCBITaxon:76009	2
NCBITaxon:76011	1
NCBITaxon:760117	3
NCBITaxon:76012	2
NCBITaxon:760123	2
NCBITaxon:760142	1
NCBITaxon:76017	1
NCBITaxon:760192	1
NCBITaxon:76020	4
NCBITaxon:76021	5
NCBITaxon:76022	10
NCBITaxon:76023	2
NCBITaxon:760260	3
NCBITaxon:760261	4
NCBITaxon:760860	1
NCBITaxon:761	6
NCBITaxon:76113	5
NCBITaxon:76115	3
NCBITaxon:76116	3
NCBITaxon:761193	1
NCBITaxon:761204	1
NCBITaxon:76123	2
NCBITaxon:76124	3
NCBITaxon:76130	1
NCBITaxon:761659	13
NCBITaxon:761804	5
NCBITaxon:762	6
NCBITaxon:762051	1
NCBITaxon:762209	3
NCBITaxon:762210	1
NCBITaxon:762211	3
NCBITaxon:762212	1
NCBITaxon:762213	4
NCBITaxon:762261	2
NCBITaxon:762296	1
NCBITaxon:762486	3
NCBITaxon:762550	1
NCBITaxon:762570	1
NCBITaxon:76258	6
NCBITaxon:76259	4
NCBITaxon:762641	3
NCBITaxon:762643	2
NCBITaxon:762833	5
NCBITaxon:762836	3
NCBITaxon:762845	4
NCBITaxon:762947	4
NCBITaxon:762962	1
NCBITaxon:762963	1
NCBITaxon:762965	1
NCBITaxon:762966	1
NCBITaxon:762982	1
NCBITaxon:762984	1
NCBITaxon:76305	2
NCBITaxon:763065	1
NCBITaxon:76328	1
NCBITaxon:76334	1
NCBITaxon:76335	1
NCBITaxon:763407	1
NCBITaxon:76351	6
NCBITaxon:763782	5
NCBITaxon:763919	1
NCBITaxon:763920	1
NCBITaxon:763921	1
NCBITaxon:763922	1
NCBITaxon:763993	4
NCBITaxon:76405	9
NCBITaxon:764101	1
NCBITaxon:764102	1
NCBITaxon:764290	1
NCBITaxon:764298	1
NCBITaxon:764330	1
NCBITaxon:764483	1
NCBITaxon:764597	1
NCBITaxon:764842	2
NCBITaxon:765059	1
NCBITaxon:765060	1
NCBITaxon:765062	1
NCBITaxon:765109	1
NCBITaxon:765123	1
NCBITaxon:765124	1
NCBITaxon:76517	12
NCBITaxon:765174	1
NCBITaxon:765177	1
NCBITaxon:765197	5
NCBITaxon:765201	5
NCBITaxon:765414	2
NCBITaxon:765420	1
NCBITaxon:765698	1
NCBITaxon:765699	5
NCBITaxon:765821	60
NCBITaxon:765868	2
NCBITaxon:765873	1
NCBITaxon:76588	4
NCBITaxon:765888	3
NCBITaxon:765911	1
NCBITaxon:765913	1
NCBITaxon:765914	1
NCBITaxon:76594	8
NCBITaxon:76595	7
NCBITaxon:765952	1
NCBITaxon:766	19
NCBITaxon:766041	1
NCBITaxon:766055	1
NCBITaxon:766056	1
NCBITaxon:766057	1
NCBITaxon:766109	1
NCBITaxon:766136	3
NCBITaxon:766224	14
NCBITaxon:76629	1
NCBITaxon:76633	8
NCBITaxon:76635	6
NCBITaxon:76636	6
NCBITaxon:76637	6
NCBITaxon:766497	4
NCBITaxon:766498	5
NCBITaxon:766729	1
NCBITaxon:766760	3
NCBITaxon:766761	1
NCBITaxon:766762	1
NCBITaxon:766783	8
NCBITaxon:766894	3
NCBITaxon:766895	3
NCBITaxon:766948	1
NCBITaxon:767029	1
NCBITaxon:767100	1
NCBITaxon:76726	5
NCBITaxon:76728	4
NCBITaxon:76729	1
NCBITaxon:76731	4
NCBITaxon:767434	1
NCBITaxon:76745	34
NCBITaxon:767452	5
NCBITaxon:767453	1
NCBITaxon:767455	1
NCBITaxon:767468	1
NCBITaxon:76747	4
NCBITaxon:767483	1
NCBITaxon:767488	1
NCBITaxon:767515	1
NCBITaxon:767517	1
NCBITaxon:767519	1
NCBITaxon:76758	10
NCBITaxon:76759	59
NCBITaxon:76760	28
NCBITaxon:76761	28
NCBITaxon:76762	3
NCBITaxon:767694	3
NCBITaxon:76771	1
NCBITaxon:76773	2
NCBITaxon:76774	1
NCBITaxon:76775	2
NCBITaxon:76776	1
NCBITaxon:76777	6
NCBITaxon:767780	2
NCBITaxon:767787	4
NCBITaxon:767891	2
NCBITaxon:767916	7
NCBITaxon:768	1
NCBITaxon:76802	8
NCBITaxon:768034	2
NCBITaxon:768065	1
NCBITaxon:768198	1
NCBITaxon:76832	95
NCBITaxon:768479	4
NCBITaxon:76848	6
NCBITaxon:768480	2
NCBITaxon:768485	1
NCBITaxon:768486	1
NCBITaxon:768490	1
NCBITaxon:768491	1
NCBITaxon:768493	1
NCBITaxon:768494	1
NCBITaxon:768504	1
NCBITaxon:768507	15
NCBITaxon:768528	8
NCBITaxon:76853	6
NCBITaxon:768533	2
NCBITaxon:768534	2
NCBITaxon:768535	3
NCBITaxon:76856	4
NCBITaxon:76857	11
NCBITaxon:76859	5
NCBITaxon:76860	106
NCBITaxon:76861	5
NCBITaxon:76862	4
NCBITaxon:768669	1
NCBITaxon:76867	2
NCBITaxon:768670	1
NCBITaxon:768671	1
NCBITaxon:768672	1
NCBITaxon:768679	1
NCBITaxon:768700	1
NCBITaxon:768704	1
NCBITaxon:768706	1
NCBITaxon:768710	1
NCBITaxon:768724	1
NCBITaxon:768726	1
NCBITaxon:768730	3
NCBITaxon:768733	3
NCBITaxon:768735	1
NCBITaxon:76881	1
NCBITaxon:76886	2
NCBITaxon:76887	7
NCBITaxon:76890	2
NCBITaxon:76891	4
NCBITaxon:76892	3
NCBITaxon:76935	4
NCBITaxon:76936	3
NCBITaxon:76947	4
NCBITaxon:76978	28
NCBITaxon:76979	2
NCBITaxon:76980	2
NCBITaxon:770	4
NCBITaxon:77007	2
NCBITaxon:77008	14
NCBITaxon:77020	1
NCBITaxon:77021	3
NCBITaxon:77022	18
NCBITaxon:77037	1
NCBITaxon:77038	3
NCBITaxon:77044	1
NCBITaxon:77046	1
NCBITaxon:77094	2
NCBITaxon:77095	8
NCBITaxon:77097	28
NCBITaxon:77098	5
NCBITaxon:77125	1
NCBITaxon:77133	222
NCBITaxon:77298	15
NCBITaxon:773	16
NCBITaxon:774	18
NCBITaxon:775	1
NCBITaxon:77519	1
NCBITaxon:77523	3
NCBITaxon:77524	4
NCBITaxon:77551	2
NCBITaxon:77585	4
NCBITaxon:776	4
NCBITaxon:77608	20
NCBITaxon:77635	11
NCBITaxon:77675	3
NCBITaxon:777	35
NCBITaxon:77768	3
NCBITaxon:77777	3
NCBITaxon:77834	1
NCBITaxon:77849	1
NCBITaxon:77851	3
NCBITaxon:77852	1
NCBITaxon:779	9
NCBITaxon:77917	2
NCBITaxon:77922	1
NCBITaxon:77926	2
NCBITaxon:77927	1
NCBITaxon:77928	2
NCBITaxon:77931	1
NCBITaxon:78	5
NCBITaxon:780	2
NCBITaxon:78057	8
NCBITaxon:78058	4
NCBITaxon:78120	1
NCBITaxon:78141	1
NCBITaxon:782	4
NCBITaxon:78229	2
NCBITaxon:78236	1
NCBITaxon:78237	1
NCBITaxon:78245	2
NCBITaxon:78257	10
NCBITaxon:78258	7
NCBITaxon:78259	5
NCBITaxon:783	3
NCBITaxon:78327	28
NCBITaxon:78329	3
NCBITaxon:78331	20
NCBITaxon:78342	3
NCBITaxon:78343	8
NCBITaxon:78344	10
NCBITaxon:78345	9
NCBITaxon:78346	15
NCBITaxon:78350	2
NCBITaxon:78355	50
NCBITaxon:78356	4
NCBITaxon:78398	16
NCBITaxon:784	9
NCBITaxon:78402	1
NCBITaxon:78410	4
NCBITaxon:78448	9
NCBITaxon:784613	5
NCBITaxon:785	3
NCBITaxon:78509	1
NCBITaxon:78510	7
NCBITaxon:78527	15
NCBITaxon:78535	2
NCBITaxon:78543	14
NCBITaxon:78544	23
NCBITaxon:78554	1
NCBITaxon:78579	1
NCBITaxon:78587	3
NCBITaxon:786	1
NCBITaxon:78605	1
NCBITaxon:787	2
NCBITaxon:788	2
NCBITaxon:78863	1
NCBITaxon:78864	1
NCBITaxon:788929	1
NCBITaxon:78898	5
NCBITaxon:789	1
NCBITaxon:78910	1
NCBITaxon:78913	2
NCBITaxon:78915	2
NCBITaxon:78916	1
NCBITaxon:78921	1
NCBITaxon:789332	1
NCBITaxon:789642	1
NCBITaxon:789643	1
NCBITaxon:789644	1
NCBITaxon:789645	1
NCBITaxon:789646	1
NCBITaxon:789647	1
NCBITaxon:79018	1
NCBITaxon:791161	1
NCBITaxon:79206	2
NCBITaxon:79209	4
NCBITaxon:79220	10
NCBITaxon:79262	2
NCBITaxon:79263	15
NCBITaxon:79264	12
NCBITaxon:792649	1
NCBITaxon:792652	2
NCBITaxon:79269	2
NCBITaxon:79270	3
NCBITaxon:79271	3
NCBITaxon:79328	11
NCBITaxon:79329	18
NCBITaxon:794803	1
NCBITaxon:795312	2
NCBITaxon:795642	2
NCBITaxon:795644	6
NCBITaxon:795645	6
NCBITaxon:795747	20
NCBITaxon:795748	8
NCBITaxon:795749	7
NCBITaxon:795750	8
NCBITaxon:795797	2
NCBITaxon:795803	1
NCBITaxon:795804	1
NCBITaxon:795812	2
NCBITaxon:79588	2
NCBITaxon:79589	1
NCBITaxon:795918	3
NCBITaxon:79593	1
NCBITaxon:79599	1
NCBITaxon:796007	3
NCBITaxon:79601	2
NCBITaxon:796026	1
NCBITaxon:796027	2
NCBITaxon:79604	5
NCBITaxon:796107	1
NCBITaxon:796161	2
NCBITaxon:796334	4
NCBITaxon:796354	1
NCBITaxon:796356	2
NCBITaxon:796379	2
NCBITaxon:796384	1
NCBITaxon:796573	3
NCBITaxon:796594	1
NCBITaxon:79660	5
NCBITaxon:796604	2
NCBITaxon:796620	1
NCBITaxon:79672	2
NCBITaxon:796730	1
NCBITaxon:796731	1
NCBITaxon:796732	1
NCBITaxon:796733	1
NCBITaxon:796734	1
NCBITaxon:796735	1
NCBITaxon:796736	1
NCBITaxon:796737	1
NCBITaxon:79681	2
NCBITaxon:796890	4
NCBITaxon:796937	7
NCBITaxon:796942	3
NCBITaxon:797020	1
NCBITaxon:797057	1
NCBITaxon:797122	1
NCBITaxon:797210	1
NCBITaxon:797268	1
NCBITaxon:797277	3
NCBITaxon:797291	3
NCBITaxon:797292	3
NCBITaxon:797299	2
NCBITaxon:797302	2
NCBITaxon:797303	2
NCBITaxon:797419	4
NCBITaxon:797535	6
NCBITaxon:797541	1
NCBITaxon:79798	1
NCBITaxon:798071	3
NCBITaxon:798079	1
NCBITaxon:79808	1
NCBITaxon:798128	1
NCBITaxon:79813	1
NCBITaxon:798162	2
NCBITaxon:79858	2
NCBITaxon:79879	7
NCBITaxon:79880	93
NCBITaxon:79881	7
NCBITaxon:79882	3
NCBITaxon:79883	16
NCBITaxon:79884	4
NCBITaxon:79885	81
NCBITaxon:79909	9
NCBITaxon:79912	14
NCBITaxon:79929	1
NCBITaxon:79967	26
NCBITaxon:801	1
NCBITaxon:803	9
NCBITaxon:80383	1
NCBITaxon:80388	1
NCBITaxon:80524	1
NCBITaxon:80570	1
NCBITaxon:80572	1
NCBITaxon:80590	1
NCBITaxon:80599	1
NCBITaxon:80600	6
NCBITaxon:80602	1
NCBITaxon:80606	1
NCBITaxon:80608	1
NCBITaxon:80609	1
NCBITaxon:80637	1
NCBITaxon:80653	1
NCBITaxon:80661	1
NCBITaxon:80663	1
NCBITaxon:80668	1
NCBITaxon:807	6
NCBITaxon:80745	3
NCBITaxon:80746	1
NCBITaxon:80812	3
NCBITaxon:80816	3
NCBITaxon:80840	64
NCBITaxon:80841	2
NCBITaxon:80842	113
NCBITaxon:80849	1
NCBITaxon:80850	1
NCBITaxon:80852	14
NCBITaxon:80854	16
NCBITaxon:80858	1
NCBITaxon:80859	2
NCBITaxon:80860	1
NCBITaxon:80864	32
NCBITaxon:80865	4
NCBITaxon:80866	311
NCBITaxon:80867	312
NCBITaxon:80868	6
NCBITaxon:80869	40
NCBITaxon:80871	5
NCBITaxon:80872	5
NCBITaxon:80876	9
NCBITaxon:80877	7
NCBITaxon:80878	90
NCBITaxon:80879	4
NCBITaxon:80880	17
NCBITaxon:80881	5
NCBITaxon:80882	5
NCBITaxon:80883	5
NCBITaxon:80884	2
NCBITaxon:81	9
NCBITaxon:81028	1
NCBITaxon:81032	11
NCBITaxon:81033	2
NCBITaxon:81034	3
NCBITaxon:81035	1
NCBITaxon:81036	5
NCBITaxon:81044	1
NCBITaxon:81056	1
NCBITaxon:81066	1
NCBITaxon:813	116
NCBITaxon:81405	2
NCBITaxon:81406	3
NCBITaxon:81408	9
NCBITaxon:81409	2
NCBITaxon:81412	2
NCBITaxon:81417	2
NCBITaxon:81425	4
NCBITaxon:81447	2
NCBITaxon:81459	1
NCBITaxon:81460	1
NCBITaxon:81462	2
NCBITaxon:81466	1
NCBITaxon:81467	2
NCBITaxon:81468	2
NCBITaxon:81474	1
NCBITaxon:81475	43
NCBITaxon:81476	6
NCBITaxon:81479	3
NCBITaxon:81499	4
NCBITaxon:815	2
NCBITaxon:81526	1
NCBITaxon:81532	1
NCBITaxon:81569	20
NCBITaxon:816	138
NCBITaxon:81682	1
NCBITaxon:817	363
NCBITaxon:818	266
NCBITaxon:81852	1
NCBITaxon:81857	3
NCBITaxon:81858	16
NCBITaxon:81894	4
NCBITaxon:81895	3
NCBITaxon:81932	1
NCBITaxon:81942	2
NCBITaxon:81943	1
NCBITaxon:81947	13
NCBITaxon:81950	3
NCBITaxon:82	2
NCBITaxon:820	584
NCBITaxon:821	292
NCBITaxon:82101	2
NCBITaxon:82102	1
NCBITaxon:82115	10
NCBITaxon:82117	2
NCBITaxon:82135	29
NCBITaxon:82171	1
NCBITaxon:82203	4
NCBITaxon:82268	1
NCBITaxon:823	768
NCBITaxon:82301	1
NCBITaxon:82310	2
NCBITaxon:82346	8
NCBITaxon:82347	8
NCBITaxon:82348	9
NCBITaxon:82367	26
NCBITaxon:82373	43
NCBITaxon:82374	5
NCBITaxon:82375	4
NCBITaxon:82376	5
NCBITaxon:82380	45
NCBITaxon:824	32
NCBITaxon:82508	7
NCBITaxon:82509	1
NCBITaxon:82510	1
NCBITaxon:82511	1
NCBITaxon:82513	2
NCBITaxon:82514	1
NCBITaxon:82516	1
NCBITaxon:82517	1
NCBITaxon:82520	1
NCBITaxon:82521	1
NCBITaxon:82522	1
NCBITaxon:82524	5
NCBITaxon:82525	2
NCBITaxon:82541	57
NCBITaxon:82560	3
NCBITaxon:82571	1
NCBITaxon:826	3
NCBITaxon:82633	17
NCBITaxon:82654	1
NCBITaxon:82688	10
NCBITaxon:82689	38
NCBITaxon:827	15
NCBITaxon:82788	2
NCBITaxon:82801	3
NCBITaxon:82802	4
NCBITaxon:82803	5
NCBITaxon:82805	5
NCBITaxon:82806	12
NCBITaxon:82926	1
NCBITaxon:82946	1
NCBITaxon:82966	1
NCBITaxon:82977	40
NCBITaxon:82979	48
NCBITaxon:82981	22
NCBITaxon:82983	129
NCBITaxon:82985	51
NCBITaxon:82987	39
NCBITaxon:82988	10
NCBITaxon:82989	14
NCBITaxon:82990	9
NCBITaxon:82991	10
NCBITaxon:82992	8
NCBITaxon:82993	11
NCBITaxon:82995	30
NCBITaxon:82996	113
NCBITaxon:83	1
NCBITaxon:830	64
NCBITaxon:831	15
NCBITaxon:83167	4
NCBITaxon:83171	1
NCBITaxon:83184	1
NCBITaxon:832	2
NCBITaxon:83212	1
NCBITaxon:83218	1
NCBITaxon:83219	87
NCBITaxon:83224	8
NCBITaxon:83231	2
NCBITaxon:83243	1
NCBITaxon:83262	19
NCBITaxon:83263	10
NCBITaxon:83264	3
NCBITaxon:83265	6
NCBITaxon:83291	14
NCBITaxon:83296	1
NCBITaxon:833	68
NCBITaxon:83302	8
NCBITaxon:83332	1
NCBITaxon:83333	32
NCBITaxon:83334	154
NCBITaxon:83338	4
NCBITaxon:83339	4
NCBITaxon:83341	6
NCBITaxon:83371	1
NCBITaxon:83374	5
NCBITaxon:83378	12
NCBITaxon:83380	11
NCBITaxon:83382	11
NCBITaxon:83401	1
NCBITaxon:83406	1
NCBITaxon:83427	7
NCBITaxon:83428	1
NCBITaxon:83446	4
NCBITaxon:83447	4
NCBITaxon:83448	4
NCBITaxon:83449	2
NCBITaxon:83450	2
NCBITaxon:83451	79
NCBITaxon:83452	1
NCBITaxon:83453	15
NCBITaxon:83455	159
NCBITaxon:83456	4
NCBITaxon:83459	1
NCBITaxon:83460	2
NCBITaxon:83461	6
NCBITaxon:83462	16
NCBITaxon:83494	3
NCBITaxon:83496	14
NCBITaxon:83510	1
NCBITaxon:83517	1
NCBITaxon:83518	1
NCBITaxon:83526	57
NCBITaxon:83540	1
NCBITaxon:83541	2
NCBITaxon:83551	3
NCBITaxon:83552	3
NCBITaxon:83554	23
NCBITaxon:83555	18
NCBITaxon:83556	5
NCBITaxon:83557	3
NCBITaxon:83558	14
NCBITaxon:83559	56
NCBITaxon:83560	13
NCBITaxon:83561	1
NCBITaxon:83564	2
NCBITaxon:83565	5
NCBITaxon:836	12
NCBITaxon:83615	3
NCBITaxon:83617	5
NCBITaxon:83618	3
NCBITaxon:83619	3
NCBITaxon:83627	1
NCBITaxon:83637	1
NCBITaxon:83655	161
NCBITaxon:83656	6
NCBITaxon:83661	2
NCBITaxon:83664	2
NCBITaxon:83679	1
NCBITaxon:83681	1
NCBITaxon:83682	5
NCBITaxon:83683	22
NCBITaxon:83684	3
NCBITaxon:837	76
NCBITaxon:83763	36
NCBITaxon:83765	5
NCBITaxon:83767	3
NCBITaxon:83769	3
NCBITaxon:83771	6
NCBITaxon:83784	5
NCBITaxon:83788	1
NCBITaxon:838	412
NCBITaxon:83816	3
NCBITaxon:83828	6
NCBITaxon:838561	1
NCBITaxon:83868	2
NCBITaxon:839	13
NCBITaxon:83963	5
NCBITaxon:83964	6
NCBITaxon:83982	2
NCBITaxon:83983	1
NCBITaxon:83984	3
NCBITaxon:83985	3
NCBITaxon:83986	10
NCBITaxon:84	6
NCBITaxon:840	17
NCBITaxon:84022	2
NCBITaxon:84024	7
NCBITaxon:84025	21
NCBITaxon:84026	1
NCBITaxon:84030	9
NCBITaxon:84031	10
NCBITaxon:84032	4
NCBITaxon:84035	3
NCBITaxon:84037	2
NCBITaxon:84096	22
NCBITaxon:841	105
NCBITaxon:84107	2
NCBITaxon:84108	14
NCBITaxon:84109	5
NCBITaxon:84110	3
NCBITaxon:84111	71
NCBITaxon:84112	149
NCBITaxon:84135	19
NCBITaxon:84136	15
NCBITaxon:84156	2
NCBITaxon:84158	4
NCBITaxon:84162	9
NCBITaxon:84163	5
NCBITaxon:842	1
NCBITaxon:84378	5
NCBITaxon:844	3
NCBITaxon:84405	6
NCBITaxon:84406	6
NCBITaxon:84407	4
NCBITaxon:84480	12
NCBITaxon:84521	8
NCBITaxon:84531	13
NCBITaxon:84565	1
NCBITaxon:84566	3
NCBITaxon:84567	16
NCBITaxon:84588	1
NCBITaxon:84592	1
NCBITaxon:84594	5
NCBITaxon:84595	8
NCBITaxon:84597	3
NCBITaxon:84599	1
NCBITaxon:846	1
NCBITaxon:84607	2
NCBITaxon:84632	6
NCBITaxon:84633	4
NCBITaxon:84634	4
NCBITaxon:84643	2
NCBITaxon:84647	1
NCBITaxon:84680	1
NCBITaxon:84698	2
NCBITaxon:847	16
NCBITaxon:84724	8
NCBITaxon:84725	9
NCBITaxon:84746	2
NCBITaxon:84751	1
NCBITaxon:84753	4
NCBITaxon:84754	5
NCBITaxon:84757	7
NCBITaxon:848	17
NCBITaxon:849	5
NCBITaxon:84962	5
NCBITaxon:849756	2
NCBITaxon:84979	2
NCBITaxon:84981	2
NCBITaxon:84982	2
NCBITaxon:84983	2
NCBITaxon:84992	8
NCBITaxon:84993	4
NCBITaxon:84994	12
NCBITaxon:84995	1
NCBITaxon:84997	1
NCBITaxon:84999	1
NCBITaxon:850	33
NCBITaxon:85006	2
NCBITaxon:85008	2
NCBITaxon:85010	7
NCBITaxon:85011	1
NCBITaxon:85013	2
NCBITaxon:85015	2
NCBITaxon:85023	3
NCBITaxon:85025	2
NCBITaxon:85033	4
NCBITaxon:85043	1
NCBITaxon:85044	8
NCBITaxon:85057	1
NCBITaxon:85075	3
NCBITaxon:85079	2
NCBITaxon:85085	8
NCBITaxon:851	179
NCBITaxon:85125	1
NCBITaxon:852	2
NCBITaxon:85265	1
NCBITaxon:853	283
NCBITaxon:85325	1
NCBITaxon:85336	44
NCBITaxon:854	11
NCBITaxon:85401	5
NCBITaxon:85402	42
NCBITaxon:85403	4
NCBITaxon:85404	9
NCBITaxon:85413	7
NCBITaxon:85450	3
NCBITaxon:85471	1
NCBITaxon:855	6
NCBITaxon:85558	16
NCBITaxon:85569	364
NCBITaxon:85573	1
NCBITaxon:85574	1
NCBITaxon:85575	1
NCBITaxon:85581	19
NCBITaxon:85583	1
NCBITaxon:856	34
NCBITaxon:85620	5
NCBITaxon:85624	1
NCBITaxon:856260	1
NCBITaxon:856730	1
NCBITaxon:856731	5
NCBITaxon:856736	3
NCBITaxon:85682	4
NCBITaxon:856822	1
NCBITaxon:85683	1
NCBITaxon:856835	2
NCBITaxon:85688	5
NCBITaxon:85693	12
NCBITaxon:85698	481
NCBITaxon:857006	2
NCBITaxon:85701	5
NCBITaxon:857041	1
NCBITaxon:857042	1
NCBITaxon:857252	6
NCBITaxon:857265	4
NCBITaxon:857276	3
NCBITaxon:857293	2
NCBITaxon:857392	1
NCBITaxon:857417	3
NCBITaxon:857427	5
NCBITaxon:857566	1
NCBITaxon:857571	1
NCBITaxon:857967	1
NCBITaxon:858	2
NCBITaxon:858215	1
NCBITaxon:858221	1
NCBITaxon:858305	1
NCBITaxon:858306	1
NCBITaxon:858307	1
NCBITaxon:858308	1
NCBITaxon:858309	1
NCBITaxon:85831	15
NCBITaxon:858310	1
NCBITaxon:858311	1
NCBITaxon:858312	1
NCBITaxon:858313	1
NCBITaxon:858314	1
NCBITaxon:858315	1
NCBITaxon:858316	1
NCBITaxon:858317	1
NCBITaxon:858318	1
NCBITaxon:858423	4
NCBITaxon:858480	1
NCBITaxon:858640	6
NCBITaxon:858674	1
NCBITaxon:858675	1
NCBITaxon:858676	1
NCBITaxon:85874	2
NCBITaxon:858877	1
NCBITaxon:858893	5
NCBITaxon:859	43
NCBITaxon:859059	1
NCBITaxon:859143	12
NCBITaxon:859144	8
NCBITaxon:859192	1
NCBITaxon:859195	1
NCBITaxon:859196	1
NCBITaxon:859197	1
NCBITaxon:859198	1
NCBITaxon:859199	1
NCBITaxon:859243	3
NCBITaxon:85925	1
NCBITaxon:85927	2
NCBITaxon:85929	1
NCBITaxon:859313	1
NCBITaxon:859314	1
NCBITaxon:85932	1
NCBITaxon:859321	1
NCBITaxon:859350	1
NCBITaxon:85962	1
NCBITaxon:859653	2
NCBITaxon:859654	1
NCBITaxon:85968	5
NCBITaxon:85971	1
NCBITaxon:85976	1
NCBITaxon:85977	1
NCBITaxon:85980	3
NCBITaxon:85982	1
NCBITaxon:85991	15
NCBITaxon:85993	3
NCBITaxon:85995	1
NCBITaxon:85998	1
NCBITaxon:86	7
NCBITaxon:860	15
NCBITaxon:86004	1
NCBITaxon:86005	1
NCBITaxon:860221	2
NCBITaxon:860228	4
NCBITaxon:860233	5
NCBITaxon:860235	5
NCBITaxon:860242	4
NCBITaxon:860243	4
NCBITaxon:86026	1
NCBITaxon:86027	3
NCBITaxon:86028	1
NCBITaxon:86029	3
NCBITaxon:860353	1
NCBITaxon:86040	9
NCBITaxon:86049	1
NCBITaxon:86056	2
NCBITaxon:860569	1
NCBITaxon:860570	1
NCBITaxon:860575	1
NCBITaxon:860576	1
NCBITaxon:86073	1
NCBITaxon:860782	3
NCBITaxon:860790	3
NCBITaxon:86082	1
NCBITaxon:860960	1
NCBITaxon:861	16
NCBITaxon:86102	4
NCBITaxon:86103	1
NCBITaxon:86104	7
NCBITaxon:86105	1
NCBITaxon:861051	1
NCBITaxon:861056	1
NCBITaxon:861109	1
NCBITaxon:861110	2
NCBITaxon:861111	2
NCBITaxon:861266	6
NCBITaxon:861298	2
NCBITaxon:861299	1
NCBITaxon:861360	1
NCBITaxon:861365	1
NCBITaxon:861445	16
NCBITaxon:861450	1
NCBITaxon:861452	1
NCBITaxon:861454	1
NCBITaxon:861455	1
NCBITaxon:861528	1
NCBITaxon:861532	3
NCBITaxon:861533	4
NCBITaxon:861534	3
NCBITaxon:86166	3
NCBITaxon:86170	3
NCBITaxon:86171	2
NCBITaxon:86173	6
NCBITaxon:86174	9
NCBITaxon:86175	12
NCBITaxon:86176	3
NCBITaxon:86177	5
NCBITaxon:86179	7
NCBITaxon:86180	4
NCBITaxon:86182	2
NCBITaxon:86183	8
NCBITaxon:86184	7
NCBITaxon:86185	60
NCBITaxon:86186	9
NCBITaxon:861865	1
NCBITaxon:86187	10
NCBITaxon:86188	6
NCBITaxon:86189	1
NCBITaxon:861914	1
NCBITaxon:86192	26
NCBITaxon:862	7
NCBITaxon:862114	4
NCBITaxon:862126	1
NCBITaxon:862134	5
NCBITaxon:862135	1
NCBITaxon:862259	1
NCBITaxon:862415	3
NCBITaxon:862422	1
NCBITaxon:862513	1
NCBITaxon:862515	2
NCBITaxon:862516	1
NCBITaxon:86257	1
NCBITaxon:86259	2
NCBITaxon:86264	1
NCBITaxon:86265	7
NCBITaxon:862751	1
NCBITaxon:862908	1
NCBITaxon:862962	2
NCBITaxon:862964	1
NCBITaxon:862968	1
NCBITaxon:862969	1
NCBITaxon:863	8
NCBITaxon:86304	2
NCBITaxon:863227	8
NCBITaxon:863239	3
NCBITaxon:863253	2
NCBITaxon:86332	1
NCBITaxon:86333	1
NCBITaxon:863364	1
NCBITaxon:863365	1
NCBITaxon:863368	2
NCBITaxon:863369	1
NCBITaxon:863370	2
NCBITaxon:863372	49
NCBITaxon:86342	1
NCBITaxon:863449	4
NCBITaxon:863522	2
NCBITaxon:863575	5
NCBITaxon:863767	1
NCBITaxon:863768	1
NCBITaxon:863769	1
NCBITaxon:863921	1
NCBITaxon:864058	4
NCBITaxon:864064	2
NCBITaxon:864068	1
NCBITaxon:864069	4
NCBITaxon:864074	2
NCBITaxon:864141	2
NCBITaxon:864142	2
NCBITaxon:864349	1
NCBITaxon:864563	1
NCBITaxon:864564	3
NCBITaxon:864565	1
NCBITaxon:864570	1
NCBITaxon:86473	23
NCBITaxon:864732	4
NCBITaxon:864803	1
NCBITaxon:864828	3
NCBITaxon:865	12
NCBITaxon:86546	1
NCBITaxon:86547	4
NCBITaxon:865757	1
NCBITaxon:865861	1
NCBITaxon:865865	1
NCBITaxon:865867	1
NCBITaxon:865937	1
NCBITaxon:865938	2
NCBITaxon:86630	5
NCBITaxon:86635	1
NCBITaxon:866499	1
NCBITaxon:866564	5
NCBITaxon:866565	4
NCBITaxon:866566	3
NCBITaxon:86660	4
NCBITaxon:86661	3
NCBITaxon:866628	1
NCBITaxon:86663	8
NCBITaxon:86664	33
NCBITaxon:86665	92
NCBITaxon:86666	7
NCBITaxon:86667	6
NCBITaxon:86668	12
NCBITaxon:86669	4
NCBITaxon:86672	1
NCBITaxon:866779	1
NCBITaxon:866780	3
NCBITaxon:866785	4
NCBITaxon:866786	5
NCBITaxon:866789	11
NCBITaxon:866790	1
NCBITaxon:866801	1
NCBITaxon:866807	4
NCBITaxon:866909	2
NCBITaxon:866913	1
NCBITaxon:866914	1
NCBITaxon:866915	1
NCBITaxon:866919	1
NCBITaxon:867	4
NCBITaxon:867345	2
NCBITaxon:867595	1
NCBITaxon:867683	5
NCBITaxon:86788	1
NCBITaxon:867900	2
NCBITaxon:867903	1
NCBITaxon:867917	1
NCBITaxon:86794	2
NCBITaxon:86795	4
NCBITaxon:86796	4
NCBITaxon:86804	2
NCBITaxon:868129	1
NCBITaxon:868131	4
NCBITaxon:868281	4
NCBITaxon:86836	4
NCBITaxon:86837	1
NCBITaxon:86838	2
NCBITaxon:86839	7
NCBITaxon:86840	4
NCBITaxon:86841	5
NCBITaxon:868595	1
NCBITaxon:868864	1
NCBITaxon:869209	1
NCBITaxon:869210	1
NCBITaxon:869211	1
NCBITaxon:869212	1
NCBITaxon:869213	2
NCBITaxon:869215	1
NCBITaxon:869216	1
NCBITaxon:869269	1
NCBITaxon:869279	2
NCBITaxon:869388	1
NCBITaxon:869394	1
NCBITaxon:869555	4
NCBITaxon:86956	3
NCBITaxon:86957	3
NCBITaxon:86958	2
NCBITaxon:86959	2
NCBITaxon:869669	1
NCBITaxon:869670	1
NCBITaxon:869671	1
NCBITaxon:869672	1
NCBITaxon:869673	1
NCBITaxon:869674	1
NCBITaxon:869675	1
NCBITaxon:869676	1
NCBITaxon:869677	1
NCBITaxon:869678	1
NCBITaxon:869679	1
NCBITaxon:869680	1
NCBITaxon:869681	1
NCBITaxon:869682	1
NCBITaxon:869683	1
NCBITaxon:869684	1
NCBITaxon:869685	1
NCBITaxon:869686	1
NCBITaxon:869687	1
NCBITaxon:869688	1
NCBITaxon:869689	1
NCBITaxon:869690	1
NCBITaxon:869691	1
NCBITaxon:869692	1
NCBITaxon:869693	1
NCBITaxon:869694	1
NCBITaxon:869695	1
NCBITaxon:869718	2
NCBITaxon:869719	6
NCBITaxon:869728	1
NCBITaxon:869729	1
NCBITaxon:869754	1
NCBITaxon:869805	3
NCBITaxon:869806	1
NCBITaxon:869814	4
NCBITaxon:869816	1
NCBITaxon:869886	1
NCBITaxon:869888	1
NCBITaxon:869889	1
NCBITaxon:869890	1
NCBITaxon:869891	1
NCBITaxon:869892	1
NCBITaxon:869962	3
NCBITaxon:87	11
NCBITaxon:870	8
NCBITaxon:87012	2
NCBITaxon:870187	1
NCBITaxon:870242	3
NCBITaxon:870476	4
NCBITaxon:870477	3
NCBITaxon:870480	1
NCBITaxon:870481	1
NCBITaxon:870482	4
NCBITaxon:870484	1
NCBITaxon:870485	2
NCBITaxon:870486	2
NCBITaxon:870487	2
NCBITaxon:870501	2
NCBITaxon:870730	13
NCBITaxon:870903	1
NCBITaxon:870908	5
NCBITaxon:870968	1
NCBITaxon:871007	1
NCBITaxon:87101	1
NCBITaxon:87102	1
NCBITaxon:87110	1
NCBITaxon:87111	1
NCBITaxon:871203	14
NCBITaxon:87122	2
NCBITaxon:87126	2
NCBITaxon:871324	4
NCBITaxon:871325	2
NCBITaxon:871327	4
NCBITaxon:871575	1
NCBITaxon:871586	1
NCBITaxon:871587	1
NCBITaxon:871588	1
NCBITaxon:871589	1
NCBITaxon:871590	1
NCBITaxon:871591	1
NCBITaxon:871592	1
NCBITaxon:871593	1
NCBITaxon:87162	5
NCBITaxon:871651	6
NCBITaxon:871652	5
NCBITaxon:871664	2
NCBITaxon:871665	16
NCBITaxon:871694	2
NCBITaxon:871695	1
NCBITaxon:871696	2
NCBITaxon:87172	1
NCBITaxon:871741	1
NCBITaxon:871742	2
NCBITaxon:871925	1
NCBITaxon:871959	3
NCBITaxon:871961	3
NCBITaxon:871962	3
NCBITaxon:871968	1
NCBITaxon:872	20
NCBITaxon:872115	1
NCBITaxon:872276	2
NCBITaxon:87228	1
NCBITaxon:87229	1
NCBITaxon:87230	1
NCBITaxon:872327	2
NCBITaxon:872396	1
NCBITaxon:87250	1
NCBITaxon:87257	1
NCBITaxon:872965	6
NCBITaxon:872970	3
NCBITaxon:872983	2
NCBITaxon:873	12
NCBITaxon:873078	1
NCBITaxon:873191	4
NCBITaxon:87325	1
NCBITaxon:87326	1
NCBITaxon:873448	1
NCBITaxon:873513	1
NCBITaxon:873516	1
NCBITaxon:874156	3
NCBITaxon:874266	3
NCBITaxon:874422	3
NCBITaxon:874423	2
NCBITaxon:874454	21
NCBITaxon:87458	5
NCBITaxon:87461	2
NCBITaxon:875041	1
NCBITaxon:875042	1
NCBITaxon:875043	1
NCBITaxon:875057	1
NCBITaxon:875068	1
NCBITaxon:875093	1
NCBITaxon:875171	4
NCBITaxon:875328	6
NCBITaxon:875329	1
NCBITaxon:875330	2
NCBITaxon:87541	19
NCBITaxon:875808	1
NCBITaxon:875932	4
NCBITaxon:876	102
NCBITaxon:876091	26
NCBITaxon:876113	1
NCBITaxon:876138	1
NCBITaxon:876142	1
NCBITaxon:876270	2
NCBITaxon:87634	3
NCBITaxon:876364	1
NCBITaxon:87645	3
NCBITaxon:876478	1
NCBITaxon:87650	13
NCBITaxon:876744	1
NCBITaxon:877208	1
NCBITaxon:877209	1
NCBITaxon:877384	4
NCBITaxon:877455	4
NCBITaxon:877464	1
NCBITaxon:877468	2
NCBITaxon:877469	1
NCBITaxon:877472	4
NCBITaxon:877500	2
NCBITaxon:877506	1
NCBITaxon:877507	1
NCBITaxon:877549	1
NCBITaxon:878	3
NCBITaxon:878212	4
NCBITaxon:878213	4
NCBITaxon:878477	1
NCBITaxon:87883	455
NCBITaxon:87895	1
NCBITaxon:879	5
NCBITaxon:879088	1
NCBITaxon:879089	1
NCBITaxon:879090	1
NCBITaxon:879212	1
NCBITaxon:879243	1
NCBITaxon:879276	4
NCBITaxon:879308	1
NCBITaxon:879309	1
NCBITaxon:879310	1
NCBITaxon:879462	1
NCBITaxon:879566	4
NCBITaxon:879567	14
NCBITaxon:879819	4
NCBITaxon:879823	1
NCBITaxon:879968	1
NCBITaxon:879969	7
NCBITaxon:879970	4
NCBITaxon:88	1
NCBITaxon:880	19
NCBITaxon:880057	1
NCBITaxon:880070	1
NCBITaxon:880072	1
NCBITaxon:880073	1
NCBITaxon:880074	2
NCBITaxon:880156	6
NCBITaxon:880157	5
NCBITaxon:880181	1
NCBITaxon:880526	1
NCBITaxon:880534	1
NCBITaxon:880535	1
NCBITaxon:880536	1
NCBITaxon:880564	4
NCBITaxon:88058	2
NCBITaxon:880724	1
NCBITaxon:880732	3
NCBITaxon:88074	16
NCBITaxon:881	71
NCBITaxon:881009	2
NCBITaxon:881023	3
NCBITaxon:881260	94
NCBITaxon:881268	3
NCBITaxon:881286	4
NCBITaxon:88132	6
NCBITaxon:88138	7
NCBITaxon:88139	12
NCBITaxon:88149	1
NCBITaxon:881621	2
NCBITaxon:88164	1
NCBITaxon:88189	4
NCBITaxon:88190	5
NCBITaxon:881994	1
NCBITaxon:882	2
NCBITaxon:882081	1
NCBITaxon:882083	1
NCBITaxon:882084	1
NCBITaxon:882095	1
NCBITaxon:882102	2
NCBITaxon:882104	1
NCBITaxon:882211	4
NCBITaxon:88233	8
NCBITaxon:882403	1
NCBITaxon:882404	1
NCBITaxon:882440	5
NCBITaxon:882441	5
NCBITaxon:882444	5
NCBITaxon:882446	3
NCBITaxon:882447	4
NCBITaxon:882448	3
NCBITaxon:882449	4
NCBITaxon:882451	4
NCBITaxon:882452	4
NCBITaxon:882453	1
NCBITaxon:882573	1
NCBITaxon:882626	3
NCBITaxon:882824	2
NCBITaxon:882855	1
NCBITaxon:882860	1
NCBITaxon:882862	1
NCBITaxon:882863	1
NCBITaxon:882864	1
NCBITaxon:882865	1
NCBITaxon:882866	1
NCBITaxon:882867	1
NCBITaxon:882868	1
NCBITaxon:882869	1
NCBITaxon:882872	1
NCBITaxon:882873	1
NCBITaxon:882874	1
NCBITaxon:882875	1
NCBITaxon:882876	1
NCBITaxon:882877	1
NCBITaxon:882878	1
NCBITaxon:882879	1
NCBITaxon:882884	1
NCBITaxon:882909	1
NCBITaxon:882944	1
NCBITaxon:883	2
NCBITaxon:883066	1
NCBITaxon:883080	1
NCBITaxon:883095	1
NCBITaxon:883106	1
NCBITaxon:883121	1
NCBITaxon:883155	1
NCBITaxon:883156	1
NCBITaxon:883162	1
NCBITaxon:883169	1
NCBITaxon:88362	1
NCBITaxon:88364	5
NCBITaxon:88373	6
NCBITaxon:88374	5
NCBITaxon:88376	6
NCBITaxon:883812	3
NCBITaxon:88382	8
NCBITaxon:88404	1
NCBITaxon:884107	4
NCBITaxon:884155	1
NCBITaxon:88431	96
NCBITaxon:88456	31
NCBITaxon:884684	2
NCBITaxon:884688	3
NCBITaxon:885	4
NCBITaxon:885040	4
NCBITaxon:885042	3
NCBITaxon:885272	1
NCBITaxon:885273	1
NCBITaxon:885274	1
NCBITaxon:885275	1
NCBITaxon:885276	1
NCBITaxon:885380	1
NCBITaxon:885381	1
NCBITaxon:885382	1
NCBITaxon:885383	1
NCBITaxon:885384	1
NCBITaxon:885385	1
NCBITaxon:885386	1
NCBITaxon:885387	1
NCBITaxon:885435	1
NCBITaxon:885475	4
NCBITaxon:88552	1
NCBITaxon:885581	1
NCBITaxon:88568	5
NCBITaxon:885957	1
NCBITaxon:886	2
NCBITaxon:886292	1
NCBITaxon:886293	2
NCBITaxon:886343	1
NCBITaxon:886377	1
NCBITaxon:886379	1
NCBITaxon:886464	3
NCBITaxon:886606	1
NCBITaxon:886715	2
NCBITaxon:886716	1
NCBITaxon:886717	1
NCBITaxon:886718	1
NCBITaxon:886719	1
NCBITaxon:886720	1
NCBITaxon:886721	1
NCBITaxon:886722	1
NCBITaxon:886723	1
NCBITaxon:886724	1
NCBITaxon:886725	1
NCBITaxon:886726	1
NCBITaxon:886727	1
NCBITaxon:886728	1
NCBITaxon:886738	1
NCBITaxon:886872	1
NCBITaxon:886877	1
NCBITaxon:88688	10
NCBITaxon:886893	1
NCBITaxon:887062	1
NCBITaxon:887063	1
NCBITaxon:887064	1
NCBITaxon:887065	1
NCBITaxon:887066	1
NCBITaxon:887067	1
NCBITaxon:887068	1
NCBITaxon:887069	1
NCBITaxon:887070	1
NCBITaxon:887095	1
NCBITaxon:887144	2
NCBITaxon:88717	1
NCBITaxon:88719	4
NCBITaxon:88723	1
NCBITaxon:88724	5
NCBITaxon:887449	4
NCBITaxon:887452	4
NCBITaxon:887453	6
NCBITaxon:887456	4
NCBITaxon:887459	5
NCBITaxon:887462	3
NCBITaxon:887464	6
NCBITaxon:887465	4
NCBITaxon:887469	3
NCBITaxon:887475	3
NCBITaxon:88769	1
NCBITaxon:887700	1
NCBITaxon:887702	1
NCBITaxon:88771	1
NCBITaxon:887899	1
NCBITaxon:888	3
NCBITaxon:888027	2
NCBITaxon:888051	1
NCBITaxon:888052	1
NCBITaxon:888054	1
NCBITaxon:888056	1
NCBITaxon:888057	1
NCBITaxon:888058	1
NCBITaxon:888059	1
NCBITaxon:888060	1
NCBITaxon:888439	1
NCBITaxon:88874	6
NCBITaxon:888746	1
NCBITaxon:888807	1
NCBITaxon:888828	1
NCBITaxon:888830	3
NCBITaxon:888831	3
NCBITaxon:888832	1
NCBITaxon:888833	1
NCBITaxon:888845	3
NCBITaxon:889	2
NCBITaxon:88916	5
NCBITaxon:889201	1
NCBITaxon:889204	2
NCBITaxon:889205	3
NCBITaxon:889210	1
NCBITaxon:889211	1
NCBITaxon:889213	1
NCBITaxon:889214	1
NCBITaxon:889215	1
NCBITaxon:889216	1
NCBITaxon:889217	1
NCBITaxon:889218	1
NCBITaxon:889219	1
NCBITaxon:889220	1
NCBITaxon:889221	1
NCBITaxon:889222	1
NCBITaxon:889223	1
NCBITaxon:889224	1
NCBITaxon:889225	1
NCBITaxon:889226	1
NCBITaxon:889227	1
NCBITaxon:889228	1
NCBITaxon:889229	1
NCBITaxon:889230	1
NCBITaxon:889231	1
NCBITaxon:889232	1
NCBITaxon:889233	1
NCBITaxon:889234	1
NCBITaxon:889235	1
NCBITaxon:889236	1
NCBITaxon:889237	1
NCBITaxon:889238	1
NCBITaxon:889239	1
NCBITaxon:889240	1
NCBITaxon:889241	1
NCBITaxon:889242	1
NCBITaxon:889243	1
NCBITaxon:889244	1
NCBITaxon:889245	1
NCBITaxon:889246	1
NCBITaxon:889247	2
NCBITaxon:889248	1
NCBITaxon:889249	1
NCBITaxon:889250	1
NCBITaxon:889251	1
NCBITaxon:889252	1
NCBITaxon:889253	1
NCBITaxon:889254	1
NCBITaxon:889255	1
NCBITaxon:889265	4
NCBITaxon:889268	5
NCBITaxon:889272	2
NCBITaxon:889274	3
NCBITaxon:889282	3
NCBITaxon:889299	1
NCBITaxon:889300	8
NCBITaxon:889306	3
NCBITaxon:889378	1
NCBITaxon:889453	4
NCBITaxon:889488	2
NCBITaxon:889516	1
NCBITaxon:889520	3
NCBITaxon:889739	1
NCBITaxon:889792	3
NCBITaxon:889932	1
NCBITaxon:889933	1
NCBITaxon:889944	4
NCBITaxon:889963	1
NCBITaxon:889965	1
NCBITaxon:89	2
NCBITaxon:890	3
NCBITaxon:890055	2
NCBITaxon:89014	10
NCBITaxon:890399	2
NCBITaxon:890402	1
NCBITaxon:890420	1
NCBITaxon:890425	2
NCBITaxon:890426	2
NCBITaxon:89044	1
NCBITaxon:89050	7
NCBITaxon:89051	6
NCBITaxon:89053	16
NCBITaxon:89059	34
NCBITaxon:89061	16
NCBITaxon:89065	7
NCBITaxon:89067	4
NCBITaxon:89093	6
NCBITaxon:891	5
NCBITaxon:89137	2
NCBITaxon:89139	1
NCBITaxon:891402	1
NCBITaxon:89141	1
NCBITaxon:891411	1
NCBITaxon:891412	1
NCBITaxon:891413	1
NCBITaxon:891414	1
NCBITaxon:891420	1
NCBITaxon:891421	1
NCBITaxon:891422	1
NCBITaxon:891423	1
NCBITaxon:891424	1
NCBITaxon:89152	3
NCBITaxon:89153	9
NCBITaxon:89154	5
NCBITaxon:89174	1
NCBITaxon:89184	14
NCBITaxon:891968	1
NCBITaxon:891974	3
NCBITaxon:89243	1
NCBITaxon:893	34
NCBITaxon:89367	8
NCBITaxon:89373	14
NCBITaxon:89374	29
NCBITaxon:89377	1
NCBITaxon:894	7
NCBITaxon:89401	1
NCBITaxon:89402	3
NCBITaxon:89403	1
NCBITaxon:89421	1
NCBITaxon:89443	5
NCBITaxon:89487	1
NCBITaxon:89489	1
NCBITaxon:89491	1
NCBITaxon:89524	5
NCBITaxon:89584	3
NCBITaxon:89586	2
NCBITaxon:896	5
NCBITaxon:897	2
NCBITaxon:89770	1
NCBITaxon:89772	2
NCBITaxon:89784	5
NCBITaxon:899	13
NCBITaxon:89913	1
NCBITaxon:89922	1
NCBITaxon:89926	9
NCBITaxon:89928	1
NCBITaxon:89929	1
NCBITaxon:89935	2
NCBITaxon:89940	1
NCBITaxon:89957	4
NCBITaxon:89959	2
NCBITaxon:89963	1
NCBITaxon:89966	2
NCBITaxon:89967	4
NCBITaxon:89968	3
NCBITaxon:89969	2
NCBITaxon:9	5
NCBITaxon:90058	3
NCBITaxon:90060	4
NCBITaxon:90062	1
NCBITaxon:90079	2
NCBITaxon:901	26
NCBITaxon:90105	130
NCBITaxon:90239	8
NCBITaxon:90240	23
NCBITaxon:90241	6
NCBITaxon:90242	1
NCBITaxon:90244	45
NCBITaxon:90245	100
NCBITaxon:90248	1
NCBITaxon:90249	2
NCBITaxon:90250	2
NCBITaxon:90251	4
NCBITaxon:90252	4
NCBITaxon:90253	4
NCBITaxon:90255	1
NCBITaxon:90261	11
NCBITaxon:90262	4
NCBITaxon:90263	4
NCBITaxon:90264	2
NCBITaxon:90267	1
NCBITaxon:90320	1
NCBITaxon:90323	3
NCBITaxon:903413	4
NCBITaxon:903510	1
NCBITaxon:90367	1
NCBITaxon:90369	1
NCBITaxon:90370	2071
NCBITaxon:90371	787
NCBITaxon:90372	25
NCBITaxon:903818	1
NCBITaxon:903915	1
NCBITaxon:903918	1
NCBITaxon:903924	1
NCBITaxon:903928	1
NCBITaxon:903983	5
NCBITaxon:903984	5
NCBITaxon:904	14
NCBITaxon:904130	1
NCBITaxon:904139	1
NCBITaxon:904144	1
NCBITaxon:904239	1
NCBITaxon:90427	2
NCBITaxon:904291	6
NCBITaxon:904294	1
NCBITaxon:904295	4
NCBITaxon:904296	1
NCBITaxon:904313	1
NCBITaxon:904327	1
NCBITaxon:904353	1
NCBITaxon:904685	1
NCBITaxon:904690	1
NCBITaxon:904709	1
NCBITaxon:904715	4
NCBITaxon:904723	1
NCBITaxon:904724	1
NCBITaxon:904725	1
NCBITaxon:904726	1
NCBITaxon:904727	1
NCBITaxon:904728	1
NCBITaxon:904729	1
NCBITaxon:904730	1
NCBITaxon:904731	1
NCBITaxon:904732	1
NCBITaxon:904733	1
NCBITaxon:904734	1
NCBITaxon:904735	1
NCBITaxon:904736	1
NCBITaxon:904737	1
NCBITaxon:904738	1
NCBITaxon:904739	1
NCBITaxon:904740	1
NCBITaxon:904741	1
NCBITaxon:904742	1
NCBITaxon:904743	1
NCBITaxon:904744	1
NCBITaxon:904745	1
NCBITaxon:904746	1
NCBITaxon:904747	1
NCBITaxon:904748	1
NCBITaxon:904749	1
NCBITaxon:904750	1
NCBITaxon:904751	1
NCBITaxon:904752	1
NCBITaxon:904753	1
NCBITaxon:904754	1
NCBITaxon:904755	1
NCBITaxon:904756	1
NCBITaxon:904757	1
NCBITaxon:904758	1
NCBITaxon:904759	1
NCBITaxon:904760	1
NCBITaxon:904761	1
NCBITaxon:904762	1
NCBITaxon:904763	1
NCBITaxon:904764	1
NCBITaxon:904765	1
NCBITaxon:904766	1
NCBITaxon:904767	1
NCBITaxon:904768	1
NCBITaxon:904769	1
NCBITaxon:904770	1
NCBITaxon:904771	1
NCBITaxon:904772	1
NCBITaxon:904773	1
NCBITaxon:904774	1
NCBITaxon:904775	1
NCBITaxon:904776	1
NCBITaxon:904777	1
NCBITaxon:904778	1
NCBITaxon:904779	1
NCBITaxon:904780	1
NCBITaxon:904781	1
NCBITaxon:904782	1
NCBITaxon:904783	1
NCBITaxon:904784	1
NCBITaxon:904785	1
NCBITaxon:904786	1
NCBITaxon:904787	1
NCBITaxon:904788	1
NCBITaxon:904789	1
NCBITaxon:904790	1
NCBITaxon:904791	1
NCBITaxon:904792	1
NCBITaxon:904793	1
NCBITaxon:904794	1
NCBITaxon:904795	1
NCBITaxon:904796	1
NCBITaxon:904797	1
NCBITaxon:904798	2
NCBITaxon:904799	1
NCBITaxon:904800	1
NCBITaxon:904801	1
NCBITaxon:904802	1
NCBITaxon:904803	1
NCBITaxon:904804	1
NCBITaxon:904902	1
NCBITaxon:904933	5
NCBITaxon:905	18
NCBITaxon:905011	1
NCBITaxon:905052	1
NCBITaxon:905079	1
NCBITaxon:906	124
NCBITaxon:90627	15
NCBITaxon:90686	2
NCBITaxon:906888	9
NCBITaxon:906968	1
NCBITaxon:907	54
NCBITaxon:907197	1
NCBITaxon:907224	3
NCBITaxon:907261	1
NCBITaxon:907263	1
NCBITaxon:907264	1
NCBITaxon:907265	1
NCBITaxon:907266	1
NCBITaxon:907267	1
NCBITaxon:907268	1
NCBITaxon:907269	1
NCBITaxon:907270	1
NCBITaxon:907271	1
NCBITaxon:907272	1
NCBITaxon:90728	3
NCBITaxon:907289	1
NCBITaxon:90729	3
NCBITaxon:907290	1
NCBITaxon:907291	1
NCBITaxon:907294	1
NCBITaxon:90730	4
NCBITaxon:90731	2
NCBITaxon:90732	4
NCBITaxon:90733	3
NCBITaxon:907339	1
NCBITaxon:907340	1
NCBITaxon:907348	1
NCBITaxon:90736	6
NCBITaxon:907463	6
NCBITaxon:907486	1
NCBITaxon:907487	1
NCBITaxon:907488	1
NCBITaxon:907489	1
NCBITaxon:907490	1
NCBITaxon:907491	1
NCBITaxon:907492	1
NCBITaxon:907493	1
NCBITaxon:907723	2
NCBITaxon:907738	1
NCBITaxon:907779	1
NCBITaxon:907931	2
NCBITaxon:907947	1
NCBITaxon:90814	1
NCBITaxon:908250	3
NCBITaxon:908252	4
NCBITaxon:908285	4
NCBITaxon:908355	5
NCBITaxon:908359	2
NCBITaxon:908589	1
NCBITaxon:908615	6
NCBITaxon:908616	8
NCBITaxon:908622	3
NCBITaxon:908623	1
NCBITaxon:908809	3
NCBITaxon:908846	4
NCBITaxon:908937	2
NCBITaxon:908940	4
NCBITaxon:908941	5
NCBITaxon:908946	3
NCBITaxon:908966	1
NCBITaxon:90909	2
NCBITaxon:909287	4
NCBITaxon:909414	1
NCBITaxon:909465	1
NCBITaxon:90948	2
NCBITaxon:909613	6
NCBITaxon:909625	3
NCBITaxon:909626	1
NCBITaxon:90964	1
NCBITaxon:90970	8
NCBITaxon:90975	4
NCBITaxon:90978	1
NCBITaxon:909926	1
NCBITaxon:909929	1
NCBITaxon:909930	3
NCBITaxon:909932	1
NCBITaxon:909936	4
NCBITaxon:909943	1
NCBITaxon:909944	1
NCBITaxon:909945	1
NCBITaxon:909946	1
NCBITaxon:909947	3
NCBITaxon:909955	1
NCBITaxon:910027	2
NCBITaxon:910028	2
NCBITaxon:910039	2
NCBITaxon:910040	2
NCBITaxon:910041	2
NCBITaxon:910047	2
NCBITaxon:910048	2
NCBITaxon:910049	2
NCBITaxon:910265	1
NCBITaxon:910314	1
NCBITaxon:910347	4
NCBITaxon:910348	1
NCBITaxon:91039	4
NCBITaxon:910412	3
NCBITaxon:910413	1
NCBITaxon:910414	1
NCBITaxon:910415	1
NCBITaxon:910416	1
NCBITaxon:910417	1
NCBITaxon:910418	1
NCBITaxon:910419	1
NCBITaxon:910450	2
NCBITaxon:910540	3
NCBITaxon:910542	3
NCBITaxon:910543	4
NCBITaxon:910545	1
NCBITaxon:91061	9
NCBITaxon:910939	4
NCBITaxon:910964	1
NCBITaxon:910996	1
NCBITaxon:911	1
NCBITaxon:911008	3
NCBITaxon:911022	4
NCBITaxon:911023	1
NCBITaxon:911092	20
NCBITaxon:911113	1
NCBITaxon:911154	1
NCBITaxon:911155	1
NCBITaxon:911156	1
NCBITaxon:911157	1
NCBITaxon:911158	1
NCBITaxon:911160	1
NCBITaxon:911197	2
NCBITaxon:911205	3
NCBITaxon:911238	1
NCBITaxon:911321	1
NCBITaxon:911343	1
NCBITaxon:911598	1
NCBITaxon:911720	1
NCBITaxon:911722	1
NCBITaxon:911730	1
NCBITaxon:912	1
NCBITaxon:912071	2
NCBITaxon:912113	1
NCBITaxon:912552	3
NCBITaxon:912592	1
NCBITaxon:912594	6
NCBITaxon:912802	2
NCBITaxon:913	15
NCBITaxon:913024	1
NCBITaxon:913063	1
NCBITaxon:913068	7
NCBITaxon:913069	1
NCBITaxon:913070	14
NCBITaxon:913071	1
NCBITaxon:913072	1
NCBITaxon:913073	2
NCBITaxon:913074	13
NCBITaxon:913075	1
NCBITaxon:913076	11
NCBITaxon:913077	1
NCBITaxon:913078	1
NCBITaxon:913079	7
NCBITaxon:913080	1
NCBITaxon:913081	1
NCBITaxon:913082	1
NCBITaxon:913083	1
NCBITaxon:913084	1
NCBITaxon:913086	1
NCBITaxon:913099	3
NCBITaxon:913100	3
NCBITaxon:913101	3
NCBITaxon:913107	5
NCBITaxon:913108	1
NCBITaxon:913109	5
NCBITaxon:91324	2
NCBITaxon:913240	8
NCBITaxon:913241	1
NCBITaxon:913242	1
NCBITaxon:913252	1
NCBITaxon:913267	1
NCBITaxon:913317	2
NCBITaxon:913318	2
NCBITaxon:913319	2
NCBITaxon:913320	3
NCBITaxon:913322	2
NCBITaxon:913328	1
NCBITaxon:913335	1
NCBITaxon:913336	1
NCBITaxon:91347	1
NCBITaxon:91352	18
NCBITaxon:91353	1
NCBITaxon:91359	9
NCBITaxon:91360	2
NCBITaxon:91374	1
NCBITaxon:913761	4
NCBITaxon:913848	2
NCBITaxon:913853	3
NCBITaxon:913944	1
NCBITaxon:913948	4
NCBITaxon:913969	3
NCBITaxon:913974	1
NCBITaxon:913975	2
NCBITaxon:914	24
NCBITaxon:914049	1
NCBITaxon:914127	1
NCBITaxon:914128	1
NCBITaxon:914149	1
NCBITaxon:914150	1
NCBITaxon:914151	2
NCBITaxon:914152	2
NCBITaxon:914153	2
NCBITaxon:914234	1
NCBITaxon:914238	1
NCBITaxon:914327	1
NCBITaxon:91484	1
NCBITaxon:91485	1
NCBITaxon:91491	1
NCBITaxon:91492	7
NCBITaxon:915	18
NCBITaxon:91504	1
NCBITaxon:915059	5
NCBITaxon:915099	4
NCBITaxon:915173	5
NCBITaxon:915180	2
NCBITaxon:915328	1
NCBITaxon:915352	2
NCBITaxon:915353	2
NCBITaxon:915438	1
NCBITaxon:915471	1
NCBITaxon:91559	3
NCBITaxon:91560	4
NCBITaxon:916	8
NCBITaxon:91604	2
NCBITaxon:91623	2
NCBITaxon:91624	2
NCBITaxon:91625	5
NCBITaxon:91626	1
NCBITaxon:91628	1
NCBITaxon:91632	1
NCBITaxon:91636	1
NCBITaxon:91637	1
NCBITaxon:91643	2
NCBITaxon:91683	1
NCBITaxon:917	2
NCBITaxon:91750	560
NCBITaxon:91752	1
NCBITaxon:91797	1
NCBITaxon:91822	6
NCBITaxon:91823	5
NCBITaxon:91844	6
NCBITaxon:91890	6
NCBITaxon:91891	35
NCBITaxon:91892	13
NCBITaxon:919	6
NCBITaxon:91914	1
NCBITaxon:91915	36
NCBITaxon:91920	3
NCBITaxon:91925	1
NCBITaxon:91928	2
NCBITaxon:91930	2
NCBITaxon:91943	11
NCBITaxon:91979	1
NCBITaxon:91984	1
NCBITaxon:91990	2
NCBITaxon:91992	2
NCBITaxon:920	94
NCBITaxon:92002	3
NCBITaxon:921	5
NCBITaxon:92172	4
NCBITaxon:92181	2
NCBITaxon:92245	2
NCBITaxon:92246	4
NCBITaxon:923	3
NCBITaxon:924	1
NCBITaxon:92401	1
NCBITaxon:92402	4
NCBITaxon:92403	1
NCBITaxon:92404	3
NCBITaxon:92405	1
NCBITaxon:92406	1
NCBITaxon:92407	2
NCBITaxon:92442	3
NCBITaxon:924829	1
NCBITaxon:92485	1
NCBITaxon:92487	1
NCBITaxon:92488	3
NCBITaxon:92490	22
NCBITaxon:925125	1
NCBITaxon:925126	1
NCBITaxon:925127	1
NCBITaxon:925128	1
NCBITaxon:925129	1
NCBITaxon:925130	1
NCBITaxon:925131	1
NCBITaxon:925132	1
NCBITaxon:925133	1
NCBITaxon:925408	4
NCBITaxon:925768	1
NCBITaxon:925769	1
NCBITaxon:925775	4
NCBITaxon:925776	475
NCBITaxon:926	7
NCBITaxon:926026	1
NCBITaxon:926027	2
NCBITaxon:926028	1
NCBITaxon:926029	1
NCBITaxon:926030	2
NCBITaxon:926032	1
NCBITaxon:926034	1
NCBITaxon:926035	1
NCBITaxon:926036	1
NCBITaxon:926037	1
NCBITaxon:92630	1
NCBITaxon:926357	4
NCBITaxon:926360	1
NCBITaxon:92637	2
NCBITaxon:92644	8
NCBITaxon:926447	1
NCBITaxon:92645	20
NCBITaxon:92647	20
NCBITaxon:926550	3
NCBITaxon:926551	1
NCBITaxon:926554	1
NCBITaxon:926558	1
NCBITaxon:926559	1
NCBITaxon:926560	1
NCBITaxon:926563	1
NCBITaxon:926564	2
NCBITaxon:926566	1
NCBITaxon:926569	2
NCBITaxon:926690	1
NCBITaxon:926692	1
NCBITaxon:926830	4
NCBITaxon:92696	1
NCBITaxon:927	23
NCBITaxon:92706	1
NCBITaxon:927083	4
NCBITaxon:92712	5
NCBITaxon:92713	1
NCBITaxon:92714	1
NCBITaxon:927244	1
NCBITaxon:927258	2
NCBITaxon:92743	3
NCBITaxon:92757	2
NCBITaxon:92758	4
NCBITaxon:92759	2
NCBITaxon:927655	3
NCBITaxon:927658	1
NCBITaxon:927661	1
NCBITaxon:927664	1
NCBITaxon:927665	2
NCBITaxon:927669	1
NCBITaxon:927691	1
NCBITaxon:927694	1
NCBITaxon:927701	1
NCBITaxon:927703	2
NCBITaxon:927704	1
NCBITaxon:927786	4
NCBITaxon:927787	1
NCBITaxon:927806	1
NCBITaxon:92793	6
NCBITaxon:928	7
NCBITaxon:928210	3
NCBITaxon:92826	7
NCBITaxon:92827	2
NCBITaxon:92828	3
NCBITaxon:928724	1
NCBITaxon:928730	2
NCBITaxon:928852	50
NCBITaxon:928856	4
NCBITaxon:92897	1
NCBITaxon:929	1
NCBITaxon:92902	1
NCBITaxon:92904	1
NCBITaxon:929098	5
NCBITaxon:929101	3
NCBITaxon:929102	1
NCBITaxon:929235	1
NCBITaxon:92933	2
NCBITaxon:92938	5
NCBITaxon:92942	30
NCBITaxon:92944	1
NCBITaxon:92945	3
NCBITaxon:92947	2
NCBITaxon:92950	2
NCBITaxon:929505	1
NCBITaxon:929506	1
NCBITaxon:929556	1
NCBITaxon:929558	1
NCBITaxon:929562	1
NCBITaxon:929563	1
NCBITaxon:929565	1
NCBITaxon:929703	1
NCBITaxon:929705	1
NCBITaxon:929712	1
NCBITaxon:929713	1
NCBITaxon:929795	1
NCBITaxon:92980	1
NCBITaxon:929813	7
NCBITaxon:92987	1
NCBITaxon:930	66
NCBITaxon:930090	1
NCBITaxon:930093	2
NCBITaxon:930114	4
NCBITaxon:930117	4
NCBITaxon:930118	9
NCBITaxon:930120	1
NCBITaxon:930124	5
NCBITaxon:930128	3
NCBITaxon:930129	6
NCBITaxon:930130	3
NCBITaxon:930131	1
NCBITaxon:930132	1
NCBITaxon:930138	5
NCBITaxon:930146	3
NCBITaxon:930152	1
NCBITaxon:930166	54
NCBITaxon:930170	1
NCBITaxon:930197	5
NCBITaxon:93033	1
NCBITaxon:930405	1
NCBITaxon:930406	3
NCBITaxon:930407	1
NCBITaxon:93057	2
NCBITaxon:93058	1
NCBITaxon:93059	1
NCBITaxon:93060	1
NCBITaxon:93061	1
NCBITaxon:93062	5
NCBITaxon:93063	8
NCBITaxon:93064	83
NCBITaxon:93065	5
NCBITaxon:930768	1
NCBITaxon:930769	1
NCBITaxon:930770	1
NCBITaxon:930771	1
NCBITaxon:930772	1
NCBITaxon:930773	1
NCBITaxon:930774	1
NCBITaxon:930775	1
NCBITaxon:930776	1
NCBITaxon:930777	1
NCBITaxon:930778	1
NCBITaxon:930779	1
NCBITaxon:930804	2
NCBITaxon:930805	5
NCBITaxon:930806	4
NCBITaxon:930854	3
NCBITaxon:930942	3
NCBITaxon:930943	1
NCBITaxon:930944	1
NCBITaxon:930946	2
NCBITaxon:930972	1
NCBITaxon:930990	1
NCBITaxon:931	23
NCBITaxon:931074	4
NCBITaxon:931097	4
NCBITaxon:931099	1
NCBITaxon:931100	1
NCBITaxon:931101	1
NCBITaxon:931202	1
NCBITaxon:931432	1
NCBITaxon:931433	1
NCBITaxon:931434	1
NCBITaxon:931435	1
NCBITaxon:931436	1
NCBITaxon:931437	1
NCBITaxon:931438	1
NCBITaxon:931439	1
NCBITaxon:931440	1
NCBITaxon:931441	1
NCBITaxon:931442	1
NCBITaxon:931443	1
NCBITaxon:931444	1
NCBITaxon:931445	1
NCBITaxon:931446	1
NCBITaxon:931447	1
NCBITaxon:931448	1
NCBITaxon:931449	1
NCBITaxon:931450	1
NCBITaxon:931451	1
NCBITaxon:931452	1
NCBITaxon:931453	1
NCBITaxon:931454	1
NCBITaxon:931455	1
NCBITaxon:931456	1
NCBITaxon:931457	1
NCBITaxon:931458	1
NCBITaxon:931459	1
NCBITaxon:931460	1
NCBITaxon:931504	1
NCBITaxon:931529	3
NCBITaxon:931531	1
NCBITaxon:931533	2
NCBITaxon:931534	2
NCBITaxon:931535	4
NCBITaxon:931536	4
NCBITaxon:931537	4
NCBITaxon:931585	5
NCBITaxon:931625	1
NCBITaxon:931626	2
NCBITaxon:931629	2
NCBITaxon:93171	12
NCBITaxon:931866	47
NCBITaxon:931974	1
NCBITaxon:932	3
NCBITaxon:932004	28
NCBITaxon:932006	1
NCBITaxon:93218	12
NCBITaxon:93219	3
NCBITaxon:93220	40
NCBITaxon:93221	7
NCBITaxon:932217	9
NCBITaxon:93222	3
NCBITaxon:932660	1
NCBITaxon:932676	1
NCBITaxon:932733	5
NCBITaxon:932741	4
NCBITaxon:933	6
NCBITaxon:933059	3
NCBITaxon:933063	3
NCBITaxon:933068	3
NCBITaxon:933073	4
NCBITaxon:933080	2
NCBITaxon:933085	2
NCBITaxon:933090	1
NCBITaxon:933091	2
NCBITaxon:933093	2
NCBITaxon:933119	1
NCBITaxon:933257	1
NCBITaxon:933388	1
NCBITaxon:933390	1
NCBITaxon:93369	2
NCBITaxon:93378	42
NCBITaxon:93380	9
NCBITaxon:933852	1
NCBITaxon:933926	5
NCBITaxon:933940	3
NCBITaxon:933941	3
NCBITaxon:933944	5
NCBITaxon:933949	3
NCBITaxon:933994	1
NCBITaxon:934	1
NCBITaxon:934143	3
NCBITaxon:93466	3
NCBITaxon:934781	1
NCBITaxon:93487	2
NCBITaxon:93506	35
NCBITaxon:935198	2
NCBITaxon:935200	3
NCBITaxon:935223	1
NCBITaxon:935224	1
NCBITaxon:935289	1
NCBITaxon:935293	6
NCBITaxon:935294	2
NCBITaxon:935295	1
NCBITaxon:935297	1
NCBITaxon:935557	1
NCBITaxon:935572	1
NCBITaxon:935580	1
NCBITaxon:935582	2
NCBITaxon:935616	3
NCBITaxon:935697	1
NCBITaxon:935699	1
NCBITaxon:935700	3
NCBITaxon:935702	1
NCBITaxon:935703	1
NCBITaxon:935705	1
NCBITaxon:935706	1
NCBITaxon:935707	1
NCBITaxon:935708	1
NCBITaxon:935788	1
NCBITaxon:935853	1
NCBITaxon:93591	3
NCBITaxon:935938	1
NCBITaxon:935942	1
NCBITaxon:935948	1
NCBITaxon:936046	1
NCBITaxon:936053	13
NCBITaxon:936078	1
NCBITaxon:93612	3
NCBITaxon:936129	1
NCBITaxon:936130	2
NCBITaxon:936138	3
NCBITaxon:936140	4
NCBITaxon:936155	1
NCBITaxon:936156	1
NCBITaxon:936157	1
NCBITaxon:93625	1
NCBITaxon:936337	1
NCBITaxon:936338	5
NCBITaxon:936435	1
NCBITaxon:936450	1
NCBITaxon:936455	1
NCBITaxon:936456	2
NCBITaxon:936557	1
NCBITaxon:936574	1
NCBITaxon:936594	1
NCBITaxon:936595	1
NCBITaxon:936596	1
NCBITaxon:936756	3
NCBITaxon:93681	2
NCBITaxon:93683	6
NCBITaxon:93684	6
NCBITaxon:936889	5
NCBITaxon:937	1
NCBITaxon:93716	3
NCBITaxon:937218	1
NCBITaxon:937251	3
NCBITaxon:937254	2
NCBITaxon:937334	4
NCBITaxon:937382	1
NCBITaxon:937450	1
NCBITaxon:937592	1
NCBITaxon:937593	3
NCBITaxon:937594	1
NCBITaxon:937743	2
NCBITaxon:937775	1
NCBITaxon:937777	1
NCBITaxon:937927	5
NCBITaxon:937928	3
NCBITaxon:938130	1
NCBITaxon:938141	1
NCBITaxon:938142	1
NCBITaxon:938143	1
NCBITaxon:938144	1
NCBITaxon:938145	1
NCBITaxon:938146	1
NCBITaxon:938147	1
NCBITaxon:938155	3
NCBITaxon:938278	2
NCBITaxon:938288	3
NCBITaxon:938289	1
NCBITaxon:938293	4
NCBITaxon:938405	4
NCBITaxon:938406	4
NCBITaxon:939	1
NCBITaxon:939172	1
NCBITaxon:93929	3
NCBITaxon:939423	1
NCBITaxon:93944	3
NCBITaxon:939452	1
NCBITaxon:939453	1
NCBITaxon:939455	1
NCBITaxon:939458	1
NCBITaxon:939460	1
NCBITaxon:939461	1
NCBITaxon:939467	1
NCBITaxon:939468	1
NCBITaxon:939469	1
NCBITaxon:939472	1
NCBITaxon:939480	1
NCBITaxon:939481	1
NCBITaxon:939482	1
NCBITaxon:939485	1
NCBITaxon:939486	1
NCBITaxon:939487	1
NCBITaxon:939489	1
NCBITaxon:939501	1
NCBITaxon:939502	1
NCBITaxon:939509	1
NCBITaxon:939512	1
NCBITaxon:939518	1
NCBITaxon:939522	1
NCBITaxon:939526	1
NCBITaxon:939528	1
NCBITaxon:939529	1
NCBITaxon:939531	1
NCBITaxon:939532	1
NCBITaxon:939533	1
NCBITaxon:939536	1
NCBITaxon:939537	1
NCBITaxon:939539	1
NCBITaxon:939541	1
NCBITaxon:939542	1
NCBITaxon:939590	1
NCBITaxon:939616	1
NCBITaxon:939625	1
NCBITaxon:93969	2
NCBITaxon:93973	15
NCBITaxon:93974	1
NCBITaxon:93975	1
NCBITaxon:93980	1
NCBITaxon:939844	2
NCBITaxon:939851	1
NCBITaxon:939854	1
NCBITaxon:939857	1
NCBITaxon:94	6
NCBITaxon:940	1
NCBITaxon:94009	1
NCBITaxon:940133	2
NCBITaxon:940136	4
NCBITaxon:940139	4
NCBITaxon:940141	4
NCBITaxon:940149	1
NCBITaxon:94023	1
NCBITaxon:940231	4
NCBITaxon:940232	4
NCBITaxon:940265	3
NCBITaxon:940279	1
NCBITaxon:940287	1
NCBITaxon:940288	1
NCBITaxon:940289	1
NCBITaxon:940294	1
NCBITaxon:940557	2
NCBITaxon:940613	4
NCBITaxon:940614	2
NCBITaxon:940615	2
NCBITaxon:940616	4
NCBITaxon:940657	1
NCBITaxon:941183	1
NCBITaxon:941187	1
NCBITaxon:941188	1
NCBITaxon:941189	1
NCBITaxon:941190	1
NCBITaxon:94122	1
NCBITaxon:94130	2
NCBITaxon:94132	1
NCBITaxon:941322	10
NCBITaxon:941338	2
NCBITaxon:94136	23
NCBITaxon:94137	4
NCBITaxon:94138	5
NCBITaxon:94140	4
NCBITaxon:941435	1
NCBITaxon:941463	7
NCBITaxon:941530	1
NCBITaxon:941639	1
NCBITaxon:941640	1
NCBITaxon:941824	1
NCBITaxon:941907	1
NCBITaxon:941986	5
NCBITaxon:941987	4
NCBITaxon:942029	4
NCBITaxon:94208	1
NCBITaxon:942150	4
NCBITaxon:942513	1
NCBITaxon:94254	7
NCBITaxon:94255	3
NCBITaxon:942860	1
NCBITaxon:942861	1
NCBITaxon:942865	7
NCBITaxon:942866	9
NCBITaxon:94289	1
NCBITaxon:943261	3
NCBITaxon:943673	3
NCBITaxon:943815	4
NCBITaxon:943816	4
NCBITaxon:943830	5
NCBITaxon:943936	2
NCBITaxon:943939	2
NCBITaxon:943940	4
NCBITaxon:943941	2
NCBITaxon:944	5
NCBITaxon:944168	1
NCBITaxon:944170	2
NCBITaxon:944272	1
NCBITaxon:944288	1
NCBITaxon:944289	2
NCBITaxon:944322	2
NCBITaxon:944425	5
NCBITaxon:944479	2
NCBITaxon:944480	1
NCBITaxon:944481	2
NCBITaxon:944491	2
NCBITaxon:944492	2
NCBITaxon:944560	1
NCBITaxon:944564	1
NCBITaxon:944565	1
NCBITaxon:944651	1
NCBITaxon:944671	4
NCBITaxon:945030	1
NCBITaxon:945052	5
NCBITaxon:945539	1
NCBITaxon:945541	1
NCBITaxon:945543	1
NCBITaxon:945553	1
NCBITaxon:945690	1
NCBITaxon:945692	4
NCBITaxon:945704	1
NCBITaxon:945713	2
NCBITaxon:945734	1
NCBITaxon:945844	4
NCBITaxon:946034	1
NCBITaxon:946078	4
NCBITaxon:94610	1
NCBITaxon:946125	2
NCBITaxon:94617	1
NCBITaxon:946228	1
NCBITaxon:946234	10
NCBITaxon:946235	1
NCBITaxon:94624	5
NCBITaxon:94625	40
NCBITaxon:94626	9
NCBITaxon:94627	3
NCBITaxon:946333	2
NCBITaxon:946336	3
NCBITaxon:946362	1
NCBITaxon:94643	1
NCBITaxon:946573	4
NCBITaxon:946677	6
NCBITaxon:946678	5
NCBITaxon:94695	3
NCBITaxon:947	1
NCBITaxon:947013	3
NCBITaxon:947033	2
NCBITaxon:947034	1
NCBITaxon:947304	1
NCBITaxon:947309	2
NCBITaxon:947378	2
NCBITaxon:947516	1
NCBITaxon:947827	1
NCBITaxon:947835	4
NCBITaxon:947919	3
NCBITaxon:948	9
NCBITaxon:948077	3
NCBITaxon:948102	15
NCBITaxon:948106	4
NCBITaxon:948274	1
NCBITaxon:948275	1
NCBITaxon:948311	11
NCBITaxon:948313	1
NCBITaxon:948465	1
NCBITaxon:948519	12
NCBITaxon:948565	1
NCBITaxon:948595	1
NCBITaxon:94868	2
NCBITaxon:94869	9
NCBITaxon:948699	4
NCBITaxon:948756	4
NCBITaxon:949	1
NCBITaxon:950	1
NCBITaxon:95149	20
NCBITaxon:95150	1
NCBITaxon:95159	3
NCBITaxon:95161	7
NCBITaxon:95162	13
NCBITaxon:95172	4
NCBITaxon:95228	1
NCBITaxon:95300	9
NCBITaxon:95301	2
NCBITaxon:95322	1
NCBITaxon:953739	3
NCBITaxon:954	2
NCBITaxon:95485	13
NCBITaxon:95486	564
NCBITaxon:955	11
NCBITaxon:95548	1
NCBITaxon:956	2
NCBITaxon:95641	3
NCBITaxon:957042	4
NCBITaxon:95748	1
NCBITaxon:958	6
NCBITaxon:95809	1
NCBITaxon:95810	1
NCBITaxon:95811	1
NCBITaxon:95818	56
NCBITaxon:95881	1
NCBITaxon:959	99
NCBITaxon:95901	11
NCBITaxon:96	8
NCBITaxon:960	5
NCBITaxon:96045	1
NCBITaxon:96228	1
NCBITaxon:96229	1
NCBITaxon:96230	2
NCBITaxon:96232	2
NCBITaxon:96241	14
NCBITaxon:963	6
NCBITaxon:96317	1
NCBITaxon:96318	1
NCBITaxon:96344	8
NCBITaxon:96345	144
NCBITaxon:96373	1
NCBITaxon:964	37
NCBITaxon:96468	6
NCBITaxon:96472	1
NCBITaxon:96473	1
NCBITaxon:96492	1
NCBITaxon:96495	1
NCBITaxon:96496	2
NCBITaxon:96497	1
NCBITaxon:96499	1
NCBITaxon:96501	1
NCBITaxon:96562	1
NCBITaxon:96563	1
NCBITaxon:96565	3
NCBITaxon:96574	1
NCBITaxon:966	3
NCBITaxon:96639	1
NCBITaxon:96773	4
NCBITaxon:96774	1
NCBITaxon:96789	1
NCBITaxon:968	1
NCBITaxon:96910	1
NCBITaxon:96940	2
NCBITaxon:96941	3
NCBITaxon:97	1
NCBITaxon:970	52
NCBITaxon:97050	16
NCBITaxon:97084	2
NCBITaxon:97089	3
NCBITaxon:97093	3
NCBITaxon:97095	1
NCBITaxon:97096	40
NCBITaxon:97098	7
NCBITaxon:97099	6
NCBITaxon:971	32
NCBITaxon:971279	1
NCBITaxon:97138	2
NCBITaxon:97193	3
NCBITaxon:97194	2
NCBITaxon:97253	1
NCBITaxon:97331	2
NCBITaxon:97359	1
NCBITaxon:97377	2
NCBITaxon:97378	1
NCBITaxon:97380	1
NCBITaxon:97398	8
NCBITaxon:974	3
NCBITaxon:97400	1
NCBITaxon:97477	3
NCBITaxon:97478	54
NCBITaxon:97479	6
NCBITaxon:97480	1
NCBITaxon:97481	15
NCBITaxon:97483	1
NCBITaxon:97485	3
NCBITaxon:97486	2
NCBITaxon:97492	2
NCBITaxon:97494	1
NCBITaxon:976	508
NCBITaxon:97707	1
NCBITaxon:977788	1
NCBITaxon:977794	2
NCBITaxon:977800	1
NCBITaxon:979	39
NCBITaxon:979145	1
NCBITaxon:979226	1
NCBITaxon:97940	1
NCBITaxon:979556	1
NCBITaxon:979619	3
NCBITaxon:979620	2
NCBITaxon:979627	2
NCBITaxon:979657	1
NCBITaxon:979659	1
NCBITaxon:979670	2
NCBITaxon:979673	3
NCBITaxon:979688	3
NCBITaxon:979689	1
NCBITaxon:979690	2
NCBITaxon:979691	2
NCBITaxon:979695	1
NCBITaxon:979697	3
NCBITaxon:979699	1
NCBITaxon:979702	3
NCBITaxon:979708	2
NCBITaxon:97971	2
NCBITaxon:979711	1
NCBITaxon:979712	2
NCBITaxon:979714	1
NCBITaxon:979717	3
NCBITaxon:979718	1
NCBITaxon:97972	2
NCBITaxon:979724	1
NCBITaxon:979731	2
NCBITaxon:979732	1
NCBITaxon:979746	4
NCBITaxon:979759	1
NCBITaxon:979760	1
NCBITaxon:979761	3
NCBITaxon:979763	1
NCBITaxon:979764	1
NCBITaxon:979765	3
NCBITaxon:979771	2
NCBITaxon:979893	1
NCBITaxon:979894	1
NCBITaxon:979970	3
NCBITaxon:979981	1
NCBITaxon:980116	2
NCBITaxon:980239	1
NCBITaxon:980251	3
NCBITaxon:980252	1
NCBITaxon:980254	3
NCBITaxon:980271	2
NCBITaxon:980294	1
NCBITaxon:980347	4
NCBITaxon:980348	1
NCBITaxon:980422	1
NCBITaxon:980427	6
NCBITaxon:980499	1
NCBITaxon:980519	4
NCBITaxon:980561	1
NCBITaxon:980584	1
NCBITaxon:98059	1
NCBITaxon:980631	4
NCBITaxon:980691	1
NCBITaxon:981	7
NCBITaxon:981324	2
NCBITaxon:981325	1
NCBITaxon:981326	1
NCBITaxon:981327	3
NCBITaxon:981331	2
NCBITaxon:981332	1
NCBITaxon:981333	2
NCBITaxon:981334	5
NCBITaxon:981336	2
NCBITaxon:981350	1
NCBITaxon:981381	4
NCBITaxon:981384	62
NCBITaxon:981385	4
NCBITaxon:981386	5
NCBITaxon:981539	1
NCBITaxon:981563	4
NCBITaxon:98167	6
NCBITaxon:98187	8
NCBITaxon:982	4
NCBITaxon:98230	2
NCBITaxon:98233	2
NCBITaxon:98235	1
NCBITaxon:983	3
NCBITaxon:983328	1
NCBITaxon:98342	3
NCBITaxon:98344	1
NCBITaxon:98346	1
NCBITaxon:983506	1
NCBITaxon:98351	1
NCBITaxon:983545	1
NCBITaxon:983594	4
NCBITaxon:98360	184
NCBITaxon:983706	2
NCBITaxon:983873	4
NCBITaxon:983918	2
NCBITaxon:983919	1
NCBITaxon:983920	2
NCBITaxon:983975	6
NCBITaxon:984	4
NCBITaxon:98403	2
NCBITaxon:984092	2
NCBITaxon:984206	1
NCBITaxon:984211	1
NCBITaxon:984212	1
NCBITaxon:984213	1
NCBITaxon:984214	1
NCBITaxon:984215	1
NCBITaxon:984216	1
NCBITaxon:984217	1
NCBITaxon:984218	1
NCBITaxon:984219	1
NCBITaxon:984220	1
NCBITaxon:984221	1
NCBITaxon:984222	1
NCBITaxon:984223	1
NCBITaxon:984224	1
NCBITaxon:984225	1
NCBITaxon:984226	1
NCBITaxon:984227	1
NCBITaxon:984228	1
NCBITaxon:984229	1
NCBITaxon:984230	1
NCBITaxon:984231	1
NCBITaxon:984232	1
NCBITaxon:984233	1
NCBITaxon:984234	1
NCBITaxon:984235	1
NCBITaxon:984236	1
NCBITaxon:984237	1
NCBITaxon:984240	1
NCBITaxon:984241	1
NCBITaxon:984242	1
NCBITaxon:984243	1
NCBITaxon:984244	1
NCBITaxon:984245	1
NCBITaxon:984246	1
NCBITaxon:984247	1
NCBITaxon:984248	1
NCBITaxon:984249	1
NCBITaxon:984250	1
NCBITaxon:984251	1
NCBITaxon:984252	1
NCBITaxon:984253	1
NCBITaxon:984254	1
NCBITaxon:984260	4
NCBITaxon:984262	1
NCBITaxon:984307	7
NCBITaxon:984898	1
NCBITaxon:984962	3
NCBITaxon:985	12
NCBITaxon:985002	165
NCBITaxon:985006	1
NCBITaxon:985008	3
NCBITaxon:985012	3
NCBITaxon:985016	2
NCBITaxon:985043	4
NCBITaxon:985054	5
NCBITaxon:985055	5
NCBITaxon:985079	2
NCBITaxon:985087	1
NCBITaxon:98513	3
NCBITaxon:985148	1
NCBITaxon:985149	1
NCBITaxon:985250	5
NCBITaxon:985258	1
NCBITaxon:985665	1
NCBITaxon:985759	4
NCBITaxon:985762	32
NCBITaxon:985895	1
NCBITaxon:986	84
NCBITaxon:98667	1
NCBITaxon:98668	8
NCBITaxon:98671	7
NCBITaxon:986710	5
NCBITaxon:986711	6
NCBITaxon:98672	4
NCBITaxon:986730	1
NCBITaxon:986746	4
NCBITaxon:986946	1
NCBITaxon:987	5
NCBITaxon:987040	1
NCBITaxon:987045	1
NCBITaxon:987056	4
NCBITaxon:987059	2
NCBITaxon:987063	4
NCBITaxon:987066	3
NCBITaxon:98760	1
NCBITaxon:98765	2
NCBITaxon:98781	1
NCBITaxon:98785	2
NCBITaxon:98793	1
NCBITaxon:98794	1
NCBITaxon:988	4
NCBITaxon:98804	1
NCBITaxon:98861	1
NCBITaxon:988779	8
NCBITaxon:988801	2
NCBITaxon:988821	4
NCBITaxon:988827	4
NCBITaxon:989	16
NCBITaxon:989370	7
NCBITaxon:989403	3
NCBITaxon:989499	1
NCBITaxon:989973	2
NCBITaxon:99	2
NCBITaxon:990	4
NCBITaxon:99007	1
NCBITaxon:990078	4
NCBITaxon:990268	6
NCBITaxon:990271	6
NCBITaxon:990282	1
NCBITaxon:990285	2
NCBITaxon:990314	1
NCBITaxon:990316	3
NCBITaxon:990317	1
NCBITaxon:990371	3
NCBITaxon:990373	3
NCBITaxon:990412	1
NCBITaxon:990712	5
NCBITaxon:990719	134
NCBITaxon:990721	12
NCBITaxon:990925	1
NCBITaxon:990933	1
NCBITaxon:990998	1
NCBITaxon:991	4
NCBITaxon:991009	4
NCBITaxon:99117	4
NCBITaxon:991789	2
NCBITaxon:991906	1
NCBITaxon:991907	1
NCBITaxon:991908	1
NCBITaxon:991909	1
NCBITaxon:991910	2
NCBITaxon:991911	1
NCBITaxon:991912	1
NCBITaxon:991914	1
NCBITaxon:991915	2
NCBITaxon:991916	1
NCBITaxon:991918	1
NCBITaxon:991919	1
NCBITaxon:991920	1
NCBITaxon:991946	1
NCBITaxon:991969	1
NCBITaxon:991991	1
NCBITaxon:991993	1
NCBITaxon:991995	1
NCBITaxon:991996	1
NCBITaxon:992002	1
NCBITaxon:992003	1
NCBITaxon:992004	1
NCBITaxon:992005	1
NCBITaxon:992006	1
NCBITaxon:992007	1
NCBITaxon:992008	1
NCBITaxon:992012	1
NCBITaxon:992199	2
NCBITaxon:992267	5
NCBITaxon:992286	2
NCBITaxon:992287	5
NCBITaxon:992288	4
NCBITaxon:992289	1
NCBITaxon:992290	1
NCBITaxon:99286	5
NCBITaxon:99287	5
NCBITaxon:993070	3
NCBITaxon:993071	1
NCBITaxon:993073	4
NCBITaxon:993084	2
NCBITaxon:993086	2
NCBITaxon:993087	2
NCBITaxon:993414	3
NCBITaxon:993416	3
NCBITaxon:993502	3
NCBITaxon:993512	1
NCBITaxon:993689	3
NCBITaxon:993692	4
NCBITaxon:994086	1
NCBITaxon:994319	2
NCBITaxon:994320	2
NCBITaxon:994334	2
NCBITaxon:994335	1
NCBITaxon:994476	1
NCBITaxon:994478	1
NCBITaxon:994479	1
NCBITaxon:994484	1
NCBITaxon:99480	9
NCBITaxon:99481	3
NCBITaxon:994838	1
NCBITaxon:994854	4
NCBITaxon:995	7
NCBITaxon:995034	1
NCBITaxon:995037	1
NCBITaxon:995038	5
NCBITaxon:995039	1
NCBITaxon:995050	1
NCBITaxon:995053	2
NCBITaxon:995054	2
NCBITaxon:995059	2
NCBITaxon:995060	4
NCBITaxon:995062	3
NCBITaxon:995066	2
NCBITaxon:995084	3
NCBITaxon:99594	3
NCBITaxon:99597	2
NCBITaxon:996	49
NCBITaxon:996115	19
NCBITaxon:996166	2
NCBITaxon:996285	1
NCBITaxon:996342	4
NCBITaxon:99653	4
NCBITaxon:99655	1
NCBITaxon:996558	3
NCBITaxon:99656	3
NCBITaxon:996633	1
NCBITaxon:996634	1
NCBITaxon:996639	1
NCBITaxon:996641	3
NCBITaxon:99675	4
NCBITaxon:996765	3
NCBITaxon:996801	2
NCBITaxon:996802	1
NCBITaxon:996803	1
NCBITaxon:996804	1
NCBITaxon:996805	1
NCBITaxon:996808	1
NCBITaxon:996809	1
NCBITaxon:996810	1
NCBITaxon:996811	1
NCBITaxon:996812	1
NCBITaxon:996813	1
NCBITaxon:996814	1
NCBITaxon:996815	1
NCBITaxon:996816	1
NCBITaxon:996817	1
NCBITaxon:996818	1
NCBITaxon:996819	1
NCBITaxon:996820	1
NCBITaxon:996821	1
NCBITaxon:996822	3
NCBITaxon:996823	1
NCBITaxon:996824	1
NCBITaxon:996825	1
NCBITaxon:996826	1
NCBITaxon:996827	1
NCBITaxon:996828	1
NCBITaxon:996829	1
NCBITaxon:996830	1
NCBITaxon:996831	1
NCBITaxon:996832	1
NCBITaxon:996833	1
NCBITaxon:996834	1
NCBITaxon:996835	1
NCBITaxon:996836	1
NCBITaxon:996837	1
NCBITaxon:996838	1
NCBITaxon:996839	1
NCBITaxon:996840	1
NCBITaxon:996841	1
NCBITaxon:996842	1
NCBITaxon:996843	1
NCBITaxon:996844	1
NCBITaxon:996845	1
NCBITaxon:996846	1
NCBITaxon:996847	1
NCBITaxon:996848	1
NCBITaxon:996849	1
NCBITaxon:996850	1
NCBITaxon:996851	1
NCBITaxon:996852	1
NCBITaxon:996853	1
NCBITaxon:996854	1
NCBITaxon:996855	1
NCBITaxon:996856	1
NCBITaxon:996857	1
NCBITaxon:996858	1
NCBITaxon:996859	1
NCBITaxon:996860	1
NCBITaxon:996861	1
NCBITaxon:996862	1
NCBITaxon:996863	1
NCBITaxon:997	4
NCBITaxon:997328	1
NCBITaxon:997329	1
NCBITaxon:997330	1
NCBITaxon:997331	1
NCBITaxon:997332	1
NCBITaxon:997333	1
NCBITaxon:997334	1
NCBITaxon:997335	1
NCBITaxon:997336	1
NCBITaxon:997337	1
NCBITaxon:997338	1
NCBITaxon:997339	1
NCBITaxon:997340	1
NCBITaxon:997341	1
NCBITaxon:997342	1
NCBITaxon:997343	1
NCBITaxon:997344	1
NCBITaxon:997345	1
NCBITaxon:997347	1
NCBITaxon:997348	1
NCBITaxon:997349	1
NCBITaxon:997350	1
NCBITaxon:997355	2
NCBITaxon:997824	1
NCBITaxon:997825	1
NCBITaxon:998	30
NCBITaxon:99807	5
NCBITaxon:998089	1
NCBITaxon:998090	1
NCBITaxon:998091	1
NCBITaxon:998092	2
NCBITaxon:99822	17
NCBITaxon:998821	1
NCBITaxon:998822	1
NCBITaxon:998845	1
NCBITaxon:999	5
NCBITaxon:99900	1
NCBITaxon:99907	3
NCBITaxon:999183	5
NCBITaxon:99938	1
NCBITaxon:999380	1
NCBITaxon:999381	1
NCBITaxon:999403	1
NCBITaxon:999404	1
NCBITaxon:999405	1
NCBITaxon:999406	1
NCBITaxon:999407	1
NCBITaxon:999408	1
NCBITaxon:999409	1
NCBITaxon:999410	1
NCBITaxon:999413	1
NCBITaxon:999414	2
NCBITaxon:999415	2
NCBITaxon:999422	1
NCBITaxon:999542	2
NCBITaxon:999544	3
NCBITaxon:999545	4
NCBITaxon:999546	1
NCBITaxon:999548	1
NCBITaxon:999552	2
NCBITaxon:999627	5
NCBITaxon:999699	2
NCBITaxon:999700	1
NCBITaxon:999702	1
NCBITaxon:999810	1
NCBITaxon:999892	1
NCBITaxon:999894	3
NCBITaxon:999931	3
