taxon_id	assertion_count
NCBITaxon:100	4
NCBITaxon:100053	2
NCBITaxon:1000560	5
NCBITaxon:1000561	5
NCBITaxon:1000562	1
NCBITaxon:1000565	3
NCBITaxon:1000566	1
NCBITaxon:1000567	5
NCBITaxon:1000568	1
NCBITaxon:1000569	1
NCBITaxon:1000570	5
NCBITaxon:1000588	1
NCBITaxon:1000589	1
NCBITaxon:1000590	1
NCBITaxon:1000935	3
NCBITaxon:1000936	3
NCBITaxon:1000937	3
NCBITaxon:1000938	3
NCBITaxon:1000939	3
NCBITaxon:1000950	5
NCBITaxon:1000951	5
NCBITaxon:1000952	5
NCBITaxon:1000953	5
NCBITaxon:1001	1
NCBITaxon:1001223	1
NCBITaxon:1001224	1
NCBITaxon:1001240	11
NCBITaxon:100133	1
NCBITaxon:100134	2
NCBITaxon:1001530	1
NCBITaxon:1001534	5
NCBITaxon:1001542	1
NCBITaxon:1001582	4
NCBITaxon:1001585	6
NCBITaxon:1001586	5
NCBITaxon:1001587	5
NCBITaxon:1001588	5
NCBITaxon:1001589	5
NCBITaxon:1001590	5
NCBITaxon:1001591	5
NCBITaxon:1001592	5
NCBITaxon:1001593	5
NCBITaxon:1001594	5
NCBITaxon:1001595	2
NCBITaxon:1001596	5
NCBITaxon:1001597	5
NCBITaxon:1001598	5
NCBITaxon:1001599	5
NCBITaxon:1001600	1
NCBITaxon:1001601	5
NCBITaxon:1001602	5
NCBITaxon:1001603	5
NCBITaxon:1001704	1
NCBITaxon:1001705	1
NCBITaxon:1001706	1
NCBITaxon:1001707	1
NCBITaxon:1001708	1
NCBITaxon:1001709	1
NCBITaxon:1001710	1
NCBITaxon:1001711	1
NCBITaxon:1001712	1
NCBITaxon:1001713	1
NCBITaxon:1001714	1
NCBITaxon:1001715	1
NCBITaxon:1001716	1
NCBITaxon:1001717	1
NCBITaxon:1001718	1
NCBITaxon:1001719	1
NCBITaxon:1001720	1
NCBITaxon:1001721	1
NCBITaxon:1001722	1
NCBITaxon:1001723	1
NCBITaxon:1001724	1
NCBITaxon:1001725	1
NCBITaxon:1001726	1
NCBITaxon:1001727	1
NCBITaxon:1001728	1
NCBITaxon:1001729	1
NCBITaxon:1001730	1
NCBITaxon:1001731	1
NCBITaxon:1001732	1
NCBITaxon:1001733	1
NCBITaxon:1001734	1
NCBITaxon:1001735	1
NCBITaxon:1001736	1
NCBITaxon:1001737	1
NCBITaxon:1001738	1
NCBITaxon:1001739	1
NCBITaxon:100174	1
NCBITaxon:1001740	1
NCBITaxon:1001741	1
NCBITaxon:1001744	1
NCBITaxon:1001745	1
NCBITaxon:1001746	1
NCBITaxon:1001747	1
NCBITaxon:100177	2
NCBITaxon:1001986	5
NCBITaxon:1001987	5
NCBITaxon:1001988	1
NCBITaxon:1001989	2
NCBITaxon:1001990	1
NCBITaxon:1001991	1
NCBITaxon:1001992	1
NCBITaxon:1001994	2
NCBITaxon:1002	1
NCBITaxon:100225	3
NCBITaxon:100226	7
NCBITaxon:1002339	4
NCBITaxon:1002340	3
NCBITaxon:1002364	4
NCBITaxon:1002365	4
NCBITaxon:1002366	5
NCBITaxon:1002367	5
NCBITaxon:1002368	1
NCBITaxon:1002369	1
NCBITaxon:1002526	8
NCBITaxon:1002672	3
NCBITaxon:1002795	21
NCBITaxon:1002804	1
NCBITaxon:1002805	1
NCBITaxon:1002809	1
NCBITaxon:1002870	2
NCBITaxon:1003	2
NCBITaxon:1003091	14
NCBITaxon:1003092	7
NCBITaxon:1003110	4
NCBITaxon:1003181	3
NCBITaxon:1003195	1
NCBITaxon:1003200	4
NCBITaxon:1003201	1
NCBITaxon:1003202	1
NCBITaxon:1003237	3
NCBITaxon:1003238	3
NCBITaxon:1003239	5
NCBITaxon:100379	4
NCBITaxon:1004	3
NCBITaxon:1004149	1
NCBITaxon:1004151	5
NCBITaxon:1004152	1
NCBITaxon:1004153	5
NCBITaxon:1004156	2
NCBITaxon:1004261	15
NCBITaxon:1004279	16
NCBITaxon:1004304	24
NCBITaxon:1004316	2
NCBITaxon:1004326	5
NCBITaxon:100468	1
NCBITaxon:100469	3
NCBITaxon:1004785	5
NCBITaxon:1004786	5
NCBITaxon:1004787	5
NCBITaxon:1004788	5
NCBITaxon:1004836	5
NCBITaxon:1004951	1
NCBITaxon:1004952	1
NCBITaxon:1004953	1
NCBITaxon:1004954	6
NCBITaxon:1004955	5
NCBITaxon:1004956	5
NCBITaxon:1004957	5
NCBITaxon:1005041	1
NCBITaxon:1005042	1
NCBITaxon:1005043	1
NCBITaxon:1005046	1
NCBITaxon:1005048	6
NCBITaxon:1005057	1
NCBITaxon:1005058	1
NCBITaxon:1005090	1
NCBITaxon:1005395	3
NCBITaxon:1005396	1
NCBITaxon:1005397	1
NCBITaxon:1005398	1
NCBITaxon:1005399	1
NCBITaxon:1005400	1
NCBITaxon:1005401	1
NCBITaxon:1005402	1
NCBITaxon:1005403	1
NCBITaxon:1005404	1
NCBITaxon:1005405	1
NCBITaxon:1005406	1
NCBITaxon:1005407	1
NCBITaxon:1005408	1
NCBITaxon:1005410	1
NCBITaxon:1005411	1
NCBITaxon:1005412	1
NCBITaxon:1005413	1
NCBITaxon:1005414	1
NCBITaxon:1005415	1
NCBITaxon:1005416	1
NCBITaxon:1005418	1
NCBITaxon:1005419	1
NCBITaxon:1005420	1
NCBITaxon:1005421	1
NCBITaxon:1005422	1
NCBITaxon:1005423	1
NCBITaxon:1005424	1
NCBITaxon:1005430	1
NCBITaxon:1005431	1
NCBITaxon:1005432	1
NCBITaxon:1005433	1
NCBITaxon:1005434	1
NCBITaxon:1005435	1
NCBITaxon:1005436	1
NCBITaxon:1005437	1
NCBITaxon:1005438	1
NCBITaxon:1005439	1
NCBITaxon:1005440	1
NCBITaxon:1005441	1
NCBITaxon:1005442	1
NCBITaxon:1005443	1
NCBITaxon:1005444	1
NCBITaxon:1005445	1
NCBITaxon:1005446	1
NCBITaxon:1005447	1
NCBITaxon:1005448	1
NCBITaxon:1005449	1
NCBITaxon:1005450	1
NCBITaxon:1005451	1
NCBITaxon:1005452	1
NCBITaxon:1005453	1
NCBITaxon:1005454	1
NCBITaxon:1005455	1
NCBITaxon:1005456	1
NCBITaxon:1005457	1
NCBITaxon:1005458	1
NCBITaxon:1005459	1
NCBITaxon:1005460	1
NCBITaxon:1005461	1
NCBITaxon:1005462	1
NCBITaxon:1005463	1
NCBITaxon:1005464	1
NCBITaxon:1005465	1
NCBITaxon:1005466	1
NCBITaxon:1005467	1
NCBITaxon:1005468	1
NCBITaxon:1005469	1
NCBITaxon:1005470	2
NCBITaxon:1005471	1
NCBITaxon:1005472	2
NCBITaxon:1005473	1
NCBITaxon:1005474	2
NCBITaxon:1005475	1
NCBITaxon:1005476	1
NCBITaxon:1005477	2
NCBITaxon:1005478	1
NCBITaxon:1005479	2
NCBITaxon:1005480	2
NCBITaxon:1005481	1
NCBITaxon:1005482	2
NCBITaxon:1005483	2
NCBITaxon:1005484	2
NCBITaxon:1005485	2
NCBITaxon:1005486	2
NCBITaxon:1005487	1
NCBITaxon:1005488	1
NCBITaxon:1005489	2
NCBITaxon:1005490	1
NCBITaxon:1005491	2
NCBITaxon:1005492	1
NCBITaxon:1005493	1
NCBITaxon:1005494	1
NCBITaxon:1005495	1
NCBITaxon:1005496	1
NCBITaxon:1005497	1
NCBITaxon:1005498	2
NCBITaxon:1005499	1
NCBITaxon:1005500	1
NCBITaxon:1005501	1
NCBITaxon:1005502	1
NCBITaxon:1005503	1
NCBITaxon:1005504	1
NCBITaxon:1005505	2
NCBITaxon:1005506	2
NCBITaxon:1005507	1
NCBITaxon:1005508	1
NCBITaxon:1005509	1
NCBITaxon:1005510	1
NCBITaxon:1005511	2
NCBITaxon:1005512	1
NCBITaxon:1005513	1
NCBITaxon:1005514	2
NCBITaxon:1005515	1
NCBITaxon:1005516	1
NCBITaxon:1005517	1
NCBITaxon:1005518	1
NCBITaxon:1005519	1
NCBITaxon:1005520	1
NCBITaxon:1005521	1
NCBITaxon:1005522	1
NCBITaxon:1005523	1
NCBITaxon:1005524	1
NCBITaxon:1005526	1
NCBITaxon:1005527	1
NCBITaxon:1005528	1
NCBITaxon:1005529	1
NCBITaxon:1005530	1
NCBITaxon:1005531	1
NCBITaxon:1005532	1
NCBITaxon:1005533	1
NCBITaxon:1005534	1
NCBITaxon:1005535	1
NCBITaxon:1005536	1
NCBITaxon:1005537	1
NCBITaxon:1005538	2
NCBITaxon:1005539	2
NCBITaxon:1005540	1
NCBITaxon:1005541	2
NCBITaxon:1005542	2
NCBITaxon:1005543	2
NCBITaxon:1005544	2
NCBITaxon:1005545	2
NCBITaxon:1005546	2
NCBITaxon:1005547	2
NCBITaxon:1005548	1
NCBITaxon:1005549	2
NCBITaxon:1005550	2
NCBITaxon:1005551	2
NCBITaxon:1005552	2
NCBITaxon:1005553	2
NCBITaxon:1005554	2
NCBITaxon:1005555	2
NCBITaxon:1005556	1
NCBITaxon:1005557	1
NCBITaxon:1005558	1
NCBITaxon:1005559	1
NCBITaxon:1005560	2
NCBITaxon:1005561	1
NCBITaxon:1005562	1
NCBITaxon:1005563	1
NCBITaxon:1005564	2
NCBITaxon:1005565	1
NCBITaxon:1005566	1
NCBITaxon:1005567	1
NCBITaxon:1005703	6
NCBITaxon:1005704	1
NCBITaxon:1005705	1
NCBITaxon:1005706	1
NCBITaxon:1005740	12
NCBITaxon:1005925	27
NCBITaxon:1005926	14
NCBITaxon:1005928	13
NCBITaxon:1005941	3
NCBITaxon:1005944	17
NCBITaxon:1005945	15
NCBITaxon:1005994	1
NCBITaxon:1005995	1
NCBITaxon:1005996	4
NCBITaxon:1005999	4
NCBITaxon:1006	3
NCBITaxon:1006000	3
NCBITaxon:1006003	4
NCBITaxon:1006004	1
NCBITaxon:1006005	1
NCBITaxon:1006006	4
NCBITaxon:1006007	5
NCBITaxon:1006155	20
NCBITaxon:1006543	5
NCBITaxon:1006551	1
NCBITaxon:1006554	2
NCBITaxon:1006576	7
NCBITaxon:1006580	1
NCBITaxon:1006581	1
NCBITaxon:1006598	1
NCBITaxon:1007064	5
NCBITaxon:1007065	1
NCBITaxon:1007084	1
NCBITaxon:1007096	1
NCBITaxon:1007097	19
NCBITaxon:1007098	14
NCBITaxon:1007103	1
NCBITaxon:1007104	5
NCBITaxon:1007105	2
NCBITaxon:1007119	2
NCBITaxon:1007123	2
NCBITaxon:100716	3
NCBITaxon:1007511	15
NCBITaxon:1007516	16
NCBITaxon:100761	2
NCBITaxon:100762	5
NCBITaxon:1007654	1
NCBITaxon:1007656	1
NCBITaxon:100767	5
NCBITaxon:1007676	2
NCBITaxon:1007870	1
NCBITaxon:1007871	1
NCBITaxon:1008	2
NCBITaxon:1008297	1
NCBITaxon:1008298	1
NCBITaxon:1008308	8
NCBITaxon:1008452	1
NCBITaxon:1008453	1
NCBITaxon:1008454	1
NCBITaxon:1008457	1
NCBITaxon:1008459	1
NCBITaxon:1008460	6
NCBITaxon:100868	5
NCBITaxon:100884	1
NCBITaxon:100886	3
NCBITaxon:100901	2
NCBITaxon:1009370	4
NCBITaxon:1009426	2
NCBITaxon:1009464	3
NCBITaxon:1009714	3
NCBITaxon:1009845	1
NCBITaxon:1009846	5
NCBITaxon:1009852	2
NCBITaxon:1009853	2
NCBITaxon:1009854	2
NCBITaxon:1009856	1
NCBITaxon:1009857	1
NCBITaxon:1009858	1
NCBITaxon:1009859	1
NCBITaxon:1010	1
NCBITaxon:101059	1
NCBITaxon:1010610	11
NCBITaxon:1010611	1
NCBITaxon:101070	2
NCBITaxon:1010795	1
NCBITaxon:1010796	1
NCBITaxon:1010804	6
NCBITaxon:1010805	6
NCBITaxon:1010806	6
NCBITaxon:1010807	6
NCBITaxon:1010808	6
NCBITaxon:1010809	6
NCBITaxon:1010810	6
NCBITaxon:1010811	6
NCBITaxon:1010812	6
NCBITaxon:1010813	6
NCBITaxon:1010814	4
NCBITaxon:1010815	5
NCBITaxon:1010816	5
NCBITaxon:1010817	7
NCBITaxon:1010818	5
NCBITaxon:1010819	6
NCBITaxon:1010820	6
NCBITaxon:1010821	5
NCBITaxon:1010822	5
NCBITaxon:1010823	5
NCBITaxon:1010824	5
NCBITaxon:1010825	5
NCBITaxon:1010834	1
NCBITaxon:1010838	4
NCBITaxon:1010840	1
NCBITaxon:101192	10
NCBITaxon:101383	2
NCBITaxon:101385	4
NCBITaxon:1014	4
NCBITaxon:101489	2
NCBITaxon:1015	5
NCBITaxon:101510	8
NCBITaxon:101534	2
NCBITaxon:101564	4
NCBITaxon:101571	2
NCBITaxon:101689	5
NCBITaxon:1016998	7
NCBITaxon:1017	3
NCBITaxon:1017018	4
NCBITaxon:1017021	6
NCBITaxon:1017022	5
NCBITaxon:1017023	1
NCBITaxon:1017024	1
NCBITaxon:1017025	1
NCBITaxon:1017026	4
NCBITaxon:1017027	1
NCBITaxon:1017028	1
NCBITaxon:1017029	1
NCBITaxon:1017030	1
NCBITaxon:1017095	6
NCBITaxon:1017177	10
NCBITaxon:1017181	9
NCBITaxon:1017184	12
NCBITaxon:1017264	4
NCBITaxon:1017265	4
NCBITaxon:1017266	4
NCBITaxon:1017273	4
NCBITaxon:1017351	11
NCBITaxon:1018	4
NCBITaxon:1019	4
NCBITaxon:102	3
NCBITaxon:102109	3
NCBITaxon:102116	3
NCBITaxon:102125	4
NCBITaxon:102127	1
NCBITaxon:102129	7
NCBITaxon:102134	3
NCBITaxon:102148	3
NCBITaxon:102170	1
NCBITaxon:1022	3
NCBITaxon:102226	1
NCBITaxon:102227	2
NCBITaxon:102232	3
NCBITaxon:102235	3
NCBITaxon:1025	2
NCBITaxon:1026	1
NCBITaxon:102608	5
NCBITaxon:102616	1
NCBITaxon:102617	5
NCBITaxon:102618	5
NCBITaxon:102619	4
NCBITaxon:102684	5
NCBITaxon:1026882	3
NCBITaxon:1027	2
NCBITaxon:1027249	16
NCBITaxon:1027273	22
NCBITaxon:1027292	1
NCBITaxon:1027360	4
NCBITaxon:1027364	5
NCBITaxon:1027371	1
NCBITaxon:1027372	3
NCBITaxon:1027373	1
NCBITaxon:1027374	1
NCBITaxon:1027396	5
NCBITaxon:1027397	1
NCBITaxon:1027633	25
NCBITaxon:1027767	1
NCBITaxon:1028	1
NCBITaxon:1028307	2
NCBITaxon:1028381	5
NCBITaxon:1028490	1
NCBITaxon:1028566	1
NCBITaxon:1028567	1
NCBITaxon:102862	5
NCBITaxon:1028742	6
NCBITaxon:1028743	13
NCBITaxon:1028745	29
NCBITaxon:1028746	33
NCBITaxon:1028749	7
NCBITaxon:1028752	10
NCBITaxon:1028799	1
NCBITaxon:1028800	5
NCBITaxon:1028801	5
NCBITaxon:1028802	1
NCBITaxon:1028803	1
NCBITaxon:1028804	1
NCBITaxon:1028805	1
NCBITaxon:1028806	1
NCBITaxon:1028810	1
NCBITaxon:102884	15
NCBITaxon:102886	2
NCBITaxon:102891	5
NCBITaxon:102897	8
NCBITaxon:1029756	6
NCBITaxon:1029812	4
NCBITaxon:1029813	4
NCBITaxon:1029814	4
NCBITaxon:1029815	5
NCBITaxon:1029816	5
NCBITaxon:1029817	5
NCBITaxon:1029818	5
NCBITaxon:1029819	5
NCBITaxon:1029820	5
NCBITaxon:1029821	5
NCBITaxon:1029822	4
NCBITaxon:1029823	1
NCBITaxon:1029824	4
NCBITaxon:1029825	1
NCBITaxon:1029979	1
NCBITaxon:1029984	1
NCBITaxon:1029985	1
NCBITaxon:1029986	1
NCBITaxon:1029997	1
NCBITaxon:103	2
NCBITaxon:1030006	1
NCBITaxon:1030007	1
NCBITaxon:1030009	5
NCBITaxon:1030145	1
NCBITaxon:1030157	6
NCBITaxon:1030841	5
NCBITaxon:1030842	1
NCBITaxon:1030843	5
NCBITaxon:1031	2
NCBITaxon:1031224	23
NCBITaxon:1031273	7
NCBITaxon:1031535	4
NCBITaxon:1031536	4
NCBITaxon:1031537	18
NCBITaxon:1031538	5
NCBITaxon:1031541	16
NCBITaxon:1031542	7
NCBITaxon:1031564	4
NCBITaxon:1031594	10
NCBITaxon:1031709	5
NCBITaxon:1031710	2
NCBITaxon:1031711	4
NCBITaxon:1031733	4
NCBITaxon:1031739	1
NCBITaxon:1031746	2
NCBITaxon:1031752	2
NCBITaxon:1031753	1
NCBITaxon:1031754	4
NCBITaxon:1031920	1
NCBITaxon:1032066	4
NCBITaxon:1032067	4
NCBITaxon:1032069	1
NCBITaxon:1032070	3
NCBITaxon:1032071	3
NCBITaxon:1032072	2
NCBITaxon:1032238	1
NCBITaxon:1032239	2
NCBITaxon:1032240	2
NCBITaxon:1032241	4
NCBITaxon:1032242	4
NCBITaxon:1032243	4
NCBITaxon:103232	3
NCBITaxon:1032476	12
NCBITaxon:1032480	3
NCBITaxon:1032488	5
NCBITaxon:1032505	1
NCBITaxon:1032506	1
NCBITaxon:1032527	2
NCBITaxon:1032623	8
NCBITaxon:1032845	1
NCBITaxon:1032851	1
NCBITaxon:1032866	3
NCBITaxon:1032867	1
NCBITaxon:1032868	1
NCBITaxon:1032869	1
NCBITaxon:1033730	4
NCBITaxon:1033731	4
NCBITaxon:1033732	5
NCBITaxon:1033733	5
NCBITaxon:1033734	6
NCBITaxon:1033736	5
NCBITaxon:1033737	5
NCBITaxon:1033738	1
NCBITaxon:1033739	4
NCBITaxon:1033740	1
NCBITaxon:1033743	5
NCBITaxon:1033744	4
NCBITaxon:1033802	2
NCBITaxon:1033806	2
NCBITaxon:1033810	2
NCBITaxon:1033813	5
NCBITaxon:1033837	4
NCBITaxon:1033846	14
NCBITaxon:1033854	7
NCBITaxon:1033983	1
NCBITaxon:1033991	7
NCBITaxon:1033992	3
NCBITaxon:1033993	6
NCBITaxon:1033994	4
NCBITaxon:1034	3
NCBITaxon:1034015	2
NCBITaxon:1034345	4
NCBITaxon:1034346	5
NCBITaxon:1034347	5
NCBITaxon:103441	1
NCBITaxon:1034471	6
NCBITaxon:1034769	1
NCBITaxon:1034807	5
NCBITaxon:1034808	1
NCBITaxon:1034809	5
NCBITaxon:1034836	4
NCBITaxon:1034943	4
NCBITaxon:1034944	3
NCBITaxon:1035	4
NCBITaxon:1035116	1
NCBITaxon:1035117	1
NCBITaxon:1035120	5
NCBITaxon:1035184	1
NCBITaxon:1035185	1
NCBITaxon:1035187	1
NCBITaxon:1035188	1
NCBITaxon:1035189	1
NCBITaxon:1035190	1
NCBITaxon:1035191	3
NCBITaxon:1035193	5
NCBITaxon:1035194	1
NCBITaxon:1035195	1
NCBITaxon:1035196	5
NCBITaxon:1035197	2
NCBITaxon:1035308	4
NCBITaxon:1035377	2
NCBITaxon:1035707	12
NCBITaxon:1035817	4
NCBITaxon:1035839	4
NCBITaxon:1035890	20
NCBITaxon:1036133	9
NCBITaxon:1036171	4
NCBITaxon:1036172	5
NCBITaxon:1036177	1
NCBITaxon:1036179	1
NCBITaxon:103618	3
NCBITaxon:1036180	18
NCBITaxon:1036181	13
NCBITaxon:1036182	16
NCBITaxon:103621	7
NCBITaxon:1036672	3
NCBITaxon:1036673	3
NCBITaxon:1036674	3
NCBITaxon:1036677	7
NCBITaxon:1036678	9
NCBITaxon:1036679	8
NCBITaxon:1036735	5
NCBITaxon:1036738	1
NCBITaxon:1036743	1
NCBITaxon:1036778	4
NCBITaxon:1036779	5
NCBITaxon:1036780	3
NCBITaxon:103690	7
NCBITaxon:103725	1
NCBITaxon:103728	1
NCBITaxon:103729	1
NCBITaxon:103731	5
NCBITaxon:103732	3
NCBITaxon:1037320	20
NCBITaxon:103733	1
NCBITaxon:103734	2
NCBITaxon:1037362	2
NCBITaxon:1037377	8
NCBITaxon:1037382	13
NCBITaxon:1037409	6
NCBITaxon:1037410	1
NCBITaxon:1037411	4
NCBITaxon:1037889	1
NCBITaxon:1037890	5
NCBITaxon:1037908	5
NCBITaxon:1037911	4
NCBITaxon:1037915	4
NCBITaxon:103796	1
NCBITaxon:103808	1
NCBITaxon:103810	4
NCBITaxon:103815	2
NCBITaxon:103816	4
NCBITaxon:103817	4
NCBITaxon:103836	4
NCBITaxon:103837	1
NCBITaxon:103838	2
NCBITaxon:103855	4
NCBITaxon:1038693	16
NCBITaxon:1038844	5
NCBITaxon:1038845	17
NCBITaxon:1038856	8
NCBITaxon:1038858	6
NCBITaxon:1038859	7
NCBITaxon:1038860	7
NCBITaxon:1038861	6
NCBITaxon:1038862	7
NCBITaxon:1038863	7
NCBITaxon:1038864	6
NCBITaxon:1038866	7
NCBITaxon:1038867	8
NCBITaxon:1038869	7
NCBITaxon:1038870	7
NCBITaxon:1038904	11
NCBITaxon:103891	2
NCBITaxon:103892	3
NCBITaxon:1038921	5
NCBITaxon:1038922	4
NCBITaxon:1038923	4
NCBITaxon:1038924	4
NCBITaxon:1038927	3
NCBITaxon:1038928	14
NCBITaxon:1038929	1
NCBITaxon:104	3
NCBITaxon:1040638	5
NCBITaxon:104087	4
NCBITaxon:1040963	2
NCBITaxon:1040964	4
NCBITaxon:104097	1
NCBITaxon:1040978	7
NCBITaxon:1040979	7
NCBITaxon:104098	1
NCBITaxon:1040980	6
NCBITaxon:1040981	7
NCBITaxon:1040982	6
NCBITaxon:1040983	6
NCBITaxon:1040984	7
NCBITaxon:1040985	7
NCBITaxon:1040986	7
NCBITaxon:1040987	7
NCBITaxon:1040988	6
NCBITaxon:1040989	6
NCBITaxon:104099	1
NCBITaxon:104100	1
NCBITaxon:104101	1
NCBITaxon:104102	1
NCBITaxon:1041138	6
NCBITaxon:1041139	6
NCBITaxon:1041140	6
NCBITaxon:1041141	6
NCBITaxon:1041142	6
NCBITaxon:1041143	6
NCBITaxon:1041144	6
NCBITaxon:1041145	6
NCBITaxon:1041146	6
NCBITaxon:1041147	6
NCBITaxon:1041148	6
NCBITaxon:1041149	6
NCBITaxon:1041150	6
NCBITaxon:1041151	6
NCBITaxon:1041152	6
NCBITaxon:1041153	6
NCBITaxon:1041154	6
NCBITaxon:1041155	6
NCBITaxon:1041156	6
NCBITaxon:1041157	6
NCBITaxon:1041159	7
NCBITaxon:1041504	1
NCBITaxon:1041510	1
NCBITaxon:1041514	3
NCBITaxon:1041520	1
NCBITaxon:1041521	4
NCBITaxon:1041522	1
NCBITaxon:1041641	20
NCBITaxon:104176	4
NCBITaxon:1041826	5
NCBITaxon:1041930	8
NCBITaxon:1041939	1
NCBITaxon:104205	2
NCBITaxon:104206	2
NCBITaxon:1042156	2
NCBITaxon:1042160	1
NCBITaxon:1042163	4
NCBITaxon:1042209	6
NCBITaxon:1042326	1
NCBITaxon:1042375	1
NCBITaxon:1042376	2
NCBITaxon:1042377	1
NCBITaxon:1042378	1
NCBITaxon:1042399	1
NCBITaxon:1042400	1
NCBITaxon:1042402	1
NCBITaxon:1042403	4
NCBITaxon:1042404	1
NCBITaxon:1042417	3
NCBITaxon:1042418	1
NCBITaxon:104268	2
NCBITaxon:104269	2
NCBITaxon:104270	3
NCBITaxon:1042803	1
NCBITaxon:1042804	5
NCBITaxon:1042876	5
NCBITaxon:1042877	5
NCBITaxon:1042878	4
NCBITaxon:1043168	7
NCBITaxon:1043205	1
NCBITaxon:1043206	2
NCBITaxon:104336	2
NCBITaxon:1043493	19
NCBITaxon:1044	4
NCBITaxon:1044999	1
NCBITaxon:1045004	2
NCBITaxon:1045009	3
NCBITaxon:1045010	5
NCBITaxon:1045012	1
NCBITaxon:1045501	10
NCBITaxon:1045558	6
NCBITaxon:1045764	7
NCBITaxon:1045773	24
NCBITaxon:1045774	24
NCBITaxon:1045775	19
NCBITaxon:1045776	13
NCBITaxon:1045854	4
NCBITaxon:1045855	1
NCBITaxon:1045856	5
NCBITaxon:1045857	5
NCBITaxon:1045858	2
NCBITaxon:104608	1
NCBITaxon:104609	6
NCBITaxon:1046117	4
NCBITaxon:1046128	1
NCBITaxon:104623	3
NCBITaxon:1046240	5
NCBITaxon:104628	7
NCBITaxon:1046555	14
NCBITaxon:1046556	10
NCBITaxon:1046575	5
NCBITaxon:1046576	5
NCBITaxon:1046577	5
NCBITaxon:1046593	1
NCBITaxon:1046596	5
NCBITaxon:1046599	1
NCBITaxon:104662	4
NCBITaxon:1046624	5
NCBITaxon:1046625	6
NCBITaxon:1046626	4
NCBITaxon:1046627	5
NCBITaxon:1046629	5
NCBITaxon:104663	3
NCBITaxon:1046632	1
NCBITaxon:1046714	1
NCBITaxon:1047013	2
NCBITaxon:1048	3
NCBITaxon:1048205	1
NCBITaxon:1048221	18
NCBITaxon:1048245	5
NCBITaxon:1048254	1
NCBITaxon:1048256	1
NCBITaxon:1048259	1
NCBITaxon:1048260	1
NCBITaxon:1048261	1
NCBITaxon:1048262	5
NCBITaxon:1048264	1
NCBITaxon:1048265	1
NCBITaxon:1048266	1
NCBITaxon:1048331	21
NCBITaxon:1048332	5
NCBITaxon:1048334	1
NCBITaxon:1048335	1
NCBITaxon:1048339	2
NCBITaxon:1048340	2
NCBITaxon:1048357	9
NCBITaxon:1048380	6
NCBITaxon:1048394	11
NCBITaxon:1048396	10
NCBITaxon:1048680	1
NCBITaxon:1048681	1
NCBITaxon:1048689	5
NCBITaxon:1048753	11
NCBITaxon:1048758	2
NCBITaxon:1048765	5
NCBITaxon:1048808	1
NCBITaxon:1048830	1
NCBITaxon:1048834	5
NCBITaxon:1048983	1
NCBITaxon:1049	6
NCBITaxon:1049199	6
NCBITaxon:104955	1
NCBITaxon:1049563	1
NCBITaxon:1049564	1
NCBITaxon:1049565	1
NCBITaxon:1049759	1
NCBITaxon:1049762	1
NCBITaxon:1049765	1
NCBITaxon:1049766	1
NCBITaxon:1049767	1
NCBITaxon:1049773	1
NCBITaxon:1049776	1
NCBITaxon:1049780	1
NCBITaxon:1049781	1
NCBITaxon:1049782	1
NCBITaxon:1049786	1
NCBITaxon:1049789	1
NCBITaxon:1049790	1
NCBITaxon:1049795	1
NCBITaxon:1049801	1
NCBITaxon:1049802	1
NCBITaxon:1049803	1
NCBITaxon:1049804	1
NCBITaxon:1049805	1
NCBITaxon:1049806	1
NCBITaxon:1049807	1
NCBITaxon:1049814	1
NCBITaxon:1049815	1
NCBITaxon:1049819	1
NCBITaxon:1049820	1
NCBITaxon:1049821	1
NCBITaxon:1049902	1
NCBITaxon:1049903	1
NCBITaxon:1049904	1
NCBITaxon:1049905	1
NCBITaxon:1049906	1
NCBITaxon:1049907	1
NCBITaxon:1049908	1
NCBITaxon:1049909	1
NCBITaxon:1049910	1
NCBITaxon:1049911	1
NCBITaxon:1049912	1
NCBITaxon:1049913	1
NCBITaxon:1049920	1
NCBITaxon:1049921	1
NCBITaxon:1049922	1
NCBITaxon:1049923	1
NCBITaxon:1049924	1
NCBITaxon:1049925	1
NCBITaxon:1049926	1
NCBITaxon:1049927	1
NCBITaxon:1049928	1
NCBITaxon:1049929	1
NCBITaxon:1049930	1
NCBITaxon:1049931	1
NCBITaxon:1049932	1
NCBITaxon:1049933	1
NCBITaxon:1049934	1
NCBITaxon:1049935	1
NCBITaxon:1049936	1
NCBITaxon:1049937	1
NCBITaxon:1049938	1
NCBITaxon:1049939	1
NCBITaxon:1049940	1
NCBITaxon:1049941	1
NCBITaxon:1049942	1
NCBITaxon:1049943	1
NCBITaxon:1049944	1
NCBITaxon:1049945	1
NCBITaxon:1049946	1
NCBITaxon:1049947	1
NCBITaxon:1049961	1
NCBITaxon:1049962	1
NCBITaxon:1049964	1
NCBITaxon:1049966	1
NCBITaxon:1049968	1
NCBITaxon:1049969	1
NCBITaxon:1049970	1
NCBITaxon:1049971	1
NCBITaxon:1049972	3
NCBITaxon:1049973	1
NCBITaxon:1049974	1
NCBITaxon:1049976	1
NCBITaxon:1049977	1
NCBITaxon:1049978	1
NCBITaxon:1049979	1
NCBITaxon:1049980	1
NCBITaxon:1049981	1
NCBITaxon:1049982	1
NCBITaxon:1049983	1
NCBITaxon:1049984	1
NCBITaxon:1049985	1
NCBITaxon:1049986	1
NCBITaxon:1050	1
NCBITaxon:1050107	1
NCBITaxon:1050153	19
NCBITaxon:1050174	9
NCBITaxon:1050198	5
NCBITaxon:1050199	5
NCBITaxon:1050201	4
NCBITaxon:1050202	4
NCBITaxon:1050219	4
NCBITaxon:1050220	4
NCBITaxon:1050221	4
NCBITaxon:1050222	4
NCBITaxon:1050347	1
NCBITaxon:1050617	1
NCBITaxon:1050720	2
NCBITaxon:1051003	4
NCBITaxon:1051004	4
NCBITaxon:1051005	3
NCBITaxon:1051006	6
NCBITaxon:1051055	1
NCBITaxon:1051056	1
NCBITaxon:1051057	1
NCBITaxon:1051058	1
NCBITaxon:1051059	1
NCBITaxon:1051060	1
NCBITaxon:1051061	1
NCBITaxon:1051062	1
NCBITaxon:1051072	6
NCBITaxon:1051074	1
NCBITaxon:1051075	6
NCBITaxon:1051346	1
NCBITaxon:1051347	1
NCBITaxon:1051348	1
NCBITaxon:1051349	1
NCBITaxon:1051350	1
NCBITaxon:1051351	1
NCBITaxon:1051352	1
NCBITaxon:1051353	1
NCBITaxon:1051362	1
NCBITaxon:1051501	1
NCBITaxon:1051502	5
NCBITaxon:1051503	5
NCBITaxon:1051626	15
NCBITaxon:1051629	4
NCBITaxon:1051632	3
NCBITaxon:1051645	1
NCBITaxon:1051646	1
NCBITaxon:1051649	1
NCBITaxon:1051650	4
NCBITaxon:1051651	4
NCBITaxon:1051652	4
NCBITaxon:1051653	4
NCBITaxon:1051654	4
NCBITaxon:1051655	3
NCBITaxon:1051656	3
NCBITaxon:1051657	3
NCBITaxon:1051658	3
NCBITaxon:1051659	3
NCBITaxon:1051660	4
NCBITaxon:1051661	4
NCBITaxon:1051662	4
NCBITaxon:105179	4
NCBITaxon:1051972	3
NCBITaxon:1051973	4
NCBITaxon:1051974	5
NCBITaxon:1051981	3
NCBITaxon:1051985	1
NCBITaxon:1052	1
NCBITaxon:1052004	3
NCBITaxon:1052014	19
NCBITaxon:1052095	5
NCBITaxon:1052145	5
NCBITaxon:105219	3
NCBITaxon:1052257	8
NCBITaxon:1052258	17
NCBITaxon:1052259	12
NCBITaxon:1052260	18
NCBITaxon:105229	1
NCBITaxon:1052585	5
NCBITaxon:1052588	5
NCBITaxon:1052677	5
NCBITaxon:1052680	5
NCBITaxon:1052681	5
NCBITaxon:1052682	5
NCBITaxon:1052684	3
NCBITaxon:1053	4
NCBITaxon:1053166	1
NCBITaxon:1053167	1
NCBITaxon:1053168	1
NCBITaxon:1053169	1
NCBITaxon:1053170	1
NCBITaxon:1053171	1
NCBITaxon:1053172	1
NCBITaxon:1053173	1
NCBITaxon:1053174	1
NCBITaxon:1053175	1
NCBITaxon:1053176	1
NCBITaxon:1053177	1
NCBITaxon:1053178	1
NCBITaxon:1053179	1
NCBITaxon:1053180	1
NCBITaxon:1053181	1
NCBITaxon:1053182	1
NCBITaxon:1053183	1
NCBITaxon:1053184	1
NCBITaxon:1053185	1
NCBITaxon:1053186	1
NCBITaxon:1053187	1
NCBITaxon:1053188	1
NCBITaxon:1053189	1
NCBITaxon:1053190	1
NCBITaxon:1053191	1
NCBITaxon:1053192	1
NCBITaxon:1053193	1
NCBITaxon:1053194	1
NCBITaxon:1053195	1
NCBITaxon:1053196	1
NCBITaxon:1053197	1
NCBITaxon:1053198	1
NCBITaxon:1053199	1
NCBITaxon:1053200	1
NCBITaxon:1053201	1
NCBITaxon:1053202	1
NCBITaxon:1053203	1
NCBITaxon:1053204	1
NCBITaxon:1053205	1
NCBITaxon:1053206	1
NCBITaxon:1053207	1
NCBITaxon:1053208	1
NCBITaxon:1053209	1
NCBITaxon:1053210	1
NCBITaxon:1053211	1
NCBITaxon:1053212	1
NCBITaxon:1053213	1
NCBITaxon:1053214	1
NCBITaxon:1053215	1
NCBITaxon:1053216	1
NCBITaxon:1053217	1
NCBITaxon:1053218	1
NCBITaxon:1053219	1
NCBITaxon:1053220	1
NCBITaxon:1053221	1
NCBITaxon:1053222	1
NCBITaxon:1053223	1
NCBITaxon:1053224	1
NCBITaxon:1053225	1
NCBITaxon:1053226	1
NCBITaxon:1053227	1
NCBITaxon:1053228	1
NCBITaxon:1053229	1
NCBITaxon:1053230	1
NCBITaxon:1053231	1
NCBITaxon:1053232	1
NCBITaxon:1053233	1
NCBITaxon:1053234	1
NCBITaxon:1053235	1
NCBITaxon:1053236	1
NCBITaxon:1053237	1
NCBITaxon:1053238	1
NCBITaxon:1053239	1
NCBITaxon:1053240	1
NCBITaxon:1053241	1
NCBITaxon:1053242	1
NCBITaxon:1053243	1
NCBITaxon:1053244	1
NCBITaxon:1053245	1
NCBITaxon:1053246	1
NCBITaxon:1053247	1
NCBITaxon:1053248	1
NCBITaxon:1053249	1
NCBITaxon:1053250	1
NCBITaxon:1053547	11
NCBITaxon:1053551	2
NCBITaxon:1053647	6
NCBITaxon:1053648	1
NCBITaxon:1053687	5
NCBITaxon:1053688	4
NCBITaxon:1053692	3
NCBITaxon:1054	4
NCBITaxon:1054034	1
NCBITaxon:1054041	14
NCBITaxon:105420	1
NCBITaxon:1054202	10
NCBITaxon:1054213	1
NCBITaxon:1054217	4
NCBITaxon:105422	1
NCBITaxon:1054460	2
NCBITaxon:1054497	9
NCBITaxon:1054498	1
NCBITaxon:105483	1
NCBITaxon:1054832	1
NCBITaxon:1054860	6
NCBITaxon:1054862	1
NCBITaxon:1054947	3
NCBITaxon:1054962	1
NCBITaxon:1054996	1
NCBITaxon:1055104	21
NCBITaxon:1055325	1
NCBITaxon:1055328	5
NCBITaxon:1055352	4
NCBITaxon:1055355	10
NCBITaxon:1055466	12
NCBITaxon:1055487	9
NCBITaxon:1055521	4
NCBITaxon:1055524	3
NCBITaxon:1055526	1
NCBITaxon:1055527	1
NCBITaxon:1055528	1
NCBITaxon:1055529	1
NCBITaxon:1055530	1
NCBITaxon:1055531	1
NCBITaxon:1055532	1
NCBITaxon:1055533	4
NCBITaxon:1055534	4
NCBITaxon:1055535	1
NCBITaxon:1055537	1
NCBITaxon:1055539	1
NCBITaxon:1055540	4
NCBITaxon:1055541	4
NCBITaxon:1055542	4
NCBITaxon:1055543	4
NCBITaxon:1055544	4
NCBITaxon:1055545	4
NCBITaxon:105559	6
NCBITaxon:105560	14
NCBITaxon:1056112	3
NCBITaxon:105612	5
NCBITaxon:1056495	3
NCBITaxon:1056510	13
NCBITaxon:1056511	2
NCBITaxon:1056512	1
NCBITaxon:1056807	1
NCBITaxon:1056810	3
NCBITaxon:1056816	1
NCBITaxon:1056817	4
NCBITaxon:1056818	4
NCBITaxon:1056819	1
NCBITaxon:1056820	4
NCBITaxon:1056982	14
NCBITaxon:1057	2
NCBITaxon:1057002	7
NCBITaxon:105751	2
NCBITaxon:1058	1
NCBITaxon:105841	3
NCBITaxon:105842	5
NCBITaxon:105851	5
NCBITaxon:105972	2
NCBITaxon:105973	1
NCBITaxon:106	2
NCBITaxon:1061	12
NCBITaxon:106147	2
NCBITaxon:106207	7
NCBITaxon:106262	5
NCBITaxon:1063	15
NCBITaxon:106370	8
NCBITaxon:106411	12
NCBITaxon:106412	3
NCBITaxon:106413	15
NCBITaxon:1064514	4
NCBITaxon:1064515	4
NCBITaxon:1064516	7
NCBITaxon:1064517	6
NCBITaxon:1064518	6
NCBITaxon:1064535	3
NCBITaxon:1064537	1
NCBITaxon:1064539	5
NCBITaxon:1064541	3
NCBITaxon:1064542	3
NCBITaxon:1064543	3
NCBITaxon:1064544	3
NCBITaxon:1064545	3
NCBITaxon:1064546	3
NCBITaxon:1064547	3
NCBITaxon:1064548	3
NCBITaxon:1064549	3
NCBITaxon:1064550	3
NCBITaxon:1064551	3
NCBITaxon:106578	8
NCBITaxon:106588	1
NCBITaxon:106590	8
NCBITaxon:106592	4
NCBITaxon:1066	5
NCBITaxon:106648	11
NCBITaxon:106649	10
NCBITaxon:106654	4
NCBITaxon:1067	3
NCBITaxon:106847	3
NCBITaxon:1068608	1
NCBITaxon:1068614	1
NCBITaxon:1068615	5
NCBITaxon:1068616	1
NCBITaxon:1068617	5
NCBITaxon:1068618	5
NCBITaxon:1068619	5
NCBITaxon:1068620	5
NCBITaxon:1068621	5
NCBITaxon:1068622	1
NCBITaxon:1068623	1
NCBITaxon:1068624	1
NCBITaxon:1068975	1
NCBITaxon:1068978	6
NCBITaxon:1068979	6
NCBITaxon:1068980	6
NCBITaxon:1069	7
NCBITaxon:1069073	12
NCBITaxon:1069080	5
NCBITaxon:1069081	1
NCBITaxon:1069082	1
NCBITaxon:1069083	7
NCBITaxon:1069116	13
NCBITaxon:1069117	6
NCBITaxon:1069161	7
NCBITaxon:1069220	2
NCBITaxon:1069221	4
NCBITaxon:1069448	1
NCBITaxon:1069495	1
NCBITaxon:1069530	3
NCBITaxon:1069533	6
NCBITaxon:1069534	1
NCBITaxon:1069536	5
NCBITaxon:1069608	1
NCBITaxon:1069609	1
NCBITaxon:1069610	1
NCBITaxon:1069611	1
NCBITaxon:1069612	1
NCBITaxon:1069613	1
NCBITaxon:1069614	1
NCBITaxon:1069615	1
NCBITaxon:1069616	1
NCBITaxon:1069617	1
NCBITaxon:1069618	1
NCBITaxon:1069619	1
NCBITaxon:1069620	1
NCBITaxon:1069621	1
NCBITaxon:1069622	1
NCBITaxon:1069623	1
NCBITaxon:1069624	1
NCBITaxon:1069625	1
NCBITaxon:1069626	1
NCBITaxon:1069627	1
NCBITaxon:1069628	1
NCBITaxon:1069631	1
NCBITaxon:1069642	6
NCBITaxon:1069643	5
NCBITaxon:1069645	1
NCBITaxon:1069827	14
NCBITaxon:1069980	6
NCBITaxon:1069987	6
NCBITaxon:1070319	1
NCBITaxon:1070421	10
NCBITaxon:1070424	12
NCBITaxon:1070741	5
NCBITaxon:1070742	5
NCBITaxon:1070743	5
NCBITaxon:1070744	5
NCBITaxon:1070745	5
NCBITaxon:1070746	5
NCBITaxon:1070747	5
NCBITaxon:1070748	5
NCBITaxon:1070749	5
NCBITaxon:1070750	5
NCBITaxon:1070751	5
NCBITaxon:1070752	5
NCBITaxon:1070753	5
NCBITaxon:1070754	5
NCBITaxon:1070755	5
NCBITaxon:1070756	5
NCBITaxon:1070757	5
NCBITaxon:1070758	5
NCBITaxon:1070759	5
NCBITaxon:1070760	5
NCBITaxon:1070761	5
NCBITaxon:1070762	5
NCBITaxon:1070763	5
NCBITaxon:1070764	5
NCBITaxon:1070765	5
NCBITaxon:1070766	5
NCBITaxon:1070767	5
NCBITaxon:1070768	5
NCBITaxon:1070769	5
NCBITaxon:1070770	5
NCBITaxon:1070771	5
NCBITaxon:1070772	5
NCBITaxon:1070773	5
NCBITaxon:1070842	6
NCBITaxon:1070866	15
NCBITaxon:1070977	1
NCBITaxon:1070982	12
NCBITaxon:1071	8
NCBITaxon:1071052	8
NCBITaxon:1071053	22
NCBITaxon:1071054	17
NCBITaxon:1071072	7
NCBITaxon:1071073	7
NCBITaxon:1071078	7
NCBITaxon:1071079	7
NCBITaxon:1071080	7
NCBITaxon:1071085	7
NCBITaxon:1071390	6
NCBITaxon:1071391	5
NCBITaxon:1071395	7
NCBITaxon:1071400	4
NCBITaxon:1071401	3
NCBITaxon:1071402	3
NCBITaxon:1071403	2
NCBITaxon:1071404	3
NCBITaxon:1071679	33
NCBITaxon:1071753	1
NCBITaxon:1071754	1
NCBITaxon:1071755	1
NCBITaxon:1071756	1
NCBITaxon:1071757	1
NCBITaxon:1071758	1
NCBITaxon:1071759	1
NCBITaxon:1071760	1
NCBITaxon:1071761	1
NCBITaxon:1071762	1
NCBITaxon:1071763	1
NCBITaxon:1071764	1
NCBITaxon:1071765	1
NCBITaxon:1071766	1
NCBITaxon:1071767	1
NCBITaxon:1071768	1
NCBITaxon:1071769	1
NCBITaxon:1071770	1
NCBITaxon:1071771	1
NCBITaxon:1071772	1
NCBITaxon:1071773	1
NCBITaxon:1071774	1
NCBITaxon:1071775	1
NCBITaxon:1071776	1
NCBITaxon:1071777	1
NCBITaxon:1071778	1
NCBITaxon:1071779	1
NCBITaxon:1071780	1
NCBITaxon:1071781	1
NCBITaxon:1071782	1
NCBITaxon:1071783	1
NCBITaxon:1071886	6
NCBITaxon:1071918	9
NCBITaxon:1071947	7
NCBITaxon:1071969	1
NCBITaxon:1071983	2
NCBITaxon:1072256	3
NCBITaxon:1072459	5
NCBITaxon:1072463	18
NCBITaxon:1072467	2
NCBITaxon:1072568	6
NCBITaxon:1072569	6
NCBITaxon:1072570	7
NCBITaxon:1072571	6
NCBITaxon:1072572	6
NCBITaxon:1072575	1
NCBITaxon:1072576	2
NCBITaxon:1072583	1
NCBITaxon:1072681	1
NCBITaxon:1072685	5
NCBITaxon:1073253	14
NCBITaxon:107327	2
NCBITaxon:1073325	1
NCBITaxon:1073327	19
NCBITaxon:1073328	29
NCBITaxon:1073330	10
NCBITaxon:1073349	1
NCBITaxon:1073350	1
NCBITaxon:1073351	5
NCBITaxon:1073352	1
NCBITaxon:1073353	1
NCBITaxon:1073354	1
NCBITaxon:1073355	1
NCBITaxon:1073356	1
NCBITaxon:1073357	1
NCBITaxon:1073358	1
NCBITaxon:1073359	1
NCBITaxon:1073360	1
NCBITaxon:1073361	1
NCBITaxon:1073362	2
NCBITaxon:1073363	1
NCBITaxon:1073364	1
NCBITaxon:1073365	1
NCBITaxon:1073366	3
NCBITaxon:1073367	3
NCBITaxon:1073368	1
NCBITaxon:1073369	1
NCBITaxon:1073370	1
NCBITaxon:1073371	1
NCBITaxon:1073372	2
NCBITaxon:1073373	2
NCBITaxon:1073374	1
NCBITaxon:1073375	2
NCBITaxon:1073376	2
NCBITaxon:1073377	3
NCBITaxon:1073378	1
NCBITaxon:1073382	3
NCBITaxon:1073383	3
NCBITaxon:1073384	3
NCBITaxon:1073385	3
NCBITaxon:1073386	2
NCBITaxon:1073387	2
NCBITaxon:1073388	3
NCBITaxon:1073414	3
NCBITaxon:1073567	2
NCBITaxon:1073569	6
NCBITaxon:1073570	6
NCBITaxon:1073571	5
NCBITaxon:1073573	1
NCBITaxon:1073574	1
NCBITaxon:1073841	5
NCBITaxon:1073842	3
NCBITaxon:1073969	1
NCBITaxon:1073972	1
NCBITaxon:1073985	5
NCBITaxon:1073996	1
NCBITaxon:1073999	4
NCBITaxon:1074	3
NCBITaxon:107400	5
NCBITaxon:1074000	5
NCBITaxon:107401	2
NCBITaxon:1074049	3
NCBITaxon:1074052	5
NCBITaxon:1074053	5
NCBITaxon:1074054	5
NCBITaxon:1074055	5
NCBITaxon:1074056	5
NCBITaxon:1074057	5
NCBITaxon:1074058	5
NCBITaxon:1074059	5
NCBITaxon:1074060	5
NCBITaxon:1074061	5
NCBITaxon:1074062	5
NCBITaxon:1074063	5
NCBITaxon:1074064	5
NCBITaxon:1074065	5
NCBITaxon:1074066	5
NCBITaxon:1074067	5
NCBITaxon:1074068	6
NCBITaxon:1074069	5
NCBITaxon:1074070	5
NCBITaxon:1074071	5
NCBITaxon:1074072	5
NCBITaxon:1074073	5
NCBITaxon:1074074	5
NCBITaxon:1074076	5
NCBITaxon:1074077	5
NCBITaxon:1074078	5
NCBITaxon:1074079	5
NCBITaxon:1074080	5
NCBITaxon:1074081	5
NCBITaxon:1074082	5
NCBITaxon:1074083	5
NCBITaxon:1074084	5
NCBITaxon:1074085	5
NCBITaxon:1074086	5
NCBITaxon:1074088	5
NCBITaxon:1074089	5
NCBITaxon:1074090	5
NCBITaxon:1074092	4
NCBITaxon:1074093	4
NCBITaxon:1074094	5
NCBITaxon:1074095	4
NCBITaxon:1074100	4
NCBITaxon:1074101	4
NCBITaxon:1074102	4
NCBITaxon:1074104	4
NCBITaxon:1074105	4
NCBITaxon:1074106	4
NCBITaxon:1074107	4
NCBITaxon:1074108	4
NCBITaxon:1074109	4
NCBITaxon:1074111	4
NCBITaxon:1074112	4
NCBITaxon:1074113	4
NCBITaxon:1074114	4
NCBITaxon:1074115	4
NCBITaxon:1074116	4
NCBITaxon:1074117	5
NCBITaxon:1074118	4
NCBITaxon:1074119	4
NCBITaxon:1074120	4
NCBITaxon:1074121	4
NCBITaxon:1074122	4
NCBITaxon:1074123	4
NCBITaxon:1074124	4
NCBITaxon:1074125	4
NCBITaxon:1074126	4
NCBITaxon:1074127	4
NCBITaxon:1074128	4
NCBITaxon:1074129	1
NCBITaxon:1074130	4
NCBITaxon:1074132	6
NCBITaxon:1074133	5
NCBITaxon:1074134	4
NCBITaxon:1074135	4
NCBITaxon:1074136	4
NCBITaxon:1074137	4
NCBITaxon:1074138	4
NCBITaxon:1074139	5
NCBITaxon:1074140	4
NCBITaxon:1074142	5
NCBITaxon:1074143	4
NCBITaxon:1074144	4
NCBITaxon:1074146	4
NCBITaxon:1074148	4
NCBITaxon:1074149	4
NCBITaxon:1074150	5
NCBITaxon:1074151	4
NCBITaxon:1074152	5
NCBITaxon:1074153	4
NCBITaxon:1074154	4
NCBITaxon:1074155	4
NCBITaxon:1074156	4
NCBITaxon:1074157	4
NCBITaxon:1074158	5
NCBITaxon:1074159	4
NCBITaxon:1074160	4
NCBITaxon:1074161	4
NCBITaxon:1074162	4
NCBITaxon:1074163	4
NCBITaxon:1074164	4
NCBITaxon:1074165	4
NCBITaxon:1074166	4
NCBITaxon:1074167	4
NCBITaxon:1074168	4
NCBITaxon:1074169	4
NCBITaxon:1074170	4
NCBITaxon:1074171	4
NCBITaxon:1074173	4
NCBITaxon:1074175	4
NCBITaxon:1074176	4
NCBITaxon:1074177	4
NCBITaxon:1074178	4
NCBITaxon:1074179	4
NCBITaxon:1074180	4
NCBITaxon:1074181	4
NCBITaxon:1074182	4
NCBITaxon:1074183	4
NCBITaxon:1074184	4
NCBITaxon:1074185	4
NCBITaxon:1074186	4
NCBITaxon:1074189	6
NCBITaxon:1074190	4
NCBITaxon:1074191	4
NCBITaxon:1074233	7
NCBITaxon:1074252	1
NCBITaxon:1074293	1
NCBITaxon:1074311	7
NCBITaxon:1074451	1
NCBITaxon:1074453	1
NCBITaxon:1074454	3
NCBITaxon:1074467	18
NCBITaxon:1074482	1
NCBITaxon:1074485	1
NCBITaxon:1074486	1
NCBITaxon:1074488	4
NCBITaxon:1074493	2
NCBITaxon:1074494	5
NCBITaxon:1074495	3
NCBITaxon:1074496	4
NCBITaxon:1074497	4
NCBITaxon:1074498	4
NCBITaxon:1074499	4
NCBITaxon:1074500	4
NCBITaxon:1074501	4
NCBITaxon:1074502	4
NCBITaxon:1074503	4
NCBITaxon:1074504	4
NCBITaxon:1074505	4
NCBITaxon:1074506	4
NCBITaxon:1074507	4
NCBITaxon:1074508	4
NCBITaxon:1074509	4
NCBITaxon:1074510	4
NCBITaxon:1074511	4
NCBITaxon:1074512	4
NCBITaxon:1074513	4
NCBITaxon:1074515	4
NCBITaxon:1074516	4
NCBITaxon:1074517	4
NCBITaxon:1074518	4
NCBITaxon:1074519	4
NCBITaxon:1074520	4
NCBITaxon:1074521	4
NCBITaxon:1074522	4
NCBITaxon:1074523	4
NCBITaxon:1074524	4
NCBITaxon:1074525	4
NCBITaxon:1074526	4
NCBITaxon:1074527	4
NCBITaxon:1074528	4
NCBITaxon:1074529	4
NCBITaxon:1074530	4
NCBITaxon:1074531	3
NCBITaxon:1074532	3
NCBITaxon:1074533	3
NCBITaxon:1074534	3
NCBITaxon:1074535	3
NCBITaxon:1074536	3
NCBITaxon:1074537	1
NCBITaxon:1074538	4
NCBITaxon:1074539	4
NCBITaxon:1074540	4
NCBITaxon:1074541	4
NCBITaxon:1074889	2
NCBITaxon:1075	2
NCBITaxon:1075065	3
NCBITaxon:1075066	3
NCBITaxon:1075067	3
NCBITaxon:1075068	3
NCBITaxon:1075069	3
NCBITaxon:1075070	3
NCBITaxon:1075071	3
NCBITaxon:1075072	3
NCBITaxon:1075073	5
NCBITaxon:1075074	5
NCBITaxon:1075075	5
NCBITaxon:1075076	1
NCBITaxon:1075077	1
NCBITaxon:1075078	1
NCBITaxon:1075079	1
NCBITaxon:1075080	1
NCBITaxon:1075081	1
NCBITaxon:1075082	1
NCBITaxon:1075083	1
NCBITaxon:1075085	1
NCBITaxon:1075086	1
NCBITaxon:1075087	1
NCBITaxon:1075088	6
NCBITaxon:1075089	1
NCBITaxon:1075090	1
NCBITaxon:1075091	2
NCBITaxon:1075106	1
NCBITaxon:1075399	1
NCBITaxon:1075759	4
NCBITaxon:1075768	1
NCBITaxon:1076	11
NCBITaxon:1076124	9
NCBITaxon:1076125	10
NCBITaxon:1076126	11
NCBITaxon:1076135	4
NCBITaxon:1076137	5
NCBITaxon:1076138	6
NCBITaxon:107633	1
NCBITaxon:1076330	18
NCBITaxon:1076331	6
NCBITaxon:107635	1
NCBITaxon:107636	1
NCBITaxon:1076412	8
NCBITaxon:1076414	1
NCBITaxon:1076522	2
NCBITaxon:1076523	2
NCBITaxon:1076524	2
NCBITaxon:1076525	1
NCBITaxon:1076549	35
NCBITaxon:1076550	32
NCBITaxon:1076551	30
NCBITaxon:1076588	3
NCBITaxon:1076596	1
NCBITaxon:1076692	4
NCBITaxon:1076693	5
NCBITaxon:1076695	13
NCBITaxon:1076934	5
NCBITaxon:1076937	9
NCBITaxon:107709	3
NCBITaxon:1077143	6
NCBITaxon:1077144	3
NCBITaxon:1077255	1
NCBITaxon:1077256	6
NCBITaxon:1077282	5
NCBITaxon:1077285	4
NCBITaxon:1077464	14
NCBITaxon:1077675	14
NCBITaxon:1077936	11
NCBITaxon:1077942	7
NCBITaxon:1077947	6
NCBITaxon:1077972	1
NCBITaxon:1077974	1
NCBITaxon:1077975	1
NCBITaxon:1077976	1
NCBITaxon:1078001	5
NCBITaxon:1078002	4
NCBITaxon:1078003	4
NCBITaxon:1078004	4
NCBITaxon:1078005	4
NCBITaxon:1078011	4
NCBITaxon:1078013	4
NCBITaxon:1078016	4
NCBITaxon:1078018	4
NCBITaxon:1078020	1
NCBITaxon:1078021	2
NCBITaxon:1078029	4
NCBITaxon:1078030	4
NCBITaxon:1078031	4
NCBITaxon:1078032	2
NCBITaxon:1078033	4
NCBITaxon:1078034	3
NCBITaxon:1078035	4
NCBITaxon:1078050	6
NCBITaxon:107806	2
NCBITaxon:1078083	4
NCBITaxon:1078085	3
NCBITaxon:1078086	5
NCBITaxon:1078087	3
NCBITaxon:1078088	1
NCBITaxon:1078089	5
NCBITaxon:1078090	2
NCBITaxon:1078091	3
NCBITaxon:107819	1
NCBITaxon:107820	1
NCBITaxon:1078464	1
NCBITaxon:1078469	5
NCBITaxon:1078471	27
NCBITaxon:1078475	19
NCBITaxon:1078480	1
NCBITaxon:1078483	1
NCBITaxon:1078505	3
NCBITaxon:1078763	1
NCBITaxon:1078764	4
NCBITaxon:1078773	5
NCBITaxon:1078775	1
NCBITaxon:1078846	3
NCBITaxon:1078905	1
NCBITaxon:1079	7
NCBITaxon:1079060	3
NCBITaxon:1079109	18
NCBITaxon:1079178	4
NCBITaxon:1079179	4
NCBITaxon:1079364	5
NCBITaxon:1079454	6
NCBITaxon:1079455	6
NCBITaxon:1079460	6
NCBITaxon:1079466	7
NCBITaxon:1079467	7
NCBITaxon:1079475	1
NCBITaxon:1079476	1
NCBITaxon:1079479	7
NCBITaxon:1079752	5
NCBITaxon:1079753	5
NCBITaxon:1079754	5
NCBITaxon:1079755	5
NCBITaxon:1079756	5
NCBITaxon:1079757	5
NCBITaxon:1079800	33
NCBITaxon:1079859	34
NCBITaxon:1079984	1
NCBITaxon:1079985	1
NCBITaxon:1079986	1
NCBITaxon:1079987	3
NCBITaxon:1079988	5
NCBITaxon:1079994	2
NCBITaxon:108	3
NCBITaxon:1080	3
NCBITaxon:108003	1
NCBITaxon:1080068	5
NCBITaxon:108007	3
NCBITaxon:1080071	17
NCBITaxon:1080072	16
NCBITaxon:1080073	1
NCBITaxon:1080074	1
NCBITaxon:108015	2
NCBITaxon:1080179	7
NCBITaxon:1080187	7
NCBITaxon:1080221	14
NCBITaxon:1080225	1
NCBITaxon:1080228	4
NCBITaxon:1080229	4
NCBITaxon:1080230	4
NCBITaxon:108028	2
NCBITaxon:1080365	2
NCBITaxon:1080712	9
NCBITaxon:1081040	26
NCBITaxon:1081091	1
NCBITaxon:1081092	1
NCBITaxon:1081093	5
NCBITaxon:1081094	1
NCBITaxon:1081095	1
NCBITaxon:1081097	3
NCBITaxon:108150	6
NCBITaxon:1081613	1
NCBITaxon:1081640	1
NCBITaxon:1081644	2
NCBITaxon:1081646	6
NCBITaxon:1081647	1
NCBITaxon:1081659	1
NCBITaxon:1081736	1
NCBITaxon:1081782	1
NCBITaxon:1081790	1
NCBITaxon:1081799	1
NCBITaxon:1081887	1
NCBITaxon:1081888	2
NCBITaxon:1081889	2
NCBITaxon:1081890	2
NCBITaxon:1081891	1
NCBITaxon:1081892	1
NCBITaxon:1081893	1
NCBITaxon:1081894	2
NCBITaxon:1081895	2
NCBITaxon:1081896	1
NCBITaxon:1081904	1
NCBITaxon:1081905	1
NCBITaxon:1081927	4
NCBITaxon:1081940	2
NCBITaxon:1081942	1
NCBITaxon:1081943	4
NCBITaxon:1082	3
NCBITaxon:1082276	1
NCBITaxon:1082345	11
NCBITaxon:1082396	1
NCBITaxon:1082397	1
NCBITaxon:1082479	15
NCBITaxon:1082580	20
NCBITaxon:1082705	3
NCBITaxon:1082931	1
NCBITaxon:1082932	3
NCBITaxon:1082933	1
NCBITaxon:1082934	4
NCBITaxon:1083	3
NCBITaxon:108328	4
NCBITaxon:1084	3
NCBITaxon:1084226	5
NCBITaxon:1084227	3
NCBITaxon:1084228	3
NCBITaxon:1084229	3
NCBITaxon:1084230	3
NCBITaxon:1084231	3
NCBITaxon:1084232	3
NCBITaxon:1084233	3
NCBITaxon:1084234	3
NCBITaxon:108437	7
NCBITaxon:1084519	35
NCBITaxon:1084522	8
NCBITaxon:1084523	9
NCBITaxon:1084524	17
NCBITaxon:1084525	23
NCBITaxon:1084526	11
NCBITaxon:1084662	2
NCBITaxon:108486	2
NCBITaxon:1085	8
NCBITaxon:1085027	6
NCBITaxon:1085028	1
NCBITaxon:1085029	1
NCBITaxon:1085031	1
NCBITaxon:108528	1
NCBITaxon:1085379	5
NCBITaxon:1085386	5
NCBITaxon:1085388	5
NCBITaxon:1085389	5
NCBITaxon:1085538	1
NCBITaxon:1085540	1
NCBITaxon:1085541	1
NCBITaxon:1085542	1
NCBITaxon:1085543	1
NCBITaxon:1085544	1
NCBITaxon:1085545	1
NCBITaxon:1085546	1
NCBITaxon:1085547	1
NCBITaxon:1085548	1
NCBITaxon:1085549	1
NCBITaxon:1085550	1
NCBITaxon:1085623	5
NCBITaxon:1085628	1
NCBITaxon:1085630	2
NCBITaxon:1085647	1
NCBITaxon:1086011	2
NCBITaxon:1086014	5
NCBITaxon:1086030	1
NCBITaxon:1086032	5
NCBITaxon:1086033	5
NCBITaxon:1086034	5
NCBITaxon:1086036	5
NCBITaxon:1086393	1
NCBITaxon:1086703	12
NCBITaxon:1086726	1
NCBITaxon:1087053	1
NCBITaxon:1087332	19
NCBITaxon:1087440	1
NCBITaxon:1087441	1
NCBITaxon:1087442	1
NCBITaxon:1087443	1
NCBITaxon:1087444	1
NCBITaxon:1087445	1
NCBITaxon:1087446	5
NCBITaxon:1087447	6
NCBITaxon:1087448	7
NCBITaxon:1087449	13
NCBITaxon:1087451	4
NCBITaxon:1087452	3
NCBITaxon:1087453	3
NCBITaxon:1087454	3
NCBITaxon:1087468	5
NCBITaxon:1087469	5
NCBITaxon:1087470	5
NCBITaxon:1087479	1
NCBITaxon:1087481	3
NCBITaxon:1087483	5
NCBITaxon:1088	1
NCBITaxon:108819	4
NCBITaxon:1088540	1
NCBITaxon:1088541	1
NCBITaxon:1088542	1
NCBITaxon:1088543	1
NCBITaxon:1088544	1
NCBITaxon:1088719	5
NCBITaxon:1088720	4
NCBITaxon:1088721	8
NCBITaxon:1088740	1
NCBITaxon:1088767	1
NCBITaxon:1088868	6
NCBITaxon:1088869	5
NCBITaxon:1088872	4
NCBITaxon:1088873	5
NCBITaxon:1088874	1
NCBITaxon:1088875	5
NCBITaxon:1088877	1
NCBITaxon:1088879	1
NCBITaxon:1088880	1
NCBITaxon:1088881	1
NCBITaxon:1088883	2
NCBITaxon:1088884	1
NCBITaxon:1088885	1
NCBITaxon:1088886	1
NCBITaxon:1088888	6
NCBITaxon:1089299	3
NCBITaxon:1089300	1
NCBITaxon:1089305	1
NCBITaxon:1089432	1
NCBITaxon:1089433	1
NCBITaxon:1089435	1
NCBITaxon:1089436	1
NCBITaxon:1089437	1
NCBITaxon:1089438	1
NCBITaxon:1089439	7
NCBITaxon:1089442	1
NCBITaxon:1089443	3
NCBITaxon:1089444	5
NCBITaxon:1089445	1
NCBITaxon:1089446	4
NCBITaxon:1089447	6
NCBITaxon:1089453	1
NCBITaxon:1089454	1
NCBITaxon:1089455	1
NCBITaxon:1089456	1
NCBITaxon:1089544	6
NCBITaxon:1089545	6
NCBITaxon:1089546	2
NCBITaxon:1089547	1
NCBITaxon:1089548	2
NCBITaxon:1089549	3
NCBITaxon:1089550	1
NCBITaxon:1089551	1
NCBITaxon:1089552	3
NCBITaxon:1089553	5
NCBITaxon:1089683	2
NCBITaxon:108980	5
NCBITaxon:108981	3
NCBITaxon:1090316	1
NCBITaxon:1090317	1
NCBITaxon:1090318	1
NCBITaxon:1090319	4
NCBITaxon:1090320	1
NCBITaxon:1090321	2
NCBITaxon:1090322	4
NCBITaxon:1090375	3
NCBITaxon:1090379	3
NCBITaxon:109046	9
NCBITaxon:1090471	3
NCBITaxon:1090926	1
NCBITaxon:1090927	4
NCBITaxon:1090928	4
NCBITaxon:1090929	4
NCBITaxon:1090930	4
NCBITaxon:1090931	4
NCBITaxon:1090932	4
NCBITaxon:1090933	4
NCBITaxon:1090934	4
NCBITaxon:1090935	4
NCBITaxon:1090936	4
NCBITaxon:1090937	4
NCBITaxon:1090938	3
NCBITaxon:1090939	3
NCBITaxon:1090941	3
NCBITaxon:1090945	1
NCBITaxon:1090946	6
NCBITaxon:1090974	1
NCBITaxon:1091037	14
NCBITaxon:1091038	1
NCBITaxon:1091039	3
NCBITaxon:1091040	1
NCBITaxon:1091041	4
NCBITaxon:1091042	1
NCBITaxon:1091045	5
NCBITaxon:1091046	5
NCBITaxon:1091494	5
NCBITaxon:1091495	3
NCBITaxon:1091497	2
NCBITaxon:1091499	4
NCBITaxon:1091500	1
NCBITaxon:1091501	1
NCBITaxon:1091507	5
NCBITaxon:1092	3
NCBITaxon:109258	1
NCBITaxon:109263	1
NCBITaxon:1093097	1
NCBITaxon:1093098	2
NCBITaxon:1093099	3
NCBITaxon:109328	1
NCBITaxon:109329	1
NCBITaxon:109330	2
NCBITaxon:1093787	4
NCBITaxon:1093788	5
NCBITaxon:1093789	5
NCBITaxon:1093790	1
NCBITaxon:1094	3
NCBITaxon:1094167	1
NCBITaxon:1094168	1
NCBITaxon:1094169	1
NCBITaxon:1094170	1
NCBITaxon:1094171	1
NCBITaxon:1094174	1
NCBITaxon:1094175	4
NCBITaxon:1094176	4
NCBITaxon:1094177	4
NCBITaxon:1094178	4
NCBITaxon:1094180	1
NCBITaxon:1094181	1
NCBITaxon:1094182	3
NCBITaxon:1094183	3
NCBITaxon:1094184	3
NCBITaxon:1094185	3
NCBITaxon:1094186	3
NCBITaxon:1094187	3
NCBITaxon:1094188	2
NCBITaxon:1094342	2
NCBITaxon:1094466	4
NCBITaxon:1094469	1
NCBITaxon:1094470	1
NCBITaxon:1094471	1
NCBITaxon:1094472	1
NCBITaxon:1094473	1
NCBITaxon:1094474	1
NCBITaxon:1094475	1
NCBITaxon:1094476	1
NCBITaxon:1094477	1
NCBITaxon:1094478	1
NCBITaxon:1094479	1
NCBITaxon:1094480	1
NCBITaxon:1094481	1
NCBITaxon:1094482	1
NCBITaxon:1094483	1
NCBITaxon:1094484	1
NCBITaxon:1094485	1
NCBITaxon:1094486	1
NCBITaxon:1094487	1
NCBITaxon:1094488	1
NCBITaxon:1094489	2
NCBITaxon:1094491	1
NCBITaxon:1094492	1
NCBITaxon:1094496	1
NCBITaxon:1094497	2
NCBITaxon:1094502	2
NCBITaxon:1094506	7
NCBITaxon:1094508	4
NCBITaxon:1094509	1
NCBITaxon:1094551	2
NCBITaxon:1094552	2
NCBITaxon:1094553	3
NCBITaxon:1094554	2
NCBITaxon:1094555	3
NCBITaxon:1094556	3
NCBITaxon:1094557	2
NCBITaxon:1094558	2
NCBITaxon:1094559	3
NCBITaxon:1094560	2
NCBITaxon:1094561	2
NCBITaxon:1094562	3
NCBITaxon:1094563	3
NCBITaxon:1094564	2
NCBITaxon:109465	2
NCBITaxon:1094714	1
NCBITaxon:1094715	1
NCBITaxon:109472	3
NCBITaxon:1094755	5
NCBITaxon:1094894	1
NCBITaxon:1094930	1
NCBITaxon:1094951	1
NCBITaxon:1094955	1
NCBITaxon:1094958	1
NCBITaxon:1094960	1
NCBITaxon:1094965	1
NCBITaxon:1094970	1
NCBITaxon:1094971	1
NCBITaxon:1094979	2
NCBITaxon:1094980	3
NCBITaxon:1095025	17
NCBITaxon:1095026	20
NCBITaxon:1095103	5
NCBITaxon:1095191	1
NCBITaxon:1095383	5
NCBITaxon:1095552	1
NCBITaxon:1095638	1
NCBITaxon:1095639	1
NCBITaxon:1095640	1
NCBITaxon:1095641	1
NCBITaxon:1095642	1
NCBITaxon:1095643	1
NCBITaxon:1095644	1
NCBITaxon:1095645	1
NCBITaxon:1095646	1
NCBITaxon:1095647	1
NCBITaxon:1095648	1
NCBITaxon:1095649	1
NCBITaxon:1095650	1
NCBITaxon:1095651	1
NCBITaxon:1095652	1
NCBITaxon:1095653	1
NCBITaxon:1095654	1
NCBITaxon:1095655	1
NCBITaxon:1095656	1
NCBITaxon:1095657	1
NCBITaxon:1095658	1
NCBITaxon:1095659	1
NCBITaxon:1095660	1
NCBITaxon:1095661	1
NCBITaxon:1095662	1
NCBITaxon:1095665	1
NCBITaxon:1095666	1
NCBITaxon:1095667	1
NCBITaxon:1095668	1
NCBITaxon:1095669	1
NCBITaxon:1095670	1
NCBITaxon:1095671	1
NCBITaxon:1095672	1
NCBITaxon:1095673	1
NCBITaxon:1095674	1
NCBITaxon:1095675	1
NCBITaxon:1095676	1
NCBITaxon:1095677	1
NCBITaxon:1095678	1
NCBITaxon:1095679	1
NCBITaxon:1095680	1
NCBITaxon:1095681	1
NCBITaxon:1095682	1
NCBITaxon:1095683	1
NCBITaxon:1095684	1
NCBITaxon:1095685	1
NCBITaxon:1095686	1
NCBITaxon:1095687	1
NCBITaxon:1095688	1
NCBITaxon:1095689	1
NCBITaxon:1095690	1
NCBITaxon:1095691	1
NCBITaxon:1095692	1
NCBITaxon:1095693	1
NCBITaxon:1095694	1
NCBITaxon:1095695	1
NCBITaxon:1095696	1
NCBITaxon:1095697	1
NCBITaxon:1095698	1
NCBITaxon:1095699	1
NCBITaxon:1095700	1
NCBITaxon:1095701	1
NCBITaxon:1095709	1
NCBITaxon:1095713	4
NCBITaxon:1095714	4
NCBITaxon:1095718	4
NCBITaxon:1095719	4
NCBITaxon:1095720	4
NCBITaxon:1095721	4
NCBITaxon:1095722	4
NCBITaxon:1095723	4
NCBITaxon:1095727	1
NCBITaxon:1095729	1
NCBITaxon:1095730	1
NCBITaxon:1095731	1
NCBITaxon:1095733	1
NCBITaxon:1095734	1
NCBITaxon:1095735	1
NCBITaxon:1095736	1
NCBITaxon:1095737	1
NCBITaxon:1095738	1
NCBITaxon:1095739	1
NCBITaxon:1095740	1
NCBITaxon:1095741	1
NCBITaxon:1095742	1
NCBITaxon:1095743	1
NCBITaxon:1095744	1
NCBITaxon:1095745	1
NCBITaxon:1095746	1
NCBITaxon:1095747	1
NCBITaxon:1095748	1
NCBITaxon:1095749	1
NCBITaxon:1095750	1
NCBITaxon:1095752	1
NCBITaxon:1095767	4
NCBITaxon:1095768	5
NCBITaxon:1095769	5
NCBITaxon:1095770	4
NCBITaxon:1095771	5
NCBITaxon:1095772	5
NCBITaxon:1095773	1
NCBITaxon:1095774	5
NCBITaxon:1095777	8
NCBITaxon:1095778	6
NCBITaxon:1095805	2
NCBITaxon:1095900	2
NCBITaxon:1095923	1
NCBITaxon:1095955	5
NCBITaxon:1096	4
NCBITaxon:1096091	1
NCBITaxon:1096243	1
NCBITaxon:1096246	1
NCBITaxon:1096341	7
NCBITaxon:1096546	4
NCBITaxon:1096750	4
NCBITaxon:1096769	3
NCBITaxon:1096779	9
NCBITaxon:1096868	1
NCBITaxon:1096995	3
NCBITaxon:1096996	3
NCBITaxon:1096997	3
NCBITaxon:1097	7
NCBITaxon:1097322	10
NCBITaxon:1097579	4
NCBITaxon:1097667	20
NCBITaxon:1097668	3
NCBITaxon:1097669	1
NCBITaxon:1097670	4
NCBITaxon:1097673	4
NCBITaxon:1097676	1
NCBITaxon:1097677	1
NCBITaxon:109790	6
NCBITaxon:1098	2
NCBITaxon:1099853	10
NCBITaxon:11	3
NCBITaxon:110	2
NCBITaxon:1100	6
NCBITaxon:1100720	6
NCBITaxon:1100721	5
NCBITaxon:1100832	1
NCBITaxon:1100833	1
NCBITaxon:1100841	5
NCBITaxon:1100842	5
NCBITaxon:1100843	5
NCBITaxon:1100844	5
NCBITaxon:1100845	5
NCBITaxon:1100846	5
NCBITaxon:1100847	5
NCBITaxon:110101	2
NCBITaxon:1101188	1
NCBITaxon:1101189	1
NCBITaxon:1101190	2
NCBITaxon:1101191	1
NCBITaxon:1101192	2
NCBITaxon:1101193	1
NCBITaxon:1101195	1
NCBITaxon:1101373	14
NCBITaxon:1101402	25
NCBITaxon:1101440	4
NCBITaxon:110163	2
NCBITaxon:110164	1
NCBITaxon:1102	3
NCBITaxon:110319	7
NCBITaxon:110321	6
NCBITaxon:110322	2
NCBITaxon:1104320	5
NCBITaxon:1104321	5
NCBITaxon:1104322	3
NCBITaxon:1104324	7
NCBITaxon:1104326	1
NCBITaxon:1104678	4
NCBITaxon:1104679	4
NCBITaxon:1104680	4
NCBITaxon:1104681	4
NCBITaxon:1104682	4
NCBITaxon:1104683	4
NCBITaxon:1104684	4
NCBITaxon:1104685	4
NCBITaxon:110479	2
NCBITaxon:1104996	1
NCBITaxon:110500	6
NCBITaxon:1105029	1
NCBITaxon:1105030	1
NCBITaxon:1105031	1
NCBITaxon:1105032	1
NCBITaxon:110505	3
NCBITaxon:1105094	3
NCBITaxon:1105095	3
NCBITaxon:1105096	3
NCBITaxon:1105097	3
NCBITaxon:1105098	3
NCBITaxon:1105099	3
NCBITaxon:1105100	1
NCBITaxon:1105101	1
NCBITaxon:1105102	3
NCBITaxon:1105103	3
NCBITaxon:1105104	3
NCBITaxon:1105105	3
NCBITaxon:1105106	2
NCBITaxon:1105107	3
NCBITaxon:1105108	1
NCBITaxon:1105109	3
NCBITaxon:1105110	2
NCBITaxon:1105111	3
NCBITaxon:1105112	3
NCBITaxon:1105113	3
NCBITaxon:1105114	3
NCBITaxon:1105115	1
NCBITaxon:1105116	1
NCBITaxon:1105117	1
NCBITaxon:1105118	1
NCBITaxon:1105119	1
NCBITaxon:1105120	1
NCBITaxon:1105121	1
NCBITaxon:1105143	10
NCBITaxon:1105231	1
NCBITaxon:1105232	1
NCBITaxon:1105233	1
NCBITaxon:1105234	1
NCBITaxon:1105235	5
NCBITaxon:1105236	1
NCBITaxon:1105237	1
NCBITaxon:1105238	1
NCBITaxon:1105239	1
NCBITaxon:1105240	1
NCBITaxon:1105241	1
NCBITaxon:1105242	1
NCBITaxon:1105243	1
NCBITaxon:1105244	1
NCBITaxon:1105245	1
NCBITaxon:1105246	1
NCBITaxon:1105247	1
NCBITaxon:1105248	1
NCBITaxon:1105249	1
NCBITaxon:1105250	1
NCBITaxon:1105251	1
NCBITaxon:1105252	1
NCBITaxon:1105253	1
NCBITaxon:1105254	1
NCBITaxon:1105255	1
NCBITaxon:1105256	1
NCBITaxon:1105257	1
NCBITaxon:1105258	1
NCBITaxon:1105259	1
NCBITaxon:1105260	1
NCBITaxon:1105261	5
NCBITaxon:1105262	5
NCBITaxon:1105263	1
NCBITaxon:1105264	1
NCBITaxon:1105265	5
NCBITaxon:1105266	1
NCBITaxon:1105267	1
NCBITaxon:1105268	1
NCBITaxon:1105269	1
NCBITaxon:1105270	1
NCBITaxon:1105271	1
NCBITaxon:1105272	1
NCBITaxon:1105273	5
NCBITaxon:1105274	1
NCBITaxon:1105275	1
NCBITaxon:1105276	1
NCBITaxon:1105277	1
NCBITaxon:1105278	1
NCBITaxon:1105279	1
NCBITaxon:1105280	1
NCBITaxon:1105281	1
NCBITaxon:1105283	2
NCBITaxon:1105330	1
NCBITaxon:1105367	5
NCBITaxon:110578	1
NCBITaxon:110662	7
NCBITaxon:110663	1
NCBITaxon:1107311	5
NCBITaxon:1107316	8
NCBITaxon:1107544	2
NCBITaxon:1107880	5
NCBITaxon:1107881	1
NCBITaxon:1107882	2
NCBITaxon:1107884	4
NCBITaxon:1108	8
NCBITaxon:1108044	3
NCBITaxon:1108045	4
NCBITaxon:110845	8
NCBITaxon:1108595	6
NCBITaxon:1108801	14
NCBITaxon:1108812	4
NCBITaxon:1108963	5
NCBITaxon:1108964	3
NCBITaxon:1108967	4
NCBITaxon:1108968	4
NCBITaxon:1108969	4
NCBITaxon:1108970	3
NCBITaxon:1108971	1
NCBITaxon:1108972	4
NCBITaxon:1108973	4
NCBITaxon:1108974	1
NCBITaxon:110933	2
NCBITaxon:110935	2
NCBITaxon:110936	1
NCBITaxon:110937	1
NCBITaxon:1109412	21
NCBITaxon:1109438	3
NCBITaxon:1109442	1
NCBITaxon:1109445	6
NCBITaxon:1109739	4
NCBITaxon:1109740	6
NCBITaxon:1109741	4
NCBITaxon:1110	1
NCBITaxon:111015	3
NCBITaxon:1110389	2
NCBITaxon:1110502	4
NCBITaxon:1110503	5
NCBITaxon:1110504	5
NCBITaxon:1110505	5
NCBITaxon:1110509	5
NCBITaxon:1110545	6
NCBITaxon:1110546	6
NCBITaxon:1110688	14
NCBITaxon:1110693	4
NCBITaxon:1110694	2
NCBITaxon:1110697	2
NCBITaxon:1111041	14
NCBITaxon:111105	2
NCBITaxon:1111068	2
NCBITaxon:1111069	6
NCBITaxon:1111071	5
NCBITaxon:1111072	1
NCBITaxon:1111073	1
NCBITaxon:1111074	1
NCBITaxon:1111075	1
NCBITaxon:1111076	1
NCBITaxon:1111078	3
NCBITaxon:1111105	1
NCBITaxon:1111106	1
NCBITaxon:1111120	2
NCBITaxon:1111121	2
NCBITaxon:1111126	2
NCBITaxon:1111128	1
NCBITaxon:1111130	1
NCBITaxon:1111131	1
NCBITaxon:1111133	1
NCBITaxon:1111134	1
NCBITaxon:1111135	2
NCBITaxon:1111137	2
NCBITaxon:1111140	8
NCBITaxon:111143	3
NCBITaxon:1111454	1
NCBITaxon:1111473	12
NCBITaxon:1111479	6
NCBITaxon:1111676	2
NCBITaxon:1111677	2
NCBITaxon:1111678	6
NCBITaxon:1111728	6
NCBITaxon:1111729	6
NCBITaxon:1111730	4
NCBITaxon:1111731	2
NCBITaxon:1111732	6
NCBITaxon:1111733	4
NCBITaxon:1111734	3
NCBITaxon:1111735	4
NCBITaxon:1111736	1
NCBITaxon:1111737	2
NCBITaxon:1111738	2
NCBITaxon:1111760	18
NCBITaxon:1112	4
NCBITaxon:1112204	1
NCBITaxon:1112205	4
NCBITaxon:1112206	4
NCBITaxon:1112208	4
NCBITaxon:1112209	4
NCBITaxon:1112210	4
NCBITaxon:1112211	3
NCBITaxon:1112212	5
NCBITaxon:1112213	3
NCBITaxon:1112214	4
NCBITaxon:1112215	5
NCBITaxon:1112216	3
NCBITaxon:1112217	4
NCBITaxon:1112230	1
NCBITaxon:1112231	1
NCBITaxon:1112232	1
NCBITaxon:1112233	1
NCBITaxon:1112234	1
NCBITaxon:1112235	1
NCBITaxon:1112236	1
NCBITaxon:1112237	1
NCBITaxon:1112238	1
NCBITaxon:1112239	1
NCBITaxon:1112240	1
NCBITaxon:1112241	1
NCBITaxon:1112242	1
NCBITaxon:1112243	1
NCBITaxon:1112244	1
NCBITaxon:1112245	1
NCBITaxon:1112246	1
NCBITaxon:1112247	1
NCBITaxon:1112248	1
NCBITaxon:1112249	1
NCBITaxon:1112250	3
NCBITaxon:1112251	1
NCBITaxon:1112252	3
NCBITaxon:1112253	1
NCBITaxon:1112254	3
NCBITaxon:1112255	1
NCBITaxon:1112256	1
NCBITaxon:1112257	1
NCBITaxon:1112258	1
NCBITaxon:1112259	1
NCBITaxon:1112260	1
NCBITaxon:1112261	1
NCBITaxon:1112262	1
NCBITaxon:1112263	1
NCBITaxon:1112264	1
NCBITaxon:1112265	1
NCBITaxon:1112266	1
NCBITaxon:1112267	3
NCBITaxon:1112268	1
NCBITaxon:1112269	1
NCBITaxon:1112270	1
NCBITaxon:1112271	1
NCBITaxon:1112272	1
NCBITaxon:1112273	2
NCBITaxon:1112274	1
NCBITaxon:1112349	3
NCBITaxon:1112856	4
NCBITaxon:111291	2
NCBITaxon:1112911	8
NCBITaxon:1112912	5
NCBITaxon:111292	2
NCBITaxon:1113587	2
NCBITaxon:1114263	1
NCBITaxon:1114856	4
NCBITaxon:1114873	1
NCBITaxon:1114874	1
NCBITaxon:1114878	8
NCBITaxon:1114880	9
NCBITaxon:1114921	4
NCBITaxon:1114922	3
NCBITaxon:1114924	5
NCBITaxon:1114943	4
NCBITaxon:1114946	3
NCBITaxon:1114947	3
NCBITaxon:1114948	3
NCBITaxon:1114949	3
NCBITaxon:1114951	3
NCBITaxon:1114952	3
NCBITaxon:1114956	3
NCBITaxon:1114957	3
NCBITaxon:1114958	1
NCBITaxon:1114959	1
NCBITaxon:1114960	5
NCBITaxon:1114961	5
NCBITaxon:1114962	5
NCBITaxon:1114965	1
NCBITaxon:1114966	1
NCBITaxon:1114967	1
NCBITaxon:1114969	1
NCBITaxon:1114970	5
NCBITaxon:1114972	5
NCBITaxon:111501	3
NCBITaxon:111504	3
NCBITaxon:111519	1
NCBITaxon:1115511	3
NCBITaxon:1115512	5
NCBITaxon:1115515	3
NCBITaxon:1115632	1
NCBITaxon:111564	2
NCBITaxon:1115650	1
NCBITaxon:1115803	1
NCBITaxon:1115805	2
NCBITaxon:1115807	1
NCBITaxon:1115809	5
NCBITaxon:1115810	1
NCBITaxon:1115811	1
NCBITaxon:1115812	1
NCBITaxon:1115813	1
NCBITaxon:1115814	1
NCBITaxon:1115815	1
NCBITaxon:1115816	1
NCBITaxon:1115817	1
NCBITaxon:1115818	1
NCBITaxon:1115819	1
NCBITaxon:1115820	1
NCBITaxon:1115821	1
NCBITaxon:1115822	1
NCBITaxon:1115823	1
NCBITaxon:1115824	1
NCBITaxon:1115825	1
NCBITaxon:1115826	1
NCBITaxon:1115827	1
NCBITaxon:1115828	1
NCBITaxon:1115829	1
NCBITaxon:1115830	1
NCBITaxon:1115834	2
NCBITaxon:1115835	1
NCBITaxon:1115997	3
NCBITaxon:1115998	3
NCBITaxon:1115999	1
NCBITaxon:1116000	1
NCBITaxon:1116001	3
NCBITaxon:1116002	3
NCBITaxon:1116003	1
NCBITaxon:1116004	3
NCBITaxon:1116005	3
NCBITaxon:1116006	3
NCBITaxon:1116007	3
NCBITaxon:1116008	3
NCBITaxon:1116009	3
NCBITaxon:1116010	3
NCBITaxon:1116011	3
NCBITaxon:1116012	3
NCBITaxon:1116013	3
NCBITaxon:1116014	3
NCBITaxon:1116015	3
NCBITaxon:1116016	3
NCBITaxon:1116017	3
NCBITaxon:1116018	3
NCBITaxon:1116019	3
NCBITaxon:1116020	3
NCBITaxon:1116021	3
NCBITaxon:1116022	3
NCBITaxon:1116023	3
NCBITaxon:1116024	3
NCBITaxon:1116025	3
NCBITaxon:1116026	3
NCBITaxon:1116027	3
NCBITaxon:1116028	3
NCBITaxon:1116029	3
NCBITaxon:1116030	3
NCBITaxon:1116031	3
NCBITaxon:1116032	3
NCBITaxon:1116033	3
NCBITaxon:1116034	3
NCBITaxon:1116035	3
NCBITaxon:1116036	3
NCBITaxon:1116037	1
NCBITaxon:1116038	3
NCBITaxon:1116039	3
NCBITaxon:1116040	3
NCBITaxon:1116041	3
NCBITaxon:1116042	3
NCBITaxon:1116043	3
NCBITaxon:1116044	3
NCBITaxon:1116045	3
NCBITaxon:1116046	3
NCBITaxon:1116047	3
NCBITaxon:1116048	3
NCBITaxon:1116049	3
NCBITaxon:1116050	3
NCBITaxon:1116051	3
NCBITaxon:1116052	3
NCBITaxon:1116053	3
NCBITaxon:1116054	3
NCBITaxon:1116055	3
NCBITaxon:1116056	3
NCBITaxon:1116057	3
NCBITaxon:1116058	3
NCBITaxon:1116059	3
NCBITaxon:1116060	3
NCBITaxon:1116061	3
NCBITaxon:1116062	3
NCBITaxon:1116063	3
NCBITaxon:1116064	3
NCBITaxon:1116065	3
NCBITaxon:1116066	3
NCBITaxon:1116067	3
NCBITaxon:1116068	3
NCBITaxon:1116069	3
NCBITaxon:1116070	3
NCBITaxon:1116071	3
NCBITaxon:1116072	3
NCBITaxon:1116073	3
NCBITaxon:1116074	3
NCBITaxon:1116075	3
NCBITaxon:1116076	3
NCBITaxon:1116077	3
NCBITaxon:1116078	3
NCBITaxon:1116079	3
NCBITaxon:1116080	3
NCBITaxon:1116081	3
NCBITaxon:1116082	3
NCBITaxon:1116083	3
NCBITaxon:1116084	3
NCBITaxon:1116085	3
NCBITaxon:1116086	3
NCBITaxon:1116087	3
NCBITaxon:1116088	3
NCBITaxon:1116089	3
NCBITaxon:1116090	3
NCBITaxon:1116091	3
NCBITaxon:1116092	3
NCBITaxon:1116093	3
NCBITaxon:1116094	3
NCBITaxon:1116095	3
NCBITaxon:1116096	3
NCBITaxon:1116097	3
NCBITaxon:1116098	3
NCBITaxon:1116099	3
NCBITaxon:1116100	3
NCBITaxon:1116101	3
NCBITaxon:1116102	3
NCBITaxon:1116103	1
NCBITaxon:1116104	1
NCBITaxon:1116105	1
NCBITaxon:1116106	1
NCBITaxon:1116107	1
NCBITaxon:1116108	1
NCBITaxon:1116109	1
NCBITaxon:1116110	1
NCBITaxon:1116111	3
NCBITaxon:1116112	1
NCBITaxon:1116113	1
NCBITaxon:1116114	1
NCBITaxon:1116115	1
NCBITaxon:1116116	1
NCBITaxon:1116117	1
NCBITaxon:1116118	1
NCBITaxon:1116119	3
NCBITaxon:1116120	3
NCBITaxon:1116121	3
NCBITaxon:1116122	3
NCBITaxon:1116123	3
NCBITaxon:1116124	3
NCBITaxon:1116125	3
NCBITaxon:1116126	3
NCBITaxon:1116127	3
NCBITaxon:1116128	3
NCBITaxon:1116129	3
NCBITaxon:1116130	3
NCBITaxon:1116131	3
NCBITaxon:1116132	3
NCBITaxon:1116133	3
NCBITaxon:1116134	3
NCBITaxon:1116135	3
NCBITaxon:1116136	3
NCBITaxon:1116137	3
NCBITaxon:1116138	3
NCBITaxon:1116139	3
NCBITaxon:1116140	1
NCBITaxon:1116141	3
NCBITaxon:1116142	3
NCBITaxon:1116143	3
NCBITaxon:1116144	3
NCBITaxon:1116145	3
NCBITaxon:1116146	3
NCBITaxon:1116147	3
NCBITaxon:1116148	3
NCBITaxon:1116149	3
NCBITaxon:1116150	3
NCBITaxon:1116151	3
NCBITaxon:1116152	3
NCBITaxon:1116153	3
NCBITaxon:1116154	3
NCBITaxon:1116155	3
NCBITaxon:1116156	3
NCBITaxon:1116157	3
NCBITaxon:1116158	3
NCBITaxon:1116159	3
NCBITaxon:1116160	3
NCBITaxon:1116161	3
NCBITaxon:1116162	3
NCBITaxon:1116163	3
NCBITaxon:1116164	3
NCBITaxon:1116165	3
NCBITaxon:1116166	3
NCBITaxon:1116167	3
NCBITaxon:1116168	3
NCBITaxon:1116169	3
NCBITaxon:1116170	3
NCBITaxon:1116171	3
NCBITaxon:1116172	3
NCBITaxon:1116173	3
NCBITaxon:1116174	3
NCBITaxon:1116175	3
NCBITaxon:1116176	3
NCBITaxon:1116177	3
NCBITaxon:1116178	3
NCBITaxon:1116179	3
NCBITaxon:1116180	3
NCBITaxon:1116181	3
NCBITaxon:1116182	3
NCBITaxon:1116183	3
NCBITaxon:1116184	3
NCBITaxon:1116185	3
NCBITaxon:1116186	3
NCBITaxon:1116187	3
NCBITaxon:1116188	3
NCBITaxon:1116189	3
NCBITaxon:1116190	3
NCBITaxon:1116191	3
NCBITaxon:1116192	3
NCBITaxon:1116193	3
NCBITaxon:1116194	3
NCBITaxon:1116211	1
NCBITaxon:1116214	2
NCBITaxon:1116215	2
NCBITaxon:1116216	2
NCBITaxon:1116217	2
NCBITaxon:1116218	2
NCBITaxon:1116219	2
NCBITaxon:1116220	2
NCBITaxon:1116221	2
NCBITaxon:1116222	2
NCBITaxon:1116223	2
NCBITaxon:1116224	2
NCBITaxon:1116225	2
NCBITaxon:1116230	2
NCBITaxon:1116231	1
NCBITaxon:1116232	1
NCBITaxon:1116233	4
NCBITaxon:1116234	4
NCBITaxon:1116235	4
NCBITaxon:1116236	4
NCBITaxon:1116369	1
NCBITaxon:1116375	7
NCBITaxon:1116390	4
NCBITaxon:1116391	3
NCBITaxon:1116471	1
NCBITaxon:1116472	5
NCBITaxon:1116476	1
NCBITaxon:1116477	1
NCBITaxon:1117041	18
NCBITaxon:1117110	5
NCBITaxon:1117111	4
NCBITaxon:1117244	3
NCBITaxon:1117313	2
NCBITaxon:1117314	1
NCBITaxon:1117315	1
NCBITaxon:1117316	3
NCBITaxon:1117318	1
NCBITaxon:1117319	5
NCBITaxon:1117320	1
NCBITaxon:1117321	1
NCBITaxon:1117322	4
NCBITaxon:1117379	2
NCBITaxon:1117380	4
NCBITaxon:1117381	4
NCBITaxon:1117382	4
NCBITaxon:1117383	4
NCBITaxon:1117384	4
NCBITaxon:1117385	4
NCBITaxon:1117386	4
NCBITaxon:1117387	4
NCBITaxon:1117408	1
NCBITaxon:1117644	5
NCBITaxon:1117645	3
NCBITaxon:1117646	2
NCBITaxon:1117647	7
NCBITaxon:111769	2
NCBITaxon:111770	2
NCBITaxon:1117702	10
NCBITaxon:1117703	12
NCBITaxon:1117704	1
NCBITaxon:1117706	3
NCBITaxon:1117707	1
NCBITaxon:1117708	1
NCBITaxon:111773	1
NCBITaxon:111780	2
NCBITaxon:111781	6
NCBITaxon:1117941	6
NCBITaxon:1117942	4
NCBITaxon:1117943	1
NCBITaxon:1117944	4
NCBITaxon:1117945	4
NCBITaxon:1117946	4
NCBITaxon:1117947	4
NCBITaxon:1117948	4
NCBITaxon:1117949	4
NCBITaxon:1117950	4
NCBITaxon:1117951	4
NCBITaxon:1117952	4
NCBITaxon:1117953	4
NCBITaxon:1117954	4
NCBITaxon:1117958	4
NCBITaxon:111797	1
NCBITaxon:111802	2
NCBITaxon:111803	2
NCBITaxon:111805	4
NCBITaxon:1118054	5
NCBITaxon:1118056	1
NCBITaxon:1118057	4
NCBITaxon:1118058	1
NCBITaxon:1118059	4
NCBITaxon:111806	1
NCBITaxon:1118060	5
NCBITaxon:1118062	5
NCBITaxon:111807	1
NCBITaxon:1118153	5
NCBITaxon:1118154	2
NCBITaxon:1118156	1
NCBITaxon:1118157	1
NCBITaxon:1118158	1
NCBITaxon:1118159	1
NCBITaxon:1118202	1
NCBITaxon:1118235	4
NCBITaxon:1118236	2
NCBITaxon:111831	23
NCBITaxon:1118379	4
NCBITaxon:1118451	5
NCBITaxon:1118959	1
NCBITaxon:1118961	4
NCBITaxon:1118963	3
NCBITaxon:1118964	1
NCBITaxon:1118965	2
NCBITaxon:1119056	8
NCBITaxon:1119057	11
NCBITaxon:1119528	1
NCBITaxon:1119529	3
NCBITaxon:1119534	25
NCBITaxon:111955	3
NCBITaxon:112002	2
NCBITaxon:1120045	18
NCBITaxon:112009	3
NCBITaxon:1120227	1
NCBITaxon:1120568	5
NCBITaxon:1120792	1
NCBITaxon:1120795	1
NCBITaxon:1120797	4
NCBITaxon:1120917	5
NCBITaxon:1120918	1
NCBITaxon:1120919	4
NCBITaxon:1120920	3
NCBITaxon:1120921	1
NCBITaxon:1120923	1
NCBITaxon:1120924	3
NCBITaxon:1120925	3
NCBITaxon:1120926	3
NCBITaxon:1120927	3
NCBITaxon:1120928	4
NCBITaxon:1120929	3
NCBITaxon:1120930	3
NCBITaxon:1120931	4
NCBITaxon:1120932	6
NCBITaxon:1120933	4
NCBITaxon:1120934	1
NCBITaxon:1120935	6
NCBITaxon:1120936	4
NCBITaxon:1120937	4
NCBITaxon:1120938	16
NCBITaxon:1120941	5
NCBITaxon:1120942	6
NCBITaxon:1120943	5
NCBITaxon:1120944	3
NCBITaxon:1120945	7
NCBITaxon:1120946	6
NCBITaxon:1120947	6
NCBITaxon:1120948	6
NCBITaxon:1120949	3
NCBITaxon:1120950	3
NCBITaxon:1120951	1
NCBITaxon:1120952	6
NCBITaxon:1120953	7
NCBITaxon:1120954	1
NCBITaxon:1120955	4
NCBITaxon:1120956	4
NCBITaxon:1120957	6
NCBITaxon:1120958	5
NCBITaxon:1120959	4
NCBITaxon:1120960	3
NCBITaxon:1120961	4
NCBITaxon:1120962	5
NCBITaxon:1120963	6
NCBITaxon:1120964	3
NCBITaxon:1120965	6
NCBITaxon:1120966	7
NCBITaxon:1120967	1
NCBITaxon:1120968	6
NCBITaxon:1120969	1
NCBITaxon:1120970	6
NCBITaxon:1120971	6
NCBITaxon:1120972	6
NCBITaxon:1120973	1
NCBITaxon:1120975	6
NCBITaxon:1120976	1
NCBITaxon:1120977	5
NCBITaxon:1120978	5
NCBITaxon:1120979	1
NCBITaxon:1120980	5
NCBITaxon:1120981	5
NCBITaxon:1120983	4
NCBITaxon:1120984	6
NCBITaxon:1120985	5
NCBITaxon:1120986	1
NCBITaxon:1120987	5
NCBITaxon:1120988	6
NCBITaxon:1120989	5
NCBITaxon:1120990	4
NCBITaxon:1120991	5
NCBITaxon:1120992	6
NCBITaxon:1120994	11
NCBITaxon:1120995	4
NCBITaxon:1120996	5
NCBITaxon:1120997	2
NCBITaxon:1120998	5
NCBITaxon:1120999	4
NCBITaxon:1121000	11
NCBITaxon:1121001	5
NCBITaxon:1121002	6
NCBITaxon:1121003	5
NCBITaxon:1121004	5
NCBITaxon:1121006	5
NCBITaxon:1121007	6
NCBITaxon:1121008	4
NCBITaxon:1121009	3
NCBITaxon:1121010	3
NCBITaxon:1121011	6
NCBITaxon:1121012	6
NCBITaxon:1121013	5
NCBITaxon:1121014	5
NCBITaxon:1121015	6
NCBITaxon:1121016	7
NCBITaxon:1121017	5
NCBITaxon:1121018	5
NCBITaxon:1121019	5
NCBITaxon:1121020	3
NCBITaxon:1121021	4
NCBITaxon:1121022	4
NCBITaxon:1121023	5
NCBITaxon:1121024	6
NCBITaxon:1121025	5
NCBITaxon:1121026	5
NCBITaxon:1121027	7
NCBITaxon:1121028	6
NCBITaxon:1121029	4
NCBITaxon:1121030	4
NCBITaxon:1121032	1
NCBITaxon:1121033	3
NCBITaxon:1121034	4
NCBITaxon:1121035	1
NCBITaxon:1121084	17
NCBITaxon:1121085	7
NCBITaxon:1121086	6
NCBITaxon:1121087	7
NCBITaxon:1121088	5
NCBITaxon:1121089	4
NCBITaxon:1121090	6
NCBITaxon:1121091	5
NCBITaxon:1121092	6
NCBITaxon:1121093	6
NCBITaxon:1121094	5
NCBITaxon:1121096	5
NCBITaxon:1121097	6
NCBITaxon:1121098	6
NCBITaxon:1121099	6
NCBITaxon:1121100	6
NCBITaxon:1121101	3
NCBITaxon:1121102	5
NCBITaxon:1121103	5
NCBITaxon:1121104	5
NCBITaxon:1121106	4
NCBITaxon:1121107	5
NCBITaxon:1121108	6
NCBITaxon:1121109	3
NCBITaxon:1121110	4
NCBITaxon:1121111	4
NCBITaxon:1121112	6
NCBITaxon:1121114	5
NCBITaxon:1121115	3
NCBITaxon:1121116	5
NCBITaxon:1121117	3
NCBITaxon:1121118	4
NCBITaxon:1121119	1
NCBITaxon:1121120	2
NCBITaxon:1121121	3
NCBITaxon:1121122	6
NCBITaxon:1121123	5
NCBITaxon:1121124	1
NCBITaxon:1121125	1
NCBITaxon:1121126	5
NCBITaxon:1121127	5
NCBITaxon:1121128	1
NCBITaxon:1121129	6
NCBITaxon:1121130	1
NCBITaxon:1121131	2
NCBITaxon:1121132	5
NCBITaxon:1121252	19
NCBITaxon:1121255	4
NCBITaxon:1121256	4
NCBITaxon:1121257	5
NCBITaxon:1121259	4
NCBITaxon:1121262	5
NCBITaxon:1121263	5
NCBITaxon:1121264	4
NCBITaxon:1121266	5
NCBITaxon:1121267	5
NCBITaxon:1121268	5
NCBITaxon:1121269	4
NCBITaxon:1121270	4
NCBITaxon:1121271	5
NCBITaxon:1121272	6
NCBITaxon:1121274	5
NCBITaxon:1121275	1
NCBITaxon:1121276	16
NCBITaxon:1121278	4
NCBITaxon:1121279	5
NCBITaxon:1121280	6
NCBITaxon:1121283	1
NCBITaxon:1121284	4
NCBITaxon:1121285	6
NCBITaxon:1121286	5
NCBITaxon:1121287	6
NCBITaxon:1121288	5
NCBITaxon:1121289	5
NCBITaxon:1121290	5
NCBITaxon:1121291	5
NCBITaxon:1121293	5
NCBITaxon:1121294	3
NCBITaxon:1121296	5
NCBITaxon:1121297	3
NCBITaxon:1121298	17
NCBITaxon:1121301	5
NCBITaxon:1121302	4
NCBITaxon:1121303	3
NCBITaxon:1121304	5
NCBITaxon:1121306	4
NCBITaxon:1121307	5
NCBITaxon:1121308	5
NCBITaxon:1121312	4
NCBITaxon:1121314	5
NCBITaxon:1121315	5
NCBITaxon:1121316	5
NCBITaxon:1121317	5
NCBITaxon:1121318	5
NCBITaxon:1121319	5
NCBITaxon:1121320	5
NCBITaxon:1121322	5
NCBITaxon:1121323	5
NCBITaxon:1121324	8
NCBITaxon:1121325	4
NCBITaxon:1121326	5
NCBITaxon:1121328	5
NCBITaxon:1121331	4
NCBITaxon:1121333	3
NCBITaxon:1121334	4
NCBITaxon:1121335	6
NCBITaxon:1121336	4
NCBITaxon:1121338	4
NCBITaxon:1121342	5
NCBITaxon:1121344	5
NCBITaxon:1121345	5
NCBITaxon:1121346	1
NCBITaxon:1121347	6
NCBITaxon:1121348	5
NCBITaxon:1121349	5
NCBITaxon:1121350	4
NCBITaxon:1121351	3
NCBITaxon:1121352	3
NCBITaxon:1121353	6
NCBITaxon:1121354	5
NCBITaxon:1121355	5
NCBITaxon:1121356	6
NCBITaxon:1121357	4
NCBITaxon:1121358	7
NCBITaxon:1121360	5
NCBITaxon:1121362	7
NCBITaxon:1121363	4
NCBITaxon:1121364	5
NCBITaxon:1121365	4
NCBITaxon:1121366	5
NCBITaxon:1121367	1
NCBITaxon:1121368	4
NCBITaxon:1121369	1
NCBITaxon:1121370	6
NCBITaxon:1121371	3
NCBITaxon:1121372	1
NCBITaxon:1121373	1
NCBITaxon:1121374	5
NCBITaxon:1121375	4
NCBITaxon:1121377	1
NCBITaxon:1121378	5
NCBITaxon:1121379	6
NCBITaxon:1121380	4
NCBITaxon:1121381	4
NCBITaxon:1121382	5
NCBITaxon:1121383	4
NCBITaxon:1121385	6
NCBITaxon:1121386	5
NCBITaxon:1121387	5
NCBITaxon:1121388	7
NCBITaxon:1121389	4
NCBITaxon:1121390	6
NCBITaxon:1121391	6
NCBITaxon:1121392	6
NCBITaxon:1121393	5
NCBITaxon:1121394	7
NCBITaxon:1121395	5
NCBITaxon:1121396	7
NCBITaxon:1121398	4
NCBITaxon:1121399	6
NCBITaxon:112140	2
NCBITaxon:1121400	4
NCBITaxon:1121401	5
NCBITaxon:1121402	3
NCBITaxon:1121403	7
NCBITaxon:1121404	6
NCBITaxon:1121405	1
NCBITaxon:1121406	6
NCBITaxon:1121409	6
NCBITaxon:1121410	6
NCBITaxon:1121411	7
NCBITaxon:1121412	5
NCBITaxon:1121413	6
NCBITaxon:1121414	5
NCBITaxon:1121415	6
NCBITaxon:1121416	6
NCBITaxon:1121419	6
NCBITaxon:1121420	6
NCBITaxon:1121421	6
NCBITaxon:1121422	7
NCBITaxon:1121423	6
NCBITaxon:1121424	1
NCBITaxon:1121425	4
NCBITaxon:1121426	1
NCBITaxon:1121428	5
NCBITaxon:1121429	6
NCBITaxon:1121430	6
NCBITaxon:1121431	6
NCBITaxon:1121432	6
NCBITaxon:1121433	6
NCBITaxon:1121434	6
NCBITaxon:1121435	7
NCBITaxon:1121436	7
NCBITaxon:1121438	6
NCBITaxon:1121439	6
NCBITaxon:1121440	6
NCBITaxon:1121441	7
NCBITaxon:1121442	5
NCBITaxon:1121443	6
NCBITaxon:1121444	1
NCBITaxon:1121445	5
NCBITaxon:1121447	4
NCBITaxon:1121448	6
NCBITaxon:1121449	6
NCBITaxon:1121450	5
NCBITaxon:1121451	7
NCBITaxon:1121452	4
NCBITaxon:1121453	8
NCBITaxon:1121454	1
NCBITaxon:1121455	4
NCBITaxon:1121456	8
NCBITaxon:1121457	6
NCBITaxon:1121458	6
NCBITaxon:1121459	8
NCBITaxon:1121460	5
NCBITaxon:1121461	6
NCBITaxon:1121462	6
NCBITaxon:1121463	6
NCBITaxon:1121465	5
NCBITaxon:1121466	7
NCBITaxon:1121467	7
NCBITaxon:1121468	7
NCBITaxon:1121472	8
NCBITaxon:1121476	7
NCBITaxon:1121477	5
NCBITaxon:1121478	5
NCBITaxon:1121479	6
NCBITaxon:1121480	6
NCBITaxon:1121481	6
NCBITaxon:1121482	6
NCBITaxon:1121483	4
NCBITaxon:1121484	5
NCBITaxon:1121485	4
NCBITaxon:1121721	14
NCBITaxon:1121830	11
NCBITaxon:1121832	17
NCBITaxon:1121859	6
NCBITaxon:1121860	3
NCBITaxon:1121861	6
NCBITaxon:1121862	6
NCBITaxon:1121863	5
NCBITaxon:1121864	6
NCBITaxon:1121865	3
NCBITaxon:1121866	5
NCBITaxon:1121867	5
NCBITaxon:1121868	4
NCBITaxon:1121869	4
NCBITaxon:1121870	5
NCBITaxon:1121871	5
NCBITaxon:1121872	4
NCBITaxon:1121873	5
NCBITaxon:1121874	4
NCBITaxon:1121875	5
NCBITaxon:1121877	5
NCBITaxon:1121878	6
NCBITaxon:1121879	7
NCBITaxon:1121880	5
NCBITaxon:1121881	7
NCBITaxon:1121882	4
NCBITaxon:1121883	5
NCBITaxon:1121884	4
NCBITaxon:1121885	4
NCBITaxon:1121886	4
NCBITaxon:1121887	2
NCBITaxon:1121888	5
NCBITaxon:1121889	6
NCBITaxon:1121890	8
NCBITaxon:1121891	5
NCBITaxon:1121894	5
NCBITaxon:1121895	6
NCBITaxon:1121896	5
NCBITaxon:1121897	5
NCBITaxon:1121898	5
NCBITaxon:1121899	5
NCBITaxon:1121901	5
NCBITaxon:1121902	2
NCBITaxon:1121903	2
NCBITaxon:1121904	4
NCBITaxon:1121909	7
NCBITaxon:1121910	6
NCBITaxon:1121911	7
NCBITaxon:1121912	4
NCBITaxon:1121914	4
NCBITaxon:1121915	8
NCBITaxon:1121917	6
NCBITaxon:1121918	5
NCBITaxon:1121919	5
NCBITaxon:1121920	5
NCBITaxon:1121921	5
NCBITaxon:1121922	4
NCBITaxon:1121923	5
NCBITaxon:1121924	5
NCBITaxon:1121925	2
NCBITaxon:1121926	2
NCBITaxon:1121927	6
NCBITaxon:1121928	5
NCBITaxon:1121929	8
NCBITaxon:1121930	6
NCBITaxon:1121931	5
NCBITaxon:1121932	5
NCBITaxon:1121933	5
NCBITaxon:1121934	7
NCBITaxon:1121935	5
NCBITaxon:1121936	5
NCBITaxon:1121937	4
NCBITaxon:1121938	7
NCBITaxon:1121939	6
NCBITaxon:1121940	6
NCBITaxon:1121941	3
NCBITaxon:1121942	5
NCBITaxon:1121943	8
NCBITaxon:1121945	5
NCBITaxon:1121946	4
NCBITaxon:1121947	5
NCBITaxon:1121948	5
NCBITaxon:1121949	5
NCBITaxon:1121950	5
NCBITaxon:1121952	7
NCBITaxon:1121953	6
NCBITaxon:1121955	5
NCBITaxon:1121957	5
NCBITaxon:1121959	5
NCBITaxon:1121960	19
NCBITaxon:1121961	23
NCBITaxon:1122124	6
NCBITaxon:1122125	4
NCBITaxon:1122128	5
NCBITaxon:1122129	7
NCBITaxon:1122130	4
NCBITaxon:1122131	5
NCBITaxon:1122132	5
NCBITaxon:1122133	4
NCBITaxon:1122134	6
NCBITaxon:1122135	7
NCBITaxon:1122136	5
NCBITaxon:1122137	5
NCBITaxon:1122138	4
NCBITaxon:1122139	5
NCBITaxon:1122142	5
NCBITaxon:1122143	6
NCBITaxon:1122146	6
NCBITaxon:1122147	6
NCBITaxon:1122148	3
NCBITaxon:1122149	5
NCBITaxon:1122150	3
NCBITaxon:1122151	5
NCBITaxon:1122152	5
NCBITaxon:1122153	5
NCBITaxon:1122154	5
NCBITaxon:1122155	5
NCBITaxon:1122156	3
NCBITaxon:1122157	6
NCBITaxon:1122158	6
NCBITaxon:1122159	5
NCBITaxon:1122160	4
NCBITaxon:1122161	4
NCBITaxon:1122162	4
NCBITaxon:1122163	2
NCBITaxon:1122164	3
NCBITaxon:1122165	3
NCBITaxon:1122167	3
NCBITaxon:1122169	4
NCBITaxon:1122170	3
NCBITaxon:1122171	6
NCBITaxon:1122172	6
NCBITaxon:1122173	5
NCBITaxon:1122174	6
NCBITaxon:1122175	6
NCBITaxon:1122176	4
NCBITaxon:1122179	4
NCBITaxon:1122180	6
NCBITaxon:1122181	7
NCBITaxon:1122182	6
NCBITaxon:1122183	3
NCBITaxon:1122184	5
NCBITaxon:1122185	4
NCBITaxon:1122187	5
NCBITaxon:1122188	4
NCBITaxon:1122189	5
NCBITaxon:1122190	6
NCBITaxon:1122191	4
NCBITaxon:1122192	5
NCBITaxon:1122194	5
NCBITaxon:1122195	5
NCBITaxon:1122197	5
NCBITaxon:1122198	4
NCBITaxon:1122200	4
NCBITaxon:1122201	4
NCBITaxon:1122202	5
NCBITaxon:1122203	6
NCBITaxon:1122204	20
NCBITaxon:1122206	4
NCBITaxon:1122207	5
NCBITaxon:1122209	6
NCBITaxon:1122211	6
NCBITaxon:1122212	6
NCBITaxon:1122213	4
NCBITaxon:1122214	7
NCBITaxon:1122215	5
NCBITaxon:1122216	5
NCBITaxon:1122217	5
NCBITaxon:1122218	4
NCBITaxon:1122219	3
NCBITaxon:1122221	4
NCBITaxon:1122222	5
NCBITaxon:1122223	7
NCBITaxon:1122224	4
NCBITaxon:1122225	5
NCBITaxon:1122226	5
NCBITaxon:1122227	5
NCBITaxon:1122228	3
NCBITaxon:1122230	4
NCBITaxon:1122231	5
NCBITaxon:1122233	5
NCBITaxon:1122234	5
NCBITaxon:1122235	4
NCBITaxon:1122236	5
NCBITaxon:1122237	5
NCBITaxon:1122238	2
NCBITaxon:1122239	5
NCBITaxon:1122240	6
NCBITaxon:1122243	4
NCBITaxon:1122244	4
NCBITaxon:1122245	2
NCBITaxon:1122246	4
NCBITaxon:1122247	2
NCBITaxon:1122248	2
NCBITaxon:1122249	2
NCBITaxon:1122252	10
NCBITaxon:1122261	1
NCBITaxon:112234	2
NCBITaxon:112248	1
NCBITaxon:1122599	6
NCBITaxon:1122600	4
NCBITaxon:1122601	5
NCBITaxon:1122602	4
NCBITaxon:1122603	3
NCBITaxon:1122604	5
NCBITaxon:1122605	6
NCBITaxon:1122607	4
NCBITaxon:1122608	4
NCBITaxon:1122609	6
NCBITaxon:1122610	6
NCBITaxon:1122611	5
NCBITaxon:1122612	5
NCBITaxon:1122613	6
NCBITaxon:1122614	6
NCBITaxon:1122615	6
NCBITaxon:1122616	2
NCBITaxon:1122617	4
NCBITaxon:1122618	5
NCBITaxon:1122619	4
NCBITaxon:1122620	6
NCBITaxon:1122621	5
NCBITaxon:1122622	5
NCBITaxon:1122623	5
NCBITaxon:1122915	6
NCBITaxon:1122916	5
NCBITaxon:1122917	5
NCBITaxon:1122918	6
NCBITaxon:1122919	7
NCBITaxon:1122920	5
NCBITaxon:1122921	7
NCBITaxon:1122922	6
NCBITaxon:1122923	5
NCBITaxon:1122924	5
NCBITaxon:1122925	6
NCBITaxon:1122926	5
NCBITaxon:1122927	7
NCBITaxon:1122928	6
NCBITaxon:1122929	7
NCBITaxon:1122930	5
NCBITaxon:1122932	5
NCBITaxon:1122933	4
NCBITaxon:1122934	5
NCBITaxon:1122935	1
NCBITaxon:1122936	3
NCBITaxon:1122938	1
NCBITaxon:1122939	4
NCBITaxon:1122940	5
NCBITaxon:1122941	16
NCBITaxon:1122943	6
NCBITaxon:1122945	4
NCBITaxon:1122946	1
NCBITaxon:1122947	5
NCBITaxon:1122949	3
NCBITaxon:1122951	5
NCBITaxon:1122952	6
NCBITaxon:1122953	5
NCBITaxon:1122954	6
NCBITaxon:1122955	4
NCBITaxon:1122956	4
NCBITaxon:1122957	4
NCBITaxon:1122958	4
NCBITaxon:1122959	5
NCBITaxon:1122960	4
NCBITaxon:1122961	2
NCBITaxon:1122962	6
NCBITaxon:1122963	4
NCBITaxon:1122967	5
NCBITaxon:1122969	5
NCBITaxon:1122970	4
NCBITaxon:1122971	1
NCBITaxon:1122972	5
NCBITaxon:1122973	5
NCBITaxon:1122974	5
NCBITaxon:1122975	5
NCBITaxon:1122976	3
NCBITaxon:1122977	4
NCBITaxon:1122978	2
NCBITaxon:1122979	5
NCBITaxon:1122980	4
NCBITaxon:1122981	2
NCBITaxon:1122982	5
NCBITaxon:1122983	5
NCBITaxon:1122984	5
NCBITaxon:1122985	5
NCBITaxon:1122986	5
NCBITaxon:1122987	6
NCBITaxon:1122988	6
NCBITaxon:1122989	5
NCBITaxon:1122990	5
NCBITaxon:1122991	5
NCBITaxon:1122992	6
NCBITaxon:1122993	5
NCBITaxon:1122994	6
NCBITaxon:1122995	5
NCBITaxon:1122997	3
NCBITaxon:1122998	3
NCBITaxon:1122999	5
NCBITaxon:1123000	5
NCBITaxon:1123001	5
NCBITaxon:1123003	4
NCBITaxon:1123004	5
NCBITaxon:1123006	6
NCBITaxon:1123008	5
NCBITaxon:1123009	6
NCBITaxon:1123010	4
NCBITaxon:1123011	5
NCBITaxon:1123012	5
NCBITaxon:1123013	4
NCBITaxon:1123014	5
NCBITaxon:1123015	6
NCBITaxon:1123016	5
NCBITaxon:1123019	5
NCBITaxon:1123020	5
NCBITaxon:1123021	5
NCBITaxon:1123022	3
NCBITaxon:1123023	3
NCBITaxon:1123024	5
NCBITaxon:1123025	4
NCBITaxon:1123027	5
NCBITaxon:1123029	5
NCBITaxon:1123030	5
NCBITaxon:1123031	5
NCBITaxon:1123032	2
NCBITaxon:1123033	5
NCBITaxon:1123034	7
NCBITaxon:1123035	4
NCBITaxon:1123036	5
NCBITaxon:1123037	3
NCBITaxon:1123045	3
NCBITaxon:1123052	5
NCBITaxon:1123053	4
NCBITaxon:1123054	5
NCBITaxon:1123055	6
NCBITaxon:1123057	5
NCBITaxon:1123058	1
NCBITaxon:1123059	5
NCBITaxon:1123060	4
NCBITaxon:1123061	6
NCBITaxon:1123062	4
NCBITaxon:1123064	5
NCBITaxon:1123065	6
NCBITaxon:1123067	7
NCBITaxon:1123069	6
NCBITaxon:1123070	5
NCBITaxon:1123071	4
NCBITaxon:1123072	4
NCBITaxon:1123073	4
NCBITaxon:1123075	4
NCBITaxon:1123077	4
NCBITaxon:1123078	3
NCBITaxon:1123225	5
NCBITaxon:1123226	6
NCBITaxon:1123227	5
NCBITaxon:1123228	6
NCBITaxon:1123229	4
NCBITaxon:1123230	5
NCBITaxon:1123231	5
NCBITaxon:1123232	6
NCBITaxon:1123233	5
NCBITaxon:1123234	5
NCBITaxon:1123235	5
NCBITaxon:1123236	5
NCBITaxon:1123237	5
NCBITaxon:1123238	4
NCBITaxon:1123239	6
NCBITaxon:1123240	5
NCBITaxon:1123241	5
NCBITaxon:1123242	1
NCBITaxon:1123243	5
NCBITaxon:1123244	3
NCBITaxon:1123247	6
NCBITaxon:1123248	5
NCBITaxon:1123249	5
NCBITaxon:1123250	5
NCBITaxon:1123251	5
NCBITaxon:1123252	4
NCBITaxon:1123253	5
NCBITaxon:1123255	4
NCBITaxon:1123256	4
NCBITaxon:1123257	5
NCBITaxon:1123258	4
NCBITaxon:1123260	4
NCBITaxon:1123261	5
NCBITaxon:1123262	5
NCBITaxon:1123263	2
NCBITaxon:1123264	5
NCBITaxon:1123265	6
NCBITaxon:1123266	5
NCBITaxon:1123267	5
NCBITaxon:1123268	6
NCBITaxon:1123269	6
NCBITaxon:1123270	6
NCBITaxon:1123271	4
NCBITaxon:1123272	4
NCBITaxon:1123274	4
NCBITaxon:1123275	4
NCBITaxon:1123276	5
NCBITaxon:1123277	5
NCBITaxon:1123278	5
NCBITaxon:1123279	4
NCBITaxon:1123280	5
NCBITaxon:1123281	5
NCBITaxon:1123282	5
NCBITaxon:1123284	5
NCBITaxon:1123285	5
NCBITaxon:1123287	5
NCBITaxon:1123288	5
NCBITaxon:1123290	5
NCBITaxon:1123291	5
NCBITaxon:1123293	4
NCBITaxon:1123294	5
NCBITaxon:1123295	5
NCBITaxon:1123296	4
NCBITaxon:1123298	4
NCBITaxon:1123299	4
NCBITaxon:1123300	5
NCBITaxon:1123301	4
NCBITaxon:1123302	4
NCBITaxon:1123303	4
NCBITaxon:1123304	4
NCBITaxon:1123305	4
NCBITaxon:1123306	4
NCBITaxon:1123307	5
NCBITaxon:1123308	6
NCBITaxon:1123309	3
NCBITaxon:112331	2
NCBITaxon:1123310	3
NCBITaxon:1123311	5
NCBITaxon:1123312	4
NCBITaxon:1123313	3
NCBITaxon:1123314	4
NCBITaxon:1123315	5
NCBITaxon:1123316	3
NCBITaxon:1123317	3
NCBITaxon:1123318	5
NCBITaxon:1123319	2
NCBITaxon:1123320	4
NCBITaxon:1123321	2
NCBITaxon:1123322	3
NCBITaxon:1123323	5
NCBITaxon:1123324	5
NCBITaxon:1123325	5
NCBITaxon:1123326	5
NCBITaxon:1123347	5
NCBITaxon:1123349	5
NCBITaxon:1123350	1
NCBITaxon:1123352	12
NCBITaxon:1123354	1
NCBITaxon:1123355	1
NCBITaxon:1123356	1
NCBITaxon:1123357	1
NCBITaxon:1123358	1
NCBITaxon:1123359	1
NCBITaxon:1123360	5
NCBITaxon:1123361	1
NCBITaxon:1123362	1
NCBITaxon:1123364	1
NCBITaxon:1123365	4
NCBITaxon:1123366	4
NCBITaxon:1123367	1
NCBITaxon:1123368	1
NCBITaxon:1123369	1
NCBITaxon:1123370	1
NCBITaxon:1123371	1
NCBITaxon:1123372	1
NCBITaxon:1123373	1
NCBITaxon:1123374	1
NCBITaxon:1123375	1
NCBITaxon:1123376	1
NCBITaxon:1123377	1
NCBITaxon:1123378	1
NCBITaxon:1123379	1
NCBITaxon:1123380	1
NCBITaxon:1123382	1
NCBITaxon:1123383	5
NCBITaxon:1123384	6
NCBITaxon:1123385	1
NCBITaxon:1123386	1
NCBITaxon:1123388	6
NCBITaxon:1123389	1
NCBITaxon:1123390	4
NCBITaxon:1123391	1
NCBITaxon:1123392	4
NCBITaxon:1123393	3
NCBITaxon:1123394	1
NCBITaxon:1123397	1
NCBITaxon:1123399	2
NCBITaxon:1123400	2
NCBITaxon:1123401	1
NCBITaxon:1123402	1
NCBITaxon:1123404	1
NCBITaxon:1123405	1
NCBITaxon:1123487	4
NCBITaxon:1123488	1
NCBITaxon:1123489	1
NCBITaxon:1123490	1
NCBITaxon:1123491	1
NCBITaxon:1123492	1
NCBITaxon:1123493	1
NCBITaxon:1123494	1
NCBITaxon:1123496	1
NCBITaxon:1123497	1
NCBITaxon:1123498	1
NCBITaxon:1123499	1
NCBITaxon:1123500	1
NCBITaxon:1123501	6
NCBITaxon:1123502	5
NCBITaxon:1123503	1
NCBITaxon:1123504	1
NCBITaxon:1123505	1
NCBITaxon:1123507	1
NCBITaxon:1123508	2
NCBITaxon:1123509	1
NCBITaxon:1123510	1
NCBITaxon:1123511	1
NCBITaxon:1123513	1
NCBITaxon:1123514	1
NCBITaxon:1123515	1
NCBITaxon:1123516	1
NCBITaxon:1123517	1
NCBITaxon:1123518	1
NCBITaxon:1123519	8
NCBITaxon:1123520	5
NCBITaxon:1123521	5
NCBITaxon:1123522	5
NCBITaxon:1123523	3
NCBITaxon:1123524	3
NCBITaxon:1123687	13
NCBITaxon:1123721	4
NCBITaxon:1123755	15
NCBITaxon:1123756	12
NCBITaxon:1123757	8
NCBITaxon:1123758	4
NCBITaxon:1123862	5
NCBITaxon:1123863	1
NCBITaxon:1123864	1
NCBITaxon:1123865	1
NCBITaxon:1124	1
NCBITaxon:112413	2
NCBITaxon:1124188	9
NCBITaxon:1124478	5
NCBITaxon:1124597	5
NCBITaxon:1124658	1
NCBITaxon:1124659	1
NCBITaxon:1124660	1
NCBITaxon:1124661	1
NCBITaxon:1124662	1
NCBITaxon:1124663	1
NCBITaxon:1124664	1
NCBITaxon:1124665	1
NCBITaxon:1124780	5
NCBITaxon:1124835	14
NCBITaxon:1124906	1
NCBITaxon:1124907	1
NCBITaxon:1124908	1
NCBITaxon:1124909	1
NCBITaxon:1124910	1
NCBITaxon:1124911	1
NCBITaxon:1124912	1
NCBITaxon:1124913	1
NCBITaxon:1124914	1
NCBITaxon:1124915	1
NCBITaxon:1124916	1
NCBITaxon:1124917	1
NCBITaxon:1124918	1
NCBITaxon:1124919	1
NCBITaxon:1124920	1
NCBITaxon:1124921	1
NCBITaxon:1124922	1
NCBITaxon:1124923	1
NCBITaxon:1124924	1
NCBITaxon:1124925	1
NCBITaxon:1124926	1
NCBITaxon:1124927	1
NCBITaxon:1124928	1
NCBITaxon:1124929	1
NCBITaxon:1124930	1
NCBITaxon:1124931	1
NCBITaxon:1124932	1
NCBITaxon:1124933	1
NCBITaxon:1124934	1
NCBITaxon:1124935	1
NCBITaxon:1124936	1
NCBITaxon:1124937	1
NCBITaxon:1124938	1
NCBITaxon:1124939	1
NCBITaxon:1124940	1
NCBITaxon:1124941	1
NCBITaxon:1124942	1
NCBITaxon:1124943	1
NCBITaxon:1124944	1
NCBITaxon:1124945	1
NCBITaxon:1124946	1
NCBITaxon:1124947	1
NCBITaxon:1124948	1
NCBITaxon:1124949	1
NCBITaxon:1124950	1
NCBITaxon:1124951	1
NCBITaxon:1124952	1
NCBITaxon:1124953	1
NCBITaxon:1124954	1
NCBITaxon:1124955	1
NCBITaxon:1124956	1
NCBITaxon:1124957	1
NCBITaxon:1124958	1
NCBITaxon:1124959	1
NCBITaxon:1124960	1
NCBITaxon:1124961	1
NCBITaxon:1124962	1
NCBITaxon:1124963	1
NCBITaxon:1124964	1
NCBITaxon:1124965	1
NCBITaxon:1124966	1
NCBITaxon:1124967	1
NCBITaxon:1124968	1
NCBITaxon:1124969	1
NCBITaxon:1124970	1
NCBITaxon:1124971	1
NCBITaxon:1124972	1
NCBITaxon:1124973	1
NCBITaxon:1124974	1
NCBITaxon:1124975	1
NCBITaxon:1124976	1
NCBITaxon:1124977	1
NCBITaxon:1124978	1
NCBITaxon:1124979	1
NCBITaxon:1124980	1
NCBITaxon:1124981	5
NCBITaxon:1124982	1
NCBITaxon:1124983	3
NCBITaxon:1124984	4
NCBITaxon:1124985	4
NCBITaxon:1124986	4
NCBITaxon:1124987	5
NCBITaxon:1124988	5
NCBITaxon:1124989	5
NCBITaxon:1124991	4
NCBITaxon:1124992	2
NCBITaxon:1125411	2
NCBITaxon:1125630	1
NCBITaxon:1125633	5
NCBITaxon:1125634	3
NCBITaxon:1125635	3
NCBITaxon:1125636	3
NCBITaxon:1125638	3
NCBITaxon:1125639	3
NCBITaxon:1125640	3
NCBITaxon:1125641	3
NCBITaxon:1125642	3
NCBITaxon:1125643	3
NCBITaxon:1125644	3
NCBITaxon:1125645	3
NCBITaxon:1125646	3
NCBITaxon:1125647	3
NCBITaxon:1125648	3
NCBITaxon:1125649	3
NCBITaxon:1125650	3
NCBITaxon:1125651	3
NCBITaxon:1125686	1
NCBITaxon:1125687	1
NCBITaxon:1125693	1
NCBITaxon:1125694	1
NCBITaxon:1125697	1
NCBITaxon:1125698	4
NCBITaxon:1125699	5
NCBITaxon:1125700	5
NCBITaxon:1125701	1
NCBITaxon:1125702	1
NCBITaxon:1125703	1
NCBITaxon:1125711	4
NCBITaxon:1125712	2
NCBITaxon:1125717	1
NCBITaxon:1125718	1
NCBITaxon:1125719	1
NCBITaxon:1125720	1
NCBITaxon:1125721	5
NCBITaxon:1125722	1
NCBITaxon:1125723	2
NCBITaxon:1125724	1
NCBITaxon:1125725	5
NCBITaxon:1125747	4
NCBITaxon:1125779	2
NCBITaxon:1125847	1
NCBITaxon:1125863	4
NCBITaxon:1125875	11
NCBITaxon:1125876	23
NCBITaxon:1125964	6
NCBITaxon:1125965	4
NCBITaxon:1125966	11
NCBITaxon:1125971	5
NCBITaxon:1125972	6
NCBITaxon:1125973	1
NCBITaxon:1125974	5
NCBITaxon:1125975	1
NCBITaxon:1125976	4
NCBITaxon:1125977	6
NCBITaxon:1125979	1
NCBITaxon:1125980	7
NCBITaxon:1126	3
NCBITaxon:1126011	4
NCBITaxon:1126217	5
NCBITaxon:1126218	5
NCBITaxon:1126236	11
NCBITaxon:1126240	2
NCBITaxon:1126627	1
NCBITaxon:1126681	7
NCBITaxon:1126682	4
NCBITaxon:1126683	4
NCBITaxon:1126684	4
NCBITaxon:1126685	5
NCBITaxon:1126831	20
NCBITaxon:1126888	2
NCBITaxon:1126889	2
NCBITaxon:1126890	2
NCBITaxon:1126891	2
NCBITaxon:1126892	2
NCBITaxon:1126893	2
NCBITaxon:1126894	1
NCBITaxon:1126895	2
NCBITaxon:1126896	2
NCBITaxon:1126897	2
NCBITaxon:1126898	2
NCBITaxon:1126899	2
NCBITaxon:1126900	2
NCBITaxon:1126901	2
NCBITaxon:1126902	2
NCBITaxon:1126903	2
NCBITaxon:1126904	2
NCBITaxon:1126905	2
NCBITaxon:1126906	2
NCBITaxon:1126907	2
NCBITaxon:1126908	2
NCBITaxon:1126909	2
NCBITaxon:1126910	1
NCBITaxon:1126911	1
NCBITaxon:1126912	2
NCBITaxon:1126913	2
NCBITaxon:1126914	1
NCBITaxon:1126915	2
NCBITaxon:1126916	2
NCBITaxon:1126917	2
NCBITaxon:1126918	2
NCBITaxon:1126919	2
NCBITaxon:1126920	1
NCBITaxon:1126921	2
NCBITaxon:1126922	2
NCBITaxon:1126923	2
NCBITaxon:1126924	2
NCBITaxon:1126925	2
NCBITaxon:1126926	2
NCBITaxon:1126927	2
NCBITaxon:1126928	2
NCBITaxon:1126929	2
NCBITaxon:1126930	1
NCBITaxon:1126931	2
NCBITaxon:1126932	1
NCBITaxon:1126933	2
NCBITaxon:1126934	2
NCBITaxon:1126935	2
NCBITaxon:1126936	2
NCBITaxon:1126937	1
NCBITaxon:1127120	4
NCBITaxon:1127122	1
NCBITaxon:1127123	4
NCBITaxon:1127124	4
NCBITaxon:1127125	4
NCBITaxon:1127126	4
NCBITaxon:1127128	1
NCBITaxon:1127129	1
NCBITaxon:1127131	3
NCBITaxon:1127134	1
NCBITaxon:112729	1
NCBITaxon:1127353	1
NCBITaxon:1127354	1
NCBITaxon:1127355	1
NCBITaxon:1127356	1
NCBITaxon:1127439	2
NCBITaxon:1127482	4
NCBITaxon:1127483	4
NCBITaxon:1127484	3
NCBITaxon:1127485	4
NCBITaxon:1127672	3
NCBITaxon:1127673	2
NCBITaxon:1127690	5
NCBITaxon:1127691	5
NCBITaxon:1127692	5
NCBITaxon:1127693	5
NCBITaxon:1127694	5
NCBITaxon:1127695	4
NCBITaxon:1127696	2
NCBITaxon:1127699	5
NCBITaxon:1127743	3
NCBITaxon:1127744	4
NCBITaxon:1128108	3
NCBITaxon:1128111	5
NCBITaxon:1128113	8
NCBITaxon:1128398	9
NCBITaxon:1128399	2
NCBITaxon:1128427	1
NCBITaxon:1128664	21
NCBITaxon:1128665	20
NCBITaxon:1128676	1
NCBITaxon:1128677	14
NCBITaxon:1128911	2
NCBITaxon:1128912	1
NCBITaxon:1128946	1
NCBITaxon:1128947	1
NCBITaxon:1128948	1
NCBITaxon:1128949	1
NCBITaxon:1128950	1
NCBITaxon:1128951	1
NCBITaxon:1128952	1
NCBITaxon:1128953	1
NCBITaxon:1128954	1
NCBITaxon:1128955	1
NCBITaxon:1128956	1
NCBITaxon:1128957	1
NCBITaxon:1128958	1
NCBITaxon:1128959	1
NCBITaxon:1128960	1
NCBITaxon:1128961	1
NCBITaxon:1128962	1
NCBITaxon:1128963	1
NCBITaxon:1128964	1
NCBITaxon:1128965	1
NCBITaxon:1128966	1
NCBITaxon:1128967	1
NCBITaxon:1128968	1
NCBITaxon:1128969	1
NCBITaxon:1128970	6
NCBITaxon:1128977	1
NCBITaxon:1128978	1
NCBITaxon:1128979	1
NCBITaxon:1128980	1
NCBITaxon:1128981	1
NCBITaxon:1128982	1
NCBITaxon:1128983	1
NCBITaxon:112900	7
NCBITaxon:112901	2
NCBITaxon:112904	4
NCBITaxon:1129117	2
NCBITaxon:1129133	9
NCBITaxon:1129367	6
NCBITaxon:1129368	3
NCBITaxon:1129369	5
NCBITaxon:1129374	3
NCBITaxon:1129547	8
NCBITaxon:1129792	16
NCBITaxon:1129793	2
NCBITaxon:1129794	3
NCBITaxon:1129894	1
NCBITaxon:1129895	2
NCBITaxon:1129896	6
NCBITaxon:1129897	4
NCBITaxon:1130080	10
NCBITaxon:1130723	28
NCBITaxon:1130726	14
NCBITaxon:1130798	5
NCBITaxon:1130803	4
NCBITaxon:1130804	4
NCBITaxon:1130827	2
NCBITaxon:1130828	4
NCBITaxon:1130829	4
NCBITaxon:1130830	2
NCBITaxon:1131	4
NCBITaxon:113107	6
NCBITaxon:1131253	4
NCBITaxon:1131257	3
NCBITaxon:1131270	1
NCBITaxon:1131292	17
NCBITaxon:1131336	5
NCBITaxon:1131442	5
NCBITaxon:1131451	4
NCBITaxon:1131452	5
NCBITaxon:1131453	5
NCBITaxon:1131454	5
NCBITaxon:1131455	5
NCBITaxon:1131462	2
NCBITaxon:1131551	2
NCBITaxon:1131552	1
NCBITaxon:1131553	1
NCBITaxon:1131627	1
NCBITaxon:1131628	1
NCBITaxon:1131629	1
NCBITaxon:1131630	1
NCBITaxon:1131703	13
NCBITaxon:1131707	12
NCBITaxon:1131730	5
NCBITaxon:1131731	5
NCBITaxon:1131732	5
NCBITaxon:1131733	4
NCBITaxon:1131734	4
NCBITaxon:1131757	4
NCBITaxon:1131758	5
NCBITaxon:1131812	1
NCBITaxon:1131813	1
NCBITaxon:1131814	1
NCBITaxon:1131816	1
NCBITaxon:1131935	4
NCBITaxon:1132417	11
NCBITaxon:1132441	1
NCBITaxon:1132442	1
NCBITaxon:1132443	2
NCBITaxon:1132444	1
NCBITaxon:1132496	5
NCBITaxon:1132497	2
NCBITaxon:1132498	2
NCBITaxon:1132499	2
NCBITaxon:1132500	2
NCBITaxon:1132501	2
NCBITaxon:1132502	2
NCBITaxon:1132503	2
NCBITaxon:1132504	2
NCBITaxon:1132505	2
NCBITaxon:1132506	2
NCBITaxon:1132507	5
NCBITaxon:1132508	4
NCBITaxon:1132509	5
NCBITaxon:113268	5
NCBITaxon:1132696	28
NCBITaxon:1132836	7
NCBITaxon:1132855	4
NCBITaxon:113287	3
NCBITaxon:1133106	25
NCBITaxon:1133319	15
NCBITaxon:1133344	5
NCBITaxon:1133347	24
NCBITaxon:1133364	19
NCBITaxon:113355	1
NCBITaxon:1133559	13
NCBITaxon:1133568	4
NCBITaxon:1133569	2
NCBITaxon:1133592	1
NCBITaxon:1133596	2
NCBITaxon:1133597	5
NCBITaxon:1133598	3
NCBITaxon:1133671	5
NCBITaxon:1133849	4
NCBITaxon:1133850	1
NCBITaxon:1133851	1
NCBITaxon:1133852	5
NCBITaxon:1133853	5
NCBITaxon:1133857	2
NCBITaxon:113395	7
NCBITaxon:1134055	2
NCBITaxon:1134405	9
NCBITaxon:1134406	8
NCBITaxon:1134413	1
NCBITaxon:1134435	13
NCBITaxon:1134445	2
NCBITaxon:1134453	4
NCBITaxon:1134454	5
NCBITaxon:1134455	4
NCBITaxon:1134456	4
NCBITaxon:1134457	4
NCBITaxon:1134459	5
NCBITaxon:1134463	2
NCBITaxon:1134473	3
NCBITaxon:1134474	3
NCBITaxon:1134475	4
NCBITaxon:1134501	1
NCBITaxon:1134502	1
NCBITaxon:1134503	1
NCBITaxon:1134504	1
NCBITaxon:1134505	1
NCBITaxon:1134506	1
NCBITaxon:1134507	1
NCBITaxon:1134508	1
NCBITaxon:1134509	1
NCBITaxon:1134510	1
NCBITaxon:1134595	20
NCBITaxon:1134654	4
NCBITaxon:1134655	4
NCBITaxon:1134656	4
NCBITaxon:1134657	4
NCBITaxon:1134658	4
NCBITaxon:1134659	4
NCBITaxon:1134660	4
NCBITaxon:1134661	4
NCBITaxon:1134662	4
NCBITaxon:1134663	4
NCBITaxon:1134664	4
NCBITaxon:1134667	1
NCBITaxon:1134668	1
NCBITaxon:1134669	1
NCBITaxon:1134670	1
NCBITaxon:1134671	1
NCBITaxon:1134672	1
NCBITaxon:1134673	1
NCBITaxon:1134674	1
NCBITaxon:1134675	1
NCBITaxon:1134676	1
NCBITaxon:1134677	1
NCBITaxon:1134678	1
NCBITaxon:1134679	1
NCBITaxon:1134680	1
NCBITaxon:1134681	1
NCBITaxon:1134682	1
NCBITaxon:1134687	3
NCBITaxon:1134781	6
NCBITaxon:1134782	5
NCBITaxon:1134784	1
NCBITaxon:1134785	1
NCBITaxon:1134786	1
NCBITaxon:1134787	1
NCBITaxon:1134788	1
NCBITaxon:1134789	1
NCBITaxon:1134790	1
NCBITaxon:1134791	1
NCBITaxon:1134792	1
NCBITaxon:1134793	1
NCBITaxon:1134794	1
NCBITaxon:1134795	1
NCBITaxon:1134796	1
NCBITaxon:1134797	1
NCBITaxon:1134798	1
NCBITaxon:1134799	1
NCBITaxon:1134800	1
NCBITaxon:1134801	1
NCBITaxon:1134802	1
NCBITaxon:1134804	1
NCBITaxon:1134805	1
NCBITaxon:1134806	1
NCBITaxon:1134807	1
NCBITaxon:1134808	1
NCBITaxon:1134809	1
NCBITaxon:1134810	1
NCBITaxon:1134811	1
NCBITaxon:1134812	1
NCBITaxon:1134813	1
NCBITaxon:1134814	1
NCBITaxon:1134815	1
NCBITaxon:1134816	1
NCBITaxon:1134817	1
NCBITaxon:1134818	1
NCBITaxon:1134819	1
NCBITaxon:1134820	1
NCBITaxon:1134821	1
NCBITaxon:1134822	1
NCBITaxon:1134823	1
NCBITaxon:1134824	1
NCBITaxon:1134825	1
NCBITaxon:1134826	1
NCBITaxon:1134827	1
NCBITaxon:1134828	1
NCBITaxon:1134829	1
NCBITaxon:1134830	1
NCBITaxon:1134831	1
NCBITaxon:1134832	1
NCBITaxon:1134833	1
NCBITaxon:1134834	1
NCBITaxon:1134835	1
NCBITaxon:1134836	1
NCBITaxon:1134837	1
NCBITaxon:1134838	1
NCBITaxon:1134839	1
NCBITaxon:1134840	1
NCBITaxon:1134841	1
NCBITaxon:1134842	1
NCBITaxon:1134912	2
NCBITaxon:1134914	2
NCBITaxon:113557	1
NCBITaxon:113559	1
NCBITaxon:113560	1
NCBITaxon:113561	1
NCBITaxon:113562	1
NCBITaxon:113563	1
NCBITaxon:113564	1
NCBITaxon:113565	2
NCBITaxon:113566	1
NCBITaxon:113567	2
NCBITaxon:113568	1
NCBITaxon:113569	2
NCBITaxon:113570	1
NCBITaxon:113571	1
NCBITaxon:1135990	9
NCBITaxon:1136071	16
NCBITaxon:1136073	5
NCBITaxon:1136135	1
NCBITaxon:1136137	5
NCBITaxon:1136138	5
NCBITaxon:1136157	3
NCBITaxon:1136158	3
NCBITaxon:1136159	3
NCBITaxon:1136160	3
NCBITaxon:1136161	3
NCBITaxon:1136162	3
NCBITaxon:1136163	3
NCBITaxon:1136164	3
NCBITaxon:1136165	3
NCBITaxon:1136166	3
NCBITaxon:1136167	3
NCBITaxon:1136168	3
NCBITaxon:1136169	3
NCBITaxon:1136170	3
NCBITaxon:1136171	3
NCBITaxon:1136172	3
NCBITaxon:1136173	3
NCBITaxon:1136174	3
NCBITaxon:1136175	3
NCBITaxon:1136176	2
NCBITaxon:1136177	4
NCBITaxon:1136178	3
NCBITaxon:1136179	8
NCBITaxon:113618	23
NCBITaxon:1136217	4
NCBITaxon:1136218	4
NCBITaxon:1136416	1
NCBITaxon:1136417	1
NCBITaxon:1136419	1
NCBITaxon:1136420	1
NCBITaxon:1136424	1
NCBITaxon:1136425	1
NCBITaxon:1136426	1
NCBITaxon:1136427	1
NCBITaxon:1136428	1
NCBITaxon:1136429	1
NCBITaxon:1136430	1
NCBITaxon:1136431	1
NCBITaxon:1136432	1
NCBITaxon:1136433	1
NCBITaxon:1136497	9
NCBITaxon:113653	5
NCBITaxon:1136748	3
NCBITaxon:1136873	5
NCBITaxon:1136877	4
NCBITaxon:1136879	4
NCBITaxon:1136880	1
NCBITaxon:1136941	2
NCBITaxon:1137129	3
NCBITaxon:1137130	3
NCBITaxon:1137131	2
NCBITaxon:1137132	3
NCBITaxon:1137133	3
NCBITaxon:1137134	7
NCBITaxon:1137135	4
NCBITaxon:1137136	3
NCBITaxon:1137247	1
NCBITaxon:1137248	1
NCBITaxon:1137249	1
NCBITaxon:1137250	1
NCBITaxon:1137251	1
NCBITaxon:1137252	1
NCBITaxon:1137253	1
NCBITaxon:1137254	1
NCBITaxon:1137255	1
NCBITaxon:1137256	1
NCBITaxon:1137257	1
NCBITaxon:1137258	1
NCBITaxon:1137260	1
NCBITaxon:1137261	1
NCBITaxon:1137262	1
NCBITaxon:1137263	1
NCBITaxon:1137264	1
NCBITaxon:1137265	1
NCBITaxon:1137266	1
NCBITaxon:1137268	1
NCBITaxon:1137269	1
NCBITaxon:1137270	1
NCBITaxon:1137273	4
NCBITaxon:1137280	1
NCBITaxon:1137281	2
NCBITaxon:1137284	4
NCBITaxon:1137650	3
NCBITaxon:1137651	6
NCBITaxon:1137739	3
NCBITaxon:1137780	22
NCBITaxon:1137799	11
NCBITaxon:1137848	10
NCBITaxon:1137989	23
NCBITaxon:1138170	5
NCBITaxon:1138308	1
NCBITaxon:1138309	2
NCBITaxon:1138310	2
NCBITaxon:1138311	2
NCBITaxon:1138312	2
NCBITaxon:1138313	3
NCBITaxon:1138382	3
NCBITaxon:1138383	3
NCBITaxon:1138384	4
NCBITaxon:1138429	4
NCBITaxon:1138452	4
NCBITaxon:1138587	22
NCBITaxon:1138822	17
NCBITaxon:1138871	4
NCBITaxon:1138874	1
NCBITaxon:1138877	1
NCBITaxon:1138880	1
NCBITaxon:1138881	1
NCBITaxon:1138882	1
NCBITaxon:1138883	1
NCBITaxon:1138884	1
NCBITaxon:1138885	1
NCBITaxon:1138886	1
NCBITaxon:1138887	1
NCBITaxon:1138888	1
NCBITaxon:1138889	1
NCBITaxon:1138890	1
NCBITaxon:1138891	1
NCBITaxon:1138892	1
NCBITaxon:1138893	1
NCBITaxon:1138894	1
NCBITaxon:1138895	1
NCBITaxon:1138896	1
NCBITaxon:1138897	1
NCBITaxon:1138898	1
NCBITaxon:1138899	1
NCBITaxon:1138900	1
NCBITaxon:1138901	1
NCBITaxon:1138902	1
NCBITaxon:1138903	1
NCBITaxon:1138904	1
NCBITaxon:1138905	1
NCBITaxon:1138906	1
NCBITaxon:1138907	1
NCBITaxon:1138908	1
NCBITaxon:1138909	1
NCBITaxon:1138910	1
NCBITaxon:1138911	1
NCBITaxon:1138912	1
NCBITaxon:1138913	1
NCBITaxon:1138914	1
NCBITaxon:1138915	1
NCBITaxon:1138916	1
NCBITaxon:1138917	1
NCBITaxon:1138918	1
NCBITaxon:1138919	1
NCBITaxon:1138920	1
NCBITaxon:1138921	1
NCBITaxon:1138922	1
NCBITaxon:1138923	1
NCBITaxon:1138924	1
NCBITaxon:1138925	1
NCBITaxon:1138926	1
NCBITaxon:1138927	1
NCBITaxon:1138928	1
NCBITaxon:1138929	1
NCBITaxon:1138930	1
NCBITaxon:1138931	1
NCBITaxon:1138932	1
NCBITaxon:1138933	1
NCBITaxon:1138934	1
NCBITaxon:1138935	1
NCBITaxon:1138936	1
NCBITaxon:1138937	1
NCBITaxon:1138938	1
NCBITaxon:1138939	1
NCBITaxon:1139219	1
NCBITaxon:1139996	1
NCBITaxon:114	1
NCBITaxon:1140	7
NCBITaxon:1140001	1
NCBITaxon:1140002	1
NCBITaxon:1140003	1
NCBITaxon:114090	2
NCBITaxon:1141101	4
NCBITaxon:1141102	4
NCBITaxon:1141104	1
NCBITaxon:1141105	1
NCBITaxon:1141106	1
NCBITaxon:1141221	10
NCBITaxon:114136	3
NCBITaxon:1141657	5
NCBITaxon:1141660	4
NCBITaxon:1141661	3
NCBITaxon:1141662	3
NCBITaxon:1141663	2
NCBITaxon:1141845	6
NCBITaxon:1141846	10
NCBITaxon:114186	2
NCBITaxon:1142038	1
NCBITaxon:1142134	19
NCBITaxon:1142234	4
NCBITaxon:1142239	19
NCBITaxon:1142394	3
NCBITaxon:114249	3
NCBITaxon:1142511	1
NCBITaxon:114259	1
NCBITaxon:1143	1
NCBITaxon:1143190	4
NCBITaxon:1143191	1
NCBITaxon:114404	8
NCBITaxon:1144253	7
NCBITaxon:1144271	6
NCBITaxon:1144272	5
NCBITaxon:1144273	3
NCBITaxon:1144275	3
NCBITaxon:1144280	1
NCBITaxon:1144300	1
NCBITaxon:1144302	4
NCBITaxon:1144303	1
NCBITaxon:1144304	1
NCBITaxon:1144305	1
NCBITaxon:1144306	4
NCBITaxon:1144307	3
NCBITaxon:1144308	1
NCBITaxon:1144309	1
NCBITaxon:1144310	1
NCBITaxon:1144311	1
NCBITaxon:1144312	4
NCBITaxon:1144313	1
NCBITaxon:1144314	5
NCBITaxon:1144315	2
NCBITaxon:1144316	2
NCBITaxon:1144317	1
NCBITaxon:1144318	2
NCBITaxon:1144319	2
NCBITaxon:1144320	1
NCBITaxon:1144321	4
NCBITaxon:1144322	1
NCBITaxon:1144323	4
NCBITaxon:1144324	1
NCBITaxon:1144325	1
NCBITaxon:1144326	1
NCBITaxon:1144327	1
NCBITaxon:1144328	1
NCBITaxon:1144329	1
NCBITaxon:1144330	1
NCBITaxon:1144331	1
NCBITaxon:1144332	3
NCBITaxon:1144333	3
NCBITaxon:1144334	1
NCBITaxon:1144335	1
NCBITaxon:1144336	1
NCBITaxon:1144337	1
NCBITaxon:1144338	1
NCBITaxon:1144339	3
NCBITaxon:1144340	1
NCBITaxon:1144341	1
NCBITaxon:1144342	2
NCBITaxon:1144343	3
NCBITaxon:1144344	1
NCBITaxon:1144477	26
NCBITaxon:1144548	13
NCBITaxon:1144553	15
NCBITaxon:1144617	26
NCBITaxon:1144618	19
NCBITaxon:1144661	2
NCBITaxon:1144662	2
NCBITaxon:1144663	2
NCBITaxon:1144664	2
NCBITaxon:1144665	2
NCBITaxon:1144666	2
NCBITaxon:1144667	2
NCBITaxon:1144668	2
NCBITaxon:1144669	2
NCBITaxon:1144670	2
NCBITaxon:1144671	2
NCBITaxon:1144673	2
NCBITaxon:1144674	2
NCBITaxon:1144680	8
NCBITaxon:1144708	3
NCBITaxon:1144748	24
NCBITaxon:1144750	3
NCBITaxon:1144882	4
NCBITaxon:1144883	4
NCBITaxon:1144884	1
NCBITaxon:1144885	1
NCBITaxon:1144888	1
NCBITaxon:1144929	1
NCBITaxon:1144930	1
NCBITaxon:1145106	11
NCBITaxon:1145110	2
NCBITaxon:1145111	2
NCBITaxon:1145112	2
NCBITaxon:1145113	2
NCBITaxon:1145114	2
NCBITaxon:1145115	2
NCBITaxon:1145116	2
NCBITaxon:1145117	2
NCBITaxon:1145118	2
NCBITaxon:1145119	1
NCBITaxon:1145120	1
NCBITaxon:1145121	1
NCBITaxon:1145122	1
NCBITaxon:1145123	1
NCBITaxon:1145124	1
NCBITaxon:1145125	1
NCBITaxon:1145126	1
NCBITaxon:1145127	1
NCBITaxon:1145128	1
NCBITaxon:1145129	1
NCBITaxon:1145130	1
NCBITaxon:1145131	1
NCBITaxon:1145132	1
NCBITaxon:1145133	1
NCBITaxon:1145134	1
NCBITaxon:1145135	1
NCBITaxon:1145136	1
NCBITaxon:1145137	1
NCBITaxon:1145138	1
NCBITaxon:1145139	1
NCBITaxon:1145140	1
NCBITaxon:1145141	1
NCBITaxon:1145142	1
NCBITaxon:1145143	1
NCBITaxon:1145144	1
NCBITaxon:1145145	1
NCBITaxon:1145146	1
NCBITaxon:1145147	1
NCBITaxon:1145148	1
NCBITaxon:1145149	1
NCBITaxon:1145150	1
NCBITaxon:1145151	1
NCBITaxon:1145152	1
NCBITaxon:1145153	1
NCBITaxon:1145154	1
NCBITaxon:1145155	1
NCBITaxon:1145156	1
NCBITaxon:1145157	1
NCBITaxon:1145158	1
NCBITaxon:1145159	1
NCBITaxon:1145160	1
NCBITaxon:1145161	1
NCBITaxon:1145162	1
NCBITaxon:1145163	1
NCBITaxon:1145164	1
NCBITaxon:1145165	1
NCBITaxon:1145166	1
NCBITaxon:1145167	1
NCBITaxon:1145168	1
NCBITaxon:1145169	1
NCBITaxon:1145170	1
NCBITaxon:1145171	1
NCBITaxon:1145172	1
NCBITaxon:1145173	1
NCBITaxon:1145174	1
NCBITaxon:1145175	1
NCBITaxon:1145176	1
NCBITaxon:1145177	1
NCBITaxon:1145178	1
NCBITaxon:1145179	1
NCBITaxon:1145180	1
NCBITaxon:1145181	1
NCBITaxon:1145182	1
NCBITaxon:1145183	1
NCBITaxon:1145184	1
NCBITaxon:1145185	1
NCBITaxon:1145186	1
NCBITaxon:1145187	1
NCBITaxon:1145188	1
NCBITaxon:1145189	1
NCBITaxon:1145190	1
NCBITaxon:1145191	1
NCBITaxon:1145192	1
NCBITaxon:1145193	1
NCBITaxon:1145194	1
NCBITaxon:1145195	1
NCBITaxon:114527	4
NCBITaxon:1145276	7
NCBITaxon:114528	4
NCBITaxon:1145318	42
NCBITaxon:114615	7
NCBITaxon:114616	11
NCBITaxon:114628	1
NCBITaxon:114652	3
NCBITaxon:114683	1
NCBITaxon:114685	1
NCBITaxon:114686	1
NCBITaxon:114687	4
NCBITaxon:114688	1
NCBITaxon:1146882	6
NCBITaxon:1146883	3
NCBITaxon:1146892	12
NCBITaxon:114698	2
NCBITaxon:114699	1
NCBITaxon:1147	1
NCBITaxon:1147034	1
NCBITaxon:1147123	16
NCBITaxon:1147127	1
NCBITaxon:1147128	1
NCBITaxon:1147129	1
NCBITaxon:1147130	3
NCBITaxon:1147131	1
NCBITaxon:1147132	1
NCBITaxon:1147159	2
NCBITaxon:1147161	5
NCBITaxon:1147164	4
NCBITaxon:1147165	4
NCBITaxon:1147166	4
NCBITaxon:1147167	4
NCBITaxon:1147168	4
NCBITaxon:1147169	4
NCBITaxon:1147170	4
NCBITaxon:1147171	4
NCBITaxon:1147172	4
NCBITaxon:1147173	4
NCBITaxon:1147174	4
NCBITaxon:1147175	4
NCBITaxon:1147176	4
NCBITaxon:1147177	4
NCBITaxon:1147178	4
NCBITaxon:1147179	4
NCBITaxon:1147180	4
NCBITaxon:1147181	4
NCBITaxon:1147182	4
NCBITaxon:1147183	4
NCBITaxon:1147184	4
NCBITaxon:1147185	4
NCBITaxon:1147186	4
NCBITaxon:1147187	4
NCBITaxon:1147188	4
NCBITaxon:1147189	4
NCBITaxon:1147190	4
NCBITaxon:1147191	4
NCBITaxon:1147192	4
NCBITaxon:1147193	4
NCBITaxon:1147194	4
NCBITaxon:1147195	4
NCBITaxon:1147196	4
NCBITaxon:1147197	4
NCBITaxon:1147198	4
NCBITaxon:1147199	4
NCBITaxon:1147200	4
NCBITaxon:1147201	4
NCBITaxon:1147202	4
NCBITaxon:1147203	4
NCBITaxon:1147204	4
NCBITaxon:1147205	4
NCBITaxon:1147206	4
NCBITaxon:1147207	4
NCBITaxon:1147208	4
NCBITaxon:1147209	4
NCBITaxon:1147210	4
NCBITaxon:1147211	4
NCBITaxon:1147212	4
NCBITaxon:1147213	4
NCBITaxon:1147214	4
NCBITaxon:1147215	4
NCBITaxon:1147216	4
NCBITaxon:1147217	4
NCBITaxon:1147218	4
NCBITaxon:1147219	4
NCBITaxon:1147220	4
NCBITaxon:1147221	4
NCBITaxon:1147222	4
NCBITaxon:1147223	4
NCBITaxon:1147224	4
NCBITaxon:1147225	4
NCBITaxon:1147226	4
NCBITaxon:1147227	4
NCBITaxon:1147228	4
NCBITaxon:1147229	4
NCBITaxon:1147230	4
NCBITaxon:1147231	4
NCBITaxon:1147232	4
NCBITaxon:1147233	4
NCBITaxon:1147684	2
NCBITaxon:1147753	1
NCBITaxon:1147754	1
NCBITaxon:1147786	2
NCBITaxon:1147787	5
NCBITaxon:1148	7
NCBITaxon:1148157	3
NCBITaxon:1148512	2
NCBITaxon:1148757	6
NCBITaxon:1148759	4
NCBITaxon:1148786	1
NCBITaxon:114880	1
NCBITaxon:114881	2
NCBITaxon:114885	1
NCBITaxon:1149132	4
NCBITaxon:1149133	2
NCBITaxon:1149134	3
NCBITaxon:1149135	1
NCBITaxon:114975	2
NCBITaxon:1149773	17
NCBITaxon:1149858	5
NCBITaxon:1149859	1
NCBITaxon:1149860	1
NCBITaxon:1149861	1
NCBITaxon:1149862	1
NCBITaxon:1149863	6
NCBITaxon:1149865	1
NCBITaxon:1150112	3
NCBITaxon:1150157	4
NCBITaxon:1150298	16
NCBITaxon:1150368	12
NCBITaxon:1150395	1
NCBITaxon:1150398	1
NCBITaxon:1150399	1
NCBITaxon:1150400	1
NCBITaxon:1150460	5
NCBITaxon:1150469	2
NCBITaxon:1150475	1
NCBITaxon:1150476	5
NCBITaxon:1150591	1
NCBITaxon:1150599	1
NCBITaxon:1150600	4
NCBITaxon:1150601	6
NCBITaxon:1150612	6
NCBITaxon:1150613	2
NCBITaxon:1150615	1
NCBITaxon:1150621	7
NCBITaxon:1150624	3
NCBITaxon:1150625	3
NCBITaxon:1150626	1
NCBITaxon:1150674	4
NCBITaxon:1150676	1
NCBITaxon:1150773	3
NCBITaxon:1150775	1
NCBITaxon:1150859	1
NCBITaxon:1150862	1
NCBITaxon:1150864	7
NCBITaxon:1150867	3
NCBITaxon:1150948	1
NCBITaxon:1150997	2
NCBITaxon:1151061	1
NCBITaxon:1151113	3
NCBITaxon:1151114	1
NCBITaxon:1151115	1
NCBITaxon:1151116	1
NCBITaxon:1151117	6
NCBITaxon:1151118	1
NCBITaxon:1151119	1
NCBITaxon:1151120	1
NCBITaxon:1151121	1
NCBITaxon:1151122	1
NCBITaxon:1151123	1
NCBITaxon:1151124	1
NCBITaxon:1151126	1
NCBITaxon:1151127	1
NCBITaxon:1151128	1
NCBITaxon:1151186	1
NCBITaxon:1151187	1
NCBITaxon:1151188	1
NCBITaxon:1151189	1
NCBITaxon:1151190	1
NCBITaxon:1151191	1
NCBITaxon:1151192	1
NCBITaxon:1151193	1
NCBITaxon:1151194	1
NCBITaxon:1151195	1
NCBITaxon:1151196	1
NCBITaxon:1151197	1
NCBITaxon:1151198	1
NCBITaxon:1151199	1
NCBITaxon:1151200	1
NCBITaxon:1151201	1
NCBITaxon:1151202	1
NCBITaxon:1151203	1
NCBITaxon:1151204	1
NCBITaxon:1151205	1
NCBITaxon:1151206	1
NCBITaxon:1151207	1
NCBITaxon:1151208	1
NCBITaxon:1151209	1
NCBITaxon:1151210	1
NCBITaxon:1151211	1
NCBITaxon:1151212	1
NCBITaxon:1151213	2
NCBITaxon:1151214	2
NCBITaxon:1151215	2
NCBITaxon:1151216	2
NCBITaxon:1151217	2
NCBITaxon:1151218	1
NCBITaxon:1151219	2
NCBITaxon:1151220	2
NCBITaxon:1151221	2
NCBITaxon:1151222	2
NCBITaxon:1151223	1
NCBITaxon:1151224	2
NCBITaxon:1151225	2
NCBITaxon:1151226	2
NCBITaxon:1151227	2
NCBITaxon:1151228	2
NCBITaxon:1151229	1
NCBITaxon:1151230	1
NCBITaxon:1151231	2
NCBITaxon:1151232	2
NCBITaxon:1151233	2
NCBITaxon:1151234	2
NCBITaxon:1151235	2
NCBITaxon:1151236	2
NCBITaxon:1151237	2
NCBITaxon:1151238	2
NCBITaxon:1151239	2
NCBITaxon:1151240	2
NCBITaxon:1151241	2
NCBITaxon:1151242	2
NCBITaxon:1151243	2
NCBITaxon:1151244	2
NCBITaxon:1151245	1
NCBITaxon:1151246	2
NCBITaxon:1151247	2
NCBITaxon:1151248	2
NCBITaxon:1151249	2
NCBITaxon:1151250	2
NCBITaxon:1151251	2
NCBITaxon:1151252	5
NCBITaxon:1151253	5
NCBITaxon:1151254	5
NCBITaxon:1151255	5
NCBITaxon:1151256	5
NCBITaxon:1151257	5
NCBITaxon:1151258	5
NCBITaxon:1151259	5
NCBITaxon:1151260	5
NCBITaxon:1151261	5
NCBITaxon:1151262	5
NCBITaxon:1151263	5
NCBITaxon:1151264	5
NCBITaxon:1151265	5
NCBITaxon:1151266	5
NCBITaxon:1151267	5
NCBITaxon:1151268	5
NCBITaxon:1151269	5
NCBITaxon:1151270	5
NCBITaxon:1151271	5
NCBITaxon:1151272	5
NCBITaxon:1151273	5
NCBITaxon:1151274	5
NCBITaxon:1151275	5
NCBITaxon:1151276	5
NCBITaxon:1151277	5
NCBITaxon:1151278	5
NCBITaxon:1151279	5
NCBITaxon:1151280	5
NCBITaxon:1151281	5
NCBITaxon:1151282	5
NCBITaxon:1151283	5
NCBITaxon:1151284	5
NCBITaxon:1151285	5
NCBITaxon:1151286	5
NCBITaxon:1151287	5
NCBITaxon:1151288	5
NCBITaxon:1151289	5
NCBITaxon:1151290	5
NCBITaxon:1151291	5
NCBITaxon:1151292	5
NCBITaxon:1151293	5
NCBITaxon:1151294	5
NCBITaxon:1151295	5
NCBITaxon:1151296	5
NCBITaxon:1151297	5
NCBITaxon:1151298	5
NCBITaxon:1151299	5
NCBITaxon:1151300	5
NCBITaxon:1151301	5
NCBITaxon:1151302	5
NCBITaxon:1151303	5
NCBITaxon:1151304	5
NCBITaxon:1151305	5
NCBITaxon:1151306	1
NCBITaxon:1151307	5
NCBITaxon:1151308	5
NCBITaxon:1151309	5
NCBITaxon:1151310	5
NCBITaxon:1151311	5
NCBITaxon:1151312	5
NCBITaxon:1151313	5
NCBITaxon:1151314	5
NCBITaxon:1151315	5
NCBITaxon:1151316	5
NCBITaxon:1151317	5
NCBITaxon:1151318	5
NCBITaxon:1151319	5
NCBITaxon:1151320	5
NCBITaxon:1151321	5
NCBITaxon:1151322	5
NCBITaxon:1151323	5
NCBITaxon:1151324	5
NCBITaxon:1151325	5
NCBITaxon:1151326	5
NCBITaxon:1151327	5
NCBITaxon:1151328	5
NCBITaxon:1151329	5
NCBITaxon:1151330	5
NCBITaxon:1151331	5
NCBITaxon:1151332	5
NCBITaxon:1151333	5
NCBITaxon:1151334	5
NCBITaxon:1151335	5
NCBITaxon:1151336	5
NCBITaxon:1151337	5
NCBITaxon:1151338	5
NCBITaxon:1151339	5
NCBITaxon:1151340	5
NCBITaxon:1151341	5
NCBITaxon:1151342	5
NCBITaxon:1151343	5
NCBITaxon:1151344	5
NCBITaxon:1151345	5
NCBITaxon:1151346	5
NCBITaxon:1151347	5
NCBITaxon:1151348	5
NCBITaxon:1151349	5
NCBITaxon:1151350	5
NCBITaxon:1151351	5
NCBITaxon:1151352	5
NCBITaxon:1151353	5
NCBITaxon:1151354	5
NCBITaxon:1151355	5
NCBITaxon:1151356	5
NCBITaxon:1151357	5
NCBITaxon:1151358	5
NCBITaxon:1151359	5
NCBITaxon:1151360	5
NCBITaxon:1151361	5
NCBITaxon:1151362	5
NCBITaxon:1151363	5
NCBITaxon:1151364	5
NCBITaxon:1151365	5
NCBITaxon:1151366	5
NCBITaxon:1151367	5
NCBITaxon:1151368	5
NCBITaxon:1151369	5
NCBITaxon:1151370	5
NCBITaxon:1151371	5
NCBITaxon:1151372	5
NCBITaxon:1151373	5
NCBITaxon:1151374	5
NCBITaxon:1151375	5
NCBITaxon:1151376	5
NCBITaxon:1151377	5
NCBITaxon:1151378	5
NCBITaxon:1151379	5
NCBITaxon:1151380	5
NCBITaxon:1151381	5
NCBITaxon:1151382	5
NCBITaxon:1151383	5
NCBITaxon:1151384	5
NCBITaxon:1151385	5
NCBITaxon:1151386	5
NCBITaxon:1151387	5
NCBITaxon:1151388	5
NCBITaxon:1151389	5
NCBITaxon:1151390	5
NCBITaxon:1151391	5
NCBITaxon:1151392	5
NCBITaxon:1151393	1
NCBITaxon:1151394	1
NCBITaxon:1151395	5
NCBITaxon:1151396	5
NCBITaxon:1151397	5
NCBITaxon:1151398	5
NCBITaxon:1151399	1
NCBITaxon:1151400	5
NCBITaxon:1151401	1
NCBITaxon:1151402	5
NCBITaxon:1151403	5
NCBITaxon:1151404	5
NCBITaxon:1151405	5
NCBITaxon:1151406	5
NCBITaxon:1151407	5
NCBITaxon:1151408	5
NCBITaxon:1151409	5
NCBITaxon:1151410	5
NCBITaxon:1151411	5
NCBITaxon:1151412	5
NCBITaxon:1151413	5
NCBITaxon:1151414	5
NCBITaxon:1151415	5
NCBITaxon:1151416	5
NCBITaxon:1151417	5
NCBITaxon:1151418	5
NCBITaxon:1151419	5
NCBITaxon:1151420	5
NCBITaxon:1151421	5
NCBITaxon:1151422	5
NCBITaxon:1151423	5
NCBITaxon:1151424	5
NCBITaxon:1151425	5
NCBITaxon:1151426	5
NCBITaxon:1151427	5
NCBITaxon:1151428	5
NCBITaxon:1151429	5
NCBITaxon:1151430	5
NCBITaxon:1151431	5
NCBITaxon:1151432	5
NCBITaxon:1151433	5
NCBITaxon:1151434	5
NCBITaxon:1151435	5
NCBITaxon:1151436	5
NCBITaxon:1151437	1
NCBITaxon:1151438	5
NCBITaxon:1151439	5
NCBITaxon:1151440	5
NCBITaxon:1151742	16
NCBITaxon:1153	1
NCBITaxon:115335	1
NCBITaxon:115336	2
NCBITaxon:115433	2
NCBITaxon:1154756	1
NCBITaxon:1154757	1
NCBITaxon:1154758	7
NCBITaxon:1154761	7
NCBITaxon:1154762	7
NCBITaxon:1154763	1
NCBITaxon:1154764	3
NCBITaxon:1154765	3
NCBITaxon:1154769	1
NCBITaxon:1154770	5
NCBITaxon:1154771	5
NCBITaxon:1154772	5
NCBITaxon:1154773	5
NCBITaxon:1154774	5
NCBITaxon:1154775	5
NCBITaxon:1154776	5
NCBITaxon:1154777	5
NCBITaxon:1154778	5
NCBITaxon:1154779	5
NCBITaxon:1154780	5
NCBITaxon:1154781	5
NCBITaxon:1154782	5
NCBITaxon:1154783	5
NCBITaxon:1154784	5
NCBITaxon:1154785	5
NCBITaxon:1154786	5
NCBITaxon:1154787	5
NCBITaxon:1154788	5
NCBITaxon:1154789	5
NCBITaxon:1154790	5
NCBITaxon:1154791	5
NCBITaxon:1154792	5
NCBITaxon:1154793	5
NCBITaxon:1154794	5
NCBITaxon:1154795	5
NCBITaxon:1154796	5
NCBITaxon:1154797	5
NCBITaxon:1154798	5
NCBITaxon:1154799	5
NCBITaxon:1154800	5
NCBITaxon:1154801	5
NCBITaxon:1154802	5
NCBITaxon:1154803	5
NCBITaxon:1154804	5
NCBITaxon:1154805	5
NCBITaxon:1154806	5
NCBITaxon:1154807	5
NCBITaxon:1154808	5
NCBITaxon:1154809	5
NCBITaxon:1154810	5
NCBITaxon:1154811	5
NCBITaxon:1154812	5
NCBITaxon:1154813	5
NCBITaxon:1154814	5
NCBITaxon:1154815	5
NCBITaxon:1154816	5
NCBITaxon:1154817	5
NCBITaxon:1154818	5
NCBITaxon:1154819	5
NCBITaxon:1154820	5
NCBITaxon:1154821	5
NCBITaxon:1154822	5
NCBITaxon:1154823	5
NCBITaxon:1154824	5
NCBITaxon:1154825	5
NCBITaxon:1154826	5
NCBITaxon:1154827	5
NCBITaxon:1154828	5
NCBITaxon:1154829	5
NCBITaxon:1154830	5
NCBITaxon:1154831	5
NCBITaxon:1154832	5
NCBITaxon:1154833	5
NCBITaxon:1154834	5
NCBITaxon:1154835	5
NCBITaxon:1154836	5
NCBITaxon:1154837	5
NCBITaxon:1154838	5
NCBITaxon:1154839	5
NCBITaxon:1154840	5
NCBITaxon:1154841	5
NCBITaxon:1154842	5
NCBITaxon:1154843	5
NCBITaxon:1154844	5
NCBITaxon:1154845	5
NCBITaxon:1154846	5
NCBITaxon:1154847	5
NCBITaxon:1154848	5
NCBITaxon:1154849	5
NCBITaxon:1154850	5
NCBITaxon:1154851	5
NCBITaxon:1154852	5
NCBITaxon:1154853	5
NCBITaxon:1154854	5
NCBITaxon:1154855	5
NCBITaxon:1154856	5
NCBITaxon:1154857	5
NCBITaxon:1154858	5
NCBITaxon:1154859	5
NCBITaxon:1154860	5
NCBITaxon:1154861	5
NCBITaxon:1154862	5
NCBITaxon:1154863	5
NCBITaxon:1154864	5
NCBITaxon:1154865	5
NCBITaxon:1154866	5
NCBITaxon:1154867	5
NCBITaxon:1154868	5
NCBITaxon:1154869	5
NCBITaxon:1154870	5
NCBITaxon:1154871	5
NCBITaxon:1154872	5
NCBITaxon:1154873	5
NCBITaxon:1154874	5
NCBITaxon:1154875	5
NCBITaxon:1154876	5
NCBITaxon:1154877	5
NCBITaxon:1154878	5
NCBITaxon:1154879	5
NCBITaxon:1154880	5
NCBITaxon:1154881	5
NCBITaxon:1154882	5
NCBITaxon:1154883	5
NCBITaxon:1154884	5
NCBITaxon:1154885	5
NCBITaxon:1154886	5
NCBITaxon:1154887	5
NCBITaxon:1154888	5
NCBITaxon:1154889	5
NCBITaxon:1154890	5
NCBITaxon:1154891	5
NCBITaxon:1154892	5
NCBITaxon:1154893	5
NCBITaxon:1154894	5
NCBITaxon:1154895	5
NCBITaxon:1154896	5
NCBITaxon:1154897	5
NCBITaxon:1154898	5
NCBITaxon:1154899	5
NCBITaxon:1154900	5
NCBITaxon:1154901	5
NCBITaxon:1154902	5
NCBITaxon:1154903	5
NCBITaxon:1154904	5
NCBITaxon:1154905	5
NCBITaxon:1154906	5
NCBITaxon:1154907	5
NCBITaxon:1154908	5
NCBITaxon:1154909	5
NCBITaxon:1154910	5
NCBITaxon:1154911	5
NCBITaxon:1154912	5
NCBITaxon:1154913	5
NCBITaxon:1154914	5
NCBITaxon:1154915	5
NCBITaxon:1154916	5
NCBITaxon:1154917	5
NCBITaxon:1154918	5
NCBITaxon:1154919	5
NCBITaxon:1154920	5
NCBITaxon:1154921	5
NCBITaxon:1154922	5
NCBITaxon:1154923	5
NCBITaxon:1154924	5
NCBITaxon:1154925	5
NCBITaxon:1154926	5
NCBITaxon:1154927	5
NCBITaxon:1154928	5
NCBITaxon:1154929	5
NCBITaxon:1154930	5
NCBITaxon:1154931	5
NCBITaxon:1154932	5
NCBITaxon:1154933	5
NCBITaxon:1154934	5
NCBITaxon:1154935	5
NCBITaxon:1154936	5
NCBITaxon:1154937	5
NCBITaxon:1154938	5
NCBITaxon:1154939	5
NCBITaxon:1154940	5
NCBITaxon:1154941	5
NCBITaxon:1154942	5
NCBITaxon:1154943	5
NCBITaxon:1154944	5
NCBITaxon:1154945	5
NCBITaxon:1154946	5
NCBITaxon:1154947	5
NCBITaxon:1154948	5
NCBITaxon:1154949	5
NCBITaxon:1154950	5
NCBITaxon:1154951	5
NCBITaxon:1154952	5
NCBITaxon:1154953	5
NCBITaxon:1154954	5
NCBITaxon:1154955	5
NCBITaxon:1154956	5
NCBITaxon:1154957	5
NCBITaxon:1154958	5
NCBITaxon:1154959	5
NCBITaxon:1154960	5
NCBITaxon:1154961	5
NCBITaxon:1154962	5
NCBITaxon:1154963	5
NCBITaxon:1154964	5
NCBITaxon:1154965	5
NCBITaxon:1154966	5
NCBITaxon:1154967	5
NCBITaxon:1154968	5
NCBITaxon:1154969	5
NCBITaxon:1154970	5
NCBITaxon:1154971	5
NCBITaxon:1155071	6
NCBITaxon:1155073	8
NCBITaxon:1155079	3
NCBITaxon:1155084	1
NCBITaxon:1155096	1
NCBITaxon:1155130	1
NCBITaxon:1155131	1
NCBITaxon:1155132	1
NCBITaxon:1155133	1
NCBITaxon:1155134	1
NCBITaxon:1155135	1
NCBITaxon:115541	1
NCBITaxon:115542	1
NCBITaxon:115544	1
NCBITaxon:115545	1
NCBITaxon:1155476	25
NCBITaxon:115551	31
NCBITaxon:115553	16
NCBITaxon:1155689	1
NCBITaxon:1155714	1
NCBITaxon:1155715	1
NCBITaxon:1155716	1
NCBITaxon:1155717	1
NCBITaxon:1155718	1
NCBITaxon:1155739	3
NCBITaxon:1155746	5
NCBITaxon:1155749	5
NCBITaxon:1155766	5
NCBITaxon:1155775	3
NCBITaxon:1155776	3
NCBITaxon:1155777	1
NCBITaxon:1155801	17
NCBITaxon:1155944	12
NCBITaxon:1156355	8
NCBITaxon:1156395	4
NCBITaxon:1156417	6
NCBITaxon:1156431	7
NCBITaxon:1156576	24
NCBITaxon:1156618	7
NCBITaxon:1156800	2
NCBITaxon:1156841	1
NCBITaxon:1156843	1
NCBITaxon:1156844	1
NCBITaxon:1156913	1
NCBITaxon:1156914	3
NCBITaxon:1156915	3
NCBITaxon:1156917	4
NCBITaxon:1156918	8
NCBITaxon:1156919	8
NCBITaxon:1156935	7
NCBITaxon:1156937	1
NCBITaxon:1156938	6
NCBITaxon:1156939	4
NCBITaxon:1156940	1
NCBITaxon:1156985	15
NCBITaxon:1156986	1
NCBITaxon:1156987	3
NCBITaxon:1156994	2
NCBITaxon:1156995	2
NCBITaxon:1156996	2
NCBITaxon:1156997	2
NCBITaxon:1156998	2
NCBITaxon:1156999	2
NCBITaxon:1157000	2
NCBITaxon:1157001	2
NCBITaxon:1157002	2
NCBITaxon:1157003	2
NCBITaxon:1157004	2
NCBITaxon:1157005	2
NCBITaxon:1157006	2
NCBITaxon:1157007	2
NCBITaxon:1157008	2
NCBITaxon:1157009	2
NCBITaxon:1157010	2
NCBITaxon:1157011	2
NCBITaxon:1157012	2
NCBITaxon:1157013	2
NCBITaxon:1157014	2
NCBITaxon:1157015	2
NCBITaxon:1157016	2
NCBITaxon:1157017	2
NCBITaxon:1157018	2
NCBITaxon:1157019	2
NCBITaxon:1157020	2
NCBITaxon:1157021	2
NCBITaxon:1157022	2
NCBITaxon:1157023	2
NCBITaxon:1157024	2
NCBITaxon:1157025	2
NCBITaxon:1157026	2
NCBITaxon:1157027	2
NCBITaxon:1157028	2
NCBITaxon:1157029	2
NCBITaxon:1157030	2
NCBITaxon:1157031	2
NCBITaxon:1157032	2
NCBITaxon:1157033	2
NCBITaxon:1157034	2
NCBITaxon:1157035	2
NCBITaxon:1157036	2
NCBITaxon:1157037	2
NCBITaxon:1157038	2
NCBITaxon:1157039	2
NCBITaxon:115711	4
NCBITaxon:115713	4
NCBITaxon:1157300	45
NCBITaxon:1157309	1
NCBITaxon:1157342	1
NCBITaxon:1157343	1
NCBITaxon:1157344	1
NCBITaxon:1157345	1
NCBITaxon:1157346	1
NCBITaxon:1157347	1
NCBITaxon:1157348	1
NCBITaxon:1157349	1
NCBITaxon:1157350	1
NCBITaxon:1157351	1
NCBITaxon:1157352	1
NCBITaxon:1157353	1
NCBITaxon:1157354	1
NCBITaxon:1157355	1
NCBITaxon:1157356	1
NCBITaxon:1157357	1
NCBITaxon:1157358	1
NCBITaxon:1157359	1
NCBITaxon:1157360	1
NCBITaxon:1157361	1
NCBITaxon:1157362	1
NCBITaxon:1157363	1
NCBITaxon:1157364	1
NCBITaxon:1157365	1
NCBITaxon:1157366	1
NCBITaxon:1157367	1
NCBITaxon:1157368	1
NCBITaxon:1157369	1
NCBITaxon:1157370	1
NCBITaxon:1157371	1
NCBITaxon:1157372	1
NCBITaxon:1157373	1
NCBITaxon:1157374	1
NCBITaxon:1157375	1
NCBITaxon:1157376	1
NCBITaxon:1157377	1
NCBITaxon:1157378	1
NCBITaxon:1157379	1
NCBITaxon:1157380	1
NCBITaxon:1157381	1
NCBITaxon:1157382	1
NCBITaxon:1157383	1
NCBITaxon:1157384	1
NCBITaxon:1157385	1
NCBITaxon:1157386	1
NCBITaxon:1157387	1
NCBITaxon:1157388	1
NCBITaxon:1157389	1
NCBITaxon:1157390	1
NCBITaxon:1157391	1
NCBITaxon:1157392	1
NCBITaxon:1157393	1
NCBITaxon:1157394	1
NCBITaxon:1157395	1
NCBITaxon:1157396	1
NCBITaxon:1157397	1
NCBITaxon:1157398	1
NCBITaxon:1157399	1
NCBITaxon:1157400	1
NCBITaxon:1157401	1
NCBITaxon:1157402	1
NCBITaxon:1157403	1
NCBITaxon:1157404	1
NCBITaxon:1157405	1
NCBITaxon:1157406	1
NCBITaxon:1157407	1
NCBITaxon:1157408	1
NCBITaxon:1157409	1
NCBITaxon:1157410	1
NCBITaxon:1157411	1
NCBITaxon:1157412	1
NCBITaxon:1157416	1
NCBITaxon:1157417	1
NCBITaxon:1157418	1
NCBITaxon:1157419	1
NCBITaxon:1157420	1
NCBITaxon:1157421	1
NCBITaxon:1157422	1
NCBITaxon:1157423	1
NCBITaxon:1157424	1
NCBITaxon:1157425	1
NCBITaxon:1157426	1
NCBITaxon:1157427	1
NCBITaxon:1157428	1
NCBITaxon:1157429	1
NCBITaxon:1157430	1
NCBITaxon:1157431	1
NCBITaxon:1157432	1
NCBITaxon:1157433	1
NCBITaxon:1157434	1
NCBITaxon:1157435	1
NCBITaxon:1157436	1
NCBITaxon:1157437	1
NCBITaxon:1157438	1
NCBITaxon:1157439	1
NCBITaxon:1157440	1
NCBITaxon:1157441	1
NCBITaxon:1157442	1
NCBITaxon:1157443	1
NCBITaxon:1157444	1
NCBITaxon:1157445	1
NCBITaxon:1157446	1
NCBITaxon:1157447	1
NCBITaxon:1157448	1
NCBITaxon:1157449	1
NCBITaxon:1157450	1
NCBITaxon:1157451	1
NCBITaxon:1157452	1
NCBITaxon:1157453	1
NCBITaxon:1157454	1
NCBITaxon:1157455	1
NCBITaxon:1157456	1
NCBITaxon:1157457	1
NCBITaxon:1157458	1
NCBITaxon:1157459	1
NCBITaxon:1157460	1
NCBITaxon:1157461	1
NCBITaxon:1157462	1
NCBITaxon:1157463	1
NCBITaxon:1157464	1
NCBITaxon:1157465	1
NCBITaxon:1157466	1
NCBITaxon:1157467	1
NCBITaxon:1157468	1
NCBITaxon:1157469	1
NCBITaxon:1157470	1
NCBITaxon:1157471	1
NCBITaxon:1157472	1
NCBITaxon:1157473	1
NCBITaxon:1157474	1
NCBITaxon:1157475	1
NCBITaxon:1157476	1
NCBITaxon:1157477	1
NCBITaxon:1157478	1
NCBITaxon:1157479	1
NCBITaxon:1157480	1
NCBITaxon:1157481	1
NCBITaxon:1157482	1
NCBITaxon:1157483	1
NCBITaxon:1157484	1
NCBITaxon:1157485	1
NCBITaxon:1157486	1
NCBITaxon:1157487	1
NCBITaxon:1157488	1
NCBITaxon:1157490	14
NCBITaxon:1157629	1
NCBITaxon:1157632	1
NCBITaxon:1157633	1
NCBITaxon:1157634	1
NCBITaxon:1157635	1
NCBITaxon:1157637	1
NCBITaxon:1157638	1
NCBITaxon:1157639	1
NCBITaxon:1157640	1
NCBITaxon:1157678	1
NCBITaxon:1157679	1
NCBITaxon:1157680	1
NCBITaxon:1157683	2
NCBITaxon:1157689	1
NCBITaxon:1157708	1
NCBITaxon:115778	6
NCBITaxon:115781	3
NCBITaxon:115783	6
NCBITaxon:1157943	1
NCBITaxon:1157944	1
NCBITaxon:1157945	4
NCBITaxon:1157946	5
NCBITaxon:1157947	1
NCBITaxon:1157948	1
NCBITaxon:1157949	4
NCBITaxon:1157950	1
NCBITaxon:1157951	1
NCBITaxon:1157987	19
NCBITaxon:1158050	1
NCBITaxon:1158052	4
NCBITaxon:115808	4
NCBITaxon:1158132	1
NCBITaxon:1158134	1
NCBITaxon:1158135	3
NCBITaxon:1158144	1
NCBITaxon:1158145	1
NCBITaxon:1158146	2
NCBITaxon:1158147	1
NCBITaxon:1158148	1
NCBITaxon:1158149	1
NCBITaxon:1158150	2
NCBITaxon:1158151	1
NCBITaxon:1158152	2
NCBITaxon:1158153	1
NCBITaxon:1158154	1
NCBITaxon:1158155	2
NCBITaxon:1158156	1
NCBITaxon:1158157	1
NCBITaxon:1158158	2
NCBITaxon:1158159	1
NCBITaxon:1158160	1
NCBITaxon:1158161	1
NCBITaxon:1158162	2
NCBITaxon:1158163	2
NCBITaxon:1158164	1
NCBITaxon:1158165	1
NCBITaxon:1158166	1
NCBITaxon:1158167	2
NCBITaxon:1158168	1
NCBITaxon:1158169	1
NCBITaxon:1158170	2
NCBITaxon:1158171	1
NCBITaxon:1158172	2
NCBITaxon:1158173	2
NCBITaxon:1158174	2
NCBITaxon:1158175	1
NCBITaxon:1158176	2
NCBITaxon:1158177	1
NCBITaxon:1158178	1
NCBITaxon:1158179	1
NCBITaxon:1158180	1
NCBITaxon:1158181	1
NCBITaxon:1158182	1
NCBITaxon:1158183	2
NCBITaxon:1158184	2
NCBITaxon:1158291	4
NCBITaxon:1158292	4
NCBITaxon:1158293	5
NCBITaxon:1158294	1
NCBITaxon:1158459	36
NCBITaxon:1158461	2
NCBITaxon:1158462	2
NCBITaxon:1158463	2
NCBITaxon:1158464	2
NCBITaxon:1158465	2
NCBITaxon:1158466	2
NCBITaxon:1158467	2
NCBITaxon:1158468	2
NCBITaxon:1158469	2
NCBITaxon:1158470	2
NCBITaxon:1158471	2
NCBITaxon:1158472	2
NCBITaxon:1158473	2
NCBITaxon:1158474	2
NCBITaxon:1158475	2
NCBITaxon:1158476	2
NCBITaxon:1158477	2
NCBITaxon:1158478	2
NCBITaxon:1158479	2
NCBITaxon:1158480	2
NCBITaxon:1158481	2
NCBITaxon:1158482	2
NCBITaxon:1158483	2
NCBITaxon:1158484	2
NCBITaxon:1158485	2
NCBITaxon:1158486	2
NCBITaxon:1158487	2
NCBITaxon:1158488	2
NCBITaxon:1158489	2
NCBITaxon:1158490	2
NCBITaxon:1158491	2
NCBITaxon:1158492	2
NCBITaxon:1158493	2
NCBITaxon:1158494	2
NCBITaxon:1158495	2
NCBITaxon:1158496	2
NCBITaxon:1158497	2
NCBITaxon:1158498	2
NCBITaxon:1158499	2
NCBITaxon:1158500	2
NCBITaxon:1158501	2
NCBITaxon:1158502	2
NCBITaxon:1158503	2
NCBITaxon:1158504	2
NCBITaxon:1158505	2
NCBITaxon:1158506	2
NCBITaxon:1158507	2
NCBITaxon:1158508	2
NCBITaxon:1158509	2
NCBITaxon:1158510	2
NCBITaxon:1158511	2
NCBITaxon:1158512	2
NCBITaxon:1158513	2
NCBITaxon:1158514	2
NCBITaxon:1158515	2
NCBITaxon:1158516	2
NCBITaxon:1158517	2
NCBITaxon:1158518	2
NCBITaxon:1158519	1
NCBITaxon:115852	1
NCBITaxon:1158520	2
NCBITaxon:1158521	2
NCBITaxon:1158522	2
NCBITaxon:1158523	2
NCBITaxon:1158524	2
NCBITaxon:1158525	2
NCBITaxon:1158526	2
NCBITaxon:1158527	2
NCBITaxon:1158528	2
NCBITaxon:1158529	2
NCBITaxon:1158530	2
NCBITaxon:1158531	2
NCBITaxon:1158532	1
NCBITaxon:1158533	2
NCBITaxon:1158534	2
NCBITaxon:1158535	2
NCBITaxon:1158536	2
NCBITaxon:1158537	2
NCBITaxon:1158538	2
NCBITaxon:1158539	2
NCBITaxon:1158540	1
NCBITaxon:1158541	1
NCBITaxon:1158542	1
NCBITaxon:1158543	1
NCBITaxon:1158544	1
NCBITaxon:1158545	1
NCBITaxon:1158546	1
NCBITaxon:1158547	1
NCBITaxon:1158548	1
NCBITaxon:1158549	1
NCBITaxon:1158550	1
NCBITaxon:1158551	1
NCBITaxon:1158552	1
NCBITaxon:1158553	1
NCBITaxon:1158554	1
NCBITaxon:1158555	1
NCBITaxon:1158598	1
NCBITaxon:1158600	4
NCBITaxon:1158601	1
NCBITaxon:1158602	1
NCBITaxon:1158603	1
NCBITaxon:1158604	1
NCBITaxon:1158605	1
NCBITaxon:1158606	1
NCBITaxon:1158607	1
NCBITaxon:1158608	1
NCBITaxon:1158609	1
NCBITaxon:1158610	1
NCBITaxon:1158612	1
NCBITaxon:1158614	1
NCBITaxon:1158617	1
NCBITaxon:1158618	1
NCBITaxon:1158619	1
NCBITaxon:115862	2
NCBITaxon:1158620	1
NCBITaxon:1158621	1
NCBITaxon:1158622	1
NCBITaxon:1158623	1
NCBITaxon:1158624	1
NCBITaxon:1158625	1
NCBITaxon:1158626	1
NCBITaxon:1158627	1
NCBITaxon:1158628	1
NCBITaxon:1158629	1
NCBITaxon:1158630	1
NCBITaxon:1158631	1
NCBITaxon:1158632	1
NCBITaxon:1158633	1
NCBITaxon:1158634	1
NCBITaxon:1158635	1
NCBITaxon:1158636	1
NCBITaxon:1158637	1
NCBITaxon:1158638	1
NCBITaxon:1158639	1
NCBITaxon:1158640	1
NCBITaxon:1158641	1
NCBITaxon:1158642	1
NCBITaxon:1158643	1
NCBITaxon:1158644	1
NCBITaxon:1158645	1
NCBITaxon:1158646	1
NCBITaxon:1158647	1
NCBITaxon:1158648	1
NCBITaxon:1158649	1
NCBITaxon:1158650	1
NCBITaxon:1158651	1
NCBITaxon:1158652	1
NCBITaxon:1158653	2
NCBITaxon:1158654	1
NCBITaxon:1158655	1
NCBITaxon:1158656	1
NCBITaxon:1158657	1
NCBITaxon:1158658	1
NCBITaxon:1158660	1
NCBITaxon:1158661	1
NCBITaxon:1158662	1
NCBITaxon:1158663	1
NCBITaxon:1158664	1
NCBITaxon:1158665	1
NCBITaxon:1158666	1
NCBITaxon:1158667	1
NCBITaxon:1158668	1
NCBITaxon:1158669	1
NCBITaxon:1158670	1
NCBITaxon:1158671	1
NCBITaxon:1158672	1
NCBITaxon:1158673	1
NCBITaxon:1158674	1
NCBITaxon:1158675	1
NCBITaxon:1158676	3
NCBITaxon:1158677	1
NCBITaxon:1158678	1
NCBITaxon:1158682	2
NCBITaxon:1158683	2
NCBITaxon:1158684	2
NCBITaxon:1158685	2
NCBITaxon:1158686	2
NCBITaxon:1158687	2
NCBITaxon:1158688	2
NCBITaxon:1158689	2
NCBITaxon:1158690	2
NCBITaxon:1158691	2
NCBITaxon:1158692	2
NCBITaxon:1158693	2
NCBITaxon:1158694	2
NCBITaxon:1158695	2
NCBITaxon:1158696	2
NCBITaxon:1158697	2
NCBITaxon:1158698	2
NCBITaxon:1158699	2
NCBITaxon:1158700	2
NCBITaxon:1158701	2
NCBITaxon:1158702	2
NCBITaxon:1158703	2
NCBITaxon:1158704	2
NCBITaxon:1158705	2
NCBITaxon:1158706	2
NCBITaxon:1158707	2
NCBITaxon:1158708	2
NCBITaxon:1158709	2
NCBITaxon:1158710	2
NCBITaxon:1158711	2
NCBITaxon:1158712	2
NCBITaxon:1158756	1
NCBITaxon:1158757	1
NCBITaxon:1158758	1
NCBITaxon:1158759	1
NCBITaxon:1158760	1
NCBITaxon:1158761	1
NCBITaxon:1158762	1
NCBITaxon:1158763	1
NCBITaxon:1158764	1
NCBITaxon:1158788	1
NCBITaxon:1158976	1
NCBITaxon:1159	2
NCBITaxon:1159016	17
NCBITaxon:1159017	11
NCBITaxon:1159019	1
NCBITaxon:1159020	1
NCBITaxon:1159021	1
NCBITaxon:1159022	1
NCBITaxon:1159023	1
NCBITaxon:1159024	1
NCBITaxon:1159025	1
NCBITaxon:1159026	1
NCBITaxon:1159027	1
NCBITaxon:1159028	1
NCBITaxon:1159029	1
NCBITaxon:1159030	1
NCBITaxon:1159031	1
NCBITaxon:1159032	1
NCBITaxon:1159033	1
NCBITaxon:1159034	1
NCBITaxon:1159035	1
NCBITaxon:1159036	1
NCBITaxon:1159037	1
NCBITaxon:1159038	1
NCBITaxon:1159039	1
NCBITaxon:1159040	1
NCBITaxon:1159041	1
NCBITaxon:1159042	1
NCBITaxon:1159043	1
NCBITaxon:1159044	1
NCBITaxon:1159045	1
NCBITaxon:1159046	1
NCBITaxon:1159047	1
NCBITaxon:1159048	1
NCBITaxon:1159049	1
NCBITaxon:1159050	1
NCBITaxon:1159051	1
NCBITaxon:1159052	1
NCBITaxon:1159053	1
NCBITaxon:1159054	1
NCBITaxon:1159055	1
NCBITaxon:1159056	1
NCBITaxon:1159057	1
NCBITaxon:1159058	1
NCBITaxon:1159059	1
NCBITaxon:1159060	1
NCBITaxon:1159061	1
NCBITaxon:1159062	1
NCBITaxon:1159063	1
NCBITaxon:1159064	1
NCBITaxon:1159065	1
NCBITaxon:1159066	1
NCBITaxon:1159067	1
NCBITaxon:1159068	1
NCBITaxon:1159069	1
NCBITaxon:1159070	1
NCBITaxon:1159071	1
NCBITaxon:1159072	1
NCBITaxon:1159073	1
NCBITaxon:1159074	1
NCBITaxon:1159075	1
NCBITaxon:1159076	1
NCBITaxon:1159077	1
NCBITaxon:1159078	1
NCBITaxon:1159079	1
NCBITaxon:1159080	1
NCBITaxon:1159081	1
NCBITaxon:1159082	1
NCBITaxon:1159084	1
NCBITaxon:1159085	1
NCBITaxon:1159086	1
NCBITaxon:1159087	1
NCBITaxon:1159088	1
NCBITaxon:1159089	1
NCBITaxon:1159090	1
NCBITaxon:1159091	1
NCBITaxon:1159092	1
NCBITaxon:1159093	1
NCBITaxon:1159094	1
NCBITaxon:1159095	1
NCBITaxon:1159096	1
NCBITaxon:1159097	1
NCBITaxon:1159098	1
NCBITaxon:1159099	1
NCBITaxon:1159100	1
NCBITaxon:1159101	1
NCBITaxon:1159102	1
NCBITaxon:1159197	5
NCBITaxon:1159198	5
NCBITaxon:1159199	2
NCBITaxon:1159200	5
NCBITaxon:1159201	5
NCBITaxon:1159202	2
NCBITaxon:1159203	2
NCBITaxon:1159204	2
NCBITaxon:1159208	5
NCBITaxon:1159209	3
NCBITaxon:1159210	3
NCBITaxon:1159211	3
NCBITaxon:1159212	3
NCBITaxon:1159327	11
NCBITaxon:1159488	5
NCBITaxon:1159489	3
NCBITaxon:1159490	3
NCBITaxon:1159491	3
NCBITaxon:1159496	3
NCBITaxon:1159554	3
NCBITaxon:1159560	3
NCBITaxon:1159613	3
NCBITaxon:1159614	3
NCBITaxon:1159617	4
NCBITaxon:1159752	1
NCBITaxon:1159753	1
NCBITaxon:115979	2
NCBITaxon:115981	4
NCBITaxon:1159870	6
NCBITaxon:1159899	4
NCBITaxon:1159900	4
NCBITaxon:1160091	9
NCBITaxon:1160137	1
NCBITaxon:1160160	1
NCBITaxon:1160161	1
NCBITaxon:1160162	1
NCBITaxon:1160163	1
NCBITaxon:1160164	1
NCBITaxon:1160165	1
NCBITaxon:1160166	1
NCBITaxon:1160167	1
NCBITaxon:1160168	1
NCBITaxon:1160169	1
NCBITaxon:1160170	1
NCBITaxon:1160171	1
NCBITaxon:1160172	1
NCBITaxon:1160173	1
NCBITaxon:1160174	1
NCBITaxon:1160175	1
NCBITaxon:1160176	1
NCBITaxon:1160177	1
NCBITaxon:1160178	1
NCBITaxon:1160179	1
NCBITaxon:1160180	1
NCBITaxon:1160181	1
NCBITaxon:1160182	1
NCBITaxon:1160183	1
NCBITaxon:1160184	1
NCBITaxon:1160185	1
NCBITaxon:1160186	1
NCBITaxon:1160187	1
NCBITaxon:1160188	1
NCBITaxon:1160189	1
NCBITaxon:1160190	1
NCBITaxon:1160191	1
NCBITaxon:1160192	1
NCBITaxon:1160193	1
NCBITaxon:1160194	1
NCBITaxon:1160195	1
NCBITaxon:1160196	1
NCBITaxon:1160197	1
NCBITaxon:1160198	1
NCBITaxon:1160199	1
NCBITaxon:1160200	1
NCBITaxon:1160201	1
NCBITaxon:1160202	1
NCBITaxon:1160203	1
NCBITaxon:1160204	1
NCBITaxon:1160205	1
NCBITaxon:1160206	1
NCBITaxon:1160207	1
NCBITaxon:1160208	1
NCBITaxon:1160209	1
NCBITaxon:1160210	1
NCBITaxon:1160211	1
NCBITaxon:1160212	1
NCBITaxon:1160213	1
NCBITaxon:1160214	1
NCBITaxon:1160215	1
NCBITaxon:1160216	1
NCBITaxon:1160217	1
NCBITaxon:1160218	1
NCBITaxon:1160219	1
NCBITaxon:1160220	1
NCBITaxon:1160221	1
NCBITaxon:1160222	1
NCBITaxon:1160223	1
NCBITaxon:1160224	1
NCBITaxon:1160225	1
NCBITaxon:1160226	1
NCBITaxon:1160227	1
NCBITaxon:1160228	1
NCBITaxon:1160229	1
NCBITaxon:1160230	1
NCBITaxon:1160231	1
NCBITaxon:1160232	1
NCBITaxon:1160233	1
NCBITaxon:1160234	2
NCBITaxon:1160235	2
NCBITaxon:1160280	1
NCBITaxon:1160281	1
NCBITaxon:1160282	1
NCBITaxon:1160283	1
NCBITaxon:1160284	1
NCBITaxon:1160285	1
NCBITaxon:1160286	1
NCBITaxon:1160702	2
NCBITaxon:1160703	2
NCBITaxon:1160704	1
NCBITaxon:1160705	1
NCBITaxon:1160707	1
NCBITaxon:1160709	2
NCBITaxon:1160710	1
NCBITaxon:1160711	3
NCBITaxon:1160712	3
NCBITaxon:1160713	3
NCBITaxon:1160714	3
NCBITaxon:1160715	3
NCBITaxon:1160716	3
NCBITaxon:1160717	1
NCBITaxon:1160718	1
NCBITaxon:1160719	5
NCBITaxon:1160720	1
NCBITaxon:1160721	3
NCBITaxon:116085	2
NCBITaxon:116087	1
NCBITaxon:116089	7
NCBITaxon:116090	1
NCBITaxon:1161097	5
NCBITaxon:1161098	3
NCBITaxon:1161099	3
NCBITaxon:1161100	4
NCBITaxon:1161101	4
NCBITaxon:1161102	4
NCBITaxon:1161392	1
NCBITaxon:1161401	2
NCBITaxon:1161409	1
NCBITaxon:1161410	1
NCBITaxon:1161412	1
NCBITaxon:1161413	1
NCBITaxon:1161414	1
NCBITaxon:1161415	1
NCBITaxon:1161416	1
NCBITaxon:1161417	1
NCBITaxon:1161418	1
NCBITaxon:1161421	1
NCBITaxon:1161422	1
NCBITaxon:1161424	1
NCBITaxon:1161427	1
NCBITaxon:1161743	5
NCBITaxon:1161744	5
NCBITaxon:1161745	5
NCBITaxon:116188	1
NCBITaxon:1161902	1
NCBITaxon:1161904	5
NCBITaxon:1161911	4
NCBITaxon:1161912	1
NCBITaxon:1161913	6
NCBITaxon:1161914	1
NCBITaxon:1161915	1
NCBITaxon:1161916	1
NCBITaxon:1161917	1
NCBITaxon:1161918	3
NCBITaxon:1161919	1
NCBITaxon:1161942	7
NCBITaxon:1162281	1
NCBITaxon:1162282	1
NCBITaxon:1162283	1
NCBITaxon:1162284	1
NCBITaxon:1162285	3
NCBITaxon:1162286	3
NCBITaxon:1162287	3
NCBITaxon:1162288	1
NCBITaxon:1162294	4
NCBITaxon:1162296	7
NCBITaxon:1162297	4
NCBITaxon:1162302	4
NCBITaxon:1162418	1
NCBITaxon:1162633	14
NCBITaxon:1162668	2
NCBITaxon:1162689	12
NCBITaxon:1162965	15
NCBITaxon:1162966	14
NCBITaxon:1162967	2
NCBITaxon:1162969	14
NCBITaxon:1162970	1
NCBITaxon:1162980	26
NCBITaxon:1163065	1
NCBITaxon:1163386	4
NCBITaxon:1163387	1
NCBITaxon:1163388	1
NCBITaxon:1163389	2
NCBITaxon:1163391	1
NCBITaxon:1163392	4
NCBITaxon:1163393	4
NCBITaxon:1163394	4
NCBITaxon:1163395	4
NCBITaxon:1163396	4
NCBITaxon:1163397	4
NCBITaxon:1163398	5
NCBITaxon:1163399	1
NCBITaxon:1163407	1
NCBITaxon:1163408	1
NCBITaxon:1163409	1
NCBITaxon:1163419	6
NCBITaxon:1163617	1
NCBITaxon:1163621	12
NCBITaxon:1163670	1
NCBITaxon:1163671	1
NCBITaxon:1163710	6
NCBITaxon:1163722	4
NCBITaxon:1163730	4
NCBITaxon:1163738	1
NCBITaxon:1163739	1
NCBITaxon:1163740	1
NCBITaxon:1163741	1
NCBITaxon:1163742	1
NCBITaxon:1163743	1
NCBITaxon:1163744	3
NCBITaxon:1163745	1
NCBITaxon:1163748	6
NCBITaxon:1163749	2
NCBITaxon:1163751	1
NCBITaxon:1163752	1
NCBITaxon:1163776	8
NCBITaxon:1164	3
NCBITaxon:1164594	12
NCBITaxon:1164595	2
NCBITaxon:1164990	2
NCBITaxon:1165	4
NCBITaxon:1165090	22
NCBITaxon:1165091	7
NCBITaxon:1165092	2
NCBITaxon:1165093	3
NCBITaxon:1165095	1
NCBITaxon:1165096	2
NCBITaxon:1165102	25
NCBITaxon:1165507	5
NCBITaxon:1165689	18
NCBITaxon:1165841	1
NCBITaxon:1165852	2
NCBITaxon:1165867	4
NCBITaxon:1165868	3
NCBITaxon:1165869	3
NCBITaxon:1165892	5
NCBITaxon:1165939	1
NCBITaxon:1165940	5
NCBITaxon:1165941	5
NCBITaxon:1165942	1
NCBITaxon:1165943	5
NCBITaxon:1165944	1
NCBITaxon:1165945	5
NCBITaxon:1165946	5
NCBITaxon:1165947	1
NCBITaxon:1165949	5
NCBITaxon:1165950	1
NCBITaxon:1165951	5
NCBITaxon:1165952	1
NCBITaxon:1165953	1
NCBITaxon:116598	5
NCBITaxon:1166015	4
NCBITaxon:1166017	1
NCBITaxon:1166018	1
NCBITaxon:1166130	8
NCBITaxon:1166158	4
NCBITaxon:1166257	10
NCBITaxon:1166481	27
NCBITaxon:1166948	12
NCBITaxon:1167006	5
NCBITaxon:1167007	6
NCBITaxon:1167008	6
NCBITaxon:1167009	6
NCBITaxon:1167010	6
NCBITaxon:116718	2
NCBITaxon:1167628	5
NCBITaxon:1167629	5
NCBITaxon:1167631	1
NCBITaxon:1167632	3
NCBITaxon:1167634	4
NCBITaxon:1167635	2
NCBITaxon:1167637	24
NCBITaxon:1167638	1
NCBITaxon:1167640	2
NCBITaxon:1167641	1
NCBITaxon:1167689	3
NCBITaxon:1167694	7
NCBITaxon:1167697	1
NCBITaxon:1167724	1
NCBITaxon:1167727	1
NCBITaxon:1167733	1
NCBITaxon:1167737	1
NCBITaxon:1167738	1
NCBITaxon:1167739	1
NCBITaxon:1167877	2
NCBITaxon:1167881	1
NCBITaxon:1168034	1
NCBITaxon:1168035	1
NCBITaxon:1168039	1
NCBITaxon:1168057	3
NCBITaxon:1168061	1
NCBITaxon:1168062	1
NCBITaxon:1168063	1
NCBITaxon:1168064	1
NCBITaxon:1168065	2
NCBITaxon:1168067	1
NCBITaxon:1168082	26
NCBITaxon:1168169	1
NCBITaxon:1168170	5
NCBITaxon:1168286	1
NCBITaxon:1168287	5
NCBITaxon:1168288	6
NCBITaxon:1168289	1
NCBITaxon:1168290	6
NCBITaxon:116849	3
NCBITaxon:1168588	2
NCBITaxon:1168589	2
NCBITaxon:1168590	2
NCBITaxon:1168591	2
NCBITaxon:1168864	2
NCBITaxon:1168865	4
NCBITaxon:1169025	4
NCBITaxon:1169117	1
NCBITaxon:1169142	1
NCBITaxon:1169143	1
NCBITaxon:1169144	1
NCBITaxon:1169145	2
NCBITaxon:1169146	3
NCBITaxon:1169147	1
NCBITaxon:1169148	1
NCBITaxon:1169151	1
NCBITaxon:1169152	1
NCBITaxon:1169153	1
NCBITaxon:1169154	1
NCBITaxon:1169155	1
NCBITaxon:1169156	1
NCBITaxon:1169157	1
NCBITaxon:1169158	1
NCBITaxon:1169159	1
NCBITaxon:1169160	1
NCBITaxon:1169161	1
NCBITaxon:1169162	1
NCBITaxon:1169163	1
NCBITaxon:1169164	1
NCBITaxon:1169165	1
NCBITaxon:1169166	1
NCBITaxon:1169167	1
NCBITaxon:1169168	1
NCBITaxon:1169169	1
NCBITaxon:1169170	1
NCBITaxon:1169171	1
NCBITaxon:1169173	1
NCBITaxon:1169174	1
NCBITaxon:1169175	1
NCBITaxon:1169176	1
NCBITaxon:1169177	1
NCBITaxon:1169178	1
NCBITaxon:1169179	1
NCBITaxon:1169180	1
NCBITaxon:1169181	1
NCBITaxon:1169182	1
NCBITaxon:1169184	1
NCBITaxon:1169185	1
NCBITaxon:1169186	1
NCBITaxon:1169188	1
NCBITaxon:1169189	1
NCBITaxon:1169190	1
NCBITaxon:1169191	1
NCBITaxon:1169192	1
NCBITaxon:1169193	1
NCBITaxon:1169195	1
NCBITaxon:1169198	1
NCBITaxon:1169203	1
NCBITaxon:1169204	1
NCBITaxon:1169205	2
NCBITaxon:1169206	1
NCBITaxon:1169207	1
NCBITaxon:1169208	1
NCBITaxon:1169209	1
NCBITaxon:1169210	1
NCBITaxon:1169211	1
NCBITaxon:1169212	1
NCBITaxon:1169213	1
NCBITaxon:1169214	1
NCBITaxon:1169215	1
NCBITaxon:1169216	1
NCBITaxon:1169217	1
NCBITaxon:1169218	1
NCBITaxon:1169219	1
NCBITaxon:1169220	1
NCBITaxon:1169221	1
NCBITaxon:1169222	1
NCBITaxon:1169223	1
NCBITaxon:1169224	1
NCBITaxon:1169225	1
NCBITaxon:1169226	1
NCBITaxon:1169227	1
NCBITaxon:1169228	1
NCBITaxon:1169229	1
NCBITaxon:1169230	1
NCBITaxon:1169231	1
NCBITaxon:1169232	1
NCBITaxon:1169233	2
NCBITaxon:1169234	2
NCBITaxon:1169236	1
NCBITaxon:1169237	1
NCBITaxon:1169238	1
NCBITaxon:1169239	1
NCBITaxon:1169240	1
NCBITaxon:1169241	1
NCBITaxon:1169242	1
NCBITaxon:1169243	1
NCBITaxon:1169244	1
NCBITaxon:1169245	1
NCBITaxon:1169246	1
NCBITaxon:1169247	3
NCBITaxon:1169248	1
NCBITaxon:1169249	1
NCBITaxon:1169250	1
NCBITaxon:1169251	1
NCBITaxon:1169252	1
NCBITaxon:1169253	1
NCBITaxon:1169254	1
NCBITaxon:1169255	2
NCBITaxon:1169256	2
NCBITaxon:1169257	2
NCBITaxon:1169258	2
NCBITaxon:1169259	2
NCBITaxon:1169260	2
NCBITaxon:1169261	2
NCBITaxon:1169262	2
NCBITaxon:1169263	2
NCBITaxon:1169264	2
NCBITaxon:1169265	2
NCBITaxon:1169266	2
NCBITaxon:1169267	2
NCBITaxon:1169268	2
NCBITaxon:1169269	2
NCBITaxon:1169270	2
NCBITaxon:1169271	2
NCBITaxon:1169272	2
NCBITaxon:1169273	2
NCBITaxon:1169274	2
NCBITaxon:1169275	2
NCBITaxon:1169276	2
NCBITaxon:1169277	2
NCBITaxon:1169278	1
NCBITaxon:1169279	1
NCBITaxon:1169280	1
NCBITaxon:1169281	1
NCBITaxon:1169282	3
NCBITaxon:1169283	1
NCBITaxon:1169284	1
NCBITaxon:1169285	1
NCBITaxon:1169286	5
NCBITaxon:1169287	1
NCBITaxon:1169288	1
NCBITaxon:1169289	1
NCBITaxon:1169290	1
NCBITaxon:1169291	1
NCBITaxon:1169292	1
NCBITaxon:1169293	1
NCBITaxon:1169294	1
NCBITaxon:1169295	1
NCBITaxon:1169296	1
NCBITaxon:1169297	1
NCBITaxon:1169298	1
NCBITaxon:1169299	1
NCBITaxon:1169300	1
NCBITaxon:1169301	1
NCBITaxon:1169302	1
NCBITaxon:1169303	1
NCBITaxon:1169304	1
NCBITaxon:1169305	1
NCBITaxon:1169306	1
NCBITaxon:1169307	1
NCBITaxon:1169308	1
NCBITaxon:1169309	1
NCBITaxon:1169310	1
NCBITaxon:1169311	1
NCBITaxon:1169312	1
NCBITaxon:1169313	1
NCBITaxon:1169314	1
NCBITaxon:1169315	1
NCBITaxon:1169316	1
NCBITaxon:1169317	1
NCBITaxon:1169318	1
NCBITaxon:1169319	3
NCBITaxon:1169320	1
NCBITaxon:1169321	3
NCBITaxon:1169322	3
NCBITaxon:1169323	1
NCBITaxon:1169324	1
NCBITaxon:1169325	1
NCBITaxon:1169326	1
NCBITaxon:1169327	1
NCBITaxon:1169328	1
NCBITaxon:1169329	1
NCBITaxon:1169330	1
NCBITaxon:1169331	4
NCBITaxon:1169332	1
NCBITaxon:1169333	1
NCBITaxon:1169334	1
NCBITaxon:1169335	1
NCBITaxon:1169336	1
NCBITaxon:1169337	1
NCBITaxon:1169338	1
NCBITaxon:1169339	1
NCBITaxon:1169340	1
NCBITaxon:1169341	1
NCBITaxon:1169342	1
NCBITaxon:1169343	1
NCBITaxon:1169344	1
NCBITaxon:1169345	1
NCBITaxon:1169346	1
NCBITaxon:1169347	1
NCBITaxon:1169348	1
NCBITaxon:1169349	3
NCBITaxon:1169350	3
NCBITaxon:1169351	1
NCBITaxon:1169352	1
NCBITaxon:1169353	1
NCBITaxon:1169354	1
NCBITaxon:1169355	1
NCBITaxon:1169356	1
NCBITaxon:1169357	1
NCBITaxon:1169358	1
NCBITaxon:1169359	1
NCBITaxon:1169360	1
NCBITaxon:1169361	1
NCBITaxon:1169362	1
NCBITaxon:1169363	1
NCBITaxon:1169364	1
NCBITaxon:1169365	1
NCBITaxon:1169366	1
NCBITaxon:1169367	1
NCBITaxon:1169368	1
NCBITaxon:1169369	1
NCBITaxon:1169370	1
NCBITaxon:1169371	1
NCBITaxon:1169372	1
NCBITaxon:1169373	1
NCBITaxon:1169374	1
NCBITaxon:1169375	1
NCBITaxon:1169376	1
NCBITaxon:1169377	1
NCBITaxon:1169378	1
NCBITaxon:1169379	1
NCBITaxon:1169380	1
NCBITaxon:1169381	1
NCBITaxon:1169382	1
NCBITaxon:1169383	1
NCBITaxon:1169384	1
NCBITaxon:1169385	1
NCBITaxon:1169386	1
NCBITaxon:1169387	1
NCBITaxon:1169388	1
NCBITaxon:1169389	1
NCBITaxon:1169390	1
NCBITaxon:1169391	1
NCBITaxon:1169392	1
NCBITaxon:1169393	1
NCBITaxon:1169394	1
NCBITaxon:1169395	1
NCBITaxon:1169396	1
NCBITaxon:1169397	1
NCBITaxon:1169398	1
NCBITaxon:1169399	1
NCBITaxon:1169400	1
NCBITaxon:1169401	1
NCBITaxon:1169402	1
NCBITaxon:1169403	1
NCBITaxon:1169404	1
NCBITaxon:1169408	7
NCBITaxon:1169409	6
NCBITaxon:1169410	6
NCBITaxon:1169411	1
NCBITaxon:1169412	1
NCBITaxon:1169413	3
NCBITaxon:1169414	1
NCBITaxon:1169660	3
NCBITaxon:1169661	3
NCBITaxon:1169663	2
NCBITaxon:1169664	4
NCBITaxon:1169665	1
NCBITaxon:1169666	1
NCBITaxon:1169667	1
NCBITaxon:1169668	1
NCBITaxon:1169669	1
NCBITaxon:1169670	2
NCBITaxon:1169671	2
NCBITaxon:1169672	2
NCBITaxon:1169673	2
NCBITaxon:1169674	2
NCBITaxon:1169675	2
NCBITaxon:1169848	5
NCBITaxon:1169855	4
NCBITaxon:1169862	4
NCBITaxon:1169863	3
NCBITaxon:1169864	1
NCBITaxon:117	3
NCBITaxon:1170224	17
NCBITaxon:1170318	3
NCBITaxon:1170320	1
NCBITaxon:1170562	3
NCBITaxon:1170698	1
NCBITaxon:1170703	1
NCBITaxon:1171373	5
NCBITaxon:1171375	1
NCBITaxon:1171376	5
NCBITaxon:1171378	7
NCBITaxon:117157	3
NCBITaxon:117184	4
NCBITaxon:117207	3
NCBITaxon:117209	1
NCBITaxon:1172178	1
NCBITaxon:1172179	4
NCBITaxon:1172180	1
NCBITaxon:1172181	1
NCBITaxon:1172182	1
NCBITaxon:1172183	1
NCBITaxon:1172184	3
NCBITaxon:1172185	3
NCBITaxon:1172186	4
NCBITaxon:1172187	1
NCBITaxon:1172188	2
NCBITaxon:1172190	11
NCBITaxon:1172192	1
NCBITaxon:1172194	1
NCBITaxon:1172197	2
NCBITaxon:1172198	2
NCBITaxon:1172199	2
NCBITaxon:1172200	2
NCBITaxon:1172201	2
NCBITaxon:1172202	6
NCBITaxon:1172203	7
NCBITaxon:1172204	6
NCBITaxon:1172205	2
NCBITaxon:1172206	5
NCBITaxon:1172562	1
NCBITaxon:1172566	1
NCBITaxon:1172567	1
NCBITaxon:1173020	2
NCBITaxon:1173021	1
NCBITaxon:1173022	2
NCBITaxon:1173023	4
NCBITaxon:1173024	2
NCBITaxon:1173025	5
NCBITaxon:1173026	5
NCBITaxon:1173027	6
NCBITaxon:1173028	2
NCBITaxon:1173029	1
NCBITaxon:1173032	2
NCBITaxon:1173062	1
NCBITaxon:1173065	3
NCBITaxon:1173082	4
NCBITaxon:1173101	3
NCBITaxon:1173263	2
NCBITaxon:1173264	4
NCBITaxon:1173479	1
NCBITaxon:1173480	1
NCBITaxon:1173481	5
NCBITaxon:1173502	1
NCBITaxon:1173582	15
NCBITaxon:1173583	20
NCBITaxon:1173584	9
NCBITaxon:1173614	11
NCBITaxon:1173618	10
NCBITaxon:1173684	1
NCBITaxon:1173689	6
NCBITaxon:1173690	6
NCBITaxon:1173691	7
NCBITaxon:1173724	1
NCBITaxon:1173763	1
NCBITaxon:1173773	1
NCBITaxon:1173774	1
NCBITaxon:1173777	1
NCBITaxon:1173778	1
NCBITaxon:1173780	1
NCBITaxon:1173868	1
NCBITaxon:1173869	1
NCBITaxon:1173870	1
NCBITaxon:1173871	1
NCBITaxon:1173872	1
NCBITaxon:1173873	1
NCBITaxon:1173874	1
NCBITaxon:1173875	1
NCBITaxon:1173880	1
NCBITaxon:1173941	1
NCBITaxon:1173948	1
NCBITaxon:1173950	1
NCBITaxon:1173951	1
NCBITaxon:1173954	4
NCBITaxon:1173957	4
NCBITaxon:1173995	2
NCBITaxon:1174501	23
NCBITaxon:1174504	5
NCBITaxon:1174528	2
NCBITaxon:1174529	2
NCBITaxon:1174684	3
NCBITaxon:117503	2
NCBITaxon:117506	6
NCBITaxon:1175295	1
NCBITaxon:1175296	1
NCBITaxon:1175306	2
NCBITaxon:1175313	3
NCBITaxon:1175444	7
NCBITaxon:1175445	10
NCBITaxon:1175452	1
NCBITaxon:1175486	11
NCBITaxon:1175629	1
NCBITaxon:1175631	1
NCBITaxon:1175632	3
NCBITaxon:1175633	3
NCBITaxon:117567	4
NCBITaxon:117606	2
NCBITaxon:1176125	3
NCBITaxon:1176165	1
NCBITaxon:1176176	11
NCBITaxon:1176177	18
NCBITaxon:1176198	17
NCBITaxon:1176255	1
NCBITaxon:1176482	16
NCBITaxon:1176487	3
NCBITaxon:1176488	3
NCBITaxon:1176489	1
NCBITaxon:1176490	1
NCBITaxon:1176491	4
NCBITaxon:1176492	1
NCBITaxon:1176513	2
NCBITaxon:1176514	1
NCBITaxon:1176649	4
NCBITaxon:1176697	4
NCBITaxon:1176721	17
NCBITaxon:1176728	2
NCBITaxon:117681	2
NCBITaxon:1177117	7
NCBITaxon:1177153	4
NCBITaxon:1177154	1
NCBITaxon:1177155	1
NCBITaxon:1177156	1
NCBITaxon:1177157	2
NCBITaxon:1177158	1
NCBITaxon:1177159	1
NCBITaxon:1177160	1
NCBITaxon:1177161	1
NCBITaxon:1177162	1
NCBITaxon:1177163	1
NCBITaxon:1177164	1
NCBITaxon:1177165	1
NCBITaxon:1177166	1
NCBITaxon:1177167	1
NCBITaxon:1177168	1
NCBITaxon:1177169	10
NCBITaxon:1177170	1
NCBITaxon:1177171	1
NCBITaxon:1177172	1
NCBITaxon:1177173	1
NCBITaxon:1177174	1
NCBITaxon:1177175	1
NCBITaxon:1177176	1
NCBITaxon:1177177	1
NCBITaxon:1177179	3
NCBITaxon:1177180	6
NCBITaxon:1177181	6
NCBITaxon:1177182	1
NCBITaxon:1177184	1
NCBITaxon:1177185	1
NCBITaxon:1177186	7
NCBITaxon:1177189	5
NCBITaxon:1177574	10
NCBITaxon:1177712	12
NCBITaxon:1177728	1
NCBITaxon:1177755	1
NCBITaxon:1177826	9
NCBITaxon:1177926	1
NCBITaxon:1177927	7
NCBITaxon:1177928	4
NCBITaxon:1177929	3
NCBITaxon:1177930	3
NCBITaxon:1177982	10
NCBITaxon:1178482	2
NCBITaxon:1178526	5
NCBITaxon:1178528	2
NCBITaxon:1178537	1
NCBITaxon:1178538	1
NCBITaxon:1178539	1
NCBITaxon:1178540	1
NCBITaxon:1178541	1
NCBITaxon:1178544	3
NCBITaxon:1178777	26
NCBITaxon:1178825	9
NCBITaxon:1179	1
NCBITaxon:1179155	5
NCBITaxon:1179224	1
NCBITaxon:1179225	1
NCBITaxon:1179226	2
NCBITaxon:1179467	5
NCBITaxon:1179743	12
NCBITaxon:1179773	1
NCBITaxon:1179777	1
NCBITaxon:1179778	7
NCBITaxon:1179780	1
NCBITaxon:118000	7
NCBITaxon:118005	5
NCBITaxon:118060	19
NCBITaxon:118062	7
NCBITaxon:1181233	1
NCBITaxon:1181234	7
NCBITaxon:118126	6
NCBITaxon:1181271	6
NCBITaxon:118161	5
NCBITaxon:118163	1
NCBITaxon:118166	1
NCBITaxon:118168	4
NCBITaxon:1181724	1
NCBITaxon:1181725	1
NCBITaxon:1181726	1
NCBITaxon:1181727	1
NCBITaxon:1181728	1
NCBITaxon:1181729	1
NCBITaxon:118173	3
NCBITaxon:1181730	1
NCBITaxon:1181731	1
NCBITaxon:1181732	1
NCBITaxon:1181733	1
NCBITaxon:1181734	1
NCBITaxon:1181735	1
NCBITaxon:1181736	1
NCBITaxon:1181737	1
NCBITaxon:1181738	1
NCBITaxon:1181739	1
NCBITaxon:1181740	1
NCBITaxon:1181741	1
NCBITaxon:1181742	1
NCBITaxon:1181743	1
NCBITaxon:1181744	1
NCBITaxon:1181745	1
NCBITaxon:1181746	1
NCBITaxon:1181747	1
NCBITaxon:1181748	1
NCBITaxon:1181749	1
NCBITaxon:1181750	1
NCBITaxon:1181751	1
NCBITaxon:1181752	1
NCBITaxon:1181753	1
NCBITaxon:1181754	1
NCBITaxon:1181755	1
NCBITaxon:1181756	1
NCBITaxon:1181757	1
NCBITaxon:1181758	1
NCBITaxon:1181759	1
NCBITaxon:1181760	1
NCBITaxon:1181761	1
NCBITaxon:1181762	1
NCBITaxon:1181763	1
NCBITaxon:1181764	1
NCBITaxon:1181765	1
NCBITaxon:1181766	1
NCBITaxon:1181767	1
NCBITaxon:1181768	1
NCBITaxon:1181769	1
NCBITaxon:1181770	1
NCBITaxon:1181771	1
NCBITaxon:1181772	1
NCBITaxon:1181773	1
NCBITaxon:1181774	1
NCBITaxon:1181775	1
NCBITaxon:1181776	1
NCBITaxon:1181777	1
NCBITaxon:1181778	1
NCBITaxon:1181779	1
NCBITaxon:1181780	1
NCBITaxon:1181781	1
NCBITaxon:1181782	1
NCBITaxon:1181840	1
NCBITaxon:1181884	11
NCBITaxon:1181887	6
NCBITaxon:1182164	1
NCBITaxon:1182167	1
NCBITaxon:1182168	1
NCBITaxon:1182170	1
NCBITaxon:1182263	1
NCBITaxon:1182408	9
NCBITaxon:1182444	9
NCBITaxon:1182451	4
NCBITaxon:118246	2
NCBITaxon:1182590	1
NCBITaxon:1182653	1
NCBITaxon:1182654	1
NCBITaxon:1182655	1
NCBITaxon:1182656	1
NCBITaxon:1182657	1
NCBITaxon:1182658	1
NCBITaxon:1182659	2
NCBITaxon:1182660	1
NCBITaxon:1182661	1
NCBITaxon:1182662	1
NCBITaxon:1182663	1
NCBITaxon:1182664	1
NCBITaxon:1182665	1
NCBITaxon:1182666	1
NCBITaxon:1182667	1
NCBITaxon:1182668	1
NCBITaxon:1182669	1
NCBITaxon:1182670	1
NCBITaxon:1182671	1
NCBITaxon:1182672	1
NCBITaxon:1182673	1
NCBITaxon:1182674	1
NCBITaxon:1182675	1
NCBITaxon:1182676	1
NCBITaxon:1182677	1
NCBITaxon:1182678	1
NCBITaxon:1182679	1
NCBITaxon:1182680	1
NCBITaxon:1182681	1
NCBITaxon:1182682	1
NCBITaxon:1182683	1
NCBITaxon:1182684	1
NCBITaxon:1182685	1
NCBITaxon:1182686	1
NCBITaxon:1182687	1
NCBITaxon:1182688	1
NCBITaxon:1182689	1
NCBITaxon:1182690	1
NCBITaxon:1182691	1
NCBITaxon:1182692	1
NCBITaxon:1182693	1
NCBITaxon:1182694	1
NCBITaxon:1182695	3
NCBITaxon:1182696	1
NCBITaxon:1182697	3
NCBITaxon:1182698	1
NCBITaxon:1182699	1
NCBITaxon:1182700	1
NCBITaxon:1182701	1
NCBITaxon:1182702	1
NCBITaxon:1182703	1
NCBITaxon:1182704	1
NCBITaxon:1182705	1
NCBITaxon:1182706	1
NCBITaxon:1182707	1
NCBITaxon:1182708	1
NCBITaxon:1182709	1
NCBITaxon:1182710	1
NCBITaxon:1182711	1
NCBITaxon:1182712	1
NCBITaxon:1182713	1
NCBITaxon:1182714	1
NCBITaxon:1182715	1
NCBITaxon:1182716	1
NCBITaxon:1182717	1
NCBITaxon:1182718	1
NCBITaxon:1182719	1
NCBITaxon:1182720	1
NCBITaxon:1182721	1
NCBITaxon:1182722	1
NCBITaxon:1182723	1
NCBITaxon:1182724	1
NCBITaxon:1182725	1
NCBITaxon:1182726	1
NCBITaxon:1182727	1
NCBITaxon:1182728	1
NCBITaxon:1182729	1
NCBITaxon:1182730	1
NCBITaxon:1182731	1
NCBITaxon:1182732	3
NCBITaxon:1182733	1
NCBITaxon:1182734	1
NCBITaxon:1182735	1
NCBITaxon:1182736	1
NCBITaxon:1182737	1
NCBITaxon:1182738	1
NCBITaxon:1182749	1
NCBITaxon:1182750	5
NCBITaxon:1182751	5
NCBITaxon:1182752	5
NCBITaxon:1182753	5
NCBITaxon:1182754	5
NCBITaxon:1182755	5
NCBITaxon:1182756	3
NCBITaxon:1182757	3
NCBITaxon:1182758	3
NCBITaxon:1182759	3
NCBITaxon:1182760	3
NCBITaxon:1182761	3
NCBITaxon:1182762	3
NCBITaxon:1182783	6
NCBITaxon:1183151	1
NCBITaxon:1183154	1
NCBITaxon:1183155	1
NCBITaxon:118322	1
NCBITaxon:118323	3
NCBITaxon:1183377	7
NCBITaxon:1183378	5
NCBITaxon:1183379	5
NCBITaxon:1183380	5
NCBITaxon:1183421	5
NCBITaxon:1183422	5
NCBITaxon:1183423	1
NCBITaxon:1183424	5
NCBITaxon:1183425	3
NCBITaxon:1183426	1
NCBITaxon:1183427	1
NCBITaxon:1183428	1
NCBITaxon:1183429	1
NCBITaxon:1183430	1
NCBITaxon:1183432	1
NCBITaxon:1183433	5
NCBITaxon:1183434	1
NCBITaxon:1183435	1
NCBITaxon:1183436	1
NCBITaxon:1183438	6
NCBITaxon:118367	6
NCBITaxon:1184	1
NCBITaxon:1184251	2
NCBITaxon:1184252	1
NCBITaxon:1184253	1
NCBITaxon:1184254	1
NCBITaxon:1184255	1
NCBITaxon:1184256	1
NCBITaxon:1184257	1
NCBITaxon:1184258	1
NCBITaxon:1184259	1
NCBITaxon:1184260	1
NCBITaxon:1184261	1
NCBITaxon:1184262	1
NCBITaxon:1184263	1
NCBITaxon:1184264	1
NCBITaxon:1184265	1
NCBITaxon:1184266	1
NCBITaxon:1184267	2
NCBITaxon:1184387	3
NCBITaxon:1184607	5
NCBITaxon:1184609	4
NCBITaxon:1184706	14
NCBITaxon:1185324	7
NCBITaxon:1185325	6
NCBITaxon:1185327	1
NCBITaxon:1185412	16
NCBITaxon:1185414	3
NCBITaxon:1185415	14
NCBITaxon:1185418	1
NCBITaxon:1185419	4
NCBITaxon:1185420	4
NCBITaxon:1185421	2
NCBITaxon:118562	5
NCBITaxon:1185651	2
NCBITaxon:1185652	6
NCBITaxon:1185653	1
NCBITaxon:1185654	6
NCBITaxon:1185655	1
NCBITaxon:1185656	1
NCBITaxon:1185657	1
NCBITaxon:1185658	1
NCBITaxon:1185659	1
NCBITaxon:1185660	4
NCBITaxon:1185661	1
NCBITaxon:1185662	1
NCBITaxon:1185663	1
NCBITaxon:1185664	1
NCBITaxon:1185665	1
NCBITaxon:1185666	1
NCBITaxon:1185667	1
NCBITaxon:1185668	1
NCBITaxon:1185669	1
NCBITaxon:1185670	1
NCBITaxon:1185671	1
NCBITaxon:1185672	1
NCBITaxon:1185673	1
NCBITaxon:1185674	1
NCBITaxon:1185675	1
NCBITaxon:1185676	1
NCBITaxon:1185677	1
NCBITaxon:1185678	1
NCBITaxon:1185679	1
NCBITaxon:1185680	1
NCBITaxon:1185681	1
NCBITaxon:1185682	1
NCBITaxon:1185683	1
NCBITaxon:1185684	1
NCBITaxon:1185685	1
NCBITaxon:1185686	1
NCBITaxon:1185687	1
NCBITaxon:1185688	1
NCBITaxon:1185689	1
NCBITaxon:1185690	1
NCBITaxon:1185691	1
NCBITaxon:1185692	1
NCBITaxon:1185693	1
NCBITaxon:1185694	1
NCBITaxon:1185695	1
NCBITaxon:1185696	1
NCBITaxon:1185697	1
NCBITaxon:1185698	1
NCBITaxon:1185699	1
NCBITaxon:1185700	1
NCBITaxon:1185701	1
NCBITaxon:1185702	1
NCBITaxon:1185703	1
NCBITaxon:1185704	1
NCBITaxon:1185705	1
NCBITaxon:1185706	1
NCBITaxon:1185707	1
NCBITaxon:1185708	1
NCBITaxon:1185709	1
NCBITaxon:1185710	1
NCBITaxon:1185711	1
NCBITaxon:1185712	1
NCBITaxon:1185713	1
NCBITaxon:1185714	1
NCBITaxon:1185715	1
NCBITaxon:1185766	37
NCBITaxon:1185767	3
NCBITaxon:1185843	12
NCBITaxon:1185876	1
NCBITaxon:1185920	1
NCBITaxon:1186051	2
NCBITaxon:118675	1
NCBITaxon:1187	1
NCBITaxon:1187065	4
NCBITaxon:1187080	38
NCBITaxon:118748	3
NCBITaxon:1187845	5
NCBITaxon:1187846	5
NCBITaxon:1187847	5
NCBITaxon:1187848	5
NCBITaxon:1187851	7
NCBITaxon:1187852	21
NCBITaxon:1187856	1
NCBITaxon:1187860	1
NCBITaxon:1187861	1
NCBITaxon:1187956	1
NCBITaxon:1188	2
NCBITaxon:1188007	2
NCBITaxon:1188231	3
NCBITaxon:1188233	4
NCBITaxon:1188234	4
NCBITaxon:1188235	4
NCBITaxon:1188236	4
NCBITaxon:1188237	4
NCBITaxon:1188238	4
NCBITaxon:1188239	4
NCBITaxon:1188240	4
NCBITaxon:1188241	4
NCBITaxon:1188242	4
NCBITaxon:1188243	4
NCBITaxon:1188244	4
NCBITaxon:1188245	1
NCBITaxon:1188246	3
NCBITaxon:1188247	1
NCBITaxon:1188248	3
NCBITaxon:1188250	1
NCBITaxon:1188251	3
NCBITaxon:1188252	5
NCBITaxon:1188253	5
NCBITaxon:1188254	1
NCBITaxon:1188255	3
NCBITaxon:1188256	1
NCBITaxon:1188257	5
NCBITaxon:1188258	3
NCBITaxon:1188259	3
NCBITaxon:1188260	1
NCBITaxon:1188261	6
NCBITaxon:1188263	6
NCBITaxon:1188319	1
NCBITaxon:1189079	1
NCBITaxon:1189127	24
NCBITaxon:1189303	1
NCBITaxon:1189304	1
NCBITaxon:1189310	5
NCBITaxon:1189311	2
NCBITaxon:1189325	14
NCBITaxon:1189611	3
NCBITaxon:1189612	5
NCBITaxon:1189613	2
NCBITaxon:1189616	1
NCBITaxon:1189617	1
NCBITaxon:1189618	1
NCBITaxon:1189619	7
NCBITaxon:1189620	7
NCBITaxon:1189621	2
NCBITaxon:1189622	1
NCBITaxon:1189623	1
NCBITaxon:118967	1
NCBITaxon:119	4
NCBITaxon:119000	2
NCBITaxon:119025	2
NCBITaxon:1190417	20
NCBITaxon:1190508	1
NCBITaxon:1190567	1
NCBITaxon:1190569	1
NCBITaxon:1190570	1
NCBITaxon:1190571	1
NCBITaxon:1190572	1
NCBITaxon:1190573	1
NCBITaxon:1190574	1
NCBITaxon:1190575	1
NCBITaxon:1190576	1
NCBITaxon:1190577	1
NCBITaxon:1190578	1
NCBITaxon:1190579	1
NCBITaxon:1190580	1
NCBITaxon:1190581	1
NCBITaxon:1190603	5
NCBITaxon:1190605	5
NCBITaxon:1190606	5
NCBITaxon:1190607	5
NCBITaxon:1190620	1
NCBITaxon:1190621	1
NCBITaxon:1191061	2
NCBITaxon:1191062	1
NCBITaxon:1191209	1
NCBITaxon:1191298	1
NCBITaxon:1191299	1
NCBITaxon:1191300	1
NCBITaxon:1191301	1
NCBITaxon:1191302	1
NCBITaxon:1191303	1
NCBITaxon:1191304	1
NCBITaxon:1191305	1
NCBITaxon:1191309	1
NCBITaxon:1191312	1
NCBITaxon:1191313	1
NCBITaxon:1191322	1
NCBITaxon:1191323	1
NCBITaxon:1191324	1
NCBITaxon:1191325	1
NCBITaxon:1191326	1
NCBITaxon:1191328	1
NCBITaxon:1191459	1
NCBITaxon:1191460	1
NCBITaxon:1191475	6
NCBITaxon:1191522	1
NCBITaxon:1191523	2
NCBITaxon:1191699	9
NCBITaxon:119206	3
NCBITaxon:119219	5
NCBITaxon:1192196	5
NCBITaxon:1192197	1
NCBITaxon:119224	2
NCBITaxon:1192555	1
NCBITaxon:1192556	1
NCBITaxon:1192557	1
NCBITaxon:1192558	1
NCBITaxon:1192559	1
NCBITaxon:1192560	7
NCBITaxon:1192561	1
NCBITaxon:1192562	1
NCBITaxon:1192563	1
NCBITaxon:1192564	1
NCBITaxon:1192565	1
NCBITaxon:1192566	1
NCBITaxon:1192567	1
NCBITaxon:1192568	1
NCBITaxon:1192569	1
NCBITaxon:1192570	1
NCBITaxon:1192571	1
NCBITaxon:1192572	1
NCBITaxon:1192573	1
NCBITaxon:1192574	1
NCBITaxon:1192575	1
NCBITaxon:1192576	1
NCBITaxon:1192577	1
NCBITaxon:1192579	1
NCBITaxon:1192580	1
NCBITaxon:1192581	1
NCBITaxon:1192582	1
NCBITaxon:1192583	1
NCBITaxon:1192584	1
NCBITaxon:1192585	1
NCBITaxon:1192586	1
NCBITaxon:1192587	1
NCBITaxon:1192588	1
NCBITaxon:1192589	1
NCBITaxon:1192590	1
NCBITaxon:1192591	1
NCBITaxon:1192592	1
NCBITaxon:1192593	1
NCBITaxon:1192594	1
NCBITaxon:1192595	1
NCBITaxon:1192596	1
NCBITaxon:1192597	1
NCBITaxon:1192598	1
NCBITaxon:1192599	1
NCBITaxon:1192600	1
NCBITaxon:1192601	1
NCBITaxon:1192602	1
NCBITaxon:1192603	1
NCBITaxon:1192604	1
NCBITaxon:1192605	1
NCBITaxon:1192606	1
NCBITaxon:1192607	1
NCBITaxon:1192608	1
NCBITaxon:1192609	1
NCBITaxon:1192610	1
NCBITaxon:1192611	1
NCBITaxon:1192612	1
NCBITaxon:1192613	1
NCBITaxon:1192614	1
NCBITaxon:1192615	1
NCBITaxon:1192616	1
NCBITaxon:1192617	1
NCBITaxon:1192618	1
NCBITaxon:1192619	1
NCBITaxon:1192620	1
NCBITaxon:1192621	1
NCBITaxon:1192622	1
NCBITaxon:1192623	1
NCBITaxon:1192624	1
NCBITaxon:1192625	1
NCBITaxon:1192626	1
NCBITaxon:1192627	1
NCBITaxon:1192628	1
NCBITaxon:1192629	1
NCBITaxon:1192630	1
NCBITaxon:1192631	1
NCBITaxon:1192632	1
NCBITaxon:1192633	1
NCBITaxon:1192634	1
NCBITaxon:1192635	1
NCBITaxon:1192636	1
NCBITaxon:1192637	1
NCBITaxon:1192638	1
NCBITaxon:1192639	1
NCBITaxon:1192640	1
NCBITaxon:1192641	1
NCBITaxon:1192642	1
NCBITaxon:1192643	1
NCBITaxon:1192644	1
NCBITaxon:1192645	1
NCBITaxon:1192646	1
NCBITaxon:1192647	1
NCBITaxon:1192648	1
NCBITaxon:1192649	1
NCBITaxon:1192650	1
NCBITaxon:1192651	1
NCBITaxon:1192652	1
NCBITaxon:1192653	1
NCBITaxon:1192654	1
NCBITaxon:1192655	1
NCBITaxon:1192656	1
NCBITaxon:1192657	1
NCBITaxon:1192658	1
NCBITaxon:1192659	1
NCBITaxon:1192660	1
NCBITaxon:1192661	1
NCBITaxon:1192662	1
NCBITaxon:1192663	1
NCBITaxon:1192664	1
NCBITaxon:1192665	1
NCBITaxon:1192666	1
NCBITaxon:1192667	1
NCBITaxon:1192668	1
NCBITaxon:1192669	1
NCBITaxon:1192670	1
NCBITaxon:1192671	1
NCBITaxon:1192672	1
NCBITaxon:1192673	1
NCBITaxon:1192674	1
NCBITaxon:1192675	1
NCBITaxon:1192676	1
NCBITaxon:1192677	1
NCBITaxon:1192678	1
NCBITaxon:1192679	1
NCBITaxon:1192680	1
NCBITaxon:1192681	1
NCBITaxon:1192682	1
NCBITaxon:1192683	1
NCBITaxon:1192684	1
NCBITaxon:1192685	1
NCBITaxon:1192686	1
NCBITaxon:1192687	1
NCBITaxon:1192688	1
NCBITaxon:1192689	1
NCBITaxon:1192690	1
NCBITaxon:1192691	1
NCBITaxon:1192692	1
NCBITaxon:1192693	1
NCBITaxon:1192694	1
NCBITaxon:1192695	1
NCBITaxon:1192696	1
NCBITaxon:1192698	1
NCBITaxon:1192699	1
NCBITaxon:1192700	1
NCBITaxon:1192701	1
NCBITaxon:1192702	1
NCBITaxon:1192703	1
NCBITaxon:1192704	1
NCBITaxon:1192705	1
NCBITaxon:1192706	1
NCBITaxon:1192707	1
NCBITaxon:1192708	1
NCBITaxon:1192709	1
NCBITaxon:1192710	1
NCBITaxon:1192711	1
NCBITaxon:1192712	1
NCBITaxon:1192713	1
NCBITaxon:1192714	1
NCBITaxon:1192715	1
NCBITaxon:1192716	1
NCBITaxon:1192717	1
NCBITaxon:1192718	1
NCBITaxon:1192719	1
NCBITaxon:1192720	1
NCBITaxon:1192721	1
NCBITaxon:1192722	1
NCBITaxon:1192723	1
NCBITaxon:1192724	1
NCBITaxon:1192725	1
NCBITaxon:1192726	1
NCBITaxon:1192727	1
NCBITaxon:1192728	1
NCBITaxon:1192729	1
NCBITaxon:1192731	1
NCBITaxon:1192732	1
NCBITaxon:1192733	1
NCBITaxon:1192734	1
NCBITaxon:1192735	1
NCBITaxon:1192736	1
NCBITaxon:1192737	1
NCBITaxon:1192738	1
NCBITaxon:1192739	1
NCBITaxon:1192740	1
NCBITaxon:1192741	1
NCBITaxon:1192742	1
NCBITaxon:1192743	1
NCBITaxon:1192744	1
NCBITaxon:1192746	1
NCBITaxon:1192747	1
NCBITaxon:1192748	1
NCBITaxon:1192749	1
NCBITaxon:1192750	1
NCBITaxon:1192751	1
NCBITaxon:1192752	1
NCBITaxon:1192753	1
NCBITaxon:1192755	1
NCBITaxon:1192756	1
NCBITaxon:1192757	1
NCBITaxon:1192759	1
NCBITaxon:1192760	1
NCBITaxon:1192761	1
NCBITaxon:1192762	1
NCBITaxon:1192763	1
NCBITaxon:1192764	1
NCBITaxon:1192765	1
NCBITaxon:1192766	1
NCBITaxon:1192767	1
NCBITaxon:1192768	1
NCBITaxon:1192769	1
NCBITaxon:1192770	1
NCBITaxon:1192771	1
NCBITaxon:1192772	1
NCBITaxon:1192773	1
NCBITaxon:1192784	1
NCBITaxon:1192785	1
NCBITaxon:1192786	1
NCBITaxon:1192787	1
NCBITaxon:1192788	1
NCBITaxon:1192789	1
NCBITaxon:1192790	1
NCBITaxon:1192791	1
NCBITaxon:1192792	1
NCBITaxon:1192793	1
NCBITaxon:1192794	1
NCBITaxon:1192795	1
NCBITaxon:1192796	1
NCBITaxon:1192797	1
NCBITaxon:1192798	1
NCBITaxon:1192799	1
NCBITaxon:1192800	1
NCBITaxon:1192801	1
NCBITaxon:1192802	1
NCBITaxon:1192803	1
NCBITaxon:1192804	1
NCBITaxon:1192805	1
NCBITaxon:1192806	1
NCBITaxon:1192807	1
NCBITaxon:1192808	1
NCBITaxon:1192809	1
NCBITaxon:1192810	1
NCBITaxon:1192811	1
NCBITaxon:1192812	1
NCBITaxon:1192813	1
NCBITaxon:1192814	1
NCBITaxon:1192815	1
NCBITaxon:1192816	1
NCBITaxon:1192817	1
NCBITaxon:1192818	1
NCBITaxon:1192819	1
NCBITaxon:1192820	1
NCBITaxon:1192821	1
NCBITaxon:1192822	1
NCBITaxon:1192823	1
NCBITaxon:1192824	1
NCBITaxon:1192825	1
NCBITaxon:1192826	1
NCBITaxon:1192827	1
NCBITaxon:1192828	1
NCBITaxon:1192829	1
NCBITaxon:1192830	1
NCBITaxon:1192831	1
NCBITaxon:1192832	1
NCBITaxon:1192833	1
NCBITaxon:1192834	1
NCBITaxon:1192835	1
NCBITaxon:1192836	1
NCBITaxon:1192837	1
NCBITaxon:1192838	1
NCBITaxon:1192840	1
NCBITaxon:1192841	1
NCBITaxon:1192843	1
NCBITaxon:1192845	1
NCBITaxon:1192847	1
NCBITaxon:1192849	1
NCBITaxon:1192851	1
NCBITaxon:1192852	1
NCBITaxon:1192853	1
NCBITaxon:1192854	1
NCBITaxon:1192864	1
NCBITaxon:1192866	1
NCBITaxon:1192868	1
NCBITaxon:1193007	1
NCBITaxon:1193008	1
NCBITaxon:1193009	1
NCBITaxon:1193010	1
NCBITaxon:1193011	1
NCBITaxon:1193012	2
NCBITaxon:1193013	2
NCBITaxon:1193014	1
NCBITaxon:1193017	1
NCBITaxon:1193018	1
NCBITaxon:1193019	1
NCBITaxon:1193028	1
NCBITaxon:1193029	1
NCBITaxon:1193039	1
NCBITaxon:1193040	1
NCBITaxon:1193041	1
NCBITaxon:1193042	1
NCBITaxon:1193044	1
NCBITaxon:1193045	1
NCBITaxon:1193046	1
NCBITaxon:1193047	1
NCBITaxon:1193048	1
NCBITaxon:1193049	1
NCBITaxon:1193050	1
NCBITaxon:1193051	1
NCBITaxon:1193053	1
NCBITaxon:1193054	1
NCBITaxon:1193055	1
NCBITaxon:1193056	1
NCBITaxon:1193057	1
NCBITaxon:1193058	1
NCBITaxon:1193059	1
NCBITaxon:1193060	1
NCBITaxon:1193069	1
NCBITaxon:1193095	11
NCBITaxon:1193119	5
NCBITaxon:1193128	1
NCBITaxon:1193146	8
NCBITaxon:1193181	1
NCBITaxon:1193292	2
NCBITaxon:1193404	1
NCBITaxon:1193499	1
NCBITaxon:1193500	3
NCBITaxon:1193501	1
NCBITaxon:1193502	5
NCBITaxon:1193518	1
NCBITaxon:1193575	1
NCBITaxon:1193576	2
NCBITaxon:1193621	16
NCBITaxon:1193626	3
NCBITaxon:1193682	9
NCBITaxon:1193806	1
NCBITaxon:1193807	1
NCBITaxon:119394	2
NCBITaxon:1194075	1
NCBITaxon:1194078	1
NCBITaxon:1194079	15
NCBITaxon:1194083	1
NCBITaxon:1194085	1
NCBITaxon:1194086	2
NCBITaxon:1194088	1
NCBITaxon:1194090	12
NCBITaxon:1194165	1
NCBITaxon:1194168	13
NCBITaxon:1194208	5
NCBITaxon:119434	1
NCBITaxon:1194395	1
NCBITaxon:1194397	1
NCBITaxon:1194398	1
NCBITaxon:1194400	1
NCBITaxon:1194401	1
NCBITaxon:1194402	1
NCBITaxon:1194403	1
NCBITaxon:1194404	1
NCBITaxon:1194405	1
NCBITaxon:1194406	1
NCBITaxon:1194407	1
NCBITaxon:1194408	1
NCBITaxon:1194409	1
NCBITaxon:1194415	1
NCBITaxon:1194416	1
NCBITaxon:1194417	1
NCBITaxon:1194418	5
NCBITaxon:1194420	1
NCBITaxon:1194421	1
NCBITaxon:1194422	1
NCBITaxon:1194423	1
NCBITaxon:1194424	3
NCBITaxon:1194427	1
NCBITaxon:1194526	4
NCBITaxon:1194669	4
NCBITaxon:1194706	7
NCBITaxon:1194707	7
NCBITaxon:1194708	6
NCBITaxon:1194709	6
NCBITaxon:1194714	6
NCBITaxon:1194715	6
NCBITaxon:1194716	6
NCBITaxon:1194717	6
NCBITaxon:1194718	6
NCBITaxon:1194719	6
NCBITaxon:119484	3
NCBITaxon:119485	2
NCBITaxon:119495	2
NCBITaxon:1194970	1
NCBITaxon:1194971	1
NCBITaxon:1194972	4
NCBITaxon:1195236	7
NCBITaxon:1195237	1
NCBITaxon:1195242	1
NCBITaxon:1195244	1
NCBITaxon:1195246	1
NCBITaxon:119532	3
NCBITaxon:1195377	1
NCBITaxon:1195457	7
NCBITaxon:1195464	1
NCBITaxon:1195465	1
NCBITaxon:1195466	1
NCBITaxon:1195467	1
NCBITaxon:1195468	1
NCBITaxon:1195469	1
NCBITaxon:1195760	1
NCBITaxon:1195761	14
NCBITaxon:1195885	1
NCBITaxon:1195916	1
NCBITaxon:1195923	1
NCBITaxon:119602	1
NCBITaxon:1196024	7
NCBITaxon:1196028	1
NCBITaxon:1196029	1
NCBITaxon:1196031	1
NCBITaxon:1196032	1
NCBITaxon:1196033	1
NCBITaxon:1196034	1
NCBITaxon:1196056	1
NCBITaxon:1196083	8
NCBITaxon:1196094	5
NCBITaxon:1196095	7
NCBITaxon:1196159	1
NCBITaxon:1196160	1
NCBITaxon:1196161	1
NCBITaxon:1196162	1
NCBITaxon:1196163	1
NCBITaxon:1196164	1
NCBITaxon:1196165	1
NCBITaxon:1196166	1
NCBITaxon:1196167	1
NCBITaxon:1196168	1
NCBITaxon:1196169	1
NCBITaxon:1196170	1
NCBITaxon:1196171	1
NCBITaxon:1196172	1
NCBITaxon:1196173	1
NCBITaxon:1196174	1
NCBITaxon:1196175	1
NCBITaxon:1196176	1
NCBITaxon:1196177	1
NCBITaxon:1196178	1
NCBITaxon:1196179	1
NCBITaxon:1196180	1
NCBITaxon:1196181	1
NCBITaxon:1196182	1
NCBITaxon:1196183	1
NCBITaxon:1196184	1
NCBITaxon:1196185	1
NCBITaxon:1196186	1
NCBITaxon:1196187	1
NCBITaxon:1196188	1
NCBITaxon:1196189	1
NCBITaxon:1196190	1
NCBITaxon:1196191	1
NCBITaxon:1196192	1
NCBITaxon:1196193	1
NCBITaxon:1196194	1
NCBITaxon:1196195	1
NCBITaxon:1196322	2
NCBITaxon:1196323	6
NCBITaxon:1196324	1
NCBITaxon:1196325	1
NCBITaxon:1196327	1
NCBITaxon:1196353	21
NCBITaxon:119641	6
NCBITaxon:119644	3
NCBITaxon:1196653	3
NCBITaxon:1196662	1
NCBITaxon:1196663	1
NCBITaxon:1196664	1
NCBITaxon:1196835	7
NCBITaxon:119702	1
NCBITaxon:1197129	2
NCBITaxon:1197131	1
NCBITaxon:1197174	4
NCBITaxon:1197325	3
NCBITaxon:1197477	12
NCBITaxon:1197706	1
NCBITaxon:1197712	1
NCBITaxon:1197717	13
NCBITaxon:1197719	6
NCBITaxon:1197720	1
NCBITaxon:1197721	1
NCBITaxon:1197727	3
NCBITaxon:1197728	1
NCBITaxon:1197861	1
NCBITaxon:1197884	1
NCBITaxon:1197906	2
NCBITaxon:1197911	1
NCBITaxon:1197933	1
NCBITaxon:1197934	1
NCBITaxon:1197937	1
NCBITaxon:1197938	1
NCBITaxon:1197942	1
NCBITaxon:1197950	10
NCBITaxon:1198108	1
NCBITaxon:1198114	5
NCBITaxon:1198133	3
NCBITaxon:1198145	1
NCBITaxon:1198232	4
NCBITaxon:1198291	1
NCBITaxon:1198294	1
NCBITaxon:1198303	1
NCBITaxon:1198305	1
NCBITaxon:1198306	1
NCBITaxon:1198307	1
NCBITaxon:1198308	1
NCBITaxon:1198309	1
NCBITaxon:1198310	1
NCBITaxon:1198317	1
NCBITaxon:1198318	1
NCBITaxon:1198324	19
NCBITaxon:1198449	7
NCBITaxon:1198452	2
NCBITaxon:1198454	10
NCBITaxon:1198455	17
NCBITaxon:1198456	18
NCBITaxon:119853	1
NCBITaxon:1198538	3
NCBITaxon:119856	1
NCBITaxon:119857	6
NCBITaxon:119858	5
NCBITaxon:1198627	6
NCBITaxon:1198629	1
NCBITaxon:119863	22
NCBITaxon:1198630	3
NCBITaxon:119864	4
NCBITaxon:1198672	1
NCBITaxon:1198673	4
NCBITaxon:1198674	1
NCBITaxon:1198675	1
NCBITaxon:1198676	7
NCBITaxon:1198678	1
NCBITaxon:1198679	1
NCBITaxon:1198680	1
NCBITaxon:1198681	1
NCBITaxon:1198682	1
NCBITaxon:1198683	1
NCBITaxon:1198684	1
NCBITaxon:1198685	1
NCBITaxon:1198686	1
NCBITaxon:1198687	1
NCBITaxon:1198688	1
NCBITaxon:1198689	1
NCBITaxon:1198690	1
NCBITaxon:1198691	1
NCBITaxon:1198692	1
NCBITaxon:1198693	1
NCBITaxon:1198694	1
NCBITaxon:1198695	1
NCBITaxon:1198696	1
NCBITaxon:1198697	1
NCBITaxon:1198698	1
NCBITaxon:1198699	1
NCBITaxon:1198700	2
NCBITaxon:1198992	1
NCBITaxon:119912	5
NCBITaxon:1199150	1
NCBITaxon:1199154	4
NCBITaxon:1199156	13
NCBITaxon:1199187	4
NCBITaxon:1199191	5
NCBITaxon:1199245	2
NCBITaxon:119978	1
NCBITaxon:119981	2
NCBITaxon:120	3
NCBITaxon:1200281	1
NCBITaxon:1200283	1
NCBITaxon:1200284	1
NCBITaxon:1200300	3
NCBITaxon:1200302	7
NCBITaxon:1200324	1
NCBITaxon:1200325	1
NCBITaxon:1200345	1
NCBITaxon:1200346	3
NCBITaxon:1200347	1
NCBITaxon:1200348	1
NCBITaxon:1200349	2
NCBITaxon:1200350	1
NCBITaxon:1200351	1
NCBITaxon:1200352	7
NCBITaxon:1200353	1
NCBITaxon:1200355	1
NCBITaxon:1200386	1
NCBITaxon:120044	1
NCBITaxon:120045	3
NCBITaxon:1200752	3
NCBITaxon:1200775	1
NCBITaxon:1200792	3
NCBITaxon:1200793	1
NCBITaxon:1200984	2
NCBITaxon:1201010	1
NCBITaxon:1201031	16
NCBITaxon:1201032	1
NCBITaxon:1201033	1
NCBITaxon:1201034	1
NCBITaxon:1201035	1
NCBITaxon:1201036	1
NCBITaxon:1201037	1
NCBITaxon:1201038	1
NCBITaxon:1201039	1
NCBITaxon:120107	1
NCBITaxon:1201287	1
NCBITaxon:1201288	7
NCBITaxon:1201289	1
NCBITaxon:1201290	7
NCBITaxon:1201292	5
NCBITaxon:1201293	3
NCBITaxon:1201294	2
NCBITaxon:1201295	1
NCBITaxon:120213	2
NCBITaxon:1202448	4
NCBITaxon:1202450	2
NCBITaxon:1202451	1
NCBITaxon:1202454	1
NCBITaxon:1202456	1
NCBITaxon:1202457	1
NCBITaxon:1202532	6
NCBITaxon:1202533	1
NCBITaxon:1202534	1
NCBITaxon:1202535	1
NCBITaxon:1202667	6
NCBITaxon:1202668	10
NCBITaxon:1202716	14
NCBITaxon:1202724	5
NCBITaxon:1202767	12
NCBITaxon:1202768	13
NCBITaxon:1202785	3
NCBITaxon:1202962	7
NCBITaxon:120298	3
NCBITaxon:1203033	17
NCBITaxon:1203069	14
NCBITaxon:1203076	1
NCBITaxon:1203190	1
NCBITaxon:1203195	1
NCBITaxon:1203226	5
NCBITaxon:1203257	4
NCBITaxon:1203258	1
NCBITaxon:1203259	1
NCBITaxon:1203260	3
NCBITaxon:1203261	1
NCBITaxon:1203460	1
NCBITaxon:1203465	5
NCBITaxon:1203471	8
NCBITaxon:1203540	2
NCBITaxon:1203544	1
NCBITaxon:1203545	1
NCBITaxon:1203546	1
NCBITaxon:1203547	1
NCBITaxon:1203548	1
NCBITaxon:1203549	1
NCBITaxon:1203550	1
NCBITaxon:1203552	1
NCBITaxon:1203553	1
NCBITaxon:1203554	1
NCBITaxon:1203555	2
NCBITaxon:1203556	2
NCBITaxon:1203557	1
NCBITaxon:1203558	1
NCBITaxon:1203559	1
NCBITaxon:1203560	1
NCBITaxon:1203561	1
NCBITaxon:1203562	1
NCBITaxon:1203563	1
NCBITaxon:1203564	1
NCBITaxon:1203565	1
NCBITaxon:1203566	1
NCBITaxon:1203567	1
NCBITaxon:1203568	2
NCBITaxon:1203569	1
NCBITaxon:1203570	1
NCBITaxon:1203571	3
NCBITaxon:1203572	1
NCBITaxon:1203573	1
NCBITaxon:1203574	1
NCBITaxon:1203575	1
NCBITaxon:1203576	1
NCBITaxon:1203577	1
NCBITaxon:1203578	3
NCBITaxon:1203579	1
NCBITaxon:1203580	1
NCBITaxon:1203581	1
NCBITaxon:1203582	1
NCBITaxon:1203583	1
NCBITaxon:1203584	1
NCBITaxon:1203585	1
NCBITaxon:1203586	1
NCBITaxon:1203587	1
NCBITaxon:1203588	1
NCBITaxon:1203589	1
NCBITaxon:1203590	4
NCBITaxon:1203591	1
NCBITaxon:1203593	3
NCBITaxon:1203599	5
NCBITaxon:1203602	1
NCBITaxon:1203603	1
NCBITaxon:1203604	5
NCBITaxon:1203605	1
NCBITaxon:1203606	1
NCBITaxon:1203610	5
NCBITaxon:1203611	4
NCBITaxon:1203619	1
NCBITaxon:1203620	1
NCBITaxon:1203621	1
NCBITaxon:1203622	1
NCBITaxon:1203623	1
NCBITaxon:1203624	1
NCBITaxon:1203625	1
NCBITaxon:1203626	1
NCBITaxon:1203627	1
NCBITaxon:1203628	1
NCBITaxon:1203629	1
NCBITaxon:1203630	1
NCBITaxon:1203631	1
NCBITaxon:1203632	1
NCBITaxon:1203633	1
NCBITaxon:1203634	1
NCBITaxon:1203635	1
NCBITaxon:1203670	4
NCBITaxon:1203671	1
NCBITaxon:120370	3
NCBITaxon:120377	1
NCBITaxon:1204340	1
NCBITaxon:1204343	2
NCBITaxon:1204385	18
NCBITaxon:1204414	5
NCBITaxon:1204471	1
NCBITaxon:1204474	1
NCBITaxon:1204475	1
NCBITaxon:1204476	1
NCBITaxon:1204512	11
NCBITaxon:1204554	10
NCBITaxon:1204713	4
NCBITaxon:1204719	4
NCBITaxon:1204722	3
NCBITaxon:1204724	1
NCBITaxon:1204725	1
NCBITaxon:1204727	1
NCBITaxon:1204728	2
NCBITaxon:1204738	1
NCBITaxon:1205673	1
NCBITaxon:1205674	1
NCBITaxon:1205675	1
NCBITaxon:1205676	1
NCBITaxon:1205677	1
NCBITaxon:1205678	1
NCBITaxon:1205679	1
NCBITaxon:1205680	1
NCBITaxon:1205681	1
NCBITaxon:1205683	1
NCBITaxon:1205731	1
NCBITaxon:1205738	1
NCBITaxon:1205750	1
NCBITaxon:1205751	1
NCBITaxon:1205752	1
NCBITaxon:1205753	1
NCBITaxon:120576	7
NCBITaxon:120577	10
NCBITaxon:120580	6
NCBITaxon:1205908	5
NCBITaxon:1205910	2
NCBITaxon:1206	6
NCBITaxon:1206055	5
NCBITaxon:1206085	11
NCBITaxon:1206095	1
NCBITaxon:1206101	1
NCBITaxon:1206102	1
NCBITaxon:1206103	3
NCBITaxon:1206105	4
NCBITaxon:1206106	1
NCBITaxon:1206107	1
NCBITaxon:1206108	3
NCBITaxon:1206109	1
NCBITaxon:1206336	2
NCBITaxon:1206720	2
NCBITaxon:1206721	2
NCBITaxon:1206722	2
NCBITaxon:1206723	2
NCBITaxon:1206724	2
NCBITaxon:1206725	2
NCBITaxon:1206726	2
NCBITaxon:1206727	2
NCBITaxon:1206728	2
NCBITaxon:1206729	2
NCBITaxon:1206730	2
NCBITaxon:1206731	2
NCBITaxon:1206732	2
NCBITaxon:1206733	2
NCBITaxon:1206734	2
NCBITaxon:1206735	2
NCBITaxon:1206736	2
NCBITaxon:1206737	2
NCBITaxon:1206738	2
NCBITaxon:1206739	2
NCBITaxon:1206740	2
NCBITaxon:1206741	2
NCBITaxon:1206742	2
NCBITaxon:1206743	2
NCBITaxon:1206744	2
NCBITaxon:1206749	2
NCBITaxon:1206753	1
NCBITaxon:1206769	1
NCBITaxon:1206770	1
NCBITaxon:1206771	1
NCBITaxon:1206772	1
NCBITaxon:1206773	1
NCBITaxon:1206774	1
NCBITaxon:1206775	1
NCBITaxon:1206776	6
NCBITaxon:1206777	7
NCBITaxon:1206778	4
NCBITaxon:1206779	4
NCBITaxon:1206780	4
NCBITaxon:1206781	7
NCBITaxon:1206782	1
NCBITaxon:120681	1
NCBITaxon:1206816	1
NCBITaxon:1206817	6
NCBITaxon:1207034	1
NCBITaxon:1207035	2
NCBITaxon:1207036	1
NCBITaxon:1207037	1
NCBITaxon:1207038	2
NCBITaxon:1207039	23
NCBITaxon:1207041	2
NCBITaxon:1207055	1
NCBITaxon:1207056	1
NCBITaxon:1207057	1
NCBITaxon:1207058	1
NCBITaxon:1207059	1
NCBITaxon:1207060	1
NCBITaxon:1207061	1
NCBITaxon:1207062	1
NCBITaxon:1207063	1
NCBITaxon:1207064	1
NCBITaxon:1207065	1
NCBITaxon:1207075	3
NCBITaxon:1207076	1
NCBITaxon:1207470	1
NCBITaxon:1207542	1
NCBITaxon:1207543	1
NCBITaxon:1207544	1
NCBITaxon:1207545	1
NCBITaxon:1208099	1
NCBITaxon:1208100	1
NCBITaxon:1208101	1
NCBITaxon:1208102	1
NCBITaxon:1208103	1
NCBITaxon:1208104	2
NCBITaxon:1208308	1
NCBITaxon:1208313	5
NCBITaxon:1208314	6
NCBITaxon:1208319	2
NCBITaxon:1208320	1
NCBITaxon:1208321	1
NCBITaxon:1208322	1
NCBITaxon:1208323	1
NCBITaxon:1208324	4
NCBITaxon:1208340	1
NCBITaxon:1208365	2
NCBITaxon:1208577	1
NCBITaxon:1208583	1
NCBITaxon:1208586	1
NCBITaxon:1208590	4
NCBITaxon:1208591	4
NCBITaxon:1208592	4
NCBITaxon:1208600	2
NCBITaxon:1208656	4
NCBITaxon:1208657	1
NCBITaxon:1208658	1
NCBITaxon:1208659	1
NCBITaxon:1208660	4
NCBITaxon:1208661	4
NCBITaxon:1208662	4
NCBITaxon:1208663	4
NCBITaxon:1208664	4
NCBITaxon:1208717	1
NCBITaxon:1209072	1
NCBITaxon:1209355	1
NCBITaxon:1209359	3
NCBITaxon:1209364	1
NCBITaxon:1209372	1
NCBITaxon:120956	2
NCBITaxon:120957	1
NCBITaxon:120958	17
NCBITaxon:120959	2
NCBITaxon:120962	2
NCBITaxon:120963	7
NCBITaxon:1209948	8
NCBITaxon:1209954	4
NCBITaxon:1209958	6
NCBITaxon:1209984	1
NCBITaxon:1209989	5
NCBITaxon:1210005	4
NCBITaxon:1210006	4
NCBITaxon:1210041	1
NCBITaxon:1210043	1
NCBITaxon:1210044	1
NCBITaxon:1210045	4
NCBITaxon:1210046	8
NCBITaxon:1210061	5
NCBITaxon:1210062	5
NCBITaxon:1210063	5
NCBITaxon:1210064	5
NCBITaxon:1210065	5
NCBITaxon:1210066	5
NCBITaxon:1210067	5
NCBITaxon:1210068	5
NCBITaxon:1210069	5
NCBITaxon:1210070	5
NCBITaxon:1210071	5
NCBITaxon:1210072	1
NCBITaxon:1210073	5
NCBITaxon:1210074	5
NCBITaxon:1210075	5
NCBITaxon:1210076	5
NCBITaxon:1210077	5
NCBITaxon:1210078	5
NCBITaxon:1210079	5
NCBITaxon:1210080	5
NCBITaxon:1210081	5
NCBITaxon:1210082	5
NCBITaxon:1210083	5
NCBITaxon:1210084	5
NCBITaxon:1210085	5
NCBITaxon:1210086	5
NCBITaxon:1210087	5
NCBITaxon:1210088	5
NCBITaxon:1210089	6
NCBITaxon:1210090	5
NCBITaxon:1210091	5
NCBITaxon:1210092	5
NCBITaxon:1210093	5
NCBITaxon:1210094	5
NCBITaxon:1210095	5
NCBITaxon:1210096	5
NCBITaxon:1210097	5
NCBITaxon:1210098	5
NCBITaxon:1210099	5
NCBITaxon:1210100	5
NCBITaxon:1210101	5
NCBITaxon:121039	5
NCBITaxon:1210400	12
NCBITaxon:1210443	1
NCBITaxon:1210444	1
NCBITaxon:1210445	4
NCBITaxon:1210446	4
NCBITaxon:1210447	4
NCBITaxon:1210448	4
NCBITaxon:1210449	4
NCBITaxon:1210450	4
NCBITaxon:1210451	4
NCBITaxon:1210452	4
NCBITaxon:1210453	4
NCBITaxon:1210454	4
NCBITaxon:1210455	1
NCBITaxon:1210518	2
NCBITaxon:1210519	2
NCBITaxon:1210520	2
NCBITaxon:1210521	2
NCBITaxon:1210522	2
NCBITaxon:1210524	1
NCBITaxon:1210884	1
NCBITaxon:1210907	4
NCBITaxon:1210908	4
NCBITaxon:1211024	1
NCBITaxon:1211025	1
NCBITaxon:1211035	3
NCBITaxon:1211112	1
NCBITaxon:1211113	1
NCBITaxon:1211114	1
NCBITaxon:1211115	1
NCBITaxon:1211116	1
NCBITaxon:1211117	6
NCBITaxon:1211579	6
NCBITaxon:121163	2
NCBITaxon:1211705	6
NCBITaxon:1211706	4
NCBITaxon:1211707	1
NCBITaxon:1211774	1
NCBITaxon:1211776	1
NCBITaxon:1211777	1
NCBITaxon:1211796	1
NCBITaxon:1211807	1
NCBITaxon:1211813	4
NCBITaxon:1211814	4
NCBITaxon:1211815	1
NCBITaxon:1211817	1
NCBITaxon:1211818	1
NCBITaxon:1211819	4
NCBITaxon:1211820	1
NCBITaxon:1211845	1
NCBITaxon:1211847	6
NCBITaxon:1211851	7
NCBITaxon:1212487	1
NCBITaxon:1212488	1
NCBITaxon:1212489	1
NCBITaxon:1212490	1
NCBITaxon:1212491	1
NCBITaxon:1212545	5
NCBITaxon:1212546	1
NCBITaxon:1212547	5
NCBITaxon:1212548	7
NCBITaxon:1212549	7
NCBITaxon:1212554	1
NCBITaxon:1212557	1
NCBITaxon:1212559	1
NCBITaxon:1212561	1
NCBITaxon:1212562	1
NCBITaxon:1212563	1
NCBITaxon:1212564	1
NCBITaxon:1212565	1
NCBITaxon:1212566	1
NCBITaxon:1212567	1
NCBITaxon:1212568	1
NCBITaxon:1212569	1
NCBITaxon:1212570	1
NCBITaxon:1212571	1
NCBITaxon:1212573	1
NCBITaxon:1212574	1
NCBITaxon:1212575	1
NCBITaxon:1212576	1
NCBITaxon:1212577	1
NCBITaxon:1212578	1
NCBITaxon:1212579	1
NCBITaxon:1212580	1
NCBITaxon:1212581	1
NCBITaxon:1212582	1
NCBITaxon:1212583	1
NCBITaxon:1212584	1
NCBITaxon:1212662	17
NCBITaxon:1212764	1
NCBITaxon:1212766	1
NCBITaxon:121277	3
NCBITaxon:1212819	1
NCBITaxon:1212820	2
NCBITaxon:121290	6
NCBITaxon:121291	1
NCBITaxon:121292	1
NCBITaxon:1213182	6
NCBITaxon:1213358	10
NCBITaxon:1213457	2
NCBITaxon:1213458	4
NCBITaxon:1213463	1
NCBITaxon:1213721	2
NCBITaxon:1213722	2
NCBITaxon:1213723	2
NCBITaxon:1213724	2
NCBITaxon:1213725	2
NCBITaxon:1213726	2
NCBITaxon:1213727	2
NCBITaxon:1213728	2
NCBITaxon:1213729	2
NCBITaxon:1213730	2
NCBITaxon:1213731	2
NCBITaxon:1213732	2
NCBITaxon:1213733	2
NCBITaxon:1213734	2
NCBITaxon:1214063	1
NCBITaxon:1214065	1
NCBITaxon:1214066	1
NCBITaxon:1214077	13
NCBITaxon:1214101	1
NCBITaxon:1214102	4
NCBITaxon:1214117	4
NCBITaxon:1214121	6
NCBITaxon:1214148	1
NCBITaxon:1214149	1
NCBITaxon:1214150	1
NCBITaxon:1214151	1
NCBITaxon:1214152	1
NCBITaxon:1214153	1
NCBITaxon:1214154	1
NCBITaxon:1214155	1
NCBITaxon:1214156	1
NCBITaxon:1214157	1
NCBITaxon:1214158	1
NCBITaxon:1214159	1
NCBITaxon:1214160	1
NCBITaxon:1214161	1
NCBITaxon:1214162	1
NCBITaxon:1214163	1
NCBITaxon:1214164	1
NCBITaxon:1214165	1
NCBITaxon:1214166	1
NCBITaxon:1214167	1
NCBITaxon:1214168	1
NCBITaxon:1214169	1
NCBITaxon:1214170	1
NCBITaxon:1214171	1
NCBITaxon:1214172	1
NCBITaxon:1214173	1
NCBITaxon:1214174	1
NCBITaxon:1214175	1
NCBITaxon:1214176	1
NCBITaxon:1214177	1
NCBITaxon:1214178	1
NCBITaxon:1214179	3
NCBITaxon:1214180	1
NCBITaxon:1214181	1
NCBITaxon:1214182	1
NCBITaxon:1214183	1
NCBITaxon:1214184	1
NCBITaxon:1214185	1
NCBITaxon:1214186	1
NCBITaxon:1214187	1
NCBITaxon:1214188	1
NCBITaxon:1214189	1
NCBITaxon:1214190	1
NCBITaxon:1214191	1
NCBITaxon:1214192	1
NCBITaxon:1214193	1
NCBITaxon:1214194	1
NCBITaxon:1214195	1
NCBITaxon:1214196	1
NCBITaxon:1214197	1
NCBITaxon:1214198	1
NCBITaxon:1214199	1
NCBITaxon:1214200	1
NCBITaxon:1214201	1
NCBITaxon:1214202	1
NCBITaxon:1214203	1
NCBITaxon:1214204	1
NCBITaxon:1214205	1
NCBITaxon:1214206	1
NCBITaxon:1214207	1
NCBITaxon:1214208	1
NCBITaxon:1214209	1
NCBITaxon:1214210	1
NCBITaxon:1214211	1
NCBITaxon:1214212	1
NCBITaxon:1214213	1
NCBITaxon:1214214	1
NCBITaxon:1214215	1
NCBITaxon:1214216	1
NCBITaxon:1214217	1
NCBITaxon:1214218	1
NCBITaxon:1214219	1
NCBITaxon:1214221	2
NCBITaxon:1214222	2
NCBITaxon:1214223	2
NCBITaxon:1214224	4
NCBITaxon:1214225	1
NCBITaxon:1214242	7
NCBITaxon:121428	3
NCBITaxon:1214604	1
NCBITaxon:1214787	1
NCBITaxon:1214901	2
NCBITaxon:1214914	4
NCBITaxon:1214915	3
NCBITaxon:1214916	4
NCBITaxon:1215	1
NCBITaxon:1215031	26
NCBITaxon:1215061	3
NCBITaxon:1215062	3
NCBITaxon:1215064	3
NCBITaxon:1215065	3
NCBITaxon:1215066	3
NCBITaxon:1215067	3
NCBITaxon:1215068	3
NCBITaxon:1215069	3
NCBITaxon:1215070	3
NCBITaxon:1215071	3
NCBITaxon:1215072	3
NCBITaxon:1215073	3
NCBITaxon:1215074	3
NCBITaxon:1215075	3
NCBITaxon:1215076	3
NCBITaxon:1215077	3
NCBITaxon:1215078	3
NCBITaxon:1215079	3
NCBITaxon:1215080	3
NCBITaxon:1215081	3
NCBITaxon:1215082	3
NCBITaxon:1215083	3
NCBITaxon:1215084	3
NCBITaxon:1215085	3
NCBITaxon:1215086	3
NCBITaxon:1215087	3
NCBITaxon:1215088	1
NCBITaxon:1215089	27
NCBITaxon:1215092	6
NCBITaxon:1215093	1
NCBITaxon:1215094	1
NCBITaxon:1215095	6
NCBITaxon:1215096	1
NCBITaxon:1215097	1
NCBITaxon:1215098	6
NCBITaxon:1215099	1
NCBITaxon:1215100	1
NCBITaxon:1215101	1
NCBITaxon:1215102	6
NCBITaxon:1215103	1
NCBITaxon:1215104	6
NCBITaxon:1215105	1
NCBITaxon:1215106	1
NCBITaxon:1215107	1
NCBITaxon:1215108	6
NCBITaxon:1215109	1
NCBITaxon:1215110	6
NCBITaxon:1215111	1
NCBITaxon:1215112	1
NCBITaxon:1215113	6
NCBITaxon:1215114	6
NCBITaxon:1215115	6
NCBITaxon:1215116	1
NCBITaxon:1215117	1
NCBITaxon:1215118	1
NCBITaxon:1215343	5
NCBITaxon:1215385	7
NCBITaxon:1215914	5
NCBITaxon:1215915	1
NCBITaxon:1216006	1
NCBITaxon:1216007	1
NCBITaxon:1216008	20
NCBITaxon:1216040	31
NCBITaxon:1216062	4
NCBITaxon:121616	2
NCBITaxon:121620	3
NCBITaxon:1216295	2
NCBITaxon:1216362	1
NCBITaxon:1216363	2
NCBITaxon:1216470	3
NCBITaxon:1216932	5
NCBITaxon:1216962	1
NCBITaxon:1216966	5
NCBITaxon:1216967	6
NCBITaxon:1216968	4
NCBITaxon:1216969	5
NCBITaxon:1216970	4
NCBITaxon:1216971	1
NCBITaxon:1216972	4
NCBITaxon:1216973	4
NCBITaxon:1216974	4
NCBITaxon:1216975	3
NCBITaxon:1216976	5
NCBITaxon:1216977	5
NCBITaxon:1216978	4
NCBITaxon:1216979	3
NCBITaxon:1216980	3
NCBITaxon:1216981	5
NCBITaxon:1216982	4
NCBITaxon:1217107	1
NCBITaxon:121719	10
NCBITaxon:121723	5
NCBITaxon:1217274	17
NCBITaxon:121734	1
NCBITaxon:1217418	1
NCBITaxon:1217420	1
NCBITaxon:1217627	1
NCBITaxon:1217628	1
NCBITaxon:1217629	1
NCBITaxon:1217630	1
NCBITaxon:1217631	1
NCBITaxon:1217632	1
NCBITaxon:1217633	1
NCBITaxon:1217634	1
NCBITaxon:1217635	1
NCBITaxon:1217636	1
NCBITaxon:1217637	1
NCBITaxon:1217638	1
NCBITaxon:1217639	1
NCBITaxon:1217640	1
NCBITaxon:1217641	1
NCBITaxon:1217642	1
NCBITaxon:1217643	1
NCBITaxon:1217644	1
NCBITaxon:1217645	1
NCBITaxon:1217646	1
NCBITaxon:1217647	1
NCBITaxon:1217648	1
NCBITaxon:1217649	1
NCBITaxon:1217651	1
NCBITaxon:1217652	1
NCBITaxon:1217653	1
NCBITaxon:1217654	1
NCBITaxon:1217655	1
NCBITaxon:1217656	1
NCBITaxon:1217657	1
NCBITaxon:1217658	1
NCBITaxon:1217659	1
NCBITaxon:1217660	1
NCBITaxon:1217662	1
NCBITaxon:1217663	1
NCBITaxon:1217664	1
NCBITaxon:1217665	1
NCBITaxon:1217666	1
NCBITaxon:1217668	1
NCBITaxon:1217669	1
NCBITaxon:1217670	1
NCBITaxon:1217671	1
NCBITaxon:1217673	1
NCBITaxon:1217674	1
NCBITaxon:1217675	1
NCBITaxon:1217676	1
NCBITaxon:1217677	1
NCBITaxon:1217688	3
NCBITaxon:1217689	1
NCBITaxon:1217690	1
NCBITaxon:1217691	1
NCBITaxon:1217692	2
NCBITaxon:1217694	2
NCBITaxon:1217704	2
NCBITaxon:1217707	2
NCBITaxon:1217708	2
NCBITaxon:1217714	2
NCBITaxon:1217715	1
NCBITaxon:1217716	1
NCBITaxon:1217718	4
NCBITaxon:1217720	2
NCBITaxon:1217721	5
NCBITaxon:1217722	3
NCBITaxon:1217737	3
NCBITaxon:1217799	8
NCBITaxon:1217908	4
NCBITaxon:1217970	3
NCBITaxon:1217984	3
NCBITaxon:1217985	1
NCBITaxon:1217986	1
NCBITaxon:1217988	1
NCBITaxon:1218072	1
NCBITaxon:1218073	1
NCBITaxon:1218074	6
NCBITaxon:1218075	6
NCBITaxon:1218076	3
NCBITaxon:1218077	4
NCBITaxon:1218078	4
NCBITaxon:1218079	6
NCBITaxon:1218080	6
NCBITaxon:1218081	5
NCBITaxon:1218083	6
NCBITaxon:1218084	4
NCBITaxon:1218085	6
NCBITaxon:1218086	6
NCBITaxon:1218087	5
NCBITaxon:1218088	5
NCBITaxon:1218090	5
NCBITaxon:1218091	5
NCBITaxon:1218092	5
NCBITaxon:1218093	5
NCBITaxon:1218094	5
NCBITaxon:1218095	5
NCBITaxon:1218096	5
NCBITaxon:1218097	5
NCBITaxon:1218098	5
NCBITaxon:1218100	5
NCBITaxon:1218101	6
NCBITaxon:1218102	5
NCBITaxon:1218103	5
NCBITaxon:1218104	6
NCBITaxon:1218105	1
NCBITaxon:1218106	1
NCBITaxon:1218107	5
NCBITaxon:1218108	5
NCBITaxon:1218109	1
NCBITaxon:1218110	4
NCBITaxon:1218111	5
NCBITaxon:1218112	5
NCBITaxon:1218113	5
NCBITaxon:1218114	6
NCBITaxon:1218115	3
NCBITaxon:1218143	1
NCBITaxon:1218144	1
NCBITaxon:1218145	1
NCBITaxon:1218146	1
NCBITaxon:1218147	1
NCBITaxon:1218148	1
NCBITaxon:1218149	1
NCBITaxon:1218150	1
NCBITaxon:1218151	1
NCBITaxon:1218152	1
NCBITaxon:1218153	1
NCBITaxon:1218169	7
NCBITaxon:1218172	1
NCBITaxon:1218173	1
NCBITaxon:1218175	3
NCBITaxon:1218176	1
NCBITaxon:1218177	1
NCBITaxon:121821	3
NCBITaxon:1218215	1
NCBITaxon:1218315	10
NCBITaxon:1218352	1
NCBITaxon:1218353	1
NCBITaxon:1218354	1
NCBITaxon:1218355	1
NCBITaxon:1218356	1
NCBITaxon:1218357	1
NCBITaxon:1218358	1
NCBITaxon:1218492	2
NCBITaxon:1218493	1
NCBITaxon:1218494	2
NCBITaxon:1218495	3
NCBITaxon:1218506	2
NCBITaxon:1218507	1
NCBITaxon:1218508	1
NCBITaxon:1218513	3
NCBITaxon:1218564	1
NCBITaxon:1218565	1
NCBITaxon:1218566	1
NCBITaxon:1218567	1
NCBITaxon:1218568	1
NCBITaxon:1218569	1
NCBITaxon:1218570	1
NCBITaxon:1218571	1
NCBITaxon:1218572	1
NCBITaxon:1218573	1
NCBITaxon:1218574	1
NCBITaxon:1218575	1
NCBITaxon:1218576	1
NCBITaxon:1218577	1
NCBITaxon:1218578	1
NCBITaxon:1218579	1
NCBITaxon:1218580	1
NCBITaxon:1218581	1
NCBITaxon:1218582	1
NCBITaxon:1218583	1
NCBITaxon:1218584	1
NCBITaxon:1218585	1
NCBITaxon:1218586	1
NCBITaxon:1218591	1
NCBITaxon:1218592	1
NCBITaxon:1218593	1
NCBITaxon:1218594	1
NCBITaxon:1218595	1
NCBITaxon:1218596	1
NCBITaxon:1218598	1
NCBITaxon:1218599	1
NCBITaxon:1218600	2
NCBITaxon:121872	4
NCBITaxon:1218801	12
NCBITaxon:1218933	1
NCBITaxon:1218948	1
NCBITaxon:1219	3
NCBITaxon:1219010	1
NCBITaxon:1219011	4
NCBITaxon:1219012	4
NCBITaxon:1219013	4
NCBITaxon:1219014	4
NCBITaxon:1219015	6
NCBITaxon:1219016	4
NCBITaxon:1219017	4
NCBITaxon:1219019	4
NCBITaxon:1219020	4
NCBITaxon:1219021	1
NCBITaxon:1219023	4
NCBITaxon:1219024	4
NCBITaxon:1219025	4
NCBITaxon:1219026	4
NCBITaxon:1219027	4
NCBITaxon:1219028	2
NCBITaxon:1219029	4
NCBITaxon:1219030	4
NCBITaxon:1219031	5
NCBITaxon:1219032	5
NCBITaxon:1219033	5
NCBITaxon:1219034	5
NCBITaxon:1219035	5
NCBITaxon:1219036	5
NCBITaxon:1219037	5
NCBITaxon:1219038	3
NCBITaxon:1219039	4
NCBITaxon:1219040	5
NCBITaxon:1219041	1
NCBITaxon:1219042	5
NCBITaxon:1219043	5
NCBITaxon:1219044	3
NCBITaxon:1219045	3
NCBITaxon:1219046	5
NCBITaxon:1219047	1
NCBITaxon:1219048	4
NCBITaxon:1219049	3
NCBITaxon:1219050	5
NCBITaxon:1219051	5
NCBITaxon:1219052	4
NCBITaxon:1219053	4
NCBITaxon:1219054	4
NCBITaxon:1219055	5
NCBITaxon:1219056	1
NCBITaxon:1219057	4
NCBITaxon:1219058	5
NCBITaxon:1219059	1
NCBITaxon:1219060	6
NCBITaxon:1219061	5
NCBITaxon:1219062	5
NCBITaxon:1219063	1
NCBITaxon:1219064	4
NCBITaxon:1219065	5
NCBITaxon:1219066	5
NCBITaxon:1219067	6
NCBITaxon:1219068	4
NCBITaxon:1219069	3
NCBITaxon:1219070	5
NCBITaxon:1219071	5
NCBITaxon:1219072	5
NCBITaxon:1219074	4
NCBITaxon:1219075	1
NCBITaxon:1219076	7
NCBITaxon:1219077	5
NCBITaxon:1219078	5
NCBITaxon:1219079	1
NCBITaxon:1219080	6
NCBITaxon:1219085	5
NCBITaxon:1219257	6
NCBITaxon:1219356	4
NCBITaxon:1219357	1
NCBITaxon:1219359	5
NCBITaxon:1219360	4
NCBITaxon:1219361	5
NCBITaxon:1219362	4
NCBITaxon:1219366	1
NCBITaxon:1219367	1
NCBITaxon:1219368	1
NCBITaxon:1219369	1
NCBITaxon:1219370	1
NCBITaxon:1219371	1
NCBITaxon:1219375	1
NCBITaxon:1219382	14
NCBITaxon:1219383	14
NCBITaxon:1219467	4
NCBITaxon:1219581	1
NCBITaxon:1219585	1
NCBITaxon:1219595	1
NCBITaxon:1219606	1
NCBITaxon:1219626	1
NCBITaxon:1219631	1
NCBITaxon:122	2
NCBITaxon:1220023	9
NCBITaxon:1220026	4
NCBITaxon:1220495	25
NCBITaxon:1220509	1
NCBITaxon:1220510	1
NCBITaxon:1220511	3
NCBITaxon:1220532	1
NCBITaxon:1220533	5
NCBITaxon:1220535	2
NCBITaxon:1220551	2
NCBITaxon:1220553	5
NCBITaxon:1220554	2
NCBITaxon:1220556	5
NCBITaxon:1220557	4
NCBITaxon:1220558	6
NCBITaxon:1220559	2
NCBITaxon:1220560	5
NCBITaxon:1220561	2
NCBITaxon:1220562	5
NCBITaxon:1220563	2
NCBITaxon:1220564	1
NCBITaxon:1220565	5
NCBITaxon:1220566	5
NCBITaxon:1220567	2
NCBITaxon:1220568	6
NCBITaxon:1220569	1
NCBITaxon:1220570	5
NCBITaxon:1220571	6
NCBITaxon:1220572	6
NCBITaxon:1220573	5
NCBITaxon:1220574	2
NCBITaxon:1220575	5
NCBITaxon:1220576	6
NCBITaxon:1220577	4
NCBITaxon:1220578	6
NCBITaxon:1220579	3
NCBITaxon:1220581	5
NCBITaxon:1220583	2
NCBITaxon:1220584	5
NCBITaxon:1220585	4
NCBITaxon:1220586	5
NCBITaxon:1220587	5
NCBITaxon:1220588	4
NCBITaxon:1220589	5
NCBITaxon:1220590	5
NCBITaxon:1220591	4
NCBITaxon:1220593	4
NCBITaxon:1220594	5
NCBITaxon:1220595	5
NCBITaxon:1220596	4
NCBITaxon:1220600	8
NCBITaxon:1221205	1
NCBITaxon:1221244	1
NCBITaxon:1221245	1
NCBITaxon:1221246	1
NCBITaxon:1221247	1
NCBITaxon:1221248	1
NCBITaxon:1221249	1
NCBITaxon:1221250	1
NCBITaxon:1221251	1
NCBITaxon:1221252	1
NCBITaxon:1221253	1
NCBITaxon:1221254	1
NCBITaxon:1221255	1
NCBITaxon:1221256	1
NCBITaxon:1221257	1
NCBITaxon:1221258	1
NCBITaxon:1221259	1
NCBITaxon:1221260	1
NCBITaxon:1221261	1
NCBITaxon:1221262	1
NCBITaxon:1221263	1
NCBITaxon:1221264	1
NCBITaxon:1221265	1
NCBITaxon:1221266	1
NCBITaxon:1221267	1
NCBITaxon:1221268	1
NCBITaxon:1221269	1
NCBITaxon:1221270	1
NCBITaxon:1221271	1
NCBITaxon:1221272	1
NCBITaxon:1221273	1
NCBITaxon:1221274	1
NCBITaxon:1221275	1
NCBITaxon:1221276	1
NCBITaxon:1221277	1
NCBITaxon:1221278	1
NCBITaxon:1221279	1
NCBITaxon:1221280	1
NCBITaxon:1221281	1
NCBITaxon:1221282	1
NCBITaxon:1221283	1
NCBITaxon:1221284	1
NCBITaxon:1221285	1
NCBITaxon:1221286	1
NCBITaxon:1221287	1
NCBITaxon:1221288	1
NCBITaxon:1221289	1
NCBITaxon:1221290	1
NCBITaxon:1221291	1
NCBITaxon:1221292	1
NCBITaxon:1221293	1
NCBITaxon:1221294	1
NCBITaxon:1221295	1
NCBITaxon:1221296	1
NCBITaxon:1221297	1
NCBITaxon:1221298	1
NCBITaxon:1221299	1
NCBITaxon:1221300	1
NCBITaxon:1221301	1
NCBITaxon:1221302	1
NCBITaxon:1221303	1
NCBITaxon:1221304	1
NCBITaxon:1221306	1
NCBITaxon:1221307	1
NCBITaxon:1221308	1
NCBITaxon:1221309	1
NCBITaxon:1221310	1
NCBITaxon:1221311	1
NCBITaxon:1221327	2
NCBITaxon:1221328	2
NCBITaxon:1221451	4
NCBITaxon:1221452	4
NCBITaxon:1221453	4
NCBITaxon:1221500	17
NCBITaxon:1221520	6
NCBITaxon:1221521	1
NCBITaxon:1221522	1
NCBITaxon:1221524	4
NCBITaxon:1221525	1
NCBITaxon:1221537	2
NCBITaxon:1221538	2
NCBITaxon:1221877	1
NCBITaxon:1221996	6
NCBITaxon:1222003	2
NCBITaxon:1222016	1
NCBITaxon:1222029	1
NCBITaxon:1222030	1
NCBITaxon:1222031	4
NCBITaxon:1222032	4
NCBITaxon:1222033	4
NCBITaxon:1223	2
NCBITaxon:1223317	10
NCBITaxon:1223410	1
NCBITaxon:1223489	4
NCBITaxon:1223491	5
NCBITaxon:1223492	5
NCBITaxon:1223493	5
NCBITaxon:1223494	5
NCBITaxon:1223495	4
NCBITaxon:1223496	2
NCBITaxon:1223498	5
NCBITaxon:1223499	4
NCBITaxon:1223500	1
NCBITaxon:1223501	7
NCBITaxon:1223502	5
NCBITaxon:1223503	5
NCBITaxon:1223504	1
NCBITaxon:1223505	5
NCBITaxon:1223506	4
NCBITaxon:1223507	4
NCBITaxon:1223508	5
NCBITaxon:1223509	5
NCBITaxon:1223511	3
NCBITaxon:1223512	5
NCBITaxon:1223513	2
NCBITaxon:1223514	8
NCBITaxon:1223515	7
NCBITaxon:1223516	1
NCBITaxon:1223517	5
NCBITaxon:1223518	6
NCBITaxon:1223519	1
NCBITaxon:1223520	3
NCBITaxon:1223521	5
NCBITaxon:1223522	3
NCBITaxon:1223523	7
NCBITaxon:1223524	4
NCBITaxon:1223525	3
NCBITaxon:1223526	3
NCBITaxon:1223527	5
NCBITaxon:1223528	5
NCBITaxon:1223529	4
NCBITaxon:1223530	1
NCBITaxon:1223531	4
NCBITaxon:1223532	1
NCBITaxon:1223534	5
NCBITaxon:1223536	1
NCBITaxon:1223540	4
NCBITaxon:1223541	4
NCBITaxon:1223542	2
NCBITaxon:1223543	6
NCBITaxon:1223544	2
NCBITaxon:1223545	2
NCBITaxon:1223546	4
NCBITaxon:1223547	1
NCBITaxon:1223548	5
NCBITaxon:1223549	4
NCBITaxon:122355	5
NCBITaxon:1223550	5
NCBITaxon:1223564	1
NCBITaxon:1223565	1
NCBITaxon:1223566	1
NCBITaxon:1223567	1
NCBITaxon:1223568	1
NCBITaxon:1223569	1
NCBITaxon:1223570	1
NCBITaxon:1223571	1
NCBITaxon:1223572	1
NCBITaxon:1223573	1
NCBITaxon:1223574	1
NCBITaxon:1223802	1
NCBITaxon:1224137	1
NCBITaxon:1224138	1
NCBITaxon:1224139	1
NCBITaxon:1224141	1
NCBITaxon:1224142	6
NCBITaxon:1224144	1
NCBITaxon:1224145	1
NCBITaxon:1224146	1
NCBITaxon:1224147	1
NCBITaxon:1224148	1
NCBITaxon:1224149	1
NCBITaxon:1224150	1
NCBITaxon:1224151	1
NCBITaxon:1224152	1
NCBITaxon:1224153	1
NCBITaxon:1224154	3
NCBITaxon:1224162	7
NCBITaxon:1224163	8
NCBITaxon:1224164	7
NCBITaxon:1224165	1
NCBITaxon:1224166	1
NCBITaxon:1224302	6
NCBITaxon:1224513	4
NCBITaxon:1224742	7
NCBITaxon:1224743	5
NCBITaxon:1224744	3
NCBITaxon:1224745	1
NCBITaxon:1224746	2
NCBITaxon:1224747	1
NCBITaxon:1224748	4
NCBITaxon:1224749	3
NCBITaxon:1224919	2
NCBITaxon:1224920	2
NCBITaxon:1224921	2
NCBITaxon:1224922	2
NCBITaxon:1224923	2
NCBITaxon:1224924	2
NCBITaxon:1224925	2
NCBITaxon:1224926	2
NCBITaxon:1224927	2
NCBITaxon:1224928	2
NCBITaxon:1224929	2
NCBITaxon:1224930	2
NCBITaxon:1224931	2
NCBITaxon:1224932	2
NCBITaxon:1224933	2
NCBITaxon:1224947	30
NCBITaxon:1225127	17
NCBITaxon:1225174	2
NCBITaxon:1225175	3
NCBITaxon:1225176	5
NCBITaxon:1225179	1
NCBITaxon:1225180	1
NCBITaxon:1225181	1
NCBITaxon:1225182	1
NCBITaxon:1225183	1
NCBITaxon:1225184	3
NCBITaxon:1225185	1
NCBITaxon:1225186	2
NCBITaxon:1225187	2
NCBITaxon:1225188	2
NCBITaxon:1225189	2
NCBITaxon:1225190	2
NCBITaxon:1225191	2
NCBITaxon:1225192	2
NCBITaxon:1225193	2
NCBITaxon:1225194	2
NCBITaxon:1225195	2
NCBITaxon:1225196	2
NCBITaxon:1225197	2
NCBITaxon:1225198	2
NCBITaxon:1225199	2
NCBITaxon:1225200	2
NCBITaxon:1225201	2
NCBITaxon:1225202	2
NCBITaxon:1225203	2
NCBITaxon:1225204	2
NCBITaxon:1225205	2
NCBITaxon:1225227	1
NCBITaxon:1225265	1
NCBITaxon:1225482	3
NCBITaxon:1225522	1
NCBITaxon:1225647	2
NCBITaxon:1225651	3
NCBITaxon:1225655	2
NCBITaxon:1225657	2
NCBITaxon:1225660	2
NCBITaxon:1225722	3
NCBITaxon:1225780	1
NCBITaxon:1225781	2
NCBITaxon:1225782	1
NCBITaxon:1225783	2
NCBITaxon:1225785	1
NCBITaxon:1225786	1
NCBITaxon:1225787	1
NCBITaxon:1225788	1
NCBITaxon:122586	6
NCBITaxon:122587	6
NCBITaxon:1226115	7
NCBITaxon:1226285	5
NCBITaxon:1226300	1
NCBITaxon:1226301	23
NCBITaxon:1226322	1
NCBITaxon:1226323	1
NCBITaxon:1226324	1
NCBITaxon:1226325	1
NCBITaxon:1226327	6
NCBITaxon:1226343	1
NCBITaxon:1226344	1
NCBITaxon:1226633	5
NCBITaxon:1226676	1
NCBITaxon:1226680	1
NCBITaxon:1226740	4
NCBITaxon:1226748	2
NCBITaxon:1226749	1
NCBITaxon:1226750	1
NCBITaxon:1226751	1
NCBITaxon:1226752	2
NCBITaxon:1226753	1
NCBITaxon:1226754	3
NCBITaxon:1226755	3
NCBITaxon:1226757	13
NCBITaxon:1226758	15
NCBITaxon:1226968	29
NCBITaxon:1226994	1
NCBITaxon:1227076	3
NCBITaxon:1227261	1
NCBITaxon:1227262	1
NCBITaxon:1227264	1
NCBITaxon:1227266	1
NCBITaxon:1227268	1
NCBITaxon:1227269	1
NCBITaxon:1227270	1
NCBITaxon:1227271	1
NCBITaxon:1227272	1
NCBITaxon:1227275	1
NCBITaxon:1227276	5
NCBITaxon:1227349	3
NCBITaxon:1227350	3
NCBITaxon:1227351	3
NCBITaxon:1227352	3
NCBITaxon:1227358	3
NCBITaxon:1227359	3
NCBITaxon:1227360	1
NCBITaxon:1227361	4
NCBITaxon:1227363	1
NCBITaxon:1227452	5
NCBITaxon:1227453	3
NCBITaxon:1227454	3
NCBITaxon:1227455	2
NCBITaxon:1227456	2
NCBITaxon:1227457	4
NCBITaxon:1227458	4
NCBITaxon:1227459	2
NCBITaxon:1227460	4
NCBITaxon:1227461	3
NCBITaxon:1227462	2
NCBITaxon:1227463	2
NCBITaxon:1227464	2
NCBITaxon:1227465	4
NCBITaxon:1227466	4
NCBITaxon:1227467	2
NCBITaxon:1227468	2
NCBITaxon:1227481	2
NCBITaxon:1227482	2
NCBITaxon:1227483	4
NCBITaxon:1227484	2
NCBITaxon:1227485	3
NCBITaxon:1227486	4
NCBITaxon:1227487	4
NCBITaxon:1227488	3
NCBITaxon:1227489	1
NCBITaxon:1227490	3
NCBITaxon:1227491	4
NCBITaxon:1227492	4
NCBITaxon:1227493	4
NCBITaxon:1227494	4
NCBITaxon:1227495	4
NCBITaxon:1227496	4
NCBITaxon:1227497	4
NCBITaxon:1227498	4
NCBITaxon:1227499	4
NCBITaxon:1227500	4
NCBITaxon:1227549	1
NCBITaxon:1227550	5
NCBITaxon:1227551	5
NCBITaxon:1227553	5
NCBITaxon:1227555	3
NCBITaxon:1227734	9
NCBITaxon:1227739	5
NCBITaxon:1227811	7
NCBITaxon:1227812	5
NCBITaxon:1227813	1
NCBITaxon:1227814	1
NCBITaxon:1227924	1
NCBITaxon:1227946	2
NCBITaxon:1227947	44
NCBITaxon:1227949	30
NCBITaxon:1227950	37
NCBITaxon:1228988	2
NCBITaxon:1228997	3
NCBITaxon:1229	9
NCBITaxon:1229152	8
NCBITaxon:1229164	37
NCBITaxon:1229172	3
NCBITaxon:1229202	3
NCBITaxon:1229203	1
NCBITaxon:1229204	1
NCBITaxon:1229205	1
NCBITaxon:1229250	1
NCBITaxon:1229268	23
NCBITaxon:1229276	6
NCBITaxon:1229281	1
NCBITaxon:1229484	1
NCBITaxon:1229485	1
NCBITaxon:1229486	1
NCBITaxon:1229487	2
NCBITaxon:1229488	1
NCBITaxon:1229489	1
NCBITaxon:1229490	1
NCBITaxon:1229491	1
NCBITaxon:1229492	1
NCBITaxon:1229493	1
NCBITaxon:1229494	3
NCBITaxon:1229514	1
NCBITaxon:1229516	1
NCBITaxon:1229517	2
NCBITaxon:1229518	2
NCBITaxon:1229520	4
NCBITaxon:1229521	3
NCBITaxon:122960	1
NCBITaxon:1229671	7
NCBITaxon:1229726	2
NCBITaxon:1229727	1
NCBITaxon:1229756	1
NCBITaxon:1229758	1
NCBITaxon:1229759	1
NCBITaxon:1229781	3
NCBITaxon:1229783	3
NCBITaxon:1229785	2
NCBITaxon:1229903	4
NCBITaxon:1229904	4
NCBITaxon:1229906	4
NCBITaxon:1229907	4
NCBITaxon:1229908	3
NCBITaxon:1229909	3
NCBITaxon:1229911	1
NCBITaxon:1229971	21
NCBITaxon:1230338	1
NCBITaxon:1230340	1
NCBITaxon:1230341	1
NCBITaxon:1230342	1
NCBITaxon:1230343	1
NCBITaxon:1230344	1
NCBITaxon:1230345	1
NCBITaxon:1230389	10
NCBITaxon:1230451	2
NCBITaxon:1230452	3
NCBITaxon:1230453	2
NCBITaxon:1230454	4
NCBITaxon:1230455	4
NCBITaxon:1230456	4
NCBITaxon:1230457	4
NCBITaxon:1230458	4
NCBITaxon:1230459	3
NCBITaxon:1230460	4
NCBITaxon:1230461	1
NCBITaxon:1230462	1
NCBITaxon:1230463	1
NCBITaxon:1230464	1
NCBITaxon:1230466	1
NCBITaxon:1230476	4
NCBITaxon:1230477	7
NCBITaxon:1230478	1
NCBITaxon:1230480	2
NCBITaxon:1230530	1
NCBITaxon:1230531	8
NCBITaxon:1230587	1
NCBITaxon:1230588	1
NCBITaxon:1230589	1
NCBITaxon:1230590	1
NCBITaxon:1230591	1
NCBITaxon:1230592	1
NCBITaxon:1230593	1
NCBITaxon:1230594	1
NCBITaxon:1230595	1
NCBITaxon:1230596	1
NCBITaxon:1230597	1
NCBITaxon:1230598	1
NCBITaxon:1230599	1
NCBITaxon:1230600	1
NCBITaxon:1230601	1
NCBITaxon:1230602	1
NCBITaxon:1230603	1
NCBITaxon:1230604	1
NCBITaxon:1230605	1
NCBITaxon:1230606	1
NCBITaxon:1230607	1
NCBITaxon:1230608	1
NCBITaxon:1230609	1
NCBITaxon:1230610	1
NCBITaxon:1230611	1
NCBITaxon:1230612	1
NCBITaxon:1230613	1
NCBITaxon:1230614	1
NCBITaxon:1230615	1
NCBITaxon:1230616	1
NCBITaxon:1230617	1
NCBITaxon:1230618	1
NCBITaxon:1230619	1
NCBITaxon:1230620	1
NCBITaxon:1230621	1
NCBITaxon:1230622	1
NCBITaxon:1230623	1
NCBITaxon:1230624	1
NCBITaxon:1230625	1
NCBITaxon:1230626	1
NCBITaxon:1230627	1
NCBITaxon:1230628	1
NCBITaxon:1230629	1
NCBITaxon:1230630	1
NCBITaxon:1230631	1
NCBITaxon:1230632	1
NCBITaxon:1230633	1
NCBITaxon:1230634	1
NCBITaxon:1230699	1
NCBITaxon:1230730	1
NCBITaxon:1230734	1
NCBITaxon:1230998	13
NCBITaxon:1231	3
NCBITaxon:1231000	10
NCBITaxon:1231053	1
NCBITaxon:1231054	6
NCBITaxon:1231057	4
NCBITaxon:1231058	1
NCBITaxon:1231063	1
NCBITaxon:1231072	1
NCBITaxon:1231180	2
NCBITaxon:1231184	1
NCBITaxon:1231185	1
NCBITaxon:1231186	1
NCBITaxon:1231187	1
NCBITaxon:1231190	1
NCBITaxon:1231241	1
NCBITaxon:1231337	19
NCBITaxon:1231376	1
NCBITaxon:1231377	2
NCBITaxon:1231382	1
NCBITaxon:1231383	1
NCBITaxon:1231389	5
NCBITaxon:1231390	1
NCBITaxon:1231391	1
NCBITaxon:1231392	1
NCBITaxon:1231627	2
NCBITaxon:1231719	1
NCBITaxon:1231722	1
NCBITaxon:1231723	1
NCBITaxon:1231724	1
NCBITaxon:1231725	6
NCBITaxon:1231930	4
NCBITaxon:1231931	4
NCBITaxon:1231932	4
NCBITaxon:1231933	4
NCBITaxon:123214	8
NCBITaxon:1232150	1
NCBITaxon:1232151	1
NCBITaxon:1232154	1
NCBITaxon:1232188	1
NCBITaxon:1232189	1
NCBITaxon:1232192	1
NCBITaxon:1232193	1
NCBITaxon:1232194	1
NCBITaxon:1232195	1
NCBITaxon:1232196	1
NCBITaxon:1232197	1
NCBITaxon:1232203	4
NCBITaxon:1232219	1
NCBITaxon:1232384	1
NCBITaxon:1232385	1
NCBITaxon:123239	1
NCBITaxon:1232392	2
NCBITaxon:1232394	2
NCBITaxon:1232412	1
NCBITaxon:1232426	4
NCBITaxon:1232427	1
NCBITaxon:1232428	4
NCBITaxon:1232429	1
NCBITaxon:1232430	1
NCBITaxon:1232554	2
NCBITaxon:1232575	4
NCBITaxon:1232659	1
NCBITaxon:1232660	1
NCBITaxon:1232672	1
NCBITaxon:1232673	2
NCBITaxon:1232674	2
NCBITaxon:1232675	2
NCBITaxon:1232681	3
NCBITaxon:1232683	3
NCBITaxon:1232713	1
NCBITaxon:1232724	6
NCBITaxon:1232727	4
NCBITaxon:1232728	4
NCBITaxon:1233098	2
NCBITaxon:1233099	6
NCBITaxon:1233100	1
NCBITaxon:1233114	22
NCBITaxon:1233170	1
NCBITaxon:1233171	1
NCBITaxon:123320	1
NCBITaxon:1233245	1
NCBITaxon:1233262	1
NCBITaxon:1233415	1
NCBITaxon:1233524	1
NCBITaxon:1233873	6
NCBITaxon:1233950	7
NCBITaxon:1233951	6
NCBITaxon:1234128	2
NCBITaxon:1234141	1
NCBITaxon:1234142	1
NCBITaxon:1234143	18
NCBITaxon:1234144	33
NCBITaxon:1234146	1
NCBITaxon:1234362	1
NCBITaxon:1234364	1
NCBITaxon:1234365	1
NCBITaxon:1234367	5
NCBITaxon:1234368	5
NCBITaxon:1234369	5
NCBITaxon:1234378	7
NCBITaxon:1234380	4
NCBITaxon:1234381	1
NCBITaxon:1234382	1
NCBITaxon:1234409	2
NCBITaxon:1234544	9
NCBITaxon:1234592	1
NCBITaxon:1234593	1
NCBITaxon:1234594	1
NCBITaxon:1234595	2
NCBITaxon:1234596	1
NCBITaxon:1234597	7
NCBITaxon:1234599	1
NCBITaxon:1234600	1
NCBITaxon:1234601	3
NCBITaxon:1234603	1
NCBITaxon:1234606	1
NCBITaxon:1234664	1
NCBITaxon:1234667	3
NCBITaxon:1234679	1
NCBITaxon:1234680	15
NCBITaxon:1234777	4
NCBITaxon:1234871	3
NCBITaxon:1234873	3
NCBITaxon:1234875	3
NCBITaxon:1234876	3
NCBITaxon:1234877	3
NCBITaxon:1234889	3
NCBITaxon:1234890	1
NCBITaxon:1234891	1
NCBITaxon:1234893	1
NCBITaxon:1234894	1
NCBITaxon:1234895	1
NCBITaxon:1235259	5
NCBITaxon:1235275	1
NCBITaxon:1235276	1
NCBITaxon:1235277	1
NCBITaxon:1235278	1
NCBITaxon:1235279	4
NCBITaxon:1235440	2
NCBITaxon:1235441	5
NCBITaxon:1235442	1
NCBITaxon:1235443	1
NCBITaxon:1235444	1
NCBITaxon:1235454	1
NCBITaxon:1235456	1
NCBITaxon:1235457	3
NCBITaxon:1235458	1
NCBITaxon:1235459	1
NCBITaxon:1235460	1
NCBITaxon:1235461	8
NCBITaxon:1235473	1
NCBITaxon:1235479	5
NCBITaxon:1235480	4
NCBITaxon:1235558	5
NCBITaxon:1235754	14
NCBITaxon:1235755	5
NCBITaxon:1235785	1
NCBITaxon:1235786	1
NCBITaxon:1235787	1
NCBITaxon:1235788	1
NCBITaxon:1235789	1
NCBITaxon:1235794	3
NCBITaxon:1235795	1
NCBITaxon:1235800	1
NCBITaxon:1235802	1
NCBITaxon:1235803	4
NCBITaxon:1235804	1
NCBITaxon:1235805	3
NCBITaxon:1235811	5
NCBITaxon:1235813	1
NCBITaxon:1235814	5
NCBITaxon:1235825	3
NCBITaxon:1235827	4
NCBITaxon:1235829	2
NCBITaxon:1235833	2
NCBITaxon:1235834	7
NCBITaxon:1235835	1
NCBITaxon:1235980	1
NCBITaxon:1235981	1
NCBITaxon:1235982	1
NCBITaxon:1235989	1
NCBITaxon:1235990	2
NCBITaxon:1235997	1
NCBITaxon:1236046	19
NCBITaxon:1236101	2
NCBITaxon:1236102	2
NCBITaxon:1236180	23
NCBITaxon:1236215	6
NCBITaxon:1236220	2
NCBITaxon:1236481	4
NCBITaxon:1236482	5
NCBITaxon:1236483	4
NCBITaxon:1236486	13
NCBITaxon:1236494	5
NCBITaxon:1236504	1
NCBITaxon:1236508	5
NCBITaxon:1236512	5
NCBITaxon:1236515	5
NCBITaxon:1236518	1
NCBITaxon:1236538	5
NCBITaxon:1236541	4
NCBITaxon:1236543	3
NCBITaxon:1236544	4
NCBITaxon:1236548	2
NCBITaxon:1236549	2
NCBITaxon:1236550	3
NCBITaxon:1236608	5
NCBITaxon:1236609	1
NCBITaxon:1236689	1
NCBITaxon:1236703	4
NCBITaxon:1236770	1
NCBITaxon:1236902	6
NCBITaxon:1236903	8
NCBITaxon:1236904	1
NCBITaxon:1236905	1
NCBITaxon:1236907	1
NCBITaxon:1236944	5
NCBITaxon:1236954	4
NCBITaxon:1236961	6
NCBITaxon:1236962	4
NCBITaxon:1236971	1
NCBITaxon:1236973	1
NCBITaxon:1236976	5
NCBITaxon:1237085	2
NCBITaxon:1237109	13
NCBITaxon:1237149	4
NCBITaxon:1237157	1
NCBITaxon:1237158	1
NCBITaxon:1237500	5
NCBITaxon:123783	1
NCBITaxon:1237860	1
NCBITaxon:1237929	1
NCBITaxon:1238	3
NCBITaxon:123812	2
NCBITaxon:1238180	1
NCBITaxon:1238182	3
NCBITaxon:1238184	5
NCBITaxon:1238186	5
NCBITaxon:1238190	5
NCBITaxon:1238192	1
NCBITaxon:1238193	1
NCBITaxon:1238194	1
NCBITaxon:1238195	1
NCBITaxon:1238196	1
NCBITaxon:1238197	1
NCBITaxon:1238198	1
NCBITaxon:1238199	1
NCBITaxon:123820	3
NCBITaxon:1238200	1
NCBITaxon:1238201	1
NCBITaxon:1238202	1
NCBITaxon:1238203	1
NCBITaxon:1238204	1
NCBITaxon:1238205	1
NCBITaxon:1238206	1
NCBITaxon:1238207	1
NCBITaxon:1238208	1
NCBITaxon:1238209	1
NCBITaxon:1238210	1
NCBITaxon:1238211	1
NCBITaxon:1238212	1
NCBITaxon:1238213	1
NCBITaxon:1238214	1
NCBITaxon:1238215	1
NCBITaxon:1238216	1
NCBITaxon:1238217	1
NCBITaxon:1238218	1
NCBITaxon:1238219	1
NCBITaxon:123822	2
NCBITaxon:1238220	1
NCBITaxon:1238221	1
NCBITaxon:1238222	1
NCBITaxon:1238223	1
NCBITaxon:1238224	1
NCBITaxon:1238231	1
NCBITaxon:1238233	1
NCBITaxon:1238234	1
NCBITaxon:1238235	1
NCBITaxon:1238236	1
NCBITaxon:1238237	1
NCBITaxon:123824	1
NCBITaxon:123841	4
NCBITaxon:1238417	1
NCBITaxon:1238422	1
NCBITaxon:1238423	1
NCBITaxon:1238424	1
NCBITaxon:1238425	1
NCBITaxon:1238426	1
NCBITaxon:1238428	1
NCBITaxon:1238444	1
NCBITaxon:1238452	1
NCBITaxon:1238668	1
NCBITaxon:1238674	2
NCBITaxon:1238884	1
NCBITaxon:1238885	4
NCBITaxon:123899	4
NCBITaxon:1238993	5
NCBITaxon:1239292	1
NCBITaxon:1239307	5
NCBITaxon:1239415	1
NCBITaxon:1239431	1
NCBITaxon:1239783	7
NCBITaxon:1239784	1
NCBITaxon:1239786	1
NCBITaxon:1239787	1
NCBITaxon:1239788	1
NCBITaxon:1239789	1
NCBITaxon:1239790	1
NCBITaxon:1239791	1
NCBITaxon:1239792	1
NCBITaxon:1239793	1
NCBITaxon:1239797	5
NCBITaxon:1239830	5
NCBITaxon:1239833	5
NCBITaxon:1239834	5
NCBITaxon:1239881	2
NCBITaxon:1239934	1
NCBITaxon:1239958	17
NCBITaxon:1239962	3
NCBITaxon:1239989	3
NCBITaxon:124	2
NCBITaxon:1240083	1
NCBITaxon:1240085	4
NCBITaxon:1240239	1
NCBITaxon:1240348	5
NCBITaxon:1240349	5
NCBITaxon:1240385	1
NCBITaxon:1240471	2
NCBITaxon:1240557	1
NCBITaxon:1240558	1
NCBITaxon:1240677	1
NCBITaxon:1240678	3
NCBITaxon:1240687	1
NCBITaxon:1240688	1
NCBITaxon:1240691	1
NCBITaxon:1240692	1
NCBITaxon:1240693	5
NCBITaxon:1240694	5
NCBITaxon:1240708	5
NCBITaxon:1240727	9
NCBITaxon:1240758	1
NCBITaxon:1240759	1
NCBITaxon:1240760	1
NCBITaxon:1240761	1
NCBITaxon:1240762	1
NCBITaxon:1240763	1
NCBITaxon:1240764	1
NCBITaxon:1240765	1
NCBITaxon:1240766	1
NCBITaxon:1240767	1
NCBITaxon:1240768	1
NCBITaxon:1240769	1
NCBITaxon:1240770	1
NCBITaxon:1240771	1
NCBITaxon:1240772	1
NCBITaxon:1240773	1
NCBITaxon:1240774	1
NCBITaxon:1240775	1
NCBITaxon:1240776	1
NCBITaxon:1240777	1
NCBITaxon:1240778	1
NCBITaxon:1240779	1
NCBITaxon:1240980	1
NCBITaxon:1241321	4
NCBITaxon:1241582	3
NCBITaxon:1241583	3
NCBITaxon:1241616	1
NCBITaxon:1241935	1
NCBITaxon:1241978	8
NCBITaxon:1241979	3
NCBITaxon:1241981	6
NCBITaxon:1241982	4
NCBITaxon:1242081	2
NCBITaxon:1242087	5
NCBITaxon:1242088	5
NCBITaxon:1242089	5
NCBITaxon:1242090	5
NCBITaxon:1242091	5
NCBITaxon:1242092	5
NCBITaxon:1242093	5
NCBITaxon:1242094	5
NCBITaxon:1242095	5
NCBITaxon:1242096	5
NCBITaxon:1242097	5
NCBITaxon:1242098	5
NCBITaxon:1242099	1
NCBITaxon:1242100	5
NCBITaxon:1242101	5
NCBITaxon:1242102	5
NCBITaxon:1242103	1
NCBITaxon:1242105	5
NCBITaxon:1242106	5
NCBITaxon:1242107	5
NCBITaxon:1242108	5
NCBITaxon:1242148	5
NCBITaxon:1242174	6
NCBITaxon:1242247	1
NCBITaxon:124225	2
NCBITaxon:1242253	2
NCBITaxon:124252	3
NCBITaxon:1242689	6
NCBITaxon:1242696	5
NCBITaxon:1242697	5
NCBITaxon:1242744	9
NCBITaxon:124285	3
NCBITaxon:1242864	4
NCBITaxon:1242865	1
NCBITaxon:1242965	4
NCBITaxon:1242966	3
NCBITaxon:1242967	3
NCBITaxon:1242968	3
NCBITaxon:1242969	3
NCBITaxon:1242970	2
NCBITaxon:1242989	1
NCBITaxon:1242990	4
NCBITaxon:1242991	1
NCBITaxon:1242992	3
NCBITaxon:1242999	1
NCBITaxon:1243001	1
NCBITaxon:1243032	3
NCBITaxon:1243181	2
NCBITaxon:1243576	5
NCBITaxon:1243578	4
NCBITaxon:1243579	5
NCBITaxon:1243580	5
NCBITaxon:1243581	5
NCBITaxon:1243582	5
NCBITaxon:1243584	5
NCBITaxon:1243586	5
NCBITaxon:1243587	5
NCBITaxon:1243588	5
NCBITaxon:1243589	1
NCBITaxon:1243591	5
NCBITaxon:1243593	1
NCBITaxon:1243594	5
NCBITaxon:1243595	5
NCBITaxon:1243596	1
NCBITaxon:1243598	5
NCBITaxon:1243600	5
NCBITaxon:1243602	5
NCBITaxon:1243604	5
NCBITaxon:1243606	1
NCBITaxon:1243608	5
NCBITaxon:1243610	1
NCBITaxon:1243612	5
NCBITaxon:1243614	1
NCBITaxon:1243616	5
NCBITaxon:1243617	5
NCBITaxon:1243618	2
NCBITaxon:1243619	2
NCBITaxon:1243620	2
NCBITaxon:1243621	2
NCBITaxon:1243662	1
NCBITaxon:1243663	1
NCBITaxon:1243664	1
NCBITaxon:1244	5
NCBITaxon:1244083	1
NCBITaxon:1244085	3
NCBITaxon:1244086	5
NCBITaxon:1244088	1
NCBITaxon:1244089	1
NCBITaxon:1244090	1
NCBITaxon:1244091	1
NCBITaxon:1244092	1
NCBITaxon:1244093	1
NCBITaxon:1244094	1
NCBITaxon:1244095	1
NCBITaxon:1244096	1
NCBITaxon:1244097	1
NCBITaxon:1244098	1
NCBITaxon:1244099	1
NCBITaxon:1244100	1
NCBITaxon:1244101	1
NCBITaxon:1244102	1
NCBITaxon:1244103	1
NCBITaxon:1244104	1
NCBITaxon:1244105	1
NCBITaxon:1244106	1
NCBITaxon:1244108	1
NCBITaxon:1244111	2
NCBITaxon:1244112	2
NCBITaxon:1244113	2
NCBITaxon:1244118	2
NCBITaxon:1244119	2
NCBITaxon:1244120	2
NCBITaxon:1244121	2
NCBITaxon:1244122	2
NCBITaxon:1244123	1
NCBITaxon:1244124	1
NCBITaxon:1244125	1
NCBITaxon:1244126	1
NCBITaxon:1244127	1
NCBITaxon:1244128	1
NCBITaxon:1244129	1
NCBITaxon:1244130	1
NCBITaxon:1244131	1
NCBITaxon:1244140	1
NCBITaxon:1244141	1
NCBITaxon:1244142	1
NCBITaxon:1244143	1
NCBITaxon:1244144	1
NCBITaxon:1244145	1
NCBITaxon:1244150	1
NCBITaxon:1244151	1
NCBITaxon:1244152	1
NCBITaxon:1244153	1
NCBITaxon:1244154	1
NCBITaxon:1244155	1
NCBITaxon:1244513	20
NCBITaxon:1244531	4
NCBITaxon:1244532	1
NCBITaxon:1244869	6
NCBITaxon:1245	24
NCBITaxon:1245027	2
NCBITaxon:1245028	4
NCBITaxon:1245029	7
NCBITaxon:1245275	1
NCBITaxon:1245388	1
NCBITaxon:1245389	1
NCBITaxon:1245390	1
NCBITaxon:1245391	1
NCBITaxon:1245392	1
NCBITaxon:1245393	1
NCBITaxon:1245396	5
NCBITaxon:1245436	4
NCBITaxon:1245471	5
NCBITaxon:1245472	5
NCBITaxon:1245473	5
NCBITaxon:1245475	5
NCBITaxon:1245476	5
NCBITaxon:1245477	6
NCBITaxon:1245478	6
NCBITaxon:1245522	13
NCBITaxon:1245523	11
NCBITaxon:1245526	14
NCBITaxon:1245591	12
NCBITaxon:1245601	1
NCBITaxon:1245603	1
NCBITaxon:1245607	1
NCBITaxon:1245754	1
NCBITaxon:1245910	5
NCBITaxon:1246	8
NCBITaxon:1246119	1
NCBITaxon:1246120	1
NCBITaxon:1246121	1
NCBITaxon:1246301	5
NCBITaxon:1246365	1
NCBITaxon:1246444	5
NCBITaxon:1246445	5
NCBITaxon:1246448	7
NCBITaxon:1246458	24
NCBITaxon:1246459	1
NCBITaxon:1246460	5
NCBITaxon:1246461	5
NCBITaxon:1246474	5
NCBITaxon:1246475	5
NCBITaxon:1246476	3
NCBITaxon:1246477	3
NCBITaxon:1246484	2
NCBITaxon:1246485	5
NCBITaxon:1246530	9
NCBITaxon:1246623	1
NCBITaxon:1246626	6
NCBITaxon:1246628	3
NCBITaxon:1246634	1
NCBITaxon:1246644	3
NCBITaxon:1246955	1
NCBITaxon:1246993	1
NCBITaxon:1246994	2
NCBITaxon:1246995	6
NCBITaxon:1247	4
NCBITaxon:1247411	1
NCBITaxon:1247414	3
NCBITaxon:1247520	1
NCBITaxon:1247644	1
NCBITaxon:1247645	1
NCBITaxon:1247646	1
NCBITaxon:1247647	1
NCBITaxon:1247648	1
NCBITaxon:1247649	1
NCBITaxon:1247655	1
NCBITaxon:1247714	1
NCBITaxon:1247725	2
NCBITaxon:1247726	7
NCBITaxon:1247728	4
NCBITaxon:1247729	4
NCBITaxon:1247730	4
NCBITaxon:1247731	4
NCBITaxon:1247732	4
NCBITaxon:1247733	4
NCBITaxon:1247734	4
NCBITaxon:1247735	4
NCBITaxon:1247736	4
NCBITaxon:1247737	4
NCBITaxon:1247738	4
NCBITaxon:1247739	4
NCBITaxon:1247740	4
NCBITaxon:1247741	4
NCBITaxon:1247742	4
NCBITaxon:1247743	4
NCBITaxon:1247744	4
NCBITaxon:1247745	4
NCBITaxon:1247746	4
NCBITaxon:1247747	1
NCBITaxon:1247867	1
NCBITaxon:1247963	5
NCBITaxon:124798	3
NCBITaxon:1248399	4
NCBITaxon:1248400	4
NCBITaxon:1248401	4
NCBITaxon:1248402	4
NCBITaxon:1248403	4
NCBITaxon:1248404	4
NCBITaxon:1248410	1
NCBITaxon:1248411	2
NCBITaxon:1248414	1
NCBITaxon:1248417	2
NCBITaxon:1248420	1
NCBITaxon:1248431	1
NCBITaxon:1248436	1
NCBITaxon:1248438	1
NCBITaxon:1248440	1
NCBITaxon:1248727	1
NCBITaxon:1248732	3
NCBITaxon:1248760	3
NCBITaxon:1248823	6
NCBITaxon:1248902	7
NCBITaxon:1248903	6
NCBITaxon:1248915	6
NCBITaxon:1249	6
NCBITaxon:1249468	3
NCBITaxon:1249469	3
NCBITaxon:1249470	3
NCBITaxon:1249471	3
NCBITaxon:1249472	3
NCBITaxon:1249473	3
NCBITaxon:1249474	3
NCBITaxon:1249475	3
NCBITaxon:1249476	3
NCBITaxon:1249477	3
NCBITaxon:1249480	2
NCBITaxon:1249481	1
NCBITaxon:1249483	1
NCBITaxon:1249484	1
NCBITaxon:1249525	1
NCBITaxon:1249552	2
NCBITaxon:1249558	5
NCBITaxon:1249614	1
NCBITaxon:1249615	4
NCBITaxon:1249627	1
NCBITaxon:1249630	1
NCBITaxon:1249634	4
NCBITaxon:1249650	1
NCBITaxon:1249651	1
NCBITaxon:1249652	1
NCBITaxon:1249653	1
NCBITaxon:1249654	1
NCBITaxon:1249655	1
NCBITaxon:1249656	1
NCBITaxon:1249658	3
NCBITaxon:1249659	3
NCBITaxon:1249660	3
NCBITaxon:1249661	3
NCBITaxon:1249662	3
NCBITaxon:1249663	3
NCBITaxon:1249664	3
NCBITaxon:1249665	3
NCBITaxon:1249666	3
NCBITaxon:1249667	4
NCBITaxon:1249668	2
NCBITaxon:125	2
NCBITaxon:1250005	6
NCBITaxon:1250339	3
NCBITaxon:1250520	2
NCBITaxon:1250998	1
NCBITaxon:1251	3
NCBITaxon:1252	5
NCBITaxon:125288	2
NCBITaxon:1254	8
NCBITaxon:1254334	5
NCBITaxon:1254432	6
NCBITaxon:1255	7
NCBITaxon:1255043	2
NCBITaxon:1255257	10
NCBITaxon:1255277	5
NCBITaxon:1255278	1
NCBITaxon:1255279	1
NCBITaxon:1255280	1
NCBITaxon:1255359	5
NCBITaxon:1255374	6
NCBITaxon:1255570	1
NCBITaxon:1255571	1
NCBITaxon:1255572	1
NCBITaxon:1255573	1
NCBITaxon:1255574	1
NCBITaxon:1255575	1
NCBITaxon:1255576	1
NCBITaxon:1255577	1
NCBITaxon:1255578	1
NCBITaxon:1255579	1
NCBITaxon:1255580	1
NCBITaxon:1255581	1
NCBITaxon:1255582	1
NCBITaxon:1255584	1
NCBITaxon:1255585	1
NCBITaxon:1255586	1
NCBITaxon:1255587	1
NCBITaxon:1255588	1
NCBITaxon:1255589	1
NCBITaxon:1255590	1
NCBITaxon:1255592	1
NCBITaxon:1255593	1
NCBITaxon:1255594	1
NCBITaxon:1255595	1
NCBITaxon:1255596	1
NCBITaxon:1255597	1
NCBITaxon:1255599	1
NCBITaxon:1255600	1
NCBITaxon:1255601	1
NCBITaxon:1255602	1
NCBITaxon:1255603	1
NCBITaxon:1255604	1
NCBITaxon:1255605	1
NCBITaxon:1255606	1
NCBITaxon:1255607	1
NCBITaxon:1255608	1
NCBITaxon:1255609	1
NCBITaxon:1255611	1
NCBITaxon:1255612	1
NCBITaxon:1255613	1
NCBITaxon:1255614	1
NCBITaxon:1255615	1
NCBITaxon:1255616	1
NCBITaxon:1255617	1
NCBITaxon:1255618	1
NCBITaxon:1255619	1
NCBITaxon:1255620	1
NCBITaxon:1255621	1
NCBITaxon:1255622	1
NCBITaxon:1255623	1
NCBITaxon:1255624	1
NCBITaxon:1255625	1
NCBITaxon:1255628	1
NCBITaxon:1255629	1
NCBITaxon:1255631	1
NCBITaxon:1255632	1
NCBITaxon:1255633	1
NCBITaxon:1255634	1
NCBITaxon:1255635	1
NCBITaxon:1255636	1
NCBITaxon:1255637	1
NCBITaxon:1255638	1
NCBITaxon:1255639	1
NCBITaxon:1255641	1
NCBITaxon:1255642	1
NCBITaxon:1255643	1
NCBITaxon:1255644	1
NCBITaxon:1255645	1
NCBITaxon:1255646	1
NCBITaxon:1255647	1
NCBITaxon:1255648	1
NCBITaxon:1255649	1
NCBITaxon:1255650	1
NCBITaxon:1255651	1
NCBITaxon:1255652	1
NCBITaxon:1255653	1
NCBITaxon:1255654	1
NCBITaxon:1255655	1
NCBITaxon:1255656	1
NCBITaxon:1255658	1
NCBITaxon:1255659	1
NCBITaxon:1255661	1
NCBITaxon:1255662	1
NCBITaxon:1255663	1
NCBITaxon:1255664	1
NCBITaxon:1255665	1
NCBITaxon:1255666	1
NCBITaxon:1255667	1
NCBITaxon:1255668	1
NCBITaxon:1255669	1
NCBITaxon:1255670	1
NCBITaxon:1255671	1
NCBITaxon:1255672	1
NCBITaxon:1255673	1
NCBITaxon:1255674	1
NCBITaxon:1255675	1
NCBITaxon:1255676	1
NCBITaxon:1255677	1
NCBITaxon:1255678	1
NCBITaxon:1255679	1
NCBITaxon:1255680	1
NCBITaxon:1255682	1
NCBITaxon:1255684	1
NCBITaxon:1255685	1
NCBITaxon:1255686	1
NCBITaxon:1255687	1
NCBITaxon:1255688	1
NCBITaxon:1255689	1
NCBITaxon:1255690	1
NCBITaxon:1255691	1
NCBITaxon:1255692	1
NCBITaxon:1255693	1
NCBITaxon:1255694	1
NCBITaxon:1255695	1
NCBITaxon:1255696	1
NCBITaxon:1255698	1
NCBITaxon:1255699	1
NCBITaxon:1255701	1
NCBITaxon:1255702	1
NCBITaxon:1255703	1
NCBITaxon:1255704	1
NCBITaxon:1255706	1
NCBITaxon:1255707	1
NCBITaxon:1255709	1
NCBITaxon:125602	7
NCBITaxon:125614	1
NCBITaxon:125627	1
NCBITaxon:1256510	1
NCBITaxon:1256511	1
NCBITaxon:1256908	3
NCBITaxon:1256987	1
NCBITaxon:1256988	1
NCBITaxon:1256989	1
NCBITaxon:1256990	1
NCBITaxon:1256991	1
NCBITaxon:1256992	1
NCBITaxon:1256993	1
NCBITaxon:1256995	1
NCBITaxon:1256996	1
NCBITaxon:1256997	1
NCBITaxon:1257021	5
NCBITaxon:1257025	1
NCBITaxon:1257037	4
NCBITaxon:1257038	4
NCBITaxon:1257039	4
NCBITaxon:1257040	4
NCBITaxon:1257041	5
NCBITaxon:1257042	4
NCBITaxon:1257043	1
NCBITaxon:1257078	3
NCBITaxon:1257079	4
NCBITaxon:1257080	1
NCBITaxon:1258	3
NCBITaxon:1258564	3
NCBITaxon:1258567	1
NCBITaxon:1258573	12
NCBITaxon:1258574	1
NCBITaxon:1258575	2
NCBITaxon:1258580	1
NCBITaxon:1258582	1
NCBITaxon:1258583	1
NCBITaxon:1259795	1
NCBITaxon:1259797	1
NCBITaxon:1259798	1
NCBITaxon:1259799	1
NCBITaxon:1259800	1
NCBITaxon:1259801	1
NCBITaxon:1259802	1
NCBITaxon:1259803	1
NCBITaxon:1259804	1
NCBITaxon:1259805	1
NCBITaxon:1259806	1
NCBITaxon:1259809	1
NCBITaxon:1259812	7
NCBITaxon:1259823	1
NCBITaxon:1259824	1
NCBITaxon:1259825	1
NCBITaxon:1259844	4
NCBITaxon:1260	3
NCBITaxon:1260129	1
NCBITaxon:1260132	1
NCBITaxon:1260223	1
NCBITaxon:1260277	1
NCBITaxon:1260282	1
NCBITaxon:1260355	1
NCBITaxon:1260356	1
NCBITaxon:1260357	1
NCBITaxon:1260358	1
NCBITaxon:1260359	1
NCBITaxon:1260360	1
NCBITaxon:1260361	1
NCBITaxon:1260362	1
NCBITaxon:1260363	1
NCBITaxon:1260364	1
NCBITaxon:1260365	1
NCBITaxon:1260366	1
NCBITaxon:1260624	3
NCBITaxon:1260625	3
NCBITaxon:1260626	7
NCBITaxon:1260918	2
NCBITaxon:1260955	18
NCBITaxon:1260987	3
NCBITaxon:1261	3
NCBITaxon:1261031	5
NCBITaxon:1261057	1
NCBITaxon:1261058	1
NCBITaxon:1261059	1
NCBITaxon:1261060	1
NCBITaxon:1261061	1
NCBITaxon:1261062	1
NCBITaxon:1261063	1
NCBITaxon:1261064	1
NCBITaxon:1261065	1
NCBITaxon:1261066	1
NCBITaxon:1261067	1
NCBITaxon:1261068	1
NCBITaxon:1261069	1
NCBITaxon:1261070	1
NCBITaxon:1261071	1
NCBITaxon:1261072	1
NCBITaxon:1261125	5
NCBITaxon:1261126	3
NCBITaxon:1261127	1
NCBITaxon:1261128	2
NCBITaxon:1261129	4
NCBITaxon:1261130	7
NCBITaxon:1261131	4
NCBITaxon:1261403	5
NCBITaxon:1261545	1
NCBITaxon:1261553	7
NCBITaxon:1261556	1
NCBITaxon:1261557	1
NCBITaxon:126156	2
NCBITaxon:126157	3
NCBITaxon:1261617	1
NCBITaxon:1261621	1
NCBITaxon:1261622	1
NCBITaxon:1261623	1
NCBITaxon:1261624	1
NCBITaxon:1261625	1
NCBITaxon:1261626	1
NCBITaxon:1261627	1
NCBITaxon:1261628	1
NCBITaxon:1261629	1
NCBITaxon:1261630	1
NCBITaxon:1261631	1
NCBITaxon:1261632	1
NCBITaxon:1261633	1
NCBITaxon:1261658	3
NCBITaxon:1262	3
NCBITaxon:1262136	5
NCBITaxon:1262350	8
NCBITaxon:1262391	6
NCBITaxon:1262400	6
NCBITaxon:1262449	8
NCBITaxon:1262454	6
NCBITaxon:1262456	2
NCBITaxon:1262469	4
NCBITaxon:1262470	3
NCBITaxon:1262550	24
NCBITaxon:1262554	1
NCBITaxon:1262585	1
NCBITaxon:1262650	2
NCBITaxon:1262652	2
NCBITaxon:1262654	2
NCBITaxon:1262658	1
NCBITaxon:1262662	1
NCBITaxon:1262663	4
NCBITaxon:1262664	1
NCBITaxon:1262665	4
NCBITaxon:1262667	4
NCBITaxon:1262668	4
NCBITaxon:126333	2
NCBITaxon:1263410	2
NCBITaxon:126348	1
NCBITaxon:126350	1
NCBITaxon:1263547	8
NCBITaxon:1263550	4
NCBITaxon:1263625	1
NCBITaxon:1263829	2
NCBITaxon:1263833	1
NCBITaxon:1263836	1
NCBITaxon:126385	3
NCBITaxon:1263856	1
NCBITaxon:1263863	5
NCBITaxon:1263865	2
NCBITaxon:1263866	2
NCBITaxon:1263867	4
NCBITaxon:1263868	4
NCBITaxon:1263869	1
NCBITaxon:1263870	4
NCBITaxon:1263871	6
NCBITaxon:1263979	2
NCBITaxon:1264	5
NCBITaxon:1264554	4
NCBITaxon:1264579	5
NCBITaxon:1265	5
NCBITaxon:1265302	2
NCBITaxon:1265309	7
NCBITaxon:1265310	1
NCBITaxon:1265311	1
NCBITaxon:1265312	5
NCBITaxon:1265313	7
NCBITaxon:1265350	2
NCBITaxon:1265478	2
NCBITaxon:1265480	1
NCBITaxon:1265481	1
NCBITaxon:1265482	1
NCBITaxon:1265483	1
NCBITaxon:1265484	1
NCBITaxon:1265485	1
NCBITaxon:1265486	1
NCBITaxon:1265487	1
NCBITaxon:1265488	1
NCBITaxon:1265489	1
NCBITaxon:1265490	1
NCBITaxon:1265491	1
NCBITaxon:1265494	2
NCBITaxon:1265495	1
NCBITaxon:1265496	1
NCBITaxon:1265497	2
NCBITaxon:1265502	2
NCBITaxon:1265503	1
NCBITaxon:1265504	1
NCBITaxon:1265505	1
NCBITaxon:1265507	1
NCBITaxon:1265601	4
NCBITaxon:1265684	1
NCBITaxon:1265685	9
NCBITaxon:126569	1
NCBITaxon:1265690	10
NCBITaxon:1265696	1
NCBITaxon:1265734	1
NCBITaxon:1265738	3
NCBITaxon:1265739	1
NCBITaxon:1265740	15
NCBITaxon:1265756	3
NCBITaxon:1265757	3
NCBITaxon:1265816	3
NCBITaxon:1265817	3
NCBITaxon:1265818	3
NCBITaxon:1265819	3
NCBITaxon:1265820	3
NCBITaxon:1265822	3
NCBITaxon:1265827	3
NCBITaxon:1265845	3
NCBITaxon:1265846	3
NCBITaxon:1265861	3
NCBITaxon:1265868	2
NCBITaxon:1265931	1
NCBITaxon:1265935	1
NCBITaxon:1266046	1
NCBITaxon:1266064	9
NCBITaxon:1266066	1
NCBITaxon:1266067	1
NCBITaxon:1266068	1
NCBITaxon:1266069	1
NCBITaxon:1266070	1
NCBITaxon:1266367	1
NCBITaxon:1266370	1
NCBITaxon:1266371	1
NCBITaxon:1266716	6
NCBITaxon:1266717	2
NCBITaxon:1266720	13
NCBITaxon:1266729	1
NCBITaxon:126673	2
NCBITaxon:1266738	3
NCBITaxon:1266829	22
NCBITaxon:1266844	2
NCBITaxon:1266845	2
NCBITaxon:1266854	1
NCBITaxon:1266908	1
NCBITaxon:1266909	2
NCBITaxon:1266910	1
NCBITaxon:1266911	2
NCBITaxon:1266912	1
NCBITaxon:1266913	1
NCBITaxon:1266914	2
NCBITaxon:1266923	1
NCBITaxon:1266925	4
NCBITaxon:1266996	1
NCBITaxon:1266997	5
NCBITaxon:1266998	1
NCBITaxon:1266999	1
NCBITaxon:1267	1
NCBITaxon:1267000	4
NCBITaxon:1267001	5
NCBITaxon:1267002	1
NCBITaxon:1267003	1
NCBITaxon:1267004	1
NCBITaxon:1267005	1
NCBITaxon:1267006	1
NCBITaxon:1267021	8
NCBITaxon:1267156	9
NCBITaxon:1267211	3
NCBITaxon:126734	7
NCBITaxon:1267355	1
NCBITaxon:1267356	1
NCBITaxon:1267357	1
NCBITaxon:1267358	1
NCBITaxon:1267359	1
NCBITaxon:1267360	1
NCBITaxon:1267361	1
NCBITaxon:1267362	1
NCBITaxon:1267363	1
NCBITaxon:1267364	1
NCBITaxon:126738	7
NCBITaxon:126740	7
NCBITaxon:1267423	23
NCBITaxon:1267533	2
NCBITaxon:1267534	2
NCBITaxon:1267543	1
NCBITaxon:1267544	1
NCBITaxon:1267545	5
NCBITaxon:1267547	1
NCBITaxon:1267562	4
NCBITaxon:1267564	7
NCBITaxon:1267580	1
NCBITaxon:1267753	1
NCBITaxon:1267754	8
NCBITaxon:1267768	1
NCBITaxon:1267769	33
NCBITaxon:1267896	1
NCBITaxon:1267897	1
NCBITaxon:1267973	8
NCBITaxon:1267981	8
NCBITaxon:1268061	2
NCBITaxon:1268062	1
NCBITaxon:1268064	1
NCBITaxon:1268065	1
NCBITaxon:1268072	7
NCBITaxon:1268074	1
NCBITaxon:1268075	1
NCBITaxon:1268076	1
NCBITaxon:1268077	1
NCBITaxon:1268078	1
NCBITaxon:1268079	1
NCBITaxon:1268080	1
NCBITaxon:1268236	8
NCBITaxon:1268237	8
NCBITaxon:1268238	1
NCBITaxon:1268239	1
NCBITaxon:1268240	2
NCBITaxon:1268254	2
NCBITaxon:1268273	6
NCBITaxon:1268285	1
NCBITaxon:1268298	1
NCBITaxon:1268301	1
NCBITaxon:1268303	3
NCBITaxon:1268316	1
NCBITaxon:1268319	1
NCBITaxon:1268323	1
NCBITaxon:1268324	1
NCBITaxon:1268333	1
NCBITaxon:1268337	1
NCBITaxon:1268340	1
NCBITaxon:126843	2
NCBITaxon:1268556	5
NCBITaxon:1268635	5
NCBITaxon:1268668	2
NCBITaxon:1268883	1
NCBITaxon:1268975	1
NCBITaxon:1268976	1
NCBITaxon:1268977	1
NCBITaxon:1268978	1
NCBITaxon:1268979	1
NCBITaxon:1268980	1
NCBITaxon:1268981	1
NCBITaxon:1268982	1
NCBITaxon:1268983	1
NCBITaxon:1268984	1
NCBITaxon:1268985	1
NCBITaxon:1268986	1
NCBITaxon:1268987	1
NCBITaxon:1268988	1
NCBITaxon:1268989	1
NCBITaxon:1268990	1
NCBITaxon:1268991	1
NCBITaxon:1268992	1
NCBITaxon:1268993	1
NCBITaxon:1268994	1
NCBITaxon:1268995	1
NCBITaxon:1268996	1
NCBITaxon:1268997	1
NCBITaxon:1268998	1
NCBITaxon:1268999	1
NCBITaxon:1269000	1
NCBITaxon:1269001	1
NCBITaxon:1269002	1
NCBITaxon:1269003	1
NCBITaxon:1269004	1
NCBITaxon:1269005	1
NCBITaxon:1269006	1
NCBITaxon:1269007	1
NCBITaxon:1269008	1
NCBITaxon:1269009	1
NCBITaxon:1269010	1
NCBITaxon:1269275	1
NCBITaxon:1269334	1
NCBITaxon:1269760	4
NCBITaxon:1269812	1
NCBITaxon:1269813	2
NCBITaxon:1269941	1
NCBITaxon:1269942	1
NCBITaxon:1269943	1
NCBITaxon:1270	8
NCBITaxon:1270193	6
NCBITaxon:1271	2
NCBITaxon:1271478	1
NCBITaxon:1271528	1
NCBITaxon:1271533	1
NCBITaxon:1271752	1
NCBITaxon:1272	6
NCBITaxon:1272518	1
NCBITaxon:1272910	1
NCBITaxon:1272951	1
NCBITaxon:1272954	1
NCBITaxon:1273	1
NCBITaxon:1273103	3
NCBITaxon:1273125	4
NCBITaxon:1273127	1
NCBITaxon:1273129	1
NCBITaxon:1273130	1
NCBITaxon:1273132	6
NCBITaxon:1273133	1
NCBITaxon:1273135	1
NCBITaxon:1273173	1
NCBITaxon:1273266	1
NCBITaxon:1273268	1
NCBITaxon:1273269	1
NCBITaxon:1273270	1
NCBITaxon:1273272	1
NCBITaxon:1273274	1
NCBITaxon:1273276	1
NCBITaxon:1273279	1
NCBITaxon:1273429	1
NCBITaxon:1273442	2
NCBITaxon:1273538	5
NCBITaxon:1273539	2
NCBITaxon:1273540	1
NCBITaxon:1273541	2
NCBITaxon:1273686	1
NCBITaxon:1273687	1
NCBITaxon:1274	3
NCBITaxon:1274356	2
NCBITaxon:1274384	16
NCBITaxon:1274403	4
NCBITaxon:127458	1
NCBITaxon:1274722	1
NCBITaxon:1274814	1
NCBITaxon:1275	4
NCBITaxon:1275966	2
NCBITaxon:1275967	2
NCBITaxon:1275968	2
NCBITaxon:1275969	2
NCBITaxon:1275970	2
NCBITaxon:1275971	2
NCBITaxon:1275972	2
NCBITaxon:1275973	2
NCBITaxon:1275974	1
NCBITaxon:1275975	1
NCBITaxon:1275976	1
NCBITaxon:1275977	1
NCBITaxon:1276	4
NCBITaxon:1276218	1
NCBITaxon:1276219	1
NCBITaxon:1276220	1
NCBITaxon:1276221	1
NCBITaxon:1276224	1
NCBITaxon:1276227	1
NCBITaxon:1276229	1
NCBITaxon:1276246	1
NCBITaxon:1276257	1
NCBITaxon:1276258	1
NCBITaxon:1276259	1
NCBITaxon:1276282	3
NCBITaxon:1276547	20
NCBITaxon:1276647	1
NCBITaxon:1276648	2
NCBITaxon:1276649	1
NCBITaxon:1276650	1
NCBITaxon:1276652	4
NCBITaxon:1276653	4
NCBITaxon:1276757	1
NCBITaxon:1276919	1
NCBITaxon:1276920	4
NCBITaxon:1277351	11
NCBITaxon:1277598	1
NCBITaxon:1277602	2
NCBITaxon:1278070	1
NCBITaxon:1278071	4
NCBITaxon:1278072	4
NCBITaxon:1278073	2
NCBITaxon:1278074	4
NCBITaxon:1278075	4
NCBITaxon:1278076	1
NCBITaxon:1278077	3
NCBITaxon:1278078	1
NCBITaxon:1278207	1
NCBITaxon:1278212	1
NCBITaxon:1278232	1
NCBITaxon:1278298	1
NCBITaxon:1278299	1
NCBITaxon:1278300	1
NCBITaxon:1278302	1
NCBITaxon:1278303	1
NCBITaxon:1278304	1
NCBITaxon:1278306	1
NCBITaxon:1278307	1
NCBITaxon:1278308	1
NCBITaxon:1278309	1
NCBITaxon:1278310	1
NCBITaxon:1278311	1
NCBITaxon:1278312	1
NCBITaxon:127886	18
NCBITaxon:127891	17
NCBITaxon:1278971	1
NCBITaxon:1279005	5
NCBITaxon:1279006	1
NCBITaxon:1279007	2
NCBITaxon:1279008	2
NCBITaxon:1279009	3
NCBITaxon:1279010	7
NCBITaxon:1279011	7
NCBITaxon:1279012	7
NCBITaxon:1279013	6
NCBITaxon:1279016	1
NCBITaxon:1279018	1
NCBITaxon:1279027	8
NCBITaxon:1279029	1
NCBITaxon:1279030	1
NCBITaxon:1279038	1
NCBITaxon:1279039	5
NCBITaxon:1279040	7
NCBITaxon:1279365	1
NCBITaxon:1279460	2
NCBITaxon:1279999	1
NCBITaxon:128	3
NCBITaxon:1280	10
NCBITaxon:1280004	1
NCBITaxon:1280370	2
NCBITaxon:1280375	8
NCBITaxon:1280376	8
NCBITaxon:1280380	6
NCBITaxon:1280514	1
NCBITaxon:1280663	1
NCBITaxon:1280664	1
NCBITaxon:1280665	1
NCBITaxon:1280666	1
NCBITaxon:1280667	1
NCBITaxon:1280668	1
NCBITaxon:1280670	1
NCBITaxon:1280671	1
NCBITaxon:1280672	1
NCBITaxon:1280673	1
NCBITaxon:1280674	1
NCBITaxon:1280675	1
NCBITaxon:1280676	1
NCBITaxon:1280677	1
NCBITaxon:1280678	1
NCBITaxon:1280679	1
NCBITaxon:1280680	1
NCBITaxon:1280681	1
NCBITaxon:1280682	1
NCBITaxon:1280683	1
NCBITaxon:1280684	1
NCBITaxon:1280685	1
NCBITaxon:1280686	1
NCBITaxon:1280687	1
NCBITaxon:1280688	1
NCBITaxon:1280689	1
NCBITaxon:1280690	1
NCBITaxon:1280691	1
NCBITaxon:1280692	1
NCBITaxon:1280693	1
NCBITaxon:1280694	1
NCBITaxon:1280695	1
NCBITaxon:1280696	1
NCBITaxon:1280697	2
NCBITaxon:1280698	1
NCBITaxon:1280699	1
NCBITaxon:1280700	1
NCBITaxon:1280701	1
NCBITaxon:1280702	1
NCBITaxon:1280703	1
NCBITaxon:1280704	1
NCBITaxon:1280705	1
NCBITaxon:1280706	1
NCBITaxon:1280846	24
NCBITaxon:1280847	17
NCBITaxon:1280936	1
NCBITaxon:1280937	1
NCBITaxon:1280941	1
NCBITaxon:1280944	1
NCBITaxon:1280945	1
NCBITaxon:1280946	1
NCBITaxon:1280947	1
NCBITaxon:1280948	1
NCBITaxon:1280949	1
NCBITaxon:1280950	1
NCBITaxon:1280951	1
NCBITaxon:1280952	1
NCBITaxon:1280953	1
NCBITaxon:1280954	1
NCBITaxon:1280956	2
NCBITaxon:1280957	2
NCBITaxon:1280958	2
NCBITaxon:1280959	2
NCBITaxon:1280960	2
NCBITaxon:1280961	2
NCBITaxon:1280962	2
NCBITaxon:1280963	2
NCBITaxon:1280964	2
NCBITaxon:1280965	1
NCBITaxon:1280966	2
NCBITaxon:1280967	2
NCBITaxon:1280968	2
NCBITaxon:1280969	2
NCBITaxon:1280970	2
NCBITaxon:1280971	2
NCBITaxon:1280972	2
NCBITaxon:1280973	2
NCBITaxon:1280974	1
NCBITaxon:1280975	2
NCBITaxon:1280976	2
NCBITaxon:1280977	2
NCBITaxon:1280978	2
NCBITaxon:1280979	2
NCBITaxon:1280980	2
NCBITaxon:1280981	2
NCBITaxon:1280982	2
NCBITaxon:1280983	2
NCBITaxon:1280984	2
NCBITaxon:1280985	2
NCBITaxon:1280986	1
NCBITaxon:1280987	2
NCBITaxon:1280988	2
NCBITaxon:1280989	2
NCBITaxon:1280990	2
NCBITaxon:1280991	2
NCBITaxon:1280992	2
NCBITaxon:1280993	2
NCBITaxon:1280994	2
NCBITaxon:1280995	2
NCBITaxon:1280996	2
NCBITaxon:1280997	2
NCBITaxon:1280998	1
NCBITaxon:1280999	2
NCBITaxon:1281	5
NCBITaxon:1281000	2
NCBITaxon:1281001	1
NCBITaxon:1281002	2
NCBITaxon:1281003	2
NCBITaxon:1281004	2
NCBITaxon:1281005	2
NCBITaxon:1281006	2
NCBITaxon:1281007	2
NCBITaxon:1281008	2
NCBITaxon:1281009	2
NCBITaxon:1281010	2
NCBITaxon:1281011	2
NCBITaxon:1281012	2
NCBITaxon:1281013	2
NCBITaxon:1281014	2
NCBITaxon:1281015	2
NCBITaxon:1281016	2
NCBITaxon:1281017	2
NCBITaxon:1281018	2
NCBITaxon:1281019	2
NCBITaxon:1281020	1
NCBITaxon:1281021	2
NCBITaxon:1281022	2
NCBITaxon:1281023	1
NCBITaxon:1281024	2
NCBITaxon:1281025	2
NCBITaxon:1281026	2
NCBITaxon:1281027	2
NCBITaxon:1281028	1
NCBITaxon:1281029	1
NCBITaxon:1281030	1
NCBITaxon:1281031	2
NCBITaxon:1281032	2
NCBITaxon:1281033	1
NCBITaxon:1281034	1
NCBITaxon:1281035	1
NCBITaxon:1281036	2
NCBITaxon:1281037	1
NCBITaxon:1281038	2
NCBITaxon:1281039	2
NCBITaxon:128104	1
NCBITaxon:1281040	2
NCBITaxon:1281041	1
NCBITaxon:1281042	2
NCBITaxon:1281043	2
NCBITaxon:1281044	1
NCBITaxon:1281045	2
NCBITaxon:1281046	2
NCBITaxon:1281047	2
NCBITaxon:1281048	2
NCBITaxon:1281049	2
NCBITaxon:1281050	2
NCBITaxon:1281051	2
NCBITaxon:1281052	2
NCBITaxon:1281053	2
NCBITaxon:1281054	2
NCBITaxon:1281055	2
NCBITaxon:1281056	2
NCBITaxon:1281057	2
NCBITaxon:1281058	2
NCBITaxon:1281059	2
NCBITaxon:1281060	2
NCBITaxon:1281061	2
NCBITaxon:1281062	2
NCBITaxon:1281063	2
NCBITaxon:1281064	2
NCBITaxon:1281065	2
NCBITaxon:1281066	2
NCBITaxon:1281067	2
NCBITaxon:1281068	2
NCBITaxon:1281069	1
NCBITaxon:1281070	2
NCBITaxon:1281071	2
NCBITaxon:1281072	2
NCBITaxon:1281073	2
NCBITaxon:1281074	2
NCBITaxon:1281075	2
NCBITaxon:1281076	2
NCBITaxon:1281077	2
NCBITaxon:1281078	2
NCBITaxon:1281079	2
NCBITaxon:1281080	2
NCBITaxon:1281081	1
NCBITaxon:1281082	2
NCBITaxon:1281083	2
NCBITaxon:1281084	2
NCBITaxon:1281085	1
NCBITaxon:1281086	2
NCBITaxon:1281087	2
NCBITaxon:1281088	2
NCBITaxon:1281089	2
NCBITaxon:1281090	2
NCBITaxon:1281091	2
NCBITaxon:1281092	2
NCBITaxon:1281093	2
NCBITaxon:1281094	2
NCBITaxon:1281095	2
NCBITaxon:1281096	2
NCBITaxon:1281097	2
NCBITaxon:1281098	2
NCBITaxon:1281099	2
NCBITaxon:1281100	2
NCBITaxon:1281101	2
NCBITaxon:1281102	2
NCBITaxon:1281103	2
NCBITaxon:1281104	2
NCBITaxon:1281105	2
NCBITaxon:1281106	1
NCBITaxon:1281107	1
NCBITaxon:1281108	2
NCBITaxon:1281109	2
NCBITaxon:1281110	2
NCBITaxon:1281111	2
NCBITaxon:1281112	2
NCBITaxon:1281113	2
NCBITaxon:1281114	2
NCBITaxon:1281115	2
NCBITaxon:1281116	2
NCBITaxon:1281117	2
NCBITaxon:1281118	2
NCBITaxon:1281119	2
NCBITaxon:1281120	2
NCBITaxon:1281121	2
NCBITaxon:1281122	2
NCBITaxon:1281123	2
NCBITaxon:1281124	2
NCBITaxon:1281125	2
NCBITaxon:1281126	2
NCBITaxon:1281127	2
NCBITaxon:1281128	2
NCBITaxon:1281129	2
NCBITaxon:1281130	2
NCBITaxon:1281131	2
NCBITaxon:1281132	2
NCBITaxon:1281133	2
NCBITaxon:1281134	2
NCBITaxon:1281135	2
NCBITaxon:1281136	2
NCBITaxon:1281137	2
NCBITaxon:1281138	2
NCBITaxon:1281139	2
NCBITaxon:1281140	2
NCBITaxon:1281141	1
NCBITaxon:1281142	2
NCBITaxon:1281143	2
NCBITaxon:1281144	2
NCBITaxon:1281145	2
NCBITaxon:1281146	2
NCBITaxon:1281147	2
NCBITaxon:1281148	2
NCBITaxon:1281149	2
NCBITaxon:1281150	2
NCBITaxon:1281151	2
NCBITaxon:1281152	2
NCBITaxon:1281153	2
NCBITaxon:1281154	2
NCBITaxon:1281155	2
NCBITaxon:1281156	2
NCBITaxon:1281157	2
NCBITaxon:1281158	2
NCBITaxon:1281159	2
NCBITaxon:1281160	2
NCBITaxon:1281161	2
NCBITaxon:1281162	2
NCBITaxon:1281163	2
NCBITaxon:1281164	2
NCBITaxon:1281165	2
NCBITaxon:1281166	2
NCBITaxon:1281167	2
NCBITaxon:1281168	2
NCBITaxon:1281169	2
NCBITaxon:1281170	2
NCBITaxon:1281171	2
NCBITaxon:1281172	2
NCBITaxon:1281173	1
NCBITaxon:1281174	1
NCBITaxon:1281175	1
NCBITaxon:1281176	1
NCBITaxon:1281177	1
NCBITaxon:1281178	1
NCBITaxon:1281179	1
NCBITaxon:1281180	1
NCBITaxon:1281181	1
NCBITaxon:1281182	1
NCBITaxon:1281183	1
NCBITaxon:1281184	1
NCBITaxon:1281185	1
NCBITaxon:1281186	1
NCBITaxon:1281187	1
NCBITaxon:1281188	1
NCBITaxon:1281189	1
NCBITaxon:1281190	1
NCBITaxon:1281191	1
NCBITaxon:1281192	1
NCBITaxon:1281193	1
NCBITaxon:1281194	1
NCBITaxon:1281195	1
NCBITaxon:1281196	1
NCBITaxon:1281197	1
NCBITaxon:1281198	1
NCBITaxon:1281199	1
NCBITaxon:1281200	1
NCBITaxon:1281201	1
NCBITaxon:1281202	1
NCBITaxon:1281203	1
NCBITaxon:1281204	1
NCBITaxon:1281205	1
NCBITaxon:1281206	1
NCBITaxon:1281207	1
NCBITaxon:1281208	1
NCBITaxon:1281209	1
NCBITaxon:1281210	1
NCBITaxon:1281211	1
NCBITaxon:1281212	1
NCBITaxon:1281213	1
NCBITaxon:1281214	1
NCBITaxon:1281215	1
NCBITaxon:1281216	1
NCBITaxon:1281217	1
NCBITaxon:1281218	1
NCBITaxon:1281219	1
NCBITaxon:1281220	1
NCBITaxon:1281221	1
NCBITaxon:1281222	1
NCBITaxon:1281223	1
NCBITaxon:1281224	1
NCBITaxon:1281225	1
NCBITaxon:1281226	1
NCBITaxon:1281227	1
NCBITaxon:1281228	1
NCBITaxon:1281229	1
NCBITaxon:1281230	1
NCBITaxon:1281231	1
NCBITaxon:1281232	1
NCBITaxon:1281233	1
NCBITaxon:1281234	1
NCBITaxon:1281235	1
NCBITaxon:1281236	1
NCBITaxon:1281237	1
NCBITaxon:1281238	1
NCBITaxon:1281239	1
NCBITaxon:1281240	1
NCBITaxon:1281241	1
NCBITaxon:1281242	1
NCBITaxon:1281243	1
NCBITaxon:1281244	1
NCBITaxon:1281245	1
NCBITaxon:1281246	1
NCBITaxon:1281247	1
NCBITaxon:1281248	1
NCBITaxon:1281249	1
NCBITaxon:1281250	1
NCBITaxon:1281251	1
NCBITaxon:1281252	1
NCBITaxon:1281253	1
NCBITaxon:1281254	1
NCBITaxon:1281255	1
NCBITaxon:1281256	1
NCBITaxon:1281257	1
NCBITaxon:1281258	1
NCBITaxon:1281259	1
NCBITaxon:1281260	1
NCBITaxon:1281261	1
NCBITaxon:1281262	1
NCBITaxon:1281263	1
NCBITaxon:1281264	1
NCBITaxon:1281265	1
NCBITaxon:1281266	1
NCBITaxon:1281267	1
NCBITaxon:1281268	1
NCBITaxon:1281269	1
NCBITaxon:1281270	1
NCBITaxon:1281271	1
NCBITaxon:1281272	1
NCBITaxon:1281273	1
NCBITaxon:1281274	1
NCBITaxon:1281275	1
NCBITaxon:1281276	1
NCBITaxon:1281277	1
NCBITaxon:1281278	1
NCBITaxon:1281279	1
NCBITaxon:1281282	3
NCBITaxon:1281283	3
NCBITaxon:1281284	3
NCBITaxon:1281485	1
NCBITaxon:1281486	4
NCBITaxon:1281767	1
NCBITaxon:1281779	1
NCBITaxon:1281781	3
NCBITaxon:1281885	1
NCBITaxon:1281900	1
NCBITaxon:1282	8
NCBITaxon:1282356	1
NCBITaxon:1282364	1
NCBITaxon:1282365	1
NCBITaxon:1282442	1
NCBITaxon:1282662	1
NCBITaxon:1282664	4
NCBITaxon:1282665	4
NCBITaxon:1282736	7
NCBITaxon:1282876	2
NCBITaxon:1282880	4
NCBITaxon:1282882	1
NCBITaxon:1282886	2
NCBITaxon:1282887	3
NCBITaxon:1282969	3
NCBITaxon:1283	8
NCBITaxon:1283074	1
NCBITaxon:1283278	1
NCBITaxon:1283279	1
NCBITaxon:1283280	3
NCBITaxon:1283282	1
NCBITaxon:1283283	2
NCBITaxon:1283285	1
NCBITaxon:1283287	1
NCBITaxon:1283289	1
NCBITaxon:1283292	1
NCBITaxon:1283293	1
NCBITaxon:1283295	1
NCBITaxon:1283296	1
NCBITaxon:1283297	1
NCBITaxon:1283299	1
NCBITaxon:1283301	1
NCBITaxon:1283309	1
NCBITaxon:1283312	5
NCBITaxon:1283330	6
NCBITaxon:1283331	6
NCBITaxon:1284	6
NCBITaxon:128403	1
NCBITaxon:1284222	2
NCBITaxon:1284223	4
NCBITaxon:1284233	1
NCBITaxon:1284234	1
NCBITaxon:1284235	1
NCBITaxon:1284236	1
NCBITaxon:1284237	1
NCBITaxon:1284240	1
NCBITaxon:1284392	1
NCBITaxon:1284404	1
NCBITaxon:1284629	4
NCBITaxon:1284658	26
NCBITaxon:1284663	4
NCBITaxon:1284664	1
NCBITaxon:1284680	1
NCBITaxon:1284702	1
NCBITaxon:1284708	1
NCBITaxon:1284709	1
NCBITaxon:1284775	1
NCBITaxon:1284787	2
NCBITaxon:1284788	2
NCBITaxon:1284789	1
NCBITaxon:1284790	2
NCBITaxon:1284791	1
NCBITaxon:1284792	1
NCBITaxon:1284793	1
NCBITaxon:1284794	1
NCBITaxon:1284795	1
NCBITaxon:1284796	2
NCBITaxon:1284797	1
NCBITaxon:1284798	1
NCBITaxon:1284799	1
NCBITaxon:1284800	1
NCBITaxon:1284801	2
NCBITaxon:1284802	1
NCBITaxon:1284803	1
NCBITaxon:1284804	1
NCBITaxon:1284805	1
NCBITaxon:1284806	1
NCBITaxon:1284807	1
NCBITaxon:1284808	1
NCBITaxon:1284809	1
NCBITaxon:1284810	2
NCBITaxon:1284811	2
NCBITaxon:1284812	2
NCBITaxon:1284813	2
NCBITaxon:1284814	2
NCBITaxon:1284815	2
NCBITaxon:1284816	2
NCBITaxon:1284817	2
NCBITaxon:1284818	1
NCBITaxon:1284819	2
NCBITaxon:1284820	2
NCBITaxon:1284821	2
NCBITaxon:1284822	2
NCBITaxon:1284823	2
NCBITaxon:1284824	2
NCBITaxon:1284825	2
NCBITaxon:1284826	2
NCBITaxon:1284827	2
NCBITaxon:1284828	2
NCBITaxon:1284829	2
NCBITaxon:1284830	2
NCBITaxon:1284831	2
NCBITaxon:1284832	2
NCBITaxon:1284833	2
NCBITaxon:1284834	2
NCBITaxon:1285	4
NCBITaxon:1285191	8
NCBITaxon:1285192	21
NCBITaxon:1285193	13
NCBITaxon:1285242	1
NCBITaxon:1285372	1
NCBITaxon:1285373	1
NCBITaxon:1285374	1
NCBITaxon:1285464	7
NCBITaxon:1285581	3
NCBITaxon:1285583	8
NCBITaxon:1285585	6
NCBITaxon:1285586	6
NCBITaxon:128574	3
NCBITaxon:1285928	17
NCBITaxon:1285929	20
NCBITaxon:1285932	1
NCBITaxon:1285936	1
NCBITaxon:1286	5
NCBITaxon:1286084	1
NCBITaxon:1286085	1
NCBITaxon:1286086	1
NCBITaxon:1286087	1
NCBITaxon:1286088	1
NCBITaxon:1286089	1
NCBITaxon:1286093	1
NCBITaxon:1286106	5
NCBITaxon:1286148	15
NCBITaxon:1286171	7
NCBITaxon:1286180	3
NCBITaxon:1286181	3
NCBITaxon:1286186	13
NCBITaxon:1286189	13
NCBITaxon:1286190	13
NCBITaxon:1286279	1
NCBITaxon:1286307	2
NCBITaxon:1286308	1
NCBITaxon:1286362	1
NCBITaxon:1286373	2
NCBITaxon:1286404	2
NCBITaxon:1286405	4
NCBITaxon:1286406	1
NCBITaxon:1286407	1
NCBITaxon:1286408	1
NCBITaxon:1286409	1
NCBITaxon:1286410	1
NCBITaxon:1286411	1
NCBITaxon:1286528	1
NCBITaxon:1286630	1
NCBITaxon:1286631	1
NCBITaxon:1286632	3
NCBITaxon:1286635	9
NCBITaxon:1286640	6
NCBITaxon:1286817	1
NCBITaxon:1286820	1
NCBITaxon:1286877	1
NCBITaxon:1287055	3
NCBITaxon:1287056	6
NCBITaxon:1287061	4
NCBITaxon:1287062	4
NCBITaxon:1287063	4
NCBITaxon:1287064	4
NCBITaxon:1287065	4
NCBITaxon:1287068	8
NCBITaxon:1287640	1
NCBITaxon:1287727	1
NCBITaxon:1287735	4
NCBITaxon:1287736	1
NCBITaxon:128780	3
NCBITaxon:128782	2
NCBITaxon:128785	16
NCBITaxon:1287883	1
NCBITaxon:1287885	1
NCBITaxon:1287886	1
NCBITaxon:1287887	1
NCBITaxon:1287888	1
NCBITaxon:1287889	1
NCBITaxon:1287890	1
NCBITaxon:1287891	1
NCBITaxon:1288	8
NCBITaxon:128802	1
NCBITaxon:1288027	20
NCBITaxon:1288054	1
NCBITaxon:1288055	1
NCBITaxon:1288056	1
NCBITaxon:1288057	1
NCBITaxon:1288058	1
NCBITaxon:1288059	1
NCBITaxon:1288060	1
NCBITaxon:1288061	1
NCBITaxon:1288062	1
NCBITaxon:1288063	1
NCBITaxon:1288064	1
NCBITaxon:1288065	1
NCBITaxon:1288067	1
NCBITaxon:1288069	1
NCBITaxon:1288070	1
NCBITaxon:1288071	1
NCBITaxon:1288072	1
NCBITaxon:1288073	1
NCBITaxon:1288074	1
NCBITaxon:1288075	1
NCBITaxon:1288076	1
NCBITaxon:1288077	1
NCBITaxon:1288079	4
NCBITaxon:1288080	1
NCBITaxon:1288081	1
NCBITaxon:1288082	1
NCBITaxon:1288083	1
NCBITaxon:1288084	1
NCBITaxon:1288085	1
NCBITaxon:1288086	1
NCBITaxon:1288087	1
NCBITaxon:1288090	1
NCBITaxon:1288121	2
NCBITaxon:1288122	1
NCBITaxon:1288298	7
NCBITaxon:1288313	6
NCBITaxon:1288347	1
NCBITaxon:1288385	1
NCBITaxon:1288388	1
NCBITaxon:1288391	21
NCBITaxon:1288392	8
NCBITaxon:1288393	9
NCBITaxon:1288394	2
NCBITaxon:1288410	23
NCBITaxon:1288483	1
NCBITaxon:1288484	1
NCBITaxon:1288492	2
NCBITaxon:1288493	2
NCBITaxon:1288779	3
NCBITaxon:1288780	3
NCBITaxon:1288781	3
NCBITaxon:1288782	3
NCBITaxon:1288783	3
NCBITaxon:1288784	3
NCBITaxon:1288785	3
NCBITaxon:1288786	3
NCBITaxon:1288787	3
NCBITaxon:1288788	3
NCBITaxon:1288789	3
NCBITaxon:1288790	3
NCBITaxon:1288791	3
NCBITaxon:1288792	3
NCBITaxon:1288793	3
NCBITaxon:1288794	3
NCBITaxon:1288795	3
NCBITaxon:1288796	3
NCBITaxon:1288797	3
NCBITaxon:1288826	7
NCBITaxon:1288955	1
NCBITaxon:1288957	1
NCBITaxon:1288958	1
NCBITaxon:1288959	1
NCBITaxon:1288961	1
NCBITaxon:1288962	1
NCBITaxon:1288968	5
NCBITaxon:1288971	1
NCBITaxon:1289135	1
NCBITaxon:1289387	1
NCBITaxon:128944	2
NCBITaxon:128945	5
NCBITaxon:1289589	1
NCBITaxon:1289591	5
NCBITaxon:1290	5
NCBITaxon:1290392	4
NCBITaxon:1290413	1
NCBITaxon:1290414	1
NCBITaxon:1290415	1
NCBITaxon:1290416	1
NCBITaxon:1290417	1
NCBITaxon:1290418	1
NCBITaxon:1290419	1
NCBITaxon:1290427	2
NCBITaxon:1290428	2
NCBITaxon:1290429	2
NCBITaxon:1290430	2
NCBITaxon:129052	3
NCBITaxon:1290885	1
NCBITaxon:1290997	1
NCBITaxon:1291048	1
NCBITaxon:1291050	1
NCBITaxon:1291052	2
NCBITaxon:1291205	1
NCBITaxon:1291206	1
NCBITaxon:1291207	1
NCBITaxon:1291233	1
NCBITaxon:1291234	1
NCBITaxon:1291304	1
NCBITaxon:1291307	1
NCBITaxon:1291308	1
NCBITaxon:1291309	1
NCBITaxon:1291310	1
NCBITaxon:1291315	1
NCBITaxon:1291316	1
NCBITaxon:1291317	1
NCBITaxon:1291318	1
NCBITaxon:1291319	1
NCBITaxon:1291320	1
NCBITaxon:1291321	1
NCBITaxon:1291322	1
NCBITaxon:1291323	1
NCBITaxon:1291324	1
NCBITaxon:1291325	1
NCBITaxon:1291326	1
NCBITaxon:1291327	1
NCBITaxon:1291328	1
NCBITaxon:1291329	1
NCBITaxon:1291330	1
NCBITaxon:1291331	1
NCBITaxon:1291332	1
NCBITaxon:1291333	1
NCBITaxon:1291334	1
NCBITaxon:1291336	1
NCBITaxon:1291337	1
NCBITaxon:1291338	1
NCBITaxon:1291339	1
NCBITaxon:1291340	1
NCBITaxon:1291341	1
NCBITaxon:1291342	1
NCBITaxon:1291343	1
NCBITaxon:1291344	1
NCBITaxon:1291345	1
NCBITaxon:1291346	1
NCBITaxon:1291347	1
NCBITaxon:1291348	1
NCBITaxon:1291349	1
NCBITaxon:1291351	1
NCBITaxon:1291352	1
NCBITaxon:1291353	1
NCBITaxon:1291354	1
NCBITaxon:1291355	1
NCBITaxon:1291356	1
NCBITaxon:1291357	1
NCBITaxon:1291358	1
NCBITaxon:1291359	1
NCBITaxon:1291360	1
NCBITaxon:1291361	1
NCBITaxon:1291362	1
NCBITaxon:1291363	1
NCBITaxon:1291364	1
NCBITaxon:1291365	1
NCBITaxon:1291366	1
NCBITaxon:1291379	4
NCBITaxon:12915	3
NCBITaxon:1291534	1
NCBITaxon:1291540	3
NCBITaxon:1291550	4
NCBITaxon:12917	3
NCBITaxon:1291734	1
NCBITaxon:1291742	3
NCBITaxon:1291743	4
NCBITaxon:1291764	3
NCBITaxon:1292	6
NCBITaxon:1292020	1
NCBITaxon:1292021	1
NCBITaxon:1292022	1
NCBITaxon:1292023	5
NCBITaxon:1292027	1
NCBITaxon:1292030	1
NCBITaxon:1292031	1
NCBITaxon:1292032	7
NCBITaxon:1292033	1
NCBITaxon:1292034	1
NCBITaxon:1292035	4
NCBITaxon:1292036	4
NCBITaxon:1292037	1
NCBITaxon:1292044	1
NCBITaxon:1292045	1
NCBITaxon:1292358	2
NCBITaxon:1292373	5
NCBITaxon:1292388	2
NCBITaxon:1292389	2
NCBITaxon:1292390	2
NCBITaxon:1292391	2
NCBITaxon:1292392	2
NCBITaxon:1293	7
NCBITaxon:1293040	3
NCBITaxon:1293045	4
NCBITaxon:1293052	1
NCBITaxon:1293288	4
NCBITaxon:1293289	4
NCBITaxon:129338	7
NCBITaxon:129339	5
NCBITaxon:12934	2
NCBITaxon:1293415	15
NCBITaxon:1293439	1
NCBITaxon:1293440	11
NCBITaxon:1293441	4
NCBITaxon:1293442	20
NCBITaxon:1293501	1
NCBITaxon:1293574	1
NCBITaxon:1293575	1
NCBITaxon:1293576	2
NCBITaxon:1293588	1
NCBITaxon:1293592	1
NCBITaxon:1293597	1
NCBITaxon:1293598	1
NCBITaxon:1293599	5
NCBITaxon:1293904	1
NCBITaxon:1293905	1
NCBITaxon:1293906	1
NCBITaxon:1293907	1
NCBITaxon:1293908	1
NCBITaxon:1293909	1
NCBITaxon:1293910	1
NCBITaxon:1293911	1
NCBITaxon:1293912	1
NCBITaxon:1293913	1
NCBITaxon:1293914	1
NCBITaxon:1293915	1
NCBITaxon:1293916	1
NCBITaxon:1293917	1
NCBITaxon:1293918	1
NCBITaxon:1293919	1
NCBITaxon:1293920	1
NCBITaxon:1293921	1
NCBITaxon:1293922	1
NCBITaxon:129394	4
NCBITaxon:1294	3
NCBITaxon:1294022	5
NCBITaxon:1294025	5
NCBITaxon:1294122	4
NCBITaxon:1294123	3
NCBITaxon:1294142	6
NCBITaxon:1294143	2
NCBITaxon:1294262	2
NCBITaxon:1294263	2
NCBITaxon:1294264	1
NCBITaxon:1294265	1
NCBITaxon:1294266	1
NCBITaxon:1294267	23
NCBITaxon:1294268	8
NCBITaxon:1294269	1
NCBITaxon:1294270	5
NCBITaxon:1294271	2
NCBITaxon:1294272	2
NCBITaxon:1294273	5
NCBITaxon:1294274	4
NCBITaxon:1294275	1
NCBITaxon:1294296	7
NCBITaxon:1294299	18
NCBITaxon:1295	1
NCBITaxon:1295007	1
NCBITaxon:1295009	1
NCBITaxon:1295010	6
NCBITaxon:1295076	5
NCBITaxon:1295126	4
NCBITaxon:1295129	3
NCBITaxon:1295135	3
NCBITaxon:1295136	5
NCBITaxon:1295140	5
NCBITaxon:1295141	7
NCBITaxon:1295392	9
NCBITaxon:1295394	1
NCBITaxon:1295400	1
NCBITaxon:1295527	1
NCBITaxon:1295609	6
NCBITaxon:1295612	1
NCBITaxon:1295642	4
NCBITaxon:1295717	1
NCBITaxon:1295718	1
NCBITaxon:1295719	1
NCBITaxon:1295720	1
NCBITaxon:1295721	1
NCBITaxon:1295722	1
NCBITaxon:1295723	1
NCBITaxon:1295724	1
NCBITaxon:1295725	1
NCBITaxon:1295726	1
NCBITaxon:1295727	1
NCBITaxon:1295728	1
NCBITaxon:1295729	1
NCBITaxon:1295730	1
NCBITaxon:1295731	1
NCBITaxon:1295732	1
NCBITaxon:1295733	1
NCBITaxon:1295734	1
NCBITaxon:1295735	1
NCBITaxon:1295736	1
NCBITaxon:1295737	1
NCBITaxon:1295738	1
NCBITaxon:1295739	1
NCBITaxon:1295740	1
NCBITaxon:1295741	1
NCBITaxon:1295742	1
NCBITaxon:1295743	1
NCBITaxon:1295744	1
NCBITaxon:1295745	1
NCBITaxon:1295746	1
NCBITaxon:1295747	1
NCBITaxon:1295748	1
NCBITaxon:1295749	1
NCBITaxon:1295750	1
NCBITaxon:1295751	1
NCBITaxon:1295752	1
NCBITaxon:1295753	1
NCBITaxon:1295754	1
NCBITaxon:1295755	1
NCBITaxon:1295756	1
NCBITaxon:1295757	1
NCBITaxon:1295758	1
NCBITaxon:1295759	1
NCBITaxon:1295760	1
NCBITaxon:1295761	1
NCBITaxon:1295762	1
NCBITaxon:1295763	1
NCBITaxon:1295764	1
NCBITaxon:1295765	1
NCBITaxon:1295766	1
NCBITaxon:1295767	1
NCBITaxon:1295768	1
NCBITaxon:1295769	1
NCBITaxon:1295770	1
NCBITaxon:1295771	1
NCBITaxon:1295772	1
NCBITaxon:1295773	1
NCBITaxon:1295774	1
NCBITaxon:1295775	1
NCBITaxon:1295776	1
NCBITaxon:1295777	1
NCBITaxon:1295778	1
NCBITaxon:1295779	1
NCBITaxon:129578	2
NCBITaxon:1295780	1
NCBITaxon:1295781	1
NCBITaxon:1295782	1
NCBITaxon:1295783	1
NCBITaxon:1295784	1
NCBITaxon:1295785	1
NCBITaxon:1295786	1
NCBITaxon:1295787	1
NCBITaxon:1295788	1
NCBITaxon:1295789	1
NCBITaxon:1295790	1
NCBITaxon:1295791	1
NCBITaxon:1295792	1
NCBITaxon:1295793	1
NCBITaxon:1295794	1
NCBITaxon:1295795	1
NCBITaxon:1295796	1
NCBITaxon:1295797	1
NCBITaxon:1295798	1
NCBITaxon:1295799	1
NCBITaxon:1295800	1
NCBITaxon:1295801	1
NCBITaxon:1295802	1
NCBITaxon:1295803	1
NCBITaxon:1295804	1
NCBITaxon:1295805	1
NCBITaxon:1295806	1
NCBITaxon:1295807	1
NCBITaxon:1295808	1
NCBITaxon:1296	2
NCBITaxon:1296375	7
NCBITaxon:1296416	4
NCBITaxon:1296537	4
NCBITaxon:1296538	20
NCBITaxon:1296539	14
NCBITaxon:1296540	16
NCBITaxon:1296990	7
NCBITaxon:1297123	1
NCBITaxon:1297124	1
NCBITaxon:1297424	1
NCBITaxon:1297534	1
NCBITaxon:1297569	1
NCBITaxon:1297570	5
NCBITaxon:1297579	2
NCBITaxon:1297581	4
NCBITaxon:1297584	1
NCBITaxon:1297617	17
NCBITaxon:1297742	3
NCBITaxon:1297750	1
NCBITaxon:1297793	1
NCBITaxon:1297794	2
NCBITaxon:1297799	7
NCBITaxon:1297857	1
NCBITaxon:1297866	1
NCBITaxon:1297867	1
NCBITaxon:1297868	1
NCBITaxon:129817	2
NCBITaxon:129847	2
NCBITaxon:1298593	1
NCBITaxon:1298594	3
NCBITaxon:1298595	3
NCBITaxon:1298596	5
NCBITaxon:1298598	1
NCBITaxon:1298735	10
NCBITaxon:1298855	1
NCBITaxon:1298858	5
NCBITaxon:1298860	1
NCBITaxon:1298861	2
NCBITaxon:1298862	3
NCBITaxon:1298863	3
NCBITaxon:1298864	4
NCBITaxon:1298865	1
NCBITaxon:1298867	3
NCBITaxon:1298879	1
NCBITaxon:1298880	1
NCBITaxon:1298909	1
NCBITaxon:1298913	2
NCBITaxon:1298918	1
NCBITaxon:1298919	1
NCBITaxon:1298920	1
NCBITaxon:1298922	5
NCBITaxon:1298924	4
NCBITaxon:1298925	4
NCBITaxon:1298926	4
NCBITaxon:1298927	4
NCBITaxon:1298928	4
NCBITaxon:1298929	4
NCBITaxon:1298959	1
NCBITaxon:1299	5
NCBITaxon:129910	2
NCBITaxon:129922	3
NCBITaxon:1299321	1
NCBITaxon:1299322	1
NCBITaxon:1299325	2
NCBITaxon:1299326	1
NCBITaxon:1299327	1
NCBITaxon:1299329	2
NCBITaxon:1299330	2
NCBITaxon:1299331	1
NCBITaxon:1299332	1
NCBITaxon:1299333	1
NCBITaxon:1299334	1
NCBITaxon:1299340	1
NCBITaxon:1299341	1
NCBITaxon:129958	3
NCBITaxon:129961	5
NCBITaxon:129985	2
NCBITaxon:1300164	1
NCBITaxon:1300165	3
NCBITaxon:1300222	4
NCBITaxon:1300223	4
NCBITaxon:1300224	2
NCBITaxon:1300227	6
NCBITaxon:1300341	1
NCBITaxon:1300342	1
NCBITaxon:1300343	1
NCBITaxon:1300344	4
NCBITaxon:1300345	5
NCBITaxon:1300346	1
NCBITaxon:1300347	5
NCBITaxon:1300348	1
NCBITaxon:1300349	1
NCBITaxon:1300350	2
NCBITaxon:1300351	4
NCBITaxon:130048	1
NCBITaxon:130049	5
NCBITaxon:1301915	3
NCBITaxon:1302	7
NCBITaxon:1302235	9
NCBITaxon:1302236	17
NCBITaxon:1302272	5
NCBITaxon:1302616	6
NCBITaxon:1302620	3
NCBITaxon:1302646	6
NCBITaxon:1302647	6
NCBITaxon:1302648	7
NCBITaxon:1302649	7
NCBITaxon:1302650	6
NCBITaxon:1302685	1
NCBITaxon:1302687	1
NCBITaxon:1302690	1
NCBITaxon:1302730	14
NCBITaxon:1302858	4
NCBITaxon:1302863	1
NCBITaxon:1303	7
NCBITaxon:1303024	4
NCBITaxon:1303085	10
NCBITaxon:1303256	7
NCBITaxon:13035	2
NCBITaxon:1303518	4
NCBITaxon:1303590	1
NCBITaxon:1303683	1
NCBITaxon:1303685	4
NCBITaxon:1303689	4
NCBITaxon:1303690	6
NCBITaxon:1303692	4
NCBITaxon:1303729	1
NCBITaxon:1303769	4
NCBITaxon:1303770	4
NCBITaxon:1303771	4
NCBITaxon:1303780	2
NCBITaxon:1303781	2
NCBITaxon:1303782	2
NCBITaxon:1303783	2
NCBITaxon:1303784	2
NCBITaxon:1303785	2
NCBITaxon:1303786	2
NCBITaxon:1303787	2
NCBITaxon:1303921	1
NCBITaxon:1304	9
NCBITaxon:1304270	17
NCBITaxon:1304273	1
NCBITaxon:1304281	1
NCBITaxon:1304284	7
NCBITaxon:1304799	2
NCBITaxon:1304865	1
NCBITaxon:1304866	1
NCBITaxon:1304872	1
NCBITaxon:1304873	1
NCBITaxon:1304874	2
NCBITaxon:1304875	5
NCBITaxon:1304877	1
NCBITaxon:1304878	1
NCBITaxon:1304879	1
NCBITaxon:1304880	2
NCBITaxon:1304881	1
NCBITaxon:1304882	1
NCBITaxon:1304883	1
NCBITaxon:1304884	1
NCBITaxon:1304885	1
NCBITaxon:1304886	1
NCBITaxon:1304887	1
NCBITaxon:1304888	2
NCBITaxon:1304890	1
NCBITaxon:1304920	1
NCBITaxon:1304921	1
NCBITaxon:1304922	1
NCBITaxon:1304923	1
NCBITaxon:1304924	1
NCBITaxon:1305	7
NCBITaxon:1305598	2
NCBITaxon:1305617	1
NCBITaxon:1305674	16
NCBITaxon:1305730	1
NCBITaxon:1305731	1
NCBITaxon:1305732	1
NCBITaxon:1305736	1
NCBITaxon:1305737	1
NCBITaxon:1305738	5
NCBITaxon:1305740	5
NCBITaxon:1305835	3
NCBITaxon:1305836	1
NCBITaxon:1305837	1
NCBITaxon:1305840	1
NCBITaxon:1305841	1
NCBITaxon:1305842	1
NCBITaxon:1305843	1
NCBITaxon:1305849	4
NCBITaxon:1305855	5
NCBITaxon:1306	7
NCBITaxon:1306023	4
NCBITaxon:1306181	2
NCBITaxon:1306401	2
NCBITaxon:1306406	2
NCBITaxon:1306407	6
NCBITaxon:1306787	2
NCBITaxon:1306948	2
NCBITaxon:1306950	1
NCBITaxon:1306951	7
NCBITaxon:1306952	4
NCBITaxon:1306953	1
NCBITaxon:1306954	1
NCBITaxon:1306990	3
NCBITaxon:1307	6
NCBITaxon:1307427	5
NCBITaxon:1307428	5
NCBITaxon:1307429	4
NCBITaxon:1307436	4
NCBITaxon:1307437	4
NCBITaxon:1307442	4
NCBITaxon:1307443	4
NCBITaxon:1307444	5
NCBITaxon:1307448	5
NCBITaxon:1307454	5
NCBITaxon:1307455	5
NCBITaxon:1307456	5
NCBITaxon:1307457	5
NCBITaxon:13076	1
NCBITaxon:1307761	7
NCBITaxon:1307763	5
NCBITaxon:1307839	2
NCBITaxon:130788	5
NCBITaxon:1307950	3
NCBITaxon:1307951	3
NCBITaxon:130796	1
NCBITaxon:1308	9
NCBITaxon:1308866	7
NCBITaxon:1308924	12
NCBITaxon:1308956	1
NCBITaxon:1309	9
NCBITaxon:1309792	16
NCBITaxon:1310	7
NCBITaxon:1310157	3
NCBITaxon:1310158	3
NCBITaxon:1310159	3
NCBITaxon:1310161	7
NCBITaxon:1310416	1
NCBITaxon:1310431	2
NCBITaxon:131080	4
NCBITaxon:131081	3
NCBITaxon:1311	8
NCBITaxon:131109	2
NCBITaxon:131110	1
NCBITaxon:131111	3
NCBITaxon:131112	2
NCBITaxon:1311573	4
NCBITaxon:1311759	2
NCBITaxon:1311760	2
NCBITaxon:1311774	1
NCBITaxon:1311804	1
NCBITaxon:1311818	1
NCBITaxon:1311820	1
NCBITaxon:1312182	8
NCBITaxon:1312183	7
NCBITaxon:1312184	7
NCBITaxon:1312234	1
NCBITaxon:1312367	3
NCBITaxon:1312369	1
NCBITaxon:1312852	11
NCBITaxon:1312879	6
NCBITaxon:1312904	5
NCBITaxon:1312905	8
NCBITaxon:1312921	6
NCBITaxon:1312954	8
NCBITaxon:1312959	8
NCBITaxon:1312978	8
NCBITaxon:1313	9
NCBITaxon:1313171	4
NCBITaxon:1313172	5
NCBITaxon:131318	2
NCBITaxon:1313290	3
NCBITaxon:1313291	1
NCBITaxon:1313293	1
NCBITaxon:1313294	2
NCBITaxon:1313295	1
NCBITaxon:1313296	1
NCBITaxon:1313299	3
NCBITaxon:1313301	1
NCBITaxon:1313303	1
NCBITaxon:1313304	1
NCBITaxon:1314	9
NCBITaxon:1314749	5
NCBITaxon:1314751	2
NCBITaxon:1314752	5
NCBITaxon:1314753	4
NCBITaxon:1314754	4
NCBITaxon:1314835	3
NCBITaxon:1314845	2
NCBITaxon:1314847	2
NCBITaxon:1314848	2
NCBITaxon:1314866	1
NCBITaxon:1314867	1
NCBITaxon:1314868	4
NCBITaxon:1314884	4
NCBITaxon:1314885	4
NCBITaxon:1315211	1
NCBITaxon:1315271	1
NCBITaxon:1315273	1
NCBITaxon:1315274	1
NCBITaxon:1315275	1
NCBITaxon:1315277	1
NCBITaxon:1315278	1
NCBITaxon:1315279	1
NCBITaxon:1315280	1
NCBITaxon:1315281	1
NCBITaxon:1315282	1
NCBITaxon:1315283	1
NCBITaxon:1315306	1
NCBITaxon:1315307	1
NCBITaxon:1315308	1
NCBITaxon:1315309	1
NCBITaxon:1315310	1
NCBITaxon:1315312	7
NCBITaxon:1315313	7
NCBITaxon:1315314	7
NCBITaxon:131540	5
NCBITaxon:131568	2
NCBITaxon:1315967	3
NCBITaxon:1315976	4
NCBITaxon:1315977	3
NCBITaxon:1315978	6
NCBITaxon:13160	1
NCBITaxon:1316147	5
NCBITaxon:1316254	1
NCBITaxon:1316408	1
NCBITaxon:1316409	1
NCBITaxon:1316410	1
NCBITaxon:1316411	1
NCBITaxon:1316412	1
NCBITaxon:1316414	1
NCBITaxon:1316444	1
NCBITaxon:1316445	1
NCBITaxon:1316584	1
NCBITaxon:1316591	5
NCBITaxon:1316592	1
NCBITaxon:1316595	1
NCBITaxon:1316597	1
NCBITaxon:1316598	1
NCBITaxon:1316923	6
NCBITaxon:1316927	7
NCBITaxon:1316931	1
NCBITaxon:1316932	6
NCBITaxon:1316933	3
NCBITaxon:1316934	3
NCBITaxon:1316936	4
NCBITaxon:1316937	1
NCBITaxon:1316938	1
NCBITaxon:1316939	1
NCBITaxon:1316941	6
NCBITaxon:1317	5
NCBITaxon:1317260	1
NCBITaxon:1318	6
NCBITaxon:1318465	4
NCBITaxon:1318466	4
NCBITaxon:1318614	5
NCBITaxon:1318628	7
NCBITaxon:1318629	2
NCBITaxon:1318633	1
NCBITaxon:1318634	3
NCBITaxon:1318635	3
NCBITaxon:1319	3
NCBITaxon:1319580	6
NCBITaxon:1319815	3
NCBITaxon:1320555	1
NCBITaxon:1320556	1
NCBITaxon:1320557	1
NCBITaxon:132132	1
NCBITaxon:1321365	28
NCBITaxon:1321366	5
NCBITaxon:1321368	1
NCBITaxon:1321370	5
NCBITaxon:1321372	4
NCBITaxon:132144	2
NCBITaxon:1321608	5
NCBITaxon:1321609	7
NCBITaxon:1321610	4
NCBITaxon:1321611	3
NCBITaxon:1321772	4
NCBITaxon:1321773	1
NCBITaxon:1321774	4
NCBITaxon:1321814	1
NCBITaxon:1321815	5
NCBITaxon:1321816	5
NCBITaxon:1321820	1
NCBITaxon:1321939	4
NCBITaxon:1321945	3
NCBITaxon:1322	2
NCBITaxon:1322246	2
NCBITaxon:1322249	1
NCBITaxon:1322345	4
NCBITaxon:1322347	6
NCBITaxon:132249	2
NCBITaxon:1323230	1
NCBITaxon:1323361	1
NCBITaxon:1323370	1
NCBITaxon:1323422	1
NCBITaxon:1323432	1
NCBITaxon:1323580	6
NCBITaxon:1323659	2
NCBITaxon:1323660	3
NCBITaxon:1323661	2
NCBITaxon:1323662	2
NCBITaxon:1323663	3
NCBITaxon:1323664	6
NCBITaxon:1323731	11
NCBITaxon:1323732	11
NCBITaxon:1324217	7
NCBITaxon:13243	2
NCBITaxon:1324326	3
NCBITaxon:1324327	3
NCBITaxon:1324329	3
NCBITaxon:1324330	3
NCBITaxon:1324331	3
NCBITaxon:1324351	1
NCBITaxon:1324352	1
NCBITaxon:132473	1
NCBITaxon:132476	2
NCBITaxon:1324766	7
NCBITaxon:1324931	5
NCBITaxon:1324932	5
NCBITaxon:1324934	1
NCBITaxon:1324946	10
NCBITaxon:1324956	1
NCBITaxon:1324957	1
NCBITaxon:1324960	5
NCBITaxon:1324966	2
NCBITaxon:1325090	1
NCBITaxon:1325115	1
NCBITaxon:1325125	12
NCBITaxon:1325130	2
NCBITaxon:1325436	10
NCBITaxon:1325472	1
NCBITaxon:1325475	7
NCBITaxon:1325724	16
NCBITaxon:1325931	6
NCBITaxon:1325932	6
NCBITaxon:1326	2
NCBITaxon:13264	3
NCBITaxon:1326980	2
NCBITaxon:13276	1
NCBITaxon:1327753	17
NCBITaxon:1327988	4
NCBITaxon:1327991	4
NCBITaxon:1327994	2
NCBITaxon:1328	10
NCBITaxon:1328306	6
NCBITaxon:1328309	6
NCBITaxon:1328310	1
NCBITaxon:1328311	7
NCBITaxon:1328314	6
NCBITaxon:1328315	7
NCBITaxon:1328325	1
NCBITaxon:1328770	1
NCBITaxon:1328859	1
NCBITaxon:1328864	1
NCBITaxon:1328865	1
NCBITaxon:1328866	1
NCBITaxon:1328867	1
NCBITaxon:1328869	4
NCBITaxon:1328870	4
NCBITaxon:1329	5
NCBITaxon:132919	6
NCBITaxon:132920	3
NCBITaxon:132925	3
NCBITaxon:1329250	4
NCBITaxon:132926	3
NCBITaxon:1329262	1
NCBITaxon:132932	2
NCBITaxon:132933	2
NCBITaxon:1329363	1
NCBITaxon:1329364	1
NCBITaxon:1329365	1
NCBITaxon:1329366	1
NCBITaxon:1329377	4
NCBITaxon:1329516	4
NCBITaxon:1329640	6
NCBITaxon:1329800	18
NCBITaxon:1329895	18
NCBITaxon:1329899	2
NCBITaxon:1329901	3
NCBITaxon:1329904	2
NCBITaxon:1329905	2
NCBITaxon:1329908	5
NCBITaxon:1329909	1
NCBITaxon:1330038	3
NCBITaxon:1330040	4
NCBITaxon:1330330	5
NCBITaxon:1330457	4
NCBITaxon:1330458	7
NCBITaxon:1330525	7
NCBITaxon:1330531	7
NCBITaxon:1330534	1
NCBITaxon:1331008	2
NCBITaxon:1331042	3
NCBITaxon:1331060	1
NCBITaxon:1331061	4
NCBITaxon:1331062	4
NCBITaxon:1331063	4
NCBITaxon:1331064	4
NCBITaxon:1331065	4
NCBITaxon:1331239	1
NCBITaxon:1331258	2
NCBITaxon:1331668	1
NCBITaxon:1331671	3
NCBITaxon:1331689	1
NCBITaxon:133194	1
NCBITaxon:1332069	3
NCBITaxon:1332070	2
NCBITaxon:1332071	2
NCBITaxon:1332072	2
NCBITaxon:1332074	3
NCBITaxon:1332075	5
NCBITaxon:1332188	3
NCBITaxon:1332264	1
NCBITaxon:1332631	27
NCBITaxon:133270	2
NCBITaxon:1333	5
NCBITaxon:1333523	7
NCBITaxon:1333529	5
NCBITaxon:1333537	2
NCBITaxon:1333538	5
NCBITaxon:1333587	2
NCBITaxon:1333588	2
NCBITaxon:1333589	2
NCBITaxon:1333590	2
NCBITaxon:1333591	2
NCBITaxon:1333592	2
NCBITaxon:1333593	2
NCBITaxon:1333594	2
NCBITaxon:1333595	2
NCBITaxon:1333596	2
NCBITaxon:1333597	2
NCBITaxon:1333660	2
NCBITaxon:1333845	16
NCBITaxon:1333847	4
NCBITaxon:1333850	1
NCBITaxon:1333852	2
NCBITaxon:1333853	4
NCBITaxon:1333854	3
NCBITaxon:1333855	4
NCBITaxon:1333856	4
NCBITaxon:1333857	5
NCBITaxon:1333858	1
NCBITaxon:1333860	1
NCBITaxon:1333861	1
NCBITaxon:1333998	7
NCBITaxon:1334	6
NCBITaxon:1334022	1
NCBITaxon:1334187	2
NCBITaxon:1334191	5
NCBITaxon:1334193	4
NCBITaxon:133448	4
NCBITaxon:133453	3
NCBITaxon:1334627	7
NCBITaxon:1334628	3
NCBITaxon:1334629	6
NCBITaxon:1334630	4
NCBITaxon:1334631	2
NCBITaxon:1334632	5
NCBITaxon:1335	10
NCBITaxon:1335303	2
NCBITaxon:1335307	3
NCBITaxon:1335309	6
NCBITaxon:133539	3
NCBITaxon:133549	1
NCBITaxon:133552	6
NCBITaxon:1335616	4
NCBITaxon:1335617	6
NCBITaxon:1335618	7
NCBITaxon:1335746	2
NCBITaxon:1335757	3
NCBITaxon:1335760	4
NCBITaxon:1336	5
NCBITaxon:1336207	4
NCBITaxon:1336208	1
NCBITaxon:1336232	1
NCBITaxon:1336233	1
NCBITaxon:1336234	1
NCBITaxon:1336235	1
NCBITaxon:1336236	1
NCBITaxon:1336237	5
NCBITaxon:1336238	1
NCBITaxon:1336239	1
NCBITaxon:1336240	5
NCBITaxon:1336241	1
NCBITaxon:1336242	1
NCBITaxon:1336243	1
NCBITaxon:1336244	1
NCBITaxon:1336245	1
NCBITaxon:1336246	1
NCBITaxon:1336247	1
NCBITaxon:1336248	1
NCBITaxon:1336250	2
NCBITaxon:1336252	3
NCBITaxon:1336745	1
NCBITaxon:1336746	4
NCBITaxon:1336747	1
NCBITaxon:1336748	1
NCBITaxon:1336749	1
NCBITaxon:1336750	1
NCBITaxon:1336751	1
NCBITaxon:1336752	3
NCBITaxon:1336753	3
NCBITaxon:1336803	6
NCBITaxon:1336806	2
NCBITaxon:1337	2
NCBITaxon:1337051	1
NCBITaxon:13373	5
NCBITaxon:1337384	3
NCBITaxon:1337385	3
NCBITaxon:1337887	7
NCBITaxon:1337936	1
NCBITaxon:1337958	5
NCBITaxon:1337997	3
NCBITaxon:1338	8
NCBITaxon:1338009	6
NCBITaxon:1338011	2
NCBITaxon:1338012	2
NCBITaxon:1338013	2
NCBITaxon:1338014	2
NCBITaxon:1338015	2
NCBITaxon:1338016	2
NCBITaxon:1338017	2
NCBITaxon:1338518	5
NCBITaxon:1339	5
NCBITaxon:1339224	4
NCBITaxon:1339225	4
NCBITaxon:1339226	2
NCBITaxon:1339227	4
NCBITaxon:1339228	4
NCBITaxon:1339229	4
NCBITaxon:1339230	4
NCBITaxon:1339231	4
NCBITaxon:1339232	4
NCBITaxon:1339233	4
NCBITaxon:1339234	4
NCBITaxon:1339235	3
NCBITaxon:1339236	3
NCBITaxon:1339237	3
NCBITaxon:1339238	3
NCBITaxon:1339239	3
NCBITaxon:133924	1
NCBITaxon:1339240	4
NCBITaxon:1339241	4
NCBITaxon:1339242	4
NCBITaxon:1339243	4
NCBITaxon:1339244	3
NCBITaxon:1339246	6
NCBITaxon:1339247	4
NCBITaxon:1339248	5
NCBITaxon:1339249	3
NCBITaxon:1339252	3
NCBITaxon:1339253	3
NCBITaxon:1339254	3
NCBITaxon:1339255	2
NCBITaxon:1339256	5
NCBITaxon:133926	3
NCBITaxon:1339263	4
NCBITaxon:1339264	4
NCBITaxon:1339265	4
NCBITaxon:1339266	4
NCBITaxon:134	6
NCBITaxon:1340	5
NCBITaxon:134034	3
NCBITaxon:1340425	1
NCBITaxon:1340495	6
NCBITaxon:1340502	3
NCBITaxon:1340842	1
NCBITaxon:1340854	1
NCBITaxon:1341	3
NCBITaxon:1341119	2
NCBITaxon:1341154	3
NCBITaxon:1341155	4
NCBITaxon:1341165	5
NCBITaxon:1341181	4
NCBITaxon:1341550	1
NCBITaxon:1341643	1
NCBITaxon:1341646	1
NCBITaxon:1341692	7
NCBITaxon:1341695	5
NCBITaxon:1341696	8
NCBITaxon:1341726	10
NCBITaxon:1342794	7
NCBITaxon:1342818	1
NCBITaxon:134287	2
NCBITaxon:1343	5
NCBITaxon:1343064	3
NCBITaxon:1343071	3
NCBITaxon:1343078	5
NCBITaxon:1343079	2
NCBITaxon:1343159	2
NCBITaxon:1343497	3
NCBITaxon:1343557	2
NCBITaxon:1343558	2
NCBITaxon:1343559	2
NCBITaxon:1343560	2
NCBITaxon:1343561	2
NCBITaxon:1343562	2
NCBITaxon:1343563	2
NCBITaxon:1343564	2
NCBITaxon:1343565	2
NCBITaxon:1343737	4
NCBITaxon:1343739	3
NCBITaxon:1343740	1
NCBITaxon:134375	1
NCBITaxon:1343770	5
NCBITaxon:1344003	18
NCBITaxon:1344584	7
NCBITaxon:1344585	10
NCBITaxon:1344956	3
NCBITaxon:1344987	3
NCBITaxon:1344988	3
NCBITaxon:1344989	3
NCBITaxon:1344990	3
NCBITaxon:1344991	3
NCBITaxon:1344992	3
NCBITaxon:1344993	3
NCBITaxon:1344994	3
NCBITaxon:1344995	3
NCBITaxon:1344996	3
NCBITaxon:1344997	3
NCBITaxon:1344998	3
NCBITaxon:1344999	3
NCBITaxon:1345	2
NCBITaxon:1345000	3
NCBITaxon:1345023	7
NCBITaxon:134533	4
NCBITaxon:134534	18
NCBITaxon:134536	1
NCBITaxon:134537	1
NCBITaxon:1345504	2
NCBITaxon:1345505	2
NCBITaxon:1345506	2
NCBITaxon:1345507	2
NCBITaxon:1345508	2
NCBITaxon:1345510	2
NCBITaxon:1345511	2
NCBITaxon:1345512	2
NCBITaxon:1345513	2
NCBITaxon:1345514	2
NCBITaxon:1345515	2
NCBITaxon:1345516	2
NCBITaxon:1345518	2
NCBITaxon:1345519	2
NCBITaxon:1345520	2
NCBITaxon:1345522	2
NCBITaxon:1345523	2
NCBITaxon:1345524	2
NCBITaxon:1345525	2
NCBITaxon:1345526	2
NCBITaxon:1345527	2
NCBITaxon:1345528	2
NCBITaxon:1345530	2
NCBITaxon:1345531	2
NCBITaxon:1345532	2
NCBITaxon:1345533	2
NCBITaxon:1345534	2
NCBITaxon:1345536	2
NCBITaxon:1345537	2
NCBITaxon:1345539	2
NCBITaxon:1345540	2
NCBITaxon:1345541	2
NCBITaxon:1345542	2
NCBITaxon:1345543	2
NCBITaxon:1345544	2
NCBITaxon:1345545	2
NCBITaxon:1345546	2
NCBITaxon:1345547	2
NCBITaxon:1345548	2
NCBITaxon:1345549	2
NCBITaxon:1345550	2
NCBITaxon:1345551	2
NCBITaxon:1345552	2
NCBITaxon:1345553	2
NCBITaxon:1345554	2
NCBITaxon:1345556	2
NCBITaxon:1345557	2
NCBITaxon:1345558	2
NCBITaxon:1345559	2
NCBITaxon:1345560	2
NCBITaxon:1345561	2
NCBITaxon:1345562	2
NCBITaxon:1345563	2
NCBITaxon:1345564	2
NCBITaxon:1345565	2
NCBITaxon:1345566	2
NCBITaxon:1345567	2
NCBITaxon:1345568	2
NCBITaxon:1345569	2
NCBITaxon:1345570	2
NCBITaxon:1345571	2
NCBITaxon:1345572	2
NCBITaxon:1345573	2
NCBITaxon:1345574	2
NCBITaxon:1345576	2
NCBITaxon:1345577	2
NCBITaxon:1345578	2
NCBITaxon:1345579	2
NCBITaxon:1345580	2
NCBITaxon:1345581	2
NCBITaxon:1345582	2
NCBITaxon:1345583	2
NCBITaxon:1345584	2
NCBITaxon:1345585	2
NCBITaxon:1345586	2
NCBITaxon:1345587	2
NCBITaxon:1345588	2
NCBITaxon:1345590	2
NCBITaxon:1345591	2
NCBITaxon:1345592	2
NCBITaxon:1345594	2
NCBITaxon:1345595	2
NCBITaxon:1345596	2
NCBITaxon:1345598	2
NCBITaxon:1345599	2
NCBITaxon:1345600	2
NCBITaxon:1345695	5
NCBITaxon:1345700	2
NCBITaxon:1345701	2
NCBITaxon:1345702	2
NCBITaxon:1345703	2
NCBITaxon:1345704	2
NCBITaxon:1345705	2
NCBITaxon:1345706	2
NCBITaxon:1345707	2
NCBITaxon:1345708	2
NCBITaxon:1345709	2
NCBITaxon:1345710	2
NCBITaxon:1346	7
NCBITaxon:134601	3
NCBITaxon:134602	2
NCBITaxon:134605	2
NCBITaxon:1346286	1
NCBITaxon:1346290	1
NCBITaxon:1346330	7
NCBITaxon:1346502	2
NCBITaxon:1346611	5
NCBITaxon:1346613	6
NCBITaxon:1346614	7
NCBITaxon:1346684	1
NCBITaxon:134676	5
NCBITaxon:1346790	1
NCBITaxon:1346791	1
NCBITaxon:1346792	3
NCBITaxon:1346793	3
NCBITaxon:1347087	5
NCBITaxon:1347342	3
NCBITaxon:1347369	5
NCBITaxon:1347420	7
NCBITaxon:1347789	4
NCBITaxon:1347790	4
NCBITaxon:1348	6
NCBITaxon:1348058	7
NCBITaxon:1348062	6
NCBITaxon:1348114	4
NCBITaxon:134821	4
NCBITaxon:1348249	7
NCBITaxon:1348331	3
NCBITaxon:1348334	5
NCBITaxon:1348338	3
NCBITaxon:1348429	3
NCBITaxon:1348469	1
NCBITaxon:134849	2
NCBITaxon:1348563	7
NCBITaxon:1348623	7
NCBITaxon:1348624	4
NCBITaxon:1348625	5
NCBITaxon:1348626	5
NCBITaxon:1348627	5
NCBITaxon:1348628	6
NCBITaxon:1348629	4
NCBITaxon:1348630	5
NCBITaxon:1348632	3
NCBITaxon:1348633	4
NCBITaxon:1348634	3
NCBITaxon:1348635	5
NCBITaxon:1348637	1
NCBITaxon:1348638	1
NCBITaxon:1348654	5
NCBITaxon:1348655	5
NCBITaxon:1348656	3
NCBITaxon:1348657	1
NCBITaxon:1348660	6
NCBITaxon:1348662	5
NCBITaxon:1348663	1
NCBITaxon:1348776	4
NCBITaxon:1348852	1
NCBITaxon:1348908	7
NCBITaxon:1348973	7
NCBITaxon:1349	6
NCBITaxon:1349415	1
NCBITaxon:1349416	1
NCBITaxon:134959	2
NCBITaxon:134964	1
NCBITaxon:1349749	6
NCBITaxon:1349750	6
NCBITaxon:1349751	4
NCBITaxon:1349752	4
NCBITaxon:1349753	3
NCBITaxon:1349754	5
NCBITaxon:1349755	1
NCBITaxon:1349756	7
NCBITaxon:1349757	5
NCBITaxon:1349758	3
NCBITaxon:1349759	5
NCBITaxon:1349760	5
NCBITaxon:1349761	4
NCBITaxon:1349762	5
NCBITaxon:1349763	2
NCBITaxon:1349764	4
NCBITaxon:1349765	5
NCBITaxon:1349766	4
NCBITaxon:1349767	5
NCBITaxon:1349768	3
NCBITaxon:1349773	3
NCBITaxon:1349775	2
NCBITaxon:1349776	5
NCBITaxon:1349777	2
NCBITaxon:1349778	6
NCBITaxon:1349779	5
NCBITaxon:1349780	2
NCBITaxon:1349781	1
NCBITaxon:1349782	2
NCBITaxon:1349783	1
NCBITaxon:1349784	5
NCBITaxon:1349785	2
NCBITaxon:1349786	5
NCBITaxon:1349787	4
NCBITaxon:1349788	5
NCBITaxon:1349789	4
NCBITaxon:1349790	4
NCBITaxon:1349791	4
NCBITaxon:1349792	5
NCBITaxon:1349794	5
NCBITaxon:1349822	5
NCBITaxon:1349824	2
NCBITaxon:1349826	5
NCBITaxon:1349827	5
NCBITaxon:134984	1
NCBITaxon:135000	1
NCBITaxon:1350067	1
NCBITaxon:1350366	3
NCBITaxon:1350429	23
NCBITaxon:1350461	6
NCBITaxon:1350465	6
NCBITaxon:1350468	5
NCBITaxon:1350471	5
NCBITaxon:1350472	5
NCBITaxon:1350473	5
NCBITaxon:1350482	3
NCBITaxon:135069	1
NCBITaxon:135079	4
NCBITaxon:135080	3
NCBITaxon:135082	2
NCBITaxon:135083	2
NCBITaxon:1351	7
NCBITaxon:1351836	2
NCBITaxon:1351840	1
NCBITaxon:135193	2
NCBITaxon:1352	10
NCBITaxon:1352354	7
NCBITaxon:1352355	6
NCBITaxon:1352358	3
NCBITaxon:1352601	2
NCBITaxon:1352602	2
NCBITaxon:1352603	2
NCBITaxon:1352929	8
NCBITaxon:1352932	6
NCBITaxon:1352933	6
NCBITaxon:1352936	3
NCBITaxon:1352941	3
NCBITaxon:1353	4
NCBITaxon:1353158	9
NCBITaxon:1353246	3
NCBITaxon:1353260	3
NCBITaxon:1353261	1
NCBITaxon:1353262	1
NCBITaxon:1353263	1
NCBITaxon:1353264	1
NCBITaxon:1353265	1
NCBITaxon:1353266	1
NCBITaxon:1353275	3
NCBITaxon:1353276	1
NCBITaxon:1353277	26
NCBITaxon:1353528	1
NCBITaxon:1353529	6
NCBITaxon:1353530	6
NCBITaxon:1353532	1
NCBITaxon:1353533	5
NCBITaxon:1353534	5
NCBITaxon:1353536	7
NCBITaxon:1353537	2
NCBITaxon:1353775	11
NCBITaxon:1353886	2
NCBITaxon:1353941	7
NCBITaxon:1354	8
NCBITaxon:1354027	1
NCBITaxon:1354030	5
NCBITaxon:1354240	5
NCBITaxon:1354241	1
NCBITaxon:1354251	1
NCBITaxon:1354252	1
NCBITaxon:1354253	1
NCBITaxon:1354254	1
NCBITaxon:1354255	1
NCBITaxon:1354256	1
NCBITaxon:1354260	5
NCBITaxon:1354262	1
NCBITaxon:1354263	1
NCBITaxon:1354264	1
NCBITaxon:1354266	1
NCBITaxon:1354267	1
NCBITaxon:1354268	2
NCBITaxon:1354269	1
NCBITaxon:1354272	1
NCBITaxon:1354274	1
NCBITaxon:1354277	2
NCBITaxon:1354300	5
NCBITaxon:1354301	6
NCBITaxon:1354302	1
NCBITaxon:1354303	3
NCBITaxon:1354337	1
NCBITaxon:135461	6
NCBITaxon:1354791	5
NCBITaxon:135487	6
NCBITaxon:1355	3
NCBITaxon:1355022	9
NCBITaxon:1355100	6
NCBITaxon:135517	2
NCBITaxon:1355368	6
NCBITaxon:1355374	7
NCBITaxon:1355477	22
NCBITaxon:135577	3
NCBITaxon:1356	4
NCBITaxon:1356243	27
NCBITaxon:135626	2
NCBITaxon:1356852	5
NCBITaxon:1356854	5
NCBITaxon:1356861	6
NCBITaxon:135719	1
NCBITaxon:1357269	3
NCBITaxon:1357270	2
NCBITaxon:1357271	2
NCBITaxon:1357272	2
NCBITaxon:1357273	2
NCBITaxon:1357274	2
NCBITaxon:1357275	2
NCBITaxon:1357277	2
NCBITaxon:1357278	2
NCBITaxon:1357279	2
NCBITaxon:1357280	2
NCBITaxon:1357281	2
NCBITaxon:1357282	2
NCBITaxon:1357283	2
NCBITaxon:1357284	2
NCBITaxon:1357285	2
NCBITaxon:1357286	2
NCBITaxon:1357287	2
NCBITaxon:1357288	2
NCBITaxon:1357289	2
NCBITaxon:1357290	2
NCBITaxon:1357291	2
NCBITaxon:1357294	6
NCBITaxon:135735	3
NCBITaxon:135739	3
NCBITaxon:135740	4
NCBITaxon:1357410	5
NCBITaxon:135742	4
NCBITaxon:1357994	6
NCBITaxon:1357999	3
NCBITaxon:1358	10
NCBITaxon:1358004	3
NCBITaxon:1358009	3
NCBITaxon:1358015	3
NCBITaxon:1358026	1
NCBITaxon:1358104	5
NCBITaxon:135826	2
NCBITaxon:1358410	2
NCBITaxon:1358420	3
NCBITaxon:1358421	3
NCBITaxon:1358423	3
NCBITaxon:1358440	18
NCBITaxon:1359	9
NCBITaxon:1359162	1
NCBITaxon:1359208	5
NCBITaxon:135948	1
NCBITaxon:1360	10
NCBITaxon:136093	2
NCBITaxon:136094	3
NCBITaxon:136100	1
NCBITaxon:136241	2
NCBITaxon:136273	5
NCBITaxon:136274	3
NCBITaxon:1363	8
NCBITaxon:1364	6
NCBITaxon:136468	2
NCBITaxon:136492	1
NCBITaxon:1365	1
NCBITaxon:1365176	5
NCBITaxon:1365186	4
NCBITaxon:1365188	5
NCBITaxon:1365248	5
NCBITaxon:1365249	5
NCBITaxon:1365250	5
NCBITaxon:1365251	5
NCBITaxon:1365252	5
NCBITaxon:1365253	5
NCBITaxon:1365254	5
NCBITaxon:1365255	5
NCBITaxon:1365256	5
NCBITaxon:1365257	5
NCBITaxon:13656	1
NCBITaxon:1365628	1
NCBITaxon:1365636	2
NCBITaxon:1365647	3
NCBITaxon:1365648	4
NCBITaxon:1365649	3
NCBITaxon:1365650	2
NCBITaxon:1365651	2
NCBITaxon:1365652	2
NCBITaxon:1365665	6
NCBITaxon:1366	5
NCBITaxon:1366046	5
NCBITaxon:1366047	5
NCBITaxon:1366052	5
NCBITaxon:1366053	4
NCBITaxon:136609	4
NCBITaxon:1367381	1
NCBITaxon:1367450	2
NCBITaxon:1367451	1
NCBITaxon:1367477	5
NCBITaxon:1367492	5
NCBITaxon:1367493	7
NCBITaxon:1367494	7
NCBITaxon:1367847	4
NCBITaxon:1367848	3
NCBITaxon:1367849	1
NCBITaxon:1367865	1
NCBITaxon:1368417	1
NCBITaxon:1368424	7
NCBITaxon:1368425	1
NCBITaxon:1368426	1
NCBITaxon:1368427	1
NCBITaxon:1368428	1
NCBITaxon:1368429	1
NCBITaxon:136857	4
NCBITaxon:13688	1
NCBITaxon:13689	5
NCBITaxon:13690	9
NCBITaxon:136992	3
NCBITaxon:136993	1
NCBITaxon:136994	1
NCBITaxon:136996	5
NCBITaxon:1370107	6
NCBITaxon:1370118	4
NCBITaxon:1370120	4
NCBITaxon:1370121	4
NCBITaxon:1370122	1
NCBITaxon:1370123	2
NCBITaxon:1370124	2
NCBITaxon:1370127	1
NCBITaxon:1371	5
NCBITaxon:13725	4
NCBITaxon:137265	2
NCBITaxon:137266	1
NCBITaxon:137267	1
NCBITaxon:1373	2
NCBITaxon:137357	3
NCBITaxon:1374	1
NCBITaxon:137545	2
NCBITaxon:137584	5
NCBITaxon:137591	7
NCBITaxon:1376	5
NCBITaxon:137658	1
NCBITaxon:13769	3
NCBITaxon:1377	3
NCBITaxon:137708	1
NCBITaxon:137716	1
NCBITaxon:137719	1
NCBITaxon:137721	1
NCBITaxon:137722	8
NCBITaxon:13773	10
NCBITaxon:137730	4
NCBITaxon:137732	3
NCBITaxon:137733	2
NCBITaxon:137773	1
NCBITaxon:137778	2
NCBITaxon:1377993	5
NCBITaxon:1378072	6
NCBITaxon:1378080	1
NCBITaxon:1378091	3
NCBITaxon:1378093	2
NCBITaxon:137838	1
NCBITaxon:1379	6
NCBITaxon:1379159	8
NCBITaxon:1379258	6
NCBITaxon:1379259	6
NCBITaxon:1379270	5
NCBITaxon:1379272	3
NCBITaxon:1379273	3
NCBITaxon:1379274	2
NCBITaxon:1379277	3
NCBITaxon:1379278	3
NCBITaxon:1379281	3
NCBITaxon:1379303	1
NCBITaxon:1379305	1
NCBITaxon:1379385	1
NCBITaxon:1379386	1
NCBITaxon:1379389	1
NCBITaxon:1379390	1
NCBITaxon:1379391	1
NCBITaxon:1379392	1
NCBITaxon:1379393	1
NCBITaxon:1379394	1
NCBITaxon:1379397	1
NCBITaxon:1379398	1
NCBITaxon:1379399	1
NCBITaxon:1379401	1
NCBITaxon:1379406	1
NCBITaxon:1379680	4
NCBITaxon:1379686	5
NCBITaxon:1379700	4
NCBITaxon:1379701	4
NCBITaxon:1379734	1
NCBITaxon:1379737	3
NCBITaxon:1379738	3
NCBITaxon:1379739	3
NCBITaxon:1379740	3
NCBITaxon:1379741	3
NCBITaxon:1379858	3
NCBITaxon:1379870	1
NCBITaxon:1379903	1
NCBITaxon:137993	3
NCBITaxon:1380110	3
NCBITaxon:1380360	5
NCBITaxon:1380361	5
NCBITaxon:1380372	1
NCBITaxon:1380374	1
NCBITaxon:1380376	1
NCBITaxon:1380408	5
NCBITaxon:1380600	3
NCBITaxon:1380604	1
NCBITaxon:1380708	6
NCBITaxon:138072	2
NCBITaxon:138073	1
NCBITaxon:138074	3
NCBITaxon:1380763	5
NCBITaxon:1380767	7
NCBITaxon:1380768	7
NCBITaxon:1380770	7
NCBITaxon:1380771	2
NCBITaxon:1380772	3
NCBITaxon:1381	5
NCBITaxon:1381082	2
NCBITaxon:1381083	2
NCBITaxon:1381084	2
NCBITaxon:1381085	2
NCBITaxon:1381086	2
NCBITaxon:1381087	2
NCBITaxon:1381089	2
NCBITaxon:1381090	2
NCBITaxon:1381091	2
NCBITaxon:1381111	2
NCBITaxon:1381115	2
NCBITaxon:1381116	2
NCBITaxon:1381117	3
NCBITaxon:1381118	2
NCBITaxon:1381119	2
NCBITaxon:1381123	7
NCBITaxon:1381124	2
NCBITaxon:138118	1
NCBITaxon:138119	8
NCBITaxon:1381557	1
NCBITaxon:1381559	3
NCBITaxon:1381596	2
NCBITaxon:1381751	4
NCBITaxon:1382	3
NCBITaxon:1382302	1
NCBITaxon:1382304	1
NCBITaxon:1382305	7
NCBITaxon:1382306	3
NCBITaxon:1382313	1
NCBITaxon:1382315	1
NCBITaxon:1382358	1
NCBITaxon:1382367	1
NCBITaxon:1382510	3
NCBITaxon:1382595	1
NCBITaxon:1383	3
NCBITaxon:138300	2
NCBITaxon:1383026	1
NCBITaxon:1383028	1
NCBITaxon:1383060	1
NCBITaxon:1383063	1
NCBITaxon:1383064	1
NCBITaxon:1383065	1
NCBITaxon:1383066	1
NCBITaxon:1383067	4
NCBITaxon:1383068	7
NCBITaxon:1383069	1
NCBITaxon:138336	16
NCBITaxon:1383841	1
NCBITaxon:1383842	1
NCBITaxon:1383843	1
NCBITaxon:1383844	1
NCBITaxon:1383850	1
NCBITaxon:1383851	1
NCBITaxon:1384040	7
NCBITaxon:1384051	5
NCBITaxon:1384054	1
NCBITaxon:1384056	1
NCBITaxon:1384061	1
NCBITaxon:1384063	1
NCBITaxon:1384064	1
NCBITaxon:1384065	1
NCBITaxon:1384066	1
NCBITaxon:1384067	1
NCBITaxon:1384484	1
NCBITaxon:1384509	1
NCBITaxon:1384549	2
NCBITaxon:1384550	2
NCBITaxon:1385368	1
NCBITaxon:1385369	1
NCBITaxon:1385510	5
NCBITaxon:1385511	6
NCBITaxon:1385512	5
NCBITaxon:1385513	1
NCBITaxon:1385514	1
NCBITaxon:1385515	6
NCBITaxon:1385517	1
NCBITaxon:1385518	5
NCBITaxon:1385519	1
NCBITaxon:1385520	1
NCBITaxon:1385521	1
NCBITaxon:1385522	3
NCBITaxon:1385624	4
NCBITaxon:1385625	5
NCBITaxon:138563	4
NCBITaxon:1385719	2
NCBITaxon:1385855	2
NCBITaxon:1385856	2
NCBITaxon:1385930	4
NCBITaxon:1385935	3
NCBITaxon:1385937	5
NCBITaxon:1385940	6
NCBITaxon:138595	2
NCBITaxon:1385975	2
NCBITaxon:1385984	4
NCBITaxon:1385985	2
NCBITaxon:1386078	2
NCBITaxon:1386079	1
NCBITaxon:1386080	1
NCBITaxon:1386082	1
NCBITaxon:1386083	4
NCBITaxon:1386084	3
NCBITaxon:1386087	3
NCBITaxon:1386088	16
NCBITaxon:1386089	2
NCBITaxon:1386092	18
NCBITaxon:1386098	13
NCBITaxon:138677	4
NCBITaxon:1386967	3
NCBITaxon:1386969	3
NCBITaxon:1386970	4
NCBITaxon:1387275	1
NCBITaxon:1387297	1
NCBITaxon:1387568	3
NCBITaxon:1387985	1
NCBITaxon:1387986	5
NCBITaxon:1387987	5
NCBITaxon:1387988	5
NCBITaxon:1387989	5
NCBITaxon:1387990	5
NCBITaxon:1387991	5
NCBITaxon:1387992	5
NCBITaxon:1387993	5
NCBITaxon:1387994	5
NCBITaxon:1387995	5
NCBITaxon:1387996	5
NCBITaxon:1387997	5
NCBITaxon:1387998	5
NCBITaxon:1387999	5
NCBITaxon:1388000	5
NCBITaxon:1388001	5
NCBITaxon:1388002	5
NCBITaxon:1388003	5
NCBITaxon:1388004	5
NCBITaxon:1388005	5
NCBITaxon:1388006	5
NCBITaxon:1388007	5
NCBITaxon:1388008	5
NCBITaxon:1388009	5
NCBITaxon:1388010	5
NCBITaxon:1388011	5
NCBITaxon:1388012	5
NCBITaxon:1388013	5
NCBITaxon:1388014	5
NCBITaxon:1388015	5
NCBITaxon:1388016	5
NCBITaxon:1388017	5
NCBITaxon:1388018	5
NCBITaxon:1388019	5
NCBITaxon:1388020	5
NCBITaxon:1388021	5
NCBITaxon:1388022	5
NCBITaxon:1388023	5
NCBITaxon:1388024	5
NCBITaxon:1388025	5
NCBITaxon:1388026	5
NCBITaxon:1388027	5
NCBITaxon:1388028	5
NCBITaxon:1388029	5
NCBITaxon:1388030	5
NCBITaxon:1388031	5
NCBITaxon:1388032	5
NCBITaxon:1388033	5
NCBITaxon:1388034	5
NCBITaxon:1388035	5
NCBITaxon:1388036	5
NCBITaxon:1388037	5
NCBITaxon:1388038	5
NCBITaxon:1388039	5
NCBITaxon:1388040	5
NCBITaxon:1388041	5
NCBITaxon:1388042	5
NCBITaxon:1388043	5
NCBITaxon:1388044	5
NCBITaxon:1388045	5
NCBITaxon:1388046	5
NCBITaxon:1388048	5
NCBITaxon:1388049	5
NCBITaxon:1388050	5
NCBITaxon:1388051	5
NCBITaxon:1388052	5
NCBITaxon:1388053	5
NCBITaxon:1388054	5
NCBITaxon:1388055	5
NCBITaxon:1388056	5
NCBITaxon:1388057	5
NCBITaxon:1388058	5
NCBITaxon:1388059	5
NCBITaxon:1388060	5
NCBITaxon:1388061	5
NCBITaxon:1388062	5
NCBITaxon:1388063	5
NCBITaxon:1388064	5
NCBITaxon:1388065	5
NCBITaxon:1388066	5
NCBITaxon:1388067	5
NCBITaxon:1388068	5
NCBITaxon:1388069	5
NCBITaxon:1388070	5
NCBITaxon:1388071	5
NCBITaxon:1388072	5
NCBITaxon:1388073	5
NCBITaxon:1388074	5
NCBITaxon:1388075	5
NCBITaxon:1388076	5
NCBITaxon:1388077	5
NCBITaxon:1388078	5
NCBITaxon:1388079	5
NCBITaxon:1388080	5
NCBITaxon:1388081	5
NCBITaxon:1388082	5
NCBITaxon:1388083	5
NCBITaxon:1388084	5
NCBITaxon:1388085	5
NCBITaxon:1388086	5
NCBITaxon:1388087	5
NCBITaxon:1388088	5
NCBITaxon:1388089	5
NCBITaxon:1388090	5
NCBITaxon:1388091	5
NCBITaxon:1388092	5
NCBITaxon:1388093	5
NCBITaxon:1388094	5
NCBITaxon:1388095	5
NCBITaxon:1388096	5
NCBITaxon:1388097	5
NCBITaxon:1388098	5
NCBITaxon:1388099	5
NCBITaxon:1388100	5
NCBITaxon:1388101	5
NCBITaxon:1388102	5
NCBITaxon:1388103	5
NCBITaxon:1388104	5
NCBITaxon:1388105	5
NCBITaxon:1388106	5
NCBITaxon:1388107	5
NCBITaxon:1388108	5
NCBITaxon:1388109	5
NCBITaxon:1388110	5
NCBITaxon:1388111	5
NCBITaxon:1388112	5
NCBITaxon:1388113	5
NCBITaxon:1388114	5
NCBITaxon:1388115	5
NCBITaxon:1388116	5
NCBITaxon:1388117	5
NCBITaxon:1388118	5
NCBITaxon:1388119	5
NCBITaxon:1388120	5
NCBITaxon:1388121	5
NCBITaxon:1388122	5
NCBITaxon:1388123	5
NCBITaxon:1388124	5
NCBITaxon:1388125	5
NCBITaxon:1388126	5
NCBITaxon:1388127	5
NCBITaxon:1388128	5
NCBITaxon:1388129	5
NCBITaxon:1388130	5
NCBITaxon:1388131	5
NCBITaxon:1388132	5
NCBITaxon:1388133	5
NCBITaxon:1388134	5
NCBITaxon:1388135	5
NCBITaxon:1388136	5
NCBITaxon:1388137	5
NCBITaxon:1388138	5
NCBITaxon:1388139	5
NCBITaxon:1388140	5
NCBITaxon:1388141	5
NCBITaxon:1388142	5
NCBITaxon:1388143	5
NCBITaxon:1388144	5
NCBITaxon:1388145	5
NCBITaxon:1388146	5
NCBITaxon:1388147	5
NCBITaxon:1388148	5
NCBITaxon:1388149	5
NCBITaxon:1388150	5
NCBITaxon:1388151	5
NCBITaxon:1388152	5
NCBITaxon:1388153	5
NCBITaxon:1388154	5
NCBITaxon:1388155	5
NCBITaxon:1388156	5
NCBITaxon:1388157	5
NCBITaxon:1388158	5
NCBITaxon:1388159	5
NCBITaxon:1388160	5
NCBITaxon:1388161	5
NCBITaxon:1388162	5
NCBITaxon:1388163	5
NCBITaxon:1388164	5
NCBITaxon:1388165	5
NCBITaxon:1388166	5
NCBITaxon:1388167	5
NCBITaxon:1388168	5
NCBITaxon:1388169	5
NCBITaxon:1388170	5
NCBITaxon:1388171	5
NCBITaxon:1388172	5
NCBITaxon:1388173	5
NCBITaxon:1388174	5
NCBITaxon:1388175	5
NCBITaxon:1388176	5
NCBITaxon:1388177	5
NCBITaxon:1388178	5
NCBITaxon:1388179	5
NCBITaxon:1388180	5
NCBITaxon:1388181	5
NCBITaxon:1388182	5
NCBITaxon:1388183	5
NCBITaxon:1388184	5
NCBITaxon:1388185	5
NCBITaxon:1388186	5
NCBITaxon:1388187	5
NCBITaxon:1388188	5
NCBITaxon:1388189	5
NCBITaxon:1388190	5
NCBITaxon:1388191	5
NCBITaxon:1388192	5
NCBITaxon:1388193	5
NCBITaxon:1388194	5
NCBITaxon:1388195	5
NCBITaxon:1388196	5
NCBITaxon:1388197	5
NCBITaxon:1388198	5
NCBITaxon:1388199	5
NCBITaxon:1388200	5
NCBITaxon:1388201	5
NCBITaxon:1388202	5
NCBITaxon:1388203	5
NCBITaxon:1388204	5
NCBITaxon:1388205	5
NCBITaxon:1388206	5
NCBITaxon:1388207	5
NCBITaxon:1388208	5
NCBITaxon:1388209	5
NCBITaxon:1388210	5
NCBITaxon:1388211	5
NCBITaxon:1388212	5
NCBITaxon:1388213	5
NCBITaxon:1388214	5
NCBITaxon:1388215	5
NCBITaxon:1388216	5
NCBITaxon:1388217	5
NCBITaxon:1388218	5
NCBITaxon:1388219	5
NCBITaxon:1388220	5
NCBITaxon:1388221	5
NCBITaxon:1388222	5
NCBITaxon:1388223	5
NCBITaxon:1388224	5
NCBITaxon:1388225	5
NCBITaxon:1388226	5
NCBITaxon:1388227	5
NCBITaxon:1388228	5
NCBITaxon:1388229	5
NCBITaxon:1388230	5
NCBITaxon:1388231	5
NCBITaxon:1388232	5
NCBITaxon:1388233	5
NCBITaxon:1388234	5
NCBITaxon:1388235	5
NCBITaxon:1388236	5
NCBITaxon:1388237	5
NCBITaxon:1388238	5
NCBITaxon:1388239	5
NCBITaxon:1388240	5
NCBITaxon:1388241	5
NCBITaxon:1388242	5
NCBITaxon:1388243	5
NCBITaxon:1388244	5
NCBITaxon:1388245	5
NCBITaxon:1388246	5
NCBITaxon:1388247	5
NCBITaxon:1388248	5
NCBITaxon:1388249	5
NCBITaxon:1388250	5
NCBITaxon:1388251	5
NCBITaxon:1388252	5
NCBITaxon:1388253	5
NCBITaxon:1388254	5
NCBITaxon:1388255	5
NCBITaxon:1388256	5
NCBITaxon:1388257	5
NCBITaxon:1388258	5
NCBITaxon:1388259	5
NCBITaxon:1388260	5
NCBITaxon:1388261	5
NCBITaxon:1388262	5
NCBITaxon:1388263	5
NCBITaxon:1388264	5
NCBITaxon:1388265	5
NCBITaxon:1388266	5
NCBITaxon:1388267	5
NCBITaxon:1388268	5
NCBITaxon:1388269	5
NCBITaxon:1388270	5
NCBITaxon:1388271	5
NCBITaxon:1388272	5
NCBITaxon:1388273	5
NCBITaxon:1388274	5
NCBITaxon:1388275	5
NCBITaxon:1388276	5
NCBITaxon:1388277	5
NCBITaxon:1388278	5
NCBITaxon:1388279	5
NCBITaxon:1388280	5
NCBITaxon:1388281	5
NCBITaxon:1388282	5
NCBITaxon:1388283	5
NCBITaxon:1388284	5
NCBITaxon:1388285	5
NCBITaxon:1388286	5
NCBITaxon:1388287	5
NCBITaxon:1388288	5
NCBITaxon:1388289	5
NCBITaxon:1388290	5
NCBITaxon:1388291	5
NCBITaxon:1388292	5
NCBITaxon:1388293	5
NCBITaxon:1388294	5
NCBITaxon:1388295	5
NCBITaxon:1388296	5
NCBITaxon:1388297	5
NCBITaxon:1388298	5
NCBITaxon:1388299	5
NCBITaxon:1388300	5
NCBITaxon:1388301	5
NCBITaxon:1388302	5
NCBITaxon:1388303	5
NCBITaxon:1388304	5
NCBITaxon:1388305	5
NCBITaxon:1388306	5
NCBITaxon:1388307	5
NCBITaxon:1388308	5
NCBITaxon:1388309	5
NCBITaxon:1388310	5
NCBITaxon:1388311	5
NCBITaxon:1388312	5
NCBITaxon:1388313	5
NCBITaxon:1388314	5
NCBITaxon:1388315	5
NCBITaxon:1388316	5
NCBITaxon:1388317	5
NCBITaxon:1388318	5
NCBITaxon:1388319	5
NCBITaxon:1388320	5
NCBITaxon:1388321	5
NCBITaxon:1388322	5
NCBITaxon:1388323	5
NCBITaxon:1388324	5
NCBITaxon:1388325	5
NCBITaxon:1388326	5
NCBITaxon:1388327	5
NCBITaxon:1388328	5
NCBITaxon:1388329	5
NCBITaxon:1388330	5
NCBITaxon:1388331	5
NCBITaxon:1388332	5
NCBITaxon:1388333	5
NCBITaxon:1388334	5
NCBITaxon:1388335	5
NCBITaxon:1388336	5
NCBITaxon:1388337	5
NCBITaxon:1388338	5
NCBITaxon:1388339	5
NCBITaxon:1388340	5
NCBITaxon:1388341	5
NCBITaxon:1388342	5
NCBITaxon:1388343	5
NCBITaxon:1388344	5
NCBITaxon:1388345	5
NCBITaxon:1388346	5
NCBITaxon:1388347	5
NCBITaxon:1388348	5
NCBITaxon:1388349	5
NCBITaxon:1388350	5
NCBITaxon:1388351	5
NCBITaxon:1388352	5
NCBITaxon:1388353	5
NCBITaxon:1388354	5
NCBITaxon:1388355	5
NCBITaxon:1388356	5
NCBITaxon:1388357	5
NCBITaxon:1388358	5
NCBITaxon:1388359	5
NCBITaxon:1388360	5
NCBITaxon:1388361	5
NCBITaxon:1388362	5
NCBITaxon:1388363	5
NCBITaxon:1388364	5
NCBITaxon:1388365	5
NCBITaxon:1388366	5
NCBITaxon:1388367	5
NCBITaxon:1388368	5
NCBITaxon:1388369	5
NCBITaxon:1388370	5
NCBITaxon:1388371	5
NCBITaxon:1388372	5
NCBITaxon:1388373	5
NCBITaxon:1388374	5
NCBITaxon:1388375	5
NCBITaxon:1388376	5
NCBITaxon:1388377	5
NCBITaxon:1388378	5
NCBITaxon:1388379	5
NCBITaxon:1388380	5
NCBITaxon:1388381	5
NCBITaxon:1388382	5
NCBITaxon:1388383	5
NCBITaxon:1388384	5
NCBITaxon:1388385	5
NCBITaxon:1388386	5
NCBITaxon:1388387	5
NCBITaxon:1388388	5
NCBITaxon:1388389	5
NCBITaxon:1388390	5
NCBITaxon:1388391	5
NCBITaxon:1388392	5
NCBITaxon:1388393	5
NCBITaxon:1388394	5
NCBITaxon:1388395	5
NCBITaxon:1388396	5
NCBITaxon:1388398	5
NCBITaxon:1388399	5
NCBITaxon:1388400	5
NCBITaxon:1388401	5
NCBITaxon:1388402	5
NCBITaxon:1388403	5
NCBITaxon:1388404	5
NCBITaxon:1388405	5
NCBITaxon:1388406	5
NCBITaxon:1388407	5
NCBITaxon:1388408	5
NCBITaxon:1388409	5
NCBITaxon:1388410	5
NCBITaxon:1388411	5
NCBITaxon:1388412	5
NCBITaxon:1388413	5
NCBITaxon:1388414	5
NCBITaxon:1388415	5
NCBITaxon:1388416	5
NCBITaxon:1388417	5
NCBITaxon:1388418	5
NCBITaxon:1388419	5
NCBITaxon:1388420	5
NCBITaxon:1388421	5
NCBITaxon:1388422	5
NCBITaxon:1388423	5
NCBITaxon:1388424	5
NCBITaxon:1388425	5
NCBITaxon:1388426	5
NCBITaxon:1388427	5
NCBITaxon:1388428	5
NCBITaxon:1388429	5
NCBITaxon:1388430	5
NCBITaxon:1388431	5
NCBITaxon:1388432	5
NCBITaxon:1388433	5
NCBITaxon:1388434	5
NCBITaxon:1388435	5
NCBITaxon:1388436	5
NCBITaxon:1388437	5
NCBITaxon:1388438	5
NCBITaxon:1388439	5
NCBITaxon:1388440	5
NCBITaxon:1388441	5
NCBITaxon:1388442	5
NCBITaxon:1388443	5
NCBITaxon:1388444	5
NCBITaxon:1388445	5
NCBITaxon:1388446	5
NCBITaxon:1388447	5
NCBITaxon:1388448	5
NCBITaxon:1388449	5
NCBITaxon:1388450	5
NCBITaxon:1388451	5
NCBITaxon:1388452	5
NCBITaxon:1388453	5
NCBITaxon:1388454	5
NCBITaxon:1388455	5
NCBITaxon:1388456	5
NCBITaxon:1388457	5
NCBITaxon:1388458	5
NCBITaxon:1388459	5
NCBITaxon:1388460	5
NCBITaxon:1388461	5
NCBITaxon:1388462	5
NCBITaxon:1388463	5
NCBITaxon:1388464	5
NCBITaxon:1388465	5
NCBITaxon:1388466	5
NCBITaxon:1388467	5
NCBITaxon:1388468	5
NCBITaxon:1388469	5
NCBITaxon:1388470	5
NCBITaxon:1388471	5
NCBITaxon:1388472	5
NCBITaxon:1388473	5
NCBITaxon:1388474	5
NCBITaxon:1388475	5
NCBITaxon:1388476	5
NCBITaxon:1388477	5
NCBITaxon:1388478	5
NCBITaxon:1388479	5
NCBITaxon:1388480	5
NCBITaxon:1388481	5
NCBITaxon:1388482	5
NCBITaxon:1388483	5
NCBITaxon:1388484	5
NCBITaxon:1388485	5
NCBITaxon:1388486	5
NCBITaxon:1388487	5
NCBITaxon:1388488	5
NCBITaxon:1388489	5
NCBITaxon:1388490	5
NCBITaxon:1388491	5
NCBITaxon:1388492	5
NCBITaxon:1388493	5
NCBITaxon:1388494	5
NCBITaxon:1388495	5
NCBITaxon:1388496	5
NCBITaxon:1388497	5
NCBITaxon:1388498	5
NCBITaxon:1388499	5
NCBITaxon:1388500	5
NCBITaxon:1388501	5
NCBITaxon:1388502	5
NCBITaxon:1388503	5
NCBITaxon:1388504	5
NCBITaxon:1388505	5
NCBITaxon:1388506	5
NCBITaxon:1388507	5
NCBITaxon:1388508	5
NCBITaxon:1388509	5
NCBITaxon:138851	4
NCBITaxon:1388510	5
NCBITaxon:1388511	5
NCBITaxon:1388512	5
NCBITaxon:1388513	5
NCBITaxon:1388514	5
NCBITaxon:1388515	5
NCBITaxon:1388516	5
NCBITaxon:1388517	5
NCBITaxon:1388518	5
NCBITaxon:1388520	5
NCBITaxon:1388521	5
NCBITaxon:1388522	5
NCBITaxon:1388523	5
NCBITaxon:1388524	5
NCBITaxon:1388525	5
NCBITaxon:1388526	5
NCBITaxon:1388527	5
NCBITaxon:1388528	5
NCBITaxon:1388529	5
NCBITaxon:1388530	5
NCBITaxon:1388531	5
NCBITaxon:1388532	5
NCBITaxon:1388533	5
NCBITaxon:1388534	5
NCBITaxon:1388535	5
NCBITaxon:1388536	5
NCBITaxon:1388537	5
NCBITaxon:1388538	5
NCBITaxon:1388539	5
NCBITaxon:1388540	5
NCBITaxon:1388541	5
NCBITaxon:1388542	5
NCBITaxon:1388543	5
NCBITaxon:1388544	5
NCBITaxon:1388545	5
NCBITaxon:1388546	5
NCBITaxon:1388547	5
NCBITaxon:1388548	5
NCBITaxon:1388549	5
NCBITaxon:1388550	5
NCBITaxon:1388551	5
NCBITaxon:1388552	5
NCBITaxon:1388553	5
NCBITaxon:1388554	5
NCBITaxon:1388555	5
NCBITaxon:1388556	5
NCBITaxon:1388557	5
NCBITaxon:1388558	5
NCBITaxon:1388559	5
NCBITaxon:1388560	5
NCBITaxon:1388561	5
NCBITaxon:1388562	5
NCBITaxon:1388563	5
NCBITaxon:1388564	5
NCBITaxon:1388565	5
NCBITaxon:1388566	5
NCBITaxon:1388567	5
NCBITaxon:1388568	5
NCBITaxon:1388569	5
NCBITaxon:1388570	5
NCBITaxon:1388571	5
NCBITaxon:1388573	5
NCBITaxon:1388574	5
NCBITaxon:1388575	5
NCBITaxon:1388576	5
NCBITaxon:1388577	5
NCBITaxon:1388578	5
NCBITaxon:1388579	5
NCBITaxon:1388580	5
NCBITaxon:1388581	5
NCBITaxon:1388582	5
NCBITaxon:1388583	5
NCBITaxon:1388584	5
NCBITaxon:1388585	5
NCBITaxon:1388586	5
NCBITaxon:1388587	5
NCBITaxon:1388588	5
NCBITaxon:1388589	5
NCBITaxon:1388590	5
NCBITaxon:1388591	5
NCBITaxon:1388592	5
NCBITaxon:1388593	5
NCBITaxon:1388594	5
NCBITaxon:1388595	5
NCBITaxon:1388596	5
NCBITaxon:1388597	5
NCBITaxon:1388598	5
NCBITaxon:1388599	5
NCBITaxon:1388600	5
NCBITaxon:1388601	5
NCBITaxon:1388602	5
NCBITaxon:1388603	5
NCBITaxon:1388604	5
NCBITaxon:1388605	5
NCBITaxon:1388606	5
NCBITaxon:1388607	5
NCBITaxon:1388608	5
NCBITaxon:1388609	5
NCBITaxon:1388610	5
NCBITaxon:1388611	5
NCBITaxon:1388612	5
NCBITaxon:1388613	5
NCBITaxon:1388614	5
NCBITaxon:1388615	5
NCBITaxon:1388616	5
NCBITaxon:1388617	5
NCBITaxon:1388618	5
NCBITaxon:1388619	5
NCBITaxon:1388620	5
NCBITaxon:1388621	5
NCBITaxon:1388622	5
NCBITaxon:1388623	5
NCBITaxon:1388624	5
NCBITaxon:1388625	5
NCBITaxon:1388626	5
NCBITaxon:1388627	5
NCBITaxon:1388628	5
NCBITaxon:1388629	5
NCBITaxon:1388630	5
NCBITaxon:1388631	5
NCBITaxon:1388632	5
NCBITaxon:1388633	5
NCBITaxon:1388634	5
NCBITaxon:1388635	5
NCBITaxon:1388636	5
NCBITaxon:1388637	5
NCBITaxon:1388638	5
NCBITaxon:1388639	5
NCBITaxon:1388640	5
NCBITaxon:1388641	5
NCBITaxon:1388642	5
NCBITaxon:1388643	5
NCBITaxon:1388644	5
NCBITaxon:1388645	5
NCBITaxon:1388646	5
NCBITaxon:1388647	5
NCBITaxon:1388648	5
NCBITaxon:1388649	5
NCBITaxon:1388650	5
NCBITaxon:1388651	5
NCBITaxon:1388652	5
NCBITaxon:1388653	5
NCBITaxon:1388654	5
NCBITaxon:1388655	5
NCBITaxon:1388656	5
NCBITaxon:1388657	5
NCBITaxon:1388658	5
NCBITaxon:1388659	5
NCBITaxon:1388660	5
NCBITaxon:1388661	5
NCBITaxon:1388662	5
NCBITaxon:1388663	5
NCBITaxon:1388664	5
NCBITaxon:1388665	5
NCBITaxon:1388666	5
NCBITaxon:1388667	5
NCBITaxon:1388668	5
NCBITaxon:1388669	5
NCBITaxon:1388670	5
NCBITaxon:1388671	5
NCBITaxon:1388672	5
NCBITaxon:1388673	5
NCBITaxon:1388674	5
NCBITaxon:1388675	5
NCBITaxon:1388676	5
NCBITaxon:1388677	5
NCBITaxon:1388678	5
NCBITaxon:1388679	5
NCBITaxon:1388680	5
NCBITaxon:1388681	5
NCBITaxon:1388682	5
NCBITaxon:1388683	5
NCBITaxon:1388684	5
NCBITaxon:1388685	5
NCBITaxon:1388686	5
NCBITaxon:1388687	5
NCBITaxon:1388688	5
NCBITaxon:1388689	5
NCBITaxon:1388690	5
NCBITaxon:1388691	5
NCBITaxon:1388692	5
NCBITaxon:1388693	5
NCBITaxon:1388694	5
NCBITaxon:1388695	5
NCBITaxon:1388696	5
NCBITaxon:1388697	5
NCBITaxon:1388698	5
NCBITaxon:1388699	5
NCBITaxon:1388700	5
NCBITaxon:1388701	5
NCBITaxon:1388702	5
NCBITaxon:1388703	5
NCBITaxon:1388704	5
NCBITaxon:1388705	5
NCBITaxon:1388706	5
NCBITaxon:1388707	5
NCBITaxon:1388708	5
NCBITaxon:1388709	5
NCBITaxon:1388710	5
NCBITaxon:1388711	5
NCBITaxon:1388712	5
NCBITaxon:1388713	5
NCBITaxon:1388714	5
NCBITaxon:1388716	5
NCBITaxon:1388717	5
NCBITaxon:1388718	5
NCBITaxon:1388719	5
NCBITaxon:1388720	5
NCBITaxon:1388721	5
NCBITaxon:1388722	5
NCBITaxon:1388723	5
NCBITaxon:1388725	5
NCBITaxon:1388726	5
NCBITaxon:1388727	5
NCBITaxon:1388728	5
NCBITaxon:1388729	5
NCBITaxon:1388730	5
NCBITaxon:1388731	5
NCBITaxon:1388732	5
NCBITaxon:1388733	5
NCBITaxon:1388734	5
NCBITaxon:1388735	5
NCBITaxon:1388747	3
NCBITaxon:1388748	3
NCBITaxon:1388749	5
NCBITaxon:1388750	5
NCBITaxon:1388751	5
NCBITaxon:1388752	5
NCBITaxon:1388753	5
NCBITaxon:1388758	3
NCBITaxon:1388760	7
NCBITaxon:1388761	3
NCBITaxon:1388762	7
NCBITaxon:1388763	7
NCBITaxon:138903	2
NCBITaxon:1389415	2
NCBITaxon:1389416	3
NCBITaxon:1389417	3
NCBITaxon:1389418	3
NCBITaxon:1389419	3
NCBITaxon:1389420	3
NCBITaxon:1389422	3
NCBITaxon:1389423	3
NCBITaxon:1389424	3
NCBITaxon:1389425	3
NCBITaxon:1389489	1
NCBITaxon:1389713	5
NCBITaxon:1389922	1
NCBITaxon:1389932	1
NCBITaxon:1389935	1
NCBITaxon:1389955	3
NCBITaxon:139	5
NCBITaxon:1390	8
NCBITaxon:1390075	3
NCBITaxon:1390076	3
NCBITaxon:1390077	3
NCBITaxon:1390078	3
NCBITaxon:1390079	2
NCBITaxon:1390080	3
NCBITaxon:1390081	3
NCBITaxon:1390082	3
NCBITaxon:1390083	3
NCBITaxon:1390084	3
NCBITaxon:139021	5
NCBITaxon:1390225	6
NCBITaxon:1390361	2
NCBITaxon:1390373	4
NCBITaxon:1390380	3
NCBITaxon:1390383	4
NCBITaxon:1390384	4
NCBITaxon:1390385	4
NCBITaxon:1390386	4
NCBITaxon:1391	5
NCBITaxon:1391464	2
NCBITaxon:1391627	1
NCBITaxon:1391653	1
NCBITaxon:1391654	1
NCBITaxon:1391990	1
NCBITaxon:1391991	1
NCBITaxon:1391992	2
NCBITaxon:1391993	3
NCBITaxon:1391994	3
NCBITaxon:1391995	3
NCBITaxon:1391996	3
NCBITaxon:1391997	2
NCBITaxon:1391998	3
NCBITaxon:1391999	3
NCBITaxon:1392	9
NCBITaxon:1392000	1
NCBITaxon:1392001	1
NCBITaxon:1392002	1
NCBITaxon:1392003	3
NCBITaxon:1392005	1
NCBITaxon:1392007	6
NCBITaxon:1392008	5
NCBITaxon:1392009	5
NCBITaxon:1392010	5
NCBITaxon:1392011	5
NCBITaxon:1392012	5
NCBITaxon:1392013	5
NCBITaxon:1392014	5
NCBITaxon:1392015	5
NCBITaxon:1392016	5
NCBITaxon:1392017	5
NCBITaxon:1392018	5
NCBITaxon:1392019	5
NCBITaxon:1392020	5
NCBITaxon:1392021	5
NCBITaxon:1392022	5
NCBITaxon:1392023	5
NCBITaxon:1392024	5
NCBITaxon:1392025	5
NCBITaxon:1392026	5
NCBITaxon:1392027	5
NCBITaxon:1392028	5
NCBITaxon:1392029	5
NCBITaxon:1392030	5
NCBITaxon:1392031	5
NCBITaxon:1392032	5
NCBITaxon:1392033	5
NCBITaxon:1392034	5
NCBITaxon:1392035	5
NCBITaxon:1392036	5
NCBITaxon:1392037	5
NCBITaxon:1392038	5
NCBITaxon:1392039	5
NCBITaxon:1392040	5
NCBITaxon:1392041	5
NCBITaxon:1392042	5
NCBITaxon:1392043	5
NCBITaxon:1392044	5
NCBITaxon:1392045	5
NCBITaxon:1392046	5
NCBITaxon:1392047	5
NCBITaxon:1392048	5
NCBITaxon:1392049	5
NCBITaxon:1392050	5
NCBITaxon:1392051	5
NCBITaxon:1392052	5
NCBITaxon:1392053	5
NCBITaxon:1392054	5
NCBITaxon:1392055	5
NCBITaxon:1392056	5
NCBITaxon:1392057	5
NCBITaxon:1392058	5
NCBITaxon:1392059	5
NCBITaxon:1392060	5
NCBITaxon:1392061	5
NCBITaxon:1392062	5
NCBITaxon:1392063	5
NCBITaxon:1392064	5
NCBITaxon:1392065	5
NCBITaxon:1392066	3
NCBITaxon:1392067	3
NCBITaxon:1392068	3
NCBITaxon:1392069	3
NCBITaxon:139207	4
NCBITaxon:1392070	3
NCBITaxon:1392071	3
NCBITaxon:1392072	3
NCBITaxon:1392073	3
NCBITaxon:1392074	3
NCBITaxon:1392075	3
NCBITaxon:1392076	3
NCBITaxon:1392077	3
NCBITaxon:1392078	3
NCBITaxon:1392079	3
NCBITaxon:139208	6
NCBITaxon:1392080	3
NCBITaxon:1392081	3
NCBITaxon:1392082	3
NCBITaxon:1392083	3
NCBITaxon:1392084	3
NCBITaxon:1392085	3
NCBITaxon:1392086	3
NCBITaxon:1392087	3
NCBITaxon:1392088	3
NCBITaxon:1392089	3
NCBITaxon:1392090	3
NCBITaxon:1392091	3
NCBITaxon:1392092	3
NCBITaxon:1392093	3
NCBITaxon:1392476	4
NCBITaxon:1392486	1
NCBITaxon:1392487	1
NCBITaxon:1392497	1
NCBITaxon:1392498	1
NCBITaxon:1392501	1
NCBITaxon:1392502	1
NCBITaxon:1392758	1
NCBITaxon:1392836	5
NCBITaxon:1392837	2
NCBITaxon:1392998	5
NCBITaxon:1393	8
NCBITaxon:1393701	3
NCBITaxon:1393702	3
NCBITaxon:1393703	3
NCBITaxon:1393704	3
NCBITaxon:1393705	3
NCBITaxon:1393706	3
NCBITaxon:1393707	3
NCBITaxon:1393708	3
NCBITaxon:1393709	3
NCBITaxon:1393710	3
NCBITaxon:1393711	3
NCBITaxon:1393712	3
NCBITaxon:1393713	3
NCBITaxon:1393714	3
NCBITaxon:1393715	3
NCBITaxon:1393716	3
NCBITaxon:1393717	5
NCBITaxon:1393718	5
NCBITaxon:1393719	5
NCBITaxon:1393720	5
NCBITaxon:1393721	5
NCBITaxon:1393722	5
NCBITaxon:1393723	5
NCBITaxon:1393724	5
NCBITaxon:1393725	5
NCBITaxon:1393726	5
NCBITaxon:1393727	5
NCBITaxon:1393728	5
NCBITaxon:1393729	5
NCBITaxon:1393730	5
NCBITaxon:1393731	5
NCBITaxon:1393732	5
NCBITaxon:1393733	5
NCBITaxon:1393734	5
NCBITaxon:1393735	6
NCBITaxon:1394178	2
NCBITaxon:1394180	2
NCBITaxon:139438	7
NCBITaxon:1394607	3
NCBITaxon:1394709	1
NCBITaxon:1394889	7
NCBITaxon:1395	1
NCBITaxon:1395101	1
NCBITaxon:1395103	1
NCBITaxon:1395125	5
NCBITaxon:1395513	1
NCBITaxon:1395516	5
NCBITaxon:1395571	4
NCBITaxon:1395574	7
NCBITaxon:1395575	7
NCBITaxon:1395579	2
NCBITaxon:1395580	2
NCBITaxon:1396	11
NCBITaxon:1396821	2
NCBITaxon:1396830	1
NCBITaxon:1397	4
NCBITaxon:1397108	3
NCBITaxon:1397368	1
NCBITaxon:1397476	2
NCBITaxon:1397477	1
NCBITaxon:1397666	6
NCBITaxon:1397668	6
NCBITaxon:1397689	3
NCBITaxon:1397693	1
NCBITaxon:1397694	1
NCBITaxon:1397696	1
NCBITaxon:1397697	1
NCBITaxon:1397699	5
NCBITaxon:1397700	1
NCBITaxon:1397701	3
NCBITaxon:1397996	3
NCBITaxon:1397997	3
NCBITaxon:1397998	3
NCBITaxon:1397999	3
NCBITaxon:1398	7
NCBITaxon:1398000	3
NCBITaxon:1398001	3
NCBITaxon:1398002	3
NCBITaxon:1398003	3
NCBITaxon:1398005	3
NCBITaxon:1398006	3
NCBITaxon:1398007	3
NCBITaxon:1398008	3
NCBITaxon:1398009	3
NCBITaxon:1398010	3
NCBITaxon:1398011	3
NCBITaxon:1398012	3
NCBITaxon:1398013	3
NCBITaxon:1398014	3
NCBITaxon:1398015	3
NCBITaxon:1398016	3
NCBITaxon:1398017	3
NCBITaxon:1398018	3
NCBITaxon:1398019	3
NCBITaxon:1398020	3
NCBITaxon:1398021	3
NCBITaxon:1398022	3
NCBITaxon:1398023	3
NCBITaxon:1398024	3
NCBITaxon:1398025	3
NCBITaxon:1398026	3
NCBITaxon:1398027	3
NCBITaxon:1398028	3
NCBITaxon:1398029	3
NCBITaxon:1398030	3
NCBITaxon:1398031	3
NCBITaxon:1398032	3
NCBITaxon:1398033	3
NCBITaxon:1398034	3
NCBITaxon:1398035	3
NCBITaxon:1398037	3
NCBITaxon:1398038	3
NCBITaxon:1398039	3
NCBITaxon:1398040	3
NCBITaxon:1398041	3
NCBITaxon:1398042	3
NCBITaxon:1398043	3
NCBITaxon:1398044	3
NCBITaxon:1398045	3
NCBITaxon:1398046	3
NCBITaxon:1398047	3
NCBITaxon:1398048	3
NCBITaxon:1398049	3
NCBITaxon:1398050	3
NCBITaxon:1398051	3
NCBITaxon:1398052	3
NCBITaxon:1398053	3
NCBITaxon:1398054	3
NCBITaxon:1398055	3
NCBITaxon:1398057	3
NCBITaxon:1398058	3
NCBITaxon:1398059	3
NCBITaxon:1398060	3
NCBITaxon:1398061	3
NCBITaxon:1398062	3
NCBITaxon:1398063	3
NCBITaxon:1398064	3
NCBITaxon:1398065	3
NCBITaxon:1398066	3
NCBITaxon:1398067	3
NCBITaxon:1398068	3
NCBITaxon:1398069	3
NCBITaxon:1398070	3
NCBITaxon:1398071	3
NCBITaxon:1398072	3
NCBITaxon:1398073	3
NCBITaxon:1398074	3
NCBITaxon:1398075	3
NCBITaxon:1398076	3
NCBITaxon:1398077	3
NCBITaxon:1398078	3
NCBITaxon:1398079	3
NCBITaxon:1398080	3
NCBITaxon:1398081	3
NCBITaxon:1398085	4
NCBITaxon:1398488	1
NCBITaxon:1398490	3
NCBITaxon:1398491	3
NCBITaxon:1398493	1
NCBITaxon:1399	2
NCBITaxon:1399115	3
NCBITaxon:1399144	5
NCBITaxon:1399145	4
NCBITaxon:1399146	4
NCBITaxon:1399771	5
NCBITaxon:1399772	5
NCBITaxon:1399793	2
NCBITaxon:1399794	1
NCBITaxon:1399795	1
NCBITaxon:1399796	1
NCBITaxon:1399797	1
NCBITaxon:1399798	1
NCBITaxon:14	4
NCBITaxon:140	4
NCBITaxon:1400053	3
NCBITaxon:1400148	5
NCBITaxon:1400520	3
NCBITaxon:1400522	4
NCBITaxon:1400525	1
NCBITaxon:140057	1
NCBITaxon:140058	1
NCBITaxon:1400797	7
NCBITaxon:1400798	7
NCBITaxon:1400799	3
NCBITaxon:1400800	3
NCBITaxon:1400801	3
NCBITaxon:1400802	3
NCBITaxon:1400803	3
NCBITaxon:1400804	3
NCBITaxon:1400805	3
NCBITaxon:1400806	3
NCBITaxon:1400807	3
NCBITaxon:1400808	3
NCBITaxon:1400822	2
NCBITaxon:1400823	2
NCBITaxon:1400825	2
NCBITaxon:1400868	6
NCBITaxon:1400869	7
NCBITaxon:1400979	1
NCBITaxon:1401	3
NCBITaxon:1401027	4
NCBITaxon:1401079	4
NCBITaxon:1401256	2
NCBITaxon:1401257	6
NCBITaxon:1401258	7
NCBITaxon:1401260	7
NCBITaxon:1401690	1
NCBITaxon:1402	12
NCBITaxon:1402135	1
NCBITaxon:1402137	13
NCBITaxon:1402207	5
NCBITaxon:1402208	5
NCBITaxon:1402213	3
NCBITaxon:1402214	3
NCBITaxon:1402562	1
NCBITaxon:1402603	5
NCBITaxon:1402604	5
NCBITaxon:1402605	5
NCBITaxon:1402606	5
NCBITaxon:1402607	5
NCBITaxon:1402608	5
NCBITaxon:1402609	3
NCBITaxon:1402610	3
NCBITaxon:1402611	3
NCBITaxon:1402612	3
NCBITaxon:1402613	3
NCBITaxon:1402614	3
NCBITaxon:1402615	3
NCBITaxon:1402616	3
NCBITaxon:1402617	3
NCBITaxon:1402618	3
NCBITaxon:1402619	3
NCBITaxon:1402620	3
NCBITaxon:1402621	3
NCBITaxon:1402622	3
NCBITaxon:1402623	3
NCBITaxon:1402624	3
NCBITaxon:1402625	3
NCBITaxon:1402626	3
NCBITaxon:1402627	3
NCBITaxon:1402628	3
NCBITaxon:1402629	3
NCBITaxon:1402630	3
NCBITaxon:1402631	3
NCBITaxon:1402632	3
NCBITaxon:1402633	3
NCBITaxon:1402634	3
NCBITaxon:1402635	3
NCBITaxon:1402636	3
NCBITaxon:1402637	3
NCBITaxon:1402638	3
NCBITaxon:1402639	3
NCBITaxon:1402640	3
NCBITaxon:1402641	3
NCBITaxon:1402642	3
NCBITaxon:1402643	3
NCBITaxon:1402644	3
NCBITaxon:1402645	3
NCBITaxon:1402646	3
NCBITaxon:1402647	3
NCBITaxon:1402648	3
NCBITaxon:1402649	3
NCBITaxon:1402650	3
NCBITaxon:1402651	3
NCBITaxon:1402652	3
NCBITaxon:1402653	3
NCBITaxon:1402654	3
NCBITaxon:1402655	3
NCBITaxon:1402656	3
NCBITaxon:1402657	3
NCBITaxon:1402658	3
NCBITaxon:1402659	3
NCBITaxon:1402660	3
NCBITaxon:1402661	3
NCBITaxon:1402662	3
NCBITaxon:1402663	3
NCBITaxon:1402664	3
NCBITaxon:1402665	3
NCBITaxon:1402666	3
NCBITaxon:1402667	3
NCBITaxon:1402668	3
NCBITaxon:1402669	3
NCBITaxon:1402670	3
NCBITaxon:1402671	3
NCBITaxon:1402672	3
NCBITaxon:1402673	3
NCBITaxon:1402674	3
NCBITaxon:1402675	3
NCBITaxon:1402676	3
NCBITaxon:1402677	3
NCBITaxon:1402678	3
NCBITaxon:1402679	3
NCBITaxon:1402680	3
NCBITaxon:1402681	3
NCBITaxon:1402682	3
NCBITaxon:1402683	3
NCBITaxon:1402684	3
NCBITaxon:1402685	3
NCBITaxon:1402686	3
NCBITaxon:1402687	3
NCBITaxon:1402688	3
NCBITaxon:1402689	3
NCBITaxon:1402690	3
NCBITaxon:1402691	3
NCBITaxon:1402692	3
NCBITaxon:1402693	3
NCBITaxon:1402695	3
NCBITaxon:1402696	3
NCBITaxon:1402697	3
NCBITaxon:1402698	3
NCBITaxon:1402699	3
NCBITaxon:1402700	3
NCBITaxon:1402701	3
NCBITaxon:1402702	3
NCBITaxon:1402703	3
NCBITaxon:1402704	3
NCBITaxon:1402705	3
NCBITaxon:1402706	3
NCBITaxon:1402707	3
NCBITaxon:1402708	3
NCBITaxon:1402709	3
NCBITaxon:1402710	3
NCBITaxon:1402711	3
NCBITaxon:1402712	3
NCBITaxon:1402713	3
NCBITaxon:1402714	3
NCBITaxon:1402715	3
NCBITaxon:1402716	3
NCBITaxon:1402717	3
NCBITaxon:1402718	3
NCBITaxon:1402719	3
NCBITaxon:1402720	3
NCBITaxon:1402721	3
NCBITaxon:1402722	3
NCBITaxon:1402723	3
NCBITaxon:1402724	3
NCBITaxon:1402725	3
NCBITaxon:1402726	3
NCBITaxon:1402727	3
NCBITaxon:1402728	3
NCBITaxon:1402729	3
NCBITaxon:1402730	3
NCBITaxon:1402731	3
NCBITaxon:1402732	3
NCBITaxon:1402733	3
NCBITaxon:1402734	3
NCBITaxon:1402735	3
NCBITaxon:1402736	3
NCBITaxon:1402737	3
NCBITaxon:1402738	3
NCBITaxon:1402739	3
NCBITaxon:1402740	3
NCBITaxon:1402741	3
NCBITaxon:1402742	3
NCBITaxon:1402743	3
NCBITaxon:1402744	3
NCBITaxon:1402745	3
NCBITaxon:1402746	3
NCBITaxon:1402747	3
NCBITaxon:1402748	3
NCBITaxon:1402749	3
NCBITaxon:1402750	3
NCBITaxon:1402751	3
NCBITaxon:1402752	3
NCBITaxon:1402753	3
NCBITaxon:1402754	3
NCBITaxon:1402755	3
NCBITaxon:1402756	3
NCBITaxon:1402757	3
NCBITaxon:1402758	3
NCBITaxon:1402759	3
NCBITaxon:1402760	3
NCBITaxon:1402761	3
NCBITaxon:1402762	3
NCBITaxon:1402763	3
NCBITaxon:1402764	3
NCBITaxon:1402765	3
NCBITaxon:1402766	3
NCBITaxon:1402767	3
NCBITaxon:1402768	3
NCBITaxon:1402769	3
NCBITaxon:1402770	3
NCBITaxon:1402771	3
NCBITaxon:1402772	3
NCBITaxon:1402773	3
NCBITaxon:1402774	3
NCBITaxon:1402775	3
NCBITaxon:1402776	3
NCBITaxon:1402777	3
NCBITaxon:1402778	3
NCBITaxon:1402779	3
NCBITaxon:1402780	3
NCBITaxon:1402781	3
NCBITaxon:1402782	3
NCBITaxon:1402783	3
NCBITaxon:1402784	3
NCBITaxon:1402785	3
NCBITaxon:1402786	3
NCBITaxon:1402787	3
NCBITaxon:1402788	3
NCBITaxon:1402789	3
NCBITaxon:1402790	3
NCBITaxon:1402791	3
NCBITaxon:1402792	3
NCBITaxon:1402793	3
NCBITaxon:1402794	3
NCBITaxon:1402795	3
NCBITaxon:1402796	3
NCBITaxon:1402797	3
NCBITaxon:1402798	3
NCBITaxon:1402799	3
NCBITaxon:1402800	3
NCBITaxon:1402801	3
NCBITaxon:1402802	3
NCBITaxon:1402803	3
NCBITaxon:1402804	3
NCBITaxon:1402805	3
NCBITaxon:1402806	3
NCBITaxon:1402807	3
NCBITaxon:1402808	3
NCBITaxon:1402809	3
NCBITaxon:1402810	3
NCBITaxon:1402811	3
NCBITaxon:1402812	3
NCBITaxon:1402813	3
NCBITaxon:1402814	3
NCBITaxon:1402966	1
NCBITaxon:1402967	1
NCBITaxon:1403053	3
NCBITaxon:140314	3
NCBITaxon:1403243	9
NCBITaxon:1403274	14
NCBITaxon:1403316	2
NCBITaxon:1403335	5
NCBITaxon:1403336	5
NCBITaxon:1403338	5
NCBITaxon:1403339	1
NCBITaxon:1403343	4
NCBITaxon:1403344	2
NCBITaxon:1403346	1
NCBITaxon:1403347	3
NCBITaxon:1403537	5
NCBITaxon:1403539	1
NCBITaxon:1403540	6
NCBITaxon:1403542	2
NCBITaxon:1403566	14
NCBITaxon:1403836	3
NCBITaxon:1403837	3
NCBITaxon:1403838	3
NCBITaxon:1403839	3
NCBITaxon:1403840	3
NCBITaxon:1403841	3
NCBITaxon:1403842	3
NCBITaxon:1403843	3
NCBITaxon:1403844	3
NCBITaxon:1403845	3
NCBITaxon:1403846	3
NCBITaxon:1403847	3
NCBITaxon:1403848	3
NCBITaxon:1403849	3
NCBITaxon:1403850	3
NCBITaxon:1403851	3
NCBITaxon:1403852	3
NCBITaxon:1403853	3
NCBITaxon:1403854	3
NCBITaxon:1403855	3
NCBITaxon:1403856	3
NCBITaxon:1403857	3
NCBITaxon:1403858	3
NCBITaxon:1403859	3
NCBITaxon:1403860	3
NCBITaxon:1403861	3
NCBITaxon:1403862	3
NCBITaxon:1403863	3
NCBITaxon:1403864	3
NCBITaxon:1403865	3
NCBITaxon:1403866	3
NCBITaxon:1403867	3
NCBITaxon:1403868	3
NCBITaxon:1403869	3
NCBITaxon:1403870	3
NCBITaxon:1403871	3
NCBITaxon:1403872	3
NCBITaxon:1403873	3
NCBITaxon:1403874	3
NCBITaxon:1403875	3
NCBITaxon:1403876	3
NCBITaxon:1403877	3
NCBITaxon:1403878	3
NCBITaxon:1403879	3
NCBITaxon:1403880	3
NCBITaxon:1403882	3
NCBITaxon:1403883	3
NCBITaxon:1403884	3
NCBITaxon:1403885	3
NCBITaxon:1403886	3
NCBITaxon:1403887	3
NCBITaxon:1403888	3
NCBITaxon:1403889	3
NCBITaxon:1403890	3
NCBITaxon:1403891	3
NCBITaxon:1403892	3
NCBITaxon:1403893	3
NCBITaxon:1403894	3
NCBITaxon:1403895	3
NCBITaxon:1403896	3
NCBITaxon:1403897	3
NCBITaxon:1403898	3
NCBITaxon:1403899	3
NCBITaxon:1403900	3
NCBITaxon:1403901	3
NCBITaxon:1403902	3
NCBITaxon:1403903	3
NCBITaxon:1403904	3
NCBITaxon:1403905	3
NCBITaxon:1403906	3
NCBITaxon:1403907	3
NCBITaxon:1403908	3
NCBITaxon:1403909	3
NCBITaxon:1403910	3
NCBITaxon:1403911	3
NCBITaxon:1403912	3
NCBITaxon:1403913	3
NCBITaxon:1403914	3
NCBITaxon:1403915	3
NCBITaxon:1403916	3
NCBITaxon:1403917	3
NCBITaxon:1403918	3
NCBITaxon:1403920	3
NCBITaxon:1403921	3
NCBITaxon:1403922	3
NCBITaxon:1403923	3
NCBITaxon:1403924	3
NCBITaxon:1403925	3
NCBITaxon:1403926	3
NCBITaxon:1403927	3
NCBITaxon:1403928	3
NCBITaxon:1403929	3
NCBITaxon:1403930	3
NCBITaxon:1403931	3
NCBITaxon:1404	8
NCBITaxon:1404245	7
NCBITaxon:1404261	2
NCBITaxon:1404262	3
NCBITaxon:1404341	9
NCBITaxon:1405	8
NCBITaxon:1405120	1
NCBITaxon:1405292	2
NCBITaxon:1405293	2
NCBITaxon:1405294	2
NCBITaxon:1405295	2
NCBITaxon:1405396	2
NCBITaxon:1405498	5
NCBITaxon:1406	8
NCBITaxon:1406225	2
NCBITaxon:140626	2
NCBITaxon:1406314	9
NCBITaxon:1406378	2
NCBITaxon:1406512	1
NCBITaxon:1406823	5
NCBITaxon:1406840	1
NCBITaxon:1406857	1
NCBITaxon:1406860	6
NCBITaxon:1406866	5
NCBITaxon:1406906	1
NCBITaxon:1407	2
NCBITaxon:1407053	4
NCBITaxon:1407059	4
NCBITaxon:1407067	3
NCBITaxon:1408	10
NCBITaxon:1408159	7
NCBITaxon:1408160	7
NCBITaxon:1408169	2
NCBITaxon:1408176	4
NCBITaxon:1408177	2
NCBITaxon:1408180	4
NCBITaxon:1408184	2
NCBITaxon:1408185	2
NCBITaxon:1408186	2
NCBITaxon:1408189	5
NCBITaxon:1408191	8
NCBITaxon:1408193	4
NCBITaxon:1408206	3
NCBITaxon:1408207	3
NCBITaxon:1408208	2
NCBITaxon:1408223	6
NCBITaxon:1408224	6
NCBITaxon:1408250	1
NCBITaxon:1408264	4
NCBITaxon:1408268	4
NCBITaxon:1408281	3
NCBITaxon:1408283	4
NCBITaxon:1408284	4
NCBITaxon:1408285	4
NCBITaxon:1408303	1
NCBITaxon:1408304	1
NCBITaxon:1408305	1
NCBITaxon:1408306	1
NCBITaxon:1408309	1
NCBITaxon:1408310	1
NCBITaxon:1408318	2
NCBITaxon:1408360	1
NCBITaxon:1408415	1
NCBITaxon:1408416	1
NCBITaxon:1408417	1
NCBITaxon:1408418	1
NCBITaxon:1408419	1
NCBITaxon:1408420	1
NCBITaxon:1408421	1
NCBITaxon:1408422	1
NCBITaxon:1408423	1
NCBITaxon:1408424	1
NCBITaxon:1408425	1
NCBITaxon:1408428	1
NCBITaxon:1408429	1
NCBITaxon:1408430	1
NCBITaxon:1408431	1
NCBITaxon:1408433	1
NCBITaxon:1408435	1
NCBITaxon:1408436	1
NCBITaxon:1408437	1
NCBITaxon:1408438	1
NCBITaxon:1408439	1
NCBITaxon:1408440	1
NCBITaxon:1408441	1
NCBITaxon:1408442	1
NCBITaxon:1408444	1
NCBITaxon:1408445	4
NCBITaxon:1408446	1
NCBITaxon:1408447	1
NCBITaxon:1408448	1
NCBITaxon:1408449	1
NCBITaxon:1408452	1
NCBITaxon:1408453	1
NCBITaxon:1408454	1
NCBITaxon:1408455	1
NCBITaxon:1408456	1
NCBITaxon:1408457	1
NCBITaxon:1408458	1
NCBITaxon:1408459	1
NCBITaxon:1408460	1
NCBITaxon:1408461	1
NCBITaxon:1408462	1
NCBITaxon:1408463	1
NCBITaxon:1408464	1
NCBITaxon:1408465	1
NCBITaxon:1408466	1
NCBITaxon:1408467	1
NCBITaxon:1408468	1
NCBITaxon:1408469	1
NCBITaxon:1408470	1
NCBITaxon:1408471	1
NCBITaxon:1408472	1
NCBITaxon:1408473	1
NCBITaxon:1408475	1
NCBITaxon:1408476	1
NCBITaxon:1408477	1
NCBITaxon:1408478	1
NCBITaxon:1408819	18
NCBITaxon:1408823	2
NCBITaxon:1408833	5
NCBITaxon:1408887	2
NCBITaxon:140892	1
NCBITaxon:1409	5
NCBITaxon:1409360	3
NCBITaxon:1409361	3
NCBITaxon:1409362	3
NCBITaxon:1409363	3
NCBITaxon:1409364	3
NCBITaxon:1409365	3
NCBITaxon:1409366	3
NCBITaxon:1409367	3
NCBITaxon:1409368	3
NCBITaxon:1409369	3
NCBITaxon:1409370	3
NCBITaxon:1409371	3
NCBITaxon:1409372	3
NCBITaxon:1409373	3
NCBITaxon:1409374	3
NCBITaxon:1409375	3
NCBITaxon:1409376	3
NCBITaxon:1409377	3
NCBITaxon:1409378	3
NCBITaxon:1409379	3
NCBITaxon:1409380	3
NCBITaxon:1409381	3
NCBITaxon:1409382	3
NCBITaxon:1409383	3
NCBITaxon:1409384	3
NCBITaxon:1409385	3
NCBITaxon:1409386	3
NCBITaxon:1409387	3
NCBITaxon:1409388	3
NCBITaxon:1409389	3
NCBITaxon:1409390	3
NCBITaxon:1409391	3
NCBITaxon:1409392	3
NCBITaxon:1409393	3
NCBITaxon:1409394	3
NCBITaxon:1409395	3
NCBITaxon:1409396	3
NCBITaxon:1409397	3
NCBITaxon:1409398	3
NCBITaxon:1409399	3
NCBITaxon:1409400	3
NCBITaxon:1409401	3
NCBITaxon:1409402	3
NCBITaxon:1409403	3
NCBITaxon:1409404	3
NCBITaxon:1409406	3
NCBITaxon:1409407	3
NCBITaxon:1409408	3
NCBITaxon:1409409	3
NCBITaxon:1409410	3
NCBITaxon:1409411	3
NCBITaxon:1409412	3
NCBITaxon:1409413	3
NCBITaxon:1409414	3
NCBITaxon:1409415	3
NCBITaxon:1409416	3
NCBITaxon:1409417	3
NCBITaxon:1409418	3
NCBITaxon:1409419	3
NCBITaxon:1409420	3
NCBITaxon:1409421	3
NCBITaxon:1409422	3
NCBITaxon:1409423	3
NCBITaxon:1409424	3
NCBITaxon:1409425	3
NCBITaxon:1409426	3
NCBITaxon:1409427	3
NCBITaxon:1409428	3
NCBITaxon:1409429	3
NCBITaxon:1409430	3
NCBITaxon:1409431	3
NCBITaxon:1409432	3
NCBITaxon:1409433	3
NCBITaxon:1409434	3
NCBITaxon:1409435	3
NCBITaxon:1409437	3
NCBITaxon:1409438	3
NCBITaxon:1409439	3
NCBITaxon:1409440	3
NCBITaxon:1409441	3
NCBITaxon:1409442	3
NCBITaxon:1409443	3
NCBITaxon:1409444	3
NCBITaxon:1409445	3
NCBITaxon:1409446	3
NCBITaxon:1409447	3
NCBITaxon:1409448	3
NCBITaxon:1409449	3
NCBITaxon:1409450	3
NCBITaxon:1409451	3
NCBITaxon:1409452	3
NCBITaxon:1409453	3
NCBITaxon:1409454	3
NCBITaxon:1409455	3
NCBITaxon:1409456	3
NCBITaxon:1409457	3
NCBITaxon:1409458	3
NCBITaxon:1409459	3
NCBITaxon:1409460	3
NCBITaxon:1409461	3
NCBITaxon:1409462	3
NCBITaxon:1409463	3
NCBITaxon:1409464	3
NCBITaxon:1409465	3
NCBITaxon:1409466	3
NCBITaxon:1409467	3
NCBITaxon:1409468	3
NCBITaxon:1409469	3
NCBITaxon:1409470	3
NCBITaxon:1409471	3
NCBITaxon:1409472	3
NCBITaxon:1409473	3
NCBITaxon:1409474	3
NCBITaxon:1409475	3
NCBITaxon:1409476	3
NCBITaxon:1409477	3
NCBITaxon:1409478	3
NCBITaxon:1409479	3
NCBITaxon:1409480	3
NCBITaxon:1409481	3
NCBITaxon:1409482	3
NCBITaxon:1409483	3
NCBITaxon:1409484	3
NCBITaxon:1409485	3
NCBITaxon:1409486	3
NCBITaxon:1409487	3
NCBITaxon:1409488	3
NCBITaxon:1409489	3
NCBITaxon:1409490	3
NCBITaxon:1409491	3
NCBITaxon:1409492	3
NCBITaxon:1409493	3
NCBITaxon:1409494	3
NCBITaxon:1409495	3
NCBITaxon:1409496	3
NCBITaxon:1409497	3
NCBITaxon:1409498	3
NCBITaxon:1409499	3
NCBITaxon:1409500	3
NCBITaxon:1409501	3
NCBITaxon:1409502	3
NCBITaxon:1409503	3
NCBITaxon:1409504	3
NCBITaxon:1409505	3
NCBITaxon:1409506	3
NCBITaxon:1409507	3
NCBITaxon:1409508	3
NCBITaxon:1409509	3
NCBITaxon:1409510	3
NCBITaxon:1409511	3
NCBITaxon:1409512	3
NCBITaxon:1409513	3
NCBITaxon:1409514	3
NCBITaxon:1409515	3
NCBITaxon:1409516	3
NCBITaxon:1409517	3
NCBITaxon:1409518	3
NCBITaxon:1409519	3
NCBITaxon:1409521	3
NCBITaxon:1409522	3
NCBITaxon:1409523	3
NCBITaxon:1409524	3
NCBITaxon:1409525	3
NCBITaxon:1409526	3
NCBITaxon:1409527	3
NCBITaxon:1409528	3
NCBITaxon:1409529	3
NCBITaxon:1409530	3
NCBITaxon:1409531	3
NCBITaxon:1409532	3
NCBITaxon:1409533	3
NCBITaxon:1409534	3
NCBITaxon:1409535	3
NCBITaxon:1409536	3
NCBITaxon:1409537	3
NCBITaxon:1409538	3
NCBITaxon:1409539	3
NCBITaxon:1409540	3
NCBITaxon:1409541	3
NCBITaxon:1409542	3
NCBITaxon:1409543	3
NCBITaxon:1409544	3
NCBITaxon:1409545	3
NCBITaxon:1409546	3
NCBITaxon:1409547	3
NCBITaxon:1409548	3
NCBITaxon:1409549	3
NCBITaxon:1409550	3
NCBITaxon:1409551	3
NCBITaxon:1409552	3
NCBITaxon:1409553	3
NCBITaxon:1409554	3
NCBITaxon:1409555	3
NCBITaxon:1409556	3
NCBITaxon:1409557	3
NCBITaxon:1409558	3
NCBITaxon:1409559	3
NCBITaxon:1409560	3
NCBITaxon:1409561	3
NCBITaxon:1409562	3
NCBITaxon:1409563	3
NCBITaxon:1409564	3
NCBITaxon:1409565	3
NCBITaxon:1409566	3
NCBITaxon:1409567	3
NCBITaxon:1409568	3
NCBITaxon:1409569	3
NCBITaxon:1409570	3
NCBITaxon:1409571	3
NCBITaxon:1409572	3
NCBITaxon:1409573	3
NCBITaxon:1409574	3
NCBITaxon:1409575	3
NCBITaxon:1409576	3
NCBITaxon:1409577	3
NCBITaxon:1409578	3
NCBITaxon:1409579	3
NCBITaxon:1409580	3
NCBITaxon:1409581	3
NCBITaxon:1409582	3
NCBITaxon:1409583	3
NCBITaxon:1409584	3
NCBITaxon:1409585	3
NCBITaxon:1409586	3
NCBITaxon:1409587	3
NCBITaxon:1409588	3
NCBITaxon:1409589	3
NCBITaxon:1409590	3
NCBITaxon:1409591	3
NCBITaxon:1409592	3
NCBITaxon:1409593	3
NCBITaxon:1409594	3
NCBITaxon:1409595	3
NCBITaxon:1409596	3
NCBITaxon:1409597	3
NCBITaxon:1409598	3
NCBITaxon:1409599	3
NCBITaxon:1409600	3
NCBITaxon:1409601	3
NCBITaxon:1409602	3
NCBITaxon:1409603	3
NCBITaxon:1409604	3
NCBITaxon:1409605	3
NCBITaxon:1409606	3
NCBITaxon:1409607	3
NCBITaxon:1409608	3
NCBITaxon:1409609	3
NCBITaxon:1409610	3
NCBITaxon:1409611	3
NCBITaxon:1409612	3
NCBITaxon:1409613	3
NCBITaxon:1409614	3
NCBITaxon:1409615	3
NCBITaxon:1409616	3
NCBITaxon:1409617	3
NCBITaxon:1409618	3
NCBITaxon:1409619	3
NCBITaxon:1409620	3
NCBITaxon:1409621	3
NCBITaxon:1409622	3
NCBITaxon:1409623	3
NCBITaxon:1409624	3
NCBITaxon:1409625	3
NCBITaxon:1409626	3
NCBITaxon:1409627	3
NCBITaxon:1409628	3
NCBITaxon:1409629	3
NCBITaxon:1409630	3
NCBITaxon:1409631	3
NCBITaxon:1409632	3
NCBITaxon:1409633	3
NCBITaxon:1409634	3
NCBITaxon:1409635	3
NCBITaxon:1409636	3
NCBITaxon:1409637	3
NCBITaxon:1409638	3
NCBITaxon:1409639	3
NCBITaxon:1409640	3
NCBITaxon:1409641	3
NCBITaxon:1409642	3
NCBITaxon:1409643	3
NCBITaxon:1409644	3
NCBITaxon:1409645	3
NCBITaxon:1409646	3
NCBITaxon:1409647	3
NCBITaxon:1409648	3
NCBITaxon:1409649	3
NCBITaxon:1409650	3
NCBITaxon:1409651	3
NCBITaxon:1409652	3
NCBITaxon:1409653	3
NCBITaxon:1409654	3
NCBITaxon:1409655	3
NCBITaxon:1409656	3
NCBITaxon:1409657	3
NCBITaxon:1409658	3
NCBITaxon:1409659	3
NCBITaxon:1409660	3
NCBITaxon:1409661	3
NCBITaxon:1409662	3
NCBITaxon:1409663	3
NCBITaxon:1409664	3
NCBITaxon:1409665	3
NCBITaxon:1409666	3
NCBITaxon:1409667	3
NCBITaxon:1409668	3
NCBITaxon:1409669	3
NCBITaxon:1409670	3
NCBITaxon:1409671	3
NCBITaxon:1409672	3
NCBITaxon:1409673	3
NCBITaxon:1409674	3
NCBITaxon:1409675	3
NCBITaxon:1409676	3
NCBITaxon:1409677	3
NCBITaxon:1409678	3
NCBITaxon:1409679	5
NCBITaxon:1409680	3
NCBITaxon:1409681	3
NCBITaxon:1409682	3
NCBITaxon:1409683	3
NCBITaxon:1409684	3
NCBITaxon:1409685	3
NCBITaxon:1409686	3
NCBITaxon:1409687	3
NCBITaxon:1409688	3
NCBITaxon:1409689	3
NCBITaxon:1409690	3
NCBITaxon:1409691	3
NCBITaxon:1409692	3
NCBITaxon:1409693	3
NCBITaxon:1409694	3
NCBITaxon:1409695	3
NCBITaxon:1409696	3
NCBITaxon:1409697	3
NCBITaxon:1409698	3
NCBITaxon:1409699	3
NCBITaxon:1409700	3
NCBITaxon:1409701	3
NCBITaxon:1409702	3
NCBITaxon:1409703	3
NCBITaxon:1409704	3
NCBITaxon:1409705	3
NCBITaxon:1409706	3
NCBITaxon:1409707	3
NCBITaxon:1409708	3
NCBITaxon:1409709	3
NCBITaxon:1409710	3
NCBITaxon:1409711	3
NCBITaxon:1409712	3
NCBITaxon:1409713	3
NCBITaxon:1409714	3
NCBITaxon:1409715	3
NCBITaxon:1409716	3
NCBITaxon:1409717	3
NCBITaxon:1409718	3
NCBITaxon:1409719	3
NCBITaxon:1409720	3
NCBITaxon:1409721	3
NCBITaxon:1409722	3
NCBITaxon:1409723	3
NCBITaxon:1409724	3
NCBITaxon:1409725	3
NCBITaxon:1409726	3
NCBITaxon:1409727	3
NCBITaxon:1409728	3
NCBITaxon:1409729	3
NCBITaxon:1409730	3
NCBITaxon:1409731	3
NCBITaxon:1409732	3
NCBITaxon:1409733	3
NCBITaxon:1409734	3
NCBITaxon:1409735	3
NCBITaxon:1409736	3
NCBITaxon:1409737	3
NCBITaxon:1409738	3
NCBITaxon:1409739	3
NCBITaxon:1409740	3
NCBITaxon:1409741	3
NCBITaxon:1409742	3
NCBITaxon:1409743	3
NCBITaxon:1409744	3
NCBITaxon:1409745	3
NCBITaxon:1409746	3
NCBITaxon:1409747	3
NCBITaxon:1409748	3
NCBITaxon:1409749	3
NCBITaxon:1409750	3
NCBITaxon:1409751	3
NCBITaxon:1409752	3
NCBITaxon:1409753	3
NCBITaxon:1409754	3
NCBITaxon:1409755	3
NCBITaxon:1409756	3
NCBITaxon:1409757	3
NCBITaxon:1409758	3
NCBITaxon:1409760	3
NCBITaxon:1409761	3
NCBITaxon:1409762	3
NCBITaxon:1409763	3
NCBITaxon:1409764	3
NCBITaxon:1409765	3
NCBITaxon:1409766	3
NCBITaxon:1409767	3
NCBITaxon:1409773	3
NCBITaxon:1409774	3
NCBITaxon:1409775	3
NCBITaxon:1409776	3
NCBITaxon:1409777	3
NCBITaxon:1409778	3
NCBITaxon:1409779	3
NCBITaxon:1409780	3
NCBITaxon:1409781	3
NCBITaxon:1409782	3
NCBITaxon:1409783	3
NCBITaxon:1409784	3
NCBITaxon:1409785	3
NCBITaxon:1409926	1
NCBITaxon:141	1
NCBITaxon:1410384	2
NCBITaxon:1410573	2
NCBITaxon:1410574	2
NCBITaxon:1410575	2
NCBITaxon:1410576	2
NCBITaxon:1410605	1
NCBITaxon:1410606	3
NCBITaxon:1410619	2
NCBITaxon:1410620	4
NCBITaxon:1410645	1
NCBITaxon:1410646	1
NCBITaxon:1410647	1
NCBITaxon:1410649	1
NCBITaxon:1410651	1
NCBITaxon:1410653	1
NCBITaxon:1410655	7
NCBITaxon:1410657	1
NCBITaxon:1410664	1
NCBITaxon:1410665	5
NCBITaxon:1410674	5
NCBITaxon:1410681	6
NCBITaxon:1410684	5
NCBITaxon:1410685	5
NCBITaxon:1410686	5
NCBITaxon:1410687	5
NCBITaxon:1410688	5
NCBITaxon:1410689	5
NCBITaxon:1410690	3
NCBITaxon:1410691	3
NCBITaxon:1410692	3
NCBITaxon:1410693	3
NCBITaxon:1410694	3
NCBITaxon:1410695	5
NCBITaxon:1410696	5
NCBITaxon:1410697	5
NCBITaxon:1410699	5
NCBITaxon:1410700	5
NCBITaxon:1410702	5
NCBITaxon:1410703	3
NCBITaxon:1410704	5
NCBITaxon:1410705	5
NCBITaxon:1410706	3
NCBITaxon:1410707	3
NCBITaxon:1410708	3
NCBITaxon:1410709	5
NCBITaxon:1410710	5
NCBITaxon:1410711	5
NCBITaxon:1410712	5
NCBITaxon:1410713	5
NCBITaxon:1410714	5
NCBITaxon:1410715	5
NCBITaxon:1410717	5
NCBITaxon:1410718	5
NCBITaxon:1410719	5
NCBITaxon:1410720	5
NCBITaxon:1410721	5
NCBITaxon:1410723	3
NCBITaxon:1410724	5
NCBITaxon:1410725	3
NCBITaxon:1410726	3
NCBITaxon:1410727	3
NCBITaxon:1410728	3
NCBITaxon:1410729	3
NCBITaxon:1410730	5
NCBITaxon:1410731	3
NCBITaxon:1410732	5
NCBITaxon:1410733	5
NCBITaxon:1410734	3
NCBITaxon:1410735	3
NCBITaxon:1410736	3
NCBITaxon:1410737	5
NCBITaxon:1410738	5
NCBITaxon:1410739	5
NCBITaxon:1410740	5
NCBITaxon:1410741	5
NCBITaxon:1410742	5
NCBITaxon:1410743	5
NCBITaxon:1410744	5
NCBITaxon:1410745	3
NCBITaxon:1410746	3
NCBITaxon:1410747	3
NCBITaxon:1410748	5
NCBITaxon:1410749	5
NCBITaxon:1410750	5
NCBITaxon:1410751	5
NCBITaxon:1410752	5
NCBITaxon:1410753	5
NCBITaxon:1410754	5
NCBITaxon:1410755	5
NCBITaxon:1410756	5
NCBITaxon:1410757	5
NCBITaxon:1410758	5
NCBITaxon:1410759	5
NCBITaxon:1410760	5
NCBITaxon:1410761	5
NCBITaxon:1410762	5
NCBITaxon:1410763	5
NCBITaxon:1410764	5
NCBITaxon:1410765	5
NCBITaxon:1410766	5
NCBITaxon:1410767	5
NCBITaxon:1410768	5
NCBITaxon:1410769	3
NCBITaxon:1410770	5
NCBITaxon:1410771	5
NCBITaxon:1410772	5
NCBITaxon:1410773	3
NCBITaxon:1410774	5
NCBITaxon:1410775	5
NCBITaxon:1410776	3
NCBITaxon:1410777	3
NCBITaxon:1410778	5
NCBITaxon:1410779	3
NCBITaxon:1410780	3
NCBITaxon:1410781	3
NCBITaxon:1410782	5
NCBITaxon:1410783	5
NCBITaxon:1410784	5
NCBITaxon:1410785	5
NCBITaxon:1410786	5
NCBITaxon:1410787	5
NCBITaxon:1410788	5
NCBITaxon:1410789	3
NCBITaxon:1410790	3
NCBITaxon:1410791	3
NCBITaxon:1410792	5
NCBITaxon:1410793	5
NCBITaxon:1410794	3
NCBITaxon:1410795	3
NCBITaxon:1410796	3
NCBITaxon:1410797	3
NCBITaxon:1410798	5
NCBITaxon:1410799	5
NCBITaxon:1410800	5
NCBITaxon:1410801	3
NCBITaxon:1410802	3
NCBITaxon:1410803	3
NCBITaxon:1410804	3
NCBITaxon:1410805	5
NCBITaxon:1410806	5
NCBITaxon:1410807	5
NCBITaxon:1410808	5
NCBITaxon:1410809	3
NCBITaxon:1410810	3
NCBITaxon:1410811	3
NCBITaxon:1410812	3
NCBITaxon:1410813	3
NCBITaxon:1410814	5
NCBITaxon:1410815	5
NCBITaxon:1410816	5
NCBITaxon:1410817	5
NCBITaxon:1410818	5
NCBITaxon:1410819	5
NCBITaxon:1410820	3
NCBITaxon:1410821	3
NCBITaxon:1410822	3
NCBITaxon:1410823	3
NCBITaxon:1410824	5
NCBITaxon:1410825	5
NCBITaxon:1410826	5
NCBITaxon:1410827	3
NCBITaxon:1410828	5
NCBITaxon:1410829	3
NCBITaxon:1410830	5
NCBITaxon:1410831	3
NCBITaxon:1410832	3
NCBITaxon:1410833	3
NCBITaxon:1410834	3
NCBITaxon:1410835	3
NCBITaxon:1410836	5
NCBITaxon:1410837	3
NCBITaxon:1410838	3
NCBITaxon:1410839	3
NCBITaxon:1410840	3
NCBITaxon:1410841	3
NCBITaxon:1410842	3
NCBITaxon:1410843	3
NCBITaxon:1410844	5
NCBITaxon:1410845	5
NCBITaxon:1410846	5
NCBITaxon:1410847	5
NCBITaxon:1410848	3
NCBITaxon:1410849	3
NCBITaxon:1410850	3
NCBITaxon:1410851	3
NCBITaxon:1410852	3
NCBITaxon:1410853	3
NCBITaxon:1410854	5
NCBITaxon:1410855	5
NCBITaxon:1410856	3
NCBITaxon:1410857	3
NCBITaxon:1410858	5
NCBITaxon:1410859	3
NCBITaxon:1410860	5
NCBITaxon:1410861	5
NCBITaxon:1410862	3
NCBITaxon:1410863	3
NCBITaxon:1410865	5
NCBITaxon:1410866	5
NCBITaxon:1410867	3
NCBITaxon:1410868	3
NCBITaxon:1410869	3
NCBITaxon:1410870	5
NCBITaxon:1410871	5
NCBITaxon:1410872	5
NCBITaxon:1410873	5
NCBITaxon:1410874	3
NCBITaxon:1410875	5
NCBITaxon:1410876	5
NCBITaxon:1410877	3
NCBITaxon:1410878	3
NCBITaxon:1410879	5
NCBITaxon:1410880	5
NCBITaxon:1410881	5
NCBITaxon:1410882	5
NCBITaxon:1410883	5
NCBITaxon:1410884	5
NCBITaxon:1410885	5
NCBITaxon:1410886	3
NCBITaxon:1410887	3
NCBITaxon:1410888	5
NCBITaxon:1410889	5
NCBITaxon:1410890	5
NCBITaxon:1410891	5
NCBITaxon:1410892	5
NCBITaxon:1410893	5
NCBITaxon:1410894	5
NCBITaxon:1410895	5
NCBITaxon:1410896	5
NCBITaxon:1410897	5
NCBITaxon:1410898	3
NCBITaxon:1410899	3
NCBITaxon:1410900	3
NCBITaxon:1410901	3
NCBITaxon:1410902	3
NCBITaxon:1410903	3
NCBITaxon:1410904	3
NCBITaxon:1410905	3
NCBITaxon:1410906	3
NCBITaxon:1410907	3
NCBITaxon:1410908	5
NCBITaxon:1410909	3
NCBITaxon:1410910	3
NCBITaxon:1410911	3
NCBITaxon:1410912	5
NCBITaxon:1410913	5
NCBITaxon:1410914	5
NCBITaxon:1410915	5
NCBITaxon:1411	18
NCBITaxon:1411120	1
NCBITaxon:1411121	1
NCBITaxon:1411141	4
NCBITaxon:1411148	3
NCBITaxon:1411509	3
NCBITaxon:1411510	3
NCBITaxon:1411511	3
NCBITaxon:1411512	3
NCBITaxon:1411513	3
NCBITaxon:1411514	3
NCBITaxon:1411515	3
NCBITaxon:1411516	3
NCBITaxon:1411517	3
NCBITaxon:1411518	3
NCBITaxon:1411519	3
NCBITaxon:1411520	3
NCBITaxon:1411521	3
NCBITaxon:1411522	3
NCBITaxon:1411523	3
NCBITaxon:1411524	3
NCBITaxon:1411525	3
NCBITaxon:1411526	3
NCBITaxon:1411527	3
NCBITaxon:1411528	3
NCBITaxon:1411529	3
NCBITaxon:1411530	3
NCBITaxon:1411531	3
NCBITaxon:1411532	3
NCBITaxon:1411533	3
NCBITaxon:1411534	3
NCBITaxon:1411535	3
NCBITaxon:1411536	3
NCBITaxon:1411537	3
NCBITaxon:1411538	3
NCBITaxon:1411539	3
NCBITaxon:1411540	5
NCBITaxon:1411541	5
NCBITaxon:1411542	5
NCBITaxon:1411543	5
NCBITaxon:1411544	5
NCBITaxon:1411545	5
NCBITaxon:1411546	5
NCBITaxon:1411547	5
NCBITaxon:1411548	5
NCBITaxon:1411549	5
NCBITaxon:1411550	5
NCBITaxon:1411551	5
NCBITaxon:1411552	5
NCBITaxon:1411553	5
NCBITaxon:1411554	5
NCBITaxon:1411555	5
NCBITaxon:1411556	5
NCBITaxon:1411557	5
NCBITaxon:1411558	5
NCBITaxon:1411559	5
NCBITaxon:1411560	5
NCBITaxon:1411561	5
NCBITaxon:1411562	5
NCBITaxon:1411563	5
NCBITaxon:1411564	5
NCBITaxon:1411565	5
NCBITaxon:1411566	5
NCBITaxon:1411567	5
NCBITaxon:1411568	5
NCBITaxon:1411569	5
NCBITaxon:1411570	5
NCBITaxon:1411571	5
NCBITaxon:1411572	5
NCBITaxon:1411573	5
NCBITaxon:1411574	5
NCBITaxon:1411575	5
NCBITaxon:1411576	5
NCBITaxon:1411577	5
NCBITaxon:1411578	5
NCBITaxon:1411579	5
NCBITaxon:1411580	5
NCBITaxon:1411581	5
NCBITaxon:1411582	5
NCBITaxon:1411583	5
NCBITaxon:1411584	5
NCBITaxon:1411585	5
NCBITaxon:1411586	5
NCBITaxon:1411587	5
NCBITaxon:1411588	5
NCBITaxon:1411589	5
NCBITaxon:1411590	5
NCBITaxon:1411591	5
NCBITaxon:1411592	5
NCBITaxon:1411593	5
NCBITaxon:1411594	5
NCBITaxon:1411595	5
NCBITaxon:1411596	5
NCBITaxon:1411598	5
NCBITaxon:1411599	5
NCBITaxon:1411600	5
NCBITaxon:1411601	5
NCBITaxon:1411602	5
NCBITaxon:1411603	5
NCBITaxon:1411604	5
NCBITaxon:1411700	4
NCBITaxon:1411701	3
NCBITaxon:1412451	2
NCBITaxon:1412452	2
NCBITaxon:1412453	2
NCBITaxon:1412454	2
NCBITaxon:1412455	2
NCBITaxon:1412456	2
NCBITaxon:1412457	2
NCBITaxon:1412458	2
NCBITaxon:1412459	2
NCBITaxon:1412460	2
NCBITaxon:1412461	2
NCBITaxon:1412462	2
NCBITaxon:1412463	2
NCBITaxon:1412464	2
NCBITaxon:1412465	2
NCBITaxon:1412466	2
NCBITaxon:1412467	2
NCBITaxon:1412468	2
NCBITaxon:1412469	2
NCBITaxon:1412470	2
NCBITaxon:1412471	2
NCBITaxon:1412472	2
NCBITaxon:1412473	2
NCBITaxon:1412474	2
NCBITaxon:1412475	2
NCBITaxon:1412476	2
NCBITaxon:1412477	2
NCBITaxon:1412478	2
NCBITaxon:1412479	2
NCBITaxon:1412480	2
NCBITaxon:1412481	2
NCBITaxon:1412482	2
NCBITaxon:1412483	2
NCBITaxon:1412484	2
NCBITaxon:1412485	2
NCBITaxon:1412486	2
NCBITaxon:1412487	2
NCBITaxon:1412488	2
NCBITaxon:1412489	2
NCBITaxon:1412490	2
NCBITaxon:1412491	2
NCBITaxon:1412492	2
NCBITaxon:1412493	2
NCBITaxon:1412494	2
NCBITaxon:1412495	2
NCBITaxon:1412496	2
NCBITaxon:1412497	2
NCBITaxon:1412498	2
NCBITaxon:1412499	2
NCBITaxon:1412500	2
NCBITaxon:1412501	2
NCBITaxon:1412502	2
NCBITaxon:1412503	2
NCBITaxon:1412504	2
NCBITaxon:1412505	2
NCBITaxon:1412506	2
NCBITaxon:1412507	2
NCBITaxon:1412508	2
NCBITaxon:1412509	2
NCBITaxon:1412510	2
NCBITaxon:1412511	2
NCBITaxon:1412512	2
NCBITaxon:1412513	2
NCBITaxon:1412514	2
NCBITaxon:1412515	2
NCBITaxon:1412516	2
NCBITaxon:1412517	2
NCBITaxon:1412518	2
NCBITaxon:1412519	2
NCBITaxon:1412520	2
NCBITaxon:1412521	2
NCBITaxon:1412522	2
NCBITaxon:1412523	2
NCBITaxon:1412524	2
NCBITaxon:1412525	2
NCBITaxon:1412526	2
NCBITaxon:1412527	2
NCBITaxon:1412528	2
NCBITaxon:1412529	2
NCBITaxon:1412530	2
NCBITaxon:1412531	2
NCBITaxon:1412532	2
NCBITaxon:1412533	2
NCBITaxon:1412534	2
NCBITaxon:1412535	2
NCBITaxon:1412536	2
NCBITaxon:1412537	2
NCBITaxon:1412538	2
NCBITaxon:1412539	2
NCBITaxon:1412540	2
NCBITaxon:1412541	2
NCBITaxon:1412542	2
NCBITaxon:1412543	2
NCBITaxon:1412544	2
NCBITaxon:1412545	2
NCBITaxon:1412546	2
NCBITaxon:1412547	2
NCBITaxon:1412548	2
NCBITaxon:1412549	2
NCBITaxon:1412550	2
NCBITaxon:1412551	2
NCBITaxon:1412552	2
NCBITaxon:1412553	2
NCBITaxon:1412554	2
NCBITaxon:1412555	2
NCBITaxon:1412556	2
NCBITaxon:1412557	2
NCBITaxon:1412558	2
NCBITaxon:1412559	2
NCBITaxon:1412560	2
NCBITaxon:1412561	2
NCBITaxon:1412562	2
NCBITaxon:1412563	2
NCBITaxon:1412564	2
NCBITaxon:1412565	2
NCBITaxon:1412566	2
NCBITaxon:1412567	2
NCBITaxon:1412568	2
NCBITaxon:1412569	2
NCBITaxon:1412570	2
NCBITaxon:1412571	2
NCBITaxon:1412572	2
NCBITaxon:1412573	2
NCBITaxon:1412574	2
NCBITaxon:1412575	2
NCBITaxon:1412576	2
NCBITaxon:1412577	2
NCBITaxon:1412578	2
NCBITaxon:1412579	2
NCBITaxon:1412580	2
NCBITaxon:1412581	2
NCBITaxon:1412582	2
NCBITaxon:1412583	2
NCBITaxon:1412584	2
NCBITaxon:1412585	2
NCBITaxon:1412586	2
NCBITaxon:1412587	2
NCBITaxon:1412588	2
NCBITaxon:1412589	2
NCBITaxon:1412590	2
NCBITaxon:1412591	2
NCBITaxon:1412592	2
NCBITaxon:1412593	2
NCBITaxon:1412594	2
NCBITaxon:1412595	2
NCBITaxon:1412596	2
NCBITaxon:1412597	2
NCBITaxon:1412598	2
NCBITaxon:1412599	2
NCBITaxon:1412600	2
NCBITaxon:1412601	2
NCBITaxon:1412602	2
NCBITaxon:1412603	2
NCBITaxon:1412604	2
NCBITaxon:1412605	2
NCBITaxon:1412606	2
NCBITaxon:1412607	2
NCBITaxon:1412608	2
NCBITaxon:1412609	2
NCBITaxon:1412610	2
NCBITaxon:1412611	2
NCBITaxon:1412612	2
NCBITaxon:1412613	2
NCBITaxon:1412614	2
NCBITaxon:1412615	2
NCBITaxon:1412616	2
NCBITaxon:1412617	2
NCBITaxon:1412618	2
NCBITaxon:1412619	2
NCBITaxon:1412621	3
NCBITaxon:1412622	3
NCBITaxon:1412623	3
NCBITaxon:1412624	3
NCBITaxon:1412625	3
NCBITaxon:1412626	3
NCBITaxon:1412627	3
NCBITaxon:1412628	3
NCBITaxon:1412629	3
NCBITaxon:1412630	3
NCBITaxon:1412631	3
NCBITaxon:1412632	3
NCBITaxon:1412633	3
NCBITaxon:1412634	3
NCBITaxon:1412635	3
NCBITaxon:1412636	3
NCBITaxon:1412637	3
NCBITaxon:1412638	3
NCBITaxon:1412639	3
NCBITaxon:1412640	3
NCBITaxon:1412641	3
NCBITaxon:1412642	3
NCBITaxon:1412643	3
NCBITaxon:1412644	3
NCBITaxon:1412645	3
NCBITaxon:1412646	3
NCBITaxon:1412647	3
NCBITaxon:1412648	3
NCBITaxon:1412649	3
NCBITaxon:1412650	3
NCBITaxon:1412651	3
NCBITaxon:1412652	3
NCBITaxon:1412653	3
NCBITaxon:1412654	3
NCBITaxon:1412655	3
NCBITaxon:1412656	3
NCBITaxon:1412657	3
NCBITaxon:1412658	3
NCBITaxon:1412659	3
NCBITaxon:1412660	3
NCBITaxon:1412661	5
NCBITaxon:1412662	5
NCBITaxon:1412663	5
NCBITaxon:1412664	5
NCBITaxon:1412665	5
NCBITaxon:1412666	5
NCBITaxon:1412667	5
NCBITaxon:1412668	5
NCBITaxon:1412669	5
NCBITaxon:1412670	5
NCBITaxon:1412671	5
NCBITaxon:1412672	5
NCBITaxon:1412673	5
NCBITaxon:1412674	5
NCBITaxon:1412675	5
NCBITaxon:1412676	5
NCBITaxon:1412677	5
NCBITaxon:1412678	5
NCBITaxon:1412679	5
NCBITaxon:1412680	5
NCBITaxon:1412681	5
NCBITaxon:1412682	5
NCBITaxon:1412683	5
NCBITaxon:1412684	5
NCBITaxon:1412685	5
NCBITaxon:1412686	5
NCBITaxon:1412687	5
NCBITaxon:1412688	5
NCBITaxon:1412689	5
NCBITaxon:1412690	5
NCBITaxon:1412691	5
NCBITaxon:1412692	5
NCBITaxon:1412693	5
NCBITaxon:1412694	5
NCBITaxon:1412695	5
NCBITaxon:1412696	5
NCBITaxon:1412697	5
NCBITaxon:1412698	5
NCBITaxon:1412699	5
NCBITaxon:1412700	5
NCBITaxon:1412701	5
NCBITaxon:1412702	5
NCBITaxon:1412703	5
NCBITaxon:1412704	5
NCBITaxon:1412705	5
NCBITaxon:1412706	5
NCBITaxon:1412707	5
NCBITaxon:1412708	5
NCBITaxon:1412709	5
NCBITaxon:1412710	5
NCBITaxon:1412711	5
NCBITaxon:1412713	5
NCBITaxon:1412714	5
NCBITaxon:1412715	5
NCBITaxon:1412716	5
NCBITaxon:1412717	3
NCBITaxon:1412718	3
NCBITaxon:1412719	3
NCBITaxon:1412720	3
NCBITaxon:1412721	3
NCBITaxon:1412722	3
NCBITaxon:1412723	3
NCBITaxon:1412724	3
NCBITaxon:1412725	3
NCBITaxon:1412726	3
NCBITaxon:1412727	3
NCBITaxon:1412728	3
NCBITaxon:1412729	3
NCBITaxon:1412730	3
NCBITaxon:1412731	3
NCBITaxon:1412732	3
NCBITaxon:1412733	3
NCBITaxon:1412734	3
NCBITaxon:1412735	3
NCBITaxon:1412736	3
NCBITaxon:1412737	3
NCBITaxon:1412738	3
NCBITaxon:1412739	3
NCBITaxon:1412740	3
NCBITaxon:1412741	3
NCBITaxon:1412742	3
NCBITaxon:1412743	3
NCBITaxon:1412744	3
NCBITaxon:1412745	3
NCBITaxon:1412746	5
NCBITaxon:1412747	5
NCBITaxon:1412748	5
NCBITaxon:1412749	5
NCBITaxon:1412750	5
NCBITaxon:1412751	5
NCBITaxon:1412752	5
NCBITaxon:1412753	5
NCBITaxon:1412754	5
NCBITaxon:1412755	5
NCBITaxon:1412756	5
NCBITaxon:1412757	5
NCBITaxon:1412758	5
NCBITaxon:1412759	5
NCBITaxon:1412760	5
NCBITaxon:1412761	5
NCBITaxon:1412762	5
NCBITaxon:1412763	5
NCBITaxon:1412764	5
NCBITaxon:1412765	5
NCBITaxon:1412766	5
NCBITaxon:1412767	5
NCBITaxon:1412768	5
NCBITaxon:1412769	5
NCBITaxon:1412770	5
NCBITaxon:1412771	5
NCBITaxon:1412772	5
NCBITaxon:1412773	5
NCBITaxon:1412774	5
NCBITaxon:1412775	5
NCBITaxon:1412777	5
NCBITaxon:1412778	5
NCBITaxon:1412779	5
NCBITaxon:1412780	5
NCBITaxon:1412781	5
NCBITaxon:1412782	5
NCBITaxon:1412783	5
NCBITaxon:1412784	5
NCBITaxon:1412785	5
NCBITaxon:1412786	5
NCBITaxon:1412787	5
NCBITaxon:1412788	5
NCBITaxon:1412789	5
NCBITaxon:1412790	5
NCBITaxon:1412791	5
NCBITaxon:1412792	5
NCBITaxon:1412793	5
NCBITaxon:1412794	5
NCBITaxon:1412795	5
NCBITaxon:1412796	5
NCBITaxon:1412797	5
NCBITaxon:1412798	5
NCBITaxon:1412799	5
NCBITaxon:1412800	5
NCBITaxon:1412801	5
NCBITaxon:1412802	5
NCBITaxon:1412803	5
NCBITaxon:1412804	5
NCBITaxon:1412805	5
NCBITaxon:1412806	5
NCBITaxon:1412807	5
NCBITaxon:1412809	5
NCBITaxon:1412810	5
NCBITaxon:1412811	5
NCBITaxon:1412812	5
NCBITaxon:1412840	1
NCBITaxon:1412841	1
NCBITaxon:1412898	4
NCBITaxon:1413	17
NCBITaxon:1413187	1
NCBITaxon:1413210	9
NCBITaxon:1413211	6
NCBITaxon:1413215	6
NCBITaxon:1413252	2
NCBITaxon:1413253	2
NCBITaxon:141349	3
NCBITaxon:141389	3
NCBITaxon:141390	3
NCBITaxon:141391	3
NCBITaxon:141451	4
NCBITaxon:141454	3
NCBITaxon:1414586	2
NCBITaxon:1414587	1
NCBITaxon:1414643	1
NCBITaxon:1414851	7
NCBITaxon:1414854	2
NCBITaxon:1415160	2
NCBITaxon:1415161	2
NCBITaxon:1415162	2
NCBITaxon:1415163	2
NCBITaxon:1415166	5
NCBITaxon:1415168	4
NCBITaxon:1415170	1
NCBITaxon:1415631	1
NCBITaxon:1415632	1
NCBITaxon:1415773	2
NCBITaxon:1415774	3
NCBITaxon:1415775	3
NCBITaxon:1415777	1
NCBITaxon:1415778	3
NCBITaxon:1415781	1
NCBITaxon:1415784	2
NCBITaxon:1416614	2
NCBITaxon:1416627	1
NCBITaxon:1416776	1
NCBITaxon:1416778	1
NCBITaxon:1416779	1
NCBITaxon:141679	2
NCBITaxon:1416810	1
NCBITaxon:1416913	3
NCBITaxon:1416914	3
NCBITaxon:141692	2
NCBITaxon:141693	3
NCBITaxon:1416943	1
NCBITaxon:1416969	6
NCBITaxon:1417032	3
NCBITaxon:1417033	5
NCBITaxon:1417034	3
NCBITaxon:1417035	3
NCBITaxon:1417036	5
NCBITaxon:1417038	5
NCBITaxon:1417039	3
NCBITaxon:1417040	3
NCBITaxon:1417041	3
NCBITaxon:1417042	3
NCBITaxon:1417043	5
NCBITaxon:1417044	5
NCBITaxon:1417045	5
NCBITaxon:1417046	5
NCBITaxon:1417047	5
NCBITaxon:1417048	5
NCBITaxon:1417049	5
NCBITaxon:1417052	5
NCBITaxon:1417053	3
NCBITaxon:1417054	3
NCBITaxon:1417055	3
NCBITaxon:1417056	3
NCBITaxon:1417057	3
NCBITaxon:1417058	3
NCBITaxon:1417059	3
NCBITaxon:1417063	5
NCBITaxon:1417064	5
NCBITaxon:1417065	5
NCBITaxon:1417066	5
NCBITaxon:1417067	5
NCBITaxon:1417068	3
NCBITaxon:1417069	3
NCBITaxon:1417070	3
NCBITaxon:1417071	5
NCBITaxon:1417072	5
NCBITaxon:1417073	5
NCBITaxon:1417075	5
NCBITaxon:1417076	5
NCBITaxon:1417077	5
NCBITaxon:1417078	5
NCBITaxon:1417079	3
NCBITaxon:1417080	3
NCBITaxon:1417081	3
NCBITaxon:1417082	3
NCBITaxon:1417083	5
NCBITaxon:1417084	5
NCBITaxon:1417085	3
NCBITaxon:1417086	5
NCBITaxon:1417087	5
NCBITaxon:1417088	5
NCBITaxon:1417089	5
NCBITaxon:1417090	5
NCBITaxon:1417091	5
NCBITaxon:1417092	3
NCBITaxon:1417093	3
NCBITaxon:1417094	3
NCBITaxon:1417095	3
NCBITaxon:1417096	3
NCBITaxon:1417097	5
NCBITaxon:1417098	5
NCBITaxon:1417099	5
NCBITaxon:1417100	5
NCBITaxon:1417101	3
NCBITaxon:1417102	3
NCBITaxon:1417103	3
NCBITaxon:1417104	5
NCBITaxon:1417105	5
NCBITaxon:1417106	5
NCBITaxon:1417107	5
NCBITaxon:1417108	5
NCBITaxon:1417109	3
NCBITaxon:1417110	5
NCBITaxon:1417111	5
NCBITaxon:1417112	5
NCBITaxon:1417113	3
NCBITaxon:1417114	5
NCBITaxon:1417115	3
NCBITaxon:1417116	3
NCBITaxon:1417117	3
NCBITaxon:1417118	3
NCBITaxon:1417119	3
NCBITaxon:1417120	5
NCBITaxon:1417121	5
NCBITaxon:1417122	5
NCBITaxon:1417123	5
NCBITaxon:1417124	5
NCBITaxon:1417125	5
NCBITaxon:1417126	3
NCBITaxon:1417127	3
NCBITaxon:1417132	3
NCBITaxon:1417133	3
NCBITaxon:1417138	3
NCBITaxon:1417141	3
NCBITaxon:1417142	3
NCBITaxon:1417143	3
NCBITaxon:1417144	3
NCBITaxon:1417145	3
NCBITaxon:1417146	3
NCBITaxon:1417147	3
NCBITaxon:1417148	3
NCBITaxon:1417149	3
NCBITaxon:1417150	3
NCBITaxon:1417151	3
NCBITaxon:1417152	3
NCBITaxon:1417153	3
NCBITaxon:1417154	3
NCBITaxon:1417155	3
NCBITaxon:1417156	3
NCBITaxon:1417157	3
NCBITaxon:1417158	3
NCBITaxon:1417159	3
NCBITaxon:1417160	3
NCBITaxon:1417161	3
NCBITaxon:1417162	3
NCBITaxon:1417163	3
NCBITaxon:1417164	3
NCBITaxon:1417165	3
NCBITaxon:1417166	3
NCBITaxon:1417170	3
NCBITaxon:1417171	3
NCBITaxon:1417172	5
NCBITaxon:1417174	5
NCBITaxon:1417175	5
NCBITaxon:1417176	5
NCBITaxon:1417177	5
NCBITaxon:1417178	5
NCBITaxon:1417179	5
NCBITaxon:1417180	5
NCBITaxon:1417181	5
NCBITaxon:1417182	5
NCBITaxon:1417183	5
NCBITaxon:1417184	5
NCBITaxon:1417187	5
NCBITaxon:1417188	5
NCBITaxon:1417191	5
NCBITaxon:1417192	5
NCBITaxon:1417193	5
NCBITaxon:1417194	5
NCBITaxon:1417195	5
NCBITaxon:1417197	5
NCBITaxon:1417198	5
NCBITaxon:1417200	5
NCBITaxon:1417205	5
NCBITaxon:1417206	5
NCBITaxon:1417207	5
NCBITaxon:1417208	5
NCBITaxon:1417210	5
NCBITaxon:1417211	5
NCBITaxon:1417213	5
NCBITaxon:1417214	5
NCBITaxon:1417215	5
NCBITaxon:1417216	5
NCBITaxon:1417217	5
NCBITaxon:1417218	5
NCBITaxon:1417219	5
NCBITaxon:1417220	5
NCBITaxon:1417222	5
NCBITaxon:1417223	5
NCBITaxon:1417229	1
NCBITaxon:1417230	2
NCBITaxon:1417296	5
NCBITaxon:1417673	6
NCBITaxon:1417796	3
NCBITaxon:1417985	1
NCBITaxon:1417989	2
NCBITaxon:1417990	3
NCBITaxon:1418	17
NCBITaxon:1418104	4
NCBITaxon:1418107	1
NCBITaxon:1419324	6
NCBITaxon:1419482	1
NCBITaxon:141949	2
NCBITaxon:1419583	3
NCBITaxon:1419584	4
NCBITaxon:142	5
NCBITaxon:142058	1
NCBITaxon:1420587	1
NCBITaxon:1420591	7
NCBITaxon:1420599	1
NCBITaxon:1420916	3
NCBITaxon:1420917	3
NCBITaxon:1421	7
NCBITaxon:1421012	2
NCBITaxon:1421013	7
NCBITaxon:1421016	5
NCBITaxon:1421017	7
NCBITaxon:1421829	3
NCBITaxon:1421830	3
NCBITaxon:1421831	3
NCBITaxon:1421832	3
NCBITaxon:1421833	3
NCBITaxon:1421834	3
NCBITaxon:1421835	3
NCBITaxon:1421836	3
NCBITaxon:1421837	3
NCBITaxon:1421838	3
NCBITaxon:1421839	3
NCBITaxon:1421841	3
NCBITaxon:1421842	3
NCBITaxon:1421843	3
NCBITaxon:1421846	3
NCBITaxon:1421847	3
NCBITaxon:1421848	3
NCBITaxon:1421849	3
NCBITaxon:1421851	3
NCBITaxon:1421853	3
NCBITaxon:1421854	5
NCBITaxon:1421855	5
NCBITaxon:1421856	5
NCBITaxon:1421857	5
NCBITaxon:1421858	5
NCBITaxon:1421859	5
NCBITaxon:1421860	5
NCBITaxon:1421861	5
NCBITaxon:1421862	5
NCBITaxon:1421863	5
NCBITaxon:1421864	5
NCBITaxon:1421865	5
NCBITaxon:1421866	5
NCBITaxon:1421867	5
NCBITaxon:1421869	5
NCBITaxon:1421870	5
NCBITaxon:1421871	5
NCBITaxon:1421872	5
NCBITaxon:1421873	5
NCBITaxon:1421874	5
NCBITaxon:1421875	5
NCBITaxon:1421876	5
NCBITaxon:1421877	5
NCBITaxon:1421878	5
NCBITaxon:1421879	5
NCBITaxon:1421880	5
NCBITaxon:1421881	5
NCBITaxon:1421882	5
NCBITaxon:1421883	5
NCBITaxon:1421884	5
NCBITaxon:1421885	5
NCBITaxon:1421886	5
NCBITaxon:1421887	5
NCBITaxon:1421888	5
NCBITaxon:1421889	5
NCBITaxon:1421890	5
NCBITaxon:1421892	5
NCBITaxon:1421893	5
NCBITaxon:1421894	5
NCBITaxon:1421897	5
NCBITaxon:1421898	5
NCBITaxon:1421899	5
NCBITaxon:1421900	5
NCBITaxon:1421901	5
NCBITaxon:1421902	5
NCBITaxon:1421903	5
NCBITaxon:1421904	5
NCBITaxon:1421905	5
NCBITaxon:1421906	5
NCBITaxon:1421907	5
NCBITaxon:1421909	5
NCBITaxon:1421910	5
NCBITaxon:1421911	5
NCBITaxon:1421914	5
NCBITaxon:1421915	5
NCBITaxon:1421916	5
NCBITaxon:1422	14
NCBITaxon:1422114	3
NCBITaxon:1422115	3
NCBITaxon:1422116	3
NCBITaxon:1422117	3
NCBITaxon:1422118	3
NCBITaxon:1422119	3
NCBITaxon:1422311	3
NCBITaxon:1422312	3
NCBITaxon:1422313	3
NCBITaxon:1422314	3
NCBITaxon:1422315	3
NCBITaxon:1422316	3
NCBITaxon:1422317	3
NCBITaxon:1422318	3
NCBITaxon:1422319	3
NCBITaxon:1422320	3
NCBITaxon:1422321	3
NCBITaxon:1422322	3
NCBITaxon:1422323	3
NCBITaxon:1422324	3
NCBITaxon:1422325	3
NCBITaxon:1422326	3
NCBITaxon:1422327	3
NCBITaxon:1422328	3
NCBITaxon:1422329	3
NCBITaxon:1422330	3
NCBITaxon:1422331	3
NCBITaxon:1422332	3
NCBITaxon:1422333	3
NCBITaxon:1422334	3
NCBITaxon:1422335	3
NCBITaxon:1422336	3
NCBITaxon:1422337	3
NCBITaxon:1422338	3
NCBITaxon:1422339	3
NCBITaxon:1422340	3
NCBITaxon:1422341	3
NCBITaxon:1422342	3
NCBITaxon:1422343	3
NCBITaxon:1422344	3
NCBITaxon:1422345	3
NCBITaxon:1422346	3
NCBITaxon:1422347	3
NCBITaxon:1422348	3
NCBITaxon:1422349	3
NCBITaxon:1422350	3
NCBITaxon:1422351	3
NCBITaxon:1422352	3
NCBITaxon:1422353	3
NCBITaxon:1422354	3
NCBITaxon:1422355	3
NCBITaxon:1422357	3
NCBITaxon:1422358	3
NCBITaxon:1422359	3
NCBITaxon:1422360	3
NCBITaxon:1422361	3
NCBITaxon:1422362	3
NCBITaxon:1422363	3
NCBITaxon:1422364	3
NCBITaxon:1422365	3
NCBITaxon:1422366	3
NCBITaxon:1422367	3
NCBITaxon:1422368	3
NCBITaxon:1422369	3
NCBITaxon:1422370	3
NCBITaxon:1422371	3
NCBITaxon:1422372	3
NCBITaxon:1422373	3
NCBITaxon:1422374	3
NCBITaxon:1422375	3
NCBITaxon:1422376	3
NCBITaxon:1422377	3
NCBITaxon:1422378	3
NCBITaxon:1422379	3
NCBITaxon:1422380	3
NCBITaxon:1422381	3
NCBITaxon:1422382	3
NCBITaxon:1422383	3
NCBITaxon:1422384	3
NCBITaxon:1422385	3
NCBITaxon:1422386	3
NCBITaxon:1422387	3
NCBITaxon:1422388	3
NCBITaxon:1422389	3
NCBITaxon:1423	17
NCBITaxon:1423138	7
NCBITaxon:1423141	3
NCBITaxon:1423143	3
NCBITaxon:1423144	8
NCBITaxon:1423145	3
NCBITaxon:1423321	6
NCBITaxon:1423419	3
NCBITaxon:1423714	1
NCBITaxon:1423717	4
NCBITaxon:1423718	2
NCBITaxon:1423719	1
NCBITaxon:1423720	1
NCBITaxon:1423721	1
NCBITaxon:1423722	1
NCBITaxon:1423723	1
NCBITaxon:1423724	1
NCBITaxon:1423725	1
NCBITaxon:1423726	1
NCBITaxon:1423729	1
NCBITaxon:1423730	1
NCBITaxon:1423731	1
NCBITaxon:1423734	1
NCBITaxon:1423736	1
NCBITaxon:1423738	1
NCBITaxon:1423739	1
NCBITaxon:1423742	1
NCBITaxon:1423743	1
NCBITaxon:1423744	2
NCBITaxon:1423745	1
NCBITaxon:1423746	1
NCBITaxon:1423747	1
NCBITaxon:1423749	1
NCBITaxon:1423750	1
NCBITaxon:1423751	2
NCBITaxon:1423753	1
NCBITaxon:1423754	2
NCBITaxon:1423755	2
NCBITaxon:1423757	5
NCBITaxon:1423758	3
NCBITaxon:1423759	2
NCBITaxon:1423760	1
NCBITaxon:1423761	1
NCBITaxon:1423762	1
NCBITaxon:1423763	1
NCBITaxon:1423764	1
NCBITaxon:1423765	3
NCBITaxon:1423766	1
NCBITaxon:1423767	6
NCBITaxon:1423768	3
NCBITaxon:1423769	1
NCBITaxon:1423770	2
NCBITaxon:1423772	4
NCBITaxon:1423774	2
NCBITaxon:1423775	5
NCBITaxon:1423776	1
NCBITaxon:1423777	2
NCBITaxon:1423778	5
NCBITaxon:1423779	1
NCBITaxon:1423780	1
NCBITaxon:1423782	1
NCBITaxon:1423783	4
NCBITaxon:1423784	3
NCBITaxon:1423785	1
NCBITaxon:1423786	1
NCBITaxon:1423789	1
NCBITaxon:1423790	3
NCBITaxon:1423792	1
NCBITaxon:1423794	1
NCBITaxon:1423795	1
NCBITaxon:1423796	2
NCBITaxon:1423797	5
NCBITaxon:1423798	5
NCBITaxon:1423799	8
NCBITaxon:1423800	1
NCBITaxon:1423801	2
NCBITaxon:1423802	1
NCBITaxon:1423803	5
NCBITaxon:1423804	5
NCBITaxon:1423805	1
NCBITaxon:1423806	2
NCBITaxon:1423807	1
NCBITaxon:1423808	1
NCBITaxon:1423809	2
NCBITaxon:1423810	1
NCBITaxon:1423811	1
NCBITaxon:1423812	2
NCBITaxon:1423814	5
NCBITaxon:1423815	2
NCBITaxon:1423816	5
NCBITaxon:1423818	1
NCBITaxon:1423822	4
NCBITaxon:1423824	1
NCBITaxon:1423827	2
NCBITaxon:1423833	4
NCBITaxon:1423886	5
NCBITaxon:1423889	3
NCBITaxon:1423890	5
NCBITaxon:1423891	4
NCBITaxon:1423892	4
NCBITaxon:1423959	1
NCBITaxon:1424301	4
NCBITaxon:142461	3
NCBITaxon:1424653	4
NCBITaxon:1424659	11
NCBITaxon:1424661	14
NCBITaxon:142588	2
NCBITaxon:1426	7
NCBITaxon:142649	1
NCBITaxon:142650	1
NCBITaxon:142651	1
NCBITaxon:1427151	9
NCBITaxon:1427342	2
NCBITaxon:1427356	6
NCBITaxon:1427364	4
NCBITaxon:1427372	5
NCBITaxon:1427375	3
NCBITaxon:1427518	1
NCBITaxon:1427754	2
NCBITaxon:1427985	4
NCBITaxon:1428	13
NCBITaxon:142834	2
NCBITaxon:142842	1
NCBITaxon:1428454	6
NCBITaxon:142864	3
NCBITaxon:1428684	5
NCBITaxon:142877	6
NCBITaxon:1429043	3
NCBITaxon:1429044	7
NCBITaxon:1429046	1
NCBITaxon:1429244	6
NCBITaxon:1429438	6
NCBITaxon:1429439	6
NCBITaxon:1429874	4
NCBITaxon:1429875	3
NCBITaxon:1429876	3
NCBITaxon:1429877	3
NCBITaxon:1429878	3
NCBITaxon:1429879	3
NCBITaxon:1429880	3
NCBITaxon:1429881	3
NCBITaxon:1429882	3
NCBITaxon:143	1
NCBITaxon:1430	2
NCBITaxon:1430331	7
NCBITaxon:1430884	4
NCBITaxon:1430899	2
NCBITaxon:1431282	6
NCBITaxon:1431450	2
NCBITaxon:1431453	6
NCBITaxon:1431546	5
NCBITaxon:1431713	4
NCBITaxon:1431962	5
NCBITaxon:1432049	5
NCBITaxon:1432050	7
NCBITaxon:1432055	5
NCBITaxon:1432058	1
NCBITaxon:1432062	4
NCBITaxon:143221	5
NCBITaxon:143223	3
NCBITaxon:143224	4
NCBITaxon:1432652	4
NCBITaxon:1432656	6
NCBITaxon:1432788	1
NCBITaxon:1432792	3
NCBITaxon:1433288	2
NCBITaxon:1433289	2
NCBITaxon:1433290	4
NCBITaxon:1433291	4
NCBITaxon:1433293	7
NCBITaxon:1433403	4
NCBITaxon:1433415	1
NCBITaxon:143361	3
NCBITaxon:1433843	2
NCBITaxon:143393	1
NCBITaxon:1434105	2
NCBITaxon:1434106	2
NCBITaxon:1434108	3
NCBITaxon:1434110	1
NCBITaxon:1434112	1
NCBITaxon:1434120	1
NCBITaxon:1434123	1
NCBITaxon:1434192	4
NCBITaxon:1434193	4
NCBITaxon:1434194	4
NCBITaxon:1434195	4
NCBITaxon:1434196	4
NCBITaxon:1434197	4
NCBITaxon:1434198	4
NCBITaxon:1434199	4
NCBITaxon:1434200	4
NCBITaxon:1434201	4
NCBITaxon:1434202	4
NCBITaxon:1434203	4
NCBITaxon:1434204	4
NCBITaxon:1434205	4
NCBITaxon:1434206	4
NCBITaxon:1434207	4
NCBITaxon:1434208	4
NCBITaxon:1434209	4
NCBITaxon:1434210	4
NCBITaxon:1434211	4
NCBITaxon:1434212	1
NCBITaxon:1434258	5
NCBITaxon:1434259	5
NCBITaxon:1434260	5
NCBITaxon:1434261	5
NCBITaxon:1434262	5
NCBITaxon:1434263	5
NCBITaxon:1434264	5
NCBITaxon:1434265	5
NCBITaxon:1434267	7
NCBITaxon:1434306	3
NCBITaxon:1434321	1
NCBITaxon:1434324	5
NCBITaxon:1434326	5
NCBITaxon:1434700	1
NCBITaxon:1434701	1
NCBITaxon:1434925	4
NCBITaxon:1434926	4
NCBITaxon:1434927	4
NCBITaxon:1434928	4
NCBITaxon:1434930	4
NCBITaxon:1434931	4
NCBITaxon:1434932	4
NCBITaxon:143495	2
NCBITaxon:1435036	3
NCBITaxon:1435044	5
NCBITaxon:1435045	6
NCBITaxon:1435047	3
NCBITaxon:1435048	4
NCBITaxon:1435049	4
NCBITaxon:1435050	4
NCBITaxon:1435058	4
NCBITaxon:1435342	1
NCBITaxon:1435347	1
NCBITaxon:1435349	1
NCBITaxon:1435356	2
NCBITaxon:1435357	4
NCBITaxon:1435358	2
NCBITaxon:1435359	1
NCBITaxon:1435360	1
NCBITaxon:1435361	1
NCBITaxon:1435362	4
NCBITaxon:1435363	4
NCBITaxon:1435364	4
NCBITaxon:1435365	4
NCBITaxon:1435367	4
NCBITaxon:1435369	4
NCBITaxon:1435370	4
NCBITaxon:1435371	4
NCBITaxon:1435372	4
NCBITaxon:1435373	4
NCBITaxon:1435374	4
NCBITaxon:1435375	1
NCBITaxon:1435377	3
NCBITaxon:1435461	3
NCBITaxon:1435972	3
NCBITaxon:1435974	3
NCBITaxon:1435981	3
NCBITaxon:1435982	4
NCBITaxon:1435983	4
NCBITaxon:1435984	4
NCBITaxon:1435985	3
NCBITaxon:1435986	4
NCBITaxon:1435987	4
NCBITaxon:1435989	4
NCBITaxon:1435990	4
NCBITaxon:1435991	4
NCBITaxon:1435992	4
NCBITaxon:1435993	4
NCBITaxon:1435994	4
NCBITaxon:1435995	4
NCBITaxon:1435996	4
NCBITaxon:1435997	4
NCBITaxon:1435998	4
NCBITaxon:1435999	4
NCBITaxon:1436010	1
NCBITaxon:1436290	1
NCBITaxon:1436299	2
NCBITaxon:1436723	2
NCBITaxon:1436724	5
NCBITaxon:1436725	3
NCBITaxon:1436999	4
NCBITaxon:1437000	4
NCBITaxon:1437001	4
NCBITaxon:1437002	4
NCBITaxon:1437003	4
NCBITaxon:1437004	4
NCBITaxon:1437005	4
NCBITaxon:1437008	4
NCBITaxon:1437059	1
NCBITaxon:1437068	4
NCBITaxon:1437280	1
NCBITaxon:1437364	4
NCBITaxon:1437442	4
NCBITaxon:1437443	3
NCBITaxon:1437444	3
NCBITaxon:1437449	6
NCBITaxon:1437453	2
NCBITaxon:1437523	3
NCBITaxon:1437597	1
NCBITaxon:1437603	5
NCBITaxon:1437605	1
NCBITaxon:1437606	1
NCBITaxon:1437611	1
NCBITaxon:1437612	1
NCBITaxon:143778	4
NCBITaxon:1437838	5
NCBITaxon:1437856	4
NCBITaxon:1437872	4
NCBITaxon:1437873	2
NCBITaxon:1437874	4
NCBITaxon:1437875	4
NCBITaxon:1437876	2
NCBITaxon:1437877	5
NCBITaxon:1437878	5
NCBITaxon:1437881	5
NCBITaxon:1438670	5
NCBITaxon:1438675	5
NCBITaxon:1438688	5
NCBITaxon:1439852	4
NCBITaxon:1439854	4
NCBITaxon:1439855	4
NCBITaxon:1439856	4
NCBITaxon:1439857	4
NCBITaxon:1439858	4
NCBITaxon:1439859	4
NCBITaxon:1439860	4
NCBITaxon:1439861	4
NCBITaxon:1439940	4
NCBITaxon:144	2
NCBITaxon:1440052	3
NCBITaxon:1440053	5
NCBITaxon:1440054	4
NCBITaxon:1440058	3
NCBITaxon:144022	3
NCBITaxon:144023	3
NCBITaxon:144025	3
NCBITaxon:144026	3
NCBITaxon:144053	1
NCBITaxon:144055	3
NCBITaxon:1440762	1
NCBITaxon:1440763	1
NCBITaxon:1440768	5
NCBITaxon:1440769	5
NCBITaxon:1440770	5
NCBITaxon:1440771	5
NCBITaxon:1440772	2
NCBITaxon:1440773	1
NCBITaxon:1440774	1
NCBITaxon:1441	2
NCBITaxon:1441379	6
NCBITaxon:1441459	4
NCBITaxon:1441460	4
NCBITaxon:1441461	4
NCBITaxon:1441462	4
NCBITaxon:1441466	4
NCBITaxon:1441467	2
NCBITaxon:1441627	3
NCBITaxon:1441629	6
NCBITaxon:1441732	5
NCBITaxon:1441733	5
NCBITaxon:1441734	5
NCBITaxon:1441735	5
NCBITaxon:1441736	5
NCBITaxon:1441737	5
NCBITaxon:144178	3
NCBITaxon:144184	1
NCBITaxon:144185	4
NCBITaxon:144191	1
NCBITaxon:1441925	5
NCBITaxon:1441926	5
NCBITaxon:1441927	5
NCBITaxon:1441929	1
NCBITaxon:1441931	3
NCBITaxon:1441943	2
NCBITaxon:1442136	2
NCBITaxon:1442598	6
NCBITaxon:1442604	4
NCBITaxon:1442605	4
NCBITaxon:1442606	4
NCBITaxon:1442607	4
NCBITaxon:1443036	2
NCBITaxon:1443105	2
NCBITaxon:1443114	3
NCBITaxon:1443115	3
NCBITaxon:1443116	4
NCBITaxon:1443117	4
NCBITaxon:1443118	3
NCBITaxon:1443119	3
NCBITaxon:1443120	3
NCBITaxon:1443121	3
NCBITaxon:1443122	3
NCBITaxon:1443123	3
NCBITaxon:1443124	4
NCBITaxon:1443125	3
NCBITaxon:1443126	3
NCBITaxon:1443127	4
NCBITaxon:1443128	4
NCBITaxon:1443434	5
NCBITaxon:1443665	5
NCBITaxon:1443888	4
NCBITaxon:1443889	4
NCBITaxon:1443890	4
NCBITaxon:1443891	4
NCBITaxon:1443892	4
NCBITaxon:1443893	4
NCBITaxon:1443894	4
NCBITaxon:1443895	4
NCBITaxon:1443896	4
NCBITaxon:1443897	4
NCBITaxon:1443898	4
NCBITaxon:1443899	4
NCBITaxon:1443900	4
NCBITaxon:1443901	4
NCBITaxon:1443902	4
NCBITaxon:1443903	4
NCBITaxon:1443905	4
NCBITaxon:1444289	3
NCBITaxon:1444290	3
NCBITaxon:1444306	1
NCBITaxon:1444684	5
NCBITaxon:1444770	6
NCBITaxon:1445	5
NCBITaxon:144550	1
NCBITaxon:1445510	4
NCBITaxon:1445511	3
NCBITaxon:1445607	1
NCBITaxon:1445613	4
NCBITaxon:1446473	1
NCBITaxon:1446479	2
NCBITaxon:1446582	3
NCBITaxon:1447256	2
NCBITaxon:1447257	2
NCBITaxon:1447258	2
NCBITaxon:1447259	2
NCBITaxon:1447260	2
NCBITaxon:1447261	2
NCBITaxon:1447262	2
NCBITaxon:1447263	2
NCBITaxon:1447715	2
NCBITaxon:1447716	2
NCBITaxon:1447782	1
NCBITaxon:144786	1
NCBITaxon:1448132	1
NCBITaxon:1448135	1
NCBITaxon:1448136	1
NCBITaxon:1448139	1
NCBITaxon:1448141	2
NCBITaxon:1448266	1
NCBITaxon:1448267	1
NCBITaxon:1448389	4
NCBITaxon:1448857	2
NCBITaxon:1449	6
NCBITaxon:1449070	1
NCBITaxon:1449080	5
NCBITaxon:1449088	3
NCBITaxon:1449093	4
NCBITaxon:1449094	1
NCBITaxon:1449332	1
NCBITaxon:1449334	2
NCBITaxon:1449335	1
NCBITaxon:1449336	1
NCBITaxon:1449337	1
NCBITaxon:1449338	1
NCBITaxon:1449339	5
NCBITaxon:1449340	2
NCBITaxon:1449341	1
NCBITaxon:1449342	1
NCBITaxon:1449343	1
NCBITaxon:1449345	5
NCBITaxon:1449346	1
NCBITaxon:1449347	1
NCBITaxon:1449348	1
NCBITaxon:1449349	1
NCBITaxon:1449350	2
NCBITaxon:1449351	3
NCBITaxon:1449352	1
NCBITaxon:1449353	1
NCBITaxon:1449354	2
NCBITaxon:1449355	2
NCBITaxon:1449358	7
NCBITaxon:1449967	3
NCBITaxon:1449968	3
NCBITaxon:1449969	3
NCBITaxon:1449970	3
NCBITaxon:1449971	3
NCBITaxon:1449976	4
NCBITaxon:1449978	3
NCBITaxon:1449979	2
NCBITaxon:1449981	4
NCBITaxon:1449986	7
NCBITaxon:145	4
NCBITaxon:1450	4
NCBITaxon:1450181	3
NCBITaxon:1450182	3
NCBITaxon:1450183	3
NCBITaxon:1450184	3
NCBITaxon:1450185	3
NCBITaxon:1450186	3
NCBITaxon:1450187	3
NCBITaxon:1450188	3
NCBITaxon:1450189	3
NCBITaxon:1450190	3
NCBITaxon:1450191	3
NCBITaxon:1450192	3
NCBITaxon:1450204	1
NCBITaxon:1450449	2
NCBITaxon:1450511	2
NCBITaxon:1450513	5
NCBITaxon:1450514	5
NCBITaxon:1450515	5
NCBITaxon:1450517	2
NCBITaxon:1450518	7
NCBITaxon:1450520	1
NCBITaxon:1450521	1
NCBITaxon:1450522	1
NCBITaxon:1450523	1
NCBITaxon:1450524	2
NCBITaxon:1450525	2
NCBITaxon:1450526	4
NCBITaxon:1450527	1
NCBITaxon:1450649	1
NCBITaxon:1450694	2
NCBITaxon:1451	8
NCBITaxon:1451188	4
NCBITaxon:1451189	7
NCBITaxon:1451261	1
NCBITaxon:1451356	1
NCBITaxon:1452	8
NCBITaxon:1452534	3
NCBITaxon:1452535	3
NCBITaxon:1452536	3
NCBITaxon:1452537	3
NCBITaxon:145261	8
NCBITaxon:145262	12
NCBITaxon:145263	8
NCBITaxon:1452721	5
NCBITaxon:1452722	2
NCBITaxon:1452723	6
NCBITaxon:1452724	3
NCBITaxon:1452725	3
NCBITaxon:1452726	2
NCBITaxon:1452727	3
NCBITaxon:1452728	1
NCBITaxon:1452729	2
NCBITaxon:1452730	2
NCBITaxon:145285	1
NCBITaxon:145287	7
NCBITaxon:1453349	3
NCBITaxon:1453352	4
NCBITaxon:1453492	19
NCBITaxon:1453495	2
NCBITaxon:1453497	1
NCBITaxon:1453498	1
NCBITaxon:1453505	6
NCBITaxon:1453587	1
NCBITaxon:145373	2
NCBITaxon:145393	1
NCBITaxon:1453988	2
NCBITaxon:1453989	2
NCBITaxon:1453990	5
NCBITaxon:1454	9
NCBITaxon:1454006	5
NCBITaxon:1454007	1
NCBITaxon:1454056	5
NCBITaxon:1454373	1
NCBITaxon:1454377	2
NCBITaxon:1454382	2
NCBITaxon:145458	2
NCBITaxon:145483	6
NCBITaxon:1455	2
NCBITaxon:1455061	3
NCBITaxon:1455315	5
NCBITaxon:1455592	3
NCBITaxon:1455608	1
NCBITaxon:1455609	3
NCBITaxon:1455696	1
NCBITaxon:1456	5
NCBITaxon:1456769	3
NCBITaxon:1457153	2
NCBITaxon:1457187	7
NCBITaxon:1457188	7
NCBITaxon:1457189	4
NCBITaxon:1457190	7
NCBITaxon:1457191	1
NCBITaxon:1457194	3
NCBITaxon:1457217	4
NCBITaxon:1457219	4
NCBITaxon:1457232	1
NCBITaxon:1457233	1
NCBITaxon:1457234	1
NCBITaxon:1457250	4
NCBITaxon:1457392	4
NCBITaxon:1457393	6
NCBITaxon:1457394	2
NCBITaxon:1457395	1
NCBITaxon:1457396	1
NCBITaxon:1458122	7
NCBITaxon:1458206	5
NCBITaxon:1458253	15
NCBITaxon:1458274	2
NCBITaxon:1458275	2
NCBITaxon:1458276	1
NCBITaxon:1458279	5
NCBITaxon:1458307	1
NCBITaxon:1458336	1
NCBITaxon:1458425	7
NCBITaxon:1458426	7
NCBITaxon:1458427	3
NCBITaxon:1458463	1
NCBITaxon:1458464	5
NCBITaxon:1458465	5
NCBITaxon:1458466	3
NCBITaxon:1458467	1
NCBITaxon:1458469	1
NCBITaxon:1458470	1
NCBITaxon:1458472	4
NCBITaxon:1458475	6
NCBITaxon:145854	3
NCBITaxon:145857	2
NCBITaxon:1459	2
NCBITaxon:1459636	1
NCBITaxon:1459637	1
NCBITaxon:1459804	5
NCBITaxon:146017	11
NCBITaxon:146018	12
NCBITaxon:146020	12
NCBITaxon:146021	10
NCBITaxon:1460373	2
NCBITaxon:1460385	7
NCBITaxon:1460424	4
NCBITaxon:1460875	1
NCBITaxon:1461	2
NCBITaxon:1461322	7
NCBITaxon:1461376	1
NCBITaxon:1461752	3
NCBITaxon:1461766	7
NCBITaxon:1462	5
NCBITaxon:1462575	1
NCBITaxon:1462747	4
NCBITaxon:1462919	1
NCBITaxon:1462921	1
NCBITaxon:1462938	4
NCBITaxon:1462996	3
NCBITaxon:1463156	5
NCBITaxon:1464	3
NCBITaxon:1464546	5
NCBITaxon:146474	2
NCBITaxon:146475	2
NCBITaxon:146476	2
NCBITaxon:1465	5
NCBITaxon:146536	2
NCBITaxon:146537	1
NCBITaxon:1465490	1
NCBITaxon:1465501	1
NCBITaxon:1465502	2
NCBITaxon:1465635	1
NCBITaxon:1465754	1
NCBITaxon:1467	2
NCBITaxon:146786	2
NCBITaxon:146806	1
NCBITaxon:146819	2
NCBITaxon:146820	2
NCBITaxon:146821	2
NCBITaxon:146826	2
NCBITaxon:146827	4
NCBITaxon:146829	5
NCBITaxon:146891	4
NCBITaxon:146907	6
NCBITaxon:1469144	5
NCBITaxon:1469170	2
NCBITaxon:146919	3
NCBITaxon:146922	1
NCBITaxon:146923	1
NCBITaxon:1469245	4
NCBITaxon:146938	2
NCBITaxon:146939	9
NCBITaxon:146940	2
NCBITaxon:1469557	5
NCBITaxon:1469603	1
NCBITaxon:1469607	4
NCBITaxon:147	5
NCBITaxon:147047	1
NCBITaxon:1470563	1
NCBITaxon:147065	2
NCBITaxon:1471	4
NCBITaxon:1471400	1
NCBITaxon:1471401	1
NCBITaxon:1472	2
NCBITaxon:147206	2
NCBITaxon:147207	3
NCBITaxon:1472345	1
NCBITaxon:1472418	1
NCBITaxon:147248	2
NCBITaxon:147266	4
NCBITaxon:147267	1
NCBITaxon:147268	2
NCBITaxon:1472719	6
NCBITaxon:1472720	2
NCBITaxon:1473	3
NCBITaxon:1473546	5
NCBITaxon:1473580	5
NCBITaxon:1473586	1
NCBITaxon:1473598	2
NCBITaxon:1474	2
NCBITaxon:1475481	1
NCBITaxon:147577	3
NCBITaxon:1476	3
NCBITaxon:147645	1
NCBITaxon:1476901	2
NCBITaxon:1476959	4
NCBITaxon:147709	1
NCBITaxon:1478	7
NCBITaxon:147802	4
NCBITaxon:147809	1
NCBITaxon:1478142	5
NCBITaxon:1478174	4
NCBITaxon:1478175	5
NCBITaxon:147825	3
NCBITaxon:1479	4
NCBITaxon:1479233	1
NCBITaxon:1479237	1
NCBITaxon:1479524	1
NCBITaxon:148	3
NCBITaxon:1480615	5
NCBITaxon:1480694	6
NCBITaxon:1480718	1
NCBITaxon:1480728	1
NCBITaxon:1481663	1
NCBITaxon:1482	5
NCBITaxon:1482738	6
NCBITaxon:1482739	6
NCBITaxon:1483399	1
NCBITaxon:1483400	1
NCBITaxon:1484	12
NCBITaxon:1484053	3
NCBITaxon:1484056	1
NCBITaxon:148447	4
NCBITaxon:1484479	5
NCBITaxon:148448	4
NCBITaxon:148449	14
NCBITaxon:148453	2
NCBITaxon:1485544	1
NCBITaxon:1485585	1
NCBITaxon:1486034	1
NCBITaxon:148604	4
NCBITaxon:1486262	9
NCBITaxon:1486859	1
NCBITaxon:1487	2
NCBITaxon:1487726	1
NCBITaxon:1487935	1
NCBITaxon:1487953	1
NCBITaxon:1488	8
NCBITaxon:148813	9
NCBITaxon:148814	5
NCBITaxon:1488312	1
NCBITaxon:148942	1
NCBITaxon:149	3
NCBITaxon:1490	5
NCBITaxon:149015	1
NCBITaxon:149016	6
NCBITaxon:149017	3
NCBITaxon:1491	8
NCBITaxon:1492	9
NCBITaxon:1493	6
NCBITaxon:149385	5
NCBITaxon:1493872	1
NCBITaxon:149391	1
NCBITaxon:1494	4
NCBITaxon:1494461	1
NCBITaxon:1494462	2
NCBITaxon:1494608	4
NCBITaxon:1494959	1
NCBITaxon:1495	1
NCBITaxon:1495039	9
NCBITaxon:1495066	6
NCBITaxon:1495144	2
NCBITaxon:1495331	6
NCBITaxon:1495334	2
NCBITaxon:1495336	1
NCBITaxon:149539	7
NCBITaxon:1495650	4
NCBITaxon:1495853	3
NCBITaxon:1496	9
NCBITaxon:1496303	1
NCBITaxon:1496689	6
NCBITaxon:1496721	1
NCBITaxon:1496722	1
NCBITaxon:1497	8
NCBITaxon:149712	2
NCBITaxon:149715	3
NCBITaxon:1497681	3
NCBITaxon:1498	4
NCBITaxon:1498499	1
NCBITaxon:1499	2
NCBITaxon:1499314	1
NCBITaxon:1499966	6
NCBITaxon:1499967	6
NCBITaxon:1499968	2
NCBITaxon:150	2
NCBITaxon:150024	2
NCBITaxon:150025	2
NCBITaxon:150026	2
NCBITaxon:150033	2
NCBITaxon:1500538	1
NCBITaxon:150054	1
NCBITaxon:150055	5
NCBITaxon:150056	2
NCBITaxon:150060	1
NCBITaxon:1500960	1
NCBITaxon:1501	5
NCBITaxon:150120	2
NCBITaxon:150121	3
NCBITaxon:150122	2
NCBITaxon:150123	2
NCBITaxon:1501230	4
NCBITaxon:1501329	1
NCBITaxon:1501332	1
NCBITaxon:1501432	3
NCBITaxon:150146	1
NCBITaxon:1501662	1
NCBITaxon:150172	3
NCBITaxon:150177	1
NCBITaxon:1502	13
NCBITaxon:1502358	21
NCBITaxon:150240	2
NCBITaxon:150248	3
NCBITaxon:1502734	5
NCBITaxon:1502943	1
NCBITaxon:1503	6
NCBITaxon:150336	2
NCBITaxon:150340	7
NCBITaxon:1504	7
NCBITaxon:1504156	6
NCBITaxon:1504316	2
NCBITaxon:1504317	2
NCBITaxon:1504318	2
NCBITaxon:1504319	2
NCBITaxon:1504320	2
NCBITaxon:1504321	2
NCBITaxon:1504322	2
NCBITaxon:1505	4
NCBITaxon:1505232	2
NCBITaxon:1505606	1
NCBITaxon:1505723	1
NCBITaxon:1505725	5
NCBITaxon:1505726	1
NCBITaxon:1505866	2
NCBITaxon:1505907	4
NCBITaxon:1506	6
NCBITaxon:1506587	7
NCBITaxon:1506588	7
NCBITaxon:1506994	1
NCBITaxon:1506995	1
NCBITaxon:1507	5
NCBITaxon:150723	30
NCBITaxon:1507331	1
NCBITaxon:150829	3
NCBITaxon:150831	2
NCBITaxon:150832	2
NCBITaxon:1508389	1
NCBITaxon:1508404	3
NCBITaxon:1508419	1
NCBITaxon:1508420	1
NCBITaxon:1508454	7
NCBITaxon:1508482	2
NCBITaxon:1508644	3
NCBITaxon:1509	9
NCBITaxon:1509405	1
NCBITaxon:151	2
NCBITaxon:1510	4
NCBITaxon:1510457	1
NCBITaxon:1510458	2
NCBITaxon:1510466	1
NCBITaxon:1510570	1
NCBITaxon:1510573	1
NCBITaxon:1510574	1
NCBITaxon:151081	1
NCBITaxon:1510841	1
NCBITaxon:1511	6
NCBITaxon:1511761	4
NCBITaxon:1512	3
NCBITaxon:151276	7
NCBITaxon:1513	9
NCBITaxon:1513354	4
NCBITaxon:1513468	1
NCBITaxon:1513793	1
NCBITaxon:1513892	10
NCBITaxon:1513896	24
NCBITaxon:1513898	1
NCBITaxon:1514080	1
NCBITaxon:151414	3
NCBITaxon:151416	1
NCBITaxon:151419	2
NCBITaxon:151454	1
NCBITaxon:1515	9
NCBITaxon:1515610	6
NCBITaxon:1515612	6
NCBITaxon:1516	6
NCBITaxon:1516074	5
NCBITaxon:151654	12
NCBITaxon:1517	8
NCBITaxon:151781	1
NCBITaxon:151783	2
NCBITaxon:151784	2
NCBITaxon:151894	2
NCBITaxon:151895	3
NCBITaxon:1519	3
NCBITaxon:1519377	1
NCBITaxon:1519464	1
NCBITaxon:152	1
NCBITaxon:1520	8
NCBITaxon:152007	7
NCBITaxon:1520893	1
NCBITaxon:1521	3
NCBITaxon:1521167	6
NCBITaxon:152142	2
NCBITaxon:1521930	1
NCBITaxon:1521931	1
NCBITaxon:1522	5
NCBITaxon:1522060	3
NCBITaxon:1522072	4
NCBITaxon:1522312	1
NCBITaxon:1522315	5
NCBITaxon:152260	4
NCBITaxon:152263	3
NCBITaxon:152268	16
NCBITaxon:152297	3
NCBITaxon:1523	1
NCBITaxon:1523154	5
NCBITaxon:1523155	5
NCBITaxon:1523156	5
NCBITaxon:1523157	5
NCBITaxon:1523158	1
NCBITaxon:152331	3
NCBITaxon:152332	2
NCBITaxon:152335	5
NCBITaxon:1523412	5
NCBITaxon:1523413	2
NCBITaxon:1523416	2
NCBITaxon:1523417	2
NCBITaxon:1523418	2
NCBITaxon:1523420	2
NCBITaxon:1523421	2
NCBITaxon:1523422	2
NCBITaxon:1523423	2
NCBITaxon:1523424	2
NCBITaxon:1523425	2
NCBITaxon:1523427	2
NCBITaxon:1523428	2
NCBITaxon:1523429	2
NCBITaxon:1523430	2
NCBITaxon:1523431	2
NCBITaxon:1523432	2
NCBITaxon:1523503	3
NCBITaxon:1523621	6
NCBITaxon:1524	1
NCBITaxon:1524267	2
NCBITaxon:1524462	6
NCBITaxon:1524463	6
NCBITaxon:1524464	6
NCBITaxon:1524467	2
NCBITaxon:1524468	6
NCBITaxon:152475	2
NCBITaxon:152480	4
NCBITaxon:152490	2
NCBITaxon:1524912	1
NCBITaxon:1524965	1
NCBITaxon:1524974	1
NCBITaxon:1525	9
NCBITaxon:152500	7
NCBITaxon:1525219	6
NCBITaxon:152526	7
NCBITaxon:152573	1
NCBITaxon:1526	2
NCBITaxon:1526412	1
NCBITaxon:1526413	1
NCBITaxon:1526571	2
NCBITaxon:152682	4
NCBITaxon:1526927	4
NCBITaxon:1527	3
NCBITaxon:1527608	1
NCBITaxon:152794	5
NCBITaxon:1528	2
NCBITaxon:1528105	1
NCBITaxon:1528106	3
NCBITaxon:1529	3
NCBITaxon:1529318	4
NCBITaxon:1530	2
NCBITaxon:1530123	2
NCBITaxon:153026	2
NCBITaxon:1531	6
NCBITaxon:1531429	1
NCBITaxon:153151	1
NCBITaxon:1531958	3
NCBITaxon:1531959	3
NCBITaxon:1531961	2
NCBITaxon:1531962	2
NCBITaxon:1531963	2
NCBITaxon:153233	5
NCBITaxon:1532556	2
NCBITaxon:1532558	2
NCBITaxon:153266	5
NCBITaxon:153267	2
NCBITaxon:1532906	6
NCBITaxon:1533	4
NCBITaxon:153376	2
NCBITaxon:1534	4
NCBITaxon:1534409	5
NCBITaxon:153491	1
NCBITaxon:153493	1
NCBITaxon:153494	2
NCBITaxon:153496	2
NCBITaxon:1535	2
NCBITaxon:1535750	5
NCBITaxon:1535751	4
NCBITaxon:1536	3
NCBITaxon:153622	2
NCBITaxon:1536769	4
NCBITaxon:1536770	4
NCBITaxon:1536771	4
NCBITaxon:1536772	4
NCBITaxon:1536773	4
NCBITaxon:1536774	4
NCBITaxon:1536775	4
NCBITaxon:1537	1
NCBITaxon:1537158	2
NCBITaxon:153721	3
NCBITaxon:153730	5
NCBITaxon:153731	3
NCBITaxon:1537524	4
NCBITaxon:1537566	1
NCBITaxon:1538	9
NCBITaxon:1538102	1
NCBITaxon:1538103	1
NCBITaxon:1538159	1
NCBITaxon:1538294	4
NCBITaxon:1538547	2
NCBITaxon:1538552	5
NCBITaxon:1538553	6
NCBITaxon:1538640	1
NCBITaxon:1539	1
NCBITaxon:1539049	1
NCBITaxon:1539050	1
NCBITaxon:153948	8
NCBITaxon:153971	2
NCBITaxon:154	3
NCBITaxon:1540	1
NCBITaxon:1540163	1
NCBITaxon:154046	4
NCBITaxon:1541	3
NCBITaxon:1541063	1
NCBITaxon:1541065	5
NCBITaxon:154108	2
NCBITaxon:154117	4
NCBITaxon:1541197	7
NCBITaxon:1541959	1
NCBITaxon:1542	5
NCBITaxon:1542390	4
NCBITaxon:154288	4
NCBITaxon:1543	1
NCBITaxon:154347	1
NCBITaxon:1543706	7
NCBITaxon:1544	1
NCBITaxon:1544413	1
NCBITaxon:1544416	1
NCBITaxon:1544451	5
NCBITaxon:1544746	1
NCBITaxon:1544798	4
NCBITaxon:1544861	1
NCBITaxon:1544867	1
NCBITaxon:1545044	5
NCBITaxon:1545442	4
NCBITaxon:1545701	2
NCBITaxon:1545702	2
NCBITaxon:1545835	4
NCBITaxon:1546107	6
NCBITaxon:154621	4
NCBITaxon:154654	2
NCBITaxon:1547	3
NCBITaxon:1547447	1
NCBITaxon:1547578	5
NCBITaxon:1547597	5
NCBITaxon:1547867	6
NCBITaxon:1548	4
NCBITaxon:1548548	1
NCBITaxon:1548750	7
NCBITaxon:1549	3
NCBITaxon:154981	5
NCBITaxon:1549811	5
NCBITaxon:1549812	5
NCBITaxon:1549855	1
NCBITaxon:1549888	1
NCBITaxon:1549889	1
NCBITaxon:1550	2
NCBITaxon:1550035	5
NCBITaxon:1550241	4
NCBITaxon:1550399	1
NCBITaxon:1550400	1
NCBITaxon:1550401	1
NCBITaxon:1550402	1
NCBITaxon:155042	5
NCBITaxon:1550566	6
NCBITaxon:155077	2
NCBITaxon:155085	3
NCBITaxon:1550907	1
NCBITaxon:1551649	1
NCBITaxon:155177	1
NCBITaxon:155192	2
NCBITaxon:155194	2
NCBITaxon:155197	1
NCBITaxon:1552123	1
NCBITaxon:1552759	1
NCBITaxon:1553	3
NCBITaxon:155321	2
NCBITaxon:155322	1
NCBITaxon:1553448	1
NCBITaxon:1553449	1
NCBITaxon:155515	1
NCBITaxon:155517	1
NCBITaxon:1555194	5
NCBITaxon:1556	3
NCBITaxon:155617	3
NCBITaxon:155618	4
NCBITaxon:155680	3
NCBITaxon:1557	1
NCBITaxon:155863	8
NCBITaxon:155864	6
NCBITaxon:155865	1
NCBITaxon:155866	3
NCBITaxon:155892	4
NCBITaxon:155894	5
NCBITaxon:1559	8
NCBITaxon:155919	4
NCBITaxon:155920	5
NCBITaxon:1559339	3
NCBITaxon:155974	1
NCBITaxon:155975	3
NCBITaxon:155976	2
NCBITaxon:155978	4
NCBITaxon:1559896	4
NCBITaxon:156	2
NCBITaxon:1560201	4
NCBITaxon:1560345	2
NCBITaxon:1560354	1
NCBITaxon:1561	3
NCBITaxon:1561022	2
NCBITaxon:1561068	2
NCBITaxon:1561203	5
NCBITaxon:1561204	5
NCBITaxon:1561205	6
NCBITaxon:1561206	6
NCBITaxon:156202	1
NCBITaxon:156203	3
NCBITaxon:156205	2
NCBITaxon:1562651	1
NCBITaxon:1562698	3
NCBITaxon:1563	5
NCBITaxon:1563157	1
NCBITaxon:1563222	1
NCBITaxon:1564	5
NCBITaxon:1564138	7
NCBITaxon:1564158	1
NCBITaxon:1564159	1
NCBITaxon:1564161	1
NCBITaxon:1564487	2
NCBITaxon:156453	2
NCBITaxon:156456	3
NCBITaxon:156457	7
NCBITaxon:1565	14
NCBITaxon:1565314	2
NCBITaxon:1565415	1
NCBITaxon:1565605	3
NCBITaxon:156578	5
NCBITaxon:156586	4
NCBITaxon:1565991	4
NCBITaxon:1566	3
NCBITaxon:1566351	2
NCBITaxon:1566352	1
NCBITaxon:1566358	5
NCBITaxon:1566379	5
NCBITaxon:1566387	5
NCBITaxon:156648	1
NCBITaxon:1566628	6
NCBITaxon:1566886	1
NCBITaxon:1568	1
NCBITaxon:156889	4
NCBITaxon:156892	2
NCBITaxon:1569209	4
NCBITaxon:1569284	2
NCBITaxon:156974	3
NCBITaxon:156976	7
NCBITaxon:156977	1
NCBITaxon:156978	7
NCBITaxon:156979	2
NCBITaxon:156980	1
NCBITaxon:156981	2
NCBITaxon:156994	2
NCBITaxon:1570	2
NCBITaxon:1570137	2
NCBITaxon:157076	1
NCBITaxon:157109	2
NCBITaxon:1571774	7
NCBITaxon:1571833	3
NCBITaxon:1571877	5
NCBITaxon:1571920	2
NCBITaxon:157225	3
NCBITaxon:157227	2
NCBITaxon:157228	1
NCBITaxon:1572644	1
NCBITaxon:157268	3
NCBITaxon:1572751	3
NCBITaxon:1572758	1
NCBITaxon:157339	2
NCBITaxon:1574161	4
NCBITaxon:157463	2
NCBITaxon:157465	2
NCBITaxon:1575	4
NCBITaxon:157592	1
NCBITaxon:1576596	1
NCBITaxon:1576605	6
NCBITaxon:1576610	1
NCBITaxon:157673	2
NCBITaxon:157687	5
NCBITaxon:157688	6
NCBITaxon:157691	6
NCBITaxon:157692	10
NCBITaxon:1577684	3
NCBITaxon:1577685	4
NCBITaxon:157779	2
NCBITaxon:1577791	3
NCBITaxon:157782	1
NCBITaxon:157783	1
NCBITaxon:157784	3
NCBITaxon:1577895	4
NCBITaxon:1577896	4
NCBITaxon:1577897	4
NCBITaxon:1577898	4
NCBITaxon:1577899	4
NCBITaxon:1577900	4
NCBITaxon:1577901	4
NCBITaxon:1577902	4
NCBITaxon:1577903	4
NCBITaxon:1577904	4
NCBITaxon:1577905	3
NCBITaxon:157792	13
NCBITaxon:1578165	3
NCBITaxon:157838	11
NCBITaxon:157839	26
NCBITaxon:157842	1
NCBITaxon:1579	4
NCBITaxon:157910	6
NCBITaxon:1579316	3
NCBITaxon:1579424	1
NCBITaxon:1579979	2
NCBITaxon:158	4
NCBITaxon:1580	8
NCBITaxon:1580092	4
NCBITaxon:1581	7
NCBITaxon:1581011	5
NCBITaxon:1581472	1
NCBITaxon:1581850	5
NCBITaxon:158189	7
NCBITaxon:158190	5
NCBITaxon:158192	1
NCBITaxon:1582	8
NCBITaxon:1582439	3
NCBITaxon:1583	3
NCBITaxon:1583100	9
NCBITaxon:158327	2
NCBITaxon:1584	14
NCBITaxon:158484	4
NCBITaxon:1585	6
NCBITaxon:158500	2
NCBITaxon:1586081	2
NCBITaxon:158627	2
NCBITaxon:1587	18
NCBITaxon:1587527	3
NCBITaxon:158786	1
NCBITaxon:158787	5
NCBITaxon:1588	2
NCBITaxon:158822	1
NCBITaxon:158823	2
NCBITaxon:158836	4
NCBITaxon:158841	1
NCBITaxon:158847	1
NCBITaxon:158849	1
NCBITaxon:158850	3
NCBITaxon:158852	1
NCBITaxon:1588629	1
NCBITaxon:1588630	1
NCBITaxon:158877	2
NCBITaxon:158878	6
NCBITaxon:158879	6
NCBITaxon:158890	2
NCBITaxon:158891	2
NCBITaxon:158892	2
NCBITaxon:158897	2
NCBITaxon:158898	2
NCBITaxon:158899	12
NCBITaxon:1589	7
NCBITaxon:1589899	1
NCBITaxon:159	2
NCBITaxon:1590	13
NCBITaxon:1590651	2
NCBITaxon:1590652	2
NCBITaxon:159087	6
NCBITaxon:159088	3
NCBITaxon:1591	1
NCBITaxon:1591085	1
NCBITaxon:1591088	1
NCBITaxon:1591092	1
NCBITaxon:1592106	1
NCBITaxon:159254	2
NCBITaxon:159290	1
NCBITaxon:159291	4
NCBITaxon:159292	3
NCBITaxon:159343	1
NCBITaxon:159346	13
NCBITaxon:159449	11
NCBITaxon:159450	7
NCBITaxon:159478	6
NCBITaxon:1596	6
NCBITaxon:1597	7
NCBITaxon:159723	1
NCBITaxon:159728	6
NCBITaxon:159731	8
NCBITaxon:159743	8
NCBITaxon:1597977	1
NCBITaxon:1598	7
NCBITaxon:159896	3
NCBITaxon:1599	11
NCBITaxon:160	3
NCBITaxon:1600	1
NCBITaxon:1601	1
NCBITaxon:1602	1
NCBITaxon:160232	2
NCBITaxon:160233	4
NCBITaxon:1602736	12
NCBITaxon:1603	5
NCBITaxon:1603258	4
NCBITaxon:1603606	5
NCBITaxon:160385	1
NCBITaxon:160386	5
NCBITaxon:160396	2
NCBITaxon:1604	20
NCBITaxon:1604004	2
NCBITaxon:1604021	3
NCBITaxon:160434	2
NCBITaxon:160453	4
NCBITaxon:160454	4
NCBITaxon:1604774	1
NCBITaxon:160487	3
NCBITaxon:160488	6
NCBITaxon:160489	5
NCBITaxon:160490	7
NCBITaxon:160491	7
NCBITaxon:160492	4
NCBITaxon:1605	6
NCBITaxon:1605892	1
NCBITaxon:1605993	1
NCBITaxon:160628	1
NCBITaxon:160660	15
NCBITaxon:160699	1
NCBITaxon:1607	1
NCBITaxon:1607738	1
NCBITaxon:1607837	1
NCBITaxon:160791	6
NCBITaxon:160792	3
NCBITaxon:160799	6
NCBITaxon:160808	4
NCBITaxon:160825	2
NCBITaxon:160826	1
NCBITaxon:1608357	5
NCBITaxon:1608407	1
NCBITaxon:160846	2
NCBITaxon:1608710	1
NCBITaxon:1608994	1
NCBITaxon:1608996	1
NCBITaxon:1609231	1
NCBITaxon:1609232	1
NCBITaxon:1609288	6
NCBITaxon:1609531	1
NCBITaxon:1609559	3
NCBITaxon:1609966	2
NCBITaxon:1609967	4
NCBITaxon:1609979	5
NCBITaxon:1610	1
NCBITaxon:1610493	1
NCBITaxon:1610748	1
NCBITaxon:161153	2
NCBITaxon:161154	1
NCBITaxon:161156	2
NCBITaxon:1612	9
NCBITaxon:1612149	1
NCBITaxon:1612173	1
NCBITaxon:1612308	4
NCBITaxon:1612551	3
NCBITaxon:1612552	3
NCBITaxon:1613	8
NCBITaxon:161354	1
NCBITaxon:161355	1
NCBITaxon:161358	5
NCBITaxon:161360	3
NCBITaxon:161361	2
NCBITaxon:161398	2
NCBITaxon:1614	5
NCBITaxon:161482	2
NCBITaxon:161484	5
NCBITaxon:161493	12
NCBITaxon:1615	3
NCBITaxon:161528	7
NCBITaxon:161536	2
NCBITaxon:161544	5
NCBITaxon:1615586	3
NCBITaxon:1615673	1
NCBITaxon:1615674	1
NCBITaxon:1616	2
NCBITaxon:1616821	1
NCBITaxon:1617282	1
NCBITaxon:1617283	1
NCBITaxon:1617889	5
NCBITaxon:1618	5
NCBITaxon:1618022	2
NCBITaxon:1618023	4
NCBITaxon:1618207	3
NCBITaxon:161879	5
NCBITaxon:161889	3
NCBITaxon:161890	4
NCBITaxon:161895	6
NCBITaxon:161896	7
NCBITaxon:161899	8
NCBITaxon:161902	8
NCBITaxon:161920	2
NCBITaxon:1619234	4
NCBITaxon:162	3
NCBITaxon:1620	2
NCBITaxon:162028	1
NCBITaxon:1621259	5
NCBITaxon:1621260	5
NCBITaxon:1621261	5
NCBITaxon:162154	6
NCBITaxon:162169	2
NCBITaxon:162170	3
NCBITaxon:162176	4
NCBITaxon:162177	2
NCBITaxon:1621989	3
NCBITaxon:1622	1
NCBITaxon:162209	7
NCBITaxon:1622118	1
NCBITaxon:1623	8
NCBITaxon:1623448	3
NCBITaxon:1623449	3
NCBITaxon:1623450	3
NCBITaxon:162393	2
NCBITaxon:1624	6
NCBITaxon:162426	2
NCBITaxon:162496	3
NCBITaxon:1625	5
NCBITaxon:1626	1
NCBITaxon:1627892	1
NCBITaxon:1628085	1
NCBITaxon:1628148	1
NCBITaxon:1628248	2
NCBITaxon:1628251	1
NCBITaxon:1628321	1
NCBITaxon:1628753	3
NCBITaxon:1629	7
NCBITaxon:1629062	2
NCBITaxon:1629550	5
NCBITaxon:1629708	2
NCBITaxon:1629709	2
NCBITaxon:1629710	1
NCBITaxon:1629711	1
NCBITaxon:1629712	2
NCBITaxon:1629713	2
NCBITaxon:1629714	2
NCBITaxon:1629715	2
NCBITaxon:1629716	2
NCBITaxon:1629717	2
NCBITaxon:1629718	2
NCBITaxon:1629719	2
NCBITaxon:1629720	1
NCBITaxon:1629721	2
NCBITaxon:1629722	2
NCBITaxon:162986	1
NCBITaxon:163	6
NCBITaxon:1630	3
NCBITaxon:163003	6
NCBITaxon:163011	2
NCBITaxon:1630136	3
NCBITaxon:1630406	2
NCBITaxon:1631	4
NCBITaxon:163164	4
NCBITaxon:1632	4
NCBITaxon:163202	3
NCBITaxon:1632866	2
NCBITaxon:1633	4
NCBITaxon:1633200	4
NCBITaxon:1633201	4
NCBITaxon:1633202	4
NCBITaxon:1633203	4
NCBITaxon:1633494	1
NCBITaxon:163359	2
NCBITaxon:163361	3
NCBITaxon:1633631	1
NCBITaxon:1635005	5
NCBITaxon:163604	1
NCBITaxon:163665	4
NCBITaxon:1637645	2
NCBITaxon:1637974	5
NCBITaxon:1637999	4
NCBITaxon:1638	2
NCBITaxon:163869	3
NCBITaxon:163874	7
NCBITaxon:163875	8
NCBITaxon:163877	4
NCBITaxon:163879	2
NCBITaxon:1639	8
NCBITaxon:163908	3
NCBITaxon:1639118	1
NCBITaxon:1639348	1
NCBITaxon:1639689	1
NCBITaxon:164	1
NCBITaxon:1640	6
NCBITaxon:1640501	1
NCBITaxon:1641	7
NCBITaxon:164114	1
NCBITaxon:164115	1
NCBITaxon:1641165	2
NCBITaxon:1641992	1
NCBITaxon:1642	5
NCBITaxon:1642646	1
NCBITaxon:1643	4
NCBITaxon:164330	7
NCBITaxon:164332	17
NCBITaxon:1643331	4
NCBITaxon:1643332	4
NCBITaxon:164338	3
NCBITaxon:1643429	1
NCBITaxon:164348	2
NCBITaxon:164393	1
NCBITaxon:164400	7
NCBITaxon:164451	2
NCBITaxon:164452	1
NCBITaxon:164513	7
NCBITaxon:164514	2
NCBITaxon:164546	8
NCBITaxon:1646	3
NCBITaxon:1646119	1
NCBITaxon:1646122	1
NCBITaxon:1646340	1
NCBITaxon:1646373	1
NCBITaxon:1646377	1
NCBITaxon:1647413	2
NCBITaxon:164756	10
NCBITaxon:164757	10
NCBITaxon:164759	2
NCBITaxon:1648	4
NCBITaxon:1649257	1
NCBITaxon:1649266	1
NCBITaxon:1649580	2
NCBITaxon:1649647	2
NCBITaxon:165	3
NCBITaxon:1650	4
NCBITaxon:1650663	1
NCBITaxon:165096	4
NCBITaxon:1651082	1
NCBITaxon:1651781	11
NCBITaxon:165179	15
NCBITaxon:1652	4
NCBITaxon:1652492	1
NCBITaxon:1652545	2
NCBITaxon:1653826	1
NCBITaxon:1653847	1
NCBITaxon:1653861	1
NCBITaxon:1653870	1
NCBITaxon:1654388	1
NCBITaxon:1655	7
NCBITaxon:165597	2
NCBITaxon:1656	3
NCBITaxon:165694	2
NCBITaxon:1657	2
NCBITaxon:165758	3
NCBITaxon:1658	2
NCBITaxon:165813	2
NCBITaxon:165814	2
NCBITaxon:1658742	1
NCBITaxon:1658766	1
NCBITaxon:1659	6
NCBITaxon:1659191	5
NCBITaxon:1659195	2
NCBITaxon:1659196	2
NCBITaxon:1659197	2
NCBITaxon:1659198	2
NCBITaxon:1659199	2
NCBITaxon:1659200	2
NCBITaxon:1659201	2
NCBITaxon:1659202	2
NCBITaxon:1659315	9
NCBITaxon:1660	7
NCBITaxon:1661	7
NCBITaxon:1661032	1
NCBITaxon:1661033	1
NCBITaxon:1661034	1
NCBITaxon:1661035	1
NCBITaxon:1661036	1
NCBITaxon:1661037	1
NCBITaxon:1661038	1
NCBITaxon:1661039	1
NCBITaxon:1661040	1
NCBITaxon:1661041	1
NCBITaxon:1661042	1
NCBITaxon:1661043	1
NCBITaxon:1661044	1
NCBITaxon:1661045	1
NCBITaxon:1661046	1
NCBITaxon:1661047	1
NCBITaxon:1661048	1
NCBITaxon:1661049	1
NCBITaxon:1661050	1
NCBITaxon:1661051	1
NCBITaxon:1661052	1
NCBITaxon:1661053	1
NCBITaxon:1661054	1
NCBITaxon:1661055	1
NCBITaxon:1661056	1
NCBITaxon:1661057	1
NCBITaxon:1661058	1
NCBITaxon:1661059	1
NCBITaxon:1661060	1
NCBITaxon:1661061	1
NCBITaxon:1661580	1
NCBITaxon:1661582	1
NCBITaxon:1661583	1
NCBITaxon:1661693	1
NCBITaxon:1661694	4
NCBITaxon:1662109	1
NCBITaxon:1662110	1
NCBITaxon:1662190	2
NCBITaxon:1662395	1
NCBITaxon:1662421	1
NCBITaxon:1662865	3
NCBITaxon:166309	4
NCBITaxon:166314	6
NCBITaxon:166318	6
NCBITaxon:1664	1
NCBITaxon:1664275	1
NCBITaxon:1664318	2
NCBITaxon:166485	1
NCBITaxon:166486	1
NCBITaxon:1665	14
NCBITaxon:166501	3
NCBITaxon:166589	1
NCBITaxon:1667	3
NCBITaxon:166793	3
NCBITaxon:166935	1
NCBITaxon:166939	3
NCBITaxon:166954	2
NCBITaxon:167	3
NCBITaxon:1670	3
NCBITaxon:1670446	1
NCBITaxon:1670455	1
NCBITaxon:1671	3
NCBITaxon:1671624	2
NCBITaxon:1671625	1
NCBITaxon:1671626	2
NCBITaxon:1671627	2
NCBITaxon:1671628	2
NCBITaxon:1671629	2
NCBITaxon:1671630	2
NCBITaxon:1671631	2
NCBITaxon:1671632	2
NCBITaxon:1671633	2
NCBITaxon:1671634	2
NCBITaxon:1671635	2
NCBITaxon:1671636	2
NCBITaxon:1671637	2
NCBITaxon:1671638	2
NCBITaxon:1671639	2
NCBITaxon:1671640	2
NCBITaxon:1671641	2
NCBITaxon:1671642	2
NCBITaxon:1671643	2
NCBITaxon:1671644	2
NCBITaxon:1671645	2
NCBITaxon:1671646	2
NCBITaxon:1671647	2
NCBITaxon:1671648	2
NCBITaxon:1671649	2
NCBITaxon:1671650	2
NCBITaxon:1671651	2
NCBITaxon:1671652	2
NCBITaxon:1671653	2
NCBITaxon:1671654	2
NCBITaxon:1671655	2
NCBITaxon:1671656	2
NCBITaxon:1671657	2
NCBITaxon:1671658	2
NCBITaxon:1671659	2
NCBITaxon:1671660	2
NCBITaxon:1671661	2
NCBITaxon:1671662	2
NCBITaxon:1671663	2
NCBITaxon:1671664	2
NCBITaxon:1671665	2
NCBITaxon:1671868	1
NCBITaxon:1671923	1
NCBITaxon:1672	2
NCBITaxon:1673	1
NCBITaxon:1673609	1
NCBITaxon:167481	2
NCBITaxon:1674920	1
NCBITaxon:1674923	1
NCBITaxon:1675034	2
NCBITaxon:167539	4
NCBITaxon:167542	3
NCBITaxon:167546	4
NCBITaxon:167555	4
NCBITaxon:1675686	3
NCBITaxon:1675902	2
NCBITaxon:1676	3
NCBITaxon:1676150	2
NCBITaxon:1676151	2
NCBITaxon:1676152	2
NCBITaxon:1676153	2
NCBITaxon:1676154	2
NCBITaxon:1676155	2
NCBITaxon:1676156	2
NCBITaxon:1676157	2
NCBITaxon:1676158	2
NCBITaxon:1676159	2
NCBITaxon:1676160	2
NCBITaxon:1676162	2
NCBITaxon:1676163	2
NCBITaxon:167642	1
NCBITaxon:167643	2
NCBITaxon:167644	1
NCBITaxon:167645	1
NCBITaxon:1676616	2
NCBITaxon:1677	2
NCBITaxon:1677857	3
NCBITaxon:1678028	1
NCBITaxon:1678128	1
NCBITaxon:1678129	1
NCBITaxon:167879	5
NCBITaxon:1678840	5
NCBITaxon:1678841	5
NCBITaxon:1679	6
NCBITaxon:1679001	1
NCBITaxon:1679444	1
NCBITaxon:1679466	1
NCBITaxon:1679494	1
NCBITaxon:1679495	1
NCBITaxon:167964	3
NCBITaxon:167965	2
NCBITaxon:1679753	5
NCBITaxon:168	1
NCBITaxon:1680	21
NCBITaxon:1681	7
NCBITaxon:1681830	1
NCBITaxon:1682	7
NCBITaxon:1682742	1
NCBITaxon:168275	1
NCBITaxon:168276	3
NCBITaxon:1683	5
NCBITaxon:168379	1
NCBITaxon:168384	3
NCBITaxon:1684	6
NCBITaxon:1684425	1
NCBITaxon:168469	2
NCBITaxon:168471	4
NCBITaxon:168480	5
NCBITaxon:1685	8
NCBITaxon:1685010	2
NCBITaxon:1685124	2
NCBITaxon:1685125	2
NCBITaxon:1685126	2
NCBITaxon:1685127	2
NCBITaxon:1685133	2
NCBITaxon:1685135	2
NCBITaxon:1686	4
NCBITaxon:168695	9
NCBITaxon:168697	9
NCBITaxon:1687	4
NCBITaxon:1688	2
NCBITaxon:1688776	5
NCBITaxon:1689	6
NCBITaxon:168927	5
NCBITaxon:168933	4
NCBITaxon:168935	2
NCBITaxon:1690	1
NCBITaxon:169050	4
NCBITaxon:1691	1
NCBITaxon:169134	2
NCBITaxon:169176	4
NCBITaxon:169177	1
NCBITaxon:1691979	1
NCBITaxon:1692	2
NCBITaxon:169283	17
NCBITaxon:169292	8
NCBITaxon:1693	2
NCBITaxon:169300	3
NCBITaxon:1694	2
NCBITaxon:169427	2
NCBITaxon:169430	2
NCBITaxon:169435	13
NCBITaxon:169480	4
NCBITaxon:1695	5
NCBITaxon:1695218	4
NCBITaxon:1696093	1
NCBITaxon:169669	2
NCBITaxon:169679	6
NCBITaxon:1697	6
NCBITaxon:1697053	1
NCBITaxon:169760	6
NCBITaxon:169765	2
NCBITaxon:1698	5
NCBITaxon:1698521	2
NCBITaxon:169960	2
NCBITaxon:169963	6
NCBITaxon:17	5
NCBITaxon:1700845	2
NCBITaxon:1701	1
NCBITaxon:170187	6
NCBITaxon:1702169	3
NCBITaxon:1703	5
NCBITaxon:1703337	1
NCBITaxon:1703343	1
NCBITaxon:1703351	2
NCBITaxon:1703352	2
NCBITaxon:1703353	2
NCBITaxon:1703354	2
NCBITaxon:1703355	2
NCBITaxon:1703356	2
NCBITaxon:1703357	2
NCBITaxon:1703358	2
NCBITaxon:1703359	2
NCBITaxon:1703361	2
NCBITaxon:1703383	2
NCBITaxon:1703384	2
NCBITaxon:1703385	2
NCBITaxon:1703386	2
NCBITaxon:1703387	2
NCBITaxon:1703388	2
NCBITaxon:1703389	2
NCBITaxon:1703390	2
NCBITaxon:1703391	2
NCBITaxon:1703392	2
NCBITaxon:1703393	2
NCBITaxon:1703394	2
NCBITaxon:1703395	2
NCBITaxon:1703396	2
NCBITaxon:1703397	2
NCBITaxon:1703398	2
NCBITaxon:1703399	2
NCBITaxon:1703400	2
NCBITaxon:1703401	2
NCBITaxon:1703402	2
NCBITaxon:1703403	2
NCBITaxon:1703404	2
NCBITaxon:1703405	2
NCBITaxon:1703406	2
NCBITaxon:1703407	2
NCBITaxon:1703408	2
NCBITaxon:1703409	2
NCBITaxon:1703410	2
NCBITaxon:1703411	2
NCBITaxon:1703412	2
NCBITaxon:1703413	2
NCBITaxon:1703414	2
NCBITaxon:1703415	2
NCBITaxon:1703416	2
NCBITaxon:1703423	2
NCBITaxon:1703424	2
NCBITaxon:1703425	2
NCBITaxon:1703426	2
NCBITaxon:1703427	2
NCBITaxon:1703428	2
NCBITaxon:170367	21
NCBITaxon:1703761	2
NCBITaxon:1703762	2
NCBITaxon:1703763	2
NCBITaxon:1703764	2
NCBITaxon:1703765	2
NCBITaxon:1703766	2
NCBITaxon:1703767	2
NCBITaxon:1703768	2
NCBITaxon:1703769	2
NCBITaxon:1703770	2
NCBITaxon:1703771	2
NCBITaxon:1703772	2
NCBITaxon:1703773	2
NCBITaxon:1703774	2
NCBITaxon:1703775	2
NCBITaxon:1703776	2
NCBITaxon:1703777	2
NCBITaxon:1703778	2
NCBITaxon:1703779	2
NCBITaxon:1703780	2
NCBITaxon:1703781	2
NCBITaxon:1704023	2
NCBITaxon:1704024	2
NCBITaxon:1704025	2
NCBITaxon:1704026	2
NCBITaxon:1704028	2
NCBITaxon:1704029	2
NCBITaxon:1704030	2
NCBITaxon:1704032	2
NCBITaxon:1704044	2
NCBITaxon:1704235	2
NCBITaxon:1704237	2
NCBITaxon:1704277	1
NCBITaxon:1704590	2
NCBITaxon:1705	7
NCBITaxon:1705393	2
NCBITaxon:1705394	1
NCBITaxon:1705578	3
NCBITaxon:170573	10
NCBITaxon:1706000	10
NCBITaxon:1706046	1
NCBITaxon:170623	3
NCBITaxon:1706443	1
NCBITaxon:1706444	1
NCBITaxon:1706445	1
NCBITaxon:170651	2
NCBITaxon:170652	4
NCBITaxon:170661	2
NCBITaxon:170673	2
NCBITaxon:170674	1
NCBITaxon:170679	1
NCBITaxon:1708	5
NCBITaxon:170861	9
NCBITaxon:1708715	7
NCBITaxon:1709	3
NCBITaxon:170994	5
NCBITaxon:1710	9
NCBITaxon:1710353	1
NCBITaxon:1710354	1
NCBITaxon:1710355	1
NCBITaxon:1710356	2
NCBITaxon:1711	4
NCBITaxon:171101	6
NCBITaxon:171121	9
NCBITaxon:171164	2
NCBITaxon:171194	2
NCBITaxon:1712	4
NCBITaxon:1712031	1
NCBITaxon:171280	1
NCBITaxon:171281	1
NCBITaxon:171284	4
NCBITaxon:171286	1
NCBITaxon:171287	2
NCBITaxon:171289	1
NCBITaxon:171290	1
NCBITaxon:171291	5
NCBITaxon:1713	2
NCBITaxon:171383	3
NCBITaxon:1714	5
NCBITaxon:171401	2
NCBITaxon:171404	2
NCBITaxon:1714250	1
NCBITaxon:1714251	1
NCBITaxon:1714252	1
NCBITaxon:1714253	1
NCBITaxon:1714254	1
NCBITaxon:1714255	1
NCBITaxon:1714256	1
NCBITaxon:1714257	1
NCBITaxon:1714258	1
NCBITaxon:1714259	1
NCBITaxon:1714260	1
NCBITaxon:1714261	1
NCBITaxon:171437	5
NCBITaxon:171442	1
NCBITaxon:171523	3
NCBITaxon:1715254	1
NCBITaxon:1715806	11
NCBITaxon:1715989	1
NCBITaxon:1716143	2
NCBITaxon:171632	1
NCBITaxon:171674	6
NCBITaxon:171685	20
NCBITaxon:171692	3
NCBITaxon:171693	4
NCBITaxon:171695	9
NCBITaxon:1717	7
NCBITaxon:1718	9
NCBITaxon:171869	8
NCBITaxon:1719	8
NCBITaxon:171953	5
NCBITaxon:172	2
NCBITaxon:1720	6
NCBITaxon:1720346	1
NCBITaxon:172040	6
NCBITaxon:172041	15
NCBITaxon:172042	20
NCBITaxon:172043	17
NCBITaxon:172044	18
NCBITaxon:172045	3
NCBITaxon:172049	4
NCBITaxon:1720557	1
NCBITaxon:172088	7
NCBITaxon:1721	4
NCBITaxon:1721091	2
NCBITaxon:172371	1
NCBITaxon:1723755	1
NCBITaxon:1723756	1
NCBITaxon:1723757	1
NCBITaxon:1723758	1
NCBITaxon:1723759	1
NCBITaxon:1723760	1
NCBITaxon:1723761	1
NCBITaxon:1724	4
NCBITaxon:1725	7
NCBITaxon:1727	5
NCBITaxon:172713	3
NCBITaxon:1727164	1
NCBITaxon:172901	2
NCBITaxon:1729720	2
NCBITaxon:173	3
NCBITaxon:1730094	2
NCBITaxon:173040	3
NCBITaxon:173041	2
NCBITaxon:173053	2
NCBITaxon:1731	1
NCBITaxon:1732	7
NCBITaxon:1732214	1
NCBITaxon:1732567	1
NCBITaxon:173361	3
NCBITaxon:173362	4
NCBITaxon:173363	3
NCBITaxon:173364	2
NCBITaxon:173365	5
NCBITaxon:173366	4
NCBITaxon:1734033	1
NCBITaxon:1734049	1
NCBITaxon:1734395	2
NCBITaxon:1734396	2
NCBITaxon:1734397	2
NCBITaxon:1734398	2
NCBITaxon:1734399	2
NCBITaxon:1734400	2
NCBITaxon:1734406	2
NCBITaxon:1734407	2
NCBITaxon:1734408	2
NCBITaxon:173480	4
NCBITaxon:1735	3
NCBITaxon:173509	1
NCBITaxon:1735111	1
NCBITaxon:1735324	2
NCBITaxon:1735325	2
NCBITaxon:1735326	2
NCBITaxon:1735327	2
NCBITaxon:1735328	2
NCBITaxon:173559	6
NCBITaxon:173560	15
NCBITaxon:1736	7
NCBITaxon:1736674	2
NCBITaxon:173675	2
NCBITaxon:173676	2
NCBITaxon:1737	1
NCBITaxon:1737066	1
NCBITaxon:1737515	1
NCBITaxon:173770	1
NCBITaxon:173856	2
NCBITaxon:173858	2
NCBITaxon:173860	1
NCBITaxon:173861	2
NCBITaxon:173862	2
NCBITaxon:1739111	1
NCBITaxon:1739113	2
NCBITaxon:1739114	2
NCBITaxon:173959	2
NCBITaxon:173990	3
NCBITaxon:174	4
NCBITaxon:174037	3
NCBITaxon:174038	3
NCBITaxon:1740721	1
NCBITaxon:1741	3
NCBITaxon:174145	1
NCBITaxon:1742262	1
NCBITaxon:1742575	1
NCBITaxon:1742972	2
NCBITaxon:1742973	2
NCBITaxon:1743157	2
NCBITaxon:1743159	4
NCBITaxon:1743162	4
NCBITaxon:1743163	4
NCBITaxon:1743164	4
NCBITaxon:1743165	5
NCBITaxon:1743166	4
NCBITaxon:1743167	5
NCBITaxon:1743168	4
NCBITaxon:1743169	4
NCBITaxon:1743174	4
NCBITaxon:1744	6
NCBITaxon:1745380	1
NCBITaxon:1745381	1
NCBITaxon:1745382	1
NCBITaxon:174587	2
NCBITaxon:174632	2
NCBITaxon:174633	2
NCBITaxon:1747	9
NCBITaxon:174709	2
NCBITaxon:1747903	2
NCBITaxon:1748	4
NCBITaxon:1749	5
NCBITaxon:174922	2
NCBITaxon:174923	1
NCBITaxon:1750	4
NCBITaxon:1750597	1
NCBITaxon:1750599	1
NCBITaxon:1750719	1
NCBITaxon:1751	3
NCBITaxon:1752	1
NCBITaxon:1753	4
NCBITaxon:175306	3
NCBITaxon:1754012	1
NCBITaxon:175570	2
NCBITaxon:1755811	1
NCBITaxon:175628	5
NCBITaxon:175631	4
NCBITaxon:175632	5
NCBITaxon:175696	3
NCBITaxon:1757	4
NCBITaxon:1758178	1
NCBITaxon:1758721	1
NCBITaxon:175918	1
NCBITaxon:176090	3
NCBITaxon:176102	4
NCBITaxon:176279	6
NCBITaxon:176280	6
NCBITaxon:176281	1
NCBITaxon:176290	1
NCBITaxon:176291	3
NCBITaxon:176292	3
NCBITaxon:176294	7
NCBITaxon:176299	6
NCBITaxon:1763509	1
NCBITaxon:1763883	1
NCBITaxon:1764	6
NCBITaxon:1764960	1
NCBITaxon:1764961	1
NCBITaxon:1764962	1
NCBITaxon:1764963	1
NCBITaxon:1765	7
NCBITaxon:1765050	3
NCBITaxon:1765219	1
NCBITaxon:1765737	1
NCBITaxon:1765960	2
NCBITaxon:176598	1
NCBITaxon:1766	8
NCBITaxon:1767	7
NCBITaxon:1768	3
NCBITaxon:1768108	4
NCBITaxon:1768210	1
NCBITaxon:1768242	2
NCBITaxon:176898	2
NCBITaxon:1769	5
NCBITaxon:176901	5
NCBITaxon:1769291	1
NCBITaxon:1769293	1
NCBITaxon:1769422	1
NCBITaxon:1769779	1
NCBITaxon:1770	2
NCBITaxon:1771	6
NCBITaxon:1772	6
NCBITaxon:1773	7
NCBITaxon:1773489	2
NCBITaxon:1774	5
NCBITaxon:177400	1
NCBITaxon:177413	22
NCBITaxon:177416	5
NCBITaxon:177437	6
NCBITaxon:1774373	4
NCBITaxon:177439	5
NCBITaxon:1775	2
NCBITaxon:1775754	2
NCBITaxon:1775755	2
NCBITaxon:1775951	1
NCBITaxon:1775956	1
NCBITaxon:1776	4
NCBITaxon:1776333	2
NCBITaxon:1776334	2
NCBITaxon:1776740	1
NCBITaxon:1776741	1
NCBITaxon:1776742	1
NCBITaxon:1776856	1
NCBITaxon:1776857	1
NCBITaxon:1776858	1
NCBITaxon:1777	2
NCBITaxon:1777132	1
NCBITaxon:1777133	1
NCBITaxon:1777134	1
NCBITaxon:1777135	1
NCBITaxon:1777136	1
NCBITaxon:1777137	1
NCBITaxon:1777138	1
NCBITaxon:1777139	1
NCBITaxon:1777140	1
NCBITaxon:1777141	1
NCBITaxon:1777142	1
NCBITaxon:1777143	1
NCBITaxon:1777144	1
NCBITaxon:177758	4
NCBITaxon:1778	3
NCBITaxon:1779	1
NCBITaxon:177972	3
NCBITaxon:1780	3
NCBITaxon:178001	3
NCBITaxon:1780362	1
NCBITaxon:1781	6
NCBITaxon:1782	2
NCBITaxon:178214	7
NCBITaxon:1783	3
NCBITaxon:178306	8
NCBITaxon:178328	5
NCBITaxon:178337	2
NCBITaxon:178339	1
NCBITaxon:178340	3
NCBITaxon:178355	3
NCBITaxon:178356	2
NCBITaxon:178399	2
NCBITaxon:1784	1
NCBITaxon:1785	6
NCBITaxon:1785161	1
NCBITaxon:1785162	1
NCBITaxon:178566	3
NCBITaxon:1785996	4
NCBITaxon:1786	1
NCBITaxon:178606	6
NCBITaxon:1787	2
NCBITaxon:178774	2
NCBITaxon:1788	2
NCBITaxon:178899	4
NCBITaxon:1789	5
NCBITaxon:178900	2
NCBITaxon:178901	3
NCBITaxon:1790	2
NCBITaxon:179010	2
NCBITaxon:1790137	2
NCBITaxon:179095	14
NCBITaxon:1791	2
NCBITaxon:1792	3
NCBITaxon:1792309	2
NCBITaxon:179275	1
NCBITaxon:1793	2
NCBITaxon:1793726	2
NCBITaxon:1794	3
NCBITaxon:179408	1
NCBITaxon:179467	2
NCBITaxon:1794699	3
NCBITaxon:1794912	2
NCBITaxon:1795	4
NCBITaxon:1795629	2
NCBITaxon:1795632	2
NCBITaxon:1796	2
NCBITaxon:1796033	2
NCBITaxon:179636	5
NCBITaxon:179637	2
NCBITaxon:1796618	1
NCBITaxon:1796628	1
NCBITaxon:1796634	1
NCBITaxon:1796635	1
NCBITaxon:1797	5
NCBITaxon:1798	1
NCBITaxon:179819	2
NCBITaxon:1798213	2
NCBITaxon:179838	1
NCBITaxon:179878	5
NCBITaxon:179879	2
NCBITaxon:1799	4
NCBITaxon:179995	1
NCBITaxon:180	7
NCBITaxon:1800	7
NCBITaxon:1801	3
NCBITaxon:180163	2
NCBITaxon:180164	1
NCBITaxon:180194	2
NCBITaxon:180195	4
NCBITaxon:180197	2
NCBITaxon:1802	1
NCBITaxon:180281	4
NCBITaxon:180282	3
NCBITaxon:180286	13
NCBITaxon:180311	13
NCBITaxon:180332	12
NCBITaxon:180344	6
NCBITaxon:1803579	2
NCBITaxon:1803813	2
NCBITaxon:1803814	2
NCBITaxon:1803815	2
NCBITaxon:1803816	2
NCBITaxon:1803817	2
NCBITaxon:1803818	2
NCBITaxon:1803819	2
NCBITaxon:1803821	2
NCBITaxon:1803822	2
NCBITaxon:1804	6
NCBITaxon:180400	1
NCBITaxon:180435	1
NCBITaxon:180441	4
NCBITaxon:180542	3
NCBITaxon:1805431	1
NCBITaxon:180588	3
NCBITaxon:1806	2
NCBITaxon:1807	2
NCBITaxon:180837	1
NCBITaxon:180868	3
NCBITaxon:1808945	1
NCBITaxon:1809	6
NCBITaxon:180915	1
NCBITaxon:180916	2
NCBITaxon:180957	3
NCBITaxon:1810	8
NCBITaxon:1810504	2
NCBITaxon:181070	4
NCBITaxon:181073	1
NCBITaxon:1812012	1
NCBITaxon:1812100	1
NCBITaxon:1812101	1
NCBITaxon:1812261	1
NCBITaxon:1812262	1
NCBITaxon:1813019	1
NCBITaxon:1814	2
NCBITaxon:1814218	1
NCBITaxon:1814290	4
NCBITaxon:181486	1
NCBITaxon:181487	3
NCBITaxon:1815583	1
NCBITaxon:1816	1
NCBITaxon:181658	2
NCBITaxon:181662	4
NCBITaxon:181663	3
NCBITaxon:181675	6
NCBITaxon:1817405	1
NCBITaxon:1818	2
NCBITaxon:1820025	4
NCBITaxon:182082	4
NCBITaxon:1821	2
NCBITaxon:182136	3
NCBITaxon:182141	1
NCBITaxon:182180	5
NCBITaxon:182182	3
NCBITaxon:1822	1
NCBITaxon:182210	8
NCBITaxon:182217	1
NCBITaxon:182262	10
NCBITaxon:182264	1
NCBITaxon:182267	1
NCBITaxon:182270	5
NCBITaxon:1823	1
NCBITaxon:182337	5
NCBITaxon:1824	7
NCBITaxon:182403	3
NCBITaxon:182411	10
NCBITaxon:182455	1
NCBITaxon:1825660	4
NCBITaxon:182640	5
NCBITaxon:1826607	1
NCBITaxon:182710	3
NCBITaxon:182773	2
NCBITaxon:182774	1
NCBITaxon:182779	2
NCBITaxon:1828	4
NCBITaxon:182838	10
NCBITaxon:1829	5
NCBITaxon:182900	2
NCBITaxon:183	2
NCBITaxon:1830	5
NCBITaxon:1831	1
NCBITaxon:183190	4
NCBITaxon:1833	8
NCBITaxon:1833852	6
NCBITaxon:183417	2
NCBITaxon:1834512	1
NCBITaxon:1834514	1
NCBITaxon:1834515	1
NCBITaxon:1834516	1
NCBITaxon:1835254	4
NCBITaxon:183556	3
NCBITaxon:1836	4
NCBITaxon:183670	1
NCBITaxon:183763	2
NCBITaxon:183795	2
NCBITaxon:1838	2
NCBITaxon:1838280	2
NCBITaxon:183916	2
NCBITaxon:1839780	5
NCBITaxon:1839781	5
NCBITaxon:184064	5
NCBITaxon:184065	21
NCBITaxon:184067	26
NCBITaxon:184072	2
NCBITaxon:184077	1
NCBITaxon:1841	2
NCBITaxon:184117	2
NCBITaxon:184250	1
NCBITaxon:1842517	2
NCBITaxon:1842518	2
NCBITaxon:1842519	2
NCBITaxon:1842520	2
NCBITaxon:1842521	2
NCBITaxon:1842522	2
NCBITaxon:1842523	2
NCBITaxon:1842524	2
NCBITaxon:1842525	2
NCBITaxon:1843	1
NCBITaxon:1844	2
NCBITaxon:184607	1
NCBITaxon:184748	2
NCBITaxon:184755	1
NCBITaxon:184756	1
NCBITaxon:1848	2
NCBITaxon:184870	5
NCBITaxon:1848766	1
NCBITaxon:184882	1
NCBITaxon:1848903	1
NCBITaxon:1849041	1
NCBITaxon:184914	3
NCBITaxon:184917	4
NCBITaxon:184924	2
NCBITaxon:184925	1
NCBITaxon:1849364	1
NCBITaxon:1849365	1
NCBITaxon:185007	3
NCBITaxon:185008	1
NCBITaxon:1850093	1
NCBITaxon:1851148	1
NCBITaxon:185139	22
NCBITaxon:1851395	3
NCBITaxon:1851544	1
NCBITaxon:1852	6
NCBITaxon:185243	3
NCBITaxon:1852522	2
NCBITaxon:1852777	1
NCBITaxon:185294	18
NCBITaxon:185300	16
NCBITaxon:1855606	2
NCBITaxon:1855823	1
NCBITaxon:1856	1
NCBITaxon:185641	2
NCBITaxon:185642	6
NCBITaxon:185678	9
NCBITaxon:185684	7
NCBITaxon:185693	1
NCBITaxon:185761	4
NCBITaxon:1859	4
NCBITaxon:1859130	1
NCBITaxon:1859131	2
NCBITaxon:1859133	1
NCBITaxon:185949	2
NCBITaxon:185950	2
NCBITaxon:185951	2
NCBITaxon:1861	3
NCBITaxon:186103	7
NCBITaxon:186116	2
NCBITaxon:186189	5
NCBITaxon:186192	3
NCBITaxon:186196	7
NCBITaxon:186280	2
NCBITaxon:1863	2
NCBITaxon:186490	5
NCBITaxon:186497	9
NCBITaxon:186571	5
NCBITaxon:1866	4
NCBITaxon:186651	1
NCBITaxon:1867	1
NCBITaxon:186733	1
NCBITaxon:186739	2
NCBITaxon:186761	1
NCBITaxon:1867796	1
NCBITaxon:1868	1
NCBITaxon:1868793	1
NCBITaxon:1868794	1
NCBITaxon:1869	6
NCBITaxon:1869279	1
NCBITaxon:186931	6
NCBITaxon:1870902	1
NCBITaxon:187101	3
NCBITaxon:187102	5
NCBITaxon:1871043	1
NCBITaxon:1871047	1
NCBITaxon:1871052	1
NCBITaxon:1871086	1
NCBITaxon:187137	3
NCBITaxon:187145	8
NCBITaxon:1871616	1
NCBITaxon:1871620	1
NCBITaxon:1871628	1
NCBITaxon:1872122	1
NCBITaxon:1872578	1
NCBITaxon:1872629	1
NCBITaxon:1872678	5
NCBITaxon:1872700	1
NCBITaxon:187272	4
NCBITaxon:187303	2
NCBITaxon:187304	3
NCBITaxon:187311	1
NCBITaxon:187326	4
NCBITaxon:187327	13
NCBITaxon:187328	10
NCBITaxon:1873458	1
NCBITaxon:1873459	1
NCBITaxon:1873482	1
NCBITaxon:1873484	1
NCBITaxon:1874	2
NCBITaxon:187400	1
NCBITaxon:187410	6
NCBITaxon:187420	8
NCBITaxon:1874362	1
NCBITaxon:187452	3
NCBITaxon:187491	9
NCBITaxon:187493	7
NCBITaxon:1876	2
NCBITaxon:1877	1
NCBITaxon:187868	2
NCBITaxon:187878	4
NCBITaxon:187979	1
NCBITaxon:187980	2
NCBITaxon:187981	2
NCBITaxon:187982	15
NCBITaxon:188	7
NCBITaxon:1880	5
NCBITaxon:1881	2
NCBITaxon:188144	1
NCBITaxon:1882753	1
NCBITaxon:1882754	1
NCBITaxon:1882830	1
NCBITaxon:1882831	1
NCBITaxon:1884	1
NCBITaxon:1884351	1
NCBITaxon:1884352	1
NCBITaxon:1884353	1
NCBITaxon:1884585	1
NCBITaxon:1884656	1
NCBITaxon:1884657	1
NCBITaxon:1884669	1
NCBITaxon:1886	2
NCBITaxon:1886027	1
NCBITaxon:188626	4
NCBITaxon:1886518	5
NCBITaxon:1886519	4
NCBITaxon:1886529	3
NCBITaxon:1887	2
NCBITaxon:188770	10
NCBITaxon:188789	2
NCBITaxon:1888	8
NCBITaxon:1888168	1
NCBITaxon:188872	3
NCBITaxon:1889	1
NCBITaxon:188906	2
NCBITaxon:188908	2
NCBITaxon:188913	5
NCBITaxon:188915	3
NCBITaxon:188932	3
NCBITaxon:188937	6
NCBITaxon:189	3
NCBITaxon:1890	2
NCBITaxon:1890280	1
NCBITaxon:1890302	1
NCBITaxon:1890675	1
NCBITaxon:1891224	1
NCBITaxon:1891286	1
NCBITaxon:1891658	1
NCBITaxon:1891914	1
NCBITaxon:1892	5
NCBITaxon:1892811	2
NCBITaxon:1893	1
NCBITaxon:189381	2
NCBITaxon:189382	2
NCBITaxon:189385	1
NCBITaxon:189395	4
NCBITaxon:1894	3
NCBITaxon:189423	6
NCBITaxon:189425	6
NCBITaxon:189426	6
NCBITaxon:1894989	1
NCBITaxon:1895	1
NCBITaxon:189518	6
NCBITaxon:189540	1
NCBITaxon:1896	1
NCBITaxon:1896315	1
NCBITaxon:189691	11
NCBITaxon:189722	11
NCBITaxon:189723	17
NCBITaxon:189753	7
NCBITaxon:1897621	4
NCBITaxon:1898	1
NCBITaxon:1898176	5
NCBITaxon:189863	1
NCBITaxon:1898651	2
NCBITaxon:1898960	2
NCBITaxon:1898979	1
NCBITaxon:1899015	2
NCBITaxon:1899016	2
NCBITaxon:189918	10
NCBITaxon:189966	2
NCBITaxon:19	5
NCBITaxon:190	4
NCBITaxon:1901	4
NCBITaxon:190104	1
NCBITaxon:190146	2
NCBITaxon:190147	1
NCBITaxon:190192	8
NCBITaxon:190194	1
NCBITaxon:190195	2
NCBITaxon:190197	1
NCBITaxon:1902	6
NCBITaxon:1903	2
NCBITaxon:190304	7
NCBITaxon:190305	2
NCBITaxon:190308	2
NCBITaxon:190310	2
NCBITaxon:1903258	4
NCBITaxon:1903694	1
NCBITaxon:190387	1
NCBITaxon:1904	2
NCBITaxon:1904463	1
NCBITaxon:1904754	2
NCBITaxon:190485	5
NCBITaxon:1904864	1
NCBITaxon:1905	2
NCBITaxon:1906	4
NCBITaxon:190650	6
NCBITaxon:190655	2
NCBITaxon:1906745	1
NCBITaxon:1907	6
NCBITaxon:190721	2
NCBITaxon:1907344	1
NCBITaxon:1907345	1
NCBITaxon:1907939	1
NCBITaxon:1908	3
NCBITaxon:1908257	1
NCBITaxon:1908258	1
NCBITaxon:1908260	1
NCBITaxon:1908263	1
NCBITaxon:190892	2
NCBITaxon:190893	3
NCBITaxon:190895	4
NCBITaxon:190897	11
NCBITaxon:190898	2
NCBITaxon:1909	1
NCBITaxon:190905	2
NCBITaxon:190906	1
NCBITaxon:190967	1
NCBITaxon:1909699	3
NCBITaxon:190974	7
NCBITaxon:190975	6
NCBITaxon:190976	6
NCBITaxon:190977	6
NCBITaxon:1910	1
NCBITaxon:191026	5
NCBITaxon:191027	1
NCBITaxon:1911	10
NCBITaxon:1911679	3
NCBITaxon:1912	6
NCBITaxon:191218	6
NCBITaxon:1912855	1
NCBITaxon:191292	5
NCBITaxon:1913	1
NCBITaxon:191302	2
NCBITaxon:191389	4
NCBITaxon:191390	2
NCBITaxon:191391	2
NCBITaxon:1914	2
NCBITaxon:1914243	1
NCBITaxon:1914471	1
NCBITaxon:191493	2
NCBITaxon:191495	5
NCBITaxon:1914963	8
NCBITaxon:191497	3
NCBITaxon:1915	1
NCBITaxon:1915061	1
NCBITaxon:1915309	2
NCBITaxon:1915388	1
NCBITaxon:191553	1
NCBITaxon:191564	6
NCBITaxon:191577	16
NCBITaxon:191579	6
NCBITaxon:1916	5
NCBITaxon:191610	9
NCBITaxon:191630	15
NCBITaxon:1917180	1
NCBITaxon:1917181	1
NCBITaxon:1917182	1
NCBITaxon:191768	2
NCBITaxon:191770	5
NCBITaxon:1917811	1
NCBITaxon:1917820	3
NCBITaxon:1917822	3
NCBITaxon:1917830	3
NCBITaxon:1917863	3
NCBITaxon:191863	3
NCBITaxon:1919	1
NCBITaxon:191960	5
NCBITaxon:192	14
NCBITaxon:1920	1
NCBITaxon:1920512	1
NCBITaxon:192066	6
NCBITaxon:192073	10
NCBITaxon:1921	2
NCBITaxon:1921010	5
NCBITaxon:1922	2
NCBITaxon:192222	6
NCBITaxon:1923	1
NCBITaxon:192387	1
NCBITaxon:192389	3
NCBITaxon:1924	1
NCBITaxon:192421	4
NCBITaxon:1925548	1
NCBITaxon:1926	1
NCBITaxon:1926289	1
NCBITaxon:1926319	1
NCBITaxon:1927	8
NCBITaxon:192731	1
NCBITaxon:1928	1
NCBITaxon:192812	4
NCBITaxon:192814	2
NCBITaxon:192843	7
NCBITaxon:192903	18
NCBITaxon:192904	17
NCBITaxon:192952	7
NCBITaxon:192955	1
NCBITaxon:192994	4
NCBITaxon:193	9
NCBITaxon:1930	6
NCBITaxon:1930071	5
NCBITaxon:1930076	1
NCBITaxon:1931	2
NCBITaxon:1931992	5
NCBITaxon:1932	1
NCBITaxon:1932366	1
NCBITaxon:1933	8
NCBITaxon:193384	2
NCBITaxon:1934	1
NCBITaxon:193460	3
NCBITaxon:193461	2
NCBITaxon:193462	2
NCBITaxon:1935	1
NCBITaxon:1935204	1
NCBITaxon:193567	7
NCBITaxon:1936	1
NCBITaxon:1936003	1
NCBITaxon:1936207	1
NCBITaxon:1936292	1
NCBITaxon:1936991	1
NCBITaxon:1936993	3
NCBITaxon:1938	2
NCBITaxon:1938745	1
NCBITaxon:1938746	1
NCBITaxon:1940	1
NCBITaxon:1941	2
NCBITaxon:194196	2
NCBITaxon:194197	2
NCBITaxon:1942	1
NCBITaxon:1943	2
NCBITaxon:194326	5
NCBITaxon:1944	1
NCBITaxon:194439	8
NCBITaxon:194542	1
NCBITaxon:1945520	1
NCBITaxon:1945521	1
NCBITaxon:1945662	1
NCBITaxon:1946	2
NCBITaxon:194673	5
NCBITaxon:1947	1
NCBITaxon:194702	3
NCBITaxon:1948	1
NCBITaxon:194867	3
NCBITaxon:194963	2
NCBITaxon:195	7
NCBITaxon:1950	2
NCBITaxon:195064	3
NCBITaxon:195088	2
NCBITaxon:195099	6
NCBITaxon:1951	5
NCBITaxon:195102	8
NCBITaxon:195103	9
NCBITaxon:195105	6
NCBITaxon:1952	6
NCBITaxon:195250	3
NCBITaxon:195253	4
NCBITaxon:1954	2
NCBITaxon:1955	1
NCBITaxon:195522	1
NCBITaxon:1956	1
NCBITaxon:1957	1
NCBITaxon:195709	4
NCBITaxon:195748	2
NCBITaxon:195749	3
NCBITaxon:195801	4
NCBITaxon:195907	6
NCBITaxon:195913	8
NCBITaxon:195930	2
NCBITaxon:196	5
NCBITaxon:1960	1
NCBITaxon:196015	3
NCBITaxon:196024	7
NCBITaxon:1961	1
NCBITaxon:196162	7
NCBITaxon:196164	6
NCBITaxon:1962118	1
NCBITaxon:1963	3
NCBITaxon:196367	2
NCBITaxon:196490	7
NCBITaxon:1965231	1
NCBITaxon:1965277	1
NCBITaxon:196587	1
NCBITaxon:196588	5
NCBITaxon:196600	6
NCBITaxon:196620	6
NCBITaxon:196627	6
NCBITaxon:1967	1
NCBITaxon:1968	1
NCBITaxon:1969	2
NCBITaxon:196914	2
NCBITaxon:197	9
NCBITaxon:1970	2
NCBITaxon:197162	6
NCBITaxon:197183	2
NCBITaxon:1972	1
NCBITaxon:197221	3
NCBITaxon:197222	3
NCBITaxon:197232	3
NCBITaxon:197345	21
NCBITaxon:197461	10
NCBITaxon:197482	6
NCBITaxon:197575	4
NCBITaxon:197614	6
NCBITaxon:197653	1
NCBITaxon:1977084	1
NCBITaxon:1978549	4
NCBITaxon:198	1
NCBITaxon:198092	2
NCBITaxon:198093	2
NCBITaxon:198094	7
NCBITaxon:198119	23
NCBITaxon:1981983	2
NCBITaxon:198214	6
NCBITaxon:198215	6
NCBITaxon:1982316	2
NCBITaxon:1982317	2
NCBITaxon:1982325	2
NCBITaxon:1982326	2
NCBITaxon:1982328	2
NCBITaxon:198252	3
NCBITaxon:198312	3
NCBITaxon:198347	1
NCBITaxon:198466	7
NCBITaxon:198467	1
NCBITaxon:198480	2
NCBITaxon:198481	4
NCBITaxon:198482	2
NCBITaxon:198483	2
NCBITaxon:198484	2
NCBITaxon:198616	1
NCBITaxon:198618	3
NCBITaxon:198620	3
NCBITaxon:198628	6
NCBITaxon:198703	6
NCBITaxon:198706	1
NCBITaxon:198804	2
NCBITaxon:198815	1
NCBITaxon:198822	4
NCBITaxon:198832	2
NCBITaxon:1989	1
NCBITaxon:199	4
NCBITaxon:1990	4
NCBITaxon:1991	1
NCBITaxon:199136	3
NCBITaxon:1992	1
NCBITaxon:1993	3
NCBITaxon:199310	6
NCBITaxon:1993874	1
NCBITaxon:1994	2
NCBITaxon:199441	2
NCBITaxon:199591	3
NCBITaxon:199592	3
NCBITaxon:199596	4
NCBITaxon:1996	6
NCBITaxon:1997	5
NCBITaxon:1999	1
NCBITaxon:200	6
NCBITaxon:2001	5
NCBITaxon:200132	2
NCBITaxon:200252	7
NCBITaxon:200253	15
NCBITaxon:200254	4
NCBITaxon:200378	9
NCBITaxon:200379	2
NCBITaxon:200415	1
NCBITaxon:200450	3
NCBITaxon:200451	6
NCBITaxon:200452	2
NCBITaxon:200454	1
NCBITaxon:200475	2
NCBITaxon:200476	1
NCBITaxon:2005072	1
NCBITaxon:2005073	1
NCBITaxon:2006	3
NCBITaxon:200615	10
NCBITaxon:200617	2
NCBITaxon:200618	3
NCBITaxon:200624	1
NCBITaxon:200904	2
NCBITaxon:200905	1
NCBITaxon:200989	7
NCBITaxon:200990	7
NCBITaxon:200991	3
NCBITaxon:201	5
NCBITaxon:201185	2
NCBITaxon:2014	5
NCBITaxon:2014871	3
NCBITaxon:2014872	3
NCBITaxon:2014873	3
NCBITaxon:2014874	3
NCBITaxon:2015	3
NCBITaxon:2015592	1
NCBITaxon:201571	2
NCBITaxon:2017	2
NCBITaxon:2017483	1
NCBITaxon:2018083	1
NCBITaxon:201973	3
NCBITaxon:201975	4
NCBITaxon:202	2
NCBITaxon:2020	6
NCBITaxon:2020311	8
NCBITaxon:2020312	8
NCBITaxon:2020313	1
NCBITaxon:2021	5
NCBITaxon:202205	1
NCBITaxon:202206	1
NCBITaxon:202260	16
NCBITaxon:202261	20
NCBITaxon:2024	1
NCBITaxon:2024553	1
NCBITaxon:202462	3
NCBITaxon:2026	2
NCBITaxon:202604	4
NCBITaxon:202611	9
NCBITaxon:2026186	1
NCBITaxon:2026187	2
NCBITaxon:2026188	1
NCBITaxon:2026189	1
NCBITaxon:2026190	1
NCBITaxon:2026191	1
NCBITaxon:2026192	1
NCBITaxon:2026193	1
NCBITaxon:2026194	1
NCBITaxon:202747	5
NCBITaxon:202750	2
NCBITaxon:202751	7
NCBITaxon:202752	7
NCBITaxon:202772	1
NCBITaxon:202789	3
NCBITaxon:202862	13
NCBITaxon:202947	4
NCBITaxon:202948	1
NCBITaxon:202950	4
NCBITaxon:202951	3
NCBITaxon:202952	3
NCBITaxon:202954	2
NCBITaxon:202955	2
NCBITaxon:202956	3
NCBITaxon:203	7
NCBITaxon:2030	5
NCBITaxon:203119	6
NCBITaxon:203120	5
NCBITaxon:203122	7
NCBITaxon:203123	6
NCBITaxon:203124	5
NCBITaxon:203192	5
NCBITaxon:203263	1
NCBITaxon:203264	1
NCBITaxon:203267	6
NCBITaxon:203275	5
NCBITaxon:2033	8
NCBITaxon:2033848	1
NCBITaxon:203471	3
NCBITaxon:203482	2
NCBITaxon:2035	2
NCBITaxon:2035225	1
NCBITaxon:203523	3
NCBITaxon:203534	5
NCBITaxon:2036	3
NCBITaxon:203699	1
NCBITaxon:203795	2
NCBITaxon:203799	9
NCBITaxon:203862	1
NCBITaxon:2039	2
NCBITaxon:203907	4
NCBITaxon:204	8
NCBITaxon:204038	16
NCBITaxon:204039	14
NCBITaxon:204040	10
NCBITaxon:204042	17
NCBITaxon:204046	18
NCBITaxon:204050	6
NCBITaxon:204072	2
NCBITaxon:2041	1
NCBITaxon:204470	2
NCBITaxon:2044885	1
NCBITaxon:2045	9
NCBITaxon:204516	15
NCBITaxon:204525	2
NCBITaxon:2045279	3
NCBITaxon:204528	1
NCBITaxon:204536	9
NCBITaxon:204669	5
NCBITaxon:2047	5
NCBITaxon:204722	7
NCBITaxon:204773	14
NCBITaxon:204798	15
NCBITaxon:204799	7
NCBITaxon:204891	9
NCBITaxon:204934	1
NCBITaxon:204936	5
NCBITaxon:2051	4
NCBITaxon:2052	5
NCBITaxon:205327	3
NCBITaxon:205328	3
NCBITaxon:205332	2
NCBITaxon:2054	7
NCBITaxon:2055	7
NCBITaxon:2057	2
NCBITaxon:205844	14
NCBITaxon:205913	7
NCBITaxon:205914	5
NCBITaxon:205918	6
NCBITaxon:205919	7
NCBITaxon:205920	2
NCBITaxon:205921	6
NCBITaxon:205922	6
NCBITaxon:205941	2
NCBITaxon:206	4
NCBITaxon:206041	1
NCBITaxon:206042	1
NCBITaxon:206043	6
NCBITaxon:206045	3
NCBITaxon:206084	6
NCBITaxon:2061	5
NCBITaxon:206163	23
NCBITaxon:206249	7
NCBITaxon:206393	2
NCBITaxon:2064	1
NCBITaxon:206403	8
NCBITaxon:206499	12
NCBITaxon:2065	1
NCBITaxon:206505	19
NCBITaxon:206506	2
NCBITaxon:2066	4
NCBITaxon:206665	1
NCBITaxon:206672	7
NCBITaxon:2072	2
NCBITaxon:207243	2
NCBITaxon:207340	2
NCBITaxon:2074	4
NCBITaxon:2075	1
NCBITaxon:207559	6
NCBITaxon:2078	3
NCBITaxon:207809	1
NCBITaxon:207949	11
NCBITaxon:207954	17
NCBITaxon:208085	4
NCBITaxon:208199	15
NCBITaxon:2082	2
NCBITaxon:208216	3
NCBITaxon:208223	1
NCBITaxon:208224	6
NCBITaxon:208226	2
NCBITaxon:208435	6
NCBITaxon:208439	7
NCBITaxon:208441	8
NCBITaxon:208443	6
NCBITaxon:208444	2
NCBITaxon:208445	2
NCBITaxon:208479	3
NCBITaxon:208480	2
NCBITaxon:208557	1
NCBITaxon:208596	2
NCBITaxon:208602	1
NCBITaxon:2087	1
NCBITaxon:2089	1
NCBITaxon:208962	6
NCBITaxon:208963	6
NCBITaxon:208964	6
NCBITaxon:209080	8
NCBITaxon:209246	5
NCBITaxon:209247	6
NCBITaxon:209249	5
NCBITaxon:209252	8
NCBITaxon:209261	6
NCBITaxon:209389	18
NCBITaxon:209446	2
NCBITaxon:209458	1
NCBITaxon:2095	5
NCBITaxon:2096	5
NCBITaxon:209639	4
NCBITaxon:209649	6
NCBITaxon:209650	5
NCBITaxon:2097	3
NCBITaxon:2098	7
NCBITaxon:209841	4
NCBITaxon:209878	1
NCBITaxon:209880	1
NCBITaxon:209882	7
NCBITaxon:209897	10
NCBITaxon:2099	4
NCBITaxon:21	2
NCBITaxon:210	10
NCBITaxon:2100	3
NCBITaxon:210007	6
NCBITaxon:2102	4
NCBITaxon:2103	2
NCBITaxon:2104	4
NCBITaxon:210408	2
NCBITaxon:2105	5
NCBITaxon:210512	11
NCBITaxon:2106	1
NCBITaxon:210623	2
NCBITaxon:2107	3
NCBITaxon:2108	1
NCBITaxon:2109	4
NCBITaxon:2110	5
NCBITaxon:2111	3
NCBITaxon:211110	6
NCBITaxon:211113	2
NCBITaxon:211114	1
NCBITaxon:211146	29
NCBITaxon:211165	4
NCBITaxon:2112	1
NCBITaxon:2113	7
NCBITaxon:2114	1
NCBITaxon:2115	6
NCBITaxon:211502	1
NCBITaxon:211586	7
NCBITaxon:211589	6
NCBITaxon:2116	1
NCBITaxon:211668	6
NCBITaxon:211669	9
NCBITaxon:2117	1
NCBITaxon:2118	5
NCBITaxon:211880	1
NCBITaxon:211882	5
NCBITaxon:2119	1
NCBITaxon:212	4
NCBITaxon:2120	1
NCBITaxon:212020	11
NCBITaxon:212021	11
NCBITaxon:212042	4
NCBITaxon:212045	7
NCBITaxon:2121	4
NCBITaxon:2123	3
NCBITaxon:212403	2
NCBITaxon:2125	1
NCBITaxon:212659	2
NCBITaxon:212663	3
NCBITaxon:212667	2
NCBITaxon:212717	9
NCBITaxon:212765	2
NCBITaxon:212767	5
NCBITaxon:2128	2
NCBITaxon:213	6
NCBITaxon:2130	3
NCBITaxon:213185	7
NCBITaxon:213224	3
NCBITaxon:213231	9
NCBITaxon:213248	2
NCBITaxon:2133	5
NCBITaxon:213312	2
NCBITaxon:2134	2
NCBITaxon:213554	2
NCBITaxon:213585	2
NCBITaxon:213588	2
NCBITaxon:2136	1
NCBITaxon:213618	1
NCBITaxon:213631	5
NCBITaxon:213680	2
NCBITaxon:213783	1
NCBITaxon:2138	1
NCBITaxon:213806	6
NCBITaxon:213810	7
NCBITaxon:2139	2
NCBITaxon:214	7
NCBITaxon:214014	17
NCBITaxon:214092	6
NCBITaxon:214095	2
NCBITaxon:214106	1
NCBITaxon:2142	2
NCBITaxon:2143	2
NCBITaxon:214325	1
NCBITaxon:214326	2
NCBITaxon:2144	6
NCBITaxon:214473	3
NCBITaxon:214482	2
NCBITaxon:2145	2
NCBITaxon:214675	1
NCBITaxon:214688	7
NCBITaxon:2148	3
NCBITaxon:214851	2
NCBITaxon:214853	3
NCBITaxon:214856	3
NCBITaxon:2149	1
NCBITaxon:215	3
NCBITaxon:2151	2
NCBITaxon:215200	1
NCBITaxon:215220	2
NCBITaxon:215221	2
NCBITaxon:2153	1
NCBITaxon:215580	1
NCBITaxon:215590	2
NCBITaxon:215591	5
NCBITaxon:215689	6
NCBITaxon:215690	2
NCBITaxon:215691	1
NCBITaxon:215743	11
NCBITaxon:215803	4
NCBITaxon:215813	21
NCBITaxon:216	2
NCBITaxon:2161	8
NCBITaxon:216142	2
NCBITaxon:2162	10
NCBITaxon:2163	7
NCBITaxon:216389	6
NCBITaxon:216432	4
NCBITaxon:216463	1
NCBITaxon:216465	11
NCBITaxon:216591	5
NCBITaxon:216592	6
NCBITaxon:216594	6
NCBITaxon:216595	7
NCBITaxon:216596	7
NCBITaxon:216597	5
NCBITaxon:216598	5
NCBITaxon:216599	6
NCBITaxon:216600	5
NCBITaxon:216778	7
NCBITaxon:216816	6
NCBITaxon:216874	1
NCBITaxon:216895	6
NCBITaxon:216903	11
NCBITaxon:216929	16
NCBITaxon:216931	1
NCBITaxon:216932	2
NCBITaxon:216933	2
NCBITaxon:216934	2
NCBITaxon:216935	1
NCBITaxon:216936	2
NCBITaxon:216937	1
NCBITaxon:216938	2
NCBITaxon:216939	1
NCBITaxon:216941	1
NCBITaxon:216942	2
NCBITaxon:216943	1
NCBITaxon:216945	2
NCBITaxon:216946	2
NCBITaxon:216947	2
NCBITaxon:217	4
NCBITaxon:217031	23
NCBITaxon:217041	12
NCBITaxon:217067	2
NCBITaxon:217069	18
NCBITaxon:217070	1
NCBITaxon:217090	13
NCBITaxon:2171	9
NCBITaxon:217141	19
NCBITaxon:217158	1
NCBITaxon:217159	4
NCBITaxon:217163	1
NCBITaxon:217168	1
NCBITaxon:217169	7
NCBITaxon:217203	2
NCBITaxon:217204	2
NCBITaxon:217219	5
NCBITaxon:2173	8
NCBITaxon:217495	24
NCBITaxon:217511	3
NCBITaxon:217512	1
NCBITaxon:2176	10
NCBITaxon:2177	7
NCBITaxon:217992	1
NCBITaxon:218	1
NCBITaxon:2180	10
NCBITaxon:2181	5
NCBITaxon:218139	14
NCBITaxon:218140	12
NCBITaxon:218144	11
NCBITaxon:218158	8
NCBITaxon:218205	1
NCBITaxon:218206	1
NCBITaxon:218208	11
NCBITaxon:218284	11
NCBITaxon:218490	1
NCBITaxon:218491	6
NCBITaxon:218493	6
NCBITaxon:218494	7
NCBITaxon:218495	6
NCBITaxon:218496	6
NCBITaxon:218497	4
NCBITaxon:218538	3
NCBITaxon:2186	8
NCBITaxon:218670	2
NCBITaxon:218672	11
NCBITaxon:218673	15
NCBITaxon:2187	9
NCBITaxon:2188	9
NCBITaxon:218821	2
NCBITaxon:218822	2
NCBITaxon:218823	2
NCBITaxon:2189	7
NCBITaxon:218936	17
NCBITaxon:218983	6
NCBITaxon:2190	11
NCBITaxon:219182	19
NCBITaxon:2193	8
NCBITaxon:219301	6
NCBITaxon:219305	6
NCBITaxon:219314	4
NCBITaxon:219571	3
NCBITaxon:219572	24
NCBITaxon:219573	22
NCBITaxon:219574	24
NCBITaxon:219649	7
NCBITaxon:2197	7
NCBITaxon:219707	16
NCBITaxon:219745	1
NCBITaxon:219748	2
NCBITaxon:2198	9
NCBITaxon:2199	7
NCBITaxon:2200	7
NCBITaxon:2201	6
NCBITaxon:2203	10
NCBITaxon:220341	6
NCBITaxon:220343	9
NCBITaxon:220378	14
NCBITaxon:2205	7
NCBITaxon:220664	6
NCBITaxon:220668	5
NCBITaxon:220684	20
NCBITaxon:220685	25
NCBITaxon:220686	26
NCBITaxon:220687	19
NCBITaxon:220688	18
NCBITaxon:220697	36
NCBITaxon:220714	7
NCBITaxon:220752	7
NCBITaxon:220753	1
NCBITaxon:220754	15
NCBITaxon:2208	18
NCBITaxon:2209	13
NCBITaxon:220926	1
NCBITaxon:220927	4
NCBITaxon:220990	19
NCBITaxon:2210	10
NCBITaxon:221027	4
NCBITaxon:221028	19
NCBITaxon:221066	23
NCBITaxon:221109	7
NCBITaxon:221126	15
NCBITaxon:221276	2
NCBITaxon:221287	1
NCBITaxon:221288	1
NCBITaxon:221338	4
NCBITaxon:221359	6
NCBITaxon:221360	6
NCBITaxon:2214	15
NCBITaxon:221404	7
NCBITaxon:2215	12
NCBITaxon:221725	3
NCBITaxon:221799	2
NCBITaxon:221822	25
NCBITaxon:221988	8
NCBITaxon:221989	14
NCBITaxon:221992	4
NCBITaxon:2221	9
NCBITaxon:2223	8
NCBITaxon:2224	9
NCBITaxon:222523	7
NCBITaxon:222534	7
NCBITaxon:2226	12
NCBITaxon:222805	6
NCBITaxon:222814	27
NCBITaxon:222891	3
NCBITaxon:222984	1
NCBITaxon:223182	6
NCBITaxon:223184	12
NCBITaxon:223283	6
NCBITaxon:223389	21
NCBITaxon:223390	21
NCBITaxon:223392	13
NCBITaxon:2234	6
NCBITaxon:223527	6
NCBITaxon:223556	21
NCBITaxon:223786	6
NCBITaxon:223788	2
NCBITaxon:2238	3
NCBITaxon:223903	2
NCBITaxon:223919	2
NCBITaxon:223926	6
NCBITaxon:223958	13
NCBITaxon:223967	14
NCBITaxon:224013	1
NCBITaxon:2242	10
NCBITaxon:2243	1
NCBITaxon:224308	7
NCBITaxon:224312	27
NCBITaxon:224324	6
NCBITaxon:224325	7
NCBITaxon:224326	8
NCBITaxon:224402	2
NCBITaxon:224436	11
NCBITaxon:224438	11
NCBITaxon:2246	6
NCBITaxon:2247	4
NCBITaxon:224719	5
NCBITaxon:2248	1
NCBITaxon:224911	5
NCBITaxon:224914	7
NCBITaxon:224915	2
NCBITaxon:224999	10
NCBITaxon:2250	3
NCBITaxon:225004	16
NCBITaxon:225051	1
NCBITaxon:225084	13
NCBITaxon:225144	2
NCBITaxon:225193	1
NCBITaxon:225194	17
NCBITaxon:225195	2
NCBITaxon:225196	5
NCBITaxon:2252	3
NCBITaxon:225322	1
NCBITaxon:225323	2
NCBITaxon:225324	2
NCBITaxon:225325	14
NCBITaxon:225326	20
NCBITaxon:225327	16
NCBITaxon:225345	1
NCBITaxon:225347	4
NCBITaxon:225362	8
NCBITaxon:225422	18
NCBITaxon:225453	18
NCBITaxon:2257	3
NCBITaxon:225762	16
NCBITaxon:225843	17
NCBITaxon:225844	2
NCBITaxon:225848	14
NCBITaxon:225849	6
NCBITaxon:225894	3
NCBITaxon:225906	18
NCBITaxon:225915	20
NCBITaxon:225917	24
NCBITaxon:225937	6
NCBITaxon:225971	2
NCBITaxon:225985	16
NCBITaxon:225988	20
NCBITaxon:225991	1
NCBITaxon:225992	2
NCBITaxon:226010	16
NCBITaxon:226011	14
NCBITaxon:2261	8
NCBITaxon:226185	5
NCBITaxon:226186	5
NCBITaxon:2262	2
NCBITaxon:226217	8
NCBITaxon:2264	3
NCBITaxon:2265	5
NCBITaxon:226504	7
NCBITaxon:226505	8
NCBITaxon:226506	8
NCBITaxon:226665	5
NCBITaxon:2269	3
NCBITaxon:226900	7
NCBITaxon:227	4
NCBITaxon:227084	7
NCBITaxon:2271	2
NCBITaxon:227138	15
NCBITaxon:227316	17
NCBITaxon:227318	15
NCBITaxon:227319	11
NCBITaxon:227377	7
NCBITaxon:227476	13
NCBITaxon:2275	3
NCBITaxon:227597	1
NCBITaxon:227598	2
NCBITaxon:227605	5
NCBITaxon:2277	8
NCBITaxon:227715	1
NCBITaxon:2278	3
NCBITaxon:227865	9
NCBITaxon:227866	24
NCBITaxon:227882	9
NCBITaxon:227924	4
NCBITaxon:227941	4
NCBITaxon:227942	23
NCBITaxon:227943	18
NCBITaxon:227944	18
NCBITaxon:227945	17
NCBITaxon:228	4
NCBITaxon:2280	4
NCBITaxon:228005	11
NCBITaxon:228006	14
NCBITaxon:228229	12
NCBITaxon:228230	7
NCBITaxon:2283	5
NCBITaxon:228399	6
NCBITaxon:228400	5
NCBITaxon:228405	5
NCBITaxon:228410	7
NCBITaxon:228419	1
NCBITaxon:2285	10
NCBITaxon:228574	22
NCBITaxon:228576	2
NCBITaxon:228596	4
NCBITaxon:228599	4
NCBITaxon:2286	2
NCBITaxon:228600	6
NCBITaxon:228601	7
NCBITaxon:228602	1
NCBITaxon:228603	11
NCBITaxon:228604	16
NCBITaxon:228654	2
NCBITaxon:228655	12
NCBITaxon:2287	4
NCBITaxon:228745	9
NCBITaxon:2288	1
NCBITaxon:228899	10
NCBITaxon:228908	5
NCBITaxon:228924	5
NCBITaxon:228955	16
NCBITaxon:228956	8
NCBITaxon:228957	16
NCBITaxon:228958	11
NCBITaxon:228959	14
NCBITaxon:228973	18
NCBITaxon:2290	3
NCBITaxon:229007	19
NCBITaxon:229037	5
NCBITaxon:2291	2
NCBITaxon:229155	4
NCBITaxon:229193	6
NCBITaxon:2292	5
NCBITaxon:229203	6
NCBITaxon:229204	8
NCBITaxon:229205	3
NCBITaxon:2293	3
NCBITaxon:229480	18
NCBITaxon:229486	21
NCBITaxon:229545	3
NCBITaxon:229549	5
NCBITaxon:2296	4
NCBITaxon:2297	2
NCBITaxon:229731	1
NCBITaxon:229919	17
NCBITaxon:229920	14
NCBITaxon:229921	15
NCBITaxon:229980	1
NCBITaxon:23	16
NCBITaxon:2300	6
NCBITaxon:230091	2
NCBITaxon:230143	20
NCBITaxon:2303	3
NCBITaxon:230310	1
NCBITaxon:230356	9
NCBITaxon:230361	10
NCBITaxon:230470	13
NCBITaxon:230495	13
NCBITaxon:230667	7
NCBITaxon:2309	5
NCBITaxon:231023	1
NCBITaxon:231024	22
NCBITaxon:231025	5
NCBITaxon:231049	15
NCBITaxon:231053	7
NCBITaxon:231233	2
NCBITaxon:231434	1
NCBITaxon:231438	10
NCBITaxon:231439	1
NCBITaxon:231440	8
NCBITaxon:231447	14
NCBITaxon:231455	12
NCBITaxon:2315	7
NCBITaxon:2317	9
NCBITaxon:2320	11
NCBITaxon:2322	3
NCBITaxon:232216	6
NCBITaxon:232259	19
NCBITaxon:232270	20
NCBITaxon:232348	2
NCBITaxon:232363	2
NCBITaxon:232444	2
NCBITaxon:2325	6
NCBITaxon:232721	7
NCBITaxon:232846	2
NCBITaxon:232991	3
NCBITaxon:233055	2
NCBITaxon:2331	4
NCBITaxon:233100	2
NCBITaxon:233101	5
NCBITaxon:233150	7
NCBITaxon:233181	2
NCBITaxon:233316	33
NCBITaxon:233412	5
NCBITaxon:233413	6
NCBITaxon:233583	15
NCBITaxon:2336	7
NCBITaxon:2337	4
NCBITaxon:2340	1
NCBITaxon:2341	1
NCBITaxon:2342	1
NCBITaxon:234267	6
NCBITaxon:234613	14
NCBITaxon:234614	11
NCBITaxon:234621	6
NCBITaxon:234826	3
NCBITaxon:234827	2
NCBITaxon:234828	8
NCBITaxon:234831	6
NCBITaxon:234834	2
NCBITaxon:234835	1
NCBITaxon:234908	1
NCBITaxon:235	8
NCBITaxon:2350	2
NCBITaxon:235140	5
NCBITaxon:2352	3
NCBITaxon:235279	6
NCBITaxon:2354	1
NCBITaxon:2358	6
NCBITaxon:235909	7
NCBITaxon:235932	3
NCBITaxon:235985	2
NCBITaxon:235986	15
NCBITaxon:236	3
NCBITaxon:236067	16
NCBITaxon:236068	15
NCBITaxon:236097	8
NCBITaxon:236100	17
NCBITaxon:236402	4
NCBITaxon:236508	11
NCBITaxon:236510	8
NCBITaxon:236511	10
NCBITaxon:236753	7
NCBITaxon:236814	6
NCBITaxon:2369	6
NCBITaxon:237017	20
NCBITaxon:237018	18
NCBITaxon:237019	19
NCBITaxon:237069	21
NCBITaxon:2371	6
NCBITaxon:237258	9
NCBITaxon:237373	22
NCBITaxon:2374	4
NCBITaxon:237446	2
NCBITaxon:237530	20
NCBITaxon:237576	10
NCBITaxon:2376	2
NCBITaxon:237609	5
NCBITaxon:237611	7
NCBITaxon:237612	10
NCBITaxon:237679	23
NCBITaxon:237682	1
NCBITaxon:237684	2
NCBITaxon:2377	3
NCBITaxon:237727	6
NCBITaxon:2378	5
NCBITaxon:238	4
NCBITaxon:238012	1
NCBITaxon:238013	2
NCBITaxon:238015	3
NCBITaxon:238030	3
NCBITaxon:238083	4
NCBITaxon:2382	1
NCBITaxon:238241	1
NCBITaxon:238540	4
NCBITaxon:238800	2
NCBITaxon:238834	2
NCBITaxon:238836	7
NCBITaxon:238964	23
NCBITaxon:238991	9
NCBITaxon:239	1
NCBITaxon:239498	19
NCBITaxon:239935	3
NCBITaxon:239974	9
NCBITaxon:239984	10
NCBITaxon:24	11
NCBITaxon:240015	6
NCBITaxon:240016	6
NCBITaxon:240017	5
NCBITaxon:240125	6
NCBITaxon:240166	12
NCBITaxon:240167	7
NCBITaxon:240169	7
NCBITaxon:240237	5
NCBITaxon:240292	4
NCBITaxon:240302	13
NCBITaxon:240303	12
NCBITaxon:240427	12
NCBITaxon:240505	4
NCBITaxon:240521	21
NCBITaxon:240840	2
NCBITaxon:241145	12
NCBITaxon:241244	15
NCBITaxon:241413	12
NCBITaxon:241416	4
NCBITaxon:241425	3
NCBITaxon:241555	10
NCBITaxon:2421	4
NCBITaxon:242129	7
NCBITaxon:242161	3
NCBITaxon:242163	3
NCBITaxon:242230	1
NCBITaxon:242231	6
NCBITaxon:2423	2
NCBITaxon:2424	5
NCBITaxon:2426	2
NCBITaxon:242606	4
NCBITaxon:242619	7
NCBITaxon:242698	18
NCBITaxon:242703	1
NCBITaxon:242737	1
NCBITaxon:242750	13
NCBITaxon:243061	1
NCBITaxon:243063	1
NCBITaxon:243090	6
NCBITaxon:243159	8
NCBITaxon:243160	6
NCBITaxon:243161	4
NCBITaxon:243164	9
NCBITaxon:243230	6
NCBITaxon:243231	6
NCBITaxon:243232	10
NCBITaxon:243233	4
NCBITaxon:243243	6
NCBITaxon:243261	6
NCBITaxon:243265	6
NCBITaxon:243272	7
NCBITaxon:243273	8
NCBITaxon:243274	6
NCBITaxon:243275	6
NCBITaxon:243276	7
NCBITaxon:243277	6
NCBITaxon:243365	6
NCBITaxon:2434	6
NCBITaxon:243629	25
NCBITaxon:243690	1
NCBITaxon:243701	3
NCBITaxon:243838	5
NCBITaxon:243924	18
NCBITaxon:244	3
NCBITaxon:244292	5
NCBITaxon:244319	6
NCBITaxon:244365	6
NCBITaxon:244366	8
NCBITaxon:244566	37
NCBITaxon:244573	14
NCBITaxon:244581	2
NCBITaxon:244584	5
NCBITaxon:244592	5
NCBITaxon:244596	15
NCBITaxon:244734	9
NCBITaxon:244735	14
NCBITaxon:244787	12
NCBITaxon:245	2
NCBITaxon:245012	7
NCBITaxon:245014	7
NCBITaxon:245160	16
NCBITaxon:245187	8
NCBITaxon:245188	7
NCBITaxon:245294	11
NCBITaxon:245385	9
NCBITaxon:245836	11
NCBITaxon:246	1
NCBITaxon:246144	17
NCBITaxon:246167	15
NCBITaxon:246191	11
NCBITaxon:246194	3
NCBITaxon:246195	4
NCBITaxon:246196	6
NCBITaxon:246197	7
NCBITaxon:246198	5
NCBITaxon:246199	8
NCBITaxon:246200	4
NCBITaxon:246201	7
NCBITaxon:246202	5
NCBITaxon:246264	6
NCBITaxon:246272	19
NCBITaxon:246432	7
NCBITaxon:246602	1
NCBITaxon:246603	20
NCBITaxon:246613	18
NCBITaxon:246786	28
NCBITaxon:246787	23
NCBITaxon:246796	34
NCBITaxon:246969	6
NCBITaxon:247	2
NCBITaxon:247022	15
NCBITaxon:247156	9
NCBITaxon:247157	6
NCBITaxon:247333	18
NCBITaxon:247480	4
NCBITaxon:247482	2
NCBITaxon:247486	1
NCBITaxon:247490	5
NCBITaxon:247523	8
NCBITaxon:247633	2
NCBITaxon:247634	3
NCBITaxon:247639	2
NCBITaxon:248026	12
NCBITaxon:248039	6
NCBITaxon:248315	1
NCBITaxon:248316	2
NCBITaxon:248451	13
NCBITaxon:248452	12
NCBITaxon:248551	1
NCBITaxon:248552	1
NCBITaxon:248902	23
NCBITaxon:248903	17
NCBITaxon:248905	16
NCBITaxon:248906	18
NCBITaxon:248907	18
NCBITaxon:249	3
NCBITaxon:249058	16
NCBITaxon:249188	4
NCBITaxon:249189	3
NCBITaxon:249265	1
NCBITaxon:249351	7
NCBITaxon:249352	6
NCBITaxon:249402	2
NCBITaxon:249406	4
NCBITaxon:249409	2
NCBITaxon:249410	2
NCBITaxon:249567	13
NCBITaxon:25	2
NCBITaxon:250	3
NCBITaxon:251	3
NCBITaxon:251051	1
NCBITaxon:251221	4
NCBITaxon:251229	8
NCBITaxon:251535	2
NCBITaxon:251542	2
NCBITaxon:251701	4
NCBITaxon:251722	5
NCBITaxon:251747	20
NCBITaxon:252	2
NCBITaxon:252130	15
NCBITaxon:252230	18
NCBITaxon:252231	17
NCBITaxon:252246	20
NCBITaxon:252302	25
NCBITaxon:252305	5
NCBITaxon:252307	23
NCBITaxon:252394	13
NCBITaxon:252474	4
NCBITaxon:252514	12
NCBITaxon:252583	2
NCBITaxon:252597	8
NCBITaxon:252966	13
NCBITaxon:252967	16
NCBITaxon:252970	4
NCBITaxon:253	1
NCBITaxon:253107	1
NCBITaxon:253160	11
NCBITaxon:253184	13
NCBITaxon:253239	15
NCBITaxon:253245	7
NCBITaxon:253256	1
NCBITaxon:253257	4
NCBITaxon:253314	7
NCBITaxon:253703	21
NCBITaxon:253839	6
NCBITaxon:254	2
NCBITaxon:254161	6
NCBITaxon:254246	3
NCBITaxon:254247	2
NCBITaxon:254356	34
NCBITaxon:254357	10
NCBITaxon:254358	1
NCBITaxon:254406	1
NCBITaxon:254408	8
NCBITaxon:254410	5
NCBITaxon:254719	1
NCBITaxon:254757	23
NCBITaxon:254758	18
NCBITaxon:254759	23
NCBITaxon:254784	4
NCBITaxon:254785	9
NCBITaxon:254786	10
NCBITaxon:254787	24
NCBITaxon:254788	20
NCBITaxon:254793	13
NCBITaxon:254945	4
NCBITaxon:254954	18
NCBITaxon:254955	16
NCBITaxon:255042	11
NCBITaxon:255045	1
NCBITaxon:255205	22
NCBITaxon:255247	16
NCBITaxon:255457	1
NCBITaxon:255470	10
NCBITaxon:255507	5
NCBITaxon:255519	1
NCBITaxon:255616	2
NCBITaxon:255723	5
NCBITaxon:255984	10
NCBITaxon:256	4
NCBITaxon:256034	24
NCBITaxon:256035	20
NCBITaxon:256037	21
NCBITaxon:256323	11
NCBITaxon:256324	11
NCBITaxon:256325	10
NCBITaxon:256326	17
NCBITaxon:256549	1
NCBITaxon:256618	10
NCBITaxon:256701	3
NCBITaxon:256702	1
NCBITaxon:256731	3
NCBITaxon:256821	12
NCBITaxon:256826	8
NCBITaxon:256839	2
NCBITaxon:256847	2
NCBITaxon:257003	18
NCBITaxon:257274	1
NCBITaxon:257275	1
NCBITaxon:257277	1
NCBITaxon:257281	7
NCBITaxon:257309	7
NCBITaxon:257310	6
NCBITaxon:257311	6
NCBITaxon:257313	5
NCBITaxon:257314	5
NCBITaxon:257363	6
NCBITaxon:257438	4
NCBITaxon:257440	15
NCBITaxon:257446	12
NCBITaxon:257454	10
NCBITaxon:257758	5
NCBITaxon:257772	30
NCBITaxon:257984	2
NCBITaxon:258	4
NCBITaxon:258049	7
NCBITaxon:258050	10
NCBITaxon:258051	9
NCBITaxon:258052	8
NCBITaxon:258053	9
NCBITaxon:258224	5
NCBITaxon:258230	6
NCBITaxon:258256	15
NCBITaxon:258475	7
NCBITaxon:258505	5
NCBITaxon:258515	15
NCBITaxon:258533	10
NCBITaxon:258591	20
NCBITaxon:258594	5
NCBITaxon:258723	19
NCBITaxon:259	2
NCBITaxon:259059	12
NCBITaxon:259063	19
NCBITaxon:259354	9
NCBITaxon:259390	10
NCBITaxon:259536	5
NCBITaxon:259537	2
NCBITaxon:259564	9
NCBITaxon:259840	1
NCBITaxon:259899	1
NCBITaxon:260084	23
NCBITaxon:260085	19
NCBITaxon:260086	10
NCBITaxon:260364	11
NCBITaxon:260365	12
NCBITaxon:260552	10
NCBITaxon:260553	7
NCBITaxon:260554	27
NCBITaxon:260680	5
NCBITaxon:260714	5
NCBITaxon:260742	6
NCBITaxon:260799	6
NCBITaxon:261164	19
NCBITaxon:261290	3
NCBITaxon:261291	2
NCBITaxon:261292	5
NCBITaxon:261299	3
NCBITaxon:261302	8
NCBITaxon:261317	2
NCBITaxon:261392	4
NCBITaxon:261477	1
NCBITaxon:261524	6
NCBITaxon:261591	6
NCBITaxon:261594	6
NCBITaxon:261654	2
NCBITaxon:261685	14
NCBITaxon:261934	28
NCBITaxon:261938	6
NCBITaxon:261964	7
NCBITaxon:261965	8
NCBITaxon:262004	1
NCBITaxon:262005	1
NCBITaxon:262006	1
NCBITaxon:262076	10
NCBITaxon:262077	7
NCBITaxon:262208	3
NCBITaxon:262209	10
NCBITaxon:262316	6
NCBITaxon:262320	2
NCBITaxon:262323	1
NCBITaxon:262324	2
NCBITaxon:262325	8
NCBITaxon:262489	4
NCBITaxon:262543	7
NCBITaxon:262668	12
NCBITaxon:262698	6
NCBITaxon:262719	8
NCBITaxon:262722	8
NCBITaxon:262723	8
NCBITaxon:262724	4
NCBITaxon:262727	5
NCBITaxon:262728	5
NCBITaxon:262768	4
NCBITaxon:262806	18
NCBITaxon:262898	16
NCBITaxon:263	7
NCBITaxon:263067	1
NCBITaxon:263358	1
NCBITaxon:263378	7
NCBITaxon:263437	2
NCBITaxon:263438	1
NCBITaxon:263474	10
NCBITaxon:263475	6
NCBITaxon:263476	6
NCBITaxon:263511	2
NCBITaxon:263723	7
NCBITaxon:263724	8
NCBITaxon:263818	1
NCBITaxon:263819	7
NCBITaxon:263849	3
NCBITaxon:263852	12
NCBITaxon:263906	9
NCBITaxon:263908	12
NCBITaxon:263909	8
NCBITaxon:263910	1
NCBITaxon:264	5
NCBITaxon:264023	15
NCBITaxon:264027	2
NCBITaxon:264148	14
NCBITaxon:264198	8
NCBITaxon:264199	7
NCBITaxon:264201	2
NCBITaxon:264202	4
NCBITaxon:264203	8
NCBITaxon:264251	18
NCBITaxon:264297	2
NCBITaxon:264445	2
NCBITaxon:264446	3
NCBITaxon:264462	6
NCBITaxon:264463	16
NCBITaxon:264574	3
NCBITaxon:264633	1
NCBITaxon:264637	1
NCBITaxon:264639	1
NCBITaxon:264691	2
NCBITaxon:264697	1
NCBITaxon:264730	6
NCBITaxon:264731	5
NCBITaxon:264732	4
NCBITaxon:264736	25
NCBITaxon:264739	32
NCBITaxon:265072	5
NCBITaxon:265175	2
NCBITaxon:265291	3
NCBITaxon:265311	7
NCBITaxon:265425	11
NCBITaxon:265426	9
NCBITaxon:265429	2
NCBITaxon:265470	7
NCBITaxon:265477	3
NCBITaxon:265546	14
NCBITaxon:265606	23
NCBITaxon:265668	4
NCBITaxon:265669	6
NCBITaxon:265719	6
NCBITaxon:265726	13
NCBITaxon:265730	1
NCBITaxon:265883	20
NCBITaxon:265948	15
NCBITaxon:265949	4
NCBITaxon:265959	2
NCBITaxon:265960	2
NCBITaxon:265981	1
NCBITaxon:266	12
NCBITaxon:266009	2
NCBITaxon:266061	6
NCBITaxon:266062	12
NCBITaxon:266117	6
NCBITaxon:266121	2
NCBITaxon:266122	12
NCBITaxon:266123	27
NCBITaxon:266125	12
NCBITaxon:266126	13
NCBITaxon:266127	8
NCBITaxon:266128	9
NCBITaxon:266130	12
NCBITaxon:266264	7
NCBITaxon:266265	7
NCBITaxon:266748	3
NCBITaxon:266749	2
NCBITaxon:266762	1
NCBITaxon:266779	7
NCBITaxon:266805	8
NCBITaxon:266809	18
NCBITaxon:266810	1
NCBITaxon:266812	1
NCBITaxon:266834	6
NCBITaxon:266835	6
NCBITaxon:266854	33
NCBITaxon:266892	18
NCBITaxon:266940	7
NCBITaxon:266951	1
NCBITaxon:266952	1
NCBITaxon:267	2
NCBITaxon:267125	4
NCBITaxon:267135	13
NCBITaxon:267212	2
NCBITaxon:267363	12
NCBITaxon:267364	13
NCBITaxon:267374	4
NCBITaxon:267375	1
NCBITaxon:267377	10
NCBITaxon:267409	6
NCBITaxon:267410	6
NCBITaxon:267608	5
NCBITaxon:267633	16
NCBITaxon:267671	6
NCBITaxon:267745	2
NCBITaxon:267746	2
NCBITaxon:267747	7
NCBITaxon:267748	9
NCBITaxon:267800	6
NCBITaxon:267818	4
NCBITaxon:267850	11
NCBITaxon:267854	18
NCBITaxon:267870	4
NCBITaxon:267872	2
NCBITaxon:267990	7
NCBITaxon:268407	28
NCBITaxon:268410	2
NCBITaxon:268735	6
NCBITaxon:268739	5
NCBITaxon:269069	1
NCBITaxon:269084	7
NCBITaxon:269144	11
NCBITaxon:269253	11
NCBITaxon:269259	10
NCBITaxon:269261	11
NCBITaxon:269420	20
NCBITaxon:269421	22
NCBITaxon:269454	6
NCBITaxon:269482	5
NCBITaxon:269484	4
NCBITaxon:269536	2
NCBITaxon:269660	6
NCBITaxon:269666	6
NCBITaxon:269670	1
NCBITaxon:269671	1
NCBITaxon:269672	3
NCBITaxon:269673	6
NCBITaxon:269709	5
NCBITaxon:269774	12
NCBITaxon:269796	7
NCBITaxon:269797	7
NCBITaxon:269798	7
NCBITaxon:269799	6
NCBITaxon:2698	2
NCBITaxon:269800	8
NCBITaxon:269801	7
NCBITaxon:2699	1
NCBITaxon:2702	8
NCBITaxon:270249	1
NCBITaxon:270250	3
NCBITaxon:270343	1
NCBITaxon:270344	1
NCBITaxon:270345	1
NCBITaxon:270350	19
NCBITaxon:270351	20
NCBITaxon:270368	5
NCBITaxon:270374	8
NCBITaxon:2704	1
NCBITaxon:270495	12
NCBITaxon:270496	3
NCBITaxon:270689	2
NCBITaxon:270914	20
NCBITaxon:270915	1
NCBITaxon:270916	4
NCBITaxon:270918	3
NCBITaxon:270920	1
NCBITaxon:270921	1
NCBITaxon:271	4
NCBITaxon:271065	5
NCBITaxon:271091	10
NCBITaxon:271096	21
NCBITaxon:271097	23
NCBITaxon:271098	22
NCBITaxon:271099	22
NCBITaxon:271155	8
NCBITaxon:271156	9
NCBITaxon:271157	9
NCBITaxon:271160	2
NCBITaxon:2714	10
NCBITaxon:271417	24
NCBITaxon:271420	1
NCBITaxon:271431	6
NCBITaxon:271432	12
NCBITaxon:271433	6
NCBITaxon:271434	9
NCBITaxon:2718	2
NCBITaxon:271848	6
NCBITaxon:271881	1
NCBITaxon:272123	5
NCBITaxon:272129	3
NCBITaxon:272131	5
NCBITaxon:272134	4
NCBITaxon:272161	31
NCBITaxon:272164	9
NCBITaxon:272210	13
NCBITaxon:272239	6
NCBITaxon:272240	15
NCBITaxon:272241	5
NCBITaxon:2724	2
NCBITaxon:272548	21
NCBITaxon:272556	5
NCBITaxon:272557	7
NCBITaxon:272558	6
NCBITaxon:272559	5
NCBITaxon:272560	5
NCBITaxon:272561	4
NCBITaxon:272562	8
NCBITaxon:272563	8
NCBITaxon:272564	6
NCBITaxon:272567	7
NCBITaxon:272568	8
NCBITaxon:272569	8
NCBITaxon:272620	7
NCBITaxon:272621	4
NCBITaxon:272622	6
NCBITaxon:272623	6
NCBITaxon:272624	6
NCBITaxon:272626	6
NCBITaxon:272627	5
NCBITaxon:272629	4
NCBITaxon:272630	7
NCBITaxon:272631	7
NCBITaxon:272632	8
NCBITaxon:272633	8
NCBITaxon:272634	8
NCBITaxon:272635	8
NCBITaxon:272774	1
NCBITaxon:272831	6
NCBITaxon:272843	5
NCBITaxon:272844	9
NCBITaxon:272914	2
NCBITaxon:272917	2
NCBITaxon:272918	19
NCBITaxon:272919	19
NCBITaxon:272942	7
NCBITaxon:272943	5
NCBITaxon:272944	6
NCBITaxon:272947	6
NCBITaxon:272951	6
NCBITaxon:272989	5
NCBITaxon:273032	2
NCBITaxon:273035	5
NCBITaxon:273036	6
NCBITaxon:273057	8
NCBITaxon:273063	6
NCBITaxon:273068	8
NCBITaxon:273075	7
NCBITaxon:273116	7
NCBITaxon:273119	5
NCBITaxon:273121	6
NCBITaxon:273123	6
NCBITaxon:273136	2
NCBITaxon:273164	12
NCBITaxon:273251	11
NCBITaxon:273376	4
NCBITaxon:273384	2
NCBITaxon:2734	2
NCBITaxon:273526	3
NCBITaxon:273527	2
NCBITaxon:273528	1
NCBITaxon:2736	2
NCBITaxon:273676	30
NCBITaxon:273677	30
NCBITaxon:273678	35
NCBITaxon:273793	15
NCBITaxon:2738	3
NCBITaxon:2739	2
NCBITaxon:274	8
NCBITaxon:2741	2
NCBITaxon:2743	14
NCBITaxon:274537	6
NCBITaxon:274539	3
NCBITaxon:274592	3
NCBITaxon:274593	14
NCBITaxon:2746	7
NCBITaxon:2748	3
NCBITaxon:274854	1
NCBITaxon:2749	1
NCBITaxon:275	1
NCBITaxon:2750	3
NCBITaxon:2751	8
NCBITaxon:2752	2
NCBITaxon:2754	4
NCBITaxon:2756	2
NCBITaxon:2757	2
NCBITaxon:276	7
NCBITaxon:277	4
NCBITaxon:277961	13
NCBITaxon:277988	2
NCBITaxon:278132	12
NCBITaxon:278137	7
NCBITaxon:278197	6
NCBITaxon:278209	13
NCBITaxon:278860	2
NCBITaxon:278956	4
NCBITaxon:278957	4
NCBITaxon:278958	3
NCBITaxon:278959	3
NCBITaxon:278961	1
NCBITaxon:278963	2
NCBITaxon:278990	30
NCBITaxon:278991	29
NCBITaxon:278992	7
NCBITaxon:278994	5
NCBITaxon:279010	6
NCBITaxon:279058	17
NCBITaxon:279113	19
NCBITaxon:279208	17
NCBITaxon:279215	12
NCBITaxon:279238	7
NCBITaxon:279262	1
NCBITaxon:279359	2
NCBITaxon:279360	1
NCBITaxon:279369	12
NCBITaxon:279446	9
NCBITaxon:279572	17
NCBITaxon:279573	17
NCBITaxon:279574	15
NCBITaxon:279714	7
NCBITaxon:279808	6
NCBITaxon:279810	2
NCBITaxon:279813	21
NCBITaxon:279824	2
NCBITaxon:279826	2
NCBITaxon:279827	2
NCBITaxon:279828	2
NCBITaxon:279832	11
NCBITaxon:280	4
NCBITaxon:280093	11
NCBITaxon:280147	1
NCBITaxon:280236	17
NCBITaxon:280238	9
NCBITaxon:280239	20
NCBITaxon:280240	18
NCBITaxon:28025	6
NCBITaxon:28026	4
NCBITaxon:28028	6
NCBITaxon:280293	11
NCBITaxon:28031	5
NCBITaxon:280332	1
NCBITaxon:280333	18
NCBITaxon:28034	12
NCBITaxon:28035	8
NCBITaxon:280354	6
NCBITaxon:280355	6
NCBITaxon:28037	7
NCBITaxon:28038	8
NCBITaxon:28039	1
NCBITaxon:28042	1
NCBITaxon:28044	1
NCBITaxon:28045	2
NCBITaxon:28047	2
NCBITaxon:280473	19
NCBITaxon:280477	6
NCBITaxon:280483	16
NCBITaxon:28049	4
NCBITaxon:28051	5
NCBITaxon:28052	1
NCBITaxon:280618	27
NCBITaxon:28064	5
NCBITaxon:28066	6
NCBITaxon:28068	9
NCBITaxon:28072	4
NCBITaxon:28077	1
NCBITaxon:28080	4
NCBITaxon:28082	6
NCBITaxon:28083	1
NCBITaxon:28084	1
NCBITaxon:28085	1
NCBITaxon:28087	1
NCBITaxon:280871	4
NCBITaxon:28088	1
NCBITaxon:28090	7
NCBITaxon:28091	4
NCBITaxon:28092	2
NCBITaxon:28094	2
NCBITaxon:28095	9
NCBITaxon:28097	1
NCBITaxon:28099	1
NCBITaxon:281	3
NCBITaxon:28101	2
NCBITaxon:28104	2
NCBITaxon:28106	1
NCBITaxon:28107	2
NCBITaxon:28108	5
NCBITaxon:28109	2
NCBITaxon:281090	7
NCBITaxon:281091	2
NCBITaxon:28110	4
NCBITaxon:281105	25
NCBITaxon:28111	6
NCBITaxon:28112	5
NCBITaxon:281120	2
NCBITaxon:28113	1
NCBITaxon:28114	2
NCBITaxon:28115	2
NCBITaxon:28116	7
NCBITaxon:28117	3
NCBITaxon:28118	8
NCBITaxon:281186	17
NCBITaxon:28119	2
NCBITaxon:28122	1
NCBITaxon:28123	2
NCBITaxon:28124	3
NCBITaxon:28125	5
NCBITaxon:281252	8
NCBITaxon:28126	5
NCBITaxon:28127	3
NCBITaxon:28128	6
NCBITaxon:28129	3
NCBITaxon:28130	6
NCBITaxon:281309	6
NCBITaxon:28131	7
NCBITaxon:281310	5
NCBITaxon:28132	5
NCBITaxon:28133	4
NCBITaxon:28134	6
NCBITaxon:28135	4
NCBITaxon:28136	6
NCBITaxon:281361	20
NCBITaxon:281362	18
NCBITaxon:28137	4
NCBITaxon:281375	1
NCBITaxon:281376	1
NCBITaxon:28139	2
NCBITaxon:28141	5
NCBITaxon:281467	1
NCBITaxon:281473	18
NCBITaxon:28151	5
NCBITaxon:28152	5
NCBITaxon:281689	4
NCBITaxon:28169	2
NCBITaxon:281714	11
NCBITaxon:28172	3
NCBITaxon:28173	3
NCBITaxon:281738	2
NCBITaxon:281739	2
NCBITaxon:28174	3
NCBITaxon:28175	3
NCBITaxon:28176	5
NCBITaxon:281785	23
NCBITaxon:28181	13
NCBITaxon:28182	2
NCBITaxon:28183	2
NCBITaxon:28184	3
NCBITaxon:28187	2
NCBITaxon:28188	3
NCBITaxon:28189	2
NCBITaxon:28192	1
NCBITaxon:281920	2
NCBITaxon:28195	1
NCBITaxon:28197	4
NCBITaxon:28198	1
NCBITaxon:28199	7
NCBITaxon:28200	2
NCBITaxon:28201	5
NCBITaxon:28202	3
NCBITaxon:28205	2
NCBITaxon:282060	10
NCBITaxon:282078	19
NCBITaxon:28210	1
NCBITaxon:28212	1
NCBITaxon:28213	1
NCBITaxon:28214	1
NCBITaxon:282197	25
NCBITaxon:282199	17
NCBITaxon:28220	5
NCBITaxon:28223	6
NCBITaxon:28227	6
NCBITaxon:28229	4
NCBITaxon:28230	2
NCBITaxon:282305	5
NCBITaxon:28232	11
NCBITaxon:28234	3
NCBITaxon:28235	2
NCBITaxon:28237	5
NCBITaxon:282402	14
NCBITaxon:282423	1
NCBITaxon:282458	6
NCBITaxon:282459	6
NCBITaxon:28251	4
NCBITaxon:28252	2
NCBITaxon:28254	22
NCBITaxon:28255	2
NCBITaxon:28258	2
NCBITaxon:28262	5
NCBITaxon:28264	4
NCBITaxon:282669	12
NCBITaxon:282676	4
NCBITaxon:282683	1
NCBITaxon:282684	19
NCBITaxon:282685	19
NCBITaxon:283165	5
NCBITaxon:283166	5
NCBITaxon:283169	4
NCBITaxon:28320	1
NCBITaxon:283686	2
NCBITaxon:283699	1
NCBITaxon:283702	7
NCBITaxon:283718	2
NCBITaxon:283734	19
NCBITaxon:283736	1
NCBITaxon:283737	16
NCBITaxon:283786	1
NCBITaxon:283811	24
NCBITaxon:283816	29
NCBITaxon:283877	2
NCBITaxon:283878	2
NCBITaxon:283923	1
NCBITaxon:283942	5
NCBITaxon:284016	2
NCBITaxon:284027	1
NCBITaxon:284028	1
NCBITaxon:284029	1
NCBITaxon:284030	1
NCBITaxon:284031	1
NCBITaxon:284032	1
NCBITaxon:284033	1
NCBITaxon:284035	1
NCBITaxon:284036	1
NCBITaxon:284039	1
NCBITaxon:284040	1
NCBITaxon:284041	1
NCBITaxon:284042	1
NCBITaxon:284043	2
NCBITaxon:284044	1
NCBITaxon:28442	3
NCBITaxon:28444	26
NCBITaxon:28445	2
NCBITaxon:284452	1
NCBITaxon:28446	2
NCBITaxon:28447	3
NCBITaxon:28448	4
NCBITaxon:28449	4
NCBITaxon:28450	7
NCBITaxon:284502	6
NCBITaxon:28452	5
NCBITaxon:28454	1
NCBITaxon:284570	10
NCBITaxon:284575	10
NCBITaxon:284577	16
NCBITaxon:284578	18
NCBITaxon:284579	16
NCBITaxon:284580	15
NCBITaxon:284581	16
NCBITaxon:284582	3
NCBITaxon:285	7
NCBITaxon:285070	25
NCBITaxon:285091	13
NCBITaxon:285106	7
NCBITaxon:285109	19
NCBITaxon:285258	3
NCBITaxon:285268	11
NCBITaxon:285279	24
NCBITaxon:285351	18
NCBITaxon:285444	1
NCBITaxon:285446	1
NCBITaxon:285447	1
NCBITaxon:285451	1
NCBITaxon:285453	1
NCBITaxon:285454	1
NCBITaxon:285515	1
NCBITaxon:285530	2
NCBITaxon:285536	1
NCBITaxon:285540	4
NCBITaxon:285545	1
NCBITaxon:285548	1
NCBITaxon:285556	1
NCBITaxon:285557	1
NCBITaxon:285558	1
NCBITaxon:285560	1
NCBITaxon:285561	1
NCBITaxon:285562	6
NCBITaxon:285563	1
NCBITaxon:285564	5
NCBITaxon:285566	1
NCBITaxon:285568	2
NCBITaxon:285572	1
NCBITaxon:285578	10
NCBITaxon:285665	1
NCBITaxon:285676	14
NCBITaxon:285679	15
NCBITaxon:285729	1
NCBITaxon:285983	7
NCBITaxon:286152	9
NCBITaxon:286156	2
NCBITaxon:286420	6
NCBITaxon:286438	1
NCBITaxon:286604	7
NCBITaxon:286636	7
NCBITaxon:286638	19
NCBITaxon:286698	12
NCBITaxon:286727	13
NCBITaxon:286730	1
NCBITaxon:286802	13
NCBITaxon:286803	10
NCBITaxon:286804	8
NCBITaxon:287	17
NCBITaxon:287097	9
NCBITaxon:287098	7
NCBITaxon:287099	6
NCBITaxon:287478	14
NCBITaxon:287487	8
NCBITaxon:287488	2
NCBITaxon:287535	14
NCBITaxon:287609	15
NCBITaxon:287752	3
NCBITaxon:287844	14
NCBITaxon:287930	8
NCBITaxon:287948	2
NCBITaxon:287986	5
NCBITaxon:287990	10
NCBITaxon:288	5
NCBITaxon:288000	6
NCBITaxon:288019	11
NCBITaxon:288022	20
NCBITaxon:288426	11
NCBITaxon:288436	6
NCBITaxon:288681	7
NCBITaxon:288705	6
NCBITaxon:28885	3
NCBITaxon:28887	2
NCBITaxon:28892	3
NCBITaxon:28893	1
NCBITaxon:28894	2
NCBITaxon:28896	3
NCBITaxon:288965	8
NCBITaxon:288966	7
NCBITaxon:28898	2
NCBITaxon:288992	8
NCBITaxon:288995	6
NCBITaxon:289003	9
NCBITaxon:28901	7
NCBITaxon:28903	5
NCBITaxon:28907	1
NCBITaxon:289370	21
NCBITaxon:289376	6
NCBITaxon:289377	5
NCBITaxon:289380	8
NCBITaxon:289397	7
NCBITaxon:289483	19
NCBITaxon:290	1
NCBITaxon:290052	1
NCBITaxon:290053	2
NCBITaxon:290054	2
NCBITaxon:290055	2
NCBITaxon:290109	2
NCBITaxon:290110	2
NCBITaxon:290111	2
NCBITaxon:290112	1
NCBITaxon:290231	6
NCBITaxon:290306	12
NCBITaxon:290315	7
NCBITaxon:290317	8
NCBITaxon:290318	9
NCBITaxon:290335	17
NCBITaxon:290336	1
NCBITaxon:290337	4
NCBITaxon:290338	4
NCBITaxon:290339	9
NCBITaxon:290340	9
NCBITaxon:290397	7
NCBITaxon:290398	7
NCBITaxon:290399	8
NCBITaxon:290400	8
NCBITaxon:290402	7
NCBITaxon:290434	7
NCBITaxon:290512	5
NCBITaxon:290513	4
NCBITaxon:290588	17
NCBITaxon:290589	18
NCBITaxon:290633	5
NCBITaxon:290732	9
NCBITaxon:290847	6
NCBITaxon:291045	34
NCBITaxon:291048	11
NCBITaxon:291112	8
NCBITaxon:291176	4
NCBITaxon:291179	12
NCBITaxon:291180	12
NCBITaxon:291182	6
NCBITaxon:291184	13
NCBITaxon:291186	14
NCBITaxon:291187	9
NCBITaxon:291188	9
NCBITaxon:291189	7
NCBITaxon:291190	17
NCBITaxon:291191	11
NCBITaxon:291192	10
NCBITaxon:291193	17
NCBITaxon:291272	2
NCBITaxon:291331	5
NCBITaxon:291370	2
NCBITaxon:291403	18
NCBITaxon:291594	5
NCBITaxon:291602	24
NCBITaxon:291644	4
NCBITaxon:291645	3
NCBITaxon:291742	15
NCBITaxon:291968	11
NCBITaxon:291985	2
NCBITaxon:291990	2
NCBITaxon:291995	20
NCBITaxon:292	13
NCBITaxon:292222	16
NCBITaxon:292407	19
NCBITaxon:292414	6
NCBITaxon:292415	8
NCBITaxon:292459	8
NCBITaxon:292461	1
NCBITaxon:292462	7
NCBITaxon:292563	3
NCBITaxon:292564	4
NCBITaxon:292566	2
NCBITaxon:292733	20
NCBITaxon:292734	20
NCBITaxon:292805	7
NCBITaxon:292806	8
NCBITaxon:292807	8
NCBITaxon:29282	4
NCBITaxon:29283	2
NCBITaxon:29284	2
NCBITaxon:29288	3
NCBITaxon:29291	5
NCBITaxon:29292	7
NCBITaxon:29299	2
NCBITaxon:293	5
NCBITaxon:29301	1
NCBITaxon:29303	5
NCBITaxon:29304	1
NCBITaxon:29305	1
NCBITaxon:293050	10
NCBITaxon:29306	1
NCBITaxon:293069	3
NCBITaxon:293075	5
NCBITaxon:293085	5
NCBITaxon:293089	13
NCBITaxon:293091	2
NCBITaxon:29313	1
NCBITaxon:29314	2
NCBITaxon:29316	3
NCBITaxon:29317	6
NCBITaxon:29318	1
NCBITaxon:29320	2
NCBITaxon:29321	3
NCBITaxon:29322	4
NCBITaxon:29323	6
NCBITaxon:293256	9
NCBITaxon:29329	3
NCBITaxon:29332	3
NCBITaxon:293371	2
NCBITaxon:293386	19
NCBITaxon:293387	10
NCBITaxon:293388	20
NCBITaxon:293389	23
NCBITaxon:29339	5
NCBITaxon:29341	2
NCBITaxon:29343	3
NCBITaxon:29344	7
NCBITaxon:29346	2
NCBITaxon:29347	3
NCBITaxon:29348	3
NCBITaxon:29349	3
NCBITaxon:29350	2
NCBITaxon:29353	4
NCBITaxon:29354	2
NCBITaxon:29355	2
NCBITaxon:293552	23
NCBITaxon:29356	6
NCBITaxon:29357	1
NCBITaxon:29358	1
NCBITaxon:29359	2
NCBITaxon:29360	5
NCBITaxon:293613	6
NCBITaxon:293614	6
NCBITaxon:29362	4
NCBITaxon:29363	7
NCBITaxon:29364	8
NCBITaxon:293647	4
NCBITaxon:29365	1
NCBITaxon:293653	7
NCBITaxon:29367	5
NCBITaxon:29369	3
NCBITaxon:29370	2
NCBITaxon:29371	5
NCBITaxon:29372	5
NCBITaxon:29373	6
NCBITaxon:29374	2
NCBITaxon:29375	3
NCBITaxon:29376	11
NCBITaxon:29378	6
NCBITaxon:29379	2
NCBITaxon:29380	6
NCBITaxon:29382	3
NCBITaxon:293826	7
NCBITaxon:29384	4
NCBITaxon:29385	5
NCBITaxon:29387	5
NCBITaxon:29388	6
NCBITaxon:29389	2
NCBITaxon:293890	12
NCBITaxon:29391	6
NCBITaxon:29394	3
NCBITaxon:293958	2
NCBITaxon:29396	1
NCBITaxon:29397	4
NCBITaxon:294	18
NCBITaxon:29401	1
NCBITaxon:29405	6
NCBITaxon:29408	6
NCBITaxon:29409	8
NCBITaxon:29419	3
NCBITaxon:29421	1
NCBITaxon:29422	2
NCBITaxon:29423	1
NCBITaxon:29425	1
NCBITaxon:29426	1
NCBITaxon:29427	3
NCBITaxon:29428	3
NCBITaxon:29429	3
NCBITaxon:29430	3
NCBITaxon:29432	2
NCBITaxon:29433	6
NCBITaxon:29434	5
NCBITaxon:29435	1
NCBITaxon:29438	6
NCBITaxon:29442	3
NCBITaxon:29443	2
NCBITaxon:29446	4
NCBITaxon:29447	7
NCBITaxon:29448	7
NCBITaxon:29449	8
NCBITaxon:29450	17
NCBITaxon:29459	4
NCBITaxon:29460	2
NCBITaxon:29461	4
NCBITaxon:29466	4
NCBITaxon:294671	8
NCBITaxon:29468	2
NCBITaxon:29469	1
NCBITaxon:294699	3
NCBITaxon:29470	1
NCBITaxon:29471	7
NCBITaxon:294710	13
NCBITaxon:29483	6
NCBITaxon:29484	3
NCBITaxon:29485	4
NCBITaxon:29486	7
NCBITaxon:29488	8
NCBITaxon:29489	7
NCBITaxon:29491	4
NCBITaxon:294934	7
NCBITaxon:294935	28
NCBITaxon:294936	31
NCBITaxon:29494	5
NCBITaxon:29495	3
NCBITaxon:29497	15
NCBITaxon:29498	2
NCBITaxon:29501	6
NCBITaxon:29505	5
NCBITaxon:29506	3
NCBITaxon:295065	6
NCBITaxon:295068	2
NCBITaxon:295069	11
NCBITaxon:29507	3
NCBITaxon:29508	3
NCBITaxon:295089	10
NCBITaxon:29510	2
NCBITaxon:29518	5
NCBITaxon:29519	5
NCBITaxon:29520	5
NCBITaxon:29522	1
NCBITaxon:29523	5
NCBITaxon:29524	1
NCBITaxon:295255	1
NCBITaxon:29527	1
NCBITaxon:29528	2
NCBITaxon:29529	2
NCBITaxon:29530	2
NCBITaxon:295319	6
NCBITaxon:295324	21
NCBITaxon:29533	3
NCBITaxon:29534	3
NCBITaxon:295352	15
NCBITaxon:295358	8
NCBITaxon:29536	5
NCBITaxon:29539	1
NCBITaxon:29540	5
NCBITaxon:295405	5
NCBITaxon:29541	4
NCBITaxon:295419	28
NCBITaxon:29542	2
NCBITaxon:295428	6
NCBITaxon:29543	3
NCBITaxon:29545	3
NCBITaxon:29546	2
NCBITaxon:29549	7
NCBITaxon:29552	1
NCBITaxon:29553	1
NCBITaxon:29554	1
NCBITaxon:29555	2
NCBITaxon:29556	1
NCBITaxon:29557	3
NCBITaxon:29558	1
NCBITaxon:295585	16
NCBITaxon:29559	8
NCBITaxon:29562	3
NCBITaxon:29563	2
NCBITaxon:29571	2
NCBITaxon:29573	2
NCBITaxon:29575	6
NCBITaxon:29581	6
NCBITaxon:296	5
NCBITaxon:296052	18
NCBITaxon:296199	15
NCBITaxon:296218	16
NCBITaxon:296591	7
NCBITaxon:296745	22
NCBITaxon:296842	5
NCBITaxon:297	3
NCBITaxon:297171	10
NCBITaxon:297244	7
NCBITaxon:297245	6
NCBITaxon:297246	6
NCBITaxon:297318	15
NCBITaxon:297352	5
NCBITaxon:297536	11
NCBITaxon:297584	1
NCBITaxon:298	2
NCBITaxon:298163	17
NCBITaxon:298386	7
NCBITaxon:298598	6
NCBITaxon:298653	8
NCBITaxon:298654	8
NCBITaxon:298655	7
NCBITaxon:298657	11
NCBITaxon:298701	6
NCBITaxon:298708	12
NCBITaxon:298794	20
NCBITaxon:298908	2
NCBITaxon:299072	11
NCBITaxon:299146	1
NCBITaxon:299152	2
NCBITaxon:299214	2
NCBITaxon:299255	13
NCBITaxon:299262	3
NCBITaxon:299308	7
NCBITaxon:299462	29
NCBITaxon:299480	11
NCBITaxon:299567	19
NCBITaxon:299583	1
NCBITaxon:299767	2
NCBITaxon:299768	7
NCBITaxon:300	14
NCBITaxon:300018	27
NCBITaxon:300019	19
NCBITaxon:300028	8
NCBITaxon:300029	6
NCBITaxon:300179	8
NCBITaxon:300181	19
NCBITaxon:300193	13
NCBITaxon:300231	2
NCBITaxon:300266	13
NCBITaxon:300267	8
NCBITaxon:300268	8
NCBITaxon:300269	8
NCBITaxon:300419	7
NCBITaxon:300560	15
NCBITaxon:300825	22
NCBITaxon:300852	4
NCBITaxon:301	1
NCBITaxon:301092	15
NCBITaxon:301141	16
NCBITaxon:301148	10
NCBITaxon:301154	20
NCBITaxon:301301	1
NCBITaxon:301302	6
NCBITaxon:301375	6
NCBITaxon:301388	16
NCBITaxon:301447	3
NCBITaxon:301541	3
NCBITaxon:301585	1
NCBITaxon:301953	2
NCBITaxon:301967	4
NCBITaxon:302044	13
NCBITaxon:302167	15
NCBITaxon:302168	11
NCBITaxon:302401	12
NCBITaxon:302406	6
NCBITaxon:302409	4
NCBITaxon:302449	6
NCBITaxon:302481	13
NCBITaxon:302484	16
NCBITaxon:302911	2
NCBITaxon:303	13
NCBITaxon:303118	1
NCBITaxon:303240	1
NCBITaxon:303241	11
NCBITaxon:303380	2
NCBITaxon:303541	7
NCBITaxon:303682	2
NCBITaxon:304	4
NCBITaxon:304077	8
NCBITaxon:304207	4
NCBITaxon:304268	11
NCBITaxon:304371	6
NCBITaxon:304413	10
NCBITaxon:304417	11
NCBITaxon:304736	6
NCBITaxon:304766	1
NCBITaxon:304767	1
NCBITaxon:304895	12
NCBITaxon:304899	7
NCBITaxon:304901	4
NCBITaxon:305	6
NCBITaxon:305507	19
NCBITaxon:305517	18
NCBITaxon:305700	2
NCBITaxon:305719	16
NCBITaxon:305793	19
NCBITaxon:305900	3
NCBITaxon:305977	8
NCBITaxon:306	6
NCBITaxon:306205	15
NCBITaxon:306254	6
NCBITaxon:306263	7
NCBITaxon:306264	6
NCBITaxon:306281	1
NCBITaxon:306282	4
NCBITaxon:306537	7
NCBITaxon:306540	22
NCBITaxon:306541	6
NCBITaxon:306542	2
NCBITaxon:306543	17
NCBITaxon:306544	2
NCBITaxon:306545	15
NCBITaxon:306546	16
NCBITaxon:306572	16
NCBITaxon:307119	13
NCBITaxon:307120	15
NCBITaxon:307121	1
NCBITaxon:307124	2
NCBITaxon:307126	16
NCBITaxon:307480	21
NCBITaxon:307483	1
NCBITaxon:307486	1
NCBITaxon:307497	1
NCBITaxon:307502	5
NCBITaxon:307521	16
NCBITaxon:307580	15
NCBITaxon:307627	5
NCBITaxon:307643	25
NCBITaxon:308111	13
NCBITaxon:308113	19
NCBITaxon:308116	20
NCBITaxon:308117	19
NCBITaxon:308163	7
NCBITaxon:308354	15
NCBITaxon:308994	9
NCBITaxon:309120	9
NCBITaxon:309788	5
NCBITaxon:309797	8
NCBITaxon:309798	8
NCBITaxon:309799	6
NCBITaxon:309800	8
NCBITaxon:309801	6
NCBITaxon:309803	8
NCBITaxon:309805	3
NCBITaxon:309806	19
NCBITaxon:309807	7
NCBITaxon:309868	2
NCBITaxon:309883	1
NCBITaxon:309884	1
NCBITaxon:309886	2
NCBITaxon:309887	2
NCBITaxon:309889	4
NCBITaxon:309890	4
NCBITaxon:309891	4
NCBITaxon:310037	4
NCBITaxon:310297	15
NCBITaxon:310298	14
NCBITaxon:310300	3
NCBITaxon:310353	16
NCBITaxon:310354	19
NCBITaxon:310355	18
NCBITaxon:310400	15
NCBITaxon:310514	20
NCBITaxon:310575	19
NCBITaxon:310767	5
NCBITaxon:310769	14
NCBITaxon:310779	11
NCBITaxon:310780	13
NCBITaxon:310781	12
NCBITaxon:310782	13
NCBITaxon:310783	11
NCBITaxon:311180	10
NCBITaxon:311182	12
NCBITaxon:311194	13
NCBITaxon:311208	17
NCBITaxon:311230	22
NCBITaxon:311234	22
NCBITaxon:311235	17
NCBITaxon:311244	14
NCBITaxon:311333	24
NCBITaxon:311334	33
NCBITaxon:311400	4
NCBITaxon:311402	5
NCBITaxon:311403	6
NCBITaxon:311410	3
NCBITaxon:311424	7
NCBITaxon:311458	2
NCBITaxon:311460	2
NCBITaxon:311789	8
NCBITaxon:312026	7
NCBITaxon:312089	10
NCBITaxon:312153	7
NCBITaxon:312168	1
NCBITaxon:312277	3
NCBITaxon:312279	16
NCBITaxon:312284	5
NCBITaxon:312285	7
NCBITaxon:312286	9
NCBITaxon:312306	4
NCBITaxon:312309	9
NCBITaxon:312539	3
NCBITaxon:312540	3
NCBITaxon:312720	15
NCBITaxon:313007	6
NCBITaxon:313367	8
NCBITaxon:313368	19
NCBITaxon:313382	5
NCBITaxon:313439	8
NCBITaxon:313587	5
NCBITaxon:313588	4
NCBITaxon:313589	4
NCBITaxon:313590	1
NCBITaxon:313594	5
NCBITaxon:313595	5
NCBITaxon:313596	6
NCBITaxon:313598	5
NCBITaxon:313603	5
NCBITaxon:313606	6
NCBITaxon:313612	3
NCBITaxon:313624	6
NCBITaxon:313625	6
NCBITaxon:313627	3
NCBITaxon:313628	5
NCBITaxon:313985	6
NCBITaxon:314092	7
NCBITaxon:314200	11
NCBITaxon:314202	25
NCBITaxon:314225	5
NCBITaxon:314229	2
NCBITaxon:314230	1
NCBITaxon:314231	5
NCBITaxon:314232	5
NCBITaxon:314235	9
NCBITaxon:314236	10
NCBITaxon:314237	14
NCBITaxon:314238	12
NCBITaxon:314253	8
NCBITaxon:314254	7
NCBITaxon:314255	19
NCBITaxon:314256	5
NCBITaxon:314257	1
NCBITaxon:314258	1
NCBITaxon:314260	7
NCBITaxon:314261	3
NCBITaxon:314262	6
NCBITaxon:314263	2
NCBITaxon:314264	5
NCBITaxon:314265	4
NCBITaxon:314266	7
NCBITaxon:314267	5
NCBITaxon:314268	4
NCBITaxon:314270	2
NCBITaxon:314271	1
NCBITaxon:314272	4
NCBITaxon:314274	4
NCBITaxon:314275	5
NCBITaxon:314276	6
NCBITaxon:314277	5
NCBITaxon:314278	7
NCBITaxon:314279	8
NCBITaxon:314280	7
NCBITaxon:314281	3
NCBITaxon:314282	6
NCBITaxon:314283	1
NCBITaxon:314285	2
NCBITaxon:314287	3
NCBITaxon:314288	6
NCBITaxon:314289	7
NCBITaxon:314290	6
NCBITaxon:314291	6
NCBITaxon:314292	6
NCBITaxon:314315	5
NCBITaxon:314319	33
NCBITaxon:314330	2
NCBITaxon:314342	6
NCBITaxon:314344	4
NCBITaxon:314345	3
NCBITaxon:314565	5
NCBITaxon:314607	4
NCBITaxon:314608	7
NCBITaxon:314722	9
NCBITaxon:314723	6
NCBITaxon:314724	7
NCBITaxon:314865	5
NCBITaxon:315277	4
NCBITaxon:315358	2
NCBITaxon:315405	8
NCBITaxon:315421	9
NCBITaxon:315423	5
NCBITaxon:315456	5
NCBITaxon:315478	14
NCBITaxon:315730	8
NCBITaxon:315749	8
NCBITaxon:315750	6
NCBITaxon:316	13
NCBITaxon:316055	5
NCBITaxon:316056	5
NCBITaxon:316057	5
NCBITaxon:316058	5
NCBITaxon:316067	8
NCBITaxon:316068	32
NCBITaxon:316273	5
NCBITaxon:316274	6
NCBITaxon:316275	7
NCBITaxon:316276	6
NCBITaxon:316277	3
NCBITaxon:316278	6
NCBITaxon:316279	7
NCBITaxon:316280	5
NCBITaxon:316284	6
NCBITaxon:316330	6
NCBITaxon:316335	8
NCBITaxon:316385	6
NCBITaxon:316401	7
NCBITaxon:316407	6
NCBITaxon:316435	5
NCBITaxon:316581	4
NCBITaxon:316997	5
NCBITaxon:317	7
NCBITaxon:317010	18
NCBITaxon:317015	13
NCBITaxon:317018	2
NCBITaxon:317019	11
NCBITaxon:317025	8
NCBITaxon:317575	9
NCBITaxon:317577	31
NCBITaxon:317619	3
NCBITaxon:317655	4
NCBITaxon:317658	13
NCBITaxon:317664	15
NCBITaxon:317735	12
NCBITaxon:317936	4
NCBITaxon:318114	2
NCBITaxon:318161	7
NCBITaxon:318167	7
NCBITaxon:318424	12
NCBITaxon:318425	10
NCBITaxon:318434	7
NCBITaxon:318456	2
NCBITaxon:318464	15
NCBITaxon:318586	7
NCBITaxon:318683	5
NCBITaxon:31899	6
NCBITaxon:318996	7
NCBITaxon:319003	6
NCBITaxon:319017	6
NCBITaxon:319054	24
NCBITaxon:31909	3
NCBITaxon:31910	4
NCBITaxon:319224	8
NCBITaxon:319225	6
NCBITaxon:319238	27
NCBITaxon:31943	1
NCBITaxon:319475	5
NCBITaxon:31954	1
NCBITaxon:31958	8
NCBITaxon:31959	2
NCBITaxon:31963	2
NCBITaxon:31964	6
NCBITaxon:319644	13
NCBITaxon:31965	1
NCBITaxon:319652	21
NCBITaxon:319653	2
NCBITaxon:319701	7
NCBITaxon:319705	4
NCBITaxon:319706	3
NCBITaxon:319707	2
NCBITaxon:319709	1
NCBITaxon:31971	2
NCBITaxon:31973	7
NCBITaxon:319795	5
NCBITaxon:319939	22
NCBITaxon:319947	16
NCBITaxon:31995	1
NCBITaxon:31996	1
NCBITaxon:319970	19
NCBITaxon:31998	8
NCBITaxon:32001	2
NCBITaxon:32002	5
NCBITaxon:32013	1
NCBITaxon:32016	2
NCBITaxon:32018	1
NCBITaxon:32019	3
NCBITaxon:32020	4
NCBITaxon:32021	1
NCBITaxon:32022	4
NCBITaxon:32023	2
NCBITaxon:32024	3
NCBITaxon:32025	4
NCBITaxon:320324	9
NCBITaxon:320371	5
NCBITaxon:320372	5
NCBITaxon:320373	5
NCBITaxon:320374	5
NCBITaxon:320388	6
NCBITaxon:320389	6
NCBITaxon:320390	5
NCBITaxon:32040	2
NCBITaxon:32042	6
NCBITaxon:32046	2
NCBITaxon:32047	5
NCBITaxon:320483	4
NCBITaxon:32049	8
NCBITaxon:320497	2
NCBITaxon:320502	8
NCBITaxon:32051	5
NCBITaxon:32054	3
NCBITaxon:32057	6
NCBITaxon:32062	1
NCBITaxon:320662	11
NCBITaxon:320771	5
NCBITaxon:320778	11
NCBITaxon:320787	29
NCBITaxon:320799	5
NCBITaxon:320909	16
NCBITaxon:320912	17
NCBITaxon:321	5
NCBITaxon:321195	1
NCBITaxon:321265	2
NCBITaxon:321266	2
NCBITaxon:321267	14
NCBITaxon:321268	14
NCBITaxon:321269	9
NCBITaxon:321314	6
NCBITaxon:321316	1
NCBITaxon:321317	1
NCBITaxon:321318	10
NCBITaxon:321325	12
NCBITaxon:321327	7
NCBITaxon:321332	7
NCBITaxon:321339	4
NCBITaxon:321661	1
NCBITaxon:321662	1
NCBITaxon:321763	4
NCBITaxon:321846	7
NCBITaxon:321895	10
NCBITaxon:321956	6
NCBITaxon:321967	5
NCBITaxon:321982	9
NCBITaxon:321983	9
NCBITaxon:321984	9
NCBITaxon:321985	8
NCBITaxon:322009	1
NCBITaxon:322095	3
NCBITaxon:322098	4
NCBITaxon:322159	8
NCBITaxon:322163	13
NCBITaxon:322505	6
NCBITaxon:322508	14
NCBITaxon:322509	14
NCBITaxon:322596	8
NCBITaxon:322601	1
NCBITaxon:322602	2
NCBITaxon:322710	6
NCBITaxon:322866	2
NCBITaxon:323097	6
NCBITaxon:323098	8
NCBITaxon:323259	8
NCBITaxon:323261	6
NCBITaxon:323273	8
NCBITaxon:323284	5
NCBITaxon:323412	6
NCBITaxon:323415	5
NCBITaxon:323423	18
NCBITaxon:323450	1
NCBITaxon:323621	18
NCBITaxon:323761	13
NCBITaxon:323848	6
NCBITaxon:323850	9
NCBITaxon:324057	5
NCBITaxon:324078	1
NCBITaxon:324079	2
NCBITaxon:324602	6
NCBITaxon:324617	2
NCBITaxon:324679	20
NCBITaxon:324767	3
NCBITaxon:324768	2
NCBITaxon:324831	5
NCBITaxon:324851	17
NCBITaxon:324852	12
NCBITaxon:324854	11
NCBITaxon:324855	18
NCBITaxon:324925	6
NCBITaxon:324952	20
NCBITaxon:325240	6
NCBITaxon:325473	26
NCBITaxon:325778	6
NCBITaxon:326069	12
NCBITaxon:326078	19
NCBITaxon:326297	6
NCBITaxon:326298	6
NCBITaxon:326320	9
NCBITaxon:326329	7
NCBITaxon:326423	5
NCBITaxon:326424	9
NCBITaxon:326425	5
NCBITaxon:326426	6
NCBITaxon:326427	5
NCBITaxon:326442	8
NCBITaxon:326474	24
NCBITaxon:326475	19
NCBITaxon:326522	11
NCBITaxon:326523	10
NCBITaxon:326537	14
NCBITaxon:326544	3
NCBITaxon:327095	6
NCBITaxon:327104	1
NCBITaxon:327160	2
NCBITaxon:327275	5
NCBITaxon:327277	4
NCBITaxon:327575	9
NCBITaxon:327939	10
NCBITaxon:328049	15
NCBITaxon:328075	17
NCBITaxon:328224	19
NCBITaxon:328225	11
NCBITaxon:328301	2
NCBITaxon:328396	18
NCBITaxon:328412	16
NCBITaxon:328415	28
NCBITaxon:328515	7
NCBITaxon:328517	2
NCBITaxon:328692	9
NCBITaxon:328812	4
NCBITaxon:328813	8
NCBITaxon:328814	8
NCBITaxon:328839	12
NCBITaxon:329	7
NCBITaxon:329186	6
NCBITaxon:329267	16
NCBITaxon:329406	14
NCBITaxon:329463	4
NCBITaxon:329523	2
NCBITaxon:329524	1
NCBITaxon:329545	5
NCBITaxon:329553	5
NCBITaxon:329562	6
NCBITaxon:329726	4
NCBITaxon:329854	17
NCBITaxon:329858	16
NCBITaxon:329936	3
NCBITaxon:329937	9
NCBITaxon:329988	1
NCBITaxon:329993	7
NCBITaxon:33	2
NCBITaxon:33002	1
NCBITaxon:33007	6
NCBITaxon:33008	1
NCBITaxon:330083	15
NCBITaxon:330084	10
NCBITaxon:33010	6
NCBITaxon:33011	4
NCBITaxon:33012	3
NCBITaxon:33014	1
NCBITaxon:33017	1
NCBITaxon:33018	4
NCBITaxon:33020	1
NCBITaxon:330214	5
NCBITaxon:33022	1
NCBITaxon:33023	1
NCBITaxon:33027	1
NCBITaxon:33028	4
NCBITaxon:33029	3
NCBITaxon:33030	3
NCBITaxon:33031	2
NCBITaxon:33032	5
NCBITaxon:33033	6
NCBITaxon:33034	5
NCBITaxon:33035	3
NCBITaxon:33036	6
NCBITaxon:33037	5
NCBITaxon:33038	2
NCBITaxon:33039	1
NCBITaxon:33040	3
NCBITaxon:33043	2
NCBITaxon:33044	3
NCBITaxon:33045	5
NCBITaxon:33046	2
NCBITaxon:33047	5
NCBITaxon:33049	1
NCBITaxon:33050	3
NCBITaxon:33051	1
NCBITaxon:33052	1
NCBITaxon:33053	3
NCBITaxon:33056	2
NCBITaxon:33058	2
NCBITaxon:33059	7
NCBITaxon:33060	3
NCBITaxon:330642	1
NCBITaxon:33069	6
NCBITaxon:33070	2
NCBITaxon:33072	2
NCBITaxon:330734	9
NCBITaxon:33074	5
NCBITaxon:33075	3
NCBITaxon:330779	8
NCBITaxon:330834	1
NCBITaxon:330835	1
NCBITaxon:330836	1
NCBITaxon:330919	12
NCBITaxon:330920	21
NCBITaxon:330922	8
NCBITaxon:330943	13
NCBITaxon:331104	6
NCBITaxon:331109	5
NCBITaxon:331111	6
NCBITaxon:331112	6
NCBITaxon:331113	1
NCBITaxon:331271	5
NCBITaxon:331272	5
NCBITaxon:331526	1
NCBITaxon:331618	9
NCBITaxon:331635	3
NCBITaxon:331636	3
NCBITaxon:331648	12
NCBITaxon:331678	7
NCBITaxon:331679	14
NCBITaxon:331680	1
NCBITaxon:331696	2
NCBITaxon:331697	2
NCBITaxon:331869	2
NCBITaxon:331978	5
NCBITaxon:331992	3
NCBITaxon:332055	5
NCBITaxon:332095	10
NCBITaxon:332101	5
NCBITaxon:332158	11
NCBITaxon:332163	2
NCBITaxon:332168	12
NCBITaxon:332174	1
NCBITaxon:332175	12
NCBITaxon:332186	28
NCBITaxon:332249	3
NCBITaxon:332340	24
NCBITaxon:332411	16
NCBITaxon:332415	2
NCBITaxon:332516	6
NCBITaxon:332522	8
NCBITaxon:332524	2
NCBITaxon:332582	1
NCBITaxon:332589	1
NCBITaxon:332591	1
NCBITaxon:332657	8
NCBITaxon:332949	20
NCBITaxon:332950	20
NCBITaxon:332953	11
NCBITaxon:332977	14
NCBITaxon:332999	22
NCBITaxon:333138	15
NCBITaxon:333139	23
NCBITaxon:333140	6
NCBITaxon:333146	4
NCBITaxon:333297	14
NCBITaxon:333367	3
NCBITaxon:333368	12
NCBITaxon:333374	1
NCBITaxon:333384	8
NCBITaxon:333702	8
NCBITaxon:333708	7
NCBITaxon:333849	5
NCBITaxon:333962	1
NCBITaxon:333963	14
NCBITaxon:333964	2
NCBITaxon:333965	20
NCBITaxon:333990	3
NCBITaxon:334122	6
NCBITaxon:334253	11
NCBITaxon:334380	6
NCBITaxon:334390	6
NCBITaxon:334406	5
NCBITaxon:334413	5
NCBITaxon:334424	1
NCBITaxon:334542	18
NCBITaxon:334543	10
NCBITaxon:334545	4
NCBITaxon:334576	5
NCBITaxon:334715	15
NCBITaxon:334727	1
NCBITaxon:334735	7
NCBITaxon:334736	7
NCBITaxon:334771	10
NCBITaxon:334802	3
NCBITaxon:334803	3
NCBITaxon:334852	19
NCBITaxon:334858	10
NCBITaxon:335017	7
NCBITaxon:335020	12
NCBITaxon:335283	5
NCBITaxon:335284	6
NCBITaxon:335286	33
NCBITaxon:335383	1
NCBITaxon:335406	6
NCBITaxon:335431	2
NCBITaxon:335476	32
NCBITaxon:335541	6
NCBITaxon:335543	6
NCBITaxon:335952	1
NCBITaxon:335972	17
NCBITaxon:335973	2
NCBITaxon:335975	6
NCBITaxon:335992	4
NCBITaxon:336203	3
NCBITaxon:336261	9
NCBITaxon:336292	33
NCBITaxon:336407	5
NCBITaxon:336566	12
NCBITaxon:336804	20
NCBITaxon:336810	4
NCBITaxon:336819	7
NCBITaxon:336820	21
NCBITaxon:336828	2
NCBITaxon:336829	1
NCBITaxon:336982	6
NCBITaxon:336988	4
NCBITaxon:336989	12
NCBITaxon:337	3
NCBITaxon:337005	2
NCBITaxon:337090	3
NCBITaxon:337094	19
NCBITaxon:337097	6
NCBITaxon:337191	7
NCBITaxon:337243	14
NCBITaxon:337250	10
NCBITaxon:337255	1
NCBITaxon:337330	1
NCBITaxon:337480	4
NCBITaxon:337589	1
NCBITaxon:337701	23
NCBITaxon:337702	12
NCBITaxon:337779	5
NCBITaxon:337894	20
NCBITaxon:337895	17
NCBITaxon:338077	8
NCBITaxon:338188	15
NCBITaxon:338192	2
NCBITaxon:338193	8
NCBITaxon:338215	5
NCBITaxon:338565	5
NCBITaxon:338584	12
NCBITaxon:338644	10
NCBITaxon:33865	9
NCBITaxon:33871	2
NCBITaxon:33876	1
NCBITaxon:33879	2
NCBITaxon:33881	2
NCBITaxon:33883	3
NCBITaxon:33884	3
NCBITaxon:33885	5
NCBITaxon:33887	1
NCBITaxon:33888	1
NCBITaxon:338884	1
NCBITaxon:33889	4
NCBITaxon:33892	5
NCBITaxon:33894	6
NCBITaxon:33895	2
NCBITaxon:338963	5
NCBITaxon:338966	8
NCBITaxon:338969	6
NCBITaxon:33897	1
NCBITaxon:33898	1
NCBITaxon:33899	1
NCBITaxon:339	7
NCBITaxon:33900	1
NCBITaxon:33902	1
NCBITaxon:33903	7
NCBITaxon:33904	2
NCBITaxon:33905	4
NCBITaxon:33906	3
NCBITaxon:33907	1
NCBITaxon:33910	7
NCBITaxon:33911	1
NCBITaxon:33914	1
NCBITaxon:33917	3
NCBITaxon:33918	5
NCBITaxon:33919	1
NCBITaxon:33920	1
NCBITaxon:33921	1
NCBITaxon:33922	5
NCBITaxon:339268	6
NCBITaxon:33932	2
NCBITaxon:33934	3
NCBITaxon:33935	8
NCBITaxon:33936	9
NCBITaxon:33938	17
NCBITaxon:33939	1
NCBITaxon:33940	6
NCBITaxon:33941	6
NCBITaxon:33942	3
NCBITaxon:33943	6
NCBITaxon:33945	7
NCBITaxon:33946	3
NCBITaxon:33950	3
NCBITaxon:33952	4
NCBITaxon:33954	3
NCBITaxon:33957	2
NCBITaxon:33959	5
NCBITaxon:33960	3
NCBITaxon:33962	2
NCBITaxon:33964	7
NCBITaxon:339656	3
NCBITaxon:33966	2
NCBITaxon:33967	3
NCBITaxon:339670	7
NCBITaxon:339671	5
NCBITaxon:33968	6
NCBITaxon:33970	7
NCBITaxon:33977	1
NCBITaxon:33978	1
NCBITaxon:33984	3
NCBITaxon:339854	6
NCBITaxon:339860	5
NCBITaxon:339861	19
NCBITaxon:339862	12
NCBITaxon:339866	15
NCBITaxon:33987	2
NCBITaxon:33989	3
NCBITaxon:33990	3
NCBITaxon:33991	4
NCBITaxon:33992	4
NCBITaxon:33994	1
NCBITaxon:33995	2
NCBITaxon:33996	5
NCBITaxon:33999	3
NCBITaxon:34	6
NCBITaxon:34002	4
NCBITaxon:340021	2
NCBITaxon:34003	4
NCBITaxon:34004	3
NCBITaxon:340047	8
NCBITaxon:34005	5
NCBITaxon:34006	2
NCBITaxon:34007	13
NCBITaxon:340095	6
NCBITaxon:340099	8
NCBITaxon:34010	2
NCBITaxon:340100	6
NCBITaxon:340101	7
NCBITaxon:340102	7
NCBITaxon:34011	1
NCBITaxon:34014	2
NCBITaxon:340145	2
NCBITaxon:340146	2
NCBITaxon:340148	20
NCBITaxon:34015	4
NCBITaxon:34017	8
NCBITaxon:340172	12
NCBITaxon:340177	6
NCBITaxon:34018	2
NCBITaxon:340184	6
NCBITaxon:340185	6
NCBITaxon:340186	6
NCBITaxon:340197	6
NCBITaxon:34021	2
NCBITaxon:340214	17
NCBITaxon:34026	1
NCBITaxon:34027	8
NCBITaxon:34028	5
NCBITaxon:34029	3
NCBITaxon:34032	4
NCBITaxon:340320	2
NCBITaxon:340321	2
NCBITaxon:340322	6
NCBITaxon:340345	5
NCBITaxon:34038	5
NCBITaxon:340467	11
NCBITaxon:34058	2
NCBITaxon:34059	2
NCBITaxon:34060	2
NCBITaxon:34062	5
NCBITaxon:34068	5
NCBITaxon:340680	14
NCBITaxon:34070	1
NCBITaxon:34071	2
NCBITaxon:34073	8
NCBITaxon:34078	1
NCBITaxon:34085	4
NCBITaxon:34086	2
NCBITaxon:34087	1
NCBITaxon:34089	1
NCBITaxon:34090	2
NCBITaxon:34091	1
NCBITaxon:34092	7
NCBITaxon:34095	1
NCBITaxon:340956	6
NCBITaxon:34097	1
NCBITaxon:34101	2
NCBITaxon:34103	1
NCBITaxon:341036	8
NCBITaxon:341045	14
NCBITaxon:34105	2
NCBITaxon:341202	14
NCBITaxon:341470	12
NCBITaxon:341694	8
NCBITaxon:341722	13
NCBITaxon:342002	3
NCBITaxon:342108	6
NCBITaxon:342109	5
NCBITaxon:342110	5
NCBITaxon:342113	3
NCBITaxon:342230	9
NCBITaxon:342448	1
NCBITaxon:342451	6
NCBITaxon:342613	6
NCBITaxon:342614	6
NCBITaxon:342615	6
NCBITaxon:342616	6
NCBITaxon:342617	6
NCBITaxon:342666	2
NCBITaxon:342942	5
NCBITaxon:342944	14
NCBITaxon:342948	3
NCBITaxon:342949	6
NCBITaxon:342950	1
NCBITaxon:342954	7
NCBITaxon:342955	13
NCBITaxon:343	1
NCBITaxon:343013	19
NCBITaxon:343403	37
NCBITaxon:343509	7
NCBITaxon:343510	1
NCBITaxon:343512	7
NCBITaxon:343517	8
NCBITaxon:343874	5
NCBITaxon:344163	1
NCBITaxon:344164	1
NCBITaxon:344165	2
NCBITaxon:344166	1
NCBITaxon:344601	5
NCBITaxon:344609	8
NCBITaxon:344610	8
NCBITaxon:344616	2
NCBITaxon:344736	28
NCBITaxon:344743	2
NCBITaxon:344747	6
NCBITaxon:344748	2
NCBITaxon:344880	2
NCBITaxon:344881	11
NCBITaxon:344882	14
NCBITaxon:344883	7
NCBITaxon:344884	14
NCBITaxon:344998	9
NCBITaxon:345072	6
NCBITaxon:345073	7
NCBITaxon:345074	6
NCBITaxon:345075	6
NCBITaxon:345076	6
NCBITaxon:345219	6
NCBITaxon:345309	1
NCBITaxon:345312	1
NCBITaxon:345341	7
NCBITaxon:345342	2
NCBITaxon:345370	4
NCBITaxon:345592	4
NCBITaxon:345631	4
NCBITaxon:345632	8
NCBITaxon:345651	1
NCBITaxon:345663	2
NCBITaxon:345907	10
NCBITaxon:346	7
NCBITaxon:346045	5
NCBITaxon:346179	12
NCBITaxon:346181	11
NCBITaxon:346182	8
NCBITaxon:346183	9
NCBITaxon:346185	29
NCBITaxon:346188	18
NCBITaxon:346189	17
NCBITaxon:346377	22
NCBITaxon:346388	1
NCBITaxon:346389	1
NCBITaxon:346665	5
NCBITaxon:346911	24
NCBITaxon:346912	24
NCBITaxon:347	5
NCBITaxon:347253	5
NCBITaxon:347255	6
NCBITaxon:347256	5
NCBITaxon:347257	7
NCBITaxon:347258	4
NCBITaxon:347481	1
NCBITaxon:347483	8
NCBITaxon:347495	6
NCBITaxon:347534	20
NCBITaxon:347535	12
NCBITaxon:347834	7
NCBITaxon:348042	12
NCBITaxon:348043	4
NCBITaxon:348151	2
NCBITaxon:348442	24
NCBITaxon:348582	3
NCBITaxon:348609	7
NCBITaxon:348610	7
NCBITaxon:348776	6
NCBITaxon:348780	4
NCBITaxon:348818	22
NCBITaxon:348824	6
NCBITaxon:348826	11
NCBITaxon:348842	5
NCBITaxon:349064	6
NCBITaxon:349094	7
NCBITaxon:349095	7
NCBITaxon:349096	11
NCBITaxon:349101	5
NCBITaxon:349102	5
NCBITaxon:349106	7
NCBITaxon:349123	5
NCBITaxon:349124	6
NCBITaxon:349161	7
NCBITaxon:349163	6
NCBITaxon:349215	1
NCBITaxon:349221	2
NCBITaxon:349307	5
NCBITaxon:349313	2
NCBITaxon:349315	2
NCBITaxon:349316	2
NCBITaxon:349519	7
NCBITaxon:349520	5
NCBITaxon:349521	7
NCBITaxon:349522	10
NCBITaxon:349741	6
NCBITaxon:349746	6
NCBITaxon:349747	6
NCBITaxon:349750	10
NCBITaxon:349751	11
NCBITaxon:349931	9
NCBITaxon:349933	5
NCBITaxon:349934	20
NCBITaxon:349965	6
NCBITaxon:349966	7
NCBITaxon:349967	6
NCBITaxon:349968	6
NCBITaxon:35	1
NCBITaxon:350	5
NCBITaxon:350054	7
NCBITaxon:350058	7
NCBITaxon:350688	7
NCBITaxon:350701	6
NCBITaxon:350702	6
NCBITaxon:350703	6
NCBITaxon:350704	6
NCBITaxon:350814	1
NCBITaxon:350893	10
NCBITaxon:350894	6
NCBITaxon:351016	7
NCBITaxon:351025	4
NCBITaxon:351026	4
NCBITaxon:351052	6
NCBITaxon:351091	11
NCBITaxon:351095	23
NCBITaxon:351160	4
NCBITaxon:351187	4
NCBITaxon:351205	17
NCBITaxon:351215	30
NCBITaxon:351224	2
NCBITaxon:351343	18
NCBITaxon:351345	13
NCBITaxon:351348	8
NCBITaxon:351581	6
NCBITaxon:351604	8
NCBITaxon:351605	9
NCBITaxon:351607	4
NCBITaxon:351614	2
NCBITaxon:351627	6
NCBITaxon:351628	10
NCBITaxon:351656	2
NCBITaxon:351659	1
NCBITaxon:351671	1
NCBITaxon:351672	2
NCBITaxon:351673	2
NCBITaxon:351675	2
NCBITaxon:351676	2
NCBITaxon:351677	2
NCBITaxon:351679	2
NCBITaxon:351745	6
NCBITaxon:351746	8
NCBITaxon:352165	6
NCBITaxon:352211	6
NCBITaxon:352475	1
NCBITaxon:353	4
NCBITaxon:353156	11
NCBITaxon:353224	10
NCBITaxon:353496	5
NCBITaxon:353800	18
NCBITaxon:354	5
NCBITaxon:354197	16
NCBITaxon:354237	1
NCBITaxon:354240	1
NCBITaxon:354242	7
NCBITaxon:354243	2
NCBITaxon:354245	5
NCBITaxon:354246	16
NCBITaxon:354351	10
NCBITaxon:354352	13
NCBITaxon:354355	8
NCBITaxon:354356	5
NCBITaxon:354426	23
NCBITaxon:354630	13
NCBITaxon:35517	3
NCBITaxon:35518	1
NCBITaxon:355243	14
NCBITaxon:355249	6
NCBITaxon:355276	7
NCBITaxon:355277	7
NCBITaxon:355278	8
NCBITaxon:35554	9
NCBITaxon:355548	1
NCBITaxon:355591	2
NCBITaxon:355930	3
NCBITaxon:356145	8
NCBITaxon:356147	12
NCBITaxon:35616	3
NCBITaxon:35617	4
NCBITaxon:35619	2
NCBITaxon:35620	1
NCBITaxon:35621	2
NCBITaxon:35622	2
NCBITaxon:35623	1
NCBITaxon:356302	16
NCBITaxon:356305	11
NCBITaxon:356322	4
NCBITaxon:356658	14
NCBITaxon:356659	5
NCBITaxon:356660	7
NCBITaxon:356662	9
NCBITaxon:356828	3
NCBITaxon:356829	20
NCBITaxon:356851	1
NCBITaxon:356852	1
NCBITaxon:356901	1
NCBITaxon:35700	5
NCBITaxon:35701	5
NCBITaxon:35703	3
NCBITaxon:357233	28
NCBITaxon:357240	31
NCBITaxon:357244	4
NCBITaxon:357276	10
NCBITaxon:357278	3
NCBITaxon:357347	5
NCBITaxon:357348	5
NCBITaxon:35743	4
NCBITaxon:357441	19
NCBITaxon:35745	1
NCBITaxon:35749	1
NCBITaxon:35751	3
NCBITaxon:35752	1
NCBITaxon:35754	2
NCBITaxon:357544	7
NCBITaxon:35755	7
NCBITaxon:35756	3
NCBITaxon:35757	1
NCBITaxon:35760	1
NCBITaxon:35761	1
NCBITaxon:35762	1
NCBITaxon:35763	1
NCBITaxon:35764	1
NCBITaxon:35765	2
NCBITaxon:35769	1
NCBITaxon:357760	4
NCBITaxon:357761	4
NCBITaxon:357794	22
NCBITaxon:357804	6
NCBITaxon:357808	6
NCBITaxon:357809	6
NCBITaxon:35783	6
NCBITaxon:35785	1
NCBITaxon:35786	3
NCBITaxon:35787	5
NCBITaxon:35788	4
NCBITaxon:35789	3
NCBITaxon:35790	4
NCBITaxon:35791	3
NCBITaxon:35792	5
NCBITaxon:35793	3
NCBITaxon:35794	5
NCBITaxon:35795	3
NCBITaxon:35797	2
NCBITaxon:35799	1
NCBITaxon:357999	2
NCBITaxon:358	10
NCBITaxon:35801	2
NCBITaxon:35804	3
NCBITaxon:35805	2
NCBITaxon:35806	4
NCBITaxon:358099	8
NCBITaxon:358100	20
NCBITaxon:35811	4
NCBITaxon:35813	1
NCBITaxon:35814	4
NCBITaxon:35816	2
NCBITaxon:35817	4
NCBITaxon:35818	5
NCBITaxon:358220	6
NCBITaxon:35825	1
NCBITaxon:35830	2
NCBITaxon:35833	2
NCBITaxon:35835	3
NCBITaxon:35837	3
NCBITaxon:35839	4
NCBITaxon:358396	4
NCBITaxon:35841	2
NCBITaxon:358592	12
NCBITaxon:358681	6
NCBITaxon:358687	11
NCBITaxon:358708	6
NCBITaxon:358709	6
NCBITaxon:358742	1
NCBITaxon:358743	5
NCBITaxon:358766	10
NCBITaxon:358823	7
NCBITaxon:359	2
NCBITaxon:359110	5
NCBITaxon:359158	26
NCBITaxon:359159	1
NCBITaxon:359209	1
NCBITaxon:359303	16
NCBITaxon:359359	7
NCBITaxon:359365	2
NCBITaxon:359385	3
NCBITaxon:359387	4
NCBITaxon:359391	7
NCBITaxon:359408	2
NCBITaxon:359786	6
NCBITaxon:359787	6
NCBITaxon:359917	2
NCBITaxon:360054	24
NCBITaxon:360055	16
NCBITaxon:360056	15
NCBITaxon:360086	24
NCBITaxon:360094	5
NCBITaxon:360095	6
NCBITaxon:360099	6
NCBITaxon:360102	7
NCBITaxon:360104	7
NCBITaxon:360105	6
NCBITaxon:360106	5
NCBITaxon:360107	9
NCBITaxon:360108	7
NCBITaxon:360109	7
NCBITaxon:360110	7
NCBITaxon:360111	7
NCBITaxon:360112	7
NCBITaxon:360115	7
NCBITaxon:360116	7
NCBITaxon:360117	8
NCBITaxon:360118	5
NCBITaxon:360184	18
NCBITaxon:360185	9
NCBITaxon:360241	13
NCBITaxon:360293	10
NCBITaxon:360296	13
NCBITaxon:360310	1
NCBITaxon:360313	1
NCBITaxon:360316	1
NCBITaxon:360411	15
NCBITaxon:360412	10
NCBITaxon:360422	9
NCBITaxon:360807	5
NCBITaxon:360910	4
NCBITaxon:360911	5
NCBITaxon:361041	1
NCBITaxon:361055	2
NCBITaxon:361100	7
NCBITaxon:361101	6
NCBITaxon:361183	9
NCBITaxon:361277	20
NCBITaxon:361279	17
NCBITaxon:361280	21
NCBITaxon:361365	2
NCBITaxon:361575	6
NCBITaxon:361581	6
NCBITaxon:361872	9
NCBITaxon:361876	21
NCBITaxon:362242	7
NCBITaxon:362257	13
NCBITaxon:362413	11
NCBITaxon:362418	24
NCBITaxon:362520	16
NCBITaxon:362523	10
NCBITaxon:362649	1
NCBITaxon:362663	6
NCBITaxon:362781	5
NCBITaxon:362787	5
NCBITaxon:362837	2
NCBITaxon:362948	6
NCBITaxon:362976	4
NCBITaxon:363253	4
NCBITaxon:363259	17
NCBITaxon:363260	19
NCBITaxon:363265	11
NCBITaxon:363277	4
NCBITaxon:363331	10
NCBITaxon:363630	19
NCBITaxon:363631	2
NCBITaxon:363754	7
NCBITaxon:363832	16
NCBITaxon:363835	10
NCBITaxon:363837	14
NCBITaxon:363839	23
NCBITaxon:363840	23
NCBITaxon:363841	1
NCBITaxon:363843	17
NCBITaxon:363844	17
NCBITaxon:363846	17
NCBITaxon:363847	1
NCBITaxon:363848	16
NCBITaxon:363849	18
NCBITaxon:363850	9
NCBITaxon:363851	12
NCBITaxon:363852	1
NCBITaxon:363853	10
NCBITaxon:363854	1
NCBITaxon:363858	2
NCBITaxon:363860	6
NCBITaxon:363861	14
NCBITaxon:363862	32
NCBITaxon:363863	26
NCBITaxon:363865	31
NCBITaxon:363867	35
NCBITaxon:363868	29
NCBITaxon:363869	1
NCBITaxon:363870	1
NCBITaxon:363872	1
NCBITaxon:363885	20
NCBITaxon:363888	2
NCBITaxon:363952	1
NCBITaxon:363953	16
NCBITaxon:364030	8
NCBITaxon:364032	6
NCBITaxon:364039	1
NCBITaxon:364098	2
NCBITaxon:364106	6
NCBITaxon:364197	2
NCBITaxon:364198	2
NCBITaxon:364199	2
NCBITaxon:364200	2
NCBITaxon:364296	13
NCBITaxon:364297	16
NCBITaxon:364298	6
NCBITaxon:364317	17
NCBITaxon:364410	2
NCBITaxon:36470	3
NCBITaxon:364764	5
NCBITaxon:364901	1
NCBITaxon:365033	2
NCBITaxon:365043	5
NCBITaxon:365044	7
NCBITaxon:365046	6
NCBITaxon:365049	1
NCBITaxon:365339	1
NCBITaxon:365340	15
NCBITaxon:365341	9
NCBITaxon:365343	11
NCBITaxon:365346	9
NCBITaxon:365349	3
NCBITaxon:365489	23
NCBITaxon:365528	7
NCBITaxon:365533	21
NCBITaxon:365590	12
NCBITaxon:365591	8
NCBITaxon:365616	7
NCBITaxon:365617	6
NCBITaxon:365659	6
NCBITaxon:366289	20
NCBITaxon:366394	9
NCBITaxon:366522	11
NCBITaxon:366533	17
NCBITaxon:366534	13
NCBITaxon:366582	1
NCBITaxon:366584	1
NCBITaxon:366586	7
NCBITaxon:366602	9
NCBITaxon:366616	6
NCBITaxon:366649	4
NCBITaxon:366650	5
NCBITaxon:366837	1
NCBITaxon:366888	29
NCBITaxon:367190	9
NCBITaxon:367279	9
NCBITaxon:367282	14
NCBITaxon:367299	1
NCBITaxon:367336	2
NCBITaxon:36738	4
NCBITaxon:36740	5
NCBITaxon:36741	1
NCBITaxon:36743	1
NCBITaxon:36745	5
NCBITaxon:367456	10
NCBITaxon:367459	8
NCBITaxon:36746	2
NCBITaxon:367474	6
NCBITaxon:367488	3
NCBITaxon:36773	1
NCBITaxon:367737	6
NCBITaxon:367742	5
NCBITaxon:367743	5
NCBITaxon:367791	2
NCBITaxon:367806	2
NCBITaxon:367827	1
NCBITaxon:367830	5
NCBITaxon:367840	17
NCBITaxon:367928	7
NCBITaxon:36805	3
NCBITaxon:36806	2
NCBITaxon:36807	2
NCBITaxon:36808	4
NCBITaxon:36809	8
NCBITaxon:36811	2
NCBITaxon:36813	2
NCBITaxon:36814	6
NCBITaxon:36816	1
NCBITaxon:36817	2
NCBITaxon:36818	1
NCBITaxon:36819	4
NCBITaxon:36820	5
NCBITaxon:36821	5
NCBITaxon:36822	5
NCBITaxon:36823	7
NCBITaxon:36832	2
NCBITaxon:36834	4
NCBITaxon:36835	1
NCBITaxon:36839	4
NCBITaxon:368405	3
NCBITaxon:368407	8
NCBITaxon:368408	7
NCBITaxon:36841	5
NCBITaxon:36842	1
NCBITaxon:36844	1
NCBITaxon:36845	1
NCBITaxon:36847	6
NCBITaxon:36848	1
NCBITaxon:368487	1
NCBITaxon:36849	3
NCBITaxon:368493	4
NCBITaxon:36850	2
NCBITaxon:36854	13
NCBITaxon:36855	4
NCBITaxon:36856	2
NCBITaxon:368603	2
NCBITaxon:36861	14
NCBITaxon:368623	13
NCBITaxon:368624	12
NCBITaxon:36863	4
NCBITaxon:36868	1
NCBITaxon:36870	2
NCBITaxon:36873	16
NCBITaxon:36874	1
NCBITaxon:36875	1
NCBITaxon:36878	1
NCBITaxon:368811	4
NCBITaxon:368977	1
NCBITaxon:369333	20
NCBITaxon:369399	6
NCBITaxon:369401	2
NCBITaxon:369723	7
NCBITaxon:369795	1
NCBITaxon:369798	7
NCBITaxon:369822	4
NCBITaxon:369829	10
NCBITaxon:369935	13
NCBITaxon:369936	12
NCBITaxon:369940	8
NCBITaxon:369942	10
NCBITaxon:369958	10
NCBITaxon:370038	10
NCBITaxon:370111	19
NCBITaxon:370323	8
NCBITaxon:370324	12
NCBITaxon:370405	4
NCBITaxon:370407	1
NCBITaxon:370408	1
NCBITaxon:370438	6
NCBITaxon:370439	3
NCBITaxon:370524	11
NCBITaxon:370526	9
NCBITaxon:370551	7
NCBITaxon:370552	7
NCBITaxon:370553	7
NCBITaxon:370554	7
NCBITaxon:370622	3
NCBITaxon:370736	10
NCBITaxon:370764	1
NCBITaxon:370766	21
NCBITaxon:370767	18
NCBITaxon:370769	16
NCBITaxon:370776	11
NCBITaxon:370777	9
NCBITaxon:370895	5
NCBITaxon:370959	17
NCBITaxon:370973	18
NCBITaxon:370974	12
NCBITaxon:370975	1
NCBITaxon:370976	23
NCBITaxon:370977	19
NCBITaxon:370979	16
NCBITaxon:370980	11
NCBITaxon:371036	19
NCBITaxon:371042	13
NCBITaxon:371142	2
NCBITaxon:371196	1
NCBITaxon:371601	21
NCBITaxon:371602	7
NCBITaxon:37162	1
NCBITaxon:371632	1
NCBITaxon:371674	9
NCBITaxon:371720	1
NCBITaxon:371722	1
NCBITaxon:371731	8
NCBITaxon:372072	22
NCBITaxon:372461	2
NCBITaxon:372463	17
NCBITaxon:372484	8
NCBITaxon:372663	2
NCBITaxon:372781	1
NCBITaxon:373	4
NCBITaxon:373040	2
NCBITaxon:373043	2
NCBITaxon:373045	2
NCBITaxon:373054	5
NCBITaxon:373153	6
NCBITaxon:37326	6
NCBITaxon:37327	1
NCBITaxon:37328	1
NCBITaxon:37329	6
NCBITaxon:37330	2
NCBITaxon:37331	4
NCBITaxon:37332	1
NCBITaxon:37333	1
NCBITaxon:373383	1
NCBITaxon:373384	6
NCBITaxon:373386	4
NCBITaxon:373391	3
NCBITaxon:373540	1
NCBITaxon:373543	1
NCBITaxon:373638	3
NCBITaxon:373665	6
NCBITaxon:373668	8
NCBITaxon:373671	11
NCBITaxon:373672	11
NCBITaxon:373675	19
NCBITaxon:373681	18
NCBITaxon:373687	5
NCBITaxon:37372	3
NCBITaxon:373890	9
NCBITaxon:373891	12
NCBITaxon:373903	5
NCBITaxon:373994	5
NCBITaxon:374106	5
NCBITaxon:374177	10
NCBITaxon:374424	6
NCBITaxon:374425	7
NCBITaxon:374426	7
NCBITaxon:374432	6
NCBITaxon:374463	2
NCBITaxon:37448	4
NCBITaxon:37450	2
NCBITaxon:374513	14
NCBITaxon:374514	8
NCBITaxon:374515	13
NCBITaxon:37453	2
NCBITaxon:374655	1
NCBITaxon:374675	2
NCBITaxon:37482	1
NCBITaxon:37483	3
NCBITaxon:374833	6
NCBITaxon:374834	4
NCBITaxon:374838	28
NCBITaxon:37484	2
NCBITaxon:374846	3
NCBITaxon:374847	2
NCBITaxon:374858	11
NCBITaxon:37487	2
NCBITaxon:374927	6
NCBITaxon:374928	6
NCBITaxon:374929	4
NCBITaxon:374930	6
NCBITaxon:374931	6
NCBITaxon:374932	6
NCBITaxon:374933	6
NCBITaxon:375	11
NCBITaxon:375061	5
NCBITaxon:375063	6
NCBITaxon:375175	10
NCBITaxon:375177	6
NCBITaxon:375286	6
NCBITaxon:375432	6
NCBITaxon:375450	7
NCBITaxon:375451	5
NCBITaxon:375489	4
NCBITaxon:375541	21
NCBITaxon:375542	25
NCBITaxon:375549	1
NCBITaxon:375574	8
NCBITaxon:375674	10
NCBITaxon:375760	22
NCBITaxon:375761	21
NCBITaxon:375926	2
NCBITaxon:375927	2
NCBITaxon:375929	6
NCBITaxon:376	6
NCBITaxon:376165	3
NCBITaxon:376171	5
NCBITaxon:376174	46
NCBITaxon:376175	1
NCBITaxon:376219	5
NCBITaxon:37624	2
NCBITaxon:37625	3
NCBITaxon:37626	2
NCBITaxon:37633	3
NCBITaxon:376351	10
NCBITaxon:37636	4
NCBITaxon:37637	7
NCBITaxon:37638	1
NCBITaxon:376415	1
NCBITaxon:376427	24
NCBITaxon:376470	11
NCBITaxon:376489	1
NCBITaxon:376490	1
NCBITaxon:37658	7
NCBITaxon:37659	5
NCBITaxon:376619	5
NCBITaxon:376620	18
NCBITaxon:376686	8
NCBITaxon:376725	6
NCBITaxon:376727	2
NCBITaxon:376730	2
NCBITaxon:376733	18
NCBITaxon:376804	2
NCBITaxon:376805	3
NCBITaxon:376806	2
NCBITaxon:376807	1
NCBITaxon:376815	2
NCBITaxon:37692	5
NCBITaxon:37694	3
NCBITaxon:37704	1
NCBITaxon:37734	8
NCBITaxon:377431	6
NCBITaxon:37752	8
NCBITaxon:377615	17
NCBITaxon:377616	8
NCBITaxon:37762	5
NCBITaxon:377628	7
NCBITaxon:377629	6
NCBITaxon:37763	1
NCBITaxon:37816	1
NCBITaxon:378211	2
NCBITaxon:378543	14
NCBITaxon:378548	2
NCBITaxon:378753	5
NCBITaxon:378806	6
NCBITaxon:379064	3
NCBITaxon:379066	6
NCBITaxon:379067	6
NCBITaxon:379069	20
NCBITaxon:379071	8
NCBITaxon:379073	30
NCBITaxon:379075	10
NCBITaxon:379097	23
NCBITaxon:37915	3
NCBITaxon:37916	3
NCBITaxon:37919	8
NCBITaxon:37921	3
NCBITaxon:37922	2
NCBITaxon:37925	2
NCBITaxon:37926	4
NCBITaxon:37927	4
NCBITaxon:37928	4
NCBITaxon:37929	7
NCBITaxon:37930	2
NCBITaxon:37931	2
NCBITaxon:379347	49
NCBITaxon:379360	7
NCBITaxon:379482	12
NCBITaxon:379684	1
NCBITaxon:379731	7
NCBITaxon:379893	10
NCBITaxon:379895	9
NCBITaxon:379896	15
NCBITaxon:379900	11
NCBITaxon:38	2
NCBITaxon:380	11
NCBITaxon:380021	6
NCBITaxon:380174	24
NCBITaxon:38023	10
NCBITaxon:38024	9
NCBITaxon:380244	20
NCBITaxon:380248	13
NCBITaxon:38025	10
NCBITaxon:38026	9
NCBITaxon:38027	10
NCBITaxon:380358	4
NCBITaxon:380392	1
NCBITaxon:380393	16
NCBITaxon:380394	8
NCBITaxon:380397	7
NCBITaxon:380628	4
NCBITaxon:380629	8
NCBITaxon:380630	17
NCBITaxon:380674	18
NCBITaxon:380675	18
NCBITaxon:380685	2
NCBITaxon:380703	7
NCBITaxon:38072	6
NCBITaxon:380749	6
NCBITaxon:380763	4
NCBITaxon:380911	18
NCBITaxon:381	6
NCBITaxon:381300	5
NCBITaxon:381306	6
NCBITaxon:381308	2
NCBITaxon:381431	2
NCBITaxon:381445	17
NCBITaxon:381630	16
NCBITaxon:381634	16
NCBITaxon:381665	21
NCBITaxon:381666	8
NCBITaxon:381706	18
NCBITaxon:381741	2
NCBITaxon:381742	5
NCBITaxon:381751	8
NCBITaxon:381754	6
NCBITaxon:381764	6
NCBITaxon:381829	1
NCBITaxon:381830	11
NCBITaxon:381852	1
NCBITaxon:382	12
NCBITaxon:382245	5
NCBITaxon:382454	12
NCBITaxon:382464	4
NCBITaxon:382504	15
NCBITaxon:382514	5
NCBITaxon:382638	8
NCBITaxon:382640	7
NCBITaxon:382641	3
NCBITaxon:382673	1
NCBITaxon:38282	3
NCBITaxon:38284	7
NCBITaxon:38285	1
NCBITaxon:38286	2
NCBITaxon:38287	2
NCBITaxon:38288	5
NCBITaxon:38289	7
NCBITaxon:38290	8
NCBITaxon:38293	2
NCBITaxon:38294	6
NCBITaxon:382954	15
NCBITaxon:38301	6
NCBITaxon:38302	5
NCBITaxon:38303	6
NCBITaxon:38304	23
NCBITaxon:38305	3
NCBITaxon:38307	5
NCBITaxon:38308	4
NCBITaxon:38310	2
NCBITaxon:38311	1
NCBITaxon:38312	5
NCBITaxon:38313	8
NCBITaxon:38314	1
NCBITaxon:38322	2
NCBITaxon:38323	6
NCBITaxon:383372	6
NCBITaxon:383407	5
NCBITaxon:383629	4
NCBITaxon:383631	2
NCBITaxon:383750	24
NCBITaxon:383911	1
NCBITaxon:384	5
NCBITaxon:38402	4
NCBITaxon:384035	5
NCBITaxon:384602	9
NCBITaxon:384613	16
NCBITaxon:384616	7
NCBITaxon:384636	1
NCBITaxon:384638	2
NCBITaxon:384676	5
NCBITaxon:384677	10
NCBITaxon:384678	2
NCBITaxon:384765	4
NCBITaxon:384933	17
NCBITaxon:38502	2
NCBITaxon:385025	7
NCBITaxon:385492	15
NCBITaxon:385682	16
NCBITaxon:385957	5
NCBITaxon:386043	6
NCBITaxon:386056	2
NCBITaxon:386300	3
NCBITaxon:386301	22
NCBITaxon:386302	16
NCBITaxon:386305	2
NCBITaxon:386414	10
NCBITaxon:386415	5
NCBITaxon:386428	1
NCBITaxon:386429	1
NCBITaxon:386456	9
NCBITaxon:386487	3
NCBITaxon:386585	6
NCBITaxon:386656	7
NCBITaxon:386874	6
NCBITaxon:386891	5
NCBITaxon:386892	14
NCBITaxon:386894	6
NCBITaxon:386911	5
NCBITaxon:386913	4
NCBITaxon:387090	11
NCBITaxon:387092	6
NCBITaxon:387093	7
NCBITaxon:387094	19
NCBITaxon:387096	14
NCBITaxon:387340	1
NCBITaxon:387341	2
NCBITaxon:387343	2
NCBITaxon:387344	7
NCBITaxon:38746	1
NCBITaxon:387631	4
NCBITaxon:387638	19
NCBITaxon:387659	10
NCBITaxon:387661	16
NCBITaxon:38778	1
NCBITaxon:387889	24
NCBITaxon:387890	16
NCBITaxon:388051	7
NCBITaxon:38815	4
NCBITaxon:388259	15
NCBITaxon:388272	7
NCBITaxon:388278	14
NCBITaxon:388280	1
NCBITaxon:388357	13
NCBITaxon:388384	1
NCBITaxon:388396	9
NCBITaxon:388399	6
NCBITaxon:388400	6
NCBITaxon:388401	2
NCBITaxon:388408	13
NCBITaxon:388413	9
NCBITaxon:388459	21
NCBITaxon:388466	14
NCBITaxon:388467	7
NCBITaxon:388640	5
NCBITaxon:388739	8
NCBITaxon:388741	21
NCBITaxon:388746	20
NCBITaxon:38875	18
NCBITaxon:388919	6
NCBITaxon:388950	43
NCBITaxon:389480	6
NCBITaxon:38986	1
NCBITaxon:390235	7
NCBITaxon:390236	8
NCBITaxon:390239	1
NCBITaxon:390242	1
NCBITaxon:390269	26
NCBITaxon:390270	6
NCBITaxon:390333	5
NCBITaxon:39060	7
NCBITaxon:390637	9
NCBITaxon:390640	6
NCBITaxon:390641	34
NCBITaxon:390806	15
NCBITaxon:390807	16
NCBITaxon:390841	9
NCBITaxon:390842	10
NCBITaxon:390874	6
NCBITaxon:390877	16
NCBITaxon:390878	10
NCBITaxon:390879	11
NCBITaxon:390880	6
NCBITaxon:390883	1
NCBITaxon:390884	4
NCBITaxon:390989	8
NCBITaxon:391	1
NCBITaxon:39100	2
NCBITaxon:391008	5
NCBITaxon:391009	4
NCBITaxon:391037	7
NCBITaxon:391038	9
NCBITaxon:391165	4
NCBITaxon:39122	3
NCBITaxon:391287	12
NCBITaxon:391295	7
NCBITaxon:391296	7
NCBITaxon:39152	10
NCBITaxon:391574	2
NCBITaxon:391586	5
NCBITaxon:391587	6
NCBITaxon:391589	6
NCBITaxon:391591	6
NCBITaxon:391592	7
NCBITaxon:391593	7
NCBITaxon:391595	4
NCBITaxon:391596	5
NCBITaxon:391597	5
NCBITaxon:391598	6
NCBITaxon:391600	5
NCBITaxon:391601	4
NCBITaxon:391602	5
NCBITaxon:391603	5
NCBITaxon:391605	3
NCBITaxon:391606	5
NCBITaxon:391609	2
NCBITaxon:391612	8
NCBITaxon:391613	4
NCBITaxon:391615	1
NCBITaxon:391616	2
NCBITaxon:391619	5
NCBITaxon:391623	5
NCBITaxon:391624	6
NCBITaxon:391625	6
NCBITaxon:391626	2
NCBITaxon:391735	3
NCBITaxon:391736	16
NCBITaxon:391738	7
NCBITaxon:391774	6
NCBITaxon:391896	5
NCBITaxon:391904	6
NCBITaxon:391905	5
NCBITaxon:391920	7
NCBITaxon:391922	12
NCBITaxon:391936	3
NCBITaxon:391937	3
NCBITaxon:391948	19
NCBITaxon:391953	10
NCBITaxon:391967	8
NCBITaxon:392009	17
NCBITaxon:392010	20
NCBITaxon:392011	13
NCBITaxon:392012	15
NCBITaxon:392014	14
NCBITaxon:392015	14
NCBITaxon:392016	14
NCBITaxon:392018	8
NCBITaxon:392021	6
NCBITaxon:392320	33
NCBITaxon:392333	2
NCBITaxon:392408	1
NCBITaxon:392409	7
NCBITaxon:392412	9
NCBITaxon:392414	1
NCBITaxon:392416	16
NCBITaxon:392421	1
NCBITaxon:392423	5
NCBITaxon:392484	2
NCBITaxon:392499	6
NCBITaxon:392500	7
NCBITaxon:392547	1
NCBITaxon:392566	14
NCBITaxon:392589	29
NCBITaxon:392593	2
NCBITaxon:392597	16
NCBITaxon:392711	7
NCBITaxon:392717	26
NCBITaxon:392723	25
NCBITaxon:392734	5
NCBITaxon:392736	11
NCBITaxon:392823	12
NCBITaxon:392827	5
NCBITaxon:392828	1
NCBITaxon:392838	16
NCBITaxon:392842	15
NCBITaxon:392844	3
NCBITaxon:392917	5
NCBITaxon:393003	20
NCBITaxon:393006	42
NCBITaxon:393011	6
NCBITaxon:393030	8
NCBITaxon:393059	11
NCBITaxon:393060	4
NCBITaxon:393087	18
NCBITaxon:393090	2
NCBITaxon:393115	6
NCBITaxon:393116	6
NCBITaxon:393117	6
NCBITaxon:393118	6
NCBITaxon:393119	6
NCBITaxon:393120	6
NCBITaxon:393121	6
NCBITaxon:393122	6
NCBITaxon:393123	7
NCBITaxon:393124	7
NCBITaxon:393125	6
NCBITaxon:393126	6
NCBITaxon:393127	6
NCBITaxon:393128	6
NCBITaxon:393129	5
NCBITaxon:393130	6
NCBITaxon:393131	6
NCBITaxon:393132	6
NCBITaxon:393133	6
NCBITaxon:393250	26
NCBITaxon:393251	22
NCBITaxon:393267	6
NCBITaxon:393278	21
NCBITaxon:393303	2
NCBITaxon:393305	7
NCBITaxon:393310	10
NCBITaxon:393480	7
NCBITaxon:393481	1
NCBITaxon:393538	14
NCBITaxon:393595	7
NCBITaxon:393607	23
NCBITaxon:393657	28
NCBITaxon:393662	5
NCBITaxon:393663	22
NCBITaxon:393664	7
NCBITaxon:393762	4
NCBITaxon:393763	4
NCBITaxon:393907	13
NCBITaxon:393921	2
NCBITaxon:394	6
NCBITaxon:394090	1
NCBITaxon:394091	1
NCBITaxon:394093	1
NCBITaxon:394094	1
NCBITaxon:394095	2
NCBITaxon:394096	3
NCBITaxon:394097	2
NCBITaxon:394098	8
NCBITaxon:394193	14
NCBITaxon:394221	7
NCBITaxon:394230	9
NCBITaxon:394264	6
NCBITaxon:394284	1
NCBITaxon:394340	3
NCBITaxon:39440	1
NCBITaxon:39441	9
NCBITaxon:394503	7
NCBITaxon:394506	31
NCBITaxon:394566	9
NCBITaxon:394732	7
NCBITaxon:394733	5
NCBITaxon:394734	17
NCBITaxon:394751	15
NCBITaxon:39478	5
NCBITaxon:39479	3
NCBITaxon:39480	2
NCBITaxon:394805	6
NCBITaxon:39481	1
NCBITaxon:39482	1
NCBITaxon:39483	2
NCBITaxon:39484	1
NCBITaxon:39485	3
NCBITaxon:39486	2
NCBITaxon:39487	1
NCBITaxon:39488	5
NCBITaxon:39489	1
NCBITaxon:39490	2
NCBITaxon:39491	3
NCBITaxon:39492	2
NCBITaxon:39493	1
NCBITaxon:394935	6
NCBITaxon:39494	1
NCBITaxon:39495	3
NCBITaxon:39496	1
NCBITaxon:394964	12
NCBITaxon:394967	7
NCBITaxon:39497	2
NCBITaxon:39498	2
NCBITaxon:395019	8
NCBITaxon:395085	6
NCBITaxon:395087	6
NCBITaxon:395095	7
NCBITaxon:395387	12
NCBITaxon:395491	7
NCBITaxon:395492	7
NCBITaxon:395493	2
NCBITaxon:395494	6
NCBITaxon:395495	7
NCBITaxon:395598	24
NCBITaxon:395599	24
NCBITaxon:395600	25
NCBITaxon:395631	1
NCBITaxon:395922	27
NCBITaxon:395923	1
NCBITaxon:395930	8
NCBITaxon:395933	1
NCBITaxon:395935	2
NCBITaxon:395936	2
NCBITaxon:395937	2
NCBITaxon:395960	6
NCBITaxon:395961	8
NCBITaxon:395962	8
NCBITaxon:395963	6
NCBITaxon:395964	5
NCBITaxon:395965	6
NCBITaxon:396	2
NCBITaxon:396005	15
NCBITaxon:396013	31
NCBITaxon:396014	24
NCBITaxon:396015	18
NCBITaxon:396016	12
NCBITaxon:396056	13
NCBITaxon:396268	9
NCBITaxon:396317	1
NCBITaxon:396322	5
NCBITaxon:396323	3
NCBITaxon:396389	21
NCBITaxon:39645	21
NCBITaxon:39650	1
NCBITaxon:396502	1
NCBITaxon:396504	13
NCBITaxon:39651	3
NCBITaxon:396513	5
NCBITaxon:396588	10
NCBITaxon:396595	8
NCBITaxon:396596	8
NCBITaxon:396597	8
NCBITaxon:396598	7
NCBITaxon:39664	9
NCBITaxon:39669	9
NCBITaxon:396716	14
NCBITaxon:396808	14
NCBITaxon:396812	6
NCBITaxon:39687	4
NCBITaxon:39688	3
NCBITaxon:39691	2
NCBITaxon:39692	2
NCBITaxon:39693	2
NCBITaxon:39694	2
NCBITaxon:39695	2
NCBITaxon:397258	7
NCBITaxon:397260	16
NCBITaxon:397271	6
NCBITaxon:397278	24
NCBITaxon:397287	1
NCBITaxon:397414	3
NCBITaxon:397457	11
NCBITaxon:39761	2
NCBITaxon:39762	2
NCBITaxon:39765	5
NCBITaxon:39766	9
NCBITaxon:39768	2
NCBITaxon:39770	1
NCBITaxon:39771	2
NCBITaxon:39772	2
NCBITaxon:39774	6
NCBITaxon:39775	5
NCBITaxon:39776	1
NCBITaxon:39777	5
NCBITaxon:39778	3
NCBITaxon:397865	12
NCBITaxon:39791	5
NCBITaxon:397945	7
NCBITaxon:397948	7
NCBITaxon:398	5
NCBITaxon:398000	7
NCBITaxon:398006	3
NCBITaxon:398007	2
NCBITaxon:398035	19
NCBITaxon:398036	21
NCBITaxon:398037	16
NCBITaxon:398039	15
NCBITaxon:398045	15
NCBITaxon:398046	11
NCBITaxon:398047	14
NCBITaxon:398048	11
NCBITaxon:398049	17
NCBITaxon:398051	2
NCBITaxon:398052	10
NCBITaxon:398054	15
NCBITaxon:398199	11
NCBITaxon:39824	1
NCBITaxon:398257	11
NCBITaxon:398261	6
NCBITaxon:39831	1
NCBITaxon:39841	3
NCBITaxon:39844	2
NCBITaxon:39846	1
NCBITaxon:398511	6
NCBITaxon:398512	5
NCBITaxon:398513	6
NCBITaxon:398518	3
NCBITaxon:398524	7
NCBITaxon:398525	7
NCBITaxon:398527	8
NCBITaxon:398555	17
NCBITaxon:398577	7
NCBITaxon:398578	5
NCBITaxon:398579	7
NCBITaxon:398580	6
NCBITaxon:398626	3
NCBITaxon:398694	2
NCBITaxon:398720	3
NCBITaxon:398736	16
NCBITaxon:398743	8
NCBITaxon:398758	7
NCBITaxon:398759	21
NCBITaxon:398767	8
NCBITaxon:398773	9
NCBITaxon:398843	15
NCBITaxon:399	2
NCBITaxon:399363	21
NCBITaxon:399370	19
NCBITaxon:399497	10
NCBITaxon:39950	4
NCBITaxon:399548	10
NCBITaxon:399549	7
NCBITaxon:399550	6
NCBITaxon:39956	4
NCBITaxon:399579	1
NCBITaxon:399583	2
NCBITaxon:399599	6
NCBITaxon:39960	5
NCBITaxon:399604	5
NCBITaxon:399726	7
NCBITaxon:399736	11
NCBITaxon:399739	7
NCBITaxon:399741	6
NCBITaxon:399742	5
NCBITaxon:399795	6
NCBITaxon:399804	8
NCBITaxon:399943	2
NCBITaxon:399969	2
NCBITaxon:40001	2
NCBITaxon:400055	17
NCBITaxon:400061	8
NCBITaxon:400065	10
NCBITaxon:400087	4
NCBITaxon:400091	24
NCBITaxon:400092	27
NCBITaxon:400153	25
NCBITaxon:400390	11
NCBITaxon:40041	7
NCBITaxon:400667	6
NCBITaxon:400668	6
NCBITaxon:400673	6
NCBITaxon:400768	17
NCBITaxon:400772	20
NCBITaxon:400774	20
NCBITaxon:400775	1
NCBITaxon:400777	19
NCBITaxon:40091	4
NCBITaxon:400946	21
NCBITaxon:400948	12
NCBITaxon:400971	6
NCBITaxon:401053	5
NCBITaxon:401106	5
NCBITaxon:40137	5
NCBITaxon:401470	6
NCBITaxon:401471	2
NCBITaxon:401472	11
NCBITaxon:401473	7
NCBITaxon:401526	8
NCBITaxon:401558	7
NCBITaxon:401562	24
NCBITaxon:401614	6
NCBITaxon:401619	2
NCBITaxon:401638	14
NCBITaxon:401650	6
NCBITaxon:401976	14
NCBITaxon:40214	5
NCBITaxon:402147	21
NCBITaxon:40215	3
NCBITaxon:40216	6
NCBITaxon:402171	9
NCBITaxon:40218	2
NCBITaxon:40223	3
NCBITaxon:402297	18
NCBITaxon:402384	8
NCBITaxon:402385	15
NCBITaxon:402596	1
NCBITaxon:402600	25
NCBITaxon:402612	6
NCBITaxon:402626	6
NCBITaxon:402648	11
NCBITaxon:402650	15
NCBITaxon:40269	6
NCBITaxon:402734	11
NCBITaxon:402777	4
NCBITaxon:402877	5
NCBITaxon:402880	10
NCBITaxon:402881	6
NCBITaxon:402882	6
NCBITaxon:402883	9
NCBITaxon:402884	16
NCBITaxon:40318	6
NCBITaxon:403181	10
NCBITaxon:403191	9
NCBITaxon:403219	4
NCBITaxon:40324	9
NCBITaxon:40335	2
NCBITaxon:403638	11
NCBITaxon:40373	2
NCBITaxon:403779	4
NCBITaxon:403833	7
NCBITaxon:403935	12
NCBITaxon:403957	9
NCBITaxon:403962	17
NCBITaxon:404011	22
NCBITaxon:40414	5
NCBITaxon:404214	6
NCBITaxon:404215	6
NCBITaxon:404216	6
NCBITaxon:404217	6
NCBITaxon:404218	6
NCBITaxon:404236	16
NCBITaxon:404335	6
NCBITaxon:404366	10
NCBITaxon:404380	7
NCBITaxon:404385	16
NCBITaxon:404386	16
NCBITaxon:404399	5
NCBITaxon:404403	7
NCBITaxon:404405	9
NCBITaxon:404433	1
NCBITaxon:404578	9
NCBITaxon:404580	14
NCBITaxon:404589	6
NCBITaxon:404770	17
NCBITaxon:40479	9
NCBITaxon:40480	1
NCBITaxon:404881	2
NCBITaxon:404900	3
NCBITaxon:404930	5
NCBITaxon:404933	1
NCBITaxon:404937	1
NCBITaxon:404941	1
NCBITaxon:404974	7
NCBITaxon:405	3
NCBITaxon:405005	10
NCBITaxon:40516	1
NCBITaxon:40518	6
NCBITaxon:40519	2
NCBITaxon:40520	3
NCBITaxon:405212	5
NCBITaxon:405416	7
NCBITaxon:40542	6
NCBITaxon:40543	3
NCBITaxon:405436	13
NCBITaxon:405440	5
NCBITaxon:405441	4
NCBITaxon:405444	9
NCBITaxon:405446	10
NCBITaxon:40545	4
NCBITaxon:40549	1
NCBITaxon:405531	8
NCBITaxon:405532	8
NCBITaxon:405533	8
NCBITaxon:405534	8
NCBITaxon:405535	8
NCBITaxon:405536	6
NCBITaxon:405537	5
NCBITaxon:405551	26
NCBITaxon:405555	13
NCBITaxon:405559	41
NCBITaxon:405564	1
NCBITaxon:405566	6
NCBITaxon:40561	2
NCBITaxon:40567	4
NCBITaxon:405671	18
NCBITaxon:40571	5
NCBITaxon:405746	15
NCBITaxon:40575	2
NCBITaxon:40576	4
NCBITaxon:40577	2
NCBITaxon:405770	18
NCBITaxon:40578	2
NCBITaxon:405782	9
NCBITaxon:405783	6
NCBITaxon:405917	7
NCBITaxon:405946	16
NCBITaxon:405948	7
NCBITaxon:405955	6
NCBITaxon:406	2
NCBITaxon:406020	4
NCBITaxon:406100	22
NCBITaxon:406101	1
NCBITaxon:406124	4
NCBITaxon:406327	9
NCBITaxon:406341	4
NCBITaxon:406425	6
NCBITaxon:406431	12
NCBITaxon:406432	20
NCBITaxon:406515	6
NCBITaxon:406547	4
NCBITaxon:406548	1
NCBITaxon:406549	9
NCBITaxon:406552	2
NCBITaxon:406556	6
NCBITaxon:406557	6
NCBITaxon:406558	6
NCBITaxon:406559	6
NCBITaxon:406560	6
NCBITaxon:406561	6
NCBITaxon:406562	6
NCBITaxon:406563	6
NCBITaxon:40681	1
NCBITaxon:406817	7
NCBITaxon:406818	6
NCBITaxon:406819	7
NCBITaxon:40682	1
NCBITaxon:40683	1
NCBITaxon:406984	5
NCBITaxon:407022	20
NCBITaxon:407035	15
NCBITaxon:407036	22
NCBITaxon:407148	6
NCBITaxon:407152	16
NCBITaxon:407159	22
NCBITaxon:407164	8
NCBITaxon:407188	6
NCBITaxon:407226	11
NCBITaxon:407234	2
NCBITaxon:40752	4
NCBITaxon:40753	3
NCBITaxon:40754	1
NCBITaxon:407844	6
NCBITaxon:407964	1
NCBITaxon:407973	1
NCBITaxon:407974	1
NCBITaxon:407975	9
NCBITaxon:407976	6
NCBITaxon:407998	6
NCBITaxon:408	6
NCBITaxon:408015	12
NCBITaxon:408066	16
NCBITaxon:408074	15
NCBITaxon:408139	3
NCBITaxon:408174	3
NCBITaxon:408180	1
NCBITaxon:408182	1
NCBITaxon:408184	1
NCBITaxon:408185	1
NCBITaxon:40834	4
NCBITaxon:40835	1
NCBITaxon:40837	2
NCBITaxon:408558	7
NCBITaxon:408577	10
NCBITaxon:408580	4
NCBITaxon:408657	12
NCBITaxon:408672	1
NCBITaxon:408753	6
NCBITaxon:409	1
NCBITaxon:409290	11
NCBITaxon:409291	11
NCBITaxon:409322	5
NCBITaxon:40933	1
NCBITaxon:409436	7
NCBITaxon:409438	7
NCBITaxon:40982	4
NCBITaxon:40983	5
NCBITaxon:40988	4
NCBITaxon:40989	4
NCBITaxon:40990	4
NCBITaxon:40991	1
NCBITaxon:409997	9
NCBITaxon:41	2
NCBITaxon:410	2
NCBITaxon:410072	2
NCBITaxon:410252	4
NCBITaxon:410253	4
NCBITaxon:410254	4
NCBITaxon:410289	7
NCBITaxon:410290	5
NCBITaxon:410291	7
NCBITaxon:410330	3
NCBITaxon:410332	16
NCBITaxon:410358	8
NCBITaxon:410359	7
NCBITaxon:410755	19
NCBITaxon:410756	19
NCBITaxon:410764	22
NCBITaxon:410837	31
NCBITaxon:410839	1
NCBITaxon:410840	1
NCBITaxon:410841	17
NCBITaxon:41114	1
NCBITaxon:411153	2
NCBITaxon:411154	5
NCBITaxon:411235	9
NCBITaxon:411357	2
NCBITaxon:411361	22
NCBITaxon:411459	7
NCBITaxon:411460	7
NCBITaxon:411461	5
NCBITaxon:411462	6
NCBITaxon:411463	3
NCBITaxon:411464	7
NCBITaxon:411465	5
NCBITaxon:411466	6
NCBITaxon:411467	7
NCBITaxon:411468	7
NCBITaxon:411469	5
NCBITaxon:411470	6
NCBITaxon:411471	6
NCBITaxon:411472	6
NCBITaxon:411473	8
NCBITaxon:411474	7
NCBITaxon:411475	3
NCBITaxon:411476	6
NCBITaxon:411477	6
NCBITaxon:411479	6
NCBITaxon:411481	6
NCBITaxon:411483	6
NCBITaxon:411484	6
NCBITaxon:411485	6
NCBITaxon:411486	6
NCBITaxon:411488	5
NCBITaxon:411489	6
NCBITaxon:411490	5
NCBITaxon:411555	7
NCBITaxon:411567	1
NCBITaxon:411570	1
NCBITaxon:411577	1
NCBITaxon:411684	7
NCBITaxon:41170	3
NCBITaxon:411901	7
NCBITaxon:411902	7
NCBITaxon:411903	6
NCBITaxon:411923	4
NCBITaxon:411945	20
NCBITaxon:411959	12
NCBITaxon:41200	5
NCBITaxon:41202	2
NCBITaxon:412021	5
NCBITaxon:412022	5
NCBITaxon:41203	1
NCBITaxon:412034	28
NCBITaxon:41211	1
NCBITaxon:412383	22
NCBITaxon:412384	39
NCBITaxon:412417	8
NCBITaxon:412418	7
NCBITaxon:412419	7
NCBITaxon:412420	6
NCBITaxon:412422	6
NCBITaxon:412437	17
NCBITaxon:412438	14
NCBITaxon:412439	20
NCBITaxon:412448	1
NCBITaxon:412449	2
NCBITaxon:412593	9
NCBITaxon:412597	1
NCBITaxon:412614	7
NCBITaxon:412687	12
NCBITaxon:412689	13
NCBITaxon:412690	11
NCBITaxon:412694	6
NCBITaxon:41276	2
NCBITaxon:412861	19
NCBITaxon:412883	7
NCBITaxon:412895	17
NCBITaxon:412963	8
NCBITaxon:412965	5
NCBITaxon:412966	6
NCBITaxon:412967	6
NCBITaxon:413232	12
NCBITaxon:413306	10
NCBITaxon:413401	17
NCBITaxon:413402	15
NCBITaxon:413403	18
NCBITaxon:413434	10
NCBITaxon:413479	15
NCBITaxon:413497	8
NCBITaxon:413501	7
NCBITaxon:413502	9
NCBITaxon:413503	7
NCBITaxon:413712	19
NCBITaxon:413713	14
NCBITaxon:413810	1
NCBITaxon:413815	1
NCBITaxon:413888	18
NCBITaxon:413889	18
NCBITaxon:413964	17
NCBITaxon:413996	6
NCBITaxon:413997	6
NCBITaxon:413999	8
NCBITaxon:414	6
NCBITaxon:414004	3
NCBITaxon:414046	1
NCBITaxon:414048	20
NCBITaxon:414049	6
NCBITaxon:414050	8
NCBITaxon:414052	10
NCBITaxon:414286	23
NCBITaxon:414288	35
NCBITaxon:414289	23
NCBITaxon:41431	8
NCBITaxon:414682	14
NCBITaxon:414684	5
NCBITaxon:414703	9
NCBITaxon:414771	2
NCBITaxon:414778	2
NCBITaxon:414996	1
NCBITaxon:415	3
NCBITaxon:415010	6
NCBITaxon:415015	6
NCBITaxon:41514	5
NCBITaxon:415209	15
NCBITaxon:415210	14
NCBITaxon:415214	1
NCBITaxon:415215	1
NCBITaxon:415217	1
NCBITaxon:415218	10
NCBITaxon:415221	12
NCBITaxon:415222	6
NCBITaxon:415223	7
NCBITaxon:415229	8
NCBITaxon:415242	11
NCBITaxon:415421	1
NCBITaxon:415425	5
NCBITaxon:415426	9
NCBITaxon:415721	12
NCBITaxon:415747	10
NCBITaxon:415849	9
NCBITaxon:415851	23
NCBITaxon:415956	19
NCBITaxon:415996	21
NCBITaxon:416001	1
NCBITaxon:416012	20
NCBITaxon:416016	6
NCBITaxon:416017	12
NCBITaxon:416169	16
NCBITaxon:416170	9
NCBITaxon:416213	2
NCBITaxon:416230	31
NCBITaxon:416269	7
NCBITaxon:416273	12
NCBITaxon:416276	6
NCBITaxon:416344	5
NCBITaxon:416348	6
NCBITaxon:416555	6
NCBITaxon:416568	17
NCBITaxon:416585	9
NCBITaxon:416586	16
NCBITaxon:416591	6
NCBITaxon:41673	10
NCBITaxon:41675	2
NCBITaxon:416870	7
NCBITaxon:416872	9
NCBITaxon:416873	25
NCBITaxon:416874	23
NCBITaxon:416943	2
NCBITaxon:416955	15
NCBITaxon:417102	1
NCBITaxon:417203	5
NCBITaxon:417292	1
NCBITaxon:417367	6
NCBITaxon:417368	7
NCBITaxon:417373	12
NCBITaxon:417397	6
NCBITaxon:417398	7
NCBITaxon:417399	6
NCBITaxon:417400	8
NCBITaxon:417574	5
NCBITaxon:417745	8
NCBITaxon:417948	15
NCBITaxon:418008	10
NCBITaxon:418127	7
NCBITaxon:418136	7
NCBITaxon:418184	11
NCBITaxon:418223	34
NCBITaxon:418495	11
NCBITaxon:418630	14
NCBITaxon:418643	5
NCBITaxon:418646	10
NCBITaxon:418647	11
NCBITaxon:418699	3
NCBITaxon:418701	27
NCBITaxon:418702	8
NCBITaxon:418707	11
NCBITaxon:418708	8
NCBITaxon:418719	18
NCBITaxon:418750	1
NCBITaxon:418756	21
NCBITaxon:418759	21
NCBITaxon:418853	6
NCBITaxon:418854	11
NCBITaxon:418855	1
NCBITaxon:418856	5
NCBITaxon:41899	3
NCBITaxon:419005	8
NCBITaxon:419007	2
NCBITaxon:419015	15
NCBITaxon:419109	6
NCBITaxon:419110	5
NCBITaxon:419186	8
NCBITaxon:419208	10
NCBITaxon:419257	9
NCBITaxon:419474	29
NCBITaxon:419475	30
NCBITaxon:419476	11
NCBITaxon:419477	12
NCBITaxon:419479	15
NCBITaxon:419481	10
NCBITaxon:419542	1
NCBITaxon:419590	1
NCBITaxon:419597	14
NCBITaxon:419610	6
NCBITaxon:419650	1
NCBITaxon:419665	8
NCBITaxon:41976	2
NCBITaxon:41977	2
NCBITaxon:419825	16
NCBITaxon:41985	1
NCBITaxon:41986	2
NCBITaxon:41988	2
NCBITaxon:419934	5
NCBITaxon:419940	8
NCBITaxon:419942	7
NCBITaxon:419947	6
NCBITaxon:41997	19
NCBITaxon:420246	8
NCBITaxon:420247	6
NCBITaxon:420324	15
NCBITaxon:420336	6
NCBITaxon:420402	17
NCBITaxon:420403	9
NCBITaxon:420404	28
NCBITaxon:420412	5
NCBITaxon:42055	2
NCBITaxon:42056	6
NCBITaxon:420645	15
NCBITaxon:420662	7
NCBITaxon:420889	4
NCBITaxon:420890	6
NCBITaxon:420915	1
NCBITaxon:42093	1
NCBITaxon:42094	1
NCBITaxon:42095	1
NCBITaxon:420950	8
NCBITaxon:420952	11
NCBITaxon:420953	15
NCBITaxon:420955	1
NCBITaxon:42096	1
NCBITaxon:420994	8
NCBITaxon:420996	7
NCBITaxon:420998	5
NCBITaxon:420999	11
NCBITaxon:421	7
NCBITaxon:421052	1
NCBITaxon:421058	10
NCBITaxon:421072	14
NCBITaxon:421525	12
NCBITaxon:421530	11
NCBITaxon:421531	18
NCBITaxon:421624	14
NCBITaxon:421629	2
NCBITaxon:421767	9
NCBITaxon:42197	2
NCBITaxon:42198	1
NCBITaxon:422288	4
NCBITaxon:422289	3
NCBITaxon:422290	2
NCBITaxon:422296	5
NCBITaxon:422297	15
NCBITaxon:42233	1
NCBITaxon:42234	4
NCBITaxon:42235	3
NCBITaxon:42236	2
NCBITaxon:42237	2
NCBITaxon:42238	3
NCBITaxon:42239	1
NCBITaxon:422441	1
NCBITaxon:422442	17
NCBITaxon:42252	5
NCBITaxon:42256	1
NCBITaxon:423211	7
NCBITaxon:423212	6
NCBITaxon:42322	2
NCBITaxon:423350	20
NCBITaxon:423351	17
NCBITaxon:423368	6
NCBITaxon:423471	4
NCBITaxon:423472	4
NCBITaxon:423474	4
NCBITaxon:423477	5
NCBITaxon:42353	4
NCBITaxon:423541	7
NCBITaxon:423605	2
NCBITaxon:424182	1
NCBITaxon:424188	8
NCBITaxon:42419	3
NCBITaxon:42421	3
NCBITaxon:424218	10
NCBITaxon:42422	3
NCBITaxon:42443	5
NCBITaxon:42444	2
NCBITaxon:42448	2
NCBITaxon:424488	12
NCBITaxon:424704	10
NCBITaxon:42471	3
NCBITaxon:424719	1
NCBITaxon:424720	1
NCBITaxon:424757	8
NCBITaxon:424758	6
NCBITaxon:424795	21
NCBITaxon:424796	6
NCBITaxon:424797	12
NCBITaxon:424798	20
NCBITaxon:424799	6
NCBITaxon:424800	21
NCBITaxon:424902	9
NCBITaxon:425004	13
NCBITaxon:425005	1
NCBITaxon:425006	5
NCBITaxon:425067	5
NCBITaxon:425104	7
NCBITaxon:425254	4
NCBITaxon:425309	3
NCBITaxon:425498	10
NCBITaxon:425504	6
NCBITaxon:425511	23
NCBITaxon:425512	25
NCBITaxon:425513	13
NCBITaxon:425514	21
NCBITaxon:42566	2
NCBITaxon:425677	10
NCBITaxon:425941	14
NCBITaxon:425942	5
NCBITaxon:425944	6
NCBITaxon:426	7
NCBITaxon:426114	6
NCBITaxon:426117	8
NCBITaxon:426118	7
NCBITaxon:426128	4
NCBITaxon:426129	3
NCBITaxon:426226	22
NCBITaxon:426355	8
NCBITaxon:426368	10
NCBITaxon:426371	12
NCBITaxon:426421	13
NCBITaxon:426430	5
NCBITaxon:426481	6
NCBITaxon:426599	6
NCBITaxon:426701	18
NCBITaxon:426702	20
NCBITaxon:426703	20
NCBITaxon:426704	11
NCBITaxon:426756	24
NCBITaxon:426757	22
NCBITaxon:42684	4
NCBITaxon:427072	25
NCBITaxon:427078	15
NCBITaxon:427081	6
NCBITaxon:427082	6
NCBITaxon:427140	7
NCBITaxon:427317	6
NCBITaxon:427318	7
NCBITaxon:427333	14
NCBITaxon:427351	6
NCBITaxon:427369	5
NCBITaxon:427683	18
NCBITaxon:427754	21
NCBITaxon:42777	2
NCBITaxon:427918	22
NCBITaxon:427920	1
NCBITaxon:427923	2
NCBITaxon:428	2
NCBITaxon:428031	10
NCBITaxon:42808	4
NCBITaxon:428125	6
NCBITaxon:428126	8
NCBITaxon:428127	4
NCBITaxon:428128	5
NCBITaxon:42817	5
NCBITaxon:42838	12
NCBITaxon:428406	6
NCBITaxon:42858	4
NCBITaxon:42859	2
NCBITaxon:42862	4
NCBITaxon:428712	11
NCBITaxon:42879	9
NCBITaxon:42881	1
NCBITaxon:42895	4
NCBITaxon:42897	1
NCBITaxon:428988	5
NCBITaxon:428990	16
NCBITaxon:428991	17
NCBITaxon:428992	10
NCBITaxon:428993	1
NCBITaxon:428994	3
NCBITaxon:429001	14
NCBITaxon:429009	5
NCBITaxon:42906	2
NCBITaxon:429133	10
NCBITaxon:429134	24
NCBITaxon:429340	20
NCBITaxon:429341	24
NCBITaxon:429342	7
NCBITaxon:429344	17
NCBITaxon:429572	6
NCBITaxon:429726	15
NCBITaxon:429727	10
NCBITaxon:429728	13
NCBITaxon:43	2
NCBITaxon:430066	9
NCBITaxon:430453	16
NCBITaxon:430457	20
NCBITaxon:430522	24
NCBITaxon:430556	6
NCBITaxon:430557	6
NCBITaxon:430558	6
NCBITaxon:43057	7
NCBITaxon:43064	4
NCBITaxon:430676	8
NCBITaxon:430679	11
NCBITaxon:430683	13
NCBITaxon:430684	14
NCBITaxon:430685	11
NCBITaxon:430797	12
NCBITaxon:430798	8
NCBITaxon:43080	1
NCBITaxon:43082	1
NCBITaxon:430914	9
NCBITaxon:431043	1
NCBITaxon:431058	15
NCBITaxon:431059	21
NCBITaxon:431060	10
NCBITaxon:431061	8
NCBITaxon:431269	6
NCBITaxon:431270	6
NCBITaxon:431273	6
NCBITaxon:431306	5
NCBITaxon:43131	2
NCBITaxon:43143	2
NCBITaxon:431489	13
NCBITaxon:431553	2
NCBITaxon:431554	2
NCBITaxon:431596	10
NCBITaxon:431675	6
NCBITaxon:431677	1
NCBITaxon:431943	7
NCBITaxon:431944	4
NCBITaxon:431946	7
NCBITaxon:431947	6
NCBITaxon:432296	2
NCBITaxon:432303	7
NCBITaxon:432308	23
NCBITaxon:432329	16
NCBITaxon:432331	9
NCBITaxon:432607	14
NCBITaxon:43263	4
NCBITaxon:43304	3
NCBITaxon:43305	5
NCBITaxon:43306	4
NCBITaxon:433330	1
NCBITaxon:43348	3
NCBITaxon:43354	2
NCBITaxon:43355	2
NCBITaxon:433606	27
NCBITaxon:433613	1
NCBITaxon:433641	13
NCBITaxon:433643	11
NCBITaxon:433644	17
NCBITaxon:433645	16
NCBITaxon:433646	15
NCBITaxon:433647	13
NCBITaxon:433648	19
NCBITaxon:433649	9
NCBITaxon:433651	8
NCBITaxon:433652	1
NCBITaxon:433657	8
NCBITaxon:433659	8
NCBITaxon:433660	2
NCBITaxon:433663	1
NCBITaxon:433664	7
NCBITaxon:433840	23
NCBITaxon:433924	15
NCBITaxon:434085	1
NCBITaxon:434086	34
NCBITaxon:434131	4
NCBITaxon:434271	6
NCBITaxon:434347	19
NCBITaxon:434464	15
NCBITaxon:434922	7
NCBITaxon:434923	7
NCBITaxon:434924	7
NCBITaxon:435	5
NCBITaxon:435289	4
NCBITaxon:435590	8
NCBITaxon:435591	7
NCBITaxon:435830	5
NCBITaxon:435832	6
NCBITaxon:435837	6
NCBITaxon:435838	6
NCBITaxon:435842	6
NCBITaxon:435880	7
NCBITaxon:435897	8
NCBITaxon:435905	8
NCBITaxon:435906	7
NCBITaxon:435907	10
NCBITaxon:435908	8
NCBITaxon:435909	17
NCBITaxon:435910	31
NCBITaxon:435912	15
NCBITaxon:435914	11
NCBITaxon:43595	5
NCBITaxon:435998	3
NCBITaxon:436	10
NCBITaxon:436000	9
NCBITaxon:436113	6
NCBITaxon:436114	7
NCBITaxon:436115	5
NCBITaxon:43617	2
NCBITaxon:436231	8
NCBITaxon:436308	6
NCBITaxon:436356	15
NCBITaxon:436510	12
NCBITaxon:436515	6
NCBITaxon:436516	6
NCBITaxon:43655	3
NCBITaxon:43656	1
NCBITaxon:43657	5
NCBITaxon:43658	2
NCBITaxon:43659	2
NCBITaxon:43660	4
NCBITaxon:43661	4
NCBITaxon:43662	2
NCBITaxon:43663	3
NCBITaxon:43664	2
NCBITaxon:43665	2
NCBITaxon:43666	2
NCBITaxon:436663	8
NCBITaxon:43667	4
NCBITaxon:43669	3
NCBITaxon:43670	4
NCBITaxon:43671	6
NCBITaxon:436717	6
NCBITaxon:43674	6
NCBITaxon:43675	9
NCBITaxon:43677	1
NCBITaxon:43678	6
NCBITaxon:43687	8
NCBITaxon:437	4
NCBITaxon:437163	15
NCBITaxon:437503	15
NCBITaxon:437505	1
NCBITaxon:437507	17
NCBITaxon:43759	1
NCBITaxon:43765	7
NCBITaxon:437663	2
NCBITaxon:43767	8
NCBITaxon:437670	2
NCBITaxon:437671	2
NCBITaxon:43768	4
NCBITaxon:437684	2
NCBITaxon:437685	2
NCBITaxon:437687	2
NCBITaxon:43769	4
NCBITaxon:43770	9
NCBITaxon:437701	7
NCBITaxon:43771	5
NCBITaxon:43772	2
NCBITaxon:43774	1
NCBITaxon:43775	2
NCBITaxon:43776	2
NCBITaxon:437897	16
NCBITaxon:437898	5
NCBITaxon:437900	9
NCBITaxon:438	5
NCBITaxon:438033	3
NCBITaxon:438448	4
NCBITaxon:438595	16
NCBITaxon:438596	10
NCBITaxon:438744	33
NCBITaxon:438745	24
NCBITaxon:438751	20
NCBITaxon:438752	18
NCBITaxon:438753	2
NCBITaxon:438851	1
NCBITaxon:438855	7
NCBITaxon:438856	3
NCBITaxon:439184	6
NCBITaxon:439219	12
NCBITaxon:439220	12
NCBITaxon:439228	14
NCBITaxon:439235	6
NCBITaxon:43928	4
NCBITaxon:439292	8
NCBITaxon:439334	1
NCBITaxon:439375	6
NCBITaxon:439386	6
NCBITaxon:43948	2
NCBITaxon:439481	7
NCBITaxon:439482	3
NCBITaxon:439485	1
NCBITaxon:439487	2
NCBITaxon:439493	5
NCBITaxon:439495	6
NCBITaxon:439496	2
NCBITaxon:439497	5
NCBITaxon:439499	3
NCBITaxon:439501	3
NCBITaxon:439519	3
NCBITaxon:439522	3
NCBITaxon:439529	6
NCBITaxon:439611	7
NCBITaxon:439612	5
NCBITaxon:439699	16
NCBITaxon:439703	19
NCBITaxon:439842	6
NCBITaxon:439843	6
NCBITaxon:439846	6
NCBITaxon:439847	6
NCBITaxon:439851	6
NCBITaxon:439855	7
NCBITaxon:43989	7
NCBITaxon:43990	1
NCBITaxon:43992	2
NCBITaxon:43995	5
NCBITaxon:43997	2
NCBITaxon:44001	7
NCBITaxon:44007	1
NCBITaxon:440079	23
NCBITaxon:44008	3
NCBITaxon:440085	6
NCBITaxon:44009	4
NCBITaxon:44010	2
NCBITaxon:44012	8
NCBITaxon:440168	1
NCBITaxon:44032	1
NCBITaxon:44033	1
NCBITaxon:440482	16
NCBITaxon:440496	5
NCBITaxon:440497	5
NCBITaxon:440514	18
NCBITaxon:440515	21
NCBITaxon:440534	6
NCBITaxon:44060	1
NCBITaxon:44061	1
NCBITaxon:44098	2
NCBITaxon:44100	5
NCBITaxon:441103	29
NCBITaxon:441112	25
NCBITaxon:441119	30
NCBITaxon:441151	5
NCBITaxon:441152	5
NCBITaxon:441153	5
NCBITaxon:441154	5
NCBITaxon:441155	5
NCBITaxon:441156	5
NCBITaxon:441157	5
NCBITaxon:441158	5
NCBITaxon:441159	5
NCBITaxon:441160	5
NCBITaxon:441161	5
NCBITaxon:441162	6
NCBITaxon:441163	5
NCBITaxon:441164	5
NCBITaxon:441165	5
NCBITaxon:441166	6
NCBITaxon:441209	1
NCBITaxon:44139	5
NCBITaxon:441500	8
NCBITaxon:441501	6
NCBITaxon:441616	8
NCBITaxon:441620	8
NCBITaxon:441768	7
NCBITaxon:441769	3
NCBITaxon:441770	7
NCBITaxon:441771	7
NCBITaxon:441772	7
NCBITaxon:441950	1
NCBITaxon:441952	6
NCBITaxon:442	6
NCBITaxon:442341	18
NCBITaxon:442346	5
NCBITaxon:44250	4
NCBITaxon:44251	6
NCBITaxon:44252	4
NCBITaxon:442525	8
NCBITaxon:442526	8
NCBITaxon:44253	5
NCBITaxon:44255	28
NCBITaxon:44256	1
NCBITaxon:442562	5
NCBITaxon:442563	7
NCBITaxon:442694	2
NCBITaxon:442709	12
NCBITaxon:442714	17
NCBITaxon:44273	1
NCBITaxon:442733	17
NCBITaxon:442734	28
NCBITaxon:44276	1
NCBITaxon:44283	6
NCBITaxon:442866	9
NCBITaxon:442868	4
NCBITaxon:442870	8
NCBITaxon:442899	6
NCBITaxon:44294	4
NCBITaxon:442954	19
NCBITaxon:442969	1
NCBITaxon:443143	6
NCBITaxon:443144	5
NCBITaxon:443146	5
NCBITaxon:443149	6
NCBITaxon:443150	6
NCBITaxon:443151	1
NCBITaxon:443152	8
NCBITaxon:443156	9
NCBITaxon:443157	12
NCBITaxon:443218	1
NCBITaxon:443254	6
NCBITaxon:443342	1
NCBITaxon:443598	7
NCBITaxon:443610	9
NCBITaxon:443612	7
NCBITaxon:443615	8
NCBITaxon:443616	9
NCBITaxon:443906	6
NCBITaxon:444053	1
NCBITaxon:444060	20
NCBITaxon:444091	9
NCBITaxon:444093	6
NCBITaxon:444103	2
NCBITaxon:444157	6
NCBITaxon:444158	10
NCBITaxon:444162	6
NCBITaxon:444163	10
NCBITaxon:444177	6
NCBITaxon:444178	6
NCBITaxon:444179	1
NCBITaxon:444440	11
NCBITaxon:444444	10
NCBITaxon:444447	6
NCBITaxon:444448	6
NCBITaxon:444449	6
NCBITaxon:444450	7
NCBITaxon:444451	6
NCBITaxon:444452	6
NCBITaxon:444453	6
NCBITaxon:444454	6
NCBITaxon:444461	5
NCBITaxon:444463	10
NCBITaxon:44448	1
NCBITaxon:44449	4
NCBITaxon:444515	12
NCBITaxon:44454	3
NCBITaxon:444597	5
NCBITaxon:444608	10
NCBITaxon:444612	1
NCBITaxon:44470	1
NCBITaxon:444918	10
NCBITaxon:444919	14
NCBITaxon:444920	12
NCBITaxon:444922	16
NCBITaxon:445220	3
NCBITaxon:445226	6
NCBITaxon:445327	1
NCBITaxon:445334	7
NCBITaxon:445335	7
NCBITaxon:445336	7
NCBITaxon:445337	7
NCBITaxon:445338	5
NCBITaxon:445629	15
NCBITaxon:445709	16
NCBITaxon:445710	20
NCBITaxon:44574	2
NCBITaxon:44577	2
NCBITaxon:445930	15
NCBITaxon:445931	13
NCBITaxon:445932	3
NCBITaxon:445960	6
NCBITaxon:445961	9
NCBITaxon:445970	6
NCBITaxon:445971	5
NCBITaxon:445972	5
NCBITaxon:445973	6
NCBITaxon:445974	6
NCBITaxon:445975	6
NCBITaxon:445983	9
NCBITaxon:445984	8
NCBITaxon:445985	7
NCBITaxon:445986	8
NCBITaxon:445987	7
NCBITaxon:446	6
NCBITaxon:446075	5
NCBITaxon:446370	1
NCBITaxon:446372	1
NCBITaxon:446462	5
NCBITaxon:446465	6
NCBITaxon:446466	7
NCBITaxon:446468	3
NCBITaxon:446469	7
NCBITaxon:446470	5
NCBITaxon:446471	7
NCBITaxon:446660	6
NCBITaxon:446681	17
NCBITaxon:446682	11
NCBITaxon:446683	13
NCBITaxon:446684	17
NCBITaxon:446692	7
NCBITaxon:44671	4
NCBITaxon:44672	3
NCBITaxon:44674	8
NCBITaxon:44676	12
NCBITaxon:446786	23
NCBITaxon:446787	15
NCBITaxon:446820	8
NCBITaxon:446860	9
NCBITaxon:44688	1
NCBITaxon:447	2
NCBITaxon:447106	3
NCBITaxon:447199	7
NCBITaxon:447213	5
NCBITaxon:447214	6
NCBITaxon:447217	7
NCBITaxon:44737	1
NCBITaxon:447421	4
NCBITaxon:447422	9
NCBITaxon:447424	12
NCBITaxon:447425	21
NCBITaxon:447471	13
NCBITaxon:44749	2
NCBITaxon:44750	3
NCBITaxon:44751	1
NCBITaxon:44752	3
NCBITaxon:44753	2
NCBITaxon:447567	19
NCBITaxon:447593	15
NCBITaxon:447594	9
NCBITaxon:447595	13
NCBITaxon:447679	6
NCBITaxon:447689	9
NCBITaxon:447719	5
NCBITaxon:447832	5
NCBITaxon:448	2
NCBITaxon:448141	4
NCBITaxon:448385	6
NCBITaxon:449	6
NCBITaxon:449216	7
NCBITaxon:44930	3
NCBITaxon:44933	4
NCBITaxon:44935	4
NCBITaxon:44938	2
NCBITaxon:449447	5
NCBITaxon:449461	20
NCBITaxon:449463	8
NCBITaxon:449468	1
NCBITaxon:449520	6
NCBITaxon:449659	13
NCBITaxon:449662	9
NCBITaxon:449663	7
NCBITaxon:449673	6
NCBITaxon:449973	9
NCBITaxon:449974	5
NCBITaxon:45	2
NCBITaxon:450	6
NCBITaxon:450200	5
NCBITaxon:450362	14
NCBITaxon:450363	6
NCBITaxon:450364	22
NCBITaxon:450365	22
NCBITaxon:450366	24
NCBITaxon:450367	2
NCBITaxon:450378	21
NCBITaxon:450380	31
NCBITaxon:450394	6
NCBITaxon:450396	5
NCBITaxon:45056	1
NCBITaxon:45064	1
NCBITaxon:45065	1
NCBITaxon:45066	2
NCBITaxon:45067	1
NCBITaxon:45068	2
NCBITaxon:45070	2
NCBITaxon:45071	2
NCBITaxon:45072	2
NCBITaxon:45073	1
NCBITaxon:450734	8
NCBITaxon:45074	2
NCBITaxon:450746	5
NCBITaxon:450747	4
NCBITaxon:450748	5
NCBITaxon:450749	6
NCBITaxon:45075	3
NCBITaxon:450752	4
NCBITaxon:45076	2
NCBITaxon:450798	11
NCBITaxon:450799	15
NCBITaxon:450800	12
NCBITaxon:450801	17
NCBITaxon:450804	9
NCBITaxon:450821	4
NCBITaxon:450851	5
NCBITaxon:451	6
NCBITaxon:451374	6
NCBITaxon:451457	11
NCBITaxon:451513	7
NCBITaxon:451515	7
NCBITaxon:451516	6
NCBITaxon:451637	18
NCBITaxon:451638	5
NCBITaxon:451639	5
NCBITaxon:451640	6
NCBITaxon:451707	7
NCBITaxon:451708	7
NCBITaxon:451709	7
NCBITaxon:451751	1
NCBITaxon:451752	1
NCBITaxon:451754	7
NCBITaxon:451755	7
NCBITaxon:451756	7
NCBITaxon:451757	7
NCBITaxon:451764	20
NCBITaxon:451807	2
NCBITaxon:452	2
NCBITaxon:452084	38
NCBITaxon:452286	20
NCBITaxon:45242	4
NCBITaxon:45243	2
NCBITaxon:452436	6
NCBITaxon:452471	3
NCBITaxon:45248	2
NCBITaxon:452529	4
NCBITaxon:45254	2
NCBITaxon:452565	1
NCBITaxon:45262	1
NCBITaxon:452623	4
NCBITaxon:452627	7
NCBITaxon:452629	10
NCBITaxon:452637	7
NCBITaxon:452638	6
NCBITaxon:452652	4
NCBITaxon:452659	6
NCBITaxon:452662	6
NCBITaxon:452680	4
NCBITaxon:452863	10
NCBITaxon:452922	8
NCBITaxon:452948	6
NCBITaxon:452979	16
NCBITaxon:452981	6
NCBITaxon:452982	6
NCBITaxon:453	2
NCBITaxon:453162	1
NCBITaxon:453224	21
NCBITaxon:453230	4
NCBITaxon:453304	1
NCBITaxon:453361	6
NCBITaxon:453362	6
NCBITaxon:453363	6
NCBITaxon:453364	6
NCBITaxon:453365	6
NCBITaxon:453366	6
NCBITaxon:453573	10
NCBITaxon:453575	14
NCBITaxon:453581	8
NCBITaxon:453582	6
NCBITaxon:453584	12
NCBITaxon:453591	7
NCBITaxon:45361	5
NCBITaxon:45363	3
NCBITaxon:453783	13
NCBITaxon:453816	4
NCBITaxon:453817	18
NCBITaxon:453831	10
NCBITaxon:453835	5
NCBITaxon:453836	2
NCBITaxon:453837	1
NCBITaxon:453838	7
NCBITaxon:453842	11
NCBITaxon:453846	9
NCBITaxon:453847	10
NCBITaxon:453851	2
NCBITaxon:453852	11
NCBITaxon:45393	1
NCBITaxon:453959	15
NCBITaxon:453960	2
NCBITaxon:453962	24
NCBITaxon:453963	12
NCBITaxon:45398	1
NCBITaxon:454006	9
NCBITaxon:454144	8
NCBITaxon:454146	9
NCBITaxon:454147	18
NCBITaxon:454148	17
NCBITaxon:454151	15
NCBITaxon:454153	18
NCBITaxon:454154	16
NCBITaxon:454155	15
NCBITaxon:454156	10
NCBITaxon:454162	23
NCBITaxon:454164	6
NCBITaxon:454165	6
NCBITaxon:454166	6
NCBITaxon:454167	6
NCBITaxon:454168	6
NCBITaxon:454169	6
NCBITaxon:454171	2
NCBITaxon:454188	1
NCBITaxon:454194	8
NCBITaxon:454231	6
NCBITaxon:454586	19
NCBITaxon:454594	5
NCBITaxon:454598	7
NCBITaxon:454600	8
NCBITaxon:454601	18
NCBITaxon:454602	6
NCBITaxon:45462	7
NCBITaxon:45465	7
NCBITaxon:45495	1
NCBITaxon:45496	2
NCBITaxon:45497	4
NCBITaxon:45498	3
NCBITaxon:455078	10
NCBITaxon:455193	25
NCBITaxon:455227	6
NCBITaxon:455253	9
NCBITaxon:455343	16
NCBITaxon:455344	15
NCBITaxon:455359	10
NCBITaxon:455360	14
NCBITaxon:455361	1
NCBITaxon:455432	5
NCBITaxon:455434	7
NCBITaxon:455436	7
NCBITaxon:455488	7
NCBITaxon:455631	7
NCBITaxon:455632	6
NCBITaxon:456	2
NCBITaxon:45610	2
NCBITaxon:45611	2
NCBITaxon:456163	2
NCBITaxon:45629	2
NCBITaxon:456298	6
NCBITaxon:456299	14
NCBITaxon:456320	7
NCBITaxon:456327	6
NCBITaxon:456330	16
NCBITaxon:45634	7
NCBITaxon:456442	5
NCBITaxon:456455	9
NCBITaxon:456481	8
NCBITaxon:456482	6
NCBITaxon:456487	3
NCBITaxon:456490	11
NCBITaxon:456493	10
NCBITaxon:45657	3
NCBITaxon:45658	2
NCBITaxon:45663	4
NCBITaxon:45668	2
NCBITaxon:45670	3
NCBITaxon:45677	2
NCBITaxon:456827	2
NCBITaxon:456876	14
NCBITaxon:457173	13
NCBITaxon:457386	5
NCBITaxon:457387	7
NCBITaxon:457388	6
NCBITaxon:457389	2
NCBITaxon:457390	3
NCBITaxon:457391	7
NCBITaxon:457392	7
NCBITaxon:457393	5
NCBITaxon:457394	7
NCBITaxon:457395	7
NCBITaxon:457396	6
NCBITaxon:457397	5
NCBITaxon:457398	7
NCBITaxon:457400	5
NCBITaxon:457401	6
NCBITaxon:457402	3
NCBITaxon:457403	6
NCBITaxon:457404	5
NCBITaxon:457405	6
NCBITaxon:457406	7
NCBITaxon:457407	1
NCBITaxon:457408	1
NCBITaxon:457412	6
NCBITaxon:457413	5
NCBITaxon:457415	5
NCBITaxon:457416	6
NCBITaxon:457421	2
NCBITaxon:457422	2
NCBITaxon:457424	6
NCBITaxon:457425	6
NCBITaxon:457427	6
NCBITaxon:457428	6
NCBITaxon:457429	6
NCBITaxon:457430	6
NCBITaxon:457431	6
NCBITaxon:457454	17
NCBITaxon:457502	13
NCBITaxon:457570	7
NCBITaxon:457571	5
NCBITaxon:457575	2
NCBITaxon:457921	8
NCBITaxon:457923	7
NCBITaxon:457934	14
NCBITaxon:457944	1
NCBITaxon:458	2
NCBITaxon:458033	3
NCBITaxon:458197	33
NCBITaxon:458204	1
NCBITaxon:458208	4
NCBITaxon:458233	7
NCBITaxon:458234	6
NCBITaxon:45851	1
NCBITaxon:458711	7
NCBITaxon:458817	7
NCBITaxon:458836	11
NCBITaxon:459	1
NCBITaxon:459347	7
NCBITaxon:459420	6
NCBITaxon:459424	6
NCBITaxon:459428	5
NCBITaxon:459471	16
NCBITaxon:459472	16
NCBITaxon:459495	5
NCBITaxon:459515	7
NCBITaxon:459519	13
NCBITaxon:459525	11
NCBITaxon:459526	20
NCBITaxon:459527	25
NCBITaxon:459528	10
NCBITaxon:459529	27
NCBITaxon:459658	1
NCBITaxon:45972	6
NCBITaxon:45979	2
NCBITaxon:459816	6
NCBITaxon:459858	3
NCBITaxon:460	2
NCBITaxon:460060	18
NCBITaxon:460086	17
NCBITaxon:460087	20
NCBITaxon:460257	12
NCBITaxon:460265	8
NCBITaxon:460384	18
NCBITaxon:460870	11
NCBITaxon:460873	11
NCBITaxon:46124	4
NCBITaxon:46125	3
NCBITaxon:46126	3
NCBITaxon:46127	2
NCBITaxon:461391	9
NCBITaxon:461393	15
NCBITaxon:46158	1
NCBITaxon:46159	1
NCBITaxon:46160	1
NCBITaxon:46161	1
NCBITaxon:46162	2
NCBITaxon:46163	1
NCBITaxon:46164	1
NCBITaxon:46165	2
NCBITaxon:46171	3
NCBITaxon:46172	2
NCBITaxon:46173	2
NCBITaxon:46174	2
NCBITaxon:46175	5
NCBITaxon:46176	2
NCBITaxon:46177	3
NCBITaxon:46178	3
NCBITaxon:46179	3
NCBITaxon:46180	3
NCBITaxon:46181	3
NCBITaxon:46182	2
NCBITaxon:46186	1
NCBITaxon:46187	1
NCBITaxon:461876	2
NCBITaxon:46188	2
NCBITaxon:46189	1
NCBITaxon:46190	1
NCBITaxon:46201	2
NCBITaxon:46203	1
NCBITaxon:46204	1
NCBITaxon:46223	1
NCBITaxon:46224	19
NCBITaxon:46228	2
NCBITaxon:46234	6
NCBITaxon:462367	9
NCBITaxon:462372	9
NCBITaxon:46240	3
NCBITaxon:46256	5
NCBITaxon:46257	1
NCBITaxon:462710	21
NCBITaxon:462949	14
NCBITaxon:462991	35
NCBITaxon:463	3
NCBITaxon:463014	1
NCBITaxon:463025	1
NCBITaxon:463191	6
NCBITaxon:463192	7
NCBITaxon:463200	18
NCBITaxon:463301	20
NCBITaxon:46351	2
NCBITaxon:46353	3
NCBITaxon:46354	6
NCBITaxon:46355	4
NCBITaxon:46356	4
NCBITaxon:46357	3
NCBITaxon:46358	5
NCBITaxon:463794	6
NCBITaxon:463825	14
NCBITaxon:464	2
NCBITaxon:464029	29
NCBITaxon:46429	3
NCBITaxon:464322	7
NCBITaxon:46450	3
NCBITaxon:46457	3
NCBITaxon:46467	1
NCBITaxon:46469	2
NCBITaxon:46470	1
NCBITaxon:464995	16
NCBITaxon:46503	4
NCBITaxon:46506	5
NCBITaxon:46507	5
NCBITaxon:46539	7
NCBITaxon:46540	4
NCBITaxon:46541	5
NCBITaxon:465515	6
NCBITaxon:465516	6
NCBITaxon:465517	6
NCBITaxon:465518	6
NCBITaxon:465541	6
NCBITaxon:465543	6
NCBITaxon:465721	10
NCBITaxon:465817	7
NCBITaxon:465820	2
NCBITaxon:466	2
NCBITaxon:466038	3
NCBITaxon:466044	4
NCBITaxon:466084	16
NCBITaxon:46609	3
NCBITaxon:46610	2
NCBITaxon:466107	6
NCBITaxon:466109	5
NCBITaxon:466153	21
NCBITaxon:46632	1
NCBITaxon:46677	4
NCBITaxon:46678	2
NCBITaxon:46679	2
NCBITaxon:46680	6
NCBITaxon:467091	2
NCBITaxon:467093	3
NCBITaxon:467094	6
NCBITaxon:467174	3
NCBITaxon:467180	34
NCBITaxon:467200	6
NCBITaxon:467210	3
NCBITaxon:467661	3
NCBITaxon:46770	2
NCBITaxon:467705	6
NCBITaxon:467976	18
NCBITaxon:467997	13
NCBITaxon:468056	13
NCBITaxon:468058	29
NCBITaxon:468059	5
NCBITaxon:468528	14
NCBITaxon:468556	6
NCBITaxon:468557	5
NCBITaxon:46867	7
NCBITaxon:468911	9
NCBITaxon:468913	8
NCBITaxon:468914	10
NCBITaxon:468915	15
NCBITaxon:468916	16
NCBITaxon:469008	6
NCBITaxon:46914	2
NCBITaxon:469371	6
NCBITaxon:469378	6
NCBITaxon:469381	9
NCBITaxon:469382	7
NCBITaxon:469383	7
NCBITaxon:469547	3
NCBITaxon:469551	19
NCBITaxon:469585	4
NCBITaxon:469588	6
NCBITaxon:469589	6
NCBITaxon:469590	7
NCBITaxon:469591	4
NCBITaxon:469592	7
NCBITaxon:469593	5
NCBITaxon:469597	4
NCBITaxon:469599	6
NCBITaxon:469601	6
NCBITaxon:469602	6
NCBITaxon:469603	6
NCBITaxon:469604	5
NCBITaxon:469605	5
NCBITaxon:469606	6
NCBITaxon:469607	6
NCBITaxon:469609	5
NCBITaxon:469610	6
NCBITaxon:469613	2
NCBITaxon:469614	2
NCBITaxon:469615	6
NCBITaxon:469616	5
NCBITaxon:469617	6
NCBITaxon:469618	6
NCBITaxon:469621	5
NCBITaxon:469656	1
NCBITaxon:469799	11
NCBITaxon:469869	8
NCBITaxon:470	11
NCBITaxon:470028	24
NCBITaxon:470074	1
NCBITaxon:470075	1
NCBITaxon:470076	5
NCBITaxon:470137	7
NCBITaxon:470145	6
NCBITaxon:470146	7
NCBITaxon:470150	8
NCBITaxon:470446	21
NCBITaxon:470453	5
NCBITaxon:47055	4
NCBITaxon:470565	17
NCBITaxon:470735	7
NCBITaxon:470815	19
NCBITaxon:470826	16
NCBITaxon:470864	23
NCBITaxon:470866	27
NCBITaxon:470868	2
NCBITaxon:470931	25
NCBITaxon:470932	24
NCBITaxon:470933	25
NCBITaxon:470934	24
NCBITaxon:471	6
NCBITaxon:471189	10
NCBITaxon:471223	6
NCBITaxon:471225	5
NCBITaxon:471472	4
NCBITaxon:471473	4
NCBITaxon:471499	2
NCBITaxon:471511	7
NCBITaxon:471514	13
NCBITaxon:47157	8
NCBITaxon:47158	7
NCBITaxon:471825	1
NCBITaxon:471827	2
NCBITaxon:471852	7
NCBITaxon:471853	6
NCBITaxon:471854	6
NCBITaxon:471855	7
NCBITaxon:471856	5
NCBITaxon:471857	6
NCBITaxon:471858	5
NCBITaxon:471870	6
NCBITaxon:471871	6
NCBITaxon:471872	6
NCBITaxon:471874	7
NCBITaxon:471875	6
NCBITaxon:471876	6
NCBITaxon:471881	7
NCBITaxon:472	7
NCBITaxon:472055	7
NCBITaxon:472056	10
NCBITaxon:472059	1
NCBITaxon:472111	4
NCBITaxon:472113	13
NCBITaxon:472158	12
NCBITaxon:472166	7
NCBITaxon:472175	13
NCBITaxon:472181	10
NCBITaxon:472183	10
NCBITaxon:472186	14
NCBITaxon:47229	4
NCBITaxon:47246	1
NCBITaxon:472569	20
NCBITaxon:472582	1
NCBITaxon:472583	1
NCBITaxon:472693	6
NCBITaxon:472694	6
NCBITaxon:472695	6
NCBITaxon:472705	6
NCBITaxon:472759	7
NCBITaxon:472963	15
NCBITaxon:472978	1
NCBITaxon:47303	12
NCBITaxon:47311	7
NCBITaxon:47312	21
NCBITaxon:473531	3
NCBITaxon:473781	5
NCBITaxon:473788	5
NCBITaxon:473819	7
NCBITaxon:474186	6
NCBITaxon:47421	10
NCBITaxon:474394	1
NCBITaxon:47466	7
NCBITaxon:47478	1
NCBITaxon:47479	1
NCBITaxon:47481	1
NCBITaxon:47482	1
NCBITaxon:47485	1
NCBITaxon:47490	3
NCBITaxon:47492	1
NCBITaxon:47493	2
NCBITaxon:474949	16
NCBITaxon:47495	2
NCBITaxon:474950	18
NCBITaxon:474951	16
NCBITaxon:474952	12
NCBITaxon:474953	25
NCBITaxon:474957	11
NCBITaxon:47496	2
NCBITaxon:474960	15
NCBITaxon:47497	2
NCBITaxon:47498	2
NCBITaxon:47500	7
NCBITaxon:475067	12
NCBITaxon:475069	1
NCBITaxon:475081	10
NCBITaxon:475082	9
NCBITaxon:475083	8
NCBITaxon:475088	8
NCBITaxon:475253	18
NCBITaxon:475254	17
NCBITaxon:475255	19
NCBITaxon:475299	20
NCBITaxon:475609	7
NCBITaxon:475662	13
NCBITaxon:475795	9
NCBITaxon:47589	4
NCBITaxon:475957	16
NCBITaxon:475979	15
NCBITaxon:476	6
NCBITaxon:476157	1
NCBITaxon:476210	7
NCBITaxon:476211	8
NCBITaxon:476212	8
NCBITaxon:476213	6
NCBITaxon:476272	6
NCBITaxon:476279	6
NCBITaxon:476281	2
NCBITaxon:476282	6
NCBITaxon:476529	5
NCBITaxon:476550	4
NCBITaxon:476551	17
NCBITaxon:476552	5
NCBITaxon:476555	16
NCBITaxon:476652	8
NCBITaxon:47671	4
NCBITaxon:47678	4
NCBITaxon:47679	8
NCBITaxon:47687	5
NCBITaxon:477	2
NCBITaxon:47714	5
NCBITaxon:47715	12
NCBITaxon:47716	1
NCBITaxon:477184	5
NCBITaxon:477228	4
NCBITaxon:477245	2
NCBITaxon:47735	4
NCBITaxon:47758	2
NCBITaxon:47759	1
NCBITaxon:47760	4
NCBITaxon:47761	1
NCBITaxon:47762	1
NCBITaxon:47763	1
NCBITaxon:477641	4
NCBITaxon:477666	24
NCBITaxon:477675	13
NCBITaxon:477680	12
NCBITaxon:477689	22
NCBITaxon:477690	7
NCBITaxon:477696	2
NCBITaxon:47770	6
NCBITaxon:477974	3
NCBITaxon:477976	14
NCBITaxon:478	2
NCBITaxon:478004	6
NCBITaxon:478005	6
NCBITaxon:478006	6
NCBITaxon:478007	6
NCBITaxon:478008	6
NCBITaxon:478009	9
NCBITaxon:478010	16
NCBITaxon:478105	5
NCBITaxon:478106	25
NCBITaxon:478107	28
NCBITaxon:478108	28
NCBITaxon:478109	29
NCBITaxon:478110	22
NCBITaxon:478111	16
NCBITaxon:478114	19
NCBITaxon:478115	18
NCBITaxon:478174	2
NCBITaxon:47834	5
NCBITaxon:47835	1
NCBITaxon:47839	3
NCBITaxon:478433	6
NCBITaxon:478434	7
NCBITaxon:478435	7
NCBITaxon:478441	7
NCBITaxon:478445	5
NCBITaxon:478448	11
NCBITaxon:47845	2
NCBITaxon:47846	3
NCBITaxon:47847	2
NCBITaxon:47848	2
NCBITaxon:47849	1
NCBITaxon:47850	7
NCBITaxon:478503	22
NCBITaxon:47854	1
NCBITaxon:478547	7
NCBITaxon:47855	2
NCBITaxon:47856	1
NCBITaxon:47857	2
NCBITaxon:47858	1
NCBITaxon:47860	2
NCBITaxon:47864	3
NCBITaxon:47865	1
NCBITaxon:47866	1
NCBITaxon:47871	1
NCBITaxon:47872	1
NCBITaxon:478738	17
NCBITaxon:47874	2
NCBITaxon:478744	9
NCBITaxon:478749	6
NCBITaxon:47875	2
NCBITaxon:47877	2
NCBITaxon:47878	2
NCBITaxon:478780	1
NCBITaxon:47879	2
NCBITaxon:47880	5
NCBITaxon:478801	8
NCBITaxon:478807	1
NCBITaxon:47882	1
NCBITaxon:47883	6
NCBITaxon:47884	2
NCBITaxon:47885	1
NCBITaxon:47886	3
NCBITaxon:479	2
NCBITaxon:479106	1
NCBITaxon:479117	11
NCBITaxon:47914	2
NCBITaxon:47915	2
NCBITaxon:47917	22
NCBITaxon:47920	8
NCBITaxon:479410	4
NCBITaxon:479430	6
NCBITaxon:479431	6
NCBITaxon:479432	7
NCBITaxon:479433	6
NCBITaxon:479434	5
NCBITaxon:479435	7
NCBITaxon:479436	6
NCBITaxon:479437	6
NCBITaxon:479474	19
NCBITaxon:47951	7
NCBITaxon:47958	1
NCBITaxon:47959	2
NCBITaxon:47960	1
NCBITaxon:479650	7
NCBITaxon:479831	7
NCBITaxon:479832	7
NCBITaxon:479833	7
NCBITaxon:479834	7
NCBITaxon:47988	1
NCBITaxon:47989	1
NCBITaxon:47990	6
NCBITaxon:479935	2
NCBITaxon:479936	2
NCBITaxon:47994	1
NCBITaxon:479978	10
NCBITaxon:48	4
NCBITaxon:480	7
NCBITaxon:48003	1
NCBITaxon:480035	1
NCBITaxon:480036	1
NCBITaxon:480070	6
NCBITaxon:480071	1
NCBITaxon:480119	6
NCBITaxon:480224	4
NCBITaxon:480284	8
NCBITaxon:480391	14
NCBITaxon:480418	3
NCBITaxon:480520	2
NCBITaxon:48074	5
NCBITaxon:48076	5
NCBITaxon:480814	14
NCBITaxon:480930	14
NCBITaxon:480931	13
NCBITaxon:480996	6
NCBITaxon:480997	12
NCBITaxon:481002	10
NCBITaxon:481003	1
NCBITaxon:481009	3
NCBITaxon:481137	4
NCBITaxon:481138	4
NCBITaxon:481139	4
NCBITaxon:481146	1
NCBITaxon:481181	8
NCBITaxon:481183	6
NCBITaxon:481353	5
NCBITaxon:481366	12
NCBITaxon:481446	6
NCBITaxon:481448	3
NCBITaxon:481520	15
NCBITaxon:481719	1
NCBITaxon:481720	5
NCBITaxon:481722	3
NCBITaxon:481723	1
NCBITaxon:481743	6
NCBITaxon:481805	7
NCBITaxon:48221	1
NCBITaxon:482234	6
NCBITaxon:482300	7
NCBITaxon:482461	10
NCBITaxon:48256	5
NCBITaxon:482564	2
NCBITaxon:482628	7
NCBITaxon:482827	25
NCBITaxon:48292	3
NCBITaxon:482957	20
NCBITaxon:48296	6
NCBITaxon:483	4
NCBITaxon:483011	17
NCBITaxon:483012	10
NCBITaxon:483013	6
NCBITaxon:483014	20
NCBITaxon:483016	5
NCBITaxon:483179	6
NCBITaxon:483199	6
NCBITaxon:483206	11
NCBITaxon:483214	6
NCBITaxon:483215	6
NCBITaxon:483216	6
NCBITaxon:483217	6
NCBITaxon:483218	6
NCBITaxon:483219	5
NCBITaxon:483324	17
NCBITaxon:483545	14
NCBITaxon:483547	21
NCBITaxon:48382	18
NCBITaxon:48383	9
NCBITaxon:483896	9
NCBITaxon:483937	18
NCBITaxon:484	6
NCBITaxon:484018	6
NCBITaxon:484019	4
NCBITaxon:484020	7
NCBITaxon:484021	6
NCBITaxon:484022	7
NCBITaxon:484088	18
NCBITaxon:484184	23
NCBITaxon:484498	10
NCBITaxon:48464	3
NCBITaxon:48465	4
NCBITaxon:48466	2
NCBITaxon:48467	1
NCBITaxon:484770	5
NCBITaxon:485	5
NCBITaxon:485258	16
NCBITaxon:485447	15
NCBITaxon:485448	15
NCBITaxon:485577	11
NCBITaxon:485602	1
NCBITaxon:485907	18
NCBITaxon:485913	7
NCBITaxon:485914	7
NCBITaxon:485915	10
NCBITaxon:485916	8
NCBITaxon:485917	6
NCBITaxon:485918	6
NCBITaxon:486	4
NCBITaxon:486264	1
NCBITaxon:486267	1
NCBITaxon:486270	1
NCBITaxon:486407	11
NCBITaxon:486408	5
NCBITaxon:486409	5
NCBITaxon:486410	6
NCBITaxon:486619	6
NCBITaxon:486620	6
NCBITaxon:486621	6
NCBITaxon:486622	6
NCBITaxon:486623	6
NCBITaxon:486624	6
NCBITaxon:48664	3
NCBITaxon:486698	4
NCBITaxon:487	8
NCBITaxon:487049	9
NCBITaxon:487172	18
NCBITaxon:487173	6
NCBITaxon:487174	9
NCBITaxon:487175	5
NCBITaxon:487184	11
NCBITaxon:487213	6
NCBITaxon:487214	6
NCBITaxon:487215	1
NCBITaxon:48727	2
NCBITaxon:48729	1
NCBITaxon:487316	3
NCBITaxon:487317	18
NCBITaxon:487318	7
NCBITaxon:487319	11
NCBITaxon:487320	11
NCBITaxon:487514	2
NCBITaxon:487515	12
NCBITaxon:487521	6
NCBITaxon:487527	2
NCBITaxon:487528	2
NCBITaxon:487685	9
NCBITaxon:487698	8
NCBITaxon:487732	8
NCBITaxon:487796	3
NCBITaxon:487797	1
NCBITaxon:48782	1
NCBITaxon:488	6
NCBITaxon:488124	6
NCBITaxon:488142	4
NCBITaxon:488212	13
NCBITaxon:488221	6
NCBITaxon:488222	6
NCBITaxon:488223	6
NCBITaxon:488438	13
NCBITaxon:488446	11
NCBITaxon:488447	19
NCBITaxon:488454	10
NCBITaxon:488477	6
NCBITaxon:488485	19
NCBITaxon:488533	12
NCBITaxon:488535	13
NCBITaxon:488537	6
NCBITaxon:488545	1
NCBITaxon:488546	1
NCBITaxon:488547	2
NCBITaxon:488549	13
NCBITaxon:488729	11
NCBITaxon:488730	9
NCBITaxon:488731	10
NCBITaxon:488732	12
NCBITaxon:488938	1
NCBITaxon:488939	2
NCBITaxon:489	3
NCBITaxon:489138	14
NCBITaxon:489142	15
NCBITaxon:48935	4
NCBITaxon:48936	1
NCBITaxon:489619	7
NCBITaxon:489653	6
NCBITaxon:489703	1
NCBITaxon:489722	26
NCBITaxon:489758	25
NCBITaxon:489910	7
NCBITaxon:489911	8
NCBITaxon:489912	2
NCBITaxon:489913	11
NCBITaxon:489915	7
NCBITaxon:489971	6
NCBITaxon:490	4
NCBITaxon:490092	20
NCBITaxon:490093	19
NCBITaxon:490094	15
NCBITaxon:490095	17
NCBITaxon:490096	18
NCBITaxon:490098	8
NCBITaxon:490179	1
NCBITaxon:490185	8
NCBITaxon:490186	18
NCBITaxon:490188	8
NCBITaxon:490189	20
NCBITaxon:490570	8
NCBITaxon:490571	14
NCBITaxon:490572	1
NCBITaxon:490573	1
NCBITaxon:490575	1
NCBITaxon:490629	11
NCBITaxon:490759	3
NCBITaxon:490829	5
NCBITaxon:490899	6
NCBITaxon:490979	4
NCBITaxon:491071	5
NCBITaxon:491072	5
NCBITaxon:491074	6
NCBITaxon:491075	5
NCBITaxon:491076	6
NCBITaxon:491077	6
NCBITaxon:491078	5
NCBITaxon:491079	5
NCBITaxon:491080	5
NCBITaxon:491081	5
NCBITaxon:491120	5
NCBITaxon:491121	5
NCBITaxon:491122	5
NCBITaxon:491123	5
NCBITaxon:491125	5
NCBITaxon:49118	1
NCBITaxon:49119	2
NCBITaxon:491205	7
NCBITaxon:491388	15
NCBITaxon:491745	17
NCBITaxon:49185	2
NCBITaxon:49186	3
NCBITaxon:491915	6
NCBITaxon:491916	8
NCBITaxon:491918	10
NCBITaxon:491919	6
NCBITaxon:491921	17
NCBITaxon:491923	18
NCBITaxon:491947	10
NCBITaxon:491948	1
NCBITaxon:491949	1
NCBITaxon:491950	1
NCBITaxon:491951	1
NCBITaxon:491952	5
NCBITaxon:491954	9
NCBITaxon:492	3
NCBITaxon:492476	6
NCBITaxon:492660	11
NCBITaxon:492670	32
NCBITaxon:492735	13
NCBITaxon:492736	19
NCBITaxon:492774	14
NCBITaxon:49278	6
NCBITaxon:49280	2
NCBITaxon:492809	24
NCBITaxon:49283	3
NCBITaxon:493	2
NCBITaxon:49319	5
NCBITaxon:493375	14
NCBITaxon:493376	18
NCBITaxon:49338	16
NCBITaxon:493381	13
NCBITaxon:493385	1
NCBITaxon:49339	7
NCBITaxon:49340	7
NCBITaxon:49341	6
NCBITaxon:493461	8
NCBITaxon:493475	3
NCBITaxon:493780	17
NCBITaxon:493781	8
NCBITaxon:493915	2
NCBITaxon:494	1
NCBITaxon:494016	16
NCBITaxon:494023	9
NCBITaxon:494024	16
NCBITaxon:494026	15
NCBITaxon:494419	2
NCBITaxon:49447	2
NCBITaxon:495	6
NCBITaxon:49547	7
NCBITaxon:496	2
NCBITaxon:496053	27
NCBITaxon:496056	1
NCBITaxon:496058	14
NCBITaxon:496064	7
NCBITaxon:496065	6
NCBITaxon:496066	6
NCBITaxon:496067	7
NCBITaxon:496068	6
NCBITaxon:496831	1
NCBITaxon:496833	6
NCBITaxon:496857	14
NCBITaxon:496866	11
NCBITaxon:497321	2
NCBITaxon:497724	5
NCBITaxon:497725	14
NCBITaxon:497727	1
NCBITaxon:497735	15
NCBITaxon:497738	5
NCBITaxon:497739	5
NCBITaxon:497962	6
NCBITaxon:497963	6
NCBITaxon:497964	5
NCBITaxon:497965	8
NCBITaxon:497973	6
NCBITaxon:497974	6
NCBITaxon:497975	6
NCBITaxon:497976	6
NCBITaxon:497977	7
NCBITaxon:497978	6
NCBITaxon:497979	5
NCBITaxon:497980	5
NCBITaxon:497981	5
NCBITaxon:498	3
NCBITaxon:498055	6
NCBITaxon:498057	5
NCBITaxon:498198	13
NCBITaxon:498199	12
NCBITaxon:498211	5
NCBITaxon:498213	6
NCBITaxon:498214	6
NCBITaxon:498216	5
NCBITaxon:498217	7
NCBITaxon:498292	7
NCBITaxon:498301	19
NCBITaxon:498367	11
NCBITaxon:498371	8
NCBITaxon:498375	1
NCBITaxon:498718	5
NCBITaxon:498736	7
NCBITaxon:498737	7
NCBITaxon:498738	7
NCBITaxon:498739	7
NCBITaxon:498740	5
NCBITaxon:498741	6
NCBITaxon:498742	5
NCBITaxon:498743	7
NCBITaxon:498761	6
NCBITaxon:498846	1
NCBITaxon:498848	9
NCBITaxon:49893	1
NCBITaxon:49896	1
NCBITaxon:49897	4
NCBITaxon:49899	3
NCBITaxon:49900	3
NCBITaxon:499171	6
NCBITaxon:499172	7
NCBITaxon:499174	6
NCBITaxon:499175	6
NCBITaxon:499176	6
NCBITaxon:499177	6
NCBITaxon:499207	4
NCBITaxon:499229	2
NCBITaxon:499528	14
NCBITaxon:499547	1
NCBITaxon:499548	20
NCBITaxon:499555	26
NCBITaxon:500	2
NCBITaxon:500153	9
NCBITaxon:500162	16
NCBITaxon:500464	4
NCBITaxon:500465	17
NCBITaxon:50052	3
NCBITaxon:500610	11
NCBITaxon:500615	18
NCBITaxon:500632	6
NCBITaxon:500633	7
NCBITaxon:500634	6
NCBITaxon:500635	6
NCBITaxon:500637	7
NCBITaxon:500638	6
NCBITaxon:500639	5
NCBITaxon:500640	6
NCBITaxon:501010	16
NCBITaxon:501023	19
NCBITaxon:501024	1
NCBITaxon:501340	8
NCBITaxon:501479	1
NCBITaxon:501482	16
NCBITaxon:501483	17
NCBITaxon:501487	11
NCBITaxon:501496	8
NCBITaxon:501497	6
NCBITaxon:501571	12
NCBITaxon:501572	1
NCBITaxon:501592	22
NCBITaxon:502	4
NCBITaxon:502025	8
NCBITaxon:502049	26
NCBITaxon:502051	24
NCBITaxon:502115	1
NCBITaxon:502180	13
NCBITaxon:502181	8
NCBITaxon:502259	8
NCBITaxon:502268	13
NCBITaxon:502346	6
NCBITaxon:502347	6
NCBITaxon:502365	6
NCBITaxon:502366	6
NCBITaxon:502393	5
NCBITaxon:502394	11
NCBITaxon:502558	4
NCBITaxon:502567	18
NCBITaxon:502577	6
NCBITaxon:502682	9
NCBITaxon:502683	14
NCBITaxon:502790	3
NCBITaxon:502800	6
NCBITaxon:502801	6
NCBITaxon:502821	21
NCBITaxon:502829	22
NCBITaxon:502909	9
NCBITaxon:503170	8
NCBITaxon:503361	13
NCBITaxon:50338	1
NCBITaxon:50339	4
NCBITaxon:503834	1
NCBITaxon:504	3
NCBITaxon:504092	28
NCBITaxon:50422	1
NCBITaxon:504468	3
NCBITaxon:504469	8
NCBITaxon:504472	7
NCBITaxon:504474	7
NCBITaxon:504483	8
NCBITaxon:504486	13
NCBITaxon:504487	11
NCBITaxon:504488	27
NCBITaxon:504728	7
NCBITaxon:504797	13
NCBITaxon:504798	13
NCBITaxon:504800	13
NCBITaxon:504805	8
NCBITaxon:504832	4
NCBITaxon:504936	17
NCBITaxon:504937	18
NCBITaxon:505	3
NCBITaxon:505248	17
NCBITaxon:505249	5
NCBITaxon:505250	5
NCBITaxon:505251	6
NCBITaxon:505252	11
NCBITaxon:505254	12
NCBITaxon:505256	16
NCBITaxon:505317	12
NCBITaxon:505321	6
NCBITaxon:505341	1
NCBITaxon:505353	14
NCBITaxon:505389	17
NCBITaxon:505682	5
NCBITaxon:505694	8
NCBITaxon:506534	2
NCBITaxon:506591	8
NCBITaxon:506594	6
NCBITaxon:50712	5
NCBITaxon:50715	3
NCBITaxon:50717	3
NCBITaxon:50718	8
NCBITaxon:50719	2
NCBITaxon:50743	1
NCBITaxon:507522	5
NCBITaxon:507750	3
NCBITaxon:507751	2
NCBITaxon:507754	3
NCBITaxon:507844	4
NCBITaxon:508451	13
NCBITaxon:508460	6
NCBITaxon:508461	9
NCBITaxon:508464	11
NCBITaxon:508661	3
NCBITaxon:508746	5
NCBITaxon:508767	6
NCBITaxon:508770	11
NCBITaxon:508869	3
NCBITaxon:509169	4
NCBITaxon:509170	7
NCBITaxon:509173	7
NCBITaxon:509190	7
NCBITaxon:509191	8
NCBITaxon:509192	7
NCBITaxon:509193	8
NCBITaxon:509199	24
NCBITaxon:509200	26
NCBITaxon:50960	2
NCBITaxon:509633	6
NCBITaxon:509635	4
NCBITaxon:51	3
NCBITaxon:51047	2
NCBITaxon:51048	3
NCBITaxon:51049	2
NCBITaxon:510515	19
NCBITaxon:510831	6
NCBITaxon:510946	2
NCBITaxon:510947	18
NCBITaxon:510955	8
NCBITaxon:511	8
NCBITaxon:51101	2
NCBITaxon:511051	5
NCBITaxon:511062	2
NCBITaxon:511108	1
NCBITaxon:511145	7
NCBITaxon:51123	2
NCBITaxon:511435	2
NCBITaxon:511437	5
NCBITaxon:511487	13
NCBITaxon:51160	3
NCBITaxon:51161	2
NCBITaxon:511662	6
NCBITaxon:511680	8
NCBITaxon:511691	6
NCBITaxon:51173	5
NCBITaxon:511746	5
NCBITaxon:511811	15
NCBITaxon:51195	1
NCBITaxon:51197	3
NCBITaxon:511995	1
NCBITaxon:511998	17
NCBITaxon:512	1
NCBITaxon:51201	2
NCBITaxon:512012	4
NCBITaxon:51203	8
NCBITaxon:512030	3
NCBITaxon:51229	2
NCBITaxon:512349	15
NCBITaxon:512350	14
NCBITaxon:512382	22
NCBITaxon:512383	22
NCBITaxon:512397	24
NCBITaxon:512399	20
NCBITaxon:512402	4
NCBITaxon:512410	1
NCBITaxon:512562	6
NCBITaxon:512564	6
NCBITaxon:512565	3
NCBITaxon:512566	6
NCBITaxon:512643	4
NCBITaxon:512649	5
NCBITaxon:512762	12
NCBITaxon:512763	3
NCBITaxon:512767	6
NCBITaxon:512768	6
NCBITaxon:512769	6
NCBITaxon:51288	1
NCBITaxon:513049	5
NCBITaxon:513050	5
NCBITaxon:513051	5
NCBITaxon:513052	5
NCBITaxon:513053	5
NCBITaxon:513160	10
NCBITaxon:51353	5
NCBITaxon:51362	1
NCBITaxon:51363	3
NCBITaxon:51364	1
NCBITaxon:51365	6
NCBITaxon:51367	2
NCBITaxon:515256	5
NCBITaxon:515264	16
NCBITaxon:515326	8
NCBITaxon:515350	4
NCBITaxon:515351	15
NCBITaxon:515361	21
NCBITaxon:515414	9
NCBITaxon:515415	18
NCBITaxon:515440	15
NCBITaxon:515489	1
NCBITaxon:515608	5
NCBITaxon:515609	5
NCBITaxon:515611	5
NCBITaxon:515615	7
NCBITaxon:515616	7
NCBITaxon:515617	7
NCBITaxon:515618	3
NCBITaxon:515619	5
NCBITaxon:515620	4
NCBITaxon:515621	7
NCBITaxon:515622	7
NCBITaxon:515635	5
NCBITaxon:515662	17
NCBITaxon:515814	14
NCBITaxon:51589	1
NCBITaxon:515897	11
NCBITaxon:515947	1
NCBITaxon:515949	6
NCBITaxon:516051	23
NCBITaxon:516063	2
NCBITaxon:516074	11
NCBITaxon:516075	13
NCBITaxon:516123	11
NCBITaxon:516124	3
NCBITaxon:51616	6
NCBITaxon:516466	7
NCBITaxon:51663	4
NCBITaxon:51664	2
NCBITaxon:51665	1
NCBITaxon:51669	3
NCBITaxon:516700	23
NCBITaxon:516702	19
NCBITaxon:516703	10
NCBITaxon:516704	16
NCBITaxon:51671	1
NCBITaxon:516935	2
NCBITaxon:516950	6
NCBITaxon:516965	19
NCBITaxon:517011	1
NCBITaxon:517417	5
NCBITaxon:517418	6
NCBITaxon:517423	17
NCBITaxon:517424	15
NCBITaxon:517425	8
NCBITaxon:517433	7
NCBITaxon:517436	4
NCBITaxon:517437	4
NCBITaxon:517606	1
NCBITaxon:517719	17
NCBITaxon:517720	19
NCBITaxon:517722	3
NCBITaxon:517723	7
NCBITaxon:517724	20
NCBITaxon:51783	1
NCBITaxon:51785	1
NCBITaxon:518	4
NCBITaxon:518603	5
NCBITaxon:518634	6
NCBITaxon:518635	6
NCBITaxon:518636	7
NCBITaxon:518637	6
NCBITaxon:518642	19
NCBITaxon:518643	15
NCBITaxon:518738	16
NCBITaxon:518766	7
NCBITaxon:518767	21
NCBITaxon:518825	2
NCBITaxon:518897	25
NCBITaxon:518898	15
NCBITaxon:519	7
NCBITaxon:519017	2
NCBITaxon:519049	6
NCBITaxon:519050	15
NCBITaxon:519051	10
NCBITaxon:519061	4
NCBITaxon:519081	19
NCBITaxon:519421	13
NCBITaxon:519424	22
NCBITaxon:519440	9
NCBITaxon:519441	7
NCBITaxon:519442	9
NCBITaxon:519452	7
NCBITaxon:519453	5
NCBITaxon:519849	5
NCBITaxon:519851	5
NCBITaxon:519977	24
NCBITaxon:519989	2
NCBITaxon:52	6
NCBITaxon:520	4
NCBITaxon:52001	4
NCBITaxon:52004	6
NCBITaxon:520043	13
NCBITaxon:520089	6
NCBITaxon:520092	1
NCBITaxon:520140	7
NCBITaxon:520141	7
NCBITaxon:52021	2
NCBITaxon:52022	4
NCBITaxon:52023	2
NCBITaxon:520448	5
NCBITaxon:520449	7
NCBITaxon:520450	8
NCBITaxon:520451	8
NCBITaxon:520452	8
NCBITaxon:520453	8
NCBITaxon:520454	7
NCBITaxon:520455	6
NCBITaxon:520456	7
NCBITaxon:520457	7
NCBITaxon:520458	7
NCBITaxon:520459	7
NCBITaxon:520460	7
NCBITaxon:520461	7
NCBITaxon:520462	7
NCBITaxon:520463	7
NCBITaxon:520464	7
NCBITaxon:520465	7
NCBITaxon:520466	7
NCBITaxon:520467	5
NCBITaxon:520468	5
NCBITaxon:520469	5
NCBITaxon:520470	5
NCBITaxon:520471	5
NCBITaxon:520472	5
NCBITaxon:520473	5
NCBITaxon:520474	5
NCBITaxon:520475	5
NCBITaxon:520476	5
NCBITaxon:520477	5
NCBITaxon:520478	5
NCBITaxon:520479	5
NCBITaxon:520480	5
NCBITaxon:520481	5
NCBITaxon:520482	5
NCBITaxon:520483	5
NCBITaxon:520484	5
NCBITaxon:520485	5
NCBITaxon:520486	5
NCBITaxon:520487	7
NCBITaxon:520488	7
NCBITaxon:520489	7
NCBITaxon:520490	5
NCBITaxon:520491	5
NCBITaxon:520492	5
NCBITaxon:520493	5
NCBITaxon:520494	5
NCBITaxon:520495	5
NCBITaxon:520496	5
NCBITaxon:520497	5
NCBITaxon:520498	5
NCBITaxon:520499	5
NCBITaxon:520500	5
NCBITaxon:520501	5
NCBITaxon:520502	5
NCBITaxon:520503	5
NCBITaxon:520504	5
NCBITaxon:520505	5
NCBITaxon:520506	5
NCBITaxon:520507	5
NCBITaxon:520508	5
NCBITaxon:520509	5
NCBITaxon:520603	9
NCBITaxon:520708	3
NCBITaxon:520726	4
NCBITaxon:520727	4
NCBITaxon:520728	4
NCBITaxon:520729	4
NCBITaxon:520762	25
NCBITaxon:520764	19
NCBITaxon:520767	15
NCBITaxon:520999	6
NCBITaxon:521	3
NCBITaxon:521000	6
NCBITaxon:521001	5
NCBITaxon:521002	6
NCBITaxon:521003	6
NCBITaxon:521004	5
NCBITaxon:521005	5
NCBITaxon:521006	6
NCBITaxon:521007	5
NCBITaxon:521008	5
NCBITaxon:521009	6
NCBITaxon:521010	6
NCBITaxon:521011	6
NCBITaxon:521013	11
NCBITaxon:521045	4
NCBITaxon:521095	7
NCBITaxon:521096	6
NCBITaxon:521097	6
NCBITaxon:521098	7
NCBITaxon:521158	21
NCBITaxon:52131	3
NCBITaxon:52132	1
NCBITaxon:52133	12
NCBITaxon:521377	17
NCBITaxon:521392	22
NCBITaxon:521393	1
NCBITaxon:521460	5
NCBITaxon:521520	10
NCBITaxon:521674	7
NCBITaxon:521719	5
NCBITaxon:521720	7
NCBITaxon:522259	8
NCBITaxon:52226	3
NCBITaxon:522262	8
NCBITaxon:52227	5
NCBITaxon:52229	1
NCBITaxon:522298	4
NCBITaxon:522306	3
NCBITaxon:522319	7
NCBITaxon:522373	4
NCBITaxon:52242	4
NCBITaxon:522484	3
NCBITaxon:522485	4
NCBITaxon:522487	17
NCBITaxon:522488	14
NCBITaxon:52258	2
NCBITaxon:52259	1
NCBITaxon:522772	8
NCBITaxon:522773	14
NCBITaxon:522889	1
NCBITaxon:523	2
NCBITaxon:523696	1
NCBITaxon:523701	5
NCBITaxon:523742	18
NCBITaxon:523786	15
NCBITaxon:523788	14
NCBITaxon:523791	7
NCBITaxon:523794	6
NCBITaxon:523796	5
NCBITaxon:523828	5
NCBITaxon:523829	5
NCBITaxon:523830	5
NCBITaxon:523831	7
NCBITaxon:523832	5
NCBITaxon:523833	5
NCBITaxon:523834	5
NCBITaxon:523835	5
NCBITaxon:523836	5
NCBITaxon:523837	5
NCBITaxon:523838	5
NCBITaxon:523839	5
NCBITaxon:523841	7
NCBITaxon:523843	4
NCBITaxon:523844	6
NCBITaxon:523845	5
NCBITaxon:523846	8
NCBITaxon:523847	1
NCBITaxon:523849	3
NCBITaxon:523850	7
NCBITaxon:524	5
NCBITaxon:524290	5
NCBITaxon:52443	1
NCBITaxon:524884	22
NCBITaxon:525146	7
NCBITaxon:525242	5
NCBITaxon:525243	4
NCBITaxon:525244	4
NCBITaxon:525245	7
NCBITaxon:525246	7
NCBITaxon:525247	5
NCBITaxon:525254	6
NCBITaxon:525255	6
NCBITaxon:525256	6
NCBITaxon:525257	5
NCBITaxon:525258	6
NCBITaxon:525259	6
NCBITaxon:525260	6
NCBITaxon:525262	6
NCBITaxon:525263	5
NCBITaxon:525264	5
NCBITaxon:525268	6
NCBITaxon:525271	5
NCBITaxon:525278	3
NCBITaxon:525279	4
NCBITaxon:525280	5
NCBITaxon:525281	6
NCBITaxon:525282	3
NCBITaxon:525283	6
NCBITaxon:525284	4
NCBITaxon:525306	4
NCBITaxon:525309	4
NCBITaxon:525310	4
NCBITaxon:525318	4
NCBITaxon:525325	5
NCBITaxon:525326	5
NCBITaxon:525328	5
NCBITaxon:525329	5
NCBITaxon:525330	5
NCBITaxon:525337	5
NCBITaxon:525338	5
NCBITaxon:525341	5
NCBITaxon:525361	5
NCBITaxon:525362	6
NCBITaxon:525363	4
NCBITaxon:525365	5
NCBITaxon:525367	6
NCBITaxon:525368	6
NCBITaxon:525369	6
NCBITaxon:525370	7
NCBITaxon:525371	5
NCBITaxon:525372	5
NCBITaxon:525373	5
NCBITaxon:525374	6
NCBITaxon:525375	6
NCBITaxon:525376	6
NCBITaxon:525377	6
NCBITaxon:525378	6
NCBITaxon:525379	5
NCBITaxon:525381	6
NCBITaxon:52560	2
NCBITaxon:52561	3
NCBITaxon:525640	26
NCBITaxon:52584	3
NCBITaxon:525897	8
NCBITaxon:525898	7
NCBITaxon:525903	8
NCBITaxon:525904	7
NCBITaxon:525909	8
NCBITaxon:525917	11
NCBITaxon:525918	12
NCBITaxon:525919	6
NCBITaxon:525924	9
NCBITaxon:52598	5
NCBITaxon:526	3
NCBITaxon:52603	6
NCBITaxon:526067	9
NCBITaxon:526216	9
NCBITaxon:526218	7
NCBITaxon:526222	7
NCBITaxon:526224	7
NCBITaxon:526225	7
NCBITaxon:526226	7
NCBITaxon:526227	6
NCBITaxon:526347	5
NCBITaxon:526729	14
NCBITaxon:52689	2
NCBITaxon:52690	2
NCBITaxon:52691	2
NCBITaxon:52692	2
NCBITaxon:52693	2
NCBITaxon:526944	12
NCBITaxon:526947	7
NCBITaxon:526949	8
NCBITaxon:52695	1
NCBITaxon:52696	1
NCBITaxon:526962	5
NCBITaxon:526963	5
NCBITaxon:526964	5
NCBITaxon:526965	5
NCBITaxon:526966	5
NCBITaxon:526967	6
NCBITaxon:526968	6
NCBITaxon:526969	6
NCBITaxon:52697	1
NCBITaxon:526970	6
NCBITaxon:526971	6
NCBITaxon:526972	6
NCBITaxon:526973	6
NCBITaxon:526974	6
NCBITaxon:526975	6
NCBITaxon:526976	6
NCBITaxon:526977	6
NCBITaxon:526978	6
NCBITaxon:526979	6
NCBITaxon:526980	6
NCBITaxon:526981	6
NCBITaxon:526982	6
NCBITaxon:526983	6
NCBITaxon:526984	6
NCBITaxon:526985	6
NCBITaxon:526986	6
NCBITaxon:526987	6
NCBITaxon:526988	6
NCBITaxon:526989	6
NCBITaxon:52699	1
NCBITaxon:526990	6
NCBITaxon:526991	6
NCBITaxon:526992	6
NCBITaxon:526993	6
NCBITaxon:526994	6
NCBITaxon:526997	5
NCBITaxon:526998	6
NCBITaxon:526999	6
NCBITaxon:527000	6
NCBITaxon:527001	5
NCBITaxon:527002	6
NCBITaxon:527004	6
NCBITaxon:527005	6
NCBITaxon:527006	5
NCBITaxon:527007	5
NCBITaxon:527008	5
NCBITaxon:527009	5
NCBITaxon:527010	5
NCBITaxon:527011	5
NCBITaxon:527012	6
NCBITaxon:527014	5
NCBITaxon:527015	5
NCBITaxon:527016	5
NCBITaxon:527017	3
NCBITaxon:527018	3
NCBITaxon:527019	7
NCBITaxon:527020	7
NCBITaxon:527021	7
NCBITaxon:527022	7
NCBITaxon:527023	7
NCBITaxon:527024	7
NCBITaxon:527025	7
NCBITaxon:527026	7
NCBITaxon:527027	7
NCBITaxon:527028	7
NCBITaxon:527029	7
NCBITaxon:527030	7
NCBITaxon:527031	7
NCBITaxon:527032	7
NCBITaxon:52704	4
NCBITaxon:527199	1
NCBITaxon:527326	14
NCBITaxon:52761	4
NCBITaxon:52762	3
NCBITaxon:52763	1
NCBITaxon:52764	3
NCBITaxon:52767	4
NCBITaxon:52768	6
NCBITaxon:52769	2
NCBITaxon:52770	2
NCBITaxon:52771	2
NCBITaxon:52773	2
NCBITaxon:527799	5
NCBITaxon:52786	1
NCBITaxon:52787	1
NCBITaxon:528178	26
NCBITaxon:528187	25
NCBITaxon:528191	23
NCBITaxon:528209	12
NCBITaxon:528244	15
NCBITaxon:528314	9
NCBITaxon:528345	6
NCBITaxon:528346	6
NCBITaxon:528347	6
NCBITaxon:528348	5
NCBITaxon:528351	5
NCBITaxon:528352	6
NCBITaxon:528353	6
NCBITaxon:528354	6
NCBITaxon:528355	6
NCBITaxon:528356	6
NCBITaxon:528357	6
NCBITaxon:528358	6
NCBITaxon:528359	6
NCBITaxon:528360	6
NCBITaxon:529	6
NCBITaxon:529005	9
NCBITaxon:529086	6
NCBITaxon:529120	7
NCBITaxon:529121	5
NCBITaxon:529122	5
NCBITaxon:529505	29
NCBITaxon:529507	8
NCBITaxon:529703	10
NCBITaxon:529704	13
NCBITaxon:529705	7
NCBITaxon:529709	6
NCBITaxon:529731	10
NCBITaxon:529810	8
NCBITaxon:529884	7
NCBITaxon:529885	5
NCBITaxon:530557	4
NCBITaxon:530564	6
NCBITaxon:530584	14
NCBITaxon:531	3
NCBITaxon:531309	14
NCBITaxon:531310	17
NCBITaxon:531312	7
NCBITaxon:531813	2
NCBITaxon:531814	22
NCBITaxon:531815	10
NCBITaxon:531816	10
NCBITaxon:531844	2
NCBITaxon:531853	5
NCBITaxon:531938	11
NCBITaxon:531940	11
NCBITaxon:532059	9
NCBITaxon:53245	4
NCBITaxon:53247	2
NCBITaxon:53254	7
NCBITaxon:533	2
NCBITaxon:53317	1
NCBITaxon:53321	10
NCBITaxon:533240	1
NCBITaxon:533241	6
NCBITaxon:533244	6
NCBITaxon:533247	1
NCBITaxon:533267	16
NCBITaxon:53329	3
NCBITaxon:533323	14
NCBITaxon:533325	9
NCBITaxon:53336	6
NCBITaxon:53341	2
NCBITaxon:53342	1
NCBITaxon:53344	4
NCBITaxon:53345	4
NCBITaxon:53346	4
NCBITaxon:53354	1
NCBITaxon:53356	2
NCBITaxon:53358	5
NCBITaxon:53359	1
NCBITaxon:53361	29
NCBITaxon:53362	1
NCBITaxon:53363	3
NCBITaxon:53364	2
NCBITaxon:53366	1
NCBITaxon:53367	2
NCBITaxon:53368	4
NCBITaxon:53371	1
NCBITaxon:53372	1
NCBITaxon:53374	7
NCBITaxon:53376	2
NCBITaxon:53378	1
NCBITaxon:53388	1
NCBITaxon:53393	1
NCBITaxon:53394	1
NCBITaxon:53398	1
NCBITaxon:53399	3
NCBITaxon:53400	1
NCBITaxon:53405	2
NCBITaxon:53406	2
NCBITaxon:53407	2
NCBITaxon:53408	3
NCBITaxon:53409	2
NCBITaxon:53410	1
NCBITaxon:53412	5
NCBITaxon:53413	5
NCBITaxon:53414	1
NCBITaxon:53417	3
NCBITaxon:53418	2
NCBITaxon:53419	3
NCBITaxon:53422	2
NCBITaxon:53424	3
NCBITaxon:53426	3
NCBITaxon:53427	2
NCBITaxon:53428	3
NCBITaxon:53429	1
NCBITaxon:53430	1
NCBITaxon:53431	1
NCBITaxon:53432	1
NCBITaxon:53435	3
NCBITaxon:53437	3
NCBITaxon:53441	2
NCBITaxon:53442	2
NCBITaxon:53443	4
NCBITaxon:53444	1
NCBITaxon:53445	1
NCBITaxon:53446	5
NCBITaxon:53447	1
NCBITaxon:53448	1
NCBITaxon:53449	1
NCBITaxon:53450	1
NCBITaxon:53453	1
NCBITaxon:53458	3
NCBITaxon:53461	5
NCBITaxon:53462	3
NCBITaxon:53463	7
NCBITaxon:534635	15
NCBITaxon:53483	4
NCBITaxon:53501	4
NCBITaxon:535024	7
NCBITaxon:535025	6
NCBITaxon:535026	6
NCBITaxon:535205	5
NCBITaxon:535206	5
NCBITaxon:53522	3
NCBITaxon:535289	7
NCBITaxon:535290	4
NCBITaxon:535322	5
NCBITaxon:535325	5
NCBITaxon:535326	5
NCBITaxon:535327	5
NCBITaxon:535328	5
NCBITaxon:535329	5
NCBITaxon:535330	5
NCBITaxon:535331	5
NCBITaxon:535332	5
NCBITaxon:535334	5
NCBITaxon:535335	5
NCBITaxon:535338	5
NCBITaxon:535339	5
NCBITaxon:535340	5
NCBITaxon:535341	5
NCBITaxon:535346	5
NCBITaxon:535347	5
NCBITaxon:535348	5
NCBITaxon:535349	5
NCBITaxon:535351	5
NCBITaxon:53558	1
NCBITaxon:53573	4
NCBITaxon:535744	6
NCBITaxon:535906	2
NCBITaxon:535907	2
NCBITaxon:535910	1
NCBITaxon:536	6
NCBITaxon:536018	10
NCBITaxon:536019	7
NCBITaxon:536044	9
NCBITaxon:536049	1
NCBITaxon:536056	6
NCBITaxon:536088	5
NCBITaxon:536089	5
NCBITaxon:536227	6
NCBITaxon:536228	4
NCBITaxon:536229	6
NCBITaxon:536230	5
NCBITaxon:536231	6
NCBITaxon:536232	6
NCBITaxon:536233	6
NCBITaxon:53633	7
NCBITaxon:53635	5
NCBITaxon:536441	28
NCBITaxon:536633	2
NCBITaxon:536979	8
NCBITaxon:536980	6
NCBITaxon:537	3
NCBITaxon:537006	6
NCBITaxon:537007	6
NCBITaxon:537010	5
NCBITaxon:537011	6
NCBITaxon:537012	7
NCBITaxon:537013	8
NCBITaxon:537017	18
NCBITaxon:537021	2
NCBITaxon:537209	5
NCBITaxon:537210	5
NCBITaxon:537457	6
NCBITaxon:537751	1
NCBITaxon:537937	6
NCBITaxon:537970	8
NCBITaxon:537971	7
NCBITaxon:537972	7
NCBITaxon:537973	7
NCBITaxon:538021	10
NCBITaxon:538025	8
NCBITaxon:538189	7
NCBITaxon:538194	19
NCBITaxon:538378	1
NCBITaxon:538379	13
NCBITaxon:538381	25
NCBITaxon:538382	17
NCBITaxon:539	3
NCBITaxon:539262	31
NCBITaxon:539329	6
NCBITaxon:53946	2
NCBITaxon:53952	2
NCBITaxon:53953	6
NCBITaxon:53972	6
NCBITaxon:539813	2
NCBITaxon:54	2
NCBITaxon:54005	2
NCBITaxon:54006	2
NCBITaxon:540060	11
NCBITaxon:540061	11
NCBITaxon:54007	6
NCBITaxon:54010	3
NCBITaxon:54011	1
NCBITaxon:54015	1
NCBITaxon:540251	26
NCBITaxon:540254	30
NCBITaxon:540500	8
NCBITaxon:54062	4
NCBITaxon:54063	1
NCBITaxon:54067	1
NCBITaxon:540746	13
NCBITaxon:540747	1
NCBITaxon:54076	2
NCBITaxon:54077	3
NCBITaxon:540906	5
NCBITaxon:540988	10
NCBITaxon:541095	12
NCBITaxon:54120	8
NCBITaxon:54121	3
NCBITaxon:541229	5
NCBITaxon:542	7
NCBITaxon:542300	23
NCBITaxon:54248	2
NCBITaxon:54250	2
NCBITaxon:54252	3
NCBITaxon:54254	2
NCBITaxon:54256	5
NCBITaxon:54261	9
NCBITaxon:54262	3
NCBITaxon:54265	8
NCBITaxon:542764	15
NCBITaxon:542833	1
NCBITaxon:54291	6
NCBITaxon:54294	1
NCBITaxon:54299	2
NCBITaxon:54308	2
NCBITaxon:54310	1
NCBITaxon:54311	1
NCBITaxon:54313	1
NCBITaxon:543302	5
NCBITaxon:543356	1
NCBITaxon:543360	8
NCBITaxon:543526	4
NCBITaxon:543527	17
NCBITaxon:543538	7
NCBITaxon:543539	7
NCBITaxon:543540	7
NCBITaxon:543541	5
NCBITaxon:543615	10
NCBITaxon:543629	10
NCBITaxon:543728	6
NCBITaxon:543734	5
NCBITaxon:543736	6
NCBITaxon:543737	6
NCBITaxon:543877	7
NCBITaxon:54388	1
NCBITaxon:543886	1
NCBITaxon:543887	14
NCBITaxon:543890	29
NCBITaxon:543892	5
NCBITaxon:543913	2
NCBITaxon:544404	7
NCBITaxon:544405	7
NCBITaxon:544406	7
NCBITaxon:544480	21
NCBITaxon:544556	6
NCBITaxon:544580	3
NCBITaxon:544581	2
NCBITaxon:544644	11
NCBITaxon:544645	10
NCBITaxon:544681	9
NCBITaxon:544718	6
NCBITaxon:544875	5
NCBITaxon:544910	7
NCBITaxon:544911	16
NCBITaxon:545	6
NCBITaxon:545121	25
NCBITaxon:545123	24
NCBITaxon:545243	1
NCBITaxon:545261	15
NCBITaxon:545264	1
NCBITaxon:545266	1
NCBITaxon:545268	1
NCBITaxon:545275	2
NCBITaxon:545276	1
NCBITaxon:545279	1
NCBITaxon:545282	1
NCBITaxon:545283	1
NCBITaxon:545284	1
NCBITaxon:545285	1
NCBITaxon:545286	1
NCBITaxon:545287	1
NCBITaxon:545422	6
NCBITaxon:545431	6
NCBITaxon:545501	14
NCBITaxon:545502	6
NCBITaxon:545533	11
NCBITaxon:545534	6
NCBITaxon:545536	13
NCBITaxon:545537	9
NCBITaxon:545543	18
NCBITaxon:545617	5
NCBITaxon:545619	22
NCBITaxon:545624	6
NCBITaxon:545626	5
NCBITaxon:545630	5
NCBITaxon:54565	4
NCBITaxon:545693	6
NCBITaxon:545694	6
NCBITaxon:545695	6
NCBITaxon:545696	5
NCBITaxon:545697	6
NCBITaxon:54571	6
NCBITaxon:545771	5
NCBITaxon:545774	7
NCBITaxon:545776	6
NCBITaxon:545864	12
NCBITaxon:545890	14
NCBITaxon:546	7
NCBITaxon:546021	8
NCBITaxon:546022	11
NCBITaxon:546023	14
NCBITaxon:546024	9
NCBITaxon:546107	11
NCBITaxon:546108	9
NCBITaxon:546114	21
NCBITaxon:546115	8
NCBITaxon:546157	10
NCBITaxon:546231	7
NCBITaxon:546262	6
NCBITaxon:546263	7
NCBITaxon:546264	6
NCBITaxon:546265	6
NCBITaxon:546266	6
NCBITaxon:546267	6
NCBITaxon:546268	6
NCBITaxon:546269	5
NCBITaxon:546270	4
NCBITaxon:546271	5
NCBITaxon:546272	4
NCBITaxon:546273	4
NCBITaxon:546274	6
NCBITaxon:546275	7
NCBITaxon:546340	5
NCBITaxon:546342	6
NCBITaxon:546343	6
NCBITaxon:546364	3
NCBITaxon:546365	21
NCBITaxon:546367	13
NCBITaxon:546414	7
NCBITaxon:546672	1
NCBITaxon:546871	9
NCBITaxon:546872	9
NCBITaxon:546873	15
NCBITaxon:546874	16
NCBITaxon:546892	6
NCBITaxon:546894	4
NCBITaxon:547014	7
NCBITaxon:547018	27
NCBITaxon:547042	5
NCBITaxon:547043	6
NCBITaxon:547045	6
NCBITaxon:547046	6
NCBITaxon:547047	6
NCBITaxon:547048	6
NCBITaxon:547055	8
NCBITaxon:547056	10
NCBITaxon:547057	12
NCBITaxon:547122	6
NCBITaxon:547143	6
NCBITaxon:547144	7
NCBITaxon:547145	5
NCBITaxon:547146	6
NCBITaxon:547147	5
NCBITaxon:547162	14
NCBITaxon:547163	5
NCBITaxon:547188	3
NCBITaxon:54736	5
NCBITaxon:547461	10
NCBITaxon:547468	5
NCBITaxon:547558	7
NCBITaxon:547559	7
NCBITaxon:54767	1
NCBITaxon:548	12
NCBITaxon:548156	2
NCBITaxon:548470	6
NCBITaxon:548473	6
NCBITaxon:548474	6
NCBITaxon:548475	7
NCBITaxon:548476	6
NCBITaxon:548477	6
NCBITaxon:548478	6
NCBITaxon:548479	4
NCBITaxon:548480	6
NCBITaxon:548485	5
NCBITaxon:548579	10
NCBITaxon:548918	4
NCBITaxon:549	5
NCBITaxon:549000	12
NCBITaxon:549003	9
NCBITaxon:54910	5
NCBITaxon:54911	3
NCBITaxon:54913	6
NCBITaxon:54914	3
NCBITaxon:54915	5
NCBITaxon:549169	2
NCBITaxon:549295	17
NCBITaxon:549298	1
NCBITaxon:549386	15
NCBITaxon:549685	12
NCBITaxon:549687	10
NCBITaxon:549691	6
NCBITaxon:549701	10
NCBITaxon:549731	3
NCBITaxon:549819	3
NCBITaxon:550	10
NCBITaxon:550537	6
NCBITaxon:550538	6
NCBITaxon:550540	7
NCBITaxon:550542	6
NCBITaxon:550672	6
NCBITaxon:550673	6
NCBITaxon:550674	5
NCBITaxon:550675	6
NCBITaxon:550676	6
NCBITaxon:550677	6
NCBITaxon:550678	7
NCBITaxon:550679	7
NCBITaxon:550680	7
NCBITaxon:550681	5
NCBITaxon:550682	7
NCBITaxon:550683	7
NCBITaxon:550684	5
NCBITaxon:550685	5
NCBITaxon:550686	6
NCBITaxon:550687	6
NCBITaxon:550688	6
NCBITaxon:550689	6
NCBITaxon:550690	7
NCBITaxon:550691	7
NCBITaxon:550692	4
NCBITaxon:550693	5
NCBITaxon:550694	6
NCBITaxon:550747	5
NCBITaxon:550748	5
NCBITaxon:550773	5
NCBITaxon:55085	3
NCBITaxon:550982	13
NCBITaxon:550983	14
NCBITaxon:550984	1
NCBITaxon:551115	7
NCBITaxon:551275	3
NCBITaxon:551276	15
NCBITaxon:551459	4
NCBITaxon:55148	3
NCBITaxon:551546	10
NCBITaxon:551547	14
NCBITaxon:551760	3
NCBITaxon:551788	12
NCBITaxon:551789	5
NCBITaxon:551936	1
NCBITaxon:551947	5
NCBITaxon:55197	3
NCBITaxon:551987	17
NCBITaxon:551988	31
NCBITaxon:551989	44
NCBITaxon:551990	9
NCBITaxon:551995	28
NCBITaxon:551996	8
NCBITaxon:552	6
NCBITaxon:55205	9
NCBITaxon:55206	3
NCBITaxon:552061	25
NCBITaxon:552063	22
NCBITaxon:552064	15
NCBITaxon:55207	2
NCBITaxon:55208	6
NCBITaxon:55209	5
NCBITaxon:55210	1
NCBITaxon:55211	1
NCBITaxon:55212	2
NCBITaxon:55213	2
NCBITaxon:55214	2
NCBITaxon:55218	7
NCBITaxon:552354	5
NCBITaxon:552357	11
NCBITaxon:552386	1
NCBITaxon:552392	4
NCBITaxon:552395	3
NCBITaxon:552396	5
NCBITaxon:552398	3
NCBITaxon:552518	6
NCBITaxon:552526	6
NCBITaxon:552531	6
NCBITaxon:552535	5
NCBITaxon:552536	6
NCBITaxon:552546	17
NCBITaxon:552788	22
NCBITaxon:552810	5
NCBITaxon:552811	6
NCBITaxon:552903	3
NCBITaxon:553	6
NCBITaxon:553088	1
NCBITaxon:553151	9
NCBITaxon:553171	5
NCBITaxon:553174	5
NCBITaxon:553175	6
NCBITaxon:553177	5
NCBITaxon:553178	6
NCBITaxon:553184	6
NCBITaxon:553190	4
NCBITaxon:553191	5
NCBITaxon:553198	5
NCBITaxon:553199	6
NCBITaxon:553201	2
NCBITaxon:553204	5
NCBITaxon:553206	6
NCBITaxon:553207	6
NCBITaxon:553209	5
NCBITaxon:553212	6
NCBITaxon:553217	4
NCBITaxon:553218	5
NCBITaxon:553219	5
NCBITaxon:553220	6
NCBITaxon:553239	17
NCBITaxon:553311	24
NCBITaxon:553384	7
NCBITaxon:553385	22
NCBITaxon:553386	1
NCBITaxon:553466	19
NCBITaxon:553467	18
NCBITaxon:553468	19
NCBITaxon:553469	20
NCBITaxon:553470	2
NCBITaxon:553480	5
NCBITaxon:553481	6
NCBITaxon:553482	6
NCBITaxon:553484	5
NCBITaxon:553565	5
NCBITaxon:553567	5
NCBITaxon:553568	5
NCBITaxon:553571	5
NCBITaxon:553572	5
NCBITaxon:553573	5
NCBITaxon:553574	6
NCBITaxon:553577	7
NCBITaxon:553578	5
NCBITaxon:553579	5
NCBITaxon:553580	7
NCBITaxon:553581	5
NCBITaxon:553582	5
NCBITaxon:553583	5
NCBITaxon:553588	5
NCBITaxon:553589	5
NCBITaxon:553590	7
NCBITaxon:553591	5
NCBITaxon:553592	5
NCBITaxon:553593	5
NCBITaxon:553594	6
NCBITaxon:553595	5
NCBITaxon:553596	5
NCBITaxon:553597	5
NCBITaxon:553598	5
NCBITaxon:553599	5
NCBITaxon:553600	5
NCBITaxon:553601	6
NCBITaxon:553602	5
NCBITaxon:553603	5
NCBITaxon:553604	5
NCBITaxon:553605	5
NCBITaxon:553606	5
NCBITaxon:553607	5
NCBITaxon:553608	5
NCBITaxon:553609	5
NCBITaxon:553610	5
NCBITaxon:553611	3
NCBITaxon:553633	1
NCBITaxon:553636	1
NCBITaxon:553814	2
NCBITaxon:553973	7
NCBITaxon:554	12
NCBITaxon:55404	2
NCBITaxon:554083	21
NCBITaxon:554117	1
NCBITaxon:554283	6
NCBITaxon:554290	6
NCBITaxon:554308	9
NCBITaxon:554310	1
NCBITaxon:554312	20
NCBITaxon:554343	11
NCBITaxon:554344	1
NCBITaxon:554406	1
NCBITaxon:554949	2
NCBITaxon:555	5
NCBITaxon:55504	8
NCBITaxon:55505	1
NCBITaxon:555059	11
NCBITaxon:555079	5
NCBITaxon:55508	1
NCBITaxon:555088	7
NCBITaxon:55518	2
NCBITaxon:555217	8
NCBITaxon:555311	8
NCBITaxon:555313	11
NCBITaxon:555314	5
NCBITaxon:555371	13
NCBITaxon:555372	13
NCBITaxon:555455	1
NCBITaxon:555461	7
NCBITaxon:555500	21
NCBITaxon:555512	17
NCBITaxon:555573	1
NCBITaxon:55565	4
NCBITaxon:555778	7
NCBITaxon:555779	8
NCBITaxon:555791	16
NCBITaxon:555793	4
NCBITaxon:55583	1
NCBITaxon:555874	26
NCBITaxon:555875	15
NCBITaxon:555887	1
NCBITaxon:555970	6
NCBITaxon:556	6
NCBITaxon:55601	3
NCBITaxon:55602	2
NCBITaxon:55603	1
NCBITaxon:556053	11
NCBITaxon:556054	11
NCBITaxon:556055	2
NCBITaxon:556177	2
NCBITaxon:556258	7
NCBITaxon:556259	6
NCBITaxon:556260	6
NCBITaxon:556261	6
NCBITaxon:556263	5
NCBITaxon:556264	6
NCBITaxon:556265	5
NCBITaxon:556266	6
NCBITaxon:556267	6
NCBITaxon:556268	4
NCBITaxon:556269	4
NCBITaxon:556270	2
NCBITaxon:556287	2
NCBITaxon:556288	13
NCBITaxon:556325	1
NCBITaxon:556327	18
NCBITaxon:556499	20
NCBITaxon:556529	11
NCBITaxon:556530	16
NCBITaxon:556531	8
NCBITaxon:556532	7
NCBITaxon:556533	1
NCBITaxon:556534	1
NCBITaxon:556548	15
NCBITaxon:556890	27
NCBITaxon:557332	21
NCBITaxon:557433	7
NCBITaxon:557436	5
NCBITaxon:557555	12
NCBITaxon:557556	25
NCBITaxon:557557	25
NCBITaxon:55758	7
NCBITaxon:557598	7
NCBITaxon:557599	6
NCBITaxon:557600	6
NCBITaxon:557601	6
NCBITaxon:557722	6
NCBITaxon:557723	5
NCBITaxon:557724	5
NCBITaxon:557760	6
NCBITaxon:55779	1
NCBITaxon:557855	1
NCBITaxon:55802	5
NCBITaxon:558021	7
NCBITaxon:558151	13
NCBITaxon:558152	5
NCBITaxon:558155	16
NCBITaxon:558165	6
NCBITaxon:558169	17
NCBITaxon:558170	18
NCBITaxon:558172	17
NCBITaxon:558173	7
NCBITaxon:558269	6
NCBITaxon:558270	6
NCBITaxon:558271	10
NCBITaxon:558529	12
NCBITaxon:558537	20
NCBITaxon:558541	25
NCBITaxon:559301	5
NCBITaxon:559315	15
NCBITaxon:559625	2
NCBITaxon:559626	7
NCBITaxon:559627	6
NCBITaxon:559628	1
NCBITaxon:559629	21
NCBITaxon:55966	1
NCBITaxon:55969	2
NCBITaxon:559736	4
NCBITaxon:559737	4
NCBITaxon:559956	16
NCBITaxon:56	5
NCBITaxon:560080	7
NCBITaxon:560361	10
NCBITaxon:56055	2
NCBITaxon:560555	4
NCBITaxon:560556	1
NCBITaxon:560557	14
NCBITaxon:560819	5
NCBITaxon:561007	6
NCBITaxon:561061	14
NCBITaxon:56107	4
NCBITaxon:561088	5
NCBITaxon:56110	2
NCBITaxon:561173	9
NCBITaxon:561175	5
NCBITaxon:561176	18
NCBITaxon:561177	6
NCBITaxon:561180	6
NCBITaxon:561184	20
NCBITaxon:56119	18
NCBITaxon:561229	4
NCBITaxon:561230	5
NCBITaxon:561231	7
NCBITaxon:561275	7
NCBITaxon:561276	7
NCBITaxon:561304	7
NCBITaxon:561307	1
NCBITaxon:561365	5
NCBITaxon:56142	5
NCBITaxon:561440	4
NCBITaxon:56146	1
NCBITaxon:561501	2
NCBITaxon:561505	6
NCBITaxon:561522	6
NCBITaxon:561720	10
NCBITaxon:561879	28
NCBITaxon:56192	2
NCBITaxon:56193	2
NCBITaxon:561965	22
NCBITaxon:561966	19
NCBITaxon:562	18
NCBITaxon:562016	6
NCBITaxon:562017	6
NCBITaxon:562018	7
NCBITaxon:562019	6
NCBITaxon:562020	5
NCBITaxon:562729	5
NCBITaxon:562743	6
NCBITaxon:562959	1
NCBITaxon:562969	5
NCBITaxon:562970	7
NCBITaxon:562971	4
NCBITaxon:562972	5
NCBITaxon:562973	6
NCBITaxon:562979	1
NCBITaxon:562980	3
NCBITaxon:562981	5
NCBITaxon:562982	5
NCBITaxon:562983	5
NCBITaxon:562994	1
NCBITaxon:563	5
NCBITaxon:563008	5
NCBITaxon:563031	5
NCBITaxon:563032	4
NCBITaxon:563033	2
NCBITaxon:563036	6
NCBITaxon:563037	6
NCBITaxon:563038	6
NCBITaxon:563040	6
NCBITaxon:563041	9
NCBITaxon:563045	5
NCBITaxon:563163	7
NCBITaxon:563170	13
NCBITaxon:563172	9
NCBITaxon:563176	17
NCBITaxon:563177	2
NCBITaxon:563178	2
NCBITaxon:563188	19
NCBITaxon:563192	4
NCBITaxon:563193	6
NCBITaxon:563194	6
NCBITaxon:563199	1
NCBITaxon:56359	3
NCBITaxon:56361	4
NCBITaxon:563735	12
NCBITaxon:563771	6
NCBITaxon:563772	6
NCBITaxon:563773	6
NCBITaxon:563774	5
NCBITaxon:563797	5
NCBITaxon:563990	6
NCBITaxon:563996	18
NCBITaxon:564	5
NCBITaxon:564036	1
NCBITaxon:564064	6
NCBITaxon:564065	4
NCBITaxon:564066	5
NCBITaxon:564117	7
NCBITaxon:564137	1
NCBITaxon:564198	1
NCBITaxon:56425	1
NCBITaxon:56426	5
NCBITaxon:564287	5
NCBITaxon:564288	4
NCBITaxon:564369	11
NCBITaxon:56438	2
NCBITaxon:564413	13
NCBITaxon:564415	5
NCBITaxon:564416	4
NCBITaxon:564417	4
NCBITaxon:564418	4
NCBITaxon:564419	4
NCBITaxon:564420	5
NCBITaxon:564421	5
NCBITaxon:564422	5
NCBITaxon:564423	5
NCBITaxon:56448	3
NCBITaxon:56449	1
NCBITaxon:56450	4
NCBITaxon:56453	1
NCBITaxon:56454	2
NCBITaxon:56455	1
NCBITaxon:56456	1
NCBITaxon:56457	1
NCBITaxon:56458	1
NCBITaxon:56459	1
NCBITaxon:56463	1
NCBITaxon:56464	1
NCBITaxon:564663	4
NCBITaxon:564710	19
NCBITaxon:564835	17
NCBITaxon:565	4
NCBITaxon:565033	2
NCBITaxon:565034	8
NCBITaxon:565035	5
NCBITaxon:565036	5
NCBITaxon:565037	5
NCBITaxon:565038	5
NCBITaxon:565039	5
NCBITaxon:565040	6
NCBITaxon:565042	6
NCBITaxon:565045	1
NCBITaxon:565047	5
NCBITaxon:565050	6
NCBITaxon:565072	1
NCBITaxon:565073	8
NCBITaxon:565074	1
NCBITaxon:565143	6
NCBITaxon:565144	4
NCBITaxon:565370	1
NCBITaxon:565443	1
NCBITaxon:565575	5
NCBITaxon:565636	6
NCBITaxon:565637	6
NCBITaxon:565638	6
NCBITaxon:565639	5
NCBITaxon:565640	6
NCBITaxon:565641	6
NCBITaxon:565642	6
NCBITaxon:565643	6
NCBITaxon:565644	6
NCBITaxon:565645	6
NCBITaxon:565646	6
NCBITaxon:565647	6
NCBITaxon:565648	6
NCBITaxon:565649	6
NCBITaxon:565650	6
NCBITaxon:565651	6
NCBITaxon:565652	6
NCBITaxon:565653	7
NCBITaxon:565654	6
NCBITaxon:565655	7
NCBITaxon:565656	6
NCBITaxon:565657	6
NCBITaxon:565658	5
NCBITaxon:565659	6
NCBITaxon:565660	6
NCBITaxon:565661	6
NCBITaxon:565662	6
NCBITaxon:565663	6
NCBITaxon:565664	5
NCBITaxon:565665	6
NCBITaxon:565666	6
NCBITaxon:566012	21
NCBITaxon:566021	20
NCBITaxon:566022	15
NCBITaxon:566024	16
NCBITaxon:566027	7
NCBITaxon:566293	1
NCBITaxon:56636	6
NCBITaxon:566461	6
NCBITaxon:566466	3
NCBITaxon:566472	5
NCBITaxon:566546	7
NCBITaxon:566547	5
NCBITaxon:566548	5
NCBITaxon:566549	6
NCBITaxon:566550	6
NCBITaxon:566551	4
NCBITaxon:566552	6
NCBITaxon:566679	3
NCBITaxon:56689	5
NCBITaxon:56698	10
NCBITaxon:567106	8
NCBITaxon:56730	4
NCBITaxon:56731	3
NCBITaxon:56760	4
NCBITaxon:56774	2
NCBITaxon:56779	2
NCBITaxon:56780	6
NCBITaxon:56804	3
NCBITaxon:56807	3
NCBITaxon:568072	20
NCBITaxon:568098	1
NCBITaxon:568099	1
NCBITaxon:56810	2
NCBITaxon:568102	28
NCBITaxon:568105	6
NCBITaxon:568106	19
NCBITaxon:56811	4
NCBITaxon:56812	8
NCBITaxon:56813	4
NCBITaxon:568206	6
NCBITaxon:568208	1
NCBITaxon:568392	12
NCBITaxon:568603	1
NCBITaxon:568703	5
NCBITaxon:568704	6
NCBITaxon:568706	4
NCBITaxon:568707	4
NCBITaxon:568708	6
NCBITaxon:568766	1
NCBITaxon:568768	1
NCBITaxon:56877	3
NCBITaxon:56878	2
NCBITaxon:568783	28
NCBITaxon:568790	7
NCBITaxon:568813	6
NCBITaxon:568814	6
NCBITaxon:568815	6
NCBITaxon:568816	3
NCBITaxon:568817	1
NCBITaxon:568818	11
NCBITaxon:568819	7
NCBITaxon:568844	13
NCBITaxon:568860	1
NCBITaxon:568869	1
NCBITaxon:568872	12
NCBITaxon:568897	3
NCBITaxon:568898	1
NCBITaxon:568899	9
NCBITaxon:569	6
NCBITaxon:569127	9
NCBITaxon:569152	1
NCBITaxon:569153	1
NCBITaxon:569154	1
NCBITaxon:569155	1
NCBITaxon:56946	4
NCBITaxon:56956	7
NCBITaxon:56957	3
NCBITaxon:569599	15
NCBITaxon:569601	6
NCBITaxon:569857	9
NCBITaxon:569859	6
NCBITaxon:569860	10
NCBITaxon:569881	3
NCBITaxon:569882	8
NCBITaxon:569883	4
NCBITaxon:57000	2
NCBITaxon:57001	2
NCBITaxon:570012	8
NCBITaxon:57002	2
NCBITaxon:57003	2
NCBITaxon:570156	7
NCBITaxon:570161	11
NCBITaxon:570162	3
NCBITaxon:570267	9
NCBITaxon:570268	7
NCBITaxon:570276	13
NCBITaxon:570277	1
NCBITaxon:570278	20
NCBITaxon:570279	8
NCBITaxon:57028	2
NCBITaxon:570281	1
NCBITaxon:57029	3
NCBITaxon:57037	3
NCBITaxon:570416	7
NCBITaxon:570417	5
NCBITaxon:57043	2
NCBITaxon:570446	10
NCBITaxon:57046	5
NCBITaxon:570506	6
NCBITaxon:570507	6
NCBITaxon:570508	8
NCBITaxon:570509	8
NCBITaxon:570519	7
NCBITaxon:570520	12
NCBITaxon:570521	3
NCBITaxon:570835	6
NCBITaxon:570855	8
NCBITaxon:570924	2
NCBITaxon:570936	10
NCBITaxon:570945	8
NCBITaxon:570947	11
NCBITaxon:570952	5
NCBITaxon:570967	4
NCBITaxon:571	9
NCBITaxon:571115	19
NCBITaxon:571166	4
NCBITaxon:571177	3
NCBITaxon:571190	28
NCBITaxon:571254	17
NCBITaxon:571255	11
NCBITaxon:571256	16
NCBITaxon:571298	4
NCBITaxon:57171	6
NCBITaxon:57172	2
NCBITaxon:571800	4
NCBITaxon:571898	1
NCBITaxon:571911	11
NCBITaxon:571912	10
NCBITaxon:571913	14
NCBITaxon:571915	14
NCBITaxon:571932	20
NCBITaxon:572010	1
NCBITaxon:572036	4
NCBITaxon:572261	5
NCBITaxon:572262	5
NCBITaxon:572263	5
NCBITaxon:572264	8
NCBITaxon:572265	3
NCBITaxon:572418	5
NCBITaxon:572419	4
NCBITaxon:572477	9
NCBITaxon:572478	5
NCBITaxon:572479	7
NCBITaxon:572480	8
NCBITaxon:572503	4
NCBITaxon:572544	6
NCBITaxon:572545	6
NCBITaxon:572546	7
NCBITaxon:572547	8
NCBITaxon:573	11
NCBITaxon:573024	6
NCBITaxon:573058	5
NCBITaxon:573059	9
NCBITaxon:573060	8
NCBITaxon:573061	9
NCBITaxon:573062	7
NCBITaxon:573063	8
NCBITaxon:573064	7
NCBITaxon:573065	7
NCBITaxon:573066	6
NCBITaxon:573074	8
NCBITaxon:573179	23
NCBITaxon:57320	6
NCBITaxon:573234	1
NCBITaxon:573235	7
NCBITaxon:573236	6
NCBITaxon:573237	4
NCBITaxon:573321	27
NCBITaxon:573370	6
NCBITaxon:573395	6
NCBITaxon:573413	9
NCBITaxon:573496	5
NCBITaxon:573497	8
NCBITaxon:573501	14
NCBITaxon:573564	15
NCBITaxon:573568	4
NCBITaxon:573569	5
NCBITaxon:573570	1
NCBITaxon:573658	2
NCBITaxon:57372	2
NCBITaxon:573737	1
NCBITaxon:573739	1
NCBITaxon:573741	1
NCBITaxon:573825	6
NCBITaxon:574	3
NCBITaxon:574087	7
NCBITaxon:574093	6
NCBITaxon:574096	37
NCBITaxon:574349	45
NCBITaxon:574375	1
NCBITaxon:574376	1
NCBITaxon:574521	7
NCBITaxon:574556	4
NCBITaxon:574560	8
NCBITaxon:574649	10
NCBITaxon:574650	10
NCBITaxon:574651	9
NCBITaxon:574699	8
NCBITaxon:574700	8
NCBITaxon:574710	1
NCBITaxon:574718	17
NCBITaxon:57480	10
NCBITaxon:57487	3
NCBITaxon:57489	2
NCBITaxon:574929	5
NCBITaxon:574930	12
NCBITaxon:574956	15
NCBITaxon:574962	8
NCBITaxon:574963	3
NCBITaxon:574964	1
NCBITaxon:574965	6
NCBITaxon:574966	7
NCBITaxon:57497	2
NCBITaxon:57498	4
NCBITaxon:574987	2
NCBITaxon:575	3
NCBITaxon:575178	8
NCBITaxon:575186	11
NCBITaxon:575192	11
NCBITaxon:575193	10
NCBITaxon:575200	11
NCBITaxon:575256	13
NCBITaxon:575540	7
NCBITaxon:575564	5
NCBITaxon:575565	5
NCBITaxon:575584	7
NCBITaxon:575585	6
NCBITaxon:575586	4
NCBITaxon:575587	5
NCBITaxon:575588	6
NCBITaxon:575589	7
NCBITaxon:575590	5
NCBITaxon:575591	7
NCBITaxon:575593	2
NCBITaxon:575594	5
NCBITaxon:575595	5
NCBITaxon:575596	6
NCBITaxon:575597	5
NCBITaxon:575598	5
NCBITaxon:575599	5
NCBITaxon:575603	5
NCBITaxon:575604	5
NCBITaxon:575605	5
NCBITaxon:575606	6
NCBITaxon:575607	5
NCBITaxon:575609	4
NCBITaxon:575611	6
NCBITaxon:575612	6
NCBITaxon:575614	6
NCBITaxon:575615	6
NCBITaxon:575788	6
NCBITaxon:575789	2
NCBITaxon:575978	4
NCBITaxon:576	1
NCBITaxon:576117	12
NCBITaxon:576118	10
NCBITaxon:576131	8
NCBITaxon:576610	2
NCBITaxon:576611	5
NCBITaxon:57664	5
NCBITaxon:57666	4
NCBITaxon:57676	6
NCBITaxon:576784	16
NCBITaxon:576944	12
NCBITaxon:577	5
NCBITaxon:57704	13
NCBITaxon:57705	3
NCBITaxon:57706	2
NCBITaxon:57732	4
NCBITaxon:577386	24
NCBITaxon:57743	4
NCBITaxon:577470	18
NCBITaxon:577650	6
NCBITaxon:577675	2
NCBITaxon:577679	16
NCBITaxon:577680	13
NCBITaxon:578290	1
NCBITaxon:578463	18
NCBITaxon:57863	1
NCBITaxon:578693	17
NCBITaxon:578942	5
NCBITaxon:578943	14
NCBITaxon:57909	2
NCBITaxon:579105	4
NCBITaxon:579108	20
NCBITaxon:579112	7
NCBITaxon:579137	7
NCBITaxon:579138	6
NCBITaxon:579405	6
NCBITaxon:579446	1
NCBITaxon:57975	4
NCBITaxon:579922	20
NCBITaxon:579932	1
NCBITaxon:580	1
NCBITaxon:580026	9
NCBITaxon:580033	3
NCBITaxon:580047	4
NCBITaxon:580049	4
NCBITaxon:580050	7
NCBITaxon:580165	12
NCBITaxon:580166	14
NCBITaxon:580327	7
NCBITaxon:580331	7
NCBITaxon:580332	4
NCBITaxon:580340	9
NCBITaxon:58049	7
NCBITaxon:58051	5
NCBITaxon:580872	16
NCBITaxon:580937	1
NCBITaxon:581036	27
NCBITaxon:58107	1
NCBITaxon:58109	1
NCBITaxon:58110	2
NCBITaxon:581103	7
NCBITaxon:58112	2
NCBITaxon:58114	2
NCBITaxon:58115	2
NCBITaxon:58117	1
NCBITaxon:58118	2
NCBITaxon:58119	1
NCBITaxon:58121	1
NCBITaxon:58123	1
NCBITaxon:58124	1
NCBITaxon:58133	7
NCBITaxon:58135	6
NCBITaxon:58136	3
NCBITaxon:58137	4
NCBITaxon:58138	4
NCBITaxon:58172	1
NCBITaxon:58180	8
NCBITaxon:582	6
NCBITaxon:58231	3
NCBITaxon:582402	7
NCBITaxon:582419	4
NCBITaxon:582475	13
NCBITaxon:582514	3
NCBITaxon:582515	5
NCBITaxon:582607	22
NCBITaxon:582665	18
NCBITaxon:582675	31
NCBITaxon:582680	34
NCBITaxon:582744	7
NCBITaxon:582850	6
NCBITaxon:582851	5
NCBITaxon:582854	10
NCBITaxon:582855	10
NCBITaxon:582857	7
NCBITaxon:582899	6
NCBITaxon:58290	5
NCBITaxon:58314	2
NCBITaxon:583345	6
NCBITaxon:583346	6
NCBITaxon:583355	7
NCBITaxon:583356	7
NCBITaxon:583357	5
NCBITaxon:583358	6
NCBITaxon:58340	5
NCBITaxon:58341	1
NCBITaxon:58343	4
NCBITaxon:58344	1
NCBITaxon:58345	1
NCBITaxon:58346	1
NCBITaxon:58347	2
NCBITaxon:58350	1
NCBITaxon:58351	1
NCBITaxon:584	7
NCBITaxon:584609	1
NCBITaxon:584657	6
NCBITaxon:584708	7
NCBITaxon:584721	6
NCBITaxon:584787	12
NCBITaxon:585	7
NCBITaxon:585034	6
NCBITaxon:585035	7
NCBITaxon:585054	7
NCBITaxon:585055	6
NCBITaxon:585056	7
NCBITaxon:585057	6
NCBITaxon:585143	5
NCBITaxon:585144	6
NCBITaxon:585145	5
NCBITaxon:585146	5
NCBITaxon:585147	6
NCBITaxon:585148	6
NCBITaxon:585149	6
NCBITaxon:585150	6
NCBITaxon:585151	6
NCBITaxon:585152	6
NCBITaxon:585153	5
NCBITaxon:585154	5
NCBITaxon:585155	6
NCBITaxon:585156	6
NCBITaxon:585157	6
NCBITaxon:585158	5
NCBITaxon:585159	6
NCBITaxon:585160	6
NCBITaxon:585161	6
NCBITaxon:585198	4
NCBITaxon:585199	4
NCBITaxon:585200	5
NCBITaxon:585201	1
NCBITaxon:585202	6
NCBITaxon:585203	6
NCBITaxon:585204	6
NCBITaxon:585224	13
NCBITaxon:585394	7
NCBITaxon:585395	6
NCBITaxon:585396	6
NCBITaxon:585397	6
NCBITaxon:585423	6
NCBITaxon:585425	4
NCBITaxon:585455	6
NCBITaxon:585501	3
NCBITaxon:585502	6
NCBITaxon:585503	5
NCBITaxon:585506	4
NCBITaxon:585517	5
NCBITaxon:585520	5
NCBITaxon:585524	4
NCBITaxon:585528	9
NCBITaxon:585529	6
NCBITaxon:585530	6
NCBITaxon:585531	4
NCBITaxon:585535	6
NCBITaxon:585538	6
NCBITaxon:585543	8
NCBITaxon:585544	6
NCBITaxon:585891	6
NCBITaxon:58621	4
NCBITaxon:586220	6
NCBITaxon:586230	1
NCBITaxon:586239	1
NCBITaxon:586416	16
NCBITaxon:586733	15
NCBITaxon:587	8
NCBITaxon:587533	1
NCBITaxon:587534	1
NCBITaxon:587633	11
NCBITaxon:587635	10
NCBITaxon:587636	12
NCBITaxon:587735	14
NCBITaxon:587753	10
NCBITaxon:587851	2
NCBITaxon:587872	23
NCBITaxon:587909	6
NCBITaxon:588	6
NCBITaxon:588067	14
NCBITaxon:588083	4
NCBITaxon:588121	5
NCBITaxon:588122	1
NCBITaxon:588319	5
NCBITaxon:588581	7
NCBITaxon:588602	20
NCBITaxon:588604	32
NCBITaxon:588672	11
NCBITaxon:588857	7
NCBITaxon:588858	7
NCBITaxon:588898	8
NCBITaxon:588932	18
NCBITaxon:589010	9
NCBITaxon:589035	12
NCBITaxon:589159	14
NCBITaxon:589240	20
NCBITaxon:589382	1
NCBITaxon:589385	11
NCBITaxon:589403	8
NCBITaxon:589436	1
NCBITaxon:589537	10
NCBITaxon:589861	6
NCBITaxon:589865	8
NCBITaxon:589872	7
NCBITaxon:589873	3
NCBITaxon:589924	7
NCBITaxon:590061	3
NCBITaxon:590168	6
NCBITaxon:590409	6
NCBITaxon:590593	6
NCBITaxon:590609	9
NCBITaxon:590652	4
NCBITaxon:590849	15
NCBITaxon:590998	7
NCBITaxon:591001	6
NCBITaxon:591019	7
NCBITaxon:591020	7
NCBITaxon:591023	5
NCBITaxon:591153	5
NCBITaxon:591154	5
NCBITaxon:591157	6
NCBITaxon:591158	6
NCBITaxon:591159	6
NCBITaxon:591167	8
NCBITaxon:591197	12
NCBITaxon:591198	6
NCBITaxon:591202	24
NCBITaxon:591203	19
NCBITaxon:591204	1
NCBITaxon:591205	13
NCBITaxon:591206	24
NCBITaxon:591365	3
NCBITaxon:591372	12
NCBITaxon:591946	6
NCBITaxon:59196	6
NCBITaxon:591962	12
NCBITaxon:59201	6
NCBITaxon:592010	5
NCBITaxon:592014	5
NCBITaxon:592015	7
NCBITaxon:592021	6
NCBITaxon:592022	7
NCBITaxon:592025	5
NCBITaxon:592026	3
NCBITaxon:592027	6
NCBITaxon:592028	4
NCBITaxon:592029	5
NCBITaxon:592030	4
NCBITaxon:592031	4
NCBITaxon:59204	5
NCBITaxon:592050	12
NCBITaxon:592051	16
NCBITaxon:592205	6
NCBITaxon:592307	11
NCBITaxon:592308	1
NCBITaxon:592313	7
NCBITaxon:592316	6
NCBITaxon:592361	7
NCBITaxon:592376	26
NCBITaxon:592377	25
NCBITaxon:592378	17
NCBITaxon:592678	6
NCBITaxon:592724	1
NCBITaxon:59277	8
NCBITaxon:59298	3
NCBITaxon:59299	3
NCBITaxon:59310	5
NCBITaxon:593105	1
NCBITaxon:593117	8
NCBITaxon:593133	8
NCBITaxon:593134	21
NCBITaxon:593135	6
NCBITaxon:593275	2
NCBITaxon:593452	6
NCBITaxon:593585	8
NCBITaxon:593586	7
NCBITaxon:593587	7
NCBITaxon:593588	7
NCBITaxon:593589	7
NCBITaxon:593590	8
NCBITaxon:59374	7
NCBITaxon:593750	4
NCBITaxon:593907	8
NCBITaxon:593909	11
NCBITaxon:594	7
NCBITaxon:59405	8
NCBITaxon:59406	9
NCBITaxon:594679	9
NCBITaxon:595	5
NCBITaxon:59505	7
NCBITaxon:595434	4
NCBITaxon:595460	4
NCBITaxon:595468	15
NCBITaxon:595494	6
NCBITaxon:595495	5
NCBITaxon:595496	6
NCBITaxon:595497	7
NCBITaxon:595498	5
NCBITaxon:595499	1
NCBITaxon:595501	6
NCBITaxon:595502	22
NCBITaxon:595536	5
NCBITaxon:595537	6
NCBITaxon:595589	11
NCBITaxon:595605	1
NCBITaxon:59561	2
NCBITaxon:595670	1
NCBITaxon:595671	7
NCBITaxon:595692	1
NCBITaxon:595984	6
NCBITaxon:59600	4
NCBITaxon:59602	23
NCBITaxon:596085	10
NCBITaxon:59610	10
NCBITaxon:596151	8
NCBITaxon:596152	7
NCBITaxon:596153	7
NCBITaxon:596154	2
NCBITaxon:596155	5
NCBITaxon:596156	5
NCBITaxon:596157	5
NCBITaxon:596158	5
NCBITaxon:596159	5
NCBITaxon:596309	6
NCBITaxon:596310	4
NCBITaxon:596312	5
NCBITaxon:596315	4
NCBITaxon:596316	1
NCBITaxon:596317	6
NCBITaxon:596318	6
NCBITaxon:596319	6
NCBITaxon:596320	6
NCBITaxon:596321	2
NCBITaxon:596322	6
NCBITaxon:596323	5
NCBITaxon:596324	3
NCBITaxon:596325	5
NCBITaxon:596326	3
NCBITaxon:596327	4
NCBITaxon:596328	4
NCBITaxon:596329	4
NCBITaxon:596330	4
NCBITaxon:596776	3
NCBITaxon:596777	3
NCBITaxon:596778	3
NCBITaxon:596779	3
NCBITaxon:596780	3
NCBITaxon:596781	3
NCBITaxon:59733	3
NCBITaxon:59736	2
NCBITaxon:59737	2
NCBITaxon:59748	4
NCBITaxon:59750	3
NCBITaxon:59754	5
NCBITaxon:59779	1
NCBITaxon:59803	3
NCBITaxon:59813	3
NCBITaxon:59814	4
NCBITaxon:59823	5
NCBITaxon:59839	1
NCBITaxon:59840	5
NCBITaxon:59841	2
NCBITaxon:59842	1
NCBITaxon:59843	8
NCBITaxon:59845	1
NCBITaxon:59846	7
NCBITaxon:598467	5
NCBITaxon:598549	26
NCBITaxon:598550	2
NCBITaxon:598584	3
NCBITaxon:598585	3
NCBITaxon:598586	3
NCBITaxon:598587	3
NCBITaxon:598588	3
NCBITaxon:598609	1
NCBITaxon:598611	1
NCBITaxon:598626	17
NCBITaxon:598644	15
NCBITaxon:598650	4
NCBITaxon:598652	9
NCBITaxon:598653	19
NCBITaxon:598659	7
NCBITaxon:598660	12
NCBITaxon:59893	6
NCBITaxon:59919	4
NCBITaxon:59920	4
NCBITaxon:59922	4
NCBITaxon:59930	2
NCBITaxon:59931	6
NCBITaxon:600	3
NCBITaxon:600331	11
NCBITaxon:60035	8
NCBITaxon:60036	5
NCBITaxon:600645	1
NCBITaxon:600773	5
NCBITaxon:600809	5
NCBITaxon:60133	4
NCBITaxon:60137	2
NCBITaxon:60216	1
NCBITaxon:60217	6
NCBITaxon:60246	3
NCBITaxon:603050	6
NCBITaxon:604088	12
NCBITaxon:604089	11
NCBITaxon:604099	1
NCBITaxon:604162	6
NCBITaxon:604330	1
NCBITaxon:604331	6
NCBITaxon:604332	2
NCBITaxon:604354	6
NCBITaxon:60442	3
NCBITaxon:60443	3
NCBITaxon:60450	2
NCBITaxon:60454	4
NCBITaxon:60478	12
NCBITaxon:60480	7
NCBITaxon:60481	7
NCBITaxon:60489	2
NCBITaxon:605	7
NCBITaxon:60519	2
NCBITaxon:60520	2
NCBITaxon:60547	2
NCBITaxon:60548	3
NCBITaxon:60549	2
NCBITaxon:60550	5
NCBITaxon:60552	6
NCBITaxon:60555	1
NCBITaxon:60695	2
NCBITaxon:60706	1
NCBITaxon:607711	11
NCBITaxon:607712	7
NCBITaxon:60847	3
NCBITaxon:608505	6
NCBITaxon:608506	7
NCBITaxon:608534	3
NCBITaxon:608538	9
NCBITaxon:60890	5
NCBITaxon:60893	5
NCBITaxon:60894	4
NCBITaxon:60895	1
NCBITaxon:60912	1
NCBITaxon:60920	4
NCBITaxon:60921	1
NCBITaxon:60922	2
NCBITaxon:60961	9
NCBITaxon:61	1
NCBITaxon:61013	2
NCBITaxon:610130	10
NCBITaxon:61015	1
NCBITaxon:61016	2
NCBITaxon:610243	1
NCBITaxon:610244	1
NCBITaxon:610245	1
NCBITaxon:610251	1
NCBITaxon:610254	9
NCBITaxon:611	2
NCBITaxon:611301	6
NCBITaxon:611302	6
NCBITaxon:611303	6
NCBITaxon:611304	6
NCBITaxon:61150	1
NCBITaxon:61169	1
NCBITaxon:61171	2
NCBITaxon:613026	6
NCBITaxon:61305	3
NCBITaxon:613189	5
NCBITaxon:613195	12
NCBITaxon:613197	7
NCBITaxon:613198	1
NCBITaxon:613199	1
NCBITaxon:613200	1
NCBITaxon:613201	1
NCBITaxon:613202	1
NCBITaxon:613203	1
NCBITaxon:614	7
NCBITaxon:614069	11
NCBITaxon:614070	9
NCBITaxon:614083	7
NCBITaxon:614212	12
NCBITaxon:61435	7
NCBITaxon:614671	9
NCBITaxon:615	12
NCBITaxon:61592	7
NCBITaxon:61595	3
NCBITaxon:61596	1
NCBITaxon:61597	2
NCBITaxon:61598	1
NCBITaxon:616	3
NCBITaxon:61623	2
NCBITaxon:61624	3
NCBITaxon:61635	1
NCBITaxon:61644	2
NCBITaxon:61645	6
NCBITaxon:61646	2
NCBITaxon:61647	1
NCBITaxon:61648	2
NCBITaxon:61651	1
NCBITaxon:61652	2
NCBITaxon:61654	1
NCBITaxon:61656	2
NCBITaxon:616675	16
NCBITaxon:616951	1
NCBITaxon:616952	4
NCBITaxon:616990	7
NCBITaxon:616997	11
NCBITaxon:617000	6
NCBITaxon:617001	6
NCBITaxon:617002	6
NCBITaxon:617121	1
NCBITaxon:617123	6
NCBITaxon:617126	5
NCBITaxon:617131	5
NCBITaxon:617132	5
NCBITaxon:617133	5
NCBITaxon:617134	5
NCBITaxon:617135	5
NCBITaxon:617140	1
NCBITaxon:617145	1
NCBITaxon:617146	1
NCBITaxon:617147	1
NCBITaxon:617148	1
NCBITaxon:618	4
NCBITaxon:61858	2
NCBITaxon:619304	6
NCBITaxon:619593	4
NCBITaxon:619693	6
NCBITaxon:619730	10
NCBITaxon:619731	18
NCBITaxon:619741	1
NCBITaxon:619771	1
NCBITaxon:619805	7
NCBITaxon:62	1
NCBITaxon:620833	6
NCBITaxon:62088	1
NCBITaxon:620889	17
NCBITaxon:620903	6
NCBITaxon:620910	15
NCBITaxon:620914	1
NCBITaxon:621	5
NCBITaxon:621096	24
NCBITaxon:621109	21
NCBITaxon:621372	5
NCBITaxon:62140	7
NCBITaxon:622	6
NCBITaxon:622312	6
NCBITaxon:622637	1
NCBITaxon:622664	9
NCBITaxon:622671	1
NCBITaxon:622674	5
NCBITaxon:622695	6
NCBITaxon:622759	5
NCBITaxon:623	6
NCBITaxon:62319	4
NCBITaxon:62320	4
NCBITaxon:62322	7
NCBITaxon:623280	14
NCBITaxon:623281	13
NCBITaxon:624	7
NCBITaxon:624146	11
NCBITaxon:624147	17
NCBITaxon:624186	2
NCBITaxon:624315	15
NCBITaxon:626084	12
NCBITaxon:626086	5
NCBITaxon:62609	4
NCBITaxon:626095	5
NCBITaxon:626096	5
NCBITaxon:626223	10
NCBITaxon:62629	3
NCBITaxon:626343	12
NCBITaxon:626369	5
NCBITaxon:626371	1
NCBITaxon:626372	1
NCBITaxon:626418	6
NCBITaxon:626522	6
NCBITaxon:626523	6
NCBITaxon:626929	11
NCBITaxon:626930	12
NCBITaxon:626931	12
NCBITaxon:626932	20
NCBITaxon:626933	8
NCBITaxon:626934	5
NCBITaxon:626935	12
NCBITaxon:626937	11
NCBITaxon:626938	10
NCBITaxon:626939	3
NCBITaxon:626940	2
NCBITaxon:626947	5
NCBITaxon:627131	1
NCBITaxon:627192	4
NCBITaxon:627343	6
NCBITaxon:627344	6
NCBITaxon:627611	6
NCBITaxon:627624	17
NCBITaxon:62763	2
NCBITaxon:628	6
NCBITaxon:629258	5
NCBITaxon:629259	5
NCBITaxon:629260	5
NCBITaxon:629261	5
NCBITaxon:629262	5
NCBITaxon:629263	5
NCBITaxon:629264	5
NCBITaxon:629265	5
NCBITaxon:629266	5
NCBITaxon:629267	5
NCBITaxon:629268	5
NCBITaxon:629269	6
NCBITaxon:629270	5
NCBITaxon:629485	11
NCBITaxon:629679	23
NCBITaxon:62970	8
NCBITaxon:629724	13
NCBITaxon:629741	3
NCBITaxon:629742	6
NCBITaxon:62977	8
NCBITaxon:629773	2
NCBITaxon:63	1
NCBITaxon:630	5
NCBITaxon:630403	7
NCBITaxon:630405	11
NCBITaxon:630407	1
NCBITaxon:630514	14
NCBITaxon:630515	19
NCBITaxon:630520	12
NCBITaxon:630527	5
NCBITaxon:630588	6
NCBITaxon:630626	8
NCBITaxon:630975	1
NCBITaxon:630995	17
NCBITaxon:631	6
NCBITaxon:63128	4
NCBITaxon:63129	1
NCBITaxon:631362	5
NCBITaxon:631454	3
NCBITaxon:631455	9
NCBITaxon:63186	7
NCBITaxon:632	8
NCBITaxon:632140	19
NCBITaxon:632142	4
NCBITaxon:632245	6
NCBITaxon:632292	7
NCBITaxon:632335	6
NCBITaxon:632348	5
NCBITaxon:632516	6
NCBITaxon:632518	6
NCBITaxon:632569	18
NCBITaxon:632772	5
NCBITaxon:632773	5
NCBITaxon:632935	1
NCBITaxon:632955	3
NCBITaxon:633	7
NCBITaxon:633131	2
NCBITaxon:633145	6
NCBITaxon:633147	6
NCBITaxon:633148	7
NCBITaxon:633149	4
NCBITaxon:633194	11
NCBITaxon:633403	8
NCBITaxon:633404	7
NCBITaxon:633415	12
NCBITaxon:633417	13
NCBITaxon:633440	17
NCBITaxon:63363	3
NCBITaxon:633697	6
NCBITaxon:633699	6
NCBITaxon:633701	14
NCBITaxon:633807	11
NCBITaxon:633813	8
NCBITaxon:634	3
NCBITaxon:634126	21
NCBITaxon:634127	13
NCBITaxon:634155	10
NCBITaxon:634159	35
NCBITaxon:634176	7
NCBITaxon:634177	5
NCBITaxon:634290	1
NCBITaxon:634393	13
NCBITaxon:634430	8
NCBITaxon:634436	1
NCBITaxon:634439	1
NCBITaxon:634452	4
NCBITaxon:634453	4
NCBITaxon:634454	4
NCBITaxon:634455	4
NCBITaxon:634456	4
NCBITaxon:634457	4
NCBITaxon:634458	4
NCBITaxon:634459	4
NCBITaxon:634462	9
NCBITaxon:634464	3
NCBITaxon:634467	3
NCBITaxon:634468	5
NCBITaxon:634469	5
NCBITaxon:634496	5
NCBITaxon:634497	1
NCBITaxon:634498	7
NCBITaxon:634499	7
NCBITaxon:634500	6
NCBITaxon:634501	5
NCBITaxon:634502	4
NCBITaxon:634503	6
NCBITaxon:634504	5
NCBITaxon:634765	10
NCBITaxon:634770	13
NCBITaxon:634771	1
NCBITaxon:634884	23
NCBITaxon:634956	7
NCBITaxon:634994	5
NCBITaxon:634995	5
NCBITaxon:634996	5
NCBITaxon:634997	5
NCBITaxon:635013	6
NCBITaxon:635203	2
NCBITaxon:63560	6
NCBITaxon:63561	5
NCBITaxon:636	7
NCBITaxon:63612	3
NCBITaxon:63655	1
NCBITaxon:63656	5
NCBITaxon:63686	1
NCBITaxon:63737	6
NCBITaxon:637380	5
NCBITaxon:637381	5
NCBITaxon:637382	7
NCBITaxon:637383	5
NCBITaxon:637385	7
NCBITaxon:637386	7
NCBITaxon:637387	6
NCBITaxon:637388	4
NCBITaxon:637389	4
NCBITaxon:637390	1
NCBITaxon:637393	10
NCBITaxon:63740	4
NCBITaxon:63745	3
NCBITaxon:637616	6
NCBITaxon:637679	20
NCBITaxon:637886	2
NCBITaxon:637887	8
NCBITaxon:637905	6
NCBITaxon:637909	7
NCBITaxon:637910	7
NCBITaxon:637911	5
NCBITaxon:637912	6
NCBITaxon:637913	4
NCBITaxon:637971	2
NCBITaxon:637987	5
NCBITaxon:637988	5
NCBITaxon:638	5
NCBITaxon:638300	3
NCBITaxon:638301	5
NCBITaxon:638302	7
NCBITaxon:638303	7
NCBITaxon:638315	6
NCBITaxon:638574	16
NCBITaxon:638849	8
NCBITaxon:638953	7
NCBITaxon:639004	18
NCBITaxon:639240	12
NCBITaxon:639282	6
NCBITaxon:639283	6
NCBITaxon:639310	6
NCBITaxon:639313	19
NCBITaxon:63959	2
NCBITaxon:64002	2
NCBITaxon:640081	7
NCBITaxon:640084	9
NCBITaxon:640108	9
NCBITaxon:640131	1
NCBITaxon:640132	6
NCBITaxon:640205	1
NCBITaxon:640331	8
NCBITaxon:640510	7
NCBITaxon:640512	6
NCBITaxon:640513	5
NCBITaxon:640634	6
NCBITaxon:640635	14
NCBITaxon:64091	9
NCBITaxon:640943	11
NCBITaxon:640948	17
NCBITaxon:641025	22
NCBITaxon:64104	5
NCBITaxon:641107	5
NCBITaxon:641112	7
NCBITaxon:641118	5
NCBITaxon:641140	8
NCBITaxon:641143	8
NCBITaxon:641144	6
NCBITaxon:641146	6
NCBITaxon:641147	6
NCBITaxon:641148	2
NCBITaxon:641149	6
NCBITaxon:641491	6
NCBITaxon:641510	14
NCBITaxon:641524	4
NCBITaxon:641526	3
NCBITaxon:641549	16
NCBITaxon:64160	6
NCBITaxon:641665	6
NCBITaxon:641691	6
NCBITaxon:641702	1
NCBITaxon:64178	3
NCBITaxon:641783	1
NCBITaxon:641841	24
NCBITaxon:642227	24
NCBITaxon:642250	9
NCBITaxon:642492	7
NCBITaxon:642766	1
NCBITaxon:642776	8
NCBITaxon:642780	1
NCBITaxon:643052	15
NCBITaxon:643214	1
NCBITaxon:64323	1
NCBITaxon:643262	2
NCBITaxon:643473	4
NCBITaxon:643560	5
NCBITaxon:643561	7
NCBITaxon:643562	7
NCBITaxon:643568	2
NCBITaxon:643648	7
NCBITaxon:643671	1
NCBITaxon:643672	25
NCBITaxon:643673	9
NCBITaxon:643674	8
NCBITaxon:643747	1
NCBITaxon:643867	6
NCBITaxon:643956	1
NCBITaxon:644	7
NCBITaxon:644042	5
NCBITaxon:644076	4
NCBITaxon:644107	6
NCBITaxon:644220	12
NCBITaxon:644221	12
NCBITaxon:644279	5
NCBITaxon:644281	10
NCBITaxon:644282	4
NCBITaxon:644283	7
NCBITaxon:644284	7
NCBITaxon:644295	6
NCBITaxon:644296	5
NCBITaxon:644297	5
NCBITaxon:644298	5
NCBITaxon:644299	5
NCBITaxon:644300	5
NCBITaxon:644301	5
NCBITaxon:644302	5
NCBITaxon:644333	5
NCBITaxon:644334	5
NCBITaxon:644336	5
NCBITaxon:644338	5
NCBITaxon:644339	5
NCBITaxon:644341	5
NCBITaxon:644342	5
NCBITaxon:644343	5
NCBITaxon:644344	5
NCBITaxon:644383	14
NCBITaxon:644548	5
NCBITaxon:644556	18
NCBITaxon:644651	7
NCBITaxon:64471	6
NCBITaxon:644767	1
NCBITaxon:644768	1
NCBITaxon:644801	5
NCBITaxon:644897	7
NCBITaxon:644966	7
NCBITaxon:645	5
NCBITaxon:645110	17
NCBITaxon:645127	7
NCBITaxon:645170	8
NCBITaxon:645275	26
NCBITaxon:645462	7
NCBITaxon:645463	7
NCBITaxon:645464	7
NCBITaxon:645465	6
NCBITaxon:645466	14
NCBITaxon:645472	5
NCBITaxon:645512	6
NCBITaxon:645517	12
NCBITaxon:645578	5
NCBITaxon:645597	7
NCBITaxon:645616	1
NCBITaxon:645617	1
NCBITaxon:645657	7
NCBITaxon:645663	6
NCBITaxon:645887	11
NCBITaxon:645990	1
NCBITaxon:645991	6
NCBITaxon:646	2
NCBITaxon:64602	5
NCBITaxon:646095	16
NCBITaxon:646273	9
NCBITaxon:646312	4
NCBITaxon:64642	1
NCBITaxon:646529	5
NCBITaxon:646532	8
NCBITaxon:64667	1
NCBITaxon:64702	6
NCBITaxon:647113	6
NCBITaxon:64713	1
NCBITaxon:647171	4
NCBITaxon:647227	4
NCBITaxon:647381	14
NCBITaxon:647384	15
NCBITaxon:647720	29
NCBITaxon:647910	22
NCBITaxon:648	8
NCBITaxon:648751	1
NCBITaxon:648752	2
NCBITaxon:648753	11
NCBITaxon:648754	12
NCBITaxon:648757	5
NCBITaxon:648780	19
NCBITaxon:648782	1
NCBITaxon:648794	22
NCBITaxon:648796	7
NCBITaxon:648885	2
NCBITaxon:648894	4
NCBITaxon:648895	16
NCBITaxon:64897	5
NCBITaxon:648995	3
NCBITaxon:648996	6
NCBITaxon:648999	8
NCBITaxon:649	2
NCBITaxon:649007	28
NCBITaxon:649008	11
NCBITaxon:649100	21
NCBITaxon:649104	1
NCBITaxon:649189	5
NCBITaxon:649196	13
NCBITaxon:649197	1
NCBITaxon:649198	17
NCBITaxon:649333	12
NCBITaxon:649349	6
NCBITaxon:649507	3
NCBITaxon:649638	7
NCBITaxon:649639	7
NCBITaxon:64969	2
NCBITaxon:64971	2
NCBITaxon:649715	7
NCBITaxon:649716	5
NCBITaxon:64972	1
NCBITaxon:649724	6
NCBITaxon:64973	1
NCBITaxon:649739	1
NCBITaxon:64974	2
NCBITaxon:649742	6
NCBITaxon:649743	6
NCBITaxon:649746	16
NCBITaxon:649747	5
NCBITaxon:64975	2
NCBITaxon:649752	1
NCBITaxon:649753	6
NCBITaxon:649754	7
NCBITaxon:649755	4
NCBITaxon:649756	7
NCBITaxon:649757	4
NCBITaxon:649758	5
NCBITaxon:649759	3
NCBITaxon:64976	1
NCBITaxon:649760	6
NCBITaxon:649761	5
NCBITaxon:649762	5
NCBITaxon:649764	6
NCBITaxon:64977	1
NCBITaxon:64979	1
NCBITaxon:649831	4
NCBITaxon:649841	12
NCBITaxon:64988	1
NCBITaxon:65	2
NCBITaxon:650	2
NCBITaxon:650004	8
NCBITaxon:650054	2
NCBITaxon:650093	10
NCBITaxon:650104	2
NCBITaxon:650150	6
NCBITaxon:650201	1
NCBITaxon:65048	11
NCBITaxon:650508	10
NCBITaxon:65058	9
NCBITaxon:650850	1
NCBITaxon:650891	1
NCBITaxon:65093	5
NCBITaxon:651	3
NCBITaxon:651086	19
NCBITaxon:651143	25
NCBITaxon:651182	2
NCBITaxon:651183	3
NCBITaxon:65123	3
NCBITaxon:651305	4
NCBITaxon:651457	13
NCBITaxon:65151	1
NCBITaxon:651560	10
NCBITaxon:651561	6
NCBITaxon:651591	1
NCBITaxon:651609	1
NCBITaxon:651661	8
NCBITaxon:651662	1
NCBITaxon:651663	6
NCBITaxon:651666	22
NCBITaxon:651822	5
NCBITaxon:651823	11
NCBITaxon:651866	12
NCBITaxon:652	2
NCBITaxon:652017	7
NCBITaxon:652103	6
NCBITaxon:652611	4
NCBITaxon:652616	5
NCBITaxon:652620	5
NCBITaxon:652706	2
NCBITaxon:652708	2
NCBITaxon:652716	2
NCBITaxon:652787	13
NCBITaxon:652788	9
NCBITaxon:652876	15
NCBITaxon:652943	11
NCBITaxon:653045	7
NCBITaxon:653357	9
NCBITaxon:653386	5
NCBITaxon:653733	6
NCBITaxon:65380	1
NCBITaxon:653929	8
NCBITaxon:65393	8
NCBITaxon:653930	2
NCBITaxon:653931	8
NCBITaxon:653938	5
NCBITaxon:653940	10
NCBITaxon:653954	24
NCBITaxon:654	4
NCBITaxon:65403	1
NCBITaxon:654363	1
NCBITaxon:654447	11
NCBITaxon:654686	1
NCBITaxon:654838	9
NCBITaxon:65499	2
NCBITaxon:655015	8
NCBITaxon:65505	2
NCBITaxon:65511	2
NCBITaxon:65515	2
NCBITaxon:655225	7
NCBITaxon:655338	16
NCBITaxon:655353	14
NCBITaxon:655438	6
NCBITaxon:65552	1
NCBITaxon:65553	13
NCBITaxon:65555	8
NCBITaxon:655607	16
NCBITaxon:655811	6
NCBITaxon:655812	6
NCBITaxon:655813	6
NCBITaxon:655815	7
NCBITaxon:655816	7
NCBITaxon:655817	7
NCBITaxon:656	2
NCBITaxon:65605	2
NCBITaxon:656178	1
NCBITaxon:656179	1
NCBITaxon:656366	11
NCBITaxon:656371	7
NCBITaxon:656372	6
NCBITaxon:656373	5
NCBITaxon:656374	6
NCBITaxon:656379	5
NCBITaxon:656380	1
NCBITaxon:656381	7
NCBITaxon:656382	7
NCBITaxon:656383	6
NCBITaxon:656384	5
NCBITaxon:656385	5
NCBITaxon:656386	5
NCBITaxon:656387	7
NCBITaxon:656388	6
NCBITaxon:656389	5
NCBITaxon:656390	6
NCBITaxon:656391	5
NCBITaxon:656392	7
NCBITaxon:656393	6
NCBITaxon:656394	7
NCBITaxon:656395	7
NCBITaxon:656396	7
NCBITaxon:656397	7
NCBITaxon:656398	5
NCBITaxon:656399	7
NCBITaxon:656400	7
NCBITaxon:656401	5
NCBITaxon:656402	7
NCBITaxon:656403	7
NCBITaxon:656404	6
NCBITaxon:656405	5
NCBITaxon:656406	5
NCBITaxon:656407	7
NCBITaxon:656408	6
NCBITaxon:656409	5
NCBITaxon:656410	7
NCBITaxon:656411	7
NCBITaxon:656412	5
NCBITaxon:656413	7
NCBITaxon:656414	6
NCBITaxon:656415	7
NCBITaxon:656416	7
NCBITaxon:656417	6
NCBITaxon:656418	5
NCBITaxon:656419	6
NCBITaxon:656420	6
NCBITaxon:656421	7
NCBITaxon:656422	5
NCBITaxon:656423	7
NCBITaxon:656424	7
NCBITaxon:656425	5
NCBITaxon:656426	5
NCBITaxon:656427	7
NCBITaxon:656428	5
NCBITaxon:656429	6
NCBITaxon:656430	7
NCBITaxon:656431	7
NCBITaxon:656432	5
NCBITaxon:656433	7
NCBITaxon:656434	5
NCBITaxon:656435	5
NCBITaxon:656436	5
NCBITaxon:656437	6
NCBITaxon:656438	7
NCBITaxon:656439	5
NCBITaxon:656440	6
NCBITaxon:656441	7
NCBITaxon:656442	7
NCBITaxon:656443	6
NCBITaxon:656444	6
NCBITaxon:656445	5
NCBITaxon:656446	5
NCBITaxon:656447	7
NCBITaxon:656448	7
NCBITaxon:656449	6
NCBITaxon:656519	8
NCBITaxon:65655	2
NCBITaxon:65656	6
NCBITaxon:65657	4
NCBITaxon:656747	1
NCBITaxon:656894	22
NCBITaxon:656912	5
NCBITaxon:656913	5
NCBITaxon:656914	6
NCBITaxon:65700	3
NCBITaxon:657014	4
NCBITaxon:657015	1
NCBITaxon:657016	1
NCBITaxon:657276	23
NCBITaxon:657308	7
NCBITaxon:657309	7
NCBITaxon:657313	7
NCBITaxon:657314	7
NCBITaxon:657315	6
NCBITaxon:657316	3
NCBITaxon:657317	4
NCBITaxon:657318	4
NCBITaxon:657319	4
NCBITaxon:657321	9
NCBITaxon:657322	3
NCBITaxon:657323	7
NCBITaxon:657324	5
NCBITaxon:657326	14
NCBITaxon:65735	8
NCBITaxon:657409	20
NCBITaxon:65741	19
NCBITaxon:657419	3
NCBITaxon:657445	2
NCBITaxon:657651	1
NCBITaxon:657654	18
NCBITaxon:65786	1
NCBITaxon:658057	18
NCBITaxon:658062	3
NCBITaxon:658080	3
NCBITaxon:658081	2
NCBITaxon:658082	1
NCBITaxon:658083	2
NCBITaxon:658085	2
NCBITaxon:658086	2
NCBITaxon:658087	1
NCBITaxon:658088	3
NCBITaxon:658089	2
NCBITaxon:658162	1
NCBITaxon:658167	6
NCBITaxon:658172	1
NCBITaxon:658187	5
NCBITaxon:658218	18
NCBITaxon:658219	17
NCBITaxon:658225	8
NCBITaxon:658267	1
NCBITaxon:658445	2
NCBITaxon:658446	21
NCBITaxon:658456	20
NCBITaxon:658457	1
NCBITaxon:658599	4
NCBITaxon:658600	4
NCBITaxon:658612	4
NCBITaxon:658655	2
NCBITaxon:658656	1
NCBITaxon:658657	2
NCBITaxon:658659	4
NCBITaxon:658660	4
NCBITaxon:658661	6
NCBITaxon:658662	6
NCBITaxon:658663	3
NCBITaxon:658665	6
NCBITaxon:659	3
NCBITaxon:659006	11
NCBITaxon:659012	1
NCBITaxon:659013	13
NCBITaxon:659014	12
NCBITaxon:659016	21
NCBITaxon:659017	1
NCBITaxon:659018	21
NCBITaxon:659019	6
NCBITaxon:659243	20
NCBITaxon:659251	9
NCBITaxon:659350	1
NCBITaxon:659351	1
NCBITaxon:659425	12
NCBITaxon:659443	8
NCBITaxon:659444	2
NCBITaxon:659495	2
NCBITaxon:65958	2
NCBITaxon:65959	5
NCBITaxon:659595	7
NCBITaxon:660064	8
NCBITaxon:660294	4
NCBITaxon:660470	1
NCBITaxon:660513	28
NCBITaxon:660517	1
NCBITaxon:660518	1
NCBITaxon:660520	1
NCBITaxon:660521	1
NCBITaxon:660522	1
NCBITaxon:660537	22
NCBITaxon:660596	5
NCBITaxon:66080	2
NCBITaxon:66084	3
NCBITaxon:661	3
NCBITaxon:661086	1
NCBITaxon:661087	2
NCBITaxon:661089	2
NCBITaxon:661155	5
NCBITaxon:661367	7
NCBITaxon:661398	12
NCBITaxon:661399	8
NCBITaxon:661410	6
NCBITaxon:661478	1
NCBITaxon:661491	1
NCBITaxon:661493	6
NCBITaxon:661506	4
NCBITaxon:661513	6
NCBITaxon:661979	22
NCBITaxon:66199	1
NCBITaxon:66219	9
NCBITaxon:66228	2
NCBITaxon:66229	2
NCBITaxon:662367	16
NCBITaxon:662475	1
NCBITaxon:662476	1
NCBITaxon:662477	1
NCBITaxon:662478	4
NCBITaxon:662479	4
NCBITaxon:662480	4
NCBITaxon:662541	5
NCBITaxon:662598	6
NCBITaxon:66269	3
NCBITaxon:66270	6
NCBITaxon:662755	5
NCBITaxon:662858	1
NCBITaxon:662880	13
NCBITaxon:662945	7
NCBITaxon:662946	7
NCBITaxon:662947	7
NCBITaxon:662960	1
NCBITaxon:663	6
NCBITaxon:663275	2
NCBITaxon:663278	7
NCBITaxon:663321	1
NCBITaxon:663365	1
NCBITaxon:663386	22
NCBITaxon:66347	1
NCBITaxon:663602	1
NCBITaxon:663603	1
NCBITaxon:663606	1
NCBITaxon:663608	1
NCBITaxon:663609	2
NCBITaxon:663610	9
NCBITaxon:66369	1
NCBITaxon:66370	1
NCBITaxon:66371	2
NCBITaxon:66373	3
NCBITaxon:66374	1
NCBITaxon:66375	1
NCBITaxon:66376	1
NCBITaxon:66377	1
NCBITaxon:66378	1
NCBITaxon:663886	6
NCBITaxon:663887	6
NCBITaxon:663913	5
NCBITaxon:663914	5
NCBITaxon:663915	5
NCBITaxon:663916	5
NCBITaxon:663917	5
NCBITaxon:663918	7
NCBITaxon:663932	2
NCBITaxon:663949	22
NCBITaxon:663951	5
NCBITaxon:663952	6
NCBITaxon:663954	6
NCBITaxon:663958	5
NCBITaxon:66422	1
NCBITaxon:66423	2
NCBITaxon:66424	2
NCBITaxon:66425	1
NCBITaxon:66427	1
NCBITaxon:66428	1
NCBITaxon:66429	1
NCBITaxon:66431	2
NCBITaxon:664424	1
NCBITaxon:664638	11
NCBITaxon:664639	12
NCBITaxon:664640	5
NCBITaxon:664642	8
NCBITaxon:664643	4
NCBITaxon:664662	5
NCBITaxon:664683	19
NCBITaxon:664691	4
NCBITaxon:664693	14
NCBITaxon:664733	5
NCBITaxon:664784	16
NCBITaxon:664789	3
NCBITaxon:664909	7
NCBITaxon:665004	1
NCBITaxon:665025	5
NCBITaxon:665027	6
NCBITaxon:665028	5
NCBITaxon:665029	7
NCBITaxon:665038	1
NCBITaxon:665097	22
NCBITaxon:665099	17
NCBITaxon:665118	1
NCBITaxon:665126	4
NCBITaxon:665133	6
NCBITaxon:665134	4
NCBITaxon:665467	2
NCBITaxon:665550	3
NCBITaxon:665571	6
NCBITaxon:665577	5
NCBITaxon:665787	1
NCBITaxon:665913	17
NCBITaxon:665914	18
NCBITaxon:665935	5
NCBITaxon:665939	6
NCBITaxon:665940	4
NCBITaxon:665941	3
NCBITaxon:665942	6
NCBITaxon:665943	4
NCBITaxon:665944	4
NCBITaxon:665946	5
NCBITaxon:665947	1
NCBITaxon:665949	4
NCBITaxon:665950	5
NCBITaxon:665951	6
NCBITaxon:665952	2
NCBITaxon:665953	2
NCBITaxon:665954	4
NCBITaxon:665955	4
NCBITaxon:665956	4
NCBITaxon:665957	3
NCBITaxon:665958	4
NCBITaxon:665959	3
NCBITaxon:666	10
NCBITaxon:666475	6
NCBITaxon:666509	4
NCBITaxon:666510	5
NCBITaxon:666563	7
NCBITaxon:666681	4
NCBITaxon:666684	4
NCBITaxon:666685	13
NCBITaxon:666686	4
NCBITaxon:666702	10
NCBITaxon:666714	6
NCBITaxon:66692	5
NCBITaxon:66695	1
NCBITaxon:666964	4
NCBITaxon:667014	7
NCBITaxon:667015	6
NCBITaxon:66712	5
NCBITaxon:667120	7
NCBITaxon:667121	7
NCBITaxon:667126	8
NCBITaxon:667127	2
NCBITaxon:667128	2
NCBITaxon:667129	5
NCBITaxon:667303	6
NCBITaxon:667306	3
NCBITaxon:667676	35
NCBITaxon:668	6
NCBITaxon:66821	2
NCBITaxon:668331	2
NCBITaxon:668336	4
NCBITaxon:668349	5
NCBITaxon:66835	2
NCBITaxon:66849	3
NCBITaxon:66850	1
NCBITaxon:66851	7
NCBITaxon:66854	1
NCBITaxon:668570	11
NCBITaxon:668625	1
NCBITaxon:66863	3
NCBITaxon:66864	1
NCBITaxon:66865	1
NCBITaxon:66866	2
NCBITaxon:66867	1
NCBITaxon:66869	2
NCBITaxon:66870	1
NCBITaxon:66871	1
NCBITaxon:66872	1
NCBITaxon:66875	1
NCBITaxon:66876	1
NCBITaxon:66879	1
NCBITaxon:66881	1
NCBITaxon:66882	1
NCBITaxon:668820	7
NCBITaxon:66883	1
NCBITaxon:66885	1
NCBITaxon:66887	1
NCBITaxon:66888	1
NCBITaxon:66892	2
NCBITaxon:66893	1
NCBITaxon:66894	1
NCBITaxon:66895	1
NCBITaxon:66896	1
NCBITaxon:66897	1
NCBITaxon:66899	1
NCBITaxon:669	7
NCBITaxon:66900	1
NCBITaxon:66904	1
NCBITaxon:669041	6
NCBITaxon:669261	7
NCBITaxon:669262	7
NCBITaxon:669359	1
NCBITaxon:669455	1
NCBITaxon:669464	1
NCBITaxon:669502	2
NCBITaxon:66969	2
NCBITaxon:66976	8
NCBITaxon:670	9
NCBITaxon:670052	1
NCBITaxon:670054	1
NCBITaxon:670078	1
NCBITaxon:670079	2
NCBITaxon:670154	13
NCBITaxon:670155	11
NCBITaxon:670288	20
NCBITaxon:670289	22
NCBITaxon:670291	7
NCBITaxon:670292	5
NCBITaxon:670293	5
NCBITaxon:670307	5
NCBITaxon:670482	22
NCBITaxon:670484	4
NCBITaxon:670487	6
NCBITaxon:67081	1
NCBITaxon:670863	15
NCBITaxon:670887	5
NCBITaxon:670888	6
NCBITaxon:670889	5
NCBITaxon:670890	6
NCBITaxon:670891	5
NCBITaxon:670892	6
NCBITaxon:670893	6
NCBITaxon:670894	6
NCBITaxon:670895	7
NCBITaxon:670896	7
NCBITaxon:670897	6
NCBITaxon:670898	7
NCBITaxon:670899	6
NCBITaxon:670900	5
NCBITaxon:670901	5
NCBITaxon:670902	5
NCBITaxon:670903	5
NCBITaxon:670904	6
NCBITaxon:670905	6
NCBITaxon:670906	5
NCBITaxon:670956	2
NCBITaxon:671	3
NCBITaxon:671065	3
NCBITaxon:671066	3
NCBITaxon:671074	4
NCBITaxon:671076	7
NCBITaxon:671143	8
NCBITaxon:671145	1
NCBITaxon:671215	1
NCBITaxon:671218	10
NCBITaxon:671221	5
NCBITaxon:671222	1
NCBITaxon:671224	6
NCBITaxon:671225	4
NCBITaxon:671228	1
NCBITaxon:671229	1
NCBITaxon:671230	1
NCBITaxon:671235	3
NCBITaxon:671266	8
NCBITaxon:671278	7
NCBITaxon:671622	8
NCBITaxon:672	8
NCBITaxon:672157	14
NCBITaxon:672161	3
NCBITaxon:672189	5
NCBITaxon:672190	7
NCBITaxon:672460	1
NCBITaxon:67255	1
NCBITaxon:67260	1
NCBITaxon:67263	1
NCBITaxon:67265	1
NCBITaxon:67266	1
NCBITaxon:67267	2
NCBITaxon:67269	1
NCBITaxon:67271	1
NCBITaxon:67273	2
NCBITaxon:67274	1
NCBITaxon:67275	1
NCBITaxon:67277	1
NCBITaxon:67280	1
NCBITaxon:67282	1
NCBITaxon:67283	1
NCBITaxon:67285	2
NCBITaxon:67287	1
NCBITaxon:67291	1
NCBITaxon:67293	1
NCBITaxon:67294	4
NCBITaxon:67296	1
NCBITaxon:67297	1
NCBITaxon:67299	2
NCBITaxon:673	4
NCBITaxon:67301	5
NCBITaxon:67302	1
NCBITaxon:67303	1
NCBITaxon:67304	2
NCBITaxon:67305	1
NCBITaxon:67307	1
NCBITaxon:67310	1
NCBITaxon:67312	2
NCBITaxon:67313	1
NCBITaxon:67314	1
NCBITaxon:67315	1
NCBITaxon:67316	1
NCBITaxon:67318	1
NCBITaxon:673189	6
NCBITaxon:67319	1
NCBITaxon:673198	6
NCBITaxon:67320	1
NCBITaxon:67322	1
NCBITaxon:67324	1
NCBITaxon:67325	1
NCBITaxon:67326	1
NCBITaxon:673265	6
NCBITaxon:673266	6
NCBITaxon:67327	1
NCBITaxon:67330	1
NCBITaxon:67331	1
NCBITaxon:67332	1
NCBITaxon:673329	5
NCBITaxon:67333	1
NCBITaxon:673330	5
NCBITaxon:673331	5
NCBITaxon:673332	5
NCBITaxon:673333	5
NCBITaxon:673334	5
NCBITaxon:673335	5
NCBITaxon:673336	5
NCBITaxon:673337	5
NCBITaxon:673338	5
NCBITaxon:673339	5
NCBITaxon:673340	5
NCBITaxon:673341	5
NCBITaxon:673342	5
NCBITaxon:673343	5
NCBITaxon:673344	5
NCBITaxon:673345	5
NCBITaxon:673346	5
NCBITaxon:673347	5
NCBITaxon:673348	5
NCBITaxon:673349	5
NCBITaxon:673350	5
NCBITaxon:67337	1
NCBITaxon:673372	13
NCBITaxon:673379	1
NCBITaxon:67338	1
NCBITaxon:67339	2
NCBITaxon:67342	1
NCBITaxon:67343	1
NCBITaxon:67344	11
NCBITaxon:67345	1
NCBITaxon:67350	2
NCBITaxon:67351	1
NCBITaxon:673518	7
NCBITaxon:673519	6
NCBITaxon:67352	1
NCBITaxon:673521	4
NCBITaxon:67353	1
NCBITaxon:673535	11
NCBITaxon:67355	1
NCBITaxon:67356	2
NCBITaxon:673561	1
NCBITaxon:673562	1
NCBITaxon:67358	1
NCBITaxon:67360	1
NCBITaxon:67361	1
NCBITaxon:67362	1
NCBITaxon:67363	1
NCBITaxon:67364	1
NCBITaxon:67365	1
NCBITaxon:67366	1
NCBITaxon:67367	1
NCBITaxon:67368	1
NCBITaxon:67369	1
NCBITaxon:67370	1
NCBITaxon:67372	1
NCBITaxon:67373	1
NCBITaxon:67376	1
NCBITaxon:67377	1
NCBITaxon:67378	1
NCBITaxon:67379	1
NCBITaxon:67380	1
NCBITaxon:67381	1
NCBITaxon:67384	1
NCBITaxon:67385	1
NCBITaxon:67386	2
NCBITaxon:673860	4
NCBITaxon:673954	2
NCBITaxon:674	7
NCBITaxon:674036	5
NCBITaxon:674054	28
NCBITaxon:674079	5
NCBITaxon:674529	16
NCBITaxon:674972	1
NCBITaxon:674977	6
NCBITaxon:675	1
NCBITaxon:675090	9
NCBITaxon:675511	3
NCBITaxon:675512	6
NCBITaxon:675513	6
NCBITaxon:675514	6
NCBITaxon:675515	6
NCBITaxon:675516	6
NCBITaxon:675517	6
NCBITaxon:675518	6
NCBITaxon:675519	6
NCBITaxon:675520	6
NCBITaxon:675521	6
NCBITaxon:675522	6
NCBITaxon:675523	6
NCBITaxon:675524	5
NCBITaxon:675609	15
NCBITaxon:675631	4
NCBITaxon:675635	3
NCBITaxon:67573	2
NCBITaxon:67574	3
NCBITaxon:67576	2
NCBITaxon:675804	1
NCBITaxon:675806	6
NCBITaxon:675807	6
NCBITaxon:675808	6
NCBITaxon:675809	6
NCBITaxon:67581	4
NCBITaxon:675811	6
NCBITaxon:675812	6
NCBITaxon:675813	6
NCBITaxon:675814	6
NCBITaxon:675815	6
NCBITaxon:675816	6
NCBITaxon:675817	5
NCBITaxon:675820	6
NCBITaxon:675864	24
NCBITaxon:675874	1
NCBITaxon:676	3
NCBITaxon:676032	5
NCBITaxon:676034	5
NCBITaxon:676199	6
NCBITaxon:676200	5
NCBITaxon:676201	17
NCBITaxon:676202	7
NCBITaxon:676205	1
NCBITaxon:676208	1
NCBITaxon:676517	2
NCBITaxon:676965	7
NCBITaxon:67760	10
NCBITaxon:67774	3
NCBITaxon:67780	3
NCBITaxon:678	1
NCBITaxon:67824	2
NCBITaxon:67825	8
NCBITaxon:67826	1
NCBITaxon:67827	1
NCBITaxon:67828	2
NCBITaxon:67829	2
NCBITaxon:67854	6
NCBITaxon:67855	3
NCBITaxon:67859	1
NCBITaxon:678605	1
NCBITaxon:678932	4
NCBITaxon:679188	5
NCBITaxon:679189	6
NCBITaxon:679190	6
NCBITaxon:679191	6
NCBITaxon:679192	6
NCBITaxon:679193	6
NCBITaxon:679194	6
NCBITaxon:679195	6
NCBITaxon:679196	5
NCBITaxon:679197	6
NCBITaxon:679198	4
NCBITaxon:679199	5
NCBITaxon:679200	4
NCBITaxon:679201	4
NCBITaxon:679202	6
NCBITaxon:679204	6
NCBITaxon:679205	6
NCBITaxon:679206	6
NCBITaxon:679207	6
NCBITaxon:679249	1
NCBITaxon:679260	5
NCBITaxon:679319	13
NCBITaxon:679663	16
NCBITaxon:679664	17
NCBITaxon:679732	1
NCBITaxon:679895	5
NCBITaxon:679896	6
NCBITaxon:679897	7
NCBITaxon:679901	5
NCBITaxon:679926	10
NCBITaxon:679935	6
NCBITaxon:679936	8
NCBITaxon:679937	7
NCBITaxon:680	3
NCBITaxon:680026	26
NCBITaxon:680118	9
NCBITaxon:680125	8
NCBITaxon:680127	11
NCBITaxon:680197	1
NCBITaxon:680198	6
NCBITaxon:680247	7
NCBITaxon:680248	11
NCBITaxon:680279	18
NCBITaxon:680283	18
NCBITaxon:680375	3
NCBITaxon:68042	5
NCBITaxon:680646	3
NCBITaxon:680648	3
NCBITaxon:680649	5
NCBITaxon:681157	5
NCBITaxon:681288	6
NCBITaxon:681289	13
NCBITaxon:681398	1
NCBITaxon:681573	5
NCBITaxon:681634	1
NCBITaxon:681644	1
NCBITaxon:681645	6
NCBITaxon:68170	6
NCBITaxon:68171	1
NCBITaxon:68173	1
NCBITaxon:68174	1
NCBITaxon:68175	3
NCBITaxon:68179	2
NCBITaxon:68180	2
NCBITaxon:68182	2
NCBITaxon:68183	1
NCBITaxon:68184	1
NCBITaxon:681847	8
NCBITaxon:68185	1
NCBITaxon:68186	1
NCBITaxon:68187	1
NCBITaxon:68188	1
NCBITaxon:68190	1
NCBITaxon:68191	1
NCBITaxon:68193	1
NCBITaxon:68194	1
NCBITaxon:68195	1
NCBITaxon:68196	1
NCBITaxon:68197	1
NCBITaxon:68200	1
NCBITaxon:68207	1
NCBITaxon:68209	1
NCBITaxon:68211	1
NCBITaxon:68212	1
NCBITaxon:68213	4
NCBITaxon:68214	1
NCBITaxon:682147	6
NCBITaxon:682148	6
NCBITaxon:68215	1
NCBITaxon:68217	1
NCBITaxon:682179	1
NCBITaxon:682181	5
NCBITaxon:68219	1
NCBITaxon:68221	1
NCBITaxon:68222	1
NCBITaxon:68223	1
NCBITaxon:68225	1
NCBITaxon:68228	2
NCBITaxon:68229	1
NCBITaxon:68230	1
NCBITaxon:68231	1
NCBITaxon:68232	1
NCBITaxon:68233	1
NCBITaxon:68237	1
NCBITaxon:68238	1
NCBITaxon:68239	1
NCBITaxon:68244	1
NCBITaxon:68245	1
NCBITaxon:68246	1
NCBITaxon:68247	1
NCBITaxon:68249	1
NCBITaxon:68252	1
NCBITaxon:682526	1
NCBITaxon:68254	1
NCBITaxon:68255	1
NCBITaxon:682550	3
NCBITaxon:68256	1
NCBITaxon:682562	3
NCBITaxon:68258	1
NCBITaxon:68259	1
NCBITaxon:68261	1
NCBITaxon:68263	1
NCBITaxon:682633	7
NCBITaxon:682634	6
NCBITaxon:68264	5
NCBITaxon:682667	1
NCBITaxon:68268	1
NCBITaxon:68270	1
NCBITaxon:682713	7
NCBITaxon:68272	1
NCBITaxon:68274	1
NCBITaxon:68276	1
NCBITaxon:68277	1
NCBITaxon:68278	1
NCBITaxon:682795	4
NCBITaxon:682798	1
NCBITaxon:68280	5
NCBITaxon:68282	1
NCBITaxon:68284	1
NCBITaxon:68285	1
NCBITaxon:68286	1
NCBITaxon:68291	2
NCBITaxon:68292	3
NCBITaxon:682956	2
NCBITaxon:682957	4
NCBITaxon:682979	18
NCBITaxon:683041	12
NCBITaxon:683047	1
NCBITaxon:683082	5
NCBITaxon:683083	5
NCBITaxon:683124	6
NCBITaxon:683125	9
NCBITaxon:683150	3
NCBITaxon:683153	1
NCBITaxon:683219	6
NCBITaxon:683228	12
NCBITaxon:683260	1
NCBITaxon:683292	1
NCBITaxon:683305	9
NCBITaxon:683315	6
NCBITaxon:683316	5
NCBITaxon:683318	1
NCBITaxon:68334	2
NCBITaxon:683354	1
NCBITaxon:683355	1
NCBITaxon:683737	1
NCBITaxon:683837	6
NCBITaxon:683846	9
NCBITaxon:684063	1
NCBITaxon:684066	9
NCBITaxon:684552	1
NCBITaxon:684663	14
NCBITaxon:684719	3
NCBITaxon:684738	6
NCBITaxon:684950	7
NCBITaxon:685	1
NCBITaxon:685035	4
NCBITaxon:685036	1
NCBITaxon:685038	7
NCBITaxon:685039	6
NCBITaxon:685040	7
NCBITaxon:685445	2
NCBITaxon:685454	15
NCBITaxon:68569	2
NCBITaxon:685706	2
NCBITaxon:685727	7
NCBITaxon:685778	4
NCBITaxon:685782	5
NCBITaxon:685828	3
NCBITaxon:686	3
NCBITaxon:686223	6
NCBITaxon:686226	6
NCBITaxon:686234	7
NCBITaxon:686328	1
NCBITaxon:686329	1
NCBITaxon:686330	4
NCBITaxon:686340	5
NCBITaxon:686389	18
NCBITaxon:686429	10
NCBITaxon:686578	5
NCBITaxon:686595	7
NCBITaxon:686624	1
NCBITaxon:686659	6
NCBITaxon:686660	6
NCBITaxon:686796	1
NCBITaxon:686800	13
NCBITaxon:686831	8
NCBITaxon:686990	7
NCBITaxon:687	2
NCBITaxon:687207	21
NCBITaxon:687406	2
NCBITaxon:687412	9
NCBITaxon:687525	2
NCBITaxon:68766	5
NCBITaxon:687842	13
NCBITaxon:687844	2
NCBITaxon:687846	2
NCBITaxon:687860	5
NCBITaxon:687861	5
NCBITaxon:687899	1
NCBITaxon:687914	7
NCBITaxon:687915	7
NCBITaxon:687916	6
NCBITaxon:688	2
NCBITaxon:688066	2
NCBITaxon:688067	14
NCBITaxon:688079	24
NCBITaxon:688245	6
NCBITaxon:688246	6
NCBITaxon:688269	6
NCBITaxon:688270	6
NCBITaxon:688354	8
NCBITaxon:68891	3
NCBITaxon:68892	6
NCBITaxon:68895	2
NCBITaxon:68898	1
NCBITaxon:689	6
NCBITaxon:68909	4
NCBITaxon:68910	2
NCBITaxon:68911	1
NCBITaxon:689768	1
NCBITaxon:689781	1
NCBITaxon:69	3
NCBITaxon:690083	5
NCBITaxon:69014	7
NCBITaxon:690164	1
NCBITaxon:690345	4
NCBITaxon:690417	29
NCBITaxon:69042	5
NCBITaxon:690566	5
NCBITaxon:690585	22
NCBITaxon:690597	7
NCBITaxon:690598	7
NCBITaxon:690850	4
NCBITaxon:690867	3
NCBITaxon:691	4
NCBITaxon:691158	7
NCBITaxon:691159	7
NCBITaxon:691160	7
NCBITaxon:691161	7
NCBITaxon:691162	1
NCBITaxon:691164	5
NCBITaxon:691336	6
NCBITaxon:691337	5
NCBITaxon:691338	5
NCBITaxon:691437	6
NCBITaxon:691689	17
NCBITaxon:691816	1
NCBITaxon:691825	1
NCBITaxon:69208	2
NCBITaxon:69218	4
NCBITaxon:69220	2
NCBITaxon:69221	2
NCBITaxon:69222	8
NCBITaxon:69223	2
NCBITaxon:69224	2
NCBITaxon:692370	1
NCBITaxon:692418	1
NCBITaxon:692420	6
NCBITaxon:692421	5
NCBITaxon:692487	1
NCBITaxon:69279	2
NCBITaxon:69280	1
NCBITaxon:69284	15
NCBITaxon:692994	1
NCBITaxon:693	1
NCBITaxon:693023	11
NCBITaxon:693075	4
NCBITaxon:693153	2
NCBITaxon:693216	3
NCBITaxon:69322	2
NCBITaxon:693268	5
NCBITaxon:69328	6
NCBITaxon:693444	7
NCBITaxon:69359	2
NCBITaxon:69360	1
NCBITaxon:69362	2
NCBITaxon:69363	3
NCBITaxon:69365	2
NCBITaxon:69366	3
NCBITaxon:693661	5
NCBITaxon:69367	3
NCBITaxon:69368	2
NCBITaxon:69369	3
NCBITaxon:69370	3
NCBITaxon:69373	2
NCBITaxon:693735	5
NCBITaxon:693736	5
NCBITaxon:693737	5
NCBITaxon:693738	5
NCBITaxon:693739	5
NCBITaxon:693740	5
NCBITaxon:693741	5
NCBITaxon:693742	5
NCBITaxon:693743	5
NCBITaxon:693744	5
NCBITaxon:693745	8
NCBITaxon:693746	7
NCBITaxon:693747	5
NCBITaxon:693748	7
NCBITaxon:693750	7
NCBITaxon:69392	3
NCBITaxon:69395	2
NCBITaxon:69396	1
NCBITaxon:693965	55
NCBITaxon:693970	6
NCBITaxon:693971	5
NCBITaxon:693972	5
NCBITaxon:693973	7
NCBITaxon:693974	6
NCBITaxon:693977	6
NCBITaxon:693978	7
NCBITaxon:693979	6
NCBITaxon:693982	6
NCBITaxon:693985	6
NCBITaxon:693986	7
NCBITaxon:693988	3
NCBITaxon:693991	5
NCBITaxon:694055	8
NCBITaxon:694059	15
NCBITaxon:694315	1
NCBITaxon:694427	6
NCBITaxon:694429	6
NCBITaxon:694430	6
NCBITaxon:694431	4
NCBITaxon:694433	6
NCBITaxon:694438	1
NCBITaxon:694440	6
NCBITaxon:694561	5
NCBITaxon:694562	5
NCBITaxon:694563	5
NCBITaxon:694564	5
NCBITaxon:694565	5
NCBITaxon:694567	5
NCBITaxon:694568	5
NCBITaxon:694569	5
NCBITaxon:69473	2
NCBITaxon:69484	1
NCBITaxon:69499	5
NCBITaxon:69525	3
NCBITaxon:69527	2
NCBITaxon:69539	1
NCBITaxon:69540	7
NCBITaxon:695560	6
NCBITaxon:695561	4
NCBITaxon:695562	6
NCBITaxon:695563	4
NCBITaxon:695751	5
NCBITaxon:695752	5
NCBITaxon:695753	5
NCBITaxon:695754	5
NCBITaxon:695755	5
NCBITaxon:695939	4
NCBITaxon:696000	15
NCBITaxon:696001	17
NCBITaxon:696072	1
NCBITaxon:696125	5
NCBITaxon:696127	2
NCBITaxon:696216	5
NCBITaxon:696281	7
NCBITaxon:696369	6
NCBITaxon:696370	5
NCBITaxon:696406	7
NCBITaxon:696485	27
NCBITaxon:696535	8
NCBITaxon:696536	18
NCBITaxon:69656	2
NCBITaxon:69670	5
NCBITaxon:696747	5
NCBITaxon:696748	5
NCBITaxon:696749	6
NCBITaxon:696750	5
NCBITaxon:696760	33
NCBITaxon:696762	25
NCBITaxon:696763	11
NCBITaxon:696864	5
NCBITaxon:696865	5
NCBITaxon:696866	5
NCBITaxon:696867	7
NCBITaxon:696868	5
NCBITaxon:696869	5
NCBITaxon:696870	5
NCBITaxon:69710	3
NCBITaxon:69713	5
NCBITaxon:697197	2
NCBITaxon:697281	6
NCBITaxon:697282	6
NCBITaxon:697283	3
NCBITaxon:697284	6
NCBITaxon:697286	7
NCBITaxon:697303	9
NCBITaxon:697329	7
NCBITaxon:697893	5
NCBITaxon:697894	5
NCBITaxon:697895	5
NCBITaxon:697896	5
NCBITaxon:697897	5
NCBITaxon:697898	5
NCBITaxon:697899	5
NCBITaxon:697900	5
NCBITaxon:697901	5
NCBITaxon:697902	5
NCBITaxon:697903	5
NCBITaxon:69823	2
NCBITaxon:69825	1
NCBITaxon:698414	3
NCBITaxon:698645	1
NCBITaxon:698647	17
NCBITaxon:698737	7
NCBITaxon:698738	6
NCBITaxon:698748	5
NCBITaxon:698749	5
NCBITaxon:698750	5
NCBITaxon:698755	5
NCBITaxon:698756	5
NCBITaxon:698757	6
NCBITaxon:698758	8
NCBITaxon:698759	8
NCBITaxon:698760	5
NCBITaxon:698761	8
NCBITaxon:698762	6
NCBITaxon:698769	5
NCBITaxon:698827	6
NCBITaxon:698936	6
NCBITaxon:698948	5
NCBITaxon:69895	1
NCBITaxon:698950	7
NCBITaxon:698951	7
NCBITaxon:698952	7
NCBITaxon:698953	7
NCBITaxon:698954	7
NCBITaxon:698955	8
NCBITaxon:698957	7
NCBITaxon:698958	7
NCBITaxon:698959	7
NCBITaxon:69896	1
NCBITaxon:698960	7
NCBITaxon:698962	8
NCBITaxon:698963	8
NCBITaxon:698964	8
NCBITaxon:698965	8
NCBITaxon:698966	8
NCBITaxon:698967	8
NCBITaxon:698968	8
NCBITaxon:698969	8
NCBITaxon:698970	8
NCBITaxon:698971	8
NCBITaxon:698972	7
NCBITaxon:698973	6
NCBITaxon:699032	6
NCBITaxon:699033	7
NCBITaxon:699034	7
NCBITaxon:699035	7
NCBITaxon:699036	7
NCBITaxon:699037	7
NCBITaxon:699184	6
NCBITaxon:699185	6
NCBITaxon:699186	6
NCBITaxon:699187	6
NCBITaxon:699246	1
NCBITaxon:699248	6
NCBITaxon:699281	2
NCBITaxon:69929	5
NCBITaxon:699431	4
NCBITaxon:699433	16
NCBITaxon:699434	18
NCBITaxon:699437	20
NCBITaxon:69960	1
NCBITaxon:69962	2
NCBITaxon:69963	1
NCBITaxon:69964	1
NCBITaxon:69966	4
NCBITaxon:69967	2
NCBITaxon:69968	2
NCBITaxon:69969	2
NCBITaxon:69974	2
NCBITaxon:699879	5
NCBITaxon:7	3
NCBITaxon:700015	7
NCBITaxon:700508	1
NCBITaxon:700597	5
NCBITaxon:700598	5
NCBITaxon:700750	1
NCBITaxon:701041	3
NCBITaxon:701042	3
NCBITaxon:701043	3
NCBITaxon:701047	4
NCBITaxon:701175	5
NCBITaxon:701176	1
NCBITaxon:701177	7
NCBITaxon:701178	5
NCBITaxon:701179	5
NCBITaxon:701347	6
NCBITaxon:701521	6
NCBITaxon:701523	1
NCBITaxon:701526	2
NCBITaxon:702113	6
NCBITaxon:702114	2
NCBITaxon:702115	1
NCBITaxon:702383	31
NCBITaxon:702430	6
NCBITaxon:702431	6
NCBITaxon:702432	6
NCBITaxon:702433	6
NCBITaxon:702434	6
NCBITaxon:702435	6
NCBITaxon:702436	6
NCBITaxon:702437	5
NCBITaxon:702438	6
NCBITaxon:702439	5
NCBITaxon:702441	5
NCBITaxon:702442	5
NCBITaxon:702443	4
NCBITaxon:702444	4
NCBITaxon:702446	4
NCBITaxon:702447	6
NCBITaxon:702450	4
NCBITaxon:702452	6
NCBITaxon:702453	6
NCBITaxon:702454	6
NCBITaxon:702455	6
NCBITaxon:702456	6
NCBITaxon:702457	7
NCBITaxon:702458	6
NCBITaxon:702459	6
NCBITaxon:70255	2
NCBITaxon:702568	17
NCBITaxon:70258	7
NCBITaxon:702742	1
NCBITaxon:702744	19
NCBITaxon:702745	7
NCBITaxon:702976	2
NCBITaxon:702978	2
NCBITaxon:702979	2
NCBITaxon:702980	5
NCBITaxon:702982	5
NCBITaxon:702983	5
NCBITaxon:702984	5
NCBITaxon:702985	5
NCBITaxon:703	5
NCBITaxon:703339	5
NCBITaxon:703340	1
NCBITaxon:703342	17
NCBITaxon:703352	7
NCBITaxon:70346	1
NCBITaxon:70347	1
NCBITaxon:70348	1
NCBITaxon:703612	6
NCBITaxon:703613	7
NCBITaxon:704201	1
NCBITaxon:70582	2
NCBITaxon:70584	2
NCBITaxon:70586	2
NCBITaxon:70601	9
NCBITaxon:70611	2
NCBITaxon:706120	1
NCBITaxon:706139	5
NCBITaxon:706182	2
NCBITaxon:706183	1
NCBITaxon:706186	4
NCBITaxon:706187	1
NCBITaxon:706191	6
NCBITaxon:706194	2
NCBITaxon:706427	9
NCBITaxon:706433	3
NCBITaxon:706434	7
NCBITaxon:706436	6
NCBITaxon:706437	4
NCBITaxon:706439	6
NCBITaxon:706562	1
NCBITaxon:706566	1
NCBITaxon:706570	8
NCBITaxon:706587	5
NCBITaxon:707183	4
NCBITaxon:707184	4
NCBITaxon:707185	4
NCBITaxon:707186	4
NCBITaxon:707187	4
NCBITaxon:707232	5
NCBITaxon:707234	5
NCBITaxon:707235	6
NCBITaxon:707236	5
NCBITaxon:707237	5
NCBITaxon:707239	5
NCBITaxon:707241	6
NCBITaxon:707248	6
NCBITaxon:707591	27
NCBITaxon:70771	3
NCBITaxon:70775	5
NCBITaxon:70799	1
NCBITaxon:708071	5
NCBITaxon:708186	4
NCBITaxon:708199	3
NCBITaxon:708248	5
NCBITaxon:70856	2
NCBITaxon:708616	6
NCBITaxon:70863	12
NCBITaxon:708634	9
NCBITaxon:70864	11
NCBITaxon:709015	6
NCBITaxon:709032	8
NCBITaxon:709323	8
NCBITaxon:709343	1
NCBITaxon:709509	9
NCBITaxon:709510	8
NCBITaxon:709797	3
NCBITaxon:709881	14
NCBITaxon:709883	14
NCBITaxon:70993	3
NCBITaxon:70995	1
NCBITaxon:70996	2
NCBITaxon:70997	2
NCBITaxon:70998	1
NCBITaxon:709986	7
NCBITaxon:709991	6
NCBITaxon:710094	6
NCBITaxon:710095	6
NCBITaxon:710096	6
NCBITaxon:710111	7
NCBITaxon:710127	5
NCBITaxon:710128	6
NCBITaxon:710190	9
NCBITaxon:710191	8
NCBITaxon:710238	5
NCBITaxon:710239	2
NCBITaxon:710393	6
NCBITaxon:710394	6
NCBITaxon:710421	6
NCBITaxon:710685	6
NCBITaxon:710687	6
NCBITaxon:710696	7
NCBITaxon:711393	1
NCBITaxon:71152	8
NCBITaxon:71171	4
NCBITaxon:712036	10
NCBITaxon:712116	5
NCBITaxon:712119	2
NCBITaxon:712120	5
NCBITaxon:712124	1
NCBITaxon:712149	4
NCBITaxon:712156	2
NCBITaxon:712158	1
NCBITaxon:712215	5
NCBITaxon:712216	5
NCBITaxon:712218	2
NCBITaxon:712270	2
NCBITaxon:71235	3
NCBITaxon:712368	4
NCBITaxon:71237	2
NCBITaxon:712383	2
NCBITaxon:712414	1
NCBITaxon:712415	2
NCBITaxon:712430	1
NCBITaxon:712458	5
NCBITaxon:712523	5
NCBITaxon:71253	3
NCBITaxon:712531	1
NCBITaxon:712534	4
NCBITaxon:712539	4
NCBITaxon:71254	8
NCBITaxon:712540	4
NCBITaxon:712620	4
NCBITaxon:712621	3
NCBITaxon:712623	3
NCBITaxon:712628	3
NCBITaxon:712630	4
NCBITaxon:712631	3
NCBITaxon:712632	3
NCBITaxon:712738	5
NCBITaxon:712745	5
NCBITaxon:71280	3
NCBITaxon:71281	1
NCBITaxon:712898	5
NCBITaxon:712938	4
NCBITaxon:712961	7
NCBITaxon:712976	1
NCBITaxon:712991	1
NCBITaxon:713008	1
NCBITaxon:713585	6
NCBITaxon:713586	4
NCBITaxon:713588	10
NCBITaxon:713595	1
NCBITaxon:713600	2
NCBITaxon:713601	2
NCBITaxon:713602	2
NCBITaxon:713603	2
NCBITaxon:713604	6
NCBITaxon:713605	6
NCBITaxon:71383	2
NCBITaxon:71388	2
NCBITaxon:713887	3
NCBITaxon:714	9
NCBITaxon:714067	2
NCBITaxon:714075	9
NCBITaxon:714083	5
NCBITaxon:714109	1
NCBITaxon:714130	1
NCBITaxon:714136	1
NCBITaxon:714159	17
NCBITaxon:714166	19
NCBITaxon:71421	5
NCBITaxon:714313	5
NCBITaxon:714314	2
NCBITaxon:714315	6
NCBITaxon:71433	6
NCBITaxon:714359	7
NCBITaxon:71451	4
NCBITaxon:71452	7
NCBITaxon:71453	2
NCBITaxon:714531	22
NCBITaxon:714537	1
NCBITaxon:714549	10
NCBITaxon:714899	1
NCBITaxon:714943	7
NCBITaxon:714960	3
NCBITaxon:714961	6
NCBITaxon:714962	6
NCBITaxon:714995	6
NCBITaxon:715	4
NCBITaxon:715028	2
NCBITaxon:71518	11
NCBITaxon:715225	5
NCBITaxon:715226	4
NCBITaxon:715451	7
NCBITaxon:71546	4
NCBITaxon:715784	1
NCBITaxon:715785	1
NCBITaxon:716	6
NCBITaxon:716540	7
NCBITaxon:716541	8
NCBITaxon:716544	2
NCBITaxon:71656	2
NCBITaxon:71657	16
NCBITaxon:71667	2
NCBITaxon:716813	1
NCBITaxon:716817	6
NCBITaxon:716914	1
NCBITaxon:716918	1
NCBITaxon:716919	1
NCBITaxon:716925	1
NCBITaxon:717	3
NCBITaxon:717227	6
NCBITaxon:717231	6
NCBITaxon:717522	6
NCBITaxon:717605	5
NCBITaxon:717606	5
NCBITaxon:717607	5
NCBITaxon:717608	7
NCBITaxon:717609	7
NCBITaxon:717772	1
NCBITaxon:717773	5
NCBITaxon:717774	5
NCBITaxon:717785	3
NCBITaxon:717958	5
NCBITaxon:717959	6
NCBITaxon:717960	4
NCBITaxon:717961	8
NCBITaxon:717962	6
NCBITaxon:718	2
NCBITaxon:718002	15
NCBITaxon:718193	13
NCBITaxon:718219	4
NCBITaxon:718220	1
NCBITaxon:718221	1
NCBITaxon:718222	1
NCBITaxon:718223	1
NCBITaxon:718224	1
NCBITaxon:718251	7
NCBITaxon:718252	6
NCBITaxon:718253	5
NCBITaxon:718254	7
NCBITaxon:718255	6
NCBITaxon:718271	7
NCBITaxon:718274	7
NCBITaxon:719	3
NCBITaxon:71995	2
NCBITaxon:71997	2
NCBITaxon:71998	2
NCBITaxon:71999	8
NCBITaxon:72	4
NCBITaxon:720	4
NCBITaxon:72000	5
NCBITaxon:72020	1
NCBITaxon:72022	1
NCBITaxon:72023	1
NCBITaxon:72026	3
NCBITaxon:720554	6
NCBITaxon:720555	7
NCBITaxon:720556	6
NCBITaxon:720557	6
NCBITaxon:720558	6
NCBITaxon:720605	17
NCBITaxon:721033	1
NCBITaxon:721123	1
NCBITaxon:721133	29
NCBITaxon:72174	5
NCBITaxon:721785	4
NCBITaxon:722	3
NCBITaxon:722419	7
NCBITaxon:722431	4
NCBITaxon:722438	5
NCBITaxon:722472	1
NCBITaxon:722703	5
NCBITaxon:722732	1
NCBITaxon:722737	16
NCBITaxon:722911	6
NCBITaxon:723	4
NCBITaxon:72360	5
NCBITaxon:72361	2
NCBITaxon:723879	1
NCBITaxon:723888	7
NCBITaxon:723889	7
NCBITaxon:723892	7
NCBITaxon:723921	1
NCBITaxon:72407	8
NCBITaxon:72409	1
NCBITaxon:72556	5
NCBITaxon:72557	4
NCBITaxon:726	4
NCBITaxon:72612	6
NCBITaxon:727	9
NCBITaxon:72758	2
NCBITaxon:72764	2
NCBITaxon:728	6
NCBITaxon:728004	1
NCBITaxon:728005	10
NCBITaxon:72803	3
NCBITaxon:72806	11
NCBITaxon:728066	1
NCBITaxon:729	5
NCBITaxon:730	4
NCBITaxon:73007	2
NCBITaxon:73010	6
NCBITaxon:73030	8
NCBITaxon:73044	2
NCBITaxon:73098	1
NCBITaxon:731	8
NCBITaxon:73141	3
NCBITaxon:732	7
NCBITaxon:732234	5
NCBITaxon:732235	1
NCBITaxon:732241	1
NCBITaxon:732242	17
NCBITaxon:733	3
NCBITaxon:734	2
NCBITaxon:735	2
NCBITaxon:735331	2
NCBITaxon:735517	1
NCBITaxon:735518	1
NCBITaxon:735519	10
NCBITaxon:736	2
NCBITaxon:73779	1
NCBITaxon:73780	2
NCBITaxon:73781	1
NCBITaxon:738	7
NCBITaxon:739	3
NCBITaxon:73913	10
NCBITaxon:739143	2
NCBITaxon:73919	3
NCBITaxon:740	5
NCBITaxon:74031	7
NCBITaxon:74033	2
NCBITaxon:740709	1
NCBITaxon:741074	1
NCBITaxon:74109	3
NCBITaxon:741093	7
NCBITaxon:741155	5
NCBITaxon:741161	6
NCBITaxon:741277	3
NCBITaxon:741659	1
NCBITaxon:741673	7
NCBITaxon:742013	6
NCBITaxon:742054	2
NCBITaxon:742159	5
NCBITaxon:742169	11
NCBITaxon:742178	2
NCBITaxon:742719	1
NCBITaxon:742720	3
NCBITaxon:742721	5
NCBITaxon:742722	6
NCBITaxon:742723	6
NCBITaxon:742724	1
NCBITaxon:742725	5
NCBITaxon:742726	6
NCBITaxon:742727	6
NCBITaxon:742729	6
NCBITaxon:742730	4
NCBITaxon:742731	6
NCBITaxon:742732	8
NCBITaxon:742733	6
NCBITaxon:742734	8
NCBITaxon:742735	6
NCBITaxon:742736	8
NCBITaxon:742737	6
NCBITaxon:742738	8
NCBITaxon:742739	6
NCBITaxon:742740	8
NCBITaxon:742741	8
NCBITaxon:742742	5
NCBITaxon:742743	4
NCBITaxon:742765	6
NCBITaxon:742766	5
NCBITaxon:742767	5
NCBITaxon:742768	5
NCBITaxon:742813	4
NCBITaxon:742814	5
NCBITaxon:742815	1
NCBITaxon:742816	3
NCBITaxon:742817	4
NCBITaxon:742818	6
NCBITaxon:742820	4
NCBITaxon:742821	4
NCBITaxon:742823	7
NCBITaxon:743009	21
NCBITaxon:74311	1
NCBITaxon:74312	2
NCBITaxon:74313	4
NCBITaxon:74314	1
NCBITaxon:74315	2
NCBITaxon:74316	2
NCBITaxon:74318	4
NCBITaxon:74325	9
NCBITaxon:74326	14
NCBITaxon:743273	5
NCBITaxon:743274	5
NCBITaxon:743275	5
NCBITaxon:743276	5
NCBITaxon:743277	5
NCBITaxon:743278	5
NCBITaxon:74329	2
NCBITaxon:743299	2
NCBITaxon:74348	2
NCBITaxon:74349	5
NCBITaxon:743525	6
NCBITaxon:743698	7
NCBITaxon:743699	1
NCBITaxon:743710	7
NCBITaxon:743711	7
NCBITaxon:743712	5
NCBITaxon:743713	5
NCBITaxon:743718	5
NCBITaxon:743719	2
NCBITaxon:743720	3
NCBITaxon:743721	2
NCBITaxon:743722	4
NCBITaxon:743737	15
NCBITaxon:743835	5
NCBITaxon:743836	5
NCBITaxon:74386	2
NCBITaxon:743965	8
NCBITaxon:743966	8
NCBITaxon:743967	8
NCBITaxon:743968	8
NCBITaxon:743971	8
NCBITaxon:743972	5
NCBITaxon:743973	1
NCBITaxon:743974	4
NCBITaxon:74426	2
NCBITaxon:744406	1
NCBITaxon:744461	11
NCBITaxon:744872	6
NCBITaxon:744873	10
NCBITaxon:744979	6
NCBITaxon:744980	6
NCBITaxon:744981	1
NCBITaxon:744983	2
NCBITaxon:744984	5
NCBITaxon:744985	3
NCBITaxon:745014	2
NCBITaxon:745015	5
NCBITaxon:745016	4
NCBITaxon:745017	5
NCBITaxon:745018	5
NCBITaxon:745019	5
NCBITaxon:745020	5
NCBITaxon:745021	5
NCBITaxon:745022	5
NCBITaxon:745023	7
NCBITaxon:745119	10
NCBITaxon:745156	6
NCBITaxon:745277	3
NCBITaxon:745310	3
NCBITaxon:745311	3
NCBITaxon:745365	4
NCBITaxon:745366	1
NCBITaxon:745368	4
NCBITaxon:745369	2
NCBITaxon:745378	1
NCBITaxon:745408	6
NCBITaxon:74546	4
NCBITaxon:74547	4
NCBITaxon:74570	1
NCBITaxon:745717	1
NCBITaxon:745718	1
NCBITaxon:745776	4
NCBITaxon:745820	20
NCBITaxon:746032	4
NCBITaxon:746033	2
NCBITaxon:74610	2
NCBITaxon:746360	6
NCBITaxon:746361	6
NCBITaxon:74661	2
NCBITaxon:746691	2
NCBITaxon:746697	5
NCBITaxon:746707	5
NCBITaxon:747	9
NCBITaxon:74700	1
NCBITaxon:74701	4
NCBITaxon:74702	3
NCBITaxon:74703	1
NCBITaxon:74704	5
NCBITaxon:747076	1
NCBITaxon:747078	5
NCBITaxon:74714	3
NCBITaxon:747267	1
NCBITaxon:747302	23
NCBITaxon:747304	23
NCBITaxon:747349	19
NCBITaxon:747365	9
NCBITaxon:747367	6
NCBITaxon:747368	6
NCBITaxon:747369	6
NCBITaxon:747370	2
NCBITaxon:747481	17
NCBITaxon:747491	5
NCBITaxon:747645	9
NCBITaxon:747656	1
NCBITaxon:747682	5
NCBITaxon:748003	7
NCBITaxon:748008	33
NCBITaxon:748120	2
NCBITaxon:748197	1
NCBITaxon:748224	6
NCBITaxon:748225	5
NCBITaxon:748226	5
NCBITaxon:748227	5
NCBITaxon:748228	5
NCBITaxon:748229	5
NCBITaxon:748230	5
NCBITaxon:748231	5
NCBITaxon:748232	5
NCBITaxon:748233	5
NCBITaxon:748234	5
NCBITaxon:748235	5
NCBITaxon:748236	5
NCBITaxon:748237	5
NCBITaxon:748238	5
NCBITaxon:748239	5
NCBITaxon:748240	5
NCBITaxon:748247	2
NCBITaxon:748280	2
NCBITaxon:74829	6
NCBITaxon:748449	3
NCBITaxon:748651	2
NCBITaxon:748652	2
NCBITaxon:748654	1
NCBITaxon:748655	1
NCBITaxon:748658	2
NCBITaxon:748671	6
NCBITaxon:748672	5
NCBITaxon:748673	5
NCBITaxon:748674	5
NCBITaxon:748675	5
NCBITaxon:748676	5
NCBITaxon:748677	5
NCBITaxon:748678	5
NCBITaxon:748679	5
NCBITaxon:748727	8
NCBITaxon:748811	4
NCBITaxon:748831	12
NCBITaxon:748857	17
NCBITaxon:748907	13
NCBITaxon:748908	5
NCBITaxon:748909	12
NCBITaxon:749	3
NCBITaxon:749219	6
NCBITaxon:749222	7
NCBITaxon:749388	6
NCBITaxon:749414	5
NCBITaxon:749489	5
NCBITaxon:749490	5
NCBITaxon:749491	5
NCBITaxon:749492	5
NCBITaxon:749493	5
NCBITaxon:749494	5
NCBITaxon:749495	5
NCBITaxon:749496	1
NCBITaxon:749497	1
NCBITaxon:749498	1
NCBITaxon:749499	1
NCBITaxon:749500	1
NCBITaxon:749501	1
NCBITaxon:749502	1
NCBITaxon:749503	1
NCBITaxon:749504	1
NCBITaxon:749505	1
NCBITaxon:749506	1
NCBITaxon:749507	1
NCBITaxon:749508	1
NCBITaxon:749509	1
NCBITaxon:749510	1
NCBITaxon:749511	1
NCBITaxon:749512	1
NCBITaxon:749513	1
NCBITaxon:749514	1
NCBITaxon:749515	1
NCBITaxon:749516	1
NCBITaxon:749517	1
NCBITaxon:749518	1
NCBITaxon:749520	1
NCBITaxon:749521	1
NCBITaxon:749522	1
NCBITaxon:749523	1
NCBITaxon:749524	1
NCBITaxon:749525	1
NCBITaxon:749527	1
NCBITaxon:749528	1
NCBITaxon:749529	1
NCBITaxon:749530	1
NCBITaxon:749531	1
NCBITaxon:749532	1
NCBITaxon:749533	1
NCBITaxon:749535	1
NCBITaxon:749536	1
NCBITaxon:749537	1
NCBITaxon:749538	1
NCBITaxon:749539	1
NCBITaxon:749540	1
NCBITaxon:749541	1
NCBITaxon:749542	1
NCBITaxon:749544	1
NCBITaxon:749545	1
NCBITaxon:749546	1
NCBITaxon:749547	1
NCBITaxon:749548	1
NCBITaxon:749549	1
NCBITaxon:749550	1
NCBITaxon:749551	4
NCBITaxon:74969	4
NCBITaxon:749927	4
NCBITaxon:749930	4
NCBITaxon:749947	3
NCBITaxon:749948	3
NCBITaxon:749949	5
NCBITaxon:749950	6
NCBITaxon:749951	6
NCBITaxon:749952	3
NCBITaxon:749953	3
NCBITaxon:750	4
NCBITaxon:751	3
NCBITaxon:75105	3
NCBITaxon:751585	7
NCBITaxon:751586	6
NCBITaxon:751587	5
NCBITaxon:751944	5
NCBITaxon:751945	5
NCBITaxon:751992	3
NCBITaxon:751994	2
NCBITaxon:751996	1
NCBITaxon:752	5
NCBITaxon:752139	10
NCBITaxon:752140	12
NCBITaxon:752553	7
NCBITaxon:752555	5
NCBITaxon:752657	6
NCBITaxon:752783	5
NCBITaxon:752784	5
NCBITaxon:752785	6
NCBITaxon:752786	6
NCBITaxon:752787	5
NCBITaxon:752788	6
NCBITaxon:752789	5
NCBITaxon:752790	6
NCBITaxon:75289	2
NCBITaxon:75290	1
NCBITaxon:75291	3
NCBITaxon:75292	2
NCBITaxon:75294	5
NCBITaxon:753	3
NCBITaxon:75310	1
NCBITaxon:753640	5
NCBITaxon:753641	5
NCBITaxon:753642	6
NCBITaxon:753702	1
NCBITaxon:75379	8
NCBITaxon:75385	1
NCBITaxon:754	5
NCBITaxon:754025	1
NCBITaxon:754026	1
NCBITaxon:754027	6
NCBITaxon:754035	6
NCBITaxon:754077	5
NCBITaxon:754078	5
NCBITaxon:754079	5
NCBITaxon:754080	4
NCBITaxon:754081	5
NCBITaxon:754082	6
NCBITaxon:754083	5
NCBITaxon:754085	5
NCBITaxon:754086	5
NCBITaxon:754087	5
NCBITaxon:754088	5
NCBITaxon:754089	5
NCBITaxon:754090	5
NCBITaxon:754091	5
NCBITaxon:754092	6
NCBITaxon:754093	5
NCBITaxon:754252	7
NCBITaxon:754254	6
NCBITaxon:754255	7
NCBITaxon:754256	6
NCBITaxon:754257	4
NCBITaxon:754258	6
NCBITaxon:754259	6
NCBITaxon:754260	6
NCBITaxon:754261	6
NCBITaxon:754262	6
NCBITaxon:754263	5
NCBITaxon:754327	4
NCBITaxon:754330	4
NCBITaxon:754331	5
NCBITaxon:754332	4
NCBITaxon:754333	5
NCBITaxon:754336	4
NCBITaxon:754435	4
NCBITaxon:754436	1
NCBITaxon:754476	9
NCBITaxon:754477	8
NCBITaxon:754500	7
NCBITaxon:754502	6
NCBITaxon:754503	5
NCBITaxon:754504	6
NCBITaxon:754505	4
NCBITaxon:754506	4
NCBITaxon:754507	5
NCBITaxon:754518	7
NCBITaxon:754520	7
NCBITaxon:754521	6
NCBITaxon:754522	6
NCBITaxon:754523	7
NCBITaxon:754762	6
NCBITaxon:754764	6
NCBITaxon:755	4
NCBITaxon:755139	1
NCBITaxon:755176	6
NCBITaxon:755178	4
NCBITaxon:755731	6
NCBITaxon:755732	6
NCBITaxon:75588	4
NCBITaxon:756	1
NCBITaxon:756012	5
NCBITaxon:756067	3
NCBITaxon:75612	5
NCBITaxon:756272	5
NCBITaxon:756499	5
NCBITaxon:75658	2
NCBITaxon:75659	2
NCBITaxon:756689	16
NCBITaxon:756698	2
NCBITaxon:75684	1
NCBITaxon:75688	5
NCBITaxon:756892	9
NCBITaxon:75697	2
NCBITaxon:757	2
NCBITaxon:757414	1
NCBITaxon:757417	5
NCBITaxon:757418	5
NCBITaxon:757419	5
NCBITaxon:757420	5
NCBITaxon:757421	5
NCBITaxon:757422	5
NCBITaxon:757424	5
NCBITaxon:757425	7
NCBITaxon:758	7
NCBITaxon:758678	7
NCBITaxon:758793	3
NCBITaxon:758802	4
NCBITaxon:758803	1
NCBITaxon:758820	3
NCBITaxon:758823	1
NCBITaxon:758825	5
NCBITaxon:758826	2
NCBITaxon:758828	6
NCBITaxon:758829	5
NCBITaxon:758830	5
NCBITaxon:758831	5
NCBITaxon:758832	5
NCBITaxon:758847	5
NCBITaxon:759	1
NCBITaxon:75906	5
NCBITaxon:75920	1
NCBITaxon:75922	5
NCBITaxon:759350	6
NCBITaxon:759362	5
NCBITaxon:759363	4
NCBITaxon:759364	4
NCBITaxon:759411	2
NCBITaxon:759412	15
NCBITaxon:759415	20
NCBITaxon:759619	2
NCBITaxon:759620	5
NCBITaxon:759839	6
NCBITaxon:75985	9
NCBITaxon:759851	6
NCBITaxon:759913	5
NCBITaxon:759914	4
NCBITaxon:759929	11
NCBITaxon:760	3
NCBITaxon:760011	7
NCBITaxon:760012	15
NCBITaxon:76007	3
NCBITaxon:76009	2
NCBITaxon:760117	2
NCBITaxon:760123	1
NCBITaxon:760136	6
NCBITaxon:760142	7
NCBITaxon:760154	5
NCBITaxon:760192	5
NCBITaxon:76020	4
NCBITaxon:76021	2
NCBITaxon:76022	1
NCBITaxon:760260	9
NCBITaxon:760568	5
NCBITaxon:760570	7
NCBITaxon:760742	5
NCBITaxon:760743	5
NCBITaxon:760744	5
NCBITaxon:760745	5
NCBITaxon:760746	6
NCBITaxon:760747	5
NCBITaxon:760748	5
NCBITaxon:760749	5
NCBITaxon:760750	5
NCBITaxon:760754	5
NCBITaxon:760755	5
NCBITaxon:760756	5
NCBITaxon:760758	5
NCBITaxon:760760	5
NCBITaxon:760763	5
NCBITaxon:760764	5
NCBITaxon:760765	5
NCBITaxon:760766	5
NCBITaxon:760767	5
NCBITaxon:760769	5
NCBITaxon:760770	5
NCBITaxon:760771	5
NCBITaxon:760772	5
NCBITaxon:760773	5
NCBITaxon:760774	5
NCBITaxon:760775	5
NCBITaxon:760776	5
NCBITaxon:760777	5
NCBITaxon:760778	5
NCBITaxon:760779	5
NCBITaxon:760780	5
NCBITaxon:760781	5
NCBITaxon:760782	5
NCBITaxon:760784	5
NCBITaxon:760785	5
NCBITaxon:760786	5
NCBITaxon:760787	5
NCBITaxon:760788	5
NCBITaxon:760790	5
NCBITaxon:760791	6
NCBITaxon:760792	5
NCBITaxon:760793	5
NCBITaxon:760794	5
NCBITaxon:760795	5
NCBITaxon:760797	5
NCBITaxon:760798	5
NCBITaxon:760799	5
NCBITaxon:760800	5
NCBITaxon:760801	5
NCBITaxon:760802	5
NCBITaxon:760803	5
NCBITaxon:760804	5
NCBITaxon:760805	5
NCBITaxon:760806	5
NCBITaxon:760808	5
NCBITaxon:760809	6
NCBITaxon:760810	6
NCBITaxon:760811	5
NCBITaxon:760812	5
NCBITaxon:760813	5
NCBITaxon:760814	5
NCBITaxon:760815	5
NCBITaxon:760816	5
NCBITaxon:760817	5
NCBITaxon:760818	5
NCBITaxon:760819	5
NCBITaxon:760820	5
NCBITaxon:760821	5
NCBITaxon:760822	5
NCBITaxon:760823	5
NCBITaxon:760824	5
NCBITaxon:760825	5
NCBITaxon:760826	5
NCBITaxon:760827	5
NCBITaxon:760828	5
NCBITaxon:760829	5
NCBITaxon:760830	5
NCBITaxon:760831	5
NCBITaxon:760832	5
NCBITaxon:760833	5
NCBITaxon:760834	6
NCBITaxon:760835	5
NCBITaxon:760837	5
NCBITaxon:760838	5
NCBITaxon:760839	5
NCBITaxon:760840	5
NCBITaxon:760841	5
NCBITaxon:760842	5
NCBITaxon:760843	5
NCBITaxon:760844	5
NCBITaxon:760845	5
NCBITaxon:760846	5
NCBITaxon:760847	5
NCBITaxon:760848	5
NCBITaxon:760850	5
NCBITaxon:760851	5
NCBITaxon:760852	5
NCBITaxon:760854	5
NCBITaxon:760855	5
NCBITaxon:760856	5
NCBITaxon:760858	5
NCBITaxon:760859	5
NCBITaxon:760860	5
NCBITaxon:760861	6
NCBITaxon:760862	5
NCBITaxon:760863	5
NCBITaxon:760864	5
NCBITaxon:760865	5
NCBITaxon:760866	5
NCBITaxon:760867	5
NCBITaxon:760868	5
NCBITaxon:760869	5
NCBITaxon:760870	5
NCBITaxon:760871	5
NCBITaxon:760872	5
NCBITaxon:760873	5
NCBITaxon:760876	5
NCBITaxon:760877	5
NCBITaxon:760878	5
NCBITaxon:760879	5
NCBITaxon:760880	5
NCBITaxon:760881	5
NCBITaxon:760882	5
NCBITaxon:760883	5
NCBITaxon:760884	5
NCBITaxon:760885	5
NCBITaxon:760886	5
NCBITaxon:760887	5
NCBITaxon:760888	5
NCBITaxon:761	1
NCBITaxon:76112	2
NCBITaxon:76113	4
NCBITaxon:76114	7
NCBITaxon:761193	6
NCBITaxon:761194	1
NCBITaxon:76122	2
NCBITaxon:76123	2
NCBITaxon:76124	2
NCBITaxon:761659	5
NCBITaxon:761804	2
NCBITaxon:762	2
NCBITaxon:762051	6
NCBITaxon:762211	4
NCBITaxon:762213	2
NCBITaxon:762261	12
NCBITaxon:762376	4
NCBITaxon:762486	1
NCBITaxon:762550	5
NCBITaxon:762569	5
NCBITaxon:762570	8
NCBITaxon:76258	3
NCBITaxon:76259	4
NCBITaxon:762633	5
NCBITaxon:762643	1
NCBITaxon:762833	8
NCBITaxon:762845	5
NCBITaxon:762903	7
NCBITaxon:762947	11
NCBITaxon:762948	4
NCBITaxon:762954	2
NCBITaxon:762962	5
NCBITaxon:762963	6
NCBITaxon:762965	4
NCBITaxon:762966	6
NCBITaxon:762967	3
NCBITaxon:762968	4
NCBITaxon:762982	6
NCBITaxon:762983	7
NCBITaxon:762984	7
NCBITaxon:763034	7
NCBITaxon:76305	4
NCBITaxon:763057	7
NCBITaxon:763065	15
NCBITaxon:763782	1
NCBITaxon:763919	6
NCBITaxon:763920	3
NCBITaxon:763921	5
NCBITaxon:763922	3
NCBITaxon:763993	2
NCBITaxon:764290	3
NCBITaxon:764291	6
NCBITaxon:764298	4
NCBITaxon:764299	4
NCBITaxon:764544	6
NCBITaxon:764842	13
NCBITaxon:765057	6
NCBITaxon:765058	6
NCBITaxon:765061	6
NCBITaxon:765063	6
NCBITaxon:765064	6
NCBITaxon:765065	4
NCBITaxon:765066	4
NCBITaxon:765067	4
NCBITaxon:765068	4
NCBITaxon:765069	4
NCBITaxon:765070	4
NCBITaxon:765071	4
NCBITaxon:765072	4
NCBITaxon:765073	4
NCBITaxon:765074	4
NCBITaxon:765075	4
NCBITaxon:765076	4
NCBITaxon:765077	4
NCBITaxon:765078	4
NCBITaxon:765079	4
NCBITaxon:765080	4
NCBITaxon:765081	4
NCBITaxon:765082	4
NCBITaxon:765083	4
NCBITaxon:765084	4
NCBITaxon:765085	4
NCBITaxon:765086	4
NCBITaxon:765087	4
NCBITaxon:765088	4
NCBITaxon:765089	4
NCBITaxon:765090	4
NCBITaxon:765091	4
NCBITaxon:765092	4
NCBITaxon:765093	4
NCBITaxon:765094	4
NCBITaxon:765095	4
NCBITaxon:765096	4
NCBITaxon:765097	4
NCBITaxon:765098	4
NCBITaxon:765099	4
NCBITaxon:765100	4
NCBITaxon:765101	4
NCBITaxon:765102	4
NCBITaxon:765103	4
NCBITaxon:765104	4
NCBITaxon:765105	4
NCBITaxon:765106	4
NCBITaxon:765107	4
NCBITaxon:765108	4
NCBITaxon:765109	4
NCBITaxon:765110	4
NCBITaxon:765111	4
NCBITaxon:765112	4
NCBITaxon:765113	1
NCBITaxon:765114	4
NCBITaxon:765115	4
NCBITaxon:765116	4
NCBITaxon:765117	3
NCBITaxon:765118	4
NCBITaxon:765119	4
NCBITaxon:765120	4
NCBITaxon:765121	4
NCBITaxon:765122	4
NCBITaxon:765123	4
NCBITaxon:765124	4
NCBITaxon:76517	3
NCBITaxon:765177	7
NCBITaxon:765197	11
NCBITaxon:765201	7
NCBITaxon:765420	5
NCBITaxon:765698	6
NCBITaxon:765699	1
NCBITaxon:765840	2
NCBITaxon:765869	5
NCBITaxon:765873	4
NCBITaxon:765874	5
NCBITaxon:76588	7
NCBITaxon:765909	1
NCBITaxon:765910	4
NCBITaxon:765911	2
NCBITaxon:765912	3
NCBITaxon:765913	5
NCBITaxon:765914	4
NCBITaxon:76594	4
NCBITaxon:76595	5
NCBITaxon:765952	1
NCBITaxon:765953	1
NCBITaxon:765962	5
NCBITaxon:765963	5
NCBITaxon:765964	5
NCBITaxon:766136	4
NCBITaxon:766138	5
NCBITaxon:766139	6
NCBITaxon:766140	5
NCBITaxon:766141	6
NCBITaxon:766142	1
NCBITaxon:766143	1
NCBITaxon:766144	1
NCBITaxon:766145	6
NCBITaxon:766146	6
NCBITaxon:766147	6
NCBITaxon:766148	6
NCBITaxon:766149	5
NCBITaxon:766150	5
NCBITaxon:766151	5
NCBITaxon:766152	6
NCBITaxon:766153	5
NCBITaxon:766154	5
NCBITaxon:766155	5
NCBITaxon:766156	5
NCBITaxon:766157	6
NCBITaxon:766158	5
NCBITaxon:766159	6
NCBITaxon:766160	6
NCBITaxon:766161	5
NCBITaxon:766162	5
NCBITaxon:766163	5
NCBITaxon:766164	5
NCBITaxon:766165	4
NCBITaxon:766166	4
NCBITaxon:766224	16
NCBITaxon:76633	2
NCBITaxon:76635	1
NCBITaxon:76636	1
NCBITaxon:76637	1
NCBITaxon:766497	8
NCBITaxon:766498	11
NCBITaxon:766499	1
NCBITaxon:766729	5
NCBITaxon:766760	6
NCBITaxon:766761	3
NCBITaxon:766762	6
NCBITaxon:766895	1
NCBITaxon:767029	6
NCBITaxon:767031	6
NCBITaxon:767100	4
NCBITaxon:76726	1
NCBITaxon:76728	3
NCBITaxon:76729	1
NCBITaxon:76731	5
NCBITaxon:767434	5
NCBITaxon:76745	4
NCBITaxon:767452	1
NCBITaxon:767453	4
NCBITaxon:767455	4
NCBITaxon:767456	4
NCBITaxon:767462	4
NCBITaxon:767463	5
NCBITaxon:767465	5
NCBITaxon:767468	4
NCBITaxon:76747	1
NCBITaxon:767519	13
NCBITaxon:76758	3
NCBITaxon:76759	6
NCBITaxon:76760	3
NCBITaxon:76761	2
NCBITaxon:767787	16
NCBITaxon:767817	5
NCBITaxon:767892	2
NCBITaxon:767916	1
NCBITaxon:768065	4
NCBITaxon:768066	5
NCBITaxon:76832	3
NCBITaxon:768479	1
NCBITaxon:76848	2
NCBITaxon:768480	1
NCBITaxon:768484	6
NCBITaxon:768485	6
NCBITaxon:768486	6
NCBITaxon:768490	6
NCBITaxon:768491	5
NCBITaxon:768492	6
NCBITaxon:768493	6
NCBITaxon:768494	7
NCBITaxon:768528	1
NCBITaxon:76853	4
NCBITaxon:768533	13
NCBITaxon:768534	18
NCBITaxon:768535	1
NCBITaxon:76856	5
NCBITaxon:76857	4
NCBITaxon:76859	4
NCBITaxon:76860	9
NCBITaxon:76861	8
NCBITaxon:76862	4
NCBITaxon:768670	8
NCBITaxon:768671	5
NCBITaxon:768672	5
NCBITaxon:768679	5
NCBITaxon:76869	8
NCBITaxon:768700	8
NCBITaxon:768704	2
NCBITaxon:768706	2
NCBITaxon:768710	2
NCBITaxon:768713	4
NCBITaxon:768724	2
NCBITaxon:768726	4
NCBITaxon:768727	5
NCBITaxon:768728	4
NCBITaxon:76885	1
NCBITaxon:76887	5
NCBITaxon:76891	2
NCBITaxon:769	2
NCBITaxon:76935	5
NCBITaxon:76936	2
NCBITaxon:76947	1
NCBITaxon:76978	1
NCBITaxon:76980	2
NCBITaxon:770	2
NCBITaxon:77007	1
NCBITaxon:77008	4
NCBITaxon:77022	5
NCBITaxon:77025	1
NCBITaxon:77037	2
NCBITaxon:77038	4
NCBITaxon:77095	5
NCBITaxon:77097	2
NCBITaxon:77098	4
NCBITaxon:771875	2
NCBITaxon:77298	2
NCBITaxon:774	5
NCBITaxon:77523	3
NCBITaxon:77524	2
NCBITaxon:77551	2
NCBITaxon:77585	5
NCBITaxon:77608	2
NCBITaxon:77635	1
NCBITaxon:77675	5
NCBITaxon:777	3
NCBITaxon:77768	2
NCBITaxon:77777	3
NCBITaxon:77824	2
NCBITaxon:779	2
NCBITaxon:77915	1
NCBITaxon:77917	1
NCBITaxon:78057	4
NCBITaxon:78058	2
NCBITaxon:781	4
NCBITaxon:78120	2
NCBITaxon:78126	2
NCBITaxon:782	6
NCBITaxon:78229	3
NCBITaxon:78245	6
NCBITaxon:78257	2
NCBITaxon:78258	6
NCBITaxon:78259	5
NCBITaxon:783	3
NCBITaxon:78327	3
NCBITaxon:78329	2
NCBITaxon:78331	6
NCBITaxon:78342	4
NCBITaxon:78344	1
NCBITaxon:78350	6
NCBITaxon:78355	3
NCBITaxon:78356	2
NCBITaxon:784	2
NCBITaxon:78448	2
NCBITaxon:784613	4
NCBITaxon:785	5
NCBITaxon:78509	2
NCBITaxon:78510	2
NCBITaxon:78527	2
NCBITaxon:78535	3
NCBITaxon:78543	1
NCBITaxon:78544	2
NCBITaxon:78554	3
NCBITaxon:78587	3
NCBITaxon:786	4
NCBITaxon:787	5
NCBITaxon:788	3
NCBITaxon:788929	4
NCBITaxon:789332	6
NCBITaxon:789642	2
NCBITaxon:789643	3
NCBITaxon:789644	3
NCBITaxon:789645	3
NCBITaxon:789646	3
NCBITaxon:789647	2
NCBITaxon:791161	6
NCBITaxon:791166	6
NCBITaxon:79209	7
NCBITaxon:79263	2
NCBITaxon:79264	2
NCBITaxon:792649	1
NCBITaxon:792652	2
NCBITaxon:79269	5
NCBITaxon:79270	1
NCBITaxon:79271	3
NCBITaxon:79329	4
NCBITaxon:794851	5
NCBITaxon:794903	4
NCBITaxon:795312	1
NCBITaxon:795359	3
NCBITaxon:795645	1
NCBITaxon:795665	3
NCBITaxon:795797	6
NCBITaxon:795812	3
NCBITaxon:795955	6
NCBITaxon:79599	1
NCBITaxon:796007	25
NCBITaxon:79601	6
NCBITaxon:79604	7
NCBITaxon:796107	5
NCBITaxon:796334	1
NCBITaxon:796379	7
NCBITaxon:796384	2
NCBITaxon:796385	7
NCBITaxon:796392	6
NCBITaxon:796585	1
NCBITaxon:79660	3
NCBITaxon:796606	7
NCBITaxon:796620	1
NCBITaxon:79668	1
NCBITaxon:796730	1
NCBITaxon:796731	1
NCBITaxon:796732	1
NCBITaxon:796733	1
NCBITaxon:796734	1
NCBITaxon:796735	1
NCBITaxon:796736	1
NCBITaxon:796737	1
NCBITaxon:79681	1
NCBITaxon:796890	41
NCBITaxon:796891	6
NCBITaxon:796937	3
NCBITaxon:796942	9
NCBITaxon:796943	2
NCBITaxon:796944	2
NCBITaxon:796945	1
NCBITaxon:797020	18
NCBITaxon:797114	2
NCBITaxon:797209	7
NCBITaxon:797210	5
NCBITaxon:797277	11
NCBITaxon:797291	18
NCBITaxon:797292	16
NCBITaxon:797299	3
NCBITaxon:797300	4
NCBITaxon:797301	5
NCBITaxon:797302	4
NCBITaxon:797303	3
NCBITaxon:797304	2
NCBITaxon:797419	9
NCBITaxon:797473	2
NCBITaxon:797515	4
NCBITaxon:797516	4
NCBITaxon:797535	13
NCBITaxon:798128	5
NCBITaxon:798130	5
NCBITaxon:798300	3
NCBITaxon:79879	3
NCBITaxon:79880	5
NCBITaxon:79881	2
NCBITaxon:79882	2
NCBITaxon:79883	1
NCBITaxon:79884	1
NCBITaxon:79885	4
NCBITaxon:79909	1
NCBITaxon:79912	2
NCBITaxon:79929	9
NCBITaxon:79967	6
NCBITaxon:803	4
NCBITaxon:80679	2
NCBITaxon:807	2
NCBITaxon:80745	1
NCBITaxon:80746	2
NCBITaxon:80816	2
NCBITaxon:80842	3
NCBITaxon:80849	4
NCBITaxon:80852	2
NCBITaxon:80854	2
NCBITaxon:80866	6
NCBITaxon:80867	2
NCBITaxon:80868	1
NCBITaxon:80869	2
NCBITaxon:80871	1
NCBITaxon:80876	3
NCBITaxon:80877	2
NCBITaxon:80878	8
NCBITaxon:80879	1
NCBITaxon:80880	3
NCBITaxon:80881	2
NCBITaxon:80882	2
NCBITaxon:80883	2
NCBITaxon:81028	2
NCBITaxon:81029	5
NCBITaxon:81031	4
NCBITaxon:81032	6
NCBITaxon:81033	4
NCBITaxon:81034	5
NCBITaxon:813	6
NCBITaxon:81405	5
NCBITaxon:81406	4
NCBITaxon:81408	1
NCBITaxon:81409	7
NCBITaxon:81412	3
NCBITaxon:81417	6
NCBITaxon:81425	6
NCBITaxon:81447	1
NCBITaxon:81460	1
NCBITaxon:81462	2
NCBITaxon:81464	1
NCBITaxon:81467	1
NCBITaxon:81468	2
NCBITaxon:81475	2
NCBITaxon:81476	2
NCBITaxon:81479	5
NCBITaxon:81499	2
NCBITaxon:81569	7
NCBITaxon:817	7
NCBITaxon:818	7
NCBITaxon:81857	3
NCBITaxon:81858	2
NCBITaxon:81895	1
NCBITaxon:81932	5
NCBITaxon:81943	2
NCBITaxon:81947	4
NCBITaxon:81950	2
NCBITaxon:82	2
NCBITaxon:820	11
NCBITaxon:821	9
NCBITaxon:82135	5
NCBITaxon:82171	5
NCBITaxon:82203	4
NCBITaxon:823	6
NCBITaxon:82301	2
NCBITaxon:82346	2
NCBITaxon:82347	4
NCBITaxon:82348	2
NCBITaxon:82367	12
NCBITaxon:82374	4
NCBITaxon:82376	1
NCBITaxon:82380	7
NCBITaxon:824	4
NCBITaxon:82541	3
NCBITaxon:82560	1
NCBITaxon:826	1
NCBITaxon:82633	4
NCBITaxon:82654	2
NCBITaxon:82688	2
NCBITaxon:827	6
NCBITaxon:82788	2
NCBITaxon:82789	4
NCBITaxon:82801	2
NCBITaxon:82803	1
NCBITaxon:82805	2
NCBITaxon:82806	3
NCBITaxon:82977	4
NCBITaxon:82979	1
NCBITaxon:82983	1
NCBITaxon:82985	5
NCBITaxon:82987	1
NCBITaxon:82988	1
NCBITaxon:82989	1
NCBITaxon:82990	1
NCBITaxon:82991	1
NCBITaxon:82992	1
NCBITaxon:82993	1
NCBITaxon:82995	1
NCBITaxon:82996	6
NCBITaxon:83	1
NCBITaxon:831	3
NCBITaxon:83171	9
NCBITaxon:83219	7
NCBITaxon:83231	1
NCBITaxon:83262	3
NCBITaxon:83263	2
NCBITaxon:83264	1
NCBITaxon:83265	1
NCBITaxon:83291	1
NCBITaxon:833	4
NCBITaxon:83302	1
NCBITaxon:83331	6
NCBITaxon:83332	6
NCBITaxon:83333	5
NCBITaxon:83334	2
NCBITaxon:83338	2
NCBITaxon:83339	1
NCBITaxon:83341	5
NCBITaxon:83378	1
NCBITaxon:83380	1
NCBITaxon:83382	1
NCBITaxon:83406	2
NCBITaxon:83446	1
NCBITaxon:83447	1
NCBITaxon:83448	1
NCBITaxon:83449	1
NCBITaxon:83450	1
NCBITaxon:83451	2
NCBITaxon:83452	1
NCBITaxon:83453	1
NCBITaxon:83455	3
NCBITaxon:83456	2
NCBITaxon:83459	1
NCBITaxon:83460	1
NCBITaxon:83462	2
NCBITaxon:83526	7
NCBITaxon:83552	5
NCBITaxon:83554	4
NCBITaxon:83555	4
NCBITaxon:83556	3
NCBITaxon:83557	4
NCBITaxon:83558	4
NCBITaxon:83559	1
NCBITaxon:83560	3
NCBITaxon:83561	2
NCBITaxon:83564	3
NCBITaxon:83565	8
NCBITaxon:83615	3
NCBITaxon:83617	2
NCBITaxon:83619	2
NCBITaxon:83655	1
NCBITaxon:83656	2
NCBITaxon:83682	1
NCBITaxon:83683	1
NCBITaxon:83684	4
NCBITaxon:837	6
NCBITaxon:83765	6
NCBITaxon:83767	4
NCBITaxon:83769	1
NCBITaxon:83784	6
NCBITaxon:83816	9
NCBITaxon:83828	2
NCBITaxon:838561	8
NCBITaxon:83868	1
NCBITaxon:839	4
NCBITaxon:83982	8
NCBITaxon:83983	6
NCBITaxon:83984	8
NCBITaxon:83985	7
NCBITaxon:83986	9
NCBITaxon:84	1
NCBITaxon:840	3
NCBITaxon:84022	10
NCBITaxon:84023	5
NCBITaxon:84024	2
NCBITaxon:84025	3
NCBITaxon:84026	2
NCBITaxon:84030	6
NCBITaxon:84031	3
NCBITaxon:84032	5
NCBITaxon:84035	6
NCBITaxon:84037	2
NCBITaxon:84096	5
NCBITaxon:84109	2
NCBITaxon:84110	7
NCBITaxon:84112	4
NCBITaxon:84135	6
NCBITaxon:84136	1
NCBITaxon:84139	1
NCBITaxon:84156	6
NCBITaxon:84158	2
NCBITaxon:84159	2
NCBITaxon:84163	5
NCBITaxon:842	1
NCBITaxon:84205	4
NCBITaxon:84377	4
NCBITaxon:84378	7
NCBITaxon:84379	1
NCBITaxon:844	12
NCBITaxon:84405	2
NCBITaxon:84407	2
NCBITaxon:84480	5
NCBITaxon:84521	2
NCBITaxon:84531	1
NCBITaxon:84588	6
NCBITaxon:84590	2
NCBITaxon:84592	11
NCBITaxon:84594	1
NCBITaxon:84595	5
NCBITaxon:84597	2
NCBITaxon:84599	3
NCBITaxon:84632	1
NCBITaxon:84633	1
NCBITaxon:84634	1
NCBITaxon:84643	3
NCBITaxon:84647	2
NCBITaxon:84698	1
NCBITaxon:847	3
NCBITaxon:84724	1
NCBITaxon:84725	1
NCBITaxon:84757	4
NCBITaxon:849	2
NCBITaxon:84962	1
NCBITaxon:849756	23
NCBITaxon:84979	2
NCBITaxon:84980	5
NCBITaxon:84981	1
NCBITaxon:84982	3
NCBITaxon:84983	2
NCBITaxon:850	2
NCBITaxon:85044	2
NCBITaxon:85075	1
NCBITaxon:85085	4
NCBITaxon:851	5
NCBITaxon:853	3
NCBITaxon:85336	3
NCBITaxon:854	2
NCBITaxon:85401	3
NCBITaxon:85402	4
NCBITaxon:85403	2
NCBITaxon:85404	2
NCBITaxon:85450	2
NCBITaxon:855	1
NCBITaxon:85558	5
NCBITaxon:85581	1
NCBITaxon:85583	2
NCBITaxon:856	4
NCBITaxon:856730	4
NCBITaxon:856731	9
NCBITaxon:856736	7
NCBITaxon:856793	2
NCBITaxon:85682	6
NCBITaxon:85683	10
NCBITaxon:856846	2
NCBITaxon:856854	6
NCBITaxon:85688	1
NCBITaxon:85693	2
NCBITaxon:85698	8
NCBITaxon:85701	7
NCBITaxon:857087	2
NCBITaxon:857099	5
NCBITaxon:857100	5
NCBITaxon:857101	5
NCBITaxon:857102	5
NCBITaxon:857103	5
NCBITaxon:857104	5
NCBITaxon:857105	5
NCBITaxon:857106	5
NCBITaxon:857107	5
NCBITaxon:857108	5
NCBITaxon:857109	5
NCBITaxon:857110	5
NCBITaxon:857111	5
NCBITaxon:857112	5
NCBITaxon:857113	5
NCBITaxon:857114	5
NCBITaxon:857115	5
NCBITaxon:857116	5
NCBITaxon:857117	5
NCBITaxon:857118	5
NCBITaxon:857119	5
NCBITaxon:857120	5
NCBITaxon:857121	5
NCBITaxon:857122	5
NCBITaxon:857123	5
NCBITaxon:857124	5
NCBITaxon:857125	5
NCBITaxon:857126	5
NCBITaxon:857127	5
NCBITaxon:857128	5
NCBITaxon:857129	5
NCBITaxon:857130	5
NCBITaxon:857131	5
NCBITaxon:857132	5
NCBITaxon:857133	5
NCBITaxon:857134	5
NCBITaxon:857135	5
NCBITaxon:857136	5
NCBITaxon:857137	5
NCBITaxon:857138	5
NCBITaxon:857139	5
NCBITaxon:857140	5
NCBITaxon:857141	5
NCBITaxon:857142	5
NCBITaxon:857143	5
NCBITaxon:857144	5
NCBITaxon:857145	5
NCBITaxon:857146	5
NCBITaxon:857147	5
NCBITaxon:857148	5
NCBITaxon:857149	5
NCBITaxon:857150	5
NCBITaxon:857151	5
NCBITaxon:857152	5
NCBITaxon:857153	5
NCBITaxon:857154	5
NCBITaxon:857155	5
NCBITaxon:857265	20
NCBITaxon:857290	5
NCBITaxon:857291	5
NCBITaxon:857292	3
NCBITaxon:857293	6
NCBITaxon:857335	1
NCBITaxon:857392	1
NCBITaxon:857571	4
NCBITaxon:857572	4
NCBITaxon:857573	4
NCBITaxon:857574	4
NCBITaxon:857575	4
NCBITaxon:857576	4
NCBITaxon:857577	4
NCBITaxon:857578	4
NCBITaxon:857579	4
NCBITaxon:857580	4
NCBITaxon:857581	4
NCBITaxon:858	1
NCBITaxon:858215	8
NCBITaxon:858305	3
NCBITaxon:858306	3
NCBITaxon:858307	3
NCBITaxon:858308	3
NCBITaxon:858309	3
NCBITaxon:858310	3
NCBITaxon:858311	3
NCBITaxon:858312	4
NCBITaxon:858313	6
NCBITaxon:858314	6
NCBITaxon:858315	6
NCBITaxon:858316	6
NCBITaxon:858317	6
NCBITaxon:858318	6
NCBITaxon:858423	1
NCBITaxon:858455	7
NCBITaxon:858619	6
NCBITaxon:858640	9
NCBITaxon:858646	1
NCBITaxon:858647	1
NCBITaxon:858648	1
NCBITaxon:858649	1
NCBITaxon:858650	1
NCBITaxon:858651	1
NCBITaxon:858652	1
NCBITaxon:858653	1
NCBITaxon:858654	1
NCBITaxon:858655	1
NCBITaxon:858656	1
NCBITaxon:858657	1
NCBITaxon:858658	1
NCBITaxon:858659	1
NCBITaxon:858660	1
NCBITaxon:858661	1
NCBITaxon:858663	1
NCBITaxon:858664	1
NCBITaxon:858665	1
NCBITaxon:858666	1
NCBITaxon:858667	1
NCBITaxon:858668	1
NCBITaxon:858669	1
NCBITaxon:858670	1
NCBITaxon:858671	1
NCBITaxon:858672	1
NCBITaxon:858673	1
NCBITaxon:858674	1
NCBITaxon:858675	1
NCBITaxon:858676	1
NCBITaxon:858679	1
NCBITaxon:858680	1
NCBITaxon:858681	1
NCBITaxon:858682	1
NCBITaxon:858683	1
NCBITaxon:858684	1
NCBITaxon:858685	1
NCBITaxon:858686	1
NCBITaxon:858687	1
NCBITaxon:858688	1
NCBITaxon:858689	1
NCBITaxon:858690	1
NCBITaxon:858691	1
NCBITaxon:858692	1
NCBITaxon:858693	1
NCBITaxon:858694	1
NCBITaxon:858695	1
NCBITaxon:858696	1
NCBITaxon:858697	1
NCBITaxon:858698	1
NCBITaxon:858699	1
NCBITaxon:85874	8
NCBITaxon:859	2
NCBITaxon:859058	3
NCBITaxon:859143	16
NCBITaxon:859144	8
NCBITaxon:859192	1
NCBITaxon:859194	5
NCBITaxon:859195	2
NCBITaxon:859196	4
NCBITaxon:859197	4
NCBITaxon:859198	6
NCBITaxon:859199	6
NCBITaxon:859243	2
NCBITaxon:85925	1
NCBITaxon:859313	4
NCBITaxon:859314	4
NCBITaxon:859321	2
NCBITaxon:85962	6
NCBITaxon:85963	6
NCBITaxon:859653	2
NCBITaxon:859655	4
NCBITaxon:859656	4
NCBITaxon:859657	4
NCBITaxon:85968	4
NCBITaxon:85991	4
NCBITaxon:85993	2
NCBITaxon:86	5
NCBITaxon:860	2
NCBITaxon:86005	2
NCBITaxon:860221	29
NCBITaxon:860228	6
NCBITaxon:860242	1
NCBITaxon:860575	6
NCBITaxon:860576	2
NCBITaxon:860771	1
NCBITaxon:860790	11
NCBITaxon:861	4
NCBITaxon:86102	2
NCBITaxon:86103	3
NCBITaxon:86104	2
NCBITaxon:86105	2
NCBITaxon:861051	23
NCBITaxon:86106	1
NCBITaxon:861109	7
NCBITaxon:861110	4
NCBITaxon:861111	7
NCBITaxon:861266	34
NCBITaxon:861298	15
NCBITaxon:861360	6
NCBITaxon:861365	2
NCBITaxon:861445	5
NCBITaxon:861450	5
NCBITaxon:861452	5
NCBITaxon:861454	1
NCBITaxon:861455	3
NCBITaxon:861533	17
NCBITaxon:861534	5
NCBITaxon:86166	6
NCBITaxon:86170	4
NCBITaxon:86171	2
NCBITaxon:86173	2
NCBITaxon:86174	4
NCBITaxon:86175	1
NCBITaxon:86176	1
NCBITaxon:86177	2
NCBITaxon:86179	2
NCBITaxon:86180	1
NCBITaxon:86182	3
NCBITaxon:86183	2
NCBITaxon:86184	2
NCBITaxon:86185	3
NCBITaxon:86186	2
NCBITaxon:861865	9
NCBITaxon:86187	15
NCBITaxon:862114	1
NCBITaxon:862134	3
NCBITaxon:862259	5
NCBITaxon:862415	7
NCBITaxon:862512	5
NCBITaxon:862513	5
NCBITaxon:862514	5
NCBITaxon:862515	8
NCBITaxon:862516	5
NCBITaxon:862517	4
NCBITaxon:862644	13
NCBITaxon:86265	3
NCBITaxon:862719	7
NCBITaxon:862751	9
NCBITaxon:862908	2
NCBITaxon:862962	3
NCBITaxon:862964	4
NCBITaxon:862965	4
NCBITaxon:862966	3
NCBITaxon:862967	3
NCBITaxon:862968	3
NCBITaxon:862969	3
NCBITaxon:862970	3
NCBITaxon:862971	3
NCBITaxon:863	2
NCBITaxon:86304	9
NCBITaxon:863227	27
NCBITaxon:863239	4
NCBITaxon:86332	4
NCBITaxon:86333	4
NCBITaxon:863364	3
NCBITaxon:863365	5
NCBITaxon:863368	4
NCBITaxon:863369	4
NCBITaxon:863370	1
NCBITaxon:863372	2
NCBITaxon:863449	5
NCBITaxon:863522	20
NCBITaxon:863575	1
NCBITaxon:863638	5
NCBITaxon:863767	5
NCBITaxon:863768	5
NCBITaxon:863769	5
NCBITaxon:864051	5
NCBITaxon:864058	10
NCBITaxon:864064	13
NCBITaxon:864068	1
NCBITaxon:864069	16
NCBITaxon:864073	6
NCBITaxon:864074	3
NCBITaxon:86416	7
NCBITaxon:864563	5
NCBITaxon:864565	4
NCBITaxon:864566	5
NCBITaxon:864567	5
NCBITaxon:864568	5
NCBITaxon:864569	5
NCBITaxon:864570	4
NCBITaxon:864702	2
NCBITaxon:86473	3
NCBITaxon:864803	3
NCBITaxon:865	2
NCBITaxon:865861	6
NCBITaxon:865865	2
NCBITaxon:865867	5
NCBITaxon:865937	5
NCBITaxon:865938	6
NCBITaxon:866344	5
NCBITaxon:866345	5
NCBITaxon:866346	5
NCBITaxon:866499	6
NCBITaxon:866536	4
NCBITaxon:866564	6
NCBITaxon:866565	6
NCBITaxon:866566	5
NCBITaxon:86660	3
NCBITaxon:866628	5
NCBITaxon:866629	5
NCBITaxon:86663	2
NCBITaxon:866630	4
NCBITaxon:86664	2
NCBITaxon:86665	6
NCBITaxon:86666	1
NCBITaxon:86667	2
NCBITaxon:86668	6
NCBITaxon:86669	2
NCBITaxon:86672	2
NCBITaxon:866768	7
NCBITaxon:866770	4
NCBITaxon:866771	6
NCBITaxon:866773	1
NCBITaxon:866774	3
NCBITaxon:866776	6
NCBITaxon:866777	5
NCBITaxon:866778	6
NCBITaxon:866779	1
NCBITaxon:866780	1
NCBITaxon:866785	8
NCBITaxon:866789	5
NCBITaxon:866790	1
NCBITaxon:866801	2
NCBITaxon:866807	1
NCBITaxon:866895	7
NCBITaxon:866909	5
NCBITaxon:866914	4
NCBITaxon:866915	4
NCBITaxon:866919	4
NCBITaxon:866920	1
NCBITaxon:867	2
NCBITaxon:867076	2
NCBITaxon:867080	3
NCBITaxon:867683	1
NCBITaxon:867845	4
NCBITaxon:867900	6
NCBITaxon:867902	5
NCBITaxon:867903	6
NCBITaxon:867904	8
NCBITaxon:867905	5
NCBITaxon:867906	5
NCBITaxon:867907	5
NCBITaxon:867908	5
NCBITaxon:867909	5
NCBITaxon:867910	5
NCBITaxon:867911	5
NCBITaxon:867912	5
NCBITaxon:867913	5
NCBITaxon:867914	5
NCBITaxon:86796	2
NCBITaxon:868129	5
NCBITaxon:868131	5
NCBITaxon:868133	5
NCBITaxon:868134	5
NCBITaxon:868135	5
NCBITaxon:868136	5
NCBITaxon:868137	5
NCBITaxon:868138	5
NCBITaxon:868139	5
NCBITaxon:868140	5
NCBITaxon:868141	5
NCBITaxon:868142	5
NCBITaxon:868143	5
NCBITaxon:868144	5
NCBITaxon:868145	5
NCBITaxon:868146	5
NCBITaxon:868147	5
NCBITaxon:868148	5
NCBITaxon:868149	5
NCBITaxon:868150	5
NCBITaxon:868151	5
NCBITaxon:868152	5
NCBITaxon:868153	5
NCBITaxon:868154	5
NCBITaxon:868155	5
NCBITaxon:868156	5
NCBITaxon:868157	5
NCBITaxon:868158	5
NCBITaxon:868159	5
NCBITaxon:868160	5
NCBITaxon:868161	5
NCBITaxon:868162	5
NCBITaxon:868163	5
NCBITaxon:868164	5
NCBITaxon:868165	5
NCBITaxon:868166	5
NCBITaxon:868167	5
NCBITaxon:868168	5
NCBITaxon:868169	5
NCBITaxon:868170	5
NCBITaxon:868171	5
NCBITaxon:868172	5
NCBITaxon:868173	5
NCBITaxon:868174	5
NCBITaxon:868175	5
NCBITaxon:868176	5
NCBITaxon:868177	5
NCBITaxon:868178	5
NCBITaxon:868179	5
NCBITaxon:868180	5
NCBITaxon:868181	5
NCBITaxon:868182	5
NCBITaxon:868183	5
NCBITaxon:868184	5
NCBITaxon:868185	5
NCBITaxon:868186	5
NCBITaxon:868187	5
NCBITaxon:868188	5
NCBITaxon:868189	5
NCBITaxon:868190	5
NCBITaxon:868191	5
NCBITaxon:868192	5
NCBITaxon:868193	5
NCBITaxon:868194	5
NCBITaxon:868195	5
NCBITaxon:868196	5
NCBITaxon:868197	5
NCBITaxon:868198	5
NCBITaxon:868199	5
NCBITaxon:868200	5
NCBITaxon:868201	5
NCBITaxon:868202	5
NCBITaxon:868203	5
NCBITaxon:868204	5
NCBITaxon:868206	5
NCBITaxon:868207	5
NCBITaxon:868208	5
NCBITaxon:868209	5
NCBITaxon:868210	5
NCBITaxon:868280	1
NCBITaxon:86840	2
NCBITaxon:868595	5
NCBITaxon:868597	5
NCBITaxon:868864	7
NCBITaxon:869209	5
NCBITaxon:869210	7
NCBITaxon:869211	8
NCBITaxon:869212	6
NCBITaxon:869213	2
NCBITaxon:869214	5
NCBITaxon:869215	5
NCBITaxon:869216	5
NCBITaxon:869269	5
NCBITaxon:869303	5
NCBITaxon:869304	5
NCBITaxon:869305	6
NCBITaxon:869306	5
NCBITaxon:869307	5
NCBITaxon:869308	6
NCBITaxon:869309	6
NCBITaxon:869310	6
NCBITaxon:869311	5
NCBITaxon:869312	5
NCBITaxon:869313	6
NCBITaxon:869397	1
NCBITaxon:86956	2
NCBITaxon:86957	1
NCBITaxon:86958	1
NCBITaxon:86959	2
NCBITaxon:869669	5
NCBITaxon:869670	5
NCBITaxon:869671	5
NCBITaxon:869672	5
NCBITaxon:869673	5
NCBITaxon:869674	5
NCBITaxon:869675	5
NCBITaxon:869676	5
NCBITaxon:869677	5
NCBITaxon:869678	5
NCBITaxon:869679	5
NCBITaxon:869680	5
NCBITaxon:869681	5
NCBITaxon:869682	5
NCBITaxon:869683	5
NCBITaxon:869684	5
NCBITaxon:869685	5
NCBITaxon:869686	5
NCBITaxon:869687	5
NCBITaxon:869688	5
NCBITaxon:869689	5
NCBITaxon:869690	5
NCBITaxon:869691	5
NCBITaxon:869692	5
NCBITaxon:869693	5
NCBITaxon:869694	5
NCBITaxon:869695	5
NCBITaxon:869718	18
NCBITaxon:869719	14
NCBITaxon:869727	6
NCBITaxon:869728	4
NCBITaxon:869729	5
NCBITaxon:869801	6
NCBITaxon:869805	2
NCBITaxon:869814	5
NCBITaxon:869816	5
NCBITaxon:869886	15
NCBITaxon:869962	5
NCBITaxon:870	3
NCBITaxon:87012	2
NCBITaxon:870187	6
NCBITaxon:870242	15
NCBITaxon:870476	7
NCBITaxon:870477	1
NCBITaxon:870480	4
NCBITaxon:870481	6
NCBITaxon:870482	1
NCBITaxon:870485	1
NCBITaxon:870486	6
NCBITaxon:870487	18
NCBITaxon:870501	3
NCBITaxon:870903	2
NCBITaxon:870908	11
NCBITaxon:870967	1
NCBITaxon:870968	4
NCBITaxon:871203	9
NCBITaxon:871237	7
NCBITaxon:871271	2
NCBITaxon:871324	14
NCBITaxon:871325	14
NCBITaxon:871327	10
NCBITaxon:871541	4
NCBITaxon:871562	5
NCBITaxon:871571	3
NCBITaxon:871585	5
NCBITaxon:871586	6
NCBITaxon:871587	6
NCBITaxon:871588	6
NCBITaxon:871589	6
NCBITaxon:871590	6
NCBITaxon:871591	6
NCBITaxon:871592	6
NCBITaxon:871593	6
NCBITaxon:87162	1
NCBITaxon:871664	11
NCBITaxon:871665	6
NCBITaxon:871694	10
NCBITaxon:871696	17
NCBITaxon:871738	5
NCBITaxon:871741	4
NCBITaxon:871742	18
NCBITaxon:871925	6
NCBITaxon:871959	1
NCBITaxon:871961	1
NCBITaxon:871962	1
NCBITaxon:871963	5
NCBITaxon:871968	5
NCBITaxon:872024	6
NCBITaxon:872276	12
NCBITaxon:872326	1
NCBITaxon:872327	15
NCBITaxon:872330	6
NCBITaxon:872331	5
NCBITaxon:872965	19
NCBITaxon:872970	15
NCBITaxon:872983	1
NCBITaxon:873	5
NCBITaxon:873078	5
NCBITaxon:873127	4
NCBITaxon:873191	2
NCBITaxon:873448	4
NCBITaxon:873449	1
NCBITaxon:873513	5
NCBITaxon:873517	7
NCBITaxon:873533	6
NCBITaxon:874156	7
NCBITaxon:874266	3
NCBITaxon:874422	3
NCBITaxon:874423	4
NCBITaxon:874454	18
NCBITaxon:87458	1
NCBITaxon:87461	3
NCBITaxon:875041	15
NCBITaxon:875042	20
NCBITaxon:875043	10
NCBITaxon:875057	2
NCBITaxon:875068	2
NCBITaxon:875093	4
NCBITaxon:875171	10
NCBITaxon:875328	7
NCBITaxon:875329	5
NCBITaxon:875330	5
NCBITaxon:87541	2
NCBITaxon:875454	1
NCBITaxon:875932	2
NCBITaxon:876	14
NCBITaxon:876138	6
NCBITaxon:87626	7
NCBITaxon:876269	1
NCBITaxon:876270	5
NCBITaxon:876283	6
NCBITaxon:87645	2
NCBITaxon:876478	5
NCBITaxon:87650	2
NCBITaxon:877208	1
NCBITaxon:877384	12
NCBITaxon:877406	1
NCBITaxon:877414	1
NCBITaxon:877418	1
NCBITaxon:877420	1
NCBITaxon:877421	1
NCBITaxon:877422	1
NCBITaxon:877424	1
NCBITaxon:877445	1
NCBITaxon:877455	11
NCBITaxon:877464	2
NCBITaxon:877466	5
NCBITaxon:877468	5
NCBITaxon:877469	5
NCBITaxon:877472	5
NCBITaxon:877500	12
NCBITaxon:877549	8
NCBITaxon:878	9
NCBITaxon:878213	1
NCBITaxon:878320	5
NCBITaxon:87883	9
NCBITaxon:879	14
NCBITaxon:879088	5
NCBITaxon:879089	5
NCBITaxon:879090	5
NCBITaxon:879212	4
NCBITaxon:879243	6
NCBITaxon:879276	2
NCBITaxon:879295	4
NCBITaxon:879296	4
NCBITaxon:879297	4
NCBITaxon:879298	4
NCBITaxon:879299	4
NCBITaxon:879300	4
NCBITaxon:879301	4
NCBITaxon:879302	4
NCBITaxon:879303	4
NCBITaxon:879304	4
NCBITaxon:879305	5
NCBITaxon:879306	5
NCBITaxon:879307	3
NCBITaxon:879308	2
NCBITaxon:879309	5
NCBITaxon:879310	4
NCBITaxon:879462	5
NCBITaxon:879567	9
NCBITaxon:879969	4
NCBITaxon:879970	11
NCBITaxon:880	11
NCBITaxon:880070	1
NCBITaxon:880071	2
NCBITaxon:880072	6
NCBITaxon:880073	4
NCBITaxon:880074	5
NCBITaxon:880157	6
NCBITaxon:880447	5
NCBITaxon:880478	5
NCBITaxon:880526	5
NCBITaxon:88058	4
NCBITaxon:880591	4
NCBITaxon:880592	4
NCBITaxon:880632	5
NCBITaxon:880633	4
NCBITaxon:880724	4
NCBITaxon:880732	12
NCBITaxon:88074	2
NCBITaxon:881	17
NCBITaxon:881009	10
NCBITaxon:881268	16
NCBITaxon:88132	4
NCBITaxon:88139	4
NCBITaxon:881621	6
NCBITaxon:88164	2
NCBITaxon:88189	3
NCBITaxon:881893	13
NCBITaxon:88190	2
NCBITaxon:882	6
NCBITaxon:882020	1
NCBITaxon:882081	4
NCBITaxon:882082	4
NCBITaxon:882083	4
NCBITaxon:882084	3
NCBITaxon:882085	2
NCBITaxon:882086	2
NCBITaxon:882090	1
NCBITaxon:882094	1
NCBITaxon:882095	1
NCBITaxon:882096	1
NCBITaxon:882097	1
NCBITaxon:882098	5
NCBITaxon:882099	5
NCBITaxon:882100	5
NCBITaxon:882101	5
NCBITaxon:882102	6
NCBITaxon:882104	8
NCBITaxon:882211	1
NCBITaxon:88233	2
NCBITaxon:882378	1
NCBITaxon:882440	18
NCBITaxon:882441	7
NCBITaxon:882444	11
NCBITaxon:882446	13
NCBITaxon:882447	16
NCBITaxon:882448	23
NCBITaxon:882452	15
NCBITaxon:882453	7
NCBITaxon:882455	6
NCBITaxon:88274	7
NCBITaxon:882800	5
NCBITaxon:882824	17
NCBITaxon:882855	6
NCBITaxon:882856	1
NCBITaxon:882860	1
NCBITaxon:882862	1
NCBITaxon:882863	6
NCBITaxon:882864	6
NCBITaxon:882865	6
NCBITaxon:882866	6
NCBITaxon:882867	6
NCBITaxon:882868	1
NCBITaxon:882869	6
NCBITaxon:882872	1
NCBITaxon:882873	1
NCBITaxon:882874	1
NCBITaxon:882875	1
NCBITaxon:882876	1
NCBITaxon:882877	1
NCBITaxon:882878	1
NCBITaxon:882879	1
NCBITaxon:882884	5
NCBITaxon:882944	7
NCBITaxon:883	7
NCBITaxon:883062	5
NCBITaxon:883064	5
NCBITaxon:883066	2
NCBITaxon:883067	2
NCBITaxon:883069	6
NCBITaxon:883071	5
NCBITaxon:883077	6
NCBITaxon:883078	3
NCBITaxon:883079	3
NCBITaxon:883080	3
NCBITaxon:883081	2
NCBITaxon:883088	5
NCBITaxon:883092	5
NCBITaxon:883094	5
NCBITaxon:883095	2
NCBITaxon:883096	3
NCBITaxon:883098	3
NCBITaxon:883099	5
NCBITaxon:883100	2
NCBITaxon:883101	3
NCBITaxon:883103	1
NCBITaxon:883106	1
NCBITaxon:883107	1
NCBITaxon:883109	1
NCBITaxon:883110	2
NCBITaxon:883111	2
NCBITaxon:883112	2
NCBITaxon:883113	1
NCBITaxon:883114	2
NCBITaxon:883116	3
NCBITaxon:883118	1
NCBITaxon:883119	3
NCBITaxon:883120	1
NCBITaxon:883121	1
NCBITaxon:883122	1
NCBITaxon:883123	3
NCBITaxon:883124	3
NCBITaxon:883126	2
NCBITaxon:883129	4
NCBITaxon:883130	6
NCBITaxon:883150	1
NCBITaxon:883151	3
NCBITaxon:883152	1
NCBITaxon:883153	3
NCBITaxon:883154	1
NCBITaxon:883155	3
NCBITaxon:883156	6
NCBITaxon:883158	5
NCBITaxon:883160	5
NCBITaxon:883161	6
NCBITaxon:883162	2
NCBITaxon:883163	2
NCBITaxon:883164	5
NCBITaxon:883165	6
NCBITaxon:883166	5
NCBITaxon:883167	3
NCBITaxon:883168	3
NCBITaxon:883169	2
NCBITaxon:88362	2
NCBITaxon:88364	3
NCBITaxon:88373	2
NCBITaxon:88374	2
NCBITaxon:88376	2
NCBITaxon:883812	1
NCBITaxon:88382	5
NCBITaxon:884086	5
NCBITaxon:884107	1
NCBITaxon:884155	19
NCBITaxon:884204	5
NCBITaxon:884215	1
NCBITaxon:88431	2
NCBITaxon:884688	4
NCBITaxon:885	7
NCBITaxon:885040	1
NCBITaxon:885042	2
NCBITaxon:885272	4
NCBITaxon:885273	5
NCBITaxon:885274	5
NCBITaxon:885275	5
NCBITaxon:885276	5
NCBITaxon:885380	1
NCBITaxon:885381	1
NCBITaxon:885382	1
NCBITaxon:885383	1
NCBITaxon:885384	1
NCBITaxon:885385	1
NCBITaxon:885386	1
NCBITaxon:885387	1
NCBITaxon:885475	12
NCBITaxon:885581	5
NCBITaxon:88568	2
NCBITaxon:886	5
NCBITaxon:886289	6
NCBITaxon:886291	6
NCBITaxon:886292	7
NCBITaxon:886293	4
NCBITaxon:886377	6
NCBITaxon:886379	4
NCBITaxon:886464	1
NCBITaxon:886715	1
NCBITaxon:886716	1
NCBITaxon:886717	1
NCBITaxon:886718	1
NCBITaxon:886719	1
NCBITaxon:886720	1
NCBITaxon:886721	1
NCBITaxon:886722	1
NCBITaxon:886723	1
NCBITaxon:886724	1
NCBITaxon:886725	1
NCBITaxon:886726	1
NCBITaxon:886727	1
NCBITaxon:886728	1
NCBITaxon:886872	5
NCBITaxon:886877	1
NCBITaxon:88688	6
NCBITaxon:886882	3
NCBITaxon:886886	6
NCBITaxon:886887	5
NCBITaxon:886888	6
NCBITaxon:886889	6
NCBITaxon:886890	6
NCBITaxon:886893	2
NCBITaxon:886913	6
NCBITaxon:887061	5
NCBITaxon:887062	2
NCBITaxon:887063	1
NCBITaxon:887064	1
NCBITaxon:887065	1
NCBITaxon:887066	1
NCBITaxon:887067	1
NCBITaxon:887068	1
NCBITaxon:887069	1
NCBITaxon:887070	1
NCBITaxon:887144	13
NCBITaxon:88719	6
NCBITaxon:88724	1
NCBITaxon:887280	1
NCBITaxon:887281	1
NCBITaxon:887282	1
NCBITaxon:887283	1
NCBITaxon:887284	1
NCBITaxon:887285	1
NCBITaxon:887286	1
NCBITaxon:887287	1
NCBITaxon:887288	1
NCBITaxon:887289	1
NCBITaxon:887290	1
NCBITaxon:887291	1
NCBITaxon:887292	1
NCBITaxon:887293	1
NCBITaxon:887294	1
NCBITaxon:887295	1
NCBITaxon:887296	1
NCBITaxon:887297	1
NCBITaxon:887298	1
NCBITaxon:887299	1
NCBITaxon:887300	1
NCBITaxon:887301	1
NCBITaxon:887302	1
NCBITaxon:887303	1
NCBITaxon:887304	1
NCBITaxon:887305	1
NCBITaxon:887306	1
NCBITaxon:887307	1
NCBITaxon:887308	1
NCBITaxon:887309	1
NCBITaxon:887310	1
NCBITaxon:887311	1
NCBITaxon:887312	1
NCBITaxon:887313	1
NCBITaxon:887314	1
NCBITaxon:887315	1
NCBITaxon:887316	1
NCBITaxon:887317	1
NCBITaxon:887318	1
NCBITaxon:887319	1
NCBITaxon:887320	1
NCBITaxon:887321	1
NCBITaxon:887324	4
NCBITaxon:887325	2
NCBITaxon:887326	3
NCBITaxon:887327	1
NCBITaxon:887449	5
NCBITaxon:887452	11
NCBITaxon:887453	4
NCBITaxon:887456	4
NCBITaxon:887459	4
NCBITaxon:887462	9
NCBITaxon:887464	9
NCBITaxon:887465	6
NCBITaxon:887469	9
NCBITaxon:887475	7
NCBITaxon:887700	2
NCBITaxon:887710	5
NCBITaxon:887711	5
NCBITaxon:887712	3
NCBITaxon:887896	4
NCBITaxon:887898	1
NCBITaxon:887899	3
NCBITaxon:887901	1
NCBITaxon:887929	1
NCBITaxon:888019	2
NCBITaxon:888027	4
NCBITaxon:888048	5
NCBITaxon:888049	5
NCBITaxon:888050	5
NCBITaxon:888051	5
NCBITaxon:888052	5
NCBITaxon:888054	3
NCBITaxon:888055	4
NCBITaxon:888056	6
NCBITaxon:888057	4
NCBITaxon:888058	2
NCBITaxon:888059	5
NCBITaxon:888060	2
NCBITaxon:888061	1
NCBITaxon:888062	3
NCBITaxon:888063	1
NCBITaxon:888064	4
NCBITaxon:888066	4
NCBITaxon:888439	6
NCBITaxon:888721	1
NCBITaxon:888727	1
NCBITaxon:888728	4
NCBITaxon:88874	4
NCBITaxon:888741	1
NCBITaxon:888742	5
NCBITaxon:888743	5
NCBITaxon:888745	3
NCBITaxon:888746	3
NCBITaxon:888801	4
NCBITaxon:888807	5
NCBITaxon:888808	5
NCBITaxon:888809	5
NCBITaxon:888810	5
NCBITaxon:888811	5
NCBITaxon:888812	5
NCBITaxon:888813	5
NCBITaxon:888814	6
NCBITaxon:888815	5
NCBITaxon:888816	5
NCBITaxon:888817	5
NCBITaxon:888818	5
NCBITaxon:888819	5
NCBITaxon:888820	5
NCBITaxon:888821	5
NCBITaxon:888822	5
NCBITaxon:888823	5
NCBITaxon:888824	5
NCBITaxon:888825	5
NCBITaxon:888826	5
NCBITaxon:888827	5
NCBITaxon:888828	4
NCBITaxon:888832	5
NCBITaxon:888833	3
NCBITaxon:889	7
NCBITaxon:88916	2
NCBITaxon:889201	3
NCBITaxon:889204	5
NCBITaxon:889205	1
NCBITaxon:889206	3
NCBITaxon:889211	5
NCBITaxon:889213	1
NCBITaxon:889214	1
NCBITaxon:889215	1
NCBITaxon:889216	1
NCBITaxon:889217	1
NCBITaxon:889218	1
NCBITaxon:889219	1
NCBITaxon:889220	1
NCBITaxon:889221	1
NCBITaxon:889222	1
NCBITaxon:889223	5
NCBITaxon:889224	1
NCBITaxon:889225	1
NCBITaxon:889226	1
NCBITaxon:889227	1
NCBITaxon:889228	1
NCBITaxon:889229	1
NCBITaxon:889230	1
NCBITaxon:889231	1
NCBITaxon:889232	1
NCBITaxon:889233	1
NCBITaxon:889234	1
NCBITaxon:889235	1
NCBITaxon:889236	1
NCBITaxon:889237	1
NCBITaxon:889238	1
NCBITaxon:889239	1
NCBITaxon:889240	1
NCBITaxon:889241	1
NCBITaxon:889242	1
NCBITaxon:889243	1
NCBITaxon:889244	1
NCBITaxon:889245	1
NCBITaxon:889246	1
NCBITaxon:889247	5
NCBITaxon:889248	1
NCBITaxon:889249	1
NCBITaxon:889250	1
NCBITaxon:889251	1
NCBITaxon:889252	1
NCBITaxon:889253	1
NCBITaxon:889254	5
NCBITaxon:889255	1
NCBITaxon:889265	2
NCBITaxon:889268	1
NCBITaxon:889272	1
NCBITaxon:889274	1
NCBITaxon:889282	1
NCBITaxon:889299	2
NCBITaxon:889306	14
NCBITaxon:889377	4
NCBITaxon:889378	6
NCBITaxon:889453	18
NCBITaxon:889487	6
NCBITaxon:889488	1
NCBITaxon:889513	5
NCBITaxon:889516	4
NCBITaxon:889520	6
NCBITaxon:889738	5
NCBITaxon:889739	5
NCBITaxon:889792	17
NCBITaxon:889932	4
NCBITaxon:889933	5
NCBITaxon:889944	9
NCBITaxon:889962	1
NCBITaxon:889965	5
NCBITaxon:89	3
NCBITaxon:890055	7
NCBITaxon:890402	4
NCBITaxon:890420	5
NCBITaxon:890425	11
NCBITaxon:890426	7
NCBITaxon:89050	10
NCBITaxon:89051	1
NCBITaxon:89053	5
NCBITaxon:89059	3
NCBITaxon:89061	6
NCBITaxon:89065	2
NCBITaxon:89067	3
NCBITaxon:89093	2
NCBITaxon:891	7
NCBITaxon:891398	1
NCBITaxon:891402	5
NCBITaxon:891411	1
NCBITaxon:891412	1
NCBITaxon:891413	1
NCBITaxon:891414	1
NCBITaxon:891420	1
NCBITaxon:891424	1
NCBITaxon:89152	2
NCBITaxon:89153	4
NCBITaxon:89154	4
NCBITaxon:89184	2
NCBITaxon:89187	6
NCBITaxon:891968	5
NCBITaxon:891974	1
NCBITaxon:89367	1
NCBITaxon:894	9
NCBITaxon:89401	2
NCBITaxon:89402	3
NCBITaxon:89403	2
NCBITaxon:89524	4
NCBITaxon:89584	5
NCBITaxon:897	9
NCBITaxon:89772	2
NCBITaxon:89784	3
NCBITaxon:899	6
NCBITaxon:89959	2
NCBITaxon:89967	1
NCBITaxon:89968	4
NCBITaxon:89969	4
NCBITaxon:9	2
NCBITaxon:90079	1
NCBITaxon:901	3
NCBITaxon:90239	3
NCBITaxon:90240	3
NCBITaxon:90241	2
NCBITaxon:90242	1
NCBITaxon:90244	4
NCBITaxon:90245	4
NCBITaxon:90323	2
NCBITaxon:903413	12
NCBITaxon:903507	6
NCBITaxon:903510	5
NCBITaxon:903520	7
NCBITaxon:903524	3
NCBITaxon:903525	1
NCBITaxon:903526	4
NCBITaxon:903527	1
NCBITaxon:90367	1
NCBITaxon:90370	5
NCBITaxon:90371	7
NCBITaxon:90373	3
NCBITaxon:903814	2
NCBITaxon:903818	5
NCBITaxon:903889	5
NCBITaxon:903890	5
NCBITaxon:903891	5
NCBITaxon:903892	5
NCBITaxon:903893	5
NCBITaxon:903894	5
NCBITaxon:903895	5
NCBITaxon:903896	5
NCBITaxon:903897	5
NCBITaxon:903898	5
NCBITaxon:903899	5
NCBITaxon:903900	5
NCBITaxon:903901	5
NCBITaxon:903902	5
NCBITaxon:903903	5
NCBITaxon:903904	5
NCBITaxon:903905	5
NCBITaxon:903906	5
NCBITaxon:903907	5
NCBITaxon:903908	5
NCBITaxon:903909	5
NCBITaxon:903910	5
NCBITaxon:903911	5
NCBITaxon:903912	5
NCBITaxon:903913	5
NCBITaxon:903914	5
NCBITaxon:903915	5
NCBITaxon:903918	5
NCBITaxon:903919	5
NCBITaxon:903920	5
NCBITaxon:903921	5
NCBITaxon:903922	5
NCBITaxon:903923	5
NCBITaxon:903924	5
NCBITaxon:903925	5
NCBITaxon:903926	5
NCBITaxon:903927	5
NCBITaxon:903928	5
NCBITaxon:903929	5
NCBITaxon:903930	5
NCBITaxon:903931	5
NCBITaxon:903932	5
NCBITaxon:903933	5
NCBITaxon:903934	5
NCBITaxon:903935	5
NCBITaxon:903936	5
NCBITaxon:903937	5
NCBITaxon:903945	5
NCBITaxon:903983	10
NCBITaxon:903984	9
NCBITaxon:904130	6
NCBITaxon:904139	5
NCBITaxon:904143	5
NCBITaxon:904144	3
NCBITaxon:904291	13
NCBITaxon:904293	5
NCBITaxon:904294	7
NCBITaxon:904295	16
NCBITaxon:904296	2
NCBITaxon:904306	3
NCBITaxon:904313	5
NCBITaxon:904314	5
NCBITaxon:904315	5
NCBITaxon:904316	5
NCBITaxon:904317	6
NCBITaxon:904318	5
NCBITaxon:904319	6
NCBITaxon:904320	5
NCBITaxon:904321	6
NCBITaxon:904322	5
NCBITaxon:904323	5
NCBITaxon:904324	5
NCBITaxon:904325	5
NCBITaxon:904326	5
NCBITaxon:904327	5
NCBITaxon:904328	6
NCBITaxon:904329	6
NCBITaxon:904330	5
NCBITaxon:904331	5
NCBITaxon:904332	5
NCBITaxon:904333	5
NCBITaxon:904334	6
NCBITaxon:904335	5
NCBITaxon:904336	5
NCBITaxon:904337	5
NCBITaxon:904338	6
NCBITaxon:904339	5
NCBITaxon:904340	5
NCBITaxon:904341	5
NCBITaxon:904342	5
NCBITaxon:904343	5
NCBITaxon:904344	5
NCBITaxon:904345	5
NCBITaxon:904346	5
NCBITaxon:904347	6
NCBITaxon:904352	5
NCBITaxon:904353	5
NCBITaxon:904354	5
NCBITaxon:904715	1
NCBITaxon:904723	6
NCBITaxon:904724	5
NCBITaxon:904725	6
NCBITaxon:904726	6
NCBITaxon:904727	5
NCBITaxon:904728	6
NCBITaxon:904729	5
NCBITaxon:904730	6
NCBITaxon:904731	6
NCBITaxon:904732	5
NCBITaxon:904733	5
NCBITaxon:904734	5
NCBITaxon:904735	5
NCBITaxon:904736	5
NCBITaxon:904737	5
NCBITaxon:904738	6
NCBITaxon:904739	5
NCBITaxon:904740	5
NCBITaxon:904741	5
NCBITaxon:904742	5
NCBITaxon:904743	5
NCBITaxon:904744	6
NCBITaxon:904745	5
NCBITaxon:904746	5
NCBITaxon:904747	6
NCBITaxon:904748	5
NCBITaxon:904749	6
NCBITaxon:904750	5
NCBITaxon:904751	5
NCBITaxon:904752	5
NCBITaxon:904753	5
NCBITaxon:904754	5
NCBITaxon:904755	5
NCBITaxon:904756	5
NCBITaxon:904757	5
NCBITaxon:904758	5
NCBITaxon:904759	6
NCBITaxon:904760	6
NCBITaxon:904761	5
NCBITaxon:904762	5
NCBITaxon:904763	6
NCBITaxon:904764	5
NCBITaxon:904765	5
NCBITaxon:904766	5
NCBITaxon:904767	5
NCBITaxon:904768	5
NCBITaxon:904769	5
NCBITaxon:904770	5
NCBITaxon:904771	5
NCBITaxon:904772	5
NCBITaxon:904773	5
NCBITaxon:904774	5
NCBITaxon:904775	5
NCBITaxon:904776	5
NCBITaxon:904777	5
NCBITaxon:904778	5
NCBITaxon:904779	5
NCBITaxon:904780	5
NCBITaxon:904781	5
NCBITaxon:904782	5
NCBITaxon:904783	5
NCBITaxon:904784	5
NCBITaxon:904785	5
NCBITaxon:904786	5
NCBITaxon:904787	5
NCBITaxon:904788	5
NCBITaxon:904789	5
NCBITaxon:904790	5
NCBITaxon:904791	5
NCBITaxon:904792	5
NCBITaxon:904793	5
NCBITaxon:904794	5
NCBITaxon:904795	5
NCBITaxon:904796	5
NCBITaxon:904797	5
NCBITaxon:904798	5
NCBITaxon:904799	5
NCBITaxon:904800	5
NCBITaxon:904801	5
NCBITaxon:904802	5
NCBITaxon:904803	5
NCBITaxon:904804	5
NCBITaxon:905	4
NCBITaxon:905052	2
NCBITaxon:905067	5
NCBITaxon:906888	2
NCBITaxon:906968	4
NCBITaxon:907	9
NCBITaxon:907224	1
NCBITaxon:907237	5
NCBITaxon:907238	5
NCBITaxon:907239	5
NCBITaxon:907240	5
NCBITaxon:907261	1
NCBITaxon:907262	3
NCBITaxon:907263	3
NCBITaxon:907264	3
NCBITaxon:907265	3
NCBITaxon:907266	3
NCBITaxon:907267	3
NCBITaxon:907268	3
NCBITaxon:907269	3
NCBITaxon:907270	3
NCBITaxon:907271	3
NCBITaxon:907272	3
NCBITaxon:90728	2
NCBITaxon:907287	5
NCBITaxon:90729	2
NCBITaxon:90730	4
NCBITaxon:90731	1
NCBITaxon:90732	1
NCBITaxon:90733	1
NCBITaxon:907348	4
NCBITaxon:90736	4
NCBITaxon:907462	1
NCBITaxon:907463	11
NCBITaxon:907486	4
NCBITaxon:907487	4
NCBITaxon:907488	4
NCBITaxon:907489	4
NCBITaxon:907490	4
NCBITaxon:907491	4
NCBITaxon:907492	4
NCBITaxon:907493	4
NCBITaxon:907691	1
NCBITaxon:907931	5
NCBITaxon:90813	1
NCBITaxon:90814	1
NCBITaxon:908247	6
NCBITaxon:908274	1
NCBITaxon:908285	3
NCBITaxon:908290	7
NCBITaxon:908337	1
NCBITaxon:908338	2
NCBITaxon:908339	4
NCBITaxon:908340	3
NCBITaxon:908341	4
NCBITaxon:908355	10
NCBITaxon:908359	16
NCBITaxon:908612	5
NCBITaxon:908615	10
NCBITaxon:908616	14
NCBITaxon:908627	1
NCBITaxon:908809	16
NCBITaxon:908842	4
NCBITaxon:908846	7
NCBITaxon:908937	6
NCBITaxon:908940	1
NCBITaxon:908941	1
NCBITaxon:908946	8
NCBITaxon:90909	2
NCBITaxon:909209	4
NCBITaxon:909287	1
NCBITaxon:909414	1
NCBITaxon:909420	5
NCBITaxon:909421	5
NCBITaxon:909461	5
NCBITaxon:909465	5
NCBITaxon:909613	3
NCBITaxon:909626	1
NCBITaxon:909663	2
NCBITaxon:90970	5
NCBITaxon:90975	2
NCBITaxon:909936	12
NCBITaxon:909943	5
NCBITaxon:909945	5
NCBITaxon:909946	5
NCBITaxon:909947	5
NCBITaxon:909952	5
NCBITaxon:909954	4
NCBITaxon:909955	4
NCBITaxon:910237	4
NCBITaxon:910238	4
NCBITaxon:910310	4
NCBITaxon:910311	2
NCBITaxon:910312	5
NCBITaxon:910313	3
NCBITaxon:910314	5
NCBITaxon:910347	9
NCBITaxon:910348	5
NCBITaxon:910412	22
NCBITaxon:910413	1
NCBITaxon:910414	1
NCBITaxon:910415	1
NCBITaxon:910416	1
NCBITaxon:910417	1
NCBITaxon:910418	1
NCBITaxon:910419	1
NCBITaxon:910450	1
NCBITaxon:910454	1
NCBITaxon:910458	1
NCBITaxon:910540	12
NCBITaxon:910542	10
NCBITaxon:910543	13
NCBITaxon:910545	8
NCBITaxon:910939	16
NCBITaxon:910954	3
NCBITaxon:910964	3
NCBITaxon:910996	1
NCBITaxon:911008	5
NCBITaxon:911022	4
NCBITaxon:911023	2
NCBITaxon:911045	6
NCBITaxon:911092	4
NCBITaxon:911104	4
NCBITaxon:911116	5
NCBITaxon:911117	5
NCBITaxon:911118	5
NCBITaxon:911119	5
NCBITaxon:911120	5
NCBITaxon:911121	5
NCBITaxon:911122	5
NCBITaxon:911123	5
NCBITaxon:911124	5
NCBITaxon:911125	5
NCBITaxon:911126	5
NCBITaxon:911127	5
NCBITaxon:911128	5
NCBITaxon:911129	5
NCBITaxon:911130	5
NCBITaxon:911131	5
NCBITaxon:911132	5
NCBITaxon:911133	5
NCBITaxon:911134	5
NCBITaxon:911135	5
NCBITaxon:911197	5
NCBITaxon:911205	7
NCBITaxon:911237	5
NCBITaxon:911238	4
NCBITaxon:911240	5
NCBITaxon:911241	6
NCBITaxon:911242	6
NCBITaxon:911243	5
NCBITaxon:911244	5
NCBITaxon:911598	5
NCBITaxon:911660	5
NCBITaxon:911661	5
NCBITaxon:911662	5
NCBITaxon:911663	5
NCBITaxon:911664	5
NCBITaxon:911665	5
NCBITaxon:912	3
NCBITaxon:912552	13
NCBITaxon:912592	7
NCBITaxon:912594	6
NCBITaxon:912802	8
NCBITaxon:913	4
NCBITaxon:913024	13
NCBITaxon:913025	1
NCBITaxon:913028	5
NCBITaxon:913063	5
NCBITaxon:913069	5
NCBITaxon:913071	5
NCBITaxon:913072	5
NCBITaxon:913073	5
NCBITaxon:913075	5
NCBITaxon:913077	5
NCBITaxon:913078	5
NCBITaxon:913080	5
NCBITaxon:913081	5
NCBITaxon:913082	5
NCBITaxon:913083	5
NCBITaxon:913084	5
NCBITaxon:913086	5
NCBITaxon:913087	5
NCBITaxon:913088	5
NCBITaxon:913089	5
NCBITaxon:913090	5
NCBITaxon:913091	5
NCBITaxon:913101	1
NCBITaxon:913107	7
NCBITaxon:913108	1
NCBITaxon:913109	1
NCBITaxon:913239	3
NCBITaxon:913241	5
NCBITaxon:913242	5
NCBITaxon:913252	18
NCBITaxon:913267	5
NCBITaxon:913325	4
NCBITaxon:913326	12
NCBITaxon:91352	2
NCBITaxon:91353	1
NCBITaxon:91359	2
NCBITaxon:91360	11
NCBITaxon:913761	16
NCBITaxon:91380	5
NCBITaxon:913829	1
NCBITaxon:913847	4
NCBITaxon:913848	4
NCBITaxon:913853	23
NCBITaxon:913865	5
NCBITaxon:913948	4
NCBITaxon:913969	21
NCBITaxon:914127	5
NCBITaxon:914128	1
NCBITaxon:914129	5
NCBITaxon:914130	5
NCBITaxon:914131	5
NCBITaxon:914132	5
NCBITaxon:914133	5
NCBITaxon:914134	5
NCBITaxon:914135	5
NCBITaxon:914136	5
NCBITaxon:914137	5
NCBITaxon:914138	5
NCBITaxon:914139	5
NCBITaxon:914140	5
NCBITaxon:914141	5
NCBITaxon:914142	5
NCBITaxon:914143	5
NCBITaxon:914144	5
NCBITaxon:914145	5
NCBITaxon:914146	5
NCBITaxon:914147	5
NCBITaxon:914148	5
NCBITaxon:914149	5
NCBITaxon:914150	11
NCBITaxon:914151	1
NCBITaxon:914152	6
NCBITaxon:914153	1
NCBITaxon:91459	1
NCBITaxon:91464	6
NCBITaxon:915	4
NCBITaxon:915059	5
NCBITaxon:915352	8
NCBITaxon:915353	6
NCBITaxon:915437	2
NCBITaxon:915438	6
NCBITaxon:91560	9
NCBITaxon:916	4
NCBITaxon:91604	2
NCBITaxon:91623	3
NCBITaxon:91624	2
NCBITaxon:91797	1
NCBITaxon:91822	2
NCBITaxon:91823	2
NCBITaxon:91844	2
NCBITaxon:91890	1
NCBITaxon:91891	4
NCBITaxon:91892	1
NCBITaxon:91915	1
NCBITaxon:920	11
NCBITaxon:92002	5
NCBITaxon:92003	5
NCBITaxon:921	11
NCBITaxon:92172	2
NCBITaxon:92181	1
NCBITaxon:92245	2
NCBITaxon:92246	1
NCBITaxon:923	3
NCBITaxon:924	1
NCBITaxon:92402	1
NCBITaxon:92403	1
NCBITaxon:92404	1
NCBITaxon:92405	1
NCBITaxon:92407	1
NCBITaxon:92442	2
NCBITaxon:92485	1
NCBITaxon:92487	3
NCBITaxon:92490	16
NCBITaxon:925126	1
NCBITaxon:925127	1
NCBITaxon:925128	1
NCBITaxon:925129	1
NCBITaxon:925130	1
NCBITaxon:925131	1
NCBITaxon:925132	1
NCBITaxon:925133	1
NCBITaxon:925409	1
NCBITaxon:925768	5
NCBITaxon:925769	5
NCBITaxon:925775	4
NCBITaxon:925776	4
NCBITaxon:925777	4
NCBITaxon:926	5
NCBITaxon:926026	5
NCBITaxon:926027	5
NCBITaxon:926028	5
NCBITaxon:926029	5
NCBITaxon:926030	5
NCBITaxon:926032	5
NCBITaxon:926034	1
NCBITaxon:926035	1
NCBITaxon:926036	1
NCBITaxon:926037	1
NCBITaxon:926357	20
NCBITaxon:926360	9
NCBITaxon:92642	1
NCBITaxon:92644	1
NCBITaxon:92645	4
NCBITaxon:92647	24
NCBITaxon:926549	5
NCBITaxon:926550	3
NCBITaxon:926551	3
NCBITaxon:926554	5
NCBITaxon:926556	4
NCBITaxon:926558	1
NCBITaxon:926559	5
NCBITaxon:926560	1
NCBITaxon:926561	1
NCBITaxon:926562	5
NCBITaxon:926564	2
NCBITaxon:926565	1
NCBITaxon:926566	4
NCBITaxon:926567	6
NCBITaxon:926569	3
NCBITaxon:926570	4
NCBITaxon:926571	2
NCBITaxon:926690	4
NCBITaxon:926692	5
NCBITaxon:926830	8
NCBITaxon:927	6
NCBITaxon:927083	10
NCBITaxon:927193	5
NCBITaxon:92743	2
NCBITaxon:92757	1
NCBITaxon:92758	1
NCBITaxon:92759	2
NCBITaxon:927655	5
NCBITaxon:927658	3
NCBITaxon:927661	2
NCBITaxon:927664	2
NCBITaxon:927665	5
NCBITaxon:927666	5
NCBITaxon:927668	3
NCBITaxon:927677	1
NCBITaxon:927691	5
NCBITaxon:927694	5
NCBITaxon:927701	5
NCBITaxon:927703	4
NCBITaxon:927704	4
NCBITaxon:927786	8
NCBITaxon:927787	9
NCBITaxon:927806	1
NCBITaxon:928	2
NCBITaxon:928210	2
NCBITaxon:92826	3
NCBITaxon:92828	4
NCBITaxon:928327	4
NCBITaxon:928328	4
NCBITaxon:928722	6
NCBITaxon:928723	6
NCBITaxon:928724	2
NCBITaxon:928729	3
NCBITaxon:928856	29
NCBITaxon:929	9
NCBITaxon:929098	1
NCBITaxon:929101	9
NCBITaxon:929102	5
NCBITaxon:92933	2
NCBITaxon:92938	1
NCBITaxon:92945	2
NCBITaxon:929469	5
NCBITaxon:92947	1
NCBITaxon:929505	5
NCBITaxon:929506	5
NCBITaxon:929507	5
NCBITaxon:929508	5
NCBITaxon:929556	4
NCBITaxon:929557	3
NCBITaxon:929558	5
NCBITaxon:929562	3
NCBITaxon:929563	5
NCBITaxon:929703	1
NCBITaxon:929704	3
NCBITaxon:929705	3
NCBITaxon:929712	5
NCBITaxon:929713	4
NCBITaxon:929793	5
NCBITaxon:929794	5
NCBITaxon:929813	5
NCBITaxon:930	13
NCBITaxon:930114	22
NCBITaxon:930117	6
NCBITaxon:930124	22
NCBITaxon:930128	9
NCBITaxon:930129	19
NCBITaxon:930138	1
NCBITaxon:930146	14
NCBITaxon:930152	20
NCBITaxon:930166	5
NCBITaxon:930169	6
NCBITaxon:930170	5
NCBITaxon:930171	7
NCBITaxon:930197	17
NCBITaxon:930556	5
NCBITaxon:93058	4
NCBITaxon:93059	4
NCBITaxon:93060	5
NCBITaxon:93061	6
NCBITaxon:93062	6
NCBITaxon:93063	2
NCBITaxon:93064	1
NCBITaxon:93065	2
NCBITaxon:930730	5
NCBITaxon:930768	1
NCBITaxon:930769	1
NCBITaxon:930778	1
NCBITaxon:930779	1
NCBITaxon:930780	1
NCBITaxon:930781	5
NCBITaxon:930782	5
NCBITaxon:930804	15
NCBITaxon:930805	8
NCBITaxon:930806	7
NCBITaxon:930854	5
NCBITaxon:930942	4
NCBITaxon:930943	5
NCBITaxon:930944	5
NCBITaxon:930945	5
NCBITaxon:930946	4
NCBITaxon:931	5
NCBITaxon:931074	6
NCBITaxon:931089	6
NCBITaxon:931097	7
NCBITaxon:931222	5
NCBITaxon:931276	2
NCBITaxon:931277	1
NCBITaxon:931281	5
NCBITaxon:931432	5
NCBITaxon:931433	5
NCBITaxon:931434	5
NCBITaxon:931435	5
NCBITaxon:931436	5
NCBITaxon:931437	5
NCBITaxon:931438	5
NCBITaxon:931439	5
NCBITaxon:931440	5
NCBITaxon:931441	5
NCBITaxon:931442	5
NCBITaxon:931443	5
NCBITaxon:931444	5
NCBITaxon:931445	5
NCBITaxon:931446	5
NCBITaxon:931447	5
NCBITaxon:931448	5
NCBITaxon:931449	5
NCBITaxon:931450	5
NCBITaxon:931451	5
NCBITaxon:931452	5
NCBITaxon:931453	5
NCBITaxon:931454	5
NCBITaxon:931455	5
NCBITaxon:931456	5
NCBITaxon:931457	5
NCBITaxon:931458	5
NCBITaxon:931459	5
NCBITaxon:931460	5
NCBITaxon:931533	11
NCBITaxon:931534	7
NCBITaxon:931535	21
NCBITaxon:931536	21
NCBITaxon:931537	27
NCBITaxon:931585	9
NCBITaxon:931625	7
NCBITaxon:931626	3
NCBITaxon:931627	6
NCBITaxon:931629	16
NCBITaxon:931866	1
NCBITaxon:932	1
NCBITaxon:932005	5
NCBITaxon:932006	5
NCBITaxon:932007	5
NCBITaxon:932008	5
NCBITaxon:93218	2
NCBITaxon:93219	2
NCBITaxon:93220	3
NCBITaxon:93221	2
NCBITaxon:932213	2
NCBITaxon:932217	8
NCBITaxon:93222	2
NCBITaxon:932676	6
NCBITaxon:932677	5
NCBITaxon:932733	3
NCBITaxon:932741	5
NCBITaxon:933059	1
NCBITaxon:933063	1
NCBITaxon:933068	1
NCBITaxon:933073	3
NCBITaxon:933080	2
NCBITaxon:933085	5
NCBITaxon:933090	5
NCBITaxon:933091	5
NCBITaxon:933093	5
NCBITaxon:933094	4
NCBITaxon:933115	4
NCBITaxon:933262	3
NCBITaxon:933263	5
NCBITaxon:933264	5
NCBITaxon:933265	5
NCBITaxon:933266	6
NCBITaxon:933267	6
NCBITaxon:933269	6
NCBITaxon:933280	5
NCBITaxon:933290	5
NCBITaxon:933356	4
NCBITaxon:93369	4
NCBITaxon:93378	1
NCBITaxon:93380	2
NCBITaxon:933801	4
NCBITaxon:933853	3
NCBITaxon:933926	4
NCBITaxon:933940	11
NCBITaxon:933941	10
NCBITaxon:933944	10
NCBITaxon:933949	4
NCBITaxon:934143	6
NCBITaxon:93466	3
NCBITaxon:935198	6
NCBITaxon:935223	5
NCBITaxon:935224	11
NCBITaxon:935289	5
NCBITaxon:935293	9
NCBITaxon:935294	5
NCBITaxon:935295	2
NCBITaxon:935296	2
NCBITaxon:935297	5
NCBITaxon:935298	5
NCBITaxon:935546	6
NCBITaxon:935547	6
NCBITaxon:935548	7
NCBITaxon:935549	6
NCBITaxon:935550	6
NCBITaxon:935553	6
NCBITaxon:935554	6
NCBITaxon:935557	6
NCBITaxon:935558	6
NCBITaxon:935565	2
NCBITaxon:935566	2
NCBITaxon:935567	2
NCBITaxon:935568	2
NCBITaxon:935582	5
NCBITaxon:935586	5
NCBITaxon:935587	5
NCBITaxon:935588	5
NCBITaxon:935589	5
NCBITaxon:935590	5
NCBITaxon:935591	5
NCBITaxon:935592	5
NCBITaxon:935593	5
NCBITaxon:935594	5
NCBITaxon:935595	5
NCBITaxon:935597	5
NCBITaxon:935598	5
NCBITaxon:935599	5
NCBITaxon:935616	1
NCBITaxon:935697	5
NCBITaxon:935699	14
NCBITaxon:935700	14
NCBITaxon:935706	1
NCBITaxon:935708	1
NCBITaxon:935837	2
NCBITaxon:935845	5
NCBITaxon:935848	2
NCBITaxon:935849	2
NCBITaxon:935850	1
NCBITaxon:935851	1
NCBITaxon:935852	2
NCBITaxon:935860	4
NCBITaxon:935861	4
NCBITaxon:935863	2
NCBITaxon:935867	2
NCBITaxon:935897	4
NCBITaxon:935942	4
NCBITaxon:935948	6
NCBITaxon:936047	5
NCBITaxon:936048	5
NCBITaxon:936051	2
NCBITaxon:936134	7
NCBITaxon:936135	7
NCBITaxon:936136	6
NCBITaxon:936138	10
NCBITaxon:936139	5
NCBITaxon:936140	4
NCBITaxon:936153	3
NCBITaxon:936154	1
NCBITaxon:936155	5
NCBITaxon:936156	5
NCBITaxon:936157	5
NCBITaxon:936337	6
NCBITaxon:936338	16
NCBITaxon:936350	6
NCBITaxon:936351	5
NCBITaxon:936370	1
NCBITaxon:936375	1
NCBITaxon:936381	1
NCBITaxon:936455	7
NCBITaxon:936456	10
NCBITaxon:936476	2
NCBITaxon:936548	1
NCBITaxon:936549	1
NCBITaxon:936550	1
NCBITaxon:936554	1
NCBITaxon:936556	1
NCBITaxon:936557	1
NCBITaxon:936561	1
NCBITaxon:936562	1
NCBITaxon:936563	1
NCBITaxon:936564	1
NCBITaxon:936565	1
NCBITaxon:936571	1
NCBITaxon:936572	1
NCBITaxon:936573	1
NCBITaxon:936574	1
NCBITaxon:936575	1
NCBITaxon:936576	1
NCBITaxon:936577	1
NCBITaxon:936578	1
NCBITaxon:936580	1
NCBITaxon:936581	1
NCBITaxon:936587	1
NCBITaxon:936588	1
NCBITaxon:936589	1
NCBITaxon:936591	1
NCBITaxon:936594	2
NCBITaxon:936595	3
NCBITaxon:936596	1
NCBITaxon:936599	1
NCBITaxon:93683	3
NCBITaxon:93684	4
NCBITaxon:936889	11
NCBITaxon:93716	2
NCBITaxon:937251	1
NCBITaxon:937254	1
NCBITaxon:937334	2
NCBITaxon:937450	1
NCBITaxon:937592	5
NCBITaxon:937593	6
NCBITaxon:937594	5
NCBITaxon:937772	1
NCBITaxon:937773	2
NCBITaxon:937774	3
NCBITaxon:937775	5
NCBITaxon:937777	5
NCBITaxon:938144	1
NCBITaxon:938145	1
NCBITaxon:938146	1
NCBITaxon:938147	1
NCBITaxon:938155	14
NCBITaxon:938288	4
NCBITaxon:938293	1
NCBITaxon:938294	4
NCBITaxon:938405	11
NCBITaxon:93929	4
NCBITaxon:93973	2
NCBITaxon:93980	1
NCBITaxon:939857	2
NCBITaxon:94	4
NCBITaxon:940	3
NCBITaxon:94009	1
NCBITaxon:940139	16
NCBITaxon:940141	5
NCBITaxon:940190	1
NCBITaxon:940265	2
NCBITaxon:940282	1
NCBITaxon:940283	5
NCBITaxon:940284	5
NCBITaxon:940285	5
NCBITaxon:940286	5
NCBITaxon:940287	2
NCBITaxon:940288	2
NCBITaxon:940289	2
NCBITaxon:940294	2
NCBITaxon:940295	2
NCBITaxon:940296	5
NCBITaxon:940613	15
NCBITaxon:940614	18
NCBITaxon:940615	18
NCBITaxon:940616	18
NCBITaxon:941182	1
NCBITaxon:941183	1
NCBITaxon:941188	1
NCBITaxon:941193	5
NCBITaxon:94122	7
NCBITaxon:94132	3
NCBITaxon:941322	4
NCBITaxon:941323	5
NCBITaxon:94136	2
NCBITaxon:94137	2
NCBITaxon:94138	1
NCBITaxon:94140	2
NCBITaxon:941429	6
NCBITaxon:941435	5
NCBITaxon:941449	2
NCBITaxon:941463	3
NCBITaxon:941638	6
NCBITaxon:941639	5
NCBITaxon:941640	5
NCBITaxon:941824	2
NCBITaxon:941907	11
NCBITaxon:941967	5
NCBITaxon:941968	5
NCBITaxon:942150	17
NCBITaxon:942513	5
NCBITaxon:94254	4
NCBITaxon:94255	1
NCBITaxon:942865	1
NCBITaxon:942866	1
NCBITaxon:942938	5
NCBITaxon:943261	13
NCBITaxon:943346	1
NCBITaxon:943673	8
NCBITaxon:943816	15
NCBITaxon:943830	1
NCBITaxon:943936	25
NCBITaxon:943939	29
NCBITaxon:943940	18
NCBITaxon:943941	4
NCBITaxon:943945	6
NCBITaxon:944	2
NCBITaxon:944272	1
NCBITaxon:944322	11
NCBITaxon:944425	11
NCBITaxon:944435	7
NCBITaxon:944436	7
NCBITaxon:944479	6
NCBITaxon:944480	1
NCBITaxon:944491	8
NCBITaxon:944492	8
NCBITaxon:944546	5
NCBITaxon:944547	5
NCBITaxon:944557	5
NCBITaxon:944559	4
NCBITaxon:944560	6
NCBITaxon:944562	4
NCBITaxon:944564	6
NCBITaxon:944565	4
NCBITaxon:944651	4
NCBITaxon:944671	10
NCBITaxon:945	3
NCBITaxon:945021	3
NCBITaxon:945052	18
NCBITaxon:945360	6
NCBITaxon:945433	5
NCBITaxon:945434	5
NCBITaxon:945539	1
NCBITaxon:945541	1
NCBITaxon:945543	2
NCBITaxon:945550	2
NCBITaxon:945555	6
NCBITaxon:945556	6
NCBITaxon:945681	1
NCBITaxon:945689	4
NCBITaxon:945692	9
NCBITaxon:945704	5
NCBITaxon:945711	5
NCBITaxon:945712	5
NCBITaxon:945713	5
NCBITaxon:945844	12
NCBITaxon:946034	6
NCBITaxon:946077	4
NCBITaxon:946078	9
NCBITaxon:946228	31
NCBITaxon:946235	4
NCBITaxon:94624	3
NCBITaxon:94625	4
NCBITaxon:94626	3
NCBITaxon:94627	2
NCBITaxon:946336	20
NCBITaxon:946573	18
NCBITaxon:946677	26
NCBITaxon:946678	20
NCBITaxon:94694	1
NCBITaxon:947	1
NCBITaxon:947009	1
NCBITaxon:947010	1
NCBITaxon:947013	28
NCBITaxon:947033	2
NCBITaxon:947034	5
NCBITaxon:947301	6
NCBITaxon:947302	5
NCBITaxon:947304	5
NCBITaxon:947557	1
NCBITaxon:947561	1
NCBITaxon:947827	4
NCBITaxon:947828	4
NCBITaxon:947835	1
NCBITaxon:947969	1
NCBITaxon:948	2
NCBITaxon:948077	5
NCBITaxon:948106	7
NCBITaxon:948107	11
NCBITaxon:948274	5
NCBITaxon:948275	5
NCBITaxon:948561	6
NCBITaxon:948563	6
NCBITaxon:948565	1
NCBITaxon:94868	3
NCBITaxon:94869	2
NCBITaxon:948756	1
NCBITaxon:949	1
NCBITaxon:950	2
NCBITaxon:951	2
NCBITaxon:95149	2
NCBITaxon:95159	2
NCBITaxon:95161	3
NCBITaxon:95162	2
NCBITaxon:95172	3
NCBITaxon:95300	2
NCBITaxon:95301	2
NCBITaxon:953739	5
NCBITaxon:95485	4
NCBITaxon:95486	8
NCBITaxon:955	2
NCBITaxon:95548	2
NCBITaxon:95563	1
NCBITaxon:955688	5
NCBITaxon:95605	1
NCBITaxon:95607	1
NCBITaxon:95608	1
NCBITaxon:95609	1
NCBITaxon:95610	1
NCBITaxon:95611	1
NCBITaxon:95614	1
NCBITaxon:956149	5
NCBITaxon:95616	1
NCBITaxon:95618	1
NCBITaxon:95619	5
NCBITaxon:95641	2
NCBITaxon:956483	5
NCBITaxon:95658	4
NCBITaxon:957042	8
NCBITaxon:959	3
NCBITaxon:960	3
NCBITaxon:96228	1
NCBITaxon:96229	1
NCBITaxon:96230	2
NCBITaxon:96232	1
NCBITaxon:96241	6
NCBITaxon:96344	2
NCBITaxon:96345	5
NCBITaxon:964	9
NCBITaxon:96468	3
NCBITaxon:96496	2
NCBITaxon:96561	7
NCBITaxon:96563	6
NCBITaxon:96565	1
NCBITaxon:966	2
NCBITaxon:96765	1
NCBITaxon:96773	2
NCBITaxon:968	1
NCBITaxon:96901	1
NCBITaxon:96940	1
NCBITaxon:96941	2
NCBITaxon:96942	2
NCBITaxon:97	2
NCBITaxon:97084	2
NCBITaxon:97089	1
NCBITaxon:971	4
NCBITaxon:971279	6
NCBITaxon:97137	1
NCBITaxon:97138	1
NCBITaxon:97253	2
NCBITaxon:97393	2
NCBITaxon:97398	2
NCBITaxon:974	2
NCBITaxon:97400	1
NCBITaxon:97401	1
NCBITaxon:97477	5
NCBITaxon:97478	2
NCBITaxon:97481	5
NCBITaxon:977794	1
NCBITaxon:977880	8
NCBITaxon:977905	1
NCBITaxon:979	6
NCBITaxon:979199	1
NCBITaxon:979200	1
NCBITaxon:979201	1
NCBITaxon:979202	1
NCBITaxon:979203	1
NCBITaxon:979204	1
NCBITaxon:979205	1
NCBITaxon:979206	1
NCBITaxon:979207	1
NCBITaxon:979208	1
NCBITaxon:979209	1
NCBITaxon:979210	1
NCBITaxon:979211	1
NCBITaxon:979212	1
NCBITaxon:979213	1
NCBITaxon:979214	1
NCBITaxon:979215	1
NCBITaxon:979216	1
NCBITaxon:979217	1
NCBITaxon:979218	1
NCBITaxon:979219	1
NCBITaxon:979220	1
NCBITaxon:979221	1
NCBITaxon:979222	1
NCBITaxon:979226	7
NCBITaxon:979556	1
NCBITaxon:979559	4
NCBITaxon:979619	10
NCBITaxon:979627	3
NCBITaxon:979746	6
NCBITaxon:979982	5
NCBITaxon:980251	4
NCBITaxon:980254	4
NCBITaxon:980422	1
NCBITaxon:980427	21
NCBITaxon:980445	1
NCBITaxon:980514	5
NCBITaxon:980518	1
NCBITaxon:980519	3
NCBITaxon:980584	3
NCBITaxon:980631	13
NCBITaxon:980691	5
NCBITaxon:981	2
NCBITaxon:981210	3
NCBITaxon:981211	3
NCBITaxon:981212	4
NCBITaxon:981213	4
NCBITaxon:981214	4
NCBITaxon:981215	4
NCBITaxon:981216	4
NCBITaxon:981217	4
NCBITaxon:981218	4
NCBITaxon:981219	4
NCBITaxon:981220	4
NCBITaxon:981221	4
NCBITaxon:981222	2
NCBITaxon:981324	1
NCBITaxon:981325	1
NCBITaxon:981326	1
NCBITaxon:981327	1
NCBITaxon:981328	5
NCBITaxon:981329	5
NCBITaxon:981331	5
NCBITaxon:981332	5
NCBITaxon:981333	5
NCBITaxon:981334	6
NCBITaxon:981336	5
NCBITaxon:981367	5
NCBITaxon:981368	4
NCBITaxon:981369	1
NCBITaxon:981381	11
NCBITaxon:981383	1
NCBITaxon:981384	14
NCBITaxon:981405	8
NCBITaxon:981539	5
NCBITaxon:981540	1
NCBITaxon:982	2
NCBITaxon:983	2
NCBITaxon:983328	5
NCBITaxon:983544	6
NCBITaxon:983545	5
NCBITaxon:983548	5
NCBITaxon:983594	6
NCBITaxon:98360	5
NCBITaxon:983873	8
NCBITaxon:983917	3
NCBITaxon:983918	5
NCBITaxon:983919	5
NCBITaxon:983920	6
NCBITaxon:983952	3
NCBITaxon:983975	6
NCBITaxon:984	3
NCBITaxon:984129	5
NCBITaxon:984212	1
NCBITaxon:984213	1
NCBITaxon:984214	1
NCBITaxon:984215	1
NCBITaxon:984216	1
NCBITaxon:984217	1
NCBITaxon:984218	1
NCBITaxon:984219	1
NCBITaxon:984220	1
NCBITaxon:984221	1
NCBITaxon:984222	1
NCBITaxon:984223	1
NCBITaxon:984224	1
NCBITaxon:984225	1
NCBITaxon:984226	1
NCBITaxon:984227	1
NCBITaxon:984228	1
NCBITaxon:984229	1
NCBITaxon:984230	1
NCBITaxon:984231	1
NCBITaxon:984232	1
NCBITaxon:984233	1
NCBITaxon:984234	1
NCBITaxon:984235	1
NCBITaxon:984240	1
NCBITaxon:984241	1
NCBITaxon:984242	1
NCBITaxon:984243	1
NCBITaxon:984244	1
NCBITaxon:984245	1
NCBITaxon:984246	1
NCBITaxon:984247	1
NCBITaxon:984248	1
NCBITaxon:984249	1
NCBITaxon:984251	1
NCBITaxon:984252	1
NCBITaxon:984253	1
NCBITaxon:984260	29
NCBITaxon:984262	5
NCBITaxon:984307	6
NCBITaxon:984890	1
NCBITaxon:984892	2
NCBITaxon:984894	3
NCBITaxon:984896	1
NCBITaxon:984897	1
NCBITaxon:984991	1
NCBITaxon:985	4
NCBITaxon:985002	4
NCBITaxon:985006	1
NCBITaxon:985008	4
NCBITaxon:985010	5
NCBITaxon:985012	19
NCBITaxon:985016	18
NCBITaxon:985043	3
NCBITaxon:985052	1
NCBITaxon:985053	2
NCBITaxon:985054	12
NCBITaxon:985055	5
NCBITaxon:985075	4
NCBITaxon:985076	4
NCBITaxon:985077	4
NCBITaxon:985078	4
NCBITaxon:985079	4
NCBITaxon:985080	5
NCBITaxon:985081	5
NCBITaxon:98513	1
NCBITaxon:985250	1
NCBITaxon:985255	2
NCBITaxon:985665	4
NCBITaxon:985762	15
NCBITaxon:985867	1
NCBITaxon:986	6
NCBITaxon:986075	2
NCBITaxon:986330	5
NCBITaxon:98668	1
NCBITaxon:98671	2
NCBITaxon:986710	11
NCBITaxon:986711	7
NCBITaxon:98672	2
NCBITaxon:986746	3
NCBITaxon:987	3
NCBITaxon:987045	2
NCBITaxon:987056	8
NCBITaxon:987057	5
NCBITaxon:987059	2
NCBITaxon:987060	1
NCBITaxon:987063	1
NCBITaxon:988801	7
NCBITaxon:988812	1
NCBITaxon:988821	15
NCBITaxon:989	3
NCBITaxon:989403	26
NCBITaxon:989499	5
NCBITaxon:990	4
NCBITaxon:990068	5
NCBITaxon:990069	5
NCBITaxon:99007	2
NCBITaxon:990070	5
NCBITaxon:990072	5
NCBITaxon:990073	5
NCBITaxon:990078	12
NCBITaxon:990268	5
NCBITaxon:990271	5
NCBITaxon:990282	5
NCBITaxon:990284	6
NCBITaxon:990285	6
NCBITaxon:990287	6
NCBITaxon:990288	2
NCBITaxon:990314	5
NCBITaxon:990315	1
NCBITaxon:990316	5
NCBITaxon:990317	5
NCBITaxon:990370	5
NCBITaxon:990371	7
NCBITaxon:990373	10
NCBITaxon:990712	20
NCBITaxon:990998	3
NCBITaxon:991	9
NCBITaxon:991009	8
NCBITaxon:99117	3
NCBITaxon:991778	5
NCBITaxon:991789	5
NCBITaxon:991791	5
NCBITaxon:991904	4
NCBITaxon:991905	1
NCBITaxon:991906	5
NCBITaxon:991907	5
NCBITaxon:991908	5
NCBITaxon:991909	5
NCBITaxon:991911	5
NCBITaxon:991912	5
NCBITaxon:991914	5
NCBITaxon:991915	2
NCBITaxon:991916	5
NCBITaxon:991918	5
NCBITaxon:991919	2
NCBITaxon:991920	5
NCBITaxon:991923	5
NCBITaxon:991924	5
NCBITaxon:991925	5
NCBITaxon:991926	5
NCBITaxon:991927	5
NCBITaxon:991928	5
NCBITaxon:991929	5
NCBITaxon:991930	5
NCBITaxon:991931	5
NCBITaxon:991932	5
NCBITaxon:991933	5
NCBITaxon:991934	5
NCBITaxon:991935	5
NCBITaxon:991936	5
NCBITaxon:991937	5
NCBITaxon:991938	5
NCBITaxon:991939	5
NCBITaxon:991940	5
NCBITaxon:991941	5
NCBITaxon:991942	5
NCBITaxon:991943	5
NCBITaxon:991944	5
NCBITaxon:991945	5
NCBITaxon:991946	5
NCBITaxon:991947	5
NCBITaxon:991948	5
NCBITaxon:991949	5
NCBITaxon:991950	5
NCBITaxon:991951	5
NCBITaxon:991952	5
NCBITaxon:991953	5
NCBITaxon:991954	5
NCBITaxon:991955	5
NCBITaxon:991956	5
NCBITaxon:991957	5
NCBITaxon:991958	5
NCBITaxon:991959	5
NCBITaxon:991960	5
NCBITaxon:991961	5
NCBITaxon:991962	5
NCBITaxon:991963	5
NCBITaxon:991965	5
NCBITaxon:991966	5
NCBITaxon:991967	5
NCBITaxon:991968	5
NCBITaxon:991969	5
NCBITaxon:991970	5
NCBITaxon:991971	5
NCBITaxon:991972	5
NCBITaxon:991973	5
NCBITaxon:991974	5
NCBITaxon:991975	5
NCBITaxon:991976	5
NCBITaxon:991977	5
NCBITaxon:991978	5
NCBITaxon:991979	5
NCBITaxon:991980	5
NCBITaxon:991981	5
NCBITaxon:991982	5
NCBITaxon:991983	5
NCBITaxon:991984	5
NCBITaxon:991985	5
NCBITaxon:991986	5
NCBITaxon:991987	5
NCBITaxon:991988	5
NCBITaxon:991989	5
NCBITaxon:991990	5
NCBITaxon:991991	5
NCBITaxon:991992	5
NCBITaxon:991993	5
NCBITaxon:991994	5
NCBITaxon:991995	5
NCBITaxon:991996	5
NCBITaxon:991997	5
NCBITaxon:992000	5
NCBITaxon:992001	5
NCBITaxon:992002	5
NCBITaxon:992003	5
NCBITaxon:992004	5
NCBITaxon:992005	5
NCBITaxon:992006	5
NCBITaxon:992007	5
NCBITaxon:992008	5
NCBITaxon:992009	5
NCBITaxon:992012	6
NCBITaxon:992013	5
NCBITaxon:992014	5
NCBITaxon:992015	5
NCBITaxon:992016	5
NCBITaxon:992017	5
NCBITaxon:992018	5
NCBITaxon:992019	5
NCBITaxon:992020	5
NCBITaxon:992021	5
NCBITaxon:992022	5
NCBITaxon:992023	5
NCBITaxon:992024	5
NCBITaxon:992025	5
NCBITaxon:992026	5
NCBITaxon:992027	5
NCBITaxon:992028	5
NCBITaxon:992029	5
NCBITaxon:992030	5
NCBITaxon:992031	5
NCBITaxon:992032	5
NCBITaxon:992033	5
NCBITaxon:992034	5
NCBITaxon:992035	5
NCBITaxon:992036	5
NCBITaxon:992037	5
NCBITaxon:992038	5
NCBITaxon:992039	5
NCBITaxon:992040	5
NCBITaxon:992041	5
NCBITaxon:992042	5
NCBITaxon:992043	5
NCBITaxon:992044	5
NCBITaxon:992045	5
NCBITaxon:992046	5
NCBITaxon:992047	5
NCBITaxon:992048	5
NCBITaxon:992049	5
NCBITaxon:992050	5
NCBITaxon:992051	5
NCBITaxon:992052	5
NCBITaxon:992053	5
NCBITaxon:992054	5
NCBITaxon:992055	5
NCBITaxon:992056	5
NCBITaxon:992057	5
NCBITaxon:992058	5
NCBITaxon:992059	5
NCBITaxon:992060	5
NCBITaxon:992061	5
NCBITaxon:992062	5
NCBITaxon:992063	5
NCBITaxon:992064	5
NCBITaxon:992065	5
NCBITaxon:992066	5
NCBITaxon:992067	5
NCBITaxon:992068	5
NCBITaxon:992069	5
NCBITaxon:992070	5
NCBITaxon:992071	5
NCBITaxon:992072	5
NCBITaxon:992073	5
NCBITaxon:992074	5
NCBITaxon:992075	5
NCBITaxon:992076	5
NCBITaxon:992077	5
NCBITaxon:992078	5
NCBITaxon:992079	5
NCBITaxon:992080	5
NCBITaxon:992081	5
NCBITaxon:992082	5
NCBITaxon:992083	5
NCBITaxon:992084	5
NCBITaxon:992085	5
NCBITaxon:992086	5
NCBITaxon:992087	5
NCBITaxon:992088	5
NCBITaxon:992089	5
NCBITaxon:992090	5
NCBITaxon:992091	5
NCBITaxon:992092	5
NCBITaxon:992093	5
NCBITaxon:992094	5
NCBITaxon:992095	5
NCBITaxon:992096	5
NCBITaxon:992097	5
NCBITaxon:992098	5
NCBITaxon:992099	5
NCBITaxon:992100	5
NCBITaxon:992101	5
NCBITaxon:992102	5
NCBITaxon:992103	5
NCBITaxon:992104	5
NCBITaxon:992105	5
NCBITaxon:992106	5
NCBITaxon:992107	5
NCBITaxon:992108	5
NCBITaxon:992109	5
NCBITaxon:992110	5
NCBITaxon:992111	5
NCBITaxon:992112	5
NCBITaxon:992113	5
NCBITaxon:992114	5
NCBITaxon:992115	5
NCBITaxon:992116	5
NCBITaxon:992117	5
NCBITaxon:992118	5
NCBITaxon:992119	5
NCBITaxon:992120	5
NCBITaxon:992121	5
NCBITaxon:992122	5
NCBITaxon:992123	5
NCBITaxon:992124	5
NCBITaxon:992125	5
NCBITaxon:992126	5
NCBITaxon:992127	5
NCBITaxon:992128	5
NCBITaxon:992129	5
NCBITaxon:992130	5
NCBITaxon:992131	1
NCBITaxon:992132	5
NCBITaxon:992133	5
NCBITaxon:992134	5
NCBITaxon:992135	5
NCBITaxon:992136	5
NCBITaxon:992137	5
NCBITaxon:992138	5
NCBITaxon:992139	5
NCBITaxon:992140	5
NCBITaxon:992141	5
NCBITaxon:992142	5
NCBITaxon:992143	5
NCBITaxon:992144	5
NCBITaxon:992145	5
NCBITaxon:992146	5
NCBITaxon:992147	5
NCBITaxon:992148	5
NCBITaxon:992149	5
NCBITaxon:992150	5
NCBITaxon:992151	5
NCBITaxon:992152	5
NCBITaxon:992153	5
NCBITaxon:992154	5
NCBITaxon:992155	5
NCBITaxon:992156	5
NCBITaxon:992157	5
NCBITaxon:992158	5
NCBITaxon:992159	5
NCBITaxon:992160	5
NCBITaxon:992161	5
NCBITaxon:992162	5
NCBITaxon:992163	5
NCBITaxon:992164	5
NCBITaxon:992165	5
NCBITaxon:992166	5
NCBITaxon:992167	5
NCBITaxon:992168	5
NCBITaxon:992169	5
NCBITaxon:992170	5
NCBITaxon:992171	5
NCBITaxon:992172	5
NCBITaxon:992173	5
NCBITaxon:992174	5
NCBITaxon:992175	5
NCBITaxon:992176	5
NCBITaxon:992177	5
NCBITaxon:992178	5
NCBITaxon:992179	5
NCBITaxon:992180	5
NCBITaxon:992181	5
NCBITaxon:992182	5
NCBITaxon:992183	5
NCBITaxon:992184	5
NCBITaxon:992185	5
NCBITaxon:992186	5
NCBITaxon:992267	13
NCBITaxon:992286	7
NCBITaxon:992289	9
NCBITaxon:992402	6
NCBITaxon:992403	6
NCBITaxon:992404	6
NCBITaxon:992405	6
NCBITaxon:992406	2
NCBITaxon:99286	2
NCBITaxon:99287	6
NCBITaxon:993047	6
NCBITaxon:993073	2
NCBITaxon:993084	8
NCBITaxon:993086	6
NCBITaxon:993087	8
NCBITaxon:993414	16
NCBITaxon:993416	13
NCBITaxon:993502	23
NCBITaxon:993512	5
NCBITaxon:993513	5
NCBITaxon:993516	5
NCBITaxon:993517	7
NCBITaxon:993689	6
NCBITaxon:993692	13
NCBITaxon:994319	12
NCBITaxon:994320	12
NCBITaxon:994476	5
NCBITaxon:994478	1
NCBITaxon:994479	5
NCBITaxon:994484	1
NCBITaxon:994692	2
NCBITaxon:994695	2
NCBITaxon:994696	2
NCBITaxon:99480	1
NCBITaxon:994837	1
NCBITaxon:994838	1
NCBITaxon:995	4
NCBITaxon:995034	17
NCBITaxon:995038	19
NCBITaxon:995050	8
NCBITaxon:995053	10
NCBITaxon:995054	5
NCBITaxon:995066	21
NCBITaxon:995087	5
NCBITaxon:995088	5
NCBITaxon:99594	2
NCBITaxon:99597	1
NCBITaxon:99598	4
NCBITaxon:996	5
NCBITaxon:996115	7
NCBITaxon:996166	12
NCBITaxon:996285	6
NCBITaxon:996306	5
NCBITaxon:996307	5
NCBITaxon:996342	8
NCBITaxon:99653	1
NCBITaxon:99655	2
NCBITaxon:99656	6
NCBITaxon:996633	3
NCBITaxon:996634	1
NCBITaxon:996637	1
NCBITaxon:996640	1
NCBITaxon:996641	9
NCBITaxon:99675	1
NCBITaxon:996765	9
NCBITaxon:996766	5
NCBITaxon:996793	5
NCBITaxon:996802	5
NCBITaxon:996803	5
NCBITaxon:996804	5
NCBITaxon:996805	5
NCBITaxon:996808	5
NCBITaxon:996809	5
NCBITaxon:996810	5
NCBITaxon:996811	5
NCBITaxon:996812	5
NCBITaxon:996813	5
NCBITaxon:996814	5
NCBITaxon:996815	5
NCBITaxon:996816	5
NCBITaxon:996817	5
NCBITaxon:996818	5
NCBITaxon:996819	5
NCBITaxon:996820	5
NCBITaxon:996821	5
NCBITaxon:996822	5
NCBITaxon:996823	5
NCBITaxon:996824	5
NCBITaxon:996825	5
NCBITaxon:996826	5
NCBITaxon:996827	5
NCBITaxon:996828	5
NCBITaxon:996829	5
NCBITaxon:996830	5
NCBITaxon:996831	5
NCBITaxon:996832	5
NCBITaxon:996833	5
NCBITaxon:996834	5
NCBITaxon:996835	5
NCBITaxon:996836	5
NCBITaxon:996837	5
NCBITaxon:996838	5
NCBITaxon:996839	5
NCBITaxon:996840	5
NCBITaxon:996841	5
NCBITaxon:996842	5
NCBITaxon:996843	5
NCBITaxon:996844	5
NCBITaxon:996845	5
NCBITaxon:996846	5
NCBITaxon:996847	5
NCBITaxon:996848	5
NCBITaxon:996849	5
NCBITaxon:996850	5
NCBITaxon:996851	5
NCBITaxon:996852	5
NCBITaxon:996853	5
NCBITaxon:996854	5
NCBITaxon:996855	5
NCBITaxon:996856	5
NCBITaxon:996857	5
NCBITaxon:996858	5
NCBITaxon:996859	5
NCBITaxon:996860	5
NCBITaxon:996861	5
NCBITaxon:996862	5
NCBITaxon:996863	5
NCBITaxon:997	2
NCBITaxon:997295	5
NCBITaxon:997296	3
NCBITaxon:997328	1
NCBITaxon:997329	1
NCBITaxon:997346	1
NCBITaxon:997347	5
NCBITaxon:997348	1
NCBITaxon:997349	2
NCBITaxon:997350	2
NCBITaxon:997352	6
NCBITaxon:997353	6
NCBITaxon:997355	5
NCBITaxon:997356	6
NCBITaxon:997600	2
NCBITaxon:997761	3
NCBITaxon:997765	5
NCBITaxon:997824	5
NCBITaxon:997825	5
NCBITaxon:997827	1
NCBITaxon:997828	1
NCBITaxon:997829	1
NCBITaxon:997830	1
NCBITaxon:997872	2
NCBITaxon:997873	2
NCBITaxon:997874	2
NCBITaxon:997875	2
NCBITaxon:997876	2
NCBITaxon:997877	3
NCBITaxon:997878	2
NCBITaxon:997879	2
NCBITaxon:997880	3
NCBITaxon:997881	2
NCBITaxon:997882	2
NCBITaxon:997883	2
NCBITaxon:997884	2
NCBITaxon:997885	2
NCBITaxon:997886	2
NCBITaxon:997887	2
NCBITaxon:997888	3
NCBITaxon:997889	2
NCBITaxon:997890	2
NCBITaxon:997891	2
NCBITaxon:997892	2
NCBITaxon:997893	2
NCBITaxon:997894	2
NCBITaxon:997895	2
NCBITaxon:997896	2
NCBITaxon:997897	2
NCBITaxon:997898	2
NCBITaxon:998	2
NCBITaxon:99807	3
NCBITaxon:998084	15
NCBITaxon:998087	4
NCBITaxon:998088	5
NCBITaxon:998089	5
NCBITaxon:998090	5
NCBITaxon:998091	5
NCBITaxon:998092	5
NCBITaxon:99822	1
NCBITaxon:998674	1
NCBITaxon:998820	4
NCBITaxon:998821	5
NCBITaxon:998822	5
NCBITaxon:998845	10
NCBITaxon:999	3
NCBITaxon:99907	3
NCBITaxon:999141	3
NCBITaxon:999151	6
NCBITaxon:999183	4
NCBITaxon:999378	4
NCBITaxon:999380	5
NCBITaxon:999381	5
NCBITaxon:999382	3
NCBITaxon:999383	3
NCBITaxon:999384	3
NCBITaxon:999386	5
NCBITaxon:999394	6
NCBITaxon:999403	2
NCBITaxon:999404	2
NCBITaxon:999405	2
NCBITaxon:999406	2
NCBITaxon:999407	2
NCBITaxon:999408	2
NCBITaxon:999409	2
NCBITaxon:999410	2
NCBITaxon:999411	2
NCBITaxon:999412	2
NCBITaxon:999413	2
NCBITaxon:999414	7
NCBITaxon:999415	6
NCBITaxon:999416	2
NCBITaxon:999417	2
NCBITaxon:999418	2
NCBITaxon:999419	2
NCBITaxon:999420	2
NCBITaxon:999421	1
NCBITaxon:999422	5
NCBITaxon:999423	5
NCBITaxon:999424	5
NCBITaxon:999425	5
NCBITaxon:999426	3
NCBITaxon:999427	3
NCBITaxon:999428	3
NCBITaxon:999429	3
NCBITaxon:999430	3
NCBITaxon:999431	3
NCBITaxon:999432	3
NCBITaxon:999433	3
NCBITaxon:999434	3
NCBITaxon:999435	3
NCBITaxon:999436	3
NCBITaxon:999437	3
NCBITaxon:999438	3
NCBITaxon:999439	3
NCBITaxon:999440	3
NCBITaxon:999541	1
NCBITaxon:999542	5
NCBITaxon:999543	5
NCBITaxon:999544	5
NCBITaxon:999545	5
NCBITaxon:999546	5
NCBITaxon:999547	1
NCBITaxon:999548	5
NCBITaxon:999549	4
NCBITaxon:999550	5
NCBITaxon:999552	1
NCBITaxon:999611	5
NCBITaxon:999627	16
NCBITaxon:999628	3
NCBITaxon:999629	5
NCBITaxon:999630	5
NCBITaxon:999699	6
NCBITaxon:999700	8
NCBITaxon:999702	8
NCBITaxon:999891	4
NCBITaxon:999892	5
NCBITaxon:999894	4
NCBITaxon:999931	25
