taxon_id	medium_count	media_ids
NCBITaxon:100	5	mediadive.medium:428|mediadive.medium:7|mediadive.medium:81|mediadive.medium:J346|mediadive.medium:J349
NCBITaxon:1000562	2	mediadive.medium:693|mediadive.medium:92
NCBITaxon:1000568	2	mediadive.medium:110|mediadive.medium:693
NCBITaxon:1001	1	mediadive.medium:668
NCBITaxon:100133	1	mediadive.medium:860
NCBITaxon:100177	1	mediadive.medium:403
NCBITaxon:1002220	1	mediadive.medium:1036
NCBITaxon:1002227	1	mediadive.medium:1122
NCBITaxon:1002367	4	mediadive.medium:104|mediadive.medium:1203a|mediadive.medium:693|mediadive.medium:J14
NCBITaxon:1002689	1	mediadive.medium:1426
NCBITaxon:1002691	1	mediadive.medium:1426
NCBITaxon:1003	1	mediadive.medium:357
NCBITaxon:1003091	2	mediadive.medium:1|mediadive.medium:125
NCBITaxon:1003110	4	mediadive.medium:252|mediadive.medium:553|mediadive.medium:65|mediadive.medium:J61
NCBITaxon:1003997	2	mediadive.medium:1684|mediadive.medium:J1052
NCBITaxon:1004150	1	mediadive.medium:535
NCBITaxon:1004159	4	mediadive.medium:1|mediadive.medium:1c|mediadive.medium:535|mediadive.medium:545
NCBITaxon:1004165	2	mediadive.medium:1|mediadive.medium:535
NCBITaxon:1004166	4	mediadive.medium:1|mediadive.medium:1a|mediadive.medium:1c|mediadive.medium:535
NCBITaxon:1004260	1	mediadive.medium:693
NCBITaxon:1004261	3	mediadive.medium:1081|mediadive.medium:J181|mediadive.medium:J455
NCBITaxon:1004279	1	mediadive.medium:98
NCBITaxon:1004304	1	mediadive.medium:830
NCBITaxon:1004305	1	mediadive.medium:1592
NCBITaxon:1004316	1	mediadive.medium:514
NCBITaxon:1004322	2	mediadive.medium:514c|mediadive.medium:514f
NCBITaxon:1004326	1	mediadive.medium:514
NCBITaxon:1004583	1	mediadive.medium:104
NCBITaxon:100468	1	mediadive.medium:11
NCBITaxon:100469	2	mediadive.medium:1203|mediadive.medium:693
NCBITaxon:1005	2	mediadive.medium:1039|mediadive.medium:359
NCBITaxon:1005740	2	mediadive.medium:503|mediadive.medium:J940
NCBITaxon:1005926	2	mediadive.medium:514|mediadive.medium:J118
NCBITaxon:1005928	2	mediadive.medium:514|mediadive.medium:J118
NCBITaxon:1005944	2	mediadive.medium:830|mediadive.medium:J346
NCBITaxon:1005945	2	mediadive.medium:830|mediadive.medium:J346
NCBITaxon:1005994	3	mediadive.medium:220|mediadive.medium:535|mediadive.medium:J75
NCBITaxon:1005995	1	mediadive.medium:215
NCBITaxon:1005996	2	mediadive.medium:1|mediadive.medium:J12
NCBITaxon:1005999	2	mediadive.medium:1|mediadive.medium:J12
NCBITaxon:1006000	3	mediadive.medium:1|mediadive.medium:693|mediadive.medium:J75
NCBITaxon:1006003	4	mediadive.medium:693|mediadive.medium:92|mediadive.medium:J27|mediadive.medium:J75
NCBITaxon:1006004	4	mediadive.medium:1|mediadive.medium:535|mediadive.medium:J12|mediadive.medium:J22
NCBITaxon:1006155	2	mediadive.medium:215|mediadive.medium:693
NCBITaxon:1006576	2	mediadive.medium:1328|mediadive.medium:J844
NCBITaxon:1007092	2	mediadive.medium:830|mediadive.medium:J346
NCBITaxon:1007097	2	mediadive.medium:65|mediadive.medium:J505
NCBITaxon:1007098	3	mediadive.medium:1484|mediadive.medium:830|mediadive.medium:J443
NCBITaxon:1007099	1	mediadive.medium:1a
NCBITaxon:1007495	2	mediadive.medium:220a|mediadive.medium:457
NCBITaxon:1007511	1	mediadive.medium:1a
NCBITaxon:1007516	2	mediadive.medium:1312|mediadive.medium:830
NCBITaxon:1007676	1	mediadive.medium:11
NCBITaxon:1008153	2	mediadive.medium:1356|mediadive.medium:J878
NCBITaxon:1008159	1	mediadive.medium:1356
NCBITaxon:1008308	2	mediadive.medium:853a|mediadive.medium:J874
NCBITaxon:1008392	1	mediadive.medium:1465
NCBITaxon:1009370	1	mediadive.medium:311c
NCBITaxon:1009852	3	mediadive.medium:1|mediadive.medium:J12|mediadive.medium:J22
NCBITaxon:101059	1	mediadive.medium:1
NCBITaxon:1010610	1	mediadive.medium:830
NCBITaxon:1010611	2	mediadive.medium:514|mediadive.medium:J118
NCBITaxon:101070	2	mediadive.medium:1|mediadive.medium:J75
NCBITaxon:101489	3	mediadive.medium:92|mediadive.medium:J28|mediadive.medium:J475
NCBITaxon:101564	2	mediadive.medium:1a|mediadive.medium:461
NCBITaxon:101571	1	mediadive.medium:220
NCBITaxon:101689	4	mediadive.medium:535|mediadive.medium:736|mediadive.medium:92|mediadive.medium:J26
NCBITaxon:1017184	1	mediadive.medium:535
NCBITaxon:101719	1	mediadive.medium:7
NCBITaxon:1017354	4	mediadive.medium:1350|mediadive.medium:545|mediadive.medium:J1165|mediadive.medium:J569
NCBITaxon:1018	1	mediadive.medium:340
NCBITaxon:102170	1	mediadive.medium:346
NCBITaxon:1022	1	mediadive.medium:155
NCBITaxon:102226	4	mediadive.medium:554|mediadive.medium:65|mediadive.medium:J43|mediadive.medium:J57
NCBITaxon:102227	4	mediadive.medium:65|mediadive.medium:83|mediadive.medium:J43|mediadive.medium:J57
NCBITaxon:1025	2	mediadive.medium:514|mediadive.medium:J118
NCBITaxon:102618	3	mediadive.medium:693|mediadive.medium:J256|mediadive.medium:J70
NCBITaxon:102619	1	mediadive.medium:693
NCBITaxon:102684	3	mediadive.medium:693|mediadive.medium:92|mediadive.medium:J141
NCBITaxon:1027249	1	mediadive.medium:1160
NCBITaxon:1027360	5	mediadive.medium:693|mediadive.medium:92|mediadive.medium:J12|mediadive.medium:J22|mediadive.medium:J27
NCBITaxon:1027371	2	mediadive.medium:535|mediadive.medium:J57
NCBITaxon:1027633	2	mediadive.medium:92|mediadive.medium:J28
NCBITaxon:1028	2	mediadive.medium:172|mediadive.medium:514
NCBITaxon:1028307	5	mediadive.medium:1|mediadive.medium:693|mediadive.medium:92|mediadive.medium:J12|mediadive.medium:J22
NCBITaxon:102862	4	mediadive.medium:1|mediadive.medium:693|mediadive.medium:92|mediadive.medium:J12
NCBITaxon:1028750	2	mediadive.medium:514|mediadive.medium:J118
NCBITaxon:1031541	2	mediadive.medium:514|mediadive.medium:J118
NCBITaxon:1031542	2	mediadive.medium:429|mediadive.medium:693
NCBITaxon:1031564	2	mediadive.medium:429|mediadive.medium:693
NCBITaxon:1031594	2	mediadive.medium:1595|mediadive.medium:J346
NCBITaxon:1031753	1	mediadive.medium:693
NCBITaxon:1032	1	mediadive.medium:841
NCBITaxon:1032070	1	mediadive.medium:693
NCBITaxon:1032238	1	mediadive.medium:693
NCBITaxon:1032239	2	mediadive.medium:693|mediadive.medium:J256
NCBITaxon:1032240	1	mediadive.medium:693
NCBITaxon:1032241	1	mediadive.medium:693
NCBITaxon:103232	3	mediadive.medium:252|mediadive.medium:65|mediadive.medium:84
NCBITaxon:1032476	4	mediadive.medium:553|mediadive.medium:65|mediadive.medium:84|mediadive.medium:J104
NCBITaxon:1032623	1	mediadive.medium:693
NCBITaxon:1033734	1	mediadive.medium:220
NCBITaxon:1033736	2	mediadive.medium:92|mediadive.medium:J26
NCBITaxon:1033739	1	mediadive.medium:92
NCBITaxon:1033740	1	mediadive.medium:92
NCBITaxon:1033741	2	mediadive.medium:830|mediadive.medium:840
NCBITaxon:1033806	2	mediadive.medium:372|mediadive.medium:J168
NCBITaxon:1033846	1	mediadive.medium:514
NCBITaxon:1034346	1	mediadive.medium:110
NCBITaxon:1034471	1	mediadive.medium:535
NCBITaxon:1034943	1	mediadive.medium:585
NCBITaxon:1034944	1	mediadive.medium:585
NCBITaxon:1034971	1	mediadive.medium:535
NCBITaxon:1034973	1	mediadive.medium:514
NCBITaxon:1035	1	mediadive.medium:1
NCBITaxon:1035043	1	mediadive.medium:1467
NCBITaxon:1035120	1	mediadive.medium:1451
NCBITaxon:1035184	2	mediadive.medium:693|mediadive.medium:92
NCBITaxon:1035188	1	mediadive.medium:804
NCBITaxon:1035194	5	mediadive.medium:215|mediadive.medium:693|mediadive.medium:J14|mediadive.medium:J156|mediadive.medium:J84
NCBITaxon:1035196	3	mediadive.medium:1203a|mediadive.medium:693|mediadive.medium:78
NCBITaxon:1035271	1	mediadive.medium:1
NCBITaxon:1035707	1	mediadive.medium:830
NCBITaxon:1035839	1	mediadive.medium:804
NCBITaxon:1036020	3	mediadive.medium:535|mediadive.medium:92|mediadive.medium:J26
NCBITaxon:1036171	2	mediadive.medium:1|mediadive.medium:J22
NCBITaxon:1036181	3	mediadive.medium:830|mediadive.medium:J346|mediadive.medium:J43
NCBITaxon:1036182	5	mediadive.medium:535|mediadive.medium:553|mediadive.medium:65|mediadive.medium:J42|mediadive.medium:J52
NCBITaxon:1036677	1	mediadive.medium:120a
NCBITaxon:1036678	2	mediadive.medium:119|mediadive.medium:J945
NCBITaxon:1036679	3	mediadive.medium:120a|mediadive.medium:J230|mediadive.medium:J944
NCBITaxon:1036778	1	mediadive.medium:1a
NCBITaxon:1036779	1	mediadive.medium:1
NCBITaxon:1036780	1	mediadive.medium:1
NCBITaxon:103690	2	mediadive.medium:1592|mediadive.medium:1593
NCBITaxon:103725	4	mediadive.medium:65|mediadive.medium:84|mediadive.medium:J42|mediadive.medium:J50
NCBITaxon:103728	2	mediadive.medium:65|mediadive.medium:J43
NCBITaxon:103729	2	mediadive.medium:65|mediadive.medium:J43
NCBITaxon:103731	1	mediadive.medium:65
NCBITaxon:103732	3	mediadive.medium:65|mediadive.medium:84|mediadive.medium:J50
NCBITaxon:103733	2	mediadive.medium:65|mediadive.medium:J58
NCBITaxon:103734	2	mediadive.medium:65|mediadive.medium:J45
NCBITaxon:1037362	2	mediadive.medium:514|mediadive.medium:J118
NCBITaxon:1037382	2	mediadive.medium:641|mediadive.medium:J865
NCBITaxon:1037680	2	mediadive.medium:220|mediadive.medium:J443
NCBITaxon:1038014	1	mediadive.medium:514
NCBITaxon:103815	2	mediadive.medium:1|mediadive.medium:J75
NCBITaxon:103816	3	mediadive.medium:220|mediadive.medium:53|mediadive.medium:535
NCBITaxon:103817	3	mediadive.medium:220|mediadive.medium:457|mediadive.medium:535
NCBITaxon:103836	6	mediadive.medium:535|mediadive.medium:553|mediadive.medium:554|mediadive.medium:84|mediadive.medium:J104|mediadive.medium:J52
NCBITaxon:103837	4	mediadive.medium:65|mediadive.medium:83|mediadive.medium:J51|mediadive.medium:J52
NCBITaxon:103838	3	mediadive.medium:553|mediadive.medium:65|mediadive.medium:J52
NCBITaxon:1038869	2	mediadive.medium:220|mediadive.medium:535
NCBITaxon:103891	3	mediadive.medium:136|mediadive.medium:J14|mediadive.medium:J84
NCBITaxon:103892	3	mediadive.medium:136|mediadive.medium:J14|mediadive.medium:J84
NCBITaxon:1038928	1	mediadive.medium:65
NCBITaxon:1038929	2	mediadive.medium:65|mediadive.medium:J66
NCBITaxon:104087	3	mediadive.medium:220a|mediadive.medium:457b|mediadive.medium:535b
NCBITaxon:104097	3	mediadive.medium:105|mediadive.medium:360|mediadive.medium:J597
NCBITaxon:104098	3	mediadive.medium:254|mediadive.medium:J709|mediadive.medium:J710
NCBITaxon:104100	3	mediadive.medium:105|mediadive.medium:360|mediadive.medium:J709
NCBITaxon:104101	2	mediadive.medium:360|mediadive.medium:J597
NCBITaxon:1041147	2	mediadive.medium:830|mediadive.medium:J254
NCBITaxon:1041522	2	mediadive.medium:645|mediadive.medium:J386
NCBITaxon:1041641	1	mediadive.medium:1a
NCBITaxon:1042	2	mediadive.medium:514|mediadive.medium:621
NCBITaxon:104205	3	mediadive.medium:1159|mediadive.medium:65|mediadive.medium:J275
NCBITaxon:104206	4	mediadive.medium:547|mediadive.medium:65|mediadive.medium:J42|mediadive.medium:J43
NCBITaxon:1042321	1	mediadive.medium:1076b
NCBITaxon:104268	2	mediadive.medium:123|mediadive.medium:514
NCBITaxon:104269	3	mediadive.medium:123|mediadive.medium:514|mediadive.medium:J118
NCBITaxon:1042984	1	mediadive.medium:65
NCBITaxon:1043168	6	mediadive.medium:535|mediadive.medium:553|mediadive.medium:554|mediadive.medium:65|mediadive.medium:J104|mediadive.medium:J61
NCBITaxon:104336	2	mediadive.medium:92|mediadive.medium:J26
NCBITaxon:1043493	1	mediadive.medium:514
NCBITaxon:1044	2	mediadive.medium:514|mediadive.medium:J118
NCBITaxon:1045004	2	mediadive.medium:232|mediadive.medium:J491
NCBITaxon:1045501	4	mediadive.medium:252|mediadive.medium:65|mediadive.medium:84|mediadive.medium:J45
NCBITaxon:1045764	2	mediadive.medium:119|mediadive.medium:J872
NCBITaxon:1045773	3	mediadive.medium:92|mediadive.medium:J22|mediadive.medium:J475
NCBITaxon:1045774	2	mediadive.medium:92|mediadive.medium:J26
NCBITaxon:1045775	1	mediadive.medium:220
NCBITaxon:1045776	1	mediadive.medium:65
NCBITaxon:1046128	1	mediadive.medium:514
NCBITaxon:1046556	4	mediadive.medium:535|mediadive.medium:830|mediadive.medium:92|mediadive.medium:J26
NCBITaxon:1046593	2	mediadive.medium:11|mediadive.medium:J13
NCBITaxon:1046599	1	mediadive.medium:11
NCBITaxon:104663	2	mediadive.medium:1550|mediadive.medium:J12
NCBITaxon:104665	2	mediadive.medium:1a|mediadive.medium:465
NCBITaxon:1048	1	mediadive.medium:28
NCBITaxon:1048339	3	mediadive.medium:65|mediadive.medium:83|mediadive.medium:J42
NCBITaxon:1048340	3	mediadive.medium:1|mediadive.medium:535|mediadive.medium:65
NCBITaxon:1048357	5	mediadive.medium:514|mediadive.medium:65|mediadive.medium:83|mediadive.medium:J51|mediadive.medium:J61
NCBITaxon:1048394	1	mediadive.medium:830
NCBITaxon:1048753	2	mediadive.medium:65|mediadive.medium:J26
NCBITaxon:1049	1	mediadive.medium:28
NCBITaxon:1049199	1	mediadive.medium:514
NCBITaxon:1050105	2	mediadive.medium:553|mediadive.medium:65
NCBITaxon:1050107	1	mediadive.medium:11
NCBITaxon:1050153	3	mediadive.medium:65|mediadive.medium:92|mediadive.medium:J28
NCBITaxon:1050174	2	mediadive.medium:535a|mediadive.medium:J26
NCBITaxon:1050198	1	mediadive.medium:514
NCBITaxon:1050199	1	mediadive.medium:514
NCBITaxon:1050201	2	mediadive.medium:104|mediadive.medium:110a
NCBITaxon:1050202	3	mediadive.medium:1159|mediadive.medium:549|mediadive.medium:J115
NCBITaxon:1051139	2	mediadive.medium:1362|mediadive.medium:J377
NCBITaxon:1051501	2	mediadive.medium:1|mediadive.medium:J22
NCBITaxon:1051531	1	mediadive.medium:987
NCBITaxon:1051646	1	mediadive.medium:514
NCBITaxon:1051649	1	mediadive.medium:514
NCBITaxon:1051981	2	mediadive.medium:693|mediadive.medium:92
NCBITaxon:1051985	4	mediadive.medium:429|mediadive.medium:535|mediadive.medium:693|mediadive.medium:92
NCBITaxon:1052	1	mediadive.medium:253
NCBITaxon:1052017	2	mediadive.medium:92|mediadive.medium:J26
NCBITaxon:105219	4	mediadive.medium:1|mediadive.medium:693|mediadive.medium:830|mediadive.medium:J27
NCBITaxon:1052257	2	mediadive.medium:830|mediadive.medium:J346
NCBITaxon:1052258	1	mediadive.medium:830
NCBITaxon:1052259	5	mediadive.medium:65|mediadive.medium:714|mediadive.medium:736|mediadive.medium:830|mediadive.medium:J26
NCBITaxon:1052260	5	mediadive.medium:65|mediadive.medium:714|mediadive.medium:736|mediadive.medium:830|mediadive.medium:J26
NCBITaxon:1053547	4	mediadive.medium:535|mediadive.medium:553|mediadive.medium:65|mediadive.medium:J43
NCBITaxon:1053688	2	mediadive.medium:92|mediadive.medium:J26
NCBITaxon:1054	1	mediadive.medium:28
NCBITaxon:1054034	2	mediadive.medium:215|mediadive.medium:693
NCBITaxon:1054041	1	mediadive.medium:11
NCBITaxon:105420	3	mediadive.medium:548|mediadive.medium:84|mediadive.medium:J415
NCBITaxon:105422	4	mediadive.medium:548|mediadive.medium:65|mediadive.medium:84|mediadive.medium:J415
NCBITaxon:105425	3	mediadive.medium:553|mediadive.medium:65|mediadive.medium:J415
NCBITaxon:1054498	1	mediadive.medium:830c
NCBITaxon:1054550	1	mediadive.medium:830
NCBITaxon:1054860	3	mediadive.medium:248|mediadive.medium:65|mediadive.medium:J42
NCBITaxon:1054862	4	mediadive.medium:252|mediadive.medium:65|mediadive.medium:J45|mediadive.medium:J58
NCBITaxon:1054972	2	mediadive.medium:1351|mediadive.medium:J118
NCBITaxon:1054996	3	mediadive.medium:1351|mediadive.medium:514|mediadive.medium:J118
NCBITaxon:1055355	3	mediadive.medium:1a|mediadive.medium:830|mediadive.medium:J346
NCBITaxon:1055487	2	mediadive.medium:1355|mediadive.medium:J884
NCBITaxon:1056495	2	mediadive.medium:991|mediadive.medium:J236
NCBITaxon:1056807	2	mediadive.medium:693|mediadive.medium:92
NCBITaxon:1056982	2	mediadive.medium:535|mediadive.medium:J28
NCBITaxon:1057	1	mediadive.medium:28
NCBITaxon:105751	2	mediadive.medium:220|mediadive.medium:220a
NCBITaxon:1058	1	mediadive.medium:28
NCBITaxon:105843	3	mediadive.medium:1669|mediadive.medium:215c|mediadive.medium:330
NCBITaxon:105851	2	mediadive.medium:901|mediadive.medium:J308
NCBITaxon:105972	1	mediadive.medium:921
NCBITaxon:105973	1	mediadive.medium:921
NCBITaxon:1061	2	mediadive.medium:27|mediadive.medium:J358
NCBITaxon:1062	4	mediadive.medium:1372|mediadive.medium:27|mediadive.medium:830|mediadive.medium:92
NCBITaxon:106207	2	mediadive.medium:924|mediadive.medium:924a
NCBITaxon:106262	1	mediadive.medium:904
NCBITaxon:1063	2	mediadive.medium:27|mediadive.medium:J26
NCBITaxon:106370	2	mediadive.medium:1536|mediadive.medium:737
NCBITaxon:106411	2	mediadive.medium:65|mediadive.medium:84
NCBITaxon:106412	3	mediadive.medium:65|mediadive.medium:84|mediadive.medium:J50
NCBITaxon:106413	3	mediadive.medium:548|mediadive.medium:65|mediadive.medium:84
NCBITaxon:1064514	1	mediadive.medium:1389
NCBITaxon:1064516	1	mediadive.medium:220
NCBITaxon:1064517	1	mediadive.medium:220
NCBITaxon:1064518	1	mediadive.medium:220
NCBITaxon:1064535	2	mediadive.medium:104|mediadive.medium:J14
NCBITaxon:106578	2	mediadive.medium:144|mediadive.medium:710
NCBITaxon:106590	11	mediadive.medium:1|mediadive.medium:1a|mediadive.medium:215|mediadive.medium:220|mediadive.medium:428|mediadive.medium:462|mediadive.medium:465|mediadive.medium:55|mediadive.medium:81|mediadive.medium:830|mediadive.medium:J27
NCBITaxon:106592	4	mediadive.medium:1|mediadive.medium:1283|mediadive.medium:462|mediadive.medium:535b
NCBITaxon:1066	1	mediadive.medium:27
NCBITaxon:106634	1	mediadive.medium:925
NCBITaxon:106648	1	mediadive.medium:92
NCBITaxon:106649	3	mediadive.medium:220|mediadive.medium:535|mediadive.medium:92
NCBITaxon:1067	1	mediadive.medium:27
NCBITaxon:1068978	4	mediadive.medium:65|mediadive.medium:987|mediadive.medium:J43|mediadive.medium:J57
NCBITaxon:1068979	2	mediadive.medium:65|mediadive.medium:J43
NCBITaxon:1068980	3	mediadive.medium:553|mediadive.medium:65|mediadive.medium:J43
NCBITaxon:1069	3	mediadive.medium:1372|mediadive.medium:26|mediadive.medium:27
NCBITaxon:1069080	1	mediadive.medium:500
NCBITaxon:1069081	2	mediadive.medium:1024|mediadive.medium:J421
NCBITaxon:1069082	1	mediadive.medium:1164
NCBITaxon:1069161	1	mediadive.medium:830c
NCBITaxon:1069220	2	mediadive.medium:645|mediadive.medium:J386
NCBITaxon:1069221	1	mediadive.medium:645
NCBITaxon:1069448	1	mediadive.medium:1105
NCBITaxon:1069963	2	mediadive.medium:514|mediadive.medium:J118
NCBITaxon:1070421	1	mediadive.medium:11
NCBITaxon:1070424	2	mediadive.medium:65|mediadive.medium:84
NCBITaxon:1070431	2	mediadive.medium:1620|mediadive.medium:J1049
NCBITaxon:1070861	3	mediadive.medium:252|mediadive.medium:553|mediadive.medium:65
NCBITaxon:1070866	2	mediadive.medium:65|mediadive.medium:J43
NCBITaxon:1070870	4	mediadive.medium:535|mediadive.medium:553|mediadive.medium:65|mediadive.medium:J43
NCBITaxon:1070872	2	mediadive.medium:65|mediadive.medium:J43
NCBITaxon:1070889	1	mediadive.medium:65
NCBITaxon:1070982	2	mediadive.medium:535|mediadive.medium:65
NCBITaxon:1071	1	mediadive.medium:25
NCBITaxon:1071052	1	mediadive.medium:220
NCBITaxon:1071053	1	mediadive.medium:220
NCBITaxon:1071054	1	mediadive.medium:220
NCBITaxon:1071679	1	mediadive.medium:830
NCBITaxon:1071918	1	mediadive.medium:693
NCBITaxon:1071947	1	mediadive.medium:693
NCBITaxon:1071983	2	mediadive.medium:585|mediadive.medium:J119
NCBITaxon:1072256	2	mediadive.medium:535a|mediadive.medium:J28
NCBITaxon:1072463	1	mediadive.medium:92
NCBITaxon:1072583	1	mediadive.medium:514
NCBITaxon:1072643	3	mediadive.medium:535|mediadive.medium:553|mediadive.medium:65
NCBITaxon:1072665	1	mediadive.medium:381
NCBITaxon:1072666	2	mediadive.medium:381|mediadive.medium:830
NCBITaxon:1072667	1	mediadive.medium:92
NCBITaxon:1072685	1	mediadive.medium:693
NCBITaxon:1073196	1	mediadive.medium:535
NCBITaxon:1073250	2	mediadive.medium:1665|mediadive.medium:J918
NCBITaxon:1073253	4	mediadive.medium:553|mediadive.medium:65|mediadive.medium:84|mediadive.medium:J52
NCBITaxon:107327	1	mediadive.medium:514
NCBITaxon:1073325	1	mediadive.medium:514
NCBITaxon:1073327	1	mediadive.medium:514
NCBITaxon:1073328	1	mediadive.medium:514
NCBITaxon:1073423	2	mediadive.medium:466|mediadive.medium:J427
NCBITaxon:1073574	3	mediadive.medium:215|mediadive.medium:535|mediadive.medium:J43
NCBITaxon:1073996	2	mediadive.medium:1091|mediadive.medium:J442
NCBITaxon:1073999	1	mediadive.medium:1
NCBITaxon:1074	2	mediadive.medium:26|mediadive.medium:27
NCBITaxon:107400	2	mediadive.medium:606|mediadive.medium:J281
NCBITaxon:1074000	1	mediadive.medium:535
NCBITaxon:1074311	1	mediadive.medium:514
NCBITaxon:1074454	1	mediadive.medium:780
NCBITaxon:1074467	1	mediadive.medium:11
NCBITaxon:1075090	3	mediadive.medium:65|mediadive.medium:J26|mediadive.medium:J43
NCBITaxon:1076	3	mediadive.medium:27|mediadive.medium:651|mediadive.medium:J95
NCBITaxon:1076124	5	mediadive.medium:1|mediadive.medium:553|mediadive.medium:554|mediadive.medium:65|mediadive.medium:J51
NCBITaxon:1076125	3	mediadive.medium:554|mediadive.medium:65|mediadive.medium:J61
NCBITaxon:1076126	4	mediadive.medium:553|mediadive.medium:554|mediadive.medium:65|mediadive.medium:J61
NCBITaxon:1076330	3	mediadive.medium:220|mediadive.medium:545|mediadive.medium:J181
NCBITaxon:1076331	1	mediadive.medium:693
NCBITaxon:1076414	1	mediadive.medium:31
NCBITaxon:1076443	4	mediadive.medium:252|mediadive.medium:548|mediadive.medium:65|mediadive.medium:84
NCBITaxon:1076549	2	mediadive.medium:1|mediadive.medium:535
NCBITaxon:1076550	1	mediadive.medium:1
NCBITaxon:1076551	2	mediadive.medium:1|mediadive.medium:535
NCBITaxon:1076588	2	mediadive.medium:1131|mediadive.medium:J493
NCBITaxon:1076695	2	mediadive.medium:1340|mediadive.medium:J929
NCBITaxon:1076926	1	mediadive.medium:98
NCBITaxon:1076937	1	mediadive.medium:830
NCBITaxon:107709	1	mediadive.medium:295
NCBITaxon:1077144	2	mediadive.medium:65|mediadive.medium:J26
NCBITaxon:1077255	1	mediadive.medium:618
NCBITaxon:1077256	2	mediadive.medium:141|mediadive.medium:322
NCBITaxon:1077285	3	mediadive.medium:78|mediadive.medium:J14|mediadive.medium:J676
NCBITaxon:1077464	2	mediadive.medium:693|mediadive.medium:92
NCBITaxon:1077675	2	mediadive.medium:693|mediadive.medium:92
NCBITaxon:1077944	3	mediadive.medium:65|mediadive.medium:84|mediadive.medium:J58
NCBITaxon:1077972	2	mediadive.medium:53|mediadive.medium:J26
NCBITaxon:1077974	2	mediadive.medium:535|mediadive.medium:J43
NCBITaxon:1077975	3	mediadive.medium:535|mediadive.medium:65|mediadive.medium:J57
NCBITaxon:1077976	2	mediadive.medium:535|mediadive.medium:J43
NCBITaxon:1078	1	mediadive.medium:27
NCBITaxon:1078020	3	mediadive.medium:354|mediadive.medium:645|mediadive.medium:J386
NCBITaxon:1078050	1	mediadive.medium:503d
NCBITaxon:107820	1	mediadive.medium:925
NCBITaxon:1078469	1	mediadive.medium:1312
NCBITaxon:1078475	2	mediadive.medium:535|mediadive.medium:J75
NCBITaxon:1078754	1	mediadive.medium:830
NCBITaxon:1079	1	mediadive.medium:27
NCBITaxon:1079109	1	mediadive.medium:98
NCBITaxon:1079859	1	mediadive.medium:830
NCBITaxon:1079985	2	mediadive.medium:252|mediadive.medium:84
NCBITaxon:1079988	4	mediadive.medium:535|mediadive.medium:535a|mediadive.medium:693|mediadive.medium:J475
NCBITaxon:1079994	2	mediadive.medium:92|mediadive.medium:J26
NCBITaxon:108	1	mediadive.medium:7
NCBITaxon:1080	1	mediadive.medium:27
NCBITaxon:108003	1	mediadive.medium:925
NCBITaxon:1080071	3	mediadive.medium:693|mediadive.medium:92|mediadive.medium:J28
NCBITaxon:1080072	3	mediadive.medium:693|mediadive.medium:92|mediadive.medium:J28
NCBITaxon:1080073	4	mediadive.medium:553|mediadive.medium:65|mediadive.medium:84|mediadive.medium:J51
NCBITaxon:1080074	4	mediadive.medium:553|mediadive.medium:65|mediadive.medium:84|mediadive.medium:J51
NCBITaxon:1080223	3	mediadive.medium:514|mediadive.medium:693|mediadive.medium:J118
NCBITaxon:1080225	2	mediadive.medium:514|mediadive.medium:J118
NCBITaxon:1080227	2	mediadive.medium:514|mediadive.medium:J118
NCBITaxon:108028	1	mediadive.medium:693
NCBITaxon:1080712	3	mediadive.medium:119b|mediadive.medium:734|mediadive.medium:J1147
NCBITaxon:1081040	2	mediadive.medium:92|mediadive.medium:J28
NCBITaxon:1081097	1	mediadive.medium:535
NCBITaxon:108150	1	mediadive.medium:671
NCBITaxon:1081598	1	mediadive.medium:220
NCBITaxon:1081601	1	mediadive.medium:514
NCBITaxon:1081613	3	mediadive.medium:65|mediadive.medium:84|mediadive.medium:J42
NCBITaxon:1081736	1	mediadive.medium:215
NCBITaxon:1082	1	mediadive.medium:27
NCBITaxon:1082276	2	mediadive.medium:641|mediadive.medium:J920
NCBITaxon:1082345	1	mediadive.medium:830
NCBITaxon:1082479	1	mediadive.medium:1387
NCBITaxon:1082580	2	mediadive.medium:1a|mediadive.medium:J346
NCBITaxon:1082851	2	mediadive.medium:1|mediadive.medium:J22
NCBITaxon:1082931	2	mediadive.medium:514|mediadive.medium:J118
NCBITaxon:1084	1	mediadive.medium:27
NCBITaxon:1084520	2	mediadive.medium:830|mediadive.medium:J346
NCBITaxon:108486	2	mediadive.medium:535|mediadive.medium:535a
NCBITaxon:1085	1	mediadive.medium:27
NCBITaxon:1085644	1	mediadive.medium:429c
NCBITaxon:1085647	1	mediadive.medium:429c
NCBITaxon:1085774	1	mediadive.medium:830
NCBITaxon:1086013	3	mediadive.medium:514|mediadive.medium:950|mediadive.medium:J118
NCBITaxon:1086393	1	mediadive.medium:830
NCBITaxon:1086726	1	mediadive.medium:1600
NCBITaxon:1087253	4	mediadive.medium:1484|mediadive.medium:514|mediadive.medium:830|mediadive.medium:J26
NCBITaxon:1087449	2	mediadive.medium:1566|mediadive.medium:514
NCBITaxon:1087479	4	mediadive.medium:693|mediadive.medium:92|mediadive.medium:J13|mediadive.medium:J28
NCBITaxon:1087481	1	mediadive.medium:1
NCBITaxon:1088	1	mediadive.medium:747
NCBITaxon:1088767	4	mediadive.medium:535|mediadive.medium:65|mediadive.medium:84|mediadive.medium:J52
NCBITaxon:1088883	1	mediadive.medium:429c
NCBITaxon:1089305	2	mediadive.medium:514|mediadive.medium:J118
NCBITaxon:1089439	2	mediadive.medium:514c|mediadive.medium:J118
NCBITaxon:1089453	3	mediadive.medium:535|mediadive.medium:65|mediadive.medium:J43
NCBITaxon:1089454	4	mediadive.medium:535|mediadive.medium:80|mediadive.medium:J43|mediadive.medium:J57
NCBITaxon:1089455	1	mediadive.medium:514
NCBITaxon:1089544	2	mediadive.medium:553|mediadive.medium:J57
NCBITaxon:1089545	2	mediadive.medium:65|mediadive.medium:J43
NCBITaxon:1089546	2	mediadive.medium:549|mediadive.medium:J59
NCBITaxon:1089547	2	mediadive.medium:830|mediadive.medium:J346
NCBITaxon:1089548	1	mediadive.medium:311c
NCBITaxon:1089549	3	mediadive.medium:1240|mediadive.medium:1302|mediadive.medium:J351
NCBITaxon:1089550	1	mediadive.medium:1221
NCBITaxon:1089551	1	mediadive.medium:1
NCBITaxon:1089552	1	mediadive.medium:652
NCBITaxon:1089553	1	mediadive.medium:880
NCBITaxon:1089681	1	mediadive.medium:220
NCBITaxon:108980	1	mediadive.medium:92
NCBITaxon:1090320	1	mediadive.medium:1
NCBITaxon:109046	2	mediadive.medium:141c|mediadive.medium:J305
NCBITaxon:1090615	3	mediadive.medium:65|mediadive.medium:J26|mediadive.medium:J43
NCBITaxon:1091038	7	mediadive.medium:11|mediadive.medium:693|mediadive.medium:697|mediadive.medium:J13|mediadive.medium:J156|mediadive.medium:J28|mediadive.medium:J282
NCBITaxon:1091042	2	mediadive.medium:1|mediadive.medium:J75
NCBITaxon:1091046	3	mediadive.medium:645|mediadive.medium:J26|mediadive.medium:J386
NCBITaxon:1092	1	mediadive.medium:29
NCBITaxon:109232	1	mediadive.medium:1555
NCBITaxon:109263	1	mediadive.medium:864
NCBITaxon:109325	1	mediadive.medium:298
NCBITaxon:1093627	2	mediadive.medium:215|mediadive.medium:465g
NCBITaxon:1094	2	mediadive.medium:29|mediadive.medium:40
NCBITaxon:1094466	1	mediadive.medium:545
NCBITaxon:1094491	1	mediadive.medium:693
NCBITaxon:1094551	1	mediadive.medium:693
NCBITaxon:1094553	1	mediadive.medium:429
NCBITaxon:109472	1	mediadive.medium:693
NCBITaxon:1095025	1	mediadive.medium:514
NCBITaxon:1095026	1	mediadive.medium:514
NCBITaxon:1095729	2	mediadive.medium:693|mediadive.medium:92
NCBITaxon:1095731	4	mediadive.medium:693|mediadive.medium:92|mediadive.medium:J27|mediadive.medium:J70
NCBITaxon:1095744	1	mediadive.medium:804
NCBITaxon:1095747	5	mediadive.medium:693|mediadive.medium:78|mediadive.medium:J14|mediadive.medium:J83|mediadive.medium:J84
NCBITaxon:1095749	2	mediadive.medium:215|mediadive.medium:693
NCBITaxon:1095776	2	mediadive.medium:371|mediadive.medium:J306
NCBITaxon:1095777	2	mediadive.medium:371|mediadive.medium:J167
NCBITaxon:1095778	2	mediadive.medium:371|mediadive.medium:J167
NCBITaxon:1095805	2	mediadive.medium:1011c|mediadive.medium:J421
NCBITaxon:1095900	1	mediadive.medium:429
NCBITaxon:1095914	2	mediadive.medium:553|mediadive.medium:J57
NCBITaxon:1096091	3	mediadive.medium:465|mediadive.medium:J631|mediadive.medium:J74
NCBITaxon:1096246	2	mediadive.medium:339|mediadive.medium:693
NCBITaxon:1096341	2	mediadive.medium:640|mediadive.medium:J786
NCBITaxon:1096779	2	mediadive.medium:220|mediadive.medium:J22
NCBITaxon:1097	1	mediadive.medium:29
NCBITaxon:1097667	2	mediadive.medium:830|mediadive.medium:J26
NCBITaxon:1097677	1	mediadive.medium:92
NCBITaxon:1098	1	mediadive.medium:40
NCBITaxon:1099794	1	mediadive.medium:514
NCBITaxon:110	1	mediadive.medium:1
NCBITaxon:1100	1	mediadive.medium:40
NCBITaxon:110101	6	mediadive.medium:1|mediadive.medium:248|mediadive.medium:65|mediadive.medium:84|mediadive.medium:J48|mediadive.medium:J49
NCBITaxon:1101402	2	mediadive.medium:830|mediadive.medium:J346
NCBITaxon:110163	3	mediadive.medium:760|mediadive.medium:J161|mediadive.medium:J280
NCBITaxon:110322	1	mediadive.medium:98
NCBITaxon:1104324	1	mediadive.medium:1579
NCBITaxon:1104777	2	mediadive.medium:514|mediadive.medium:736
NCBITaxon:110500	2	mediadive.medium:960|mediadive.medium:J284
NCBITaxon:110505	1	mediadive.medium:645
NCBITaxon:1105143	5	mediadive.medium:215|mediadive.medium:535|mediadive.medium:553|mediadive.medium:65|mediadive.medium:830
NCBITaxon:1105144	3	mediadive.medium:215|mediadive.medium:535|mediadive.medium:65
NCBITaxon:1105145	2	mediadive.medium:65|mediadive.medium:987
NCBITaxon:1105283	1	mediadive.medium:380
NCBITaxon:110578	1	mediadive.medium:429
NCBITaxon:1107316	1	mediadive.medium:693
NCBITaxon:1108	1	mediadive.medium:87
NCBITaxon:1108044	3	mediadive.medium:535|mediadive.medium:65|mediadive.medium:J43
NCBITaxon:1108045	2	mediadive.medium:535|mediadive.medium:J57
NCBITaxon:1108140	1	mediadive.medium:535
NCBITaxon:110845	2	mediadive.medium:693|mediadive.medium:92
NCBITaxon:1108595	1	mediadive.medium:381
NCBITaxon:1108801	3	mediadive.medium:1|mediadive.medium:550|mediadive.medium:83
NCBITaxon:1108812	2	mediadive.medium:645|mediadive.medium:J386
NCBITaxon:1108969	2	mediadive.medium:693|mediadive.medium:830
NCBITaxon:1109010	1	mediadive.medium:1481
NCBITaxon:110933	2	mediadive.medium:92|mediadive.medium:J26
NCBITaxon:110935	3	mediadive.medium:1|mediadive.medium:92|mediadive.medium:J26
NCBITaxon:110937	1	mediadive.medium:92
NCBITaxon:1109412	1	mediadive.medium:1
NCBITaxon:1109740	2	mediadive.medium:514|mediadive.medium:J118
NCBITaxon:111015	2	mediadive.medium:693|mediadive.medium:92
NCBITaxon:1110389	1	mediadive.medium:830
NCBITaxon:1110545	1	mediadive.medium:1329
NCBITaxon:1110546	3	mediadive.medium:104|mediadive.medium:693|mediadive.medium:J14
NCBITaxon:1110697	4	mediadive.medium:65|mediadive.medium:693|mediadive.medium:92|mediadive.medium:J43
NCBITaxon:1111	1	mediadive.medium:1414
NCBITaxon:1111115	1	mediadive.medium:830
NCBITaxon:1111140	1	mediadive.medium:535
NCBITaxon:111143	1	mediadive.medium:429
NCBITaxon:1111454	2	mediadive.medium:110|mediadive.medium:693
NCBITaxon:1111473	1	mediadive.medium:514
NCBITaxon:1111479	2	mediadive.medium:402|mediadive.medium:J101
NCBITaxon:1111728	1	mediadive.medium:1a
NCBITaxon:1111729	2	mediadive.medium:535a|mediadive.medium:J256
NCBITaxon:1111730	3	mediadive.medium:545|mediadive.medium:830|mediadive.medium:J75
NCBITaxon:1111731	3	mediadive.medium:553|mediadive.medium:83|mediadive.medium:J42
NCBITaxon:1111732	1	mediadive.medium:907
NCBITaxon:1111733	1	mediadive.medium:535
NCBITaxon:1111734	1	mediadive.medium:104
NCBITaxon:1111735	2	mediadive.medium:1049|mediadive.medium:514
NCBITaxon:1111736	1	mediadive.medium:830
NCBITaxon:1111737	2	mediadive.medium:65|mediadive.medium:J48
NCBITaxon:1111738	2	mediadive.medium:65|mediadive.medium:J48
NCBITaxon:1111760	4	mediadive.medium:693|mediadive.medium:92|mediadive.medium:J75|mediadive.medium:J83
NCBITaxon:1112	1	mediadive.medium:621
NCBITaxon:1112212	3	mediadive.medium:1|mediadive.medium:54|mediadive.medium:830
NCBITaxon:1113	2	mediadive.medium:1370|mediadive.medium:514
NCBITaxon:1113644	2	mediadive.medium:312|mediadive.medium:830
NCBITaxon:1113645	2	mediadive.medium:312|mediadive.medium:830
NCBITaxon:1113915	6	mediadive.medium:1|mediadive.medium:428|mediadive.medium:441|mediadive.medium:830|mediadive.medium:J27|mediadive.medium:J75
NCBITaxon:1114856	2	mediadive.medium:371|mediadive.medium:J167
NCBITaxon:1114878	2	mediadive.medium:838|mediadive.medium:J907
NCBITaxon:1114880	1	mediadive.medium:1
NCBITaxon:1114962	4	mediadive.medium:535|mediadive.medium:65|mediadive.medium:J61|mediadive.medium:J66
NCBITaxon:1114970	5	mediadive.medium:1|mediadive.medium:1749|mediadive.medium:535|mediadive.medium:830|mediadive.medium:907
NCBITaxon:1114972	2	mediadive.medium:11|mediadive.medium:J111
NCBITaxon:111519	1	mediadive.medium:520
NCBITaxon:1115511	4	mediadive.medium:535|mediadive.medium:693|mediadive.medium:92|mediadive.medium:J27
NCBITaxon:1115512	4	mediadive.medium:1|mediadive.medium:693|mediadive.medium:J12|mediadive.medium:J22
NCBITaxon:1115515	5	mediadive.medium:1|mediadive.medium:693|mediadive.medium:92|mediadive.medium:J12|mediadive.medium:J22
NCBITaxon:1115758	3	mediadive.medium:104|mediadive.medium:104c|mediadive.medium:110a
NCBITaxon:1117041	1	mediadive.medium:830
NCBITaxon:1117177	2	mediadive.medium:193|mediadive.medium:J927
NCBITaxon:1117314	1	mediadive.medium:514
NCBITaxon:1117315	2	mediadive.medium:514|mediadive.medium:J118
NCBITaxon:1117316	1	mediadive.medium:514
NCBITaxon:1117318	1	mediadive.medium:514
NCBITaxon:1117320	2	mediadive.medium:514|mediadive.medium:J118
NCBITaxon:1117379	2	mediadive.medium:1|mediadive.medium:J75
NCBITaxon:1117645	4	mediadive.medium:1|mediadive.medium:220|mediadive.medium:693|mediadive.medium:92
NCBITaxon:1117647	2	mediadive.medium:514|mediadive.medium:J118
NCBITaxon:1117702	1	mediadive.medium:830c
NCBITaxon:1117703	1	mediadive.medium:1199
NCBITaxon:1117704	2	mediadive.medium:220|mediadive.medium:545
NCBITaxon:1117706	1	mediadive.medium:514
NCBITaxon:1117707	1	mediadive.medium:514c
NCBITaxon:1117708	1	mediadive.medium:514
NCBITaxon:111802	4	mediadive.medium:554|mediadive.medium:65|mediadive.medium:84|mediadive.medium:J61
NCBITaxon:111803	5	mediadive.medium:554|mediadive.medium:65|mediadive.medium:84|mediadive.medium:J51|mediadive.medium:J52
NCBITaxon:111804	2	mediadive.medium:553|mediadive.medium:65
NCBITaxon:111805	4	mediadive.medium:251|mediadive.medium:426|mediadive.medium:65|mediadive.medium:82
NCBITaxon:1118054	1	mediadive.medium:220
NCBITaxon:111806	6	mediadive.medium:252|mediadive.medium:553|mediadive.medium:554|mediadive.medium:65|mediadive.medium:84|mediadive.medium:J43
NCBITaxon:1118202	1	mediadive.medium:693
NCBITaxon:1118379	2	mediadive.medium:645|mediadive.medium:J386
NCBITaxon:111844	2	mediadive.medium:693|mediadive.medium:92
NCBITaxon:1118451	1	mediadive.medium:514
NCBITaxon:1119056	1	mediadive.medium:830
NCBITaxon:1119058	1	mediadive.medium:830
NCBITaxon:1119529	1	mediadive.medium:778
NCBITaxon:1119534	1	mediadive.medium:830
NCBITaxon:111955	2	mediadive.medium:88|mediadive.medium:J172
NCBITaxon:112002	1	mediadive.medium:514
NCBITaxon:1120917	2	mediadive.medium:92|mediadive.medium:J28
NCBITaxon:1120918	2	mediadive.medium:119|mediadive.medium:1523
NCBITaxon:1120920	1	mediadive.medium:292
NCBITaxon:1120921	2	mediadive.medium:104|mediadive.medium:693
NCBITaxon:1120923	2	mediadive.medium:269|mediadive.medium:J142
NCBITaxon:1120924	2	mediadive.medium:220|mediadive.medium:535
NCBITaxon:1120925	3	mediadive.medium:220|mediadive.medium:535|mediadive.medium:J346
NCBITaxon:1120926	2	mediadive.medium:220|mediadive.medium:535
NCBITaxon:1120927	2	mediadive.medium:220|mediadive.medium:535
NCBITaxon:1120928	2	mediadive.medium:220|mediadive.medium:535
NCBITaxon:1120929	2	mediadive.medium:220|mediadive.medium:535
NCBITaxon:1120931	2	mediadive.medium:215|mediadive.medium:693
NCBITaxon:1120932	2	mediadive.medium:217|mediadive.medium:693
NCBITaxon:1120933	1	mediadive.medium:104
NCBITaxon:1120934	4	mediadive.medium:1|mediadive.medium:535|mediadive.medium:548|mediadive.medium:J43
NCBITaxon:1120935	2	mediadive.medium:65|mediadive.medium:J43
NCBITaxon:1120936	4	mediadive.medium:65|mediadive.medium:84|mediadive.medium:J107|mediadive.medium:J202
NCBITaxon:1120937	4	mediadive.medium:65|mediadive.medium:84|mediadive.medium:J42|mediadive.medium:J51
NCBITaxon:1120940	2	mediadive.medium:554|mediadive.medium:J57
NCBITaxon:1120941	1	mediadive.medium:104
NCBITaxon:1120942	1	mediadive.medium:217
NCBITaxon:1120943	4	mediadive.medium:104|mediadive.medium:217|mediadive.medium:693|mediadive.medium:J14
NCBITaxon:1120944	4	mediadive.medium:1029|mediadive.medium:104|mediadive.medium:693|mediadive.medium:J14
NCBITaxon:1120945	1	mediadive.medium:693
NCBITaxon:1120946	2	mediadive.medium:217|mediadive.medium:693
NCBITaxon:1120947	2	mediadive.medium:104|mediadive.medium:693
NCBITaxon:1120948	4	mediadive.medium:215|mediadive.medium:65|mediadive.medium:J104|mediadive.medium:J43
NCBITaxon:1120949	4	mediadive.medium:548|mediadive.medium:65|mediadive.medium:84|mediadive.medium:J42
NCBITaxon:1120950	5	mediadive.medium:535|mediadive.medium:65|mediadive.medium:987|mediadive.medium:J104|mediadive.medium:J42
NCBITaxon:1120951	2	mediadive.medium:514|mediadive.medium:J118
NCBITaxon:1120952	2	mediadive.medium:92|mediadive.medium:J17
NCBITaxon:1120953	1	mediadive.medium:514
NCBITaxon:1120954	2	mediadive.medium:215|mediadive.medium:J28
NCBITaxon:1120955	1	mediadive.medium:27
NCBITaxon:1120956	1	mediadive.medium:27
NCBITaxon:1120957	2	mediadive.medium:215|mediadive.medium:693
NCBITaxon:1120959	3	mediadive.medium:830|mediadive.medium:92|mediadive.medium:J26
NCBITaxon:1120960	2	mediadive.medium:92|mediadive.medium:J26
NCBITaxon:1120961	2	mediadive.medium:123|mediadive.medium:J118
NCBITaxon:1120962	2	mediadive.medium:220a|mediadive.medium:457
NCBITaxon:1120963	2	mediadive.medium:514|mediadive.medium:J118
NCBITaxon:1120964	3	mediadive.medium:381|mediadive.medium:514|mediadive.medium:J118
NCBITaxon:1120965	1	mediadive.medium:514
NCBITaxon:1120966	2	mediadive.medium:514|mediadive.medium:J118
NCBITaxon:1120967	1	mediadive.medium:514
NCBITaxon:1120968	1	mediadive.medium:514
NCBITaxon:1120969	3	mediadive.medium:514|mediadive.medium:J118|mediadive.medium:J535
NCBITaxon:1120970	3	mediadive.medium:514|mediadive.medium:J118|mediadive.medium:J535
NCBITaxon:1120971	2	mediadive.medium:13|mediadive.medium:J101
NCBITaxon:1120972	2	mediadive.medium:13|mediadive.medium:J101
NCBITaxon:1120973	1	mediadive.medium:1209
NCBITaxon:1120975	1	mediadive.medium:895
NCBITaxon:1120976	1	mediadive.medium:898
NCBITaxon:1120977	1	mediadive.medium:381
NCBITaxon:1120978	2	mediadive.medium:104|mediadive.medium:693
NCBITaxon:1120979	2	mediadive.medium:104|mediadive.medium:693
NCBITaxon:1120980	4	mediadive.medium:302|mediadive.medium:429|mediadive.medium:545|mediadive.medium:J75
NCBITaxon:1120981	4	mediadive.medium:215|mediadive.medium:545|mediadive.medium:693|mediadive.medium:J22
NCBITaxon:1120983	1	mediadive.medium:514
NCBITaxon:1120984	2	mediadive.medium:553|mediadive.medium:J43
NCBITaxon:1120985	1	mediadive.medium:194
NCBITaxon:1120987	1	mediadive.medium:104a
NCBITaxon:1120988	3	mediadive.medium:104|mediadive.medium:110|mediadive.medium:339
NCBITaxon:1120989	1	mediadive.medium:895
NCBITaxon:1120990	1	mediadive.medium:895
NCBITaxon:1120991	1	mediadive.medium:685
NCBITaxon:1120992	2	mediadive.medium:339|mediadive.medium:78
NCBITaxon:1120995	2	mediadive.medium:104b|mediadive.medium:J674
NCBITaxon:1120996	1	mediadive.medium:104c
NCBITaxon:1120997	1	mediadive.medium:330
NCBITaxon:1120998	1	mediadive.medium:194
NCBITaxon:1120999	2	mediadive.medium:1a|mediadive.medium:830c
NCBITaxon:1121001	1	mediadive.medium:830c
NCBITaxon:1121002	1	mediadive.medium:1064
NCBITaxon:1121003	1	mediadive.medium:545
NCBITaxon:1121004	3	mediadive.medium:37|mediadive.medium:7|mediadive.medium:J22
NCBITaxon:1121005	1	mediadive.medium:514
NCBITaxon:1121006	3	mediadive.medium:172|mediadive.medium:514|mediadive.medium:J118
NCBITaxon:1121007	1	mediadive.medium:514
NCBITaxon:1121009	1	mediadive.medium:1098
NCBITaxon:1121010	1	mediadive.medium:7
NCBITaxon:1121011	2	mediadive.medium:514|mediadive.medium:J118
NCBITaxon:1121012	2	mediadive.medium:514|mediadive.medium:J118
NCBITaxon:1121013	1	mediadive.medium:830c
NCBITaxon:1121014	1	mediadive.medium:830
NCBITaxon:1121015	1	mediadive.medium:830c
NCBITaxon:1121016	2	mediadive.medium:514|mediadive.medium:941
NCBITaxon:1121017	3	mediadive.medium:535|mediadive.medium:92|mediadive.medium:J26
NCBITaxon:1121018	5	mediadive.medium:1|mediadive.medium:215|mediadive.medium:535|mediadive.medium:535a|mediadive.medium:545
NCBITaxon:1121019	2	mediadive.medium:514|mediadive.medium:J118
NCBITaxon:1121020	2	mediadive.medium:92|mediadive.medium:J475
NCBITaxon:1121021	3	mediadive.medium:110|mediadive.medium:J14|mediadive.medium:J583
NCBITaxon:1121022	1	mediadive.medium:1172
NCBITaxon:1121023	2	mediadive.medium:110|mediadive.medium:J14
NCBITaxon:1121024	1	mediadive.medium:693
NCBITaxon:1121025	2	mediadive.medium:215c|mediadive.medium:339a
NCBITaxon:1121026	2	mediadive.medium:220|mediadive.medium:514
NCBITaxon:1121027	1	mediadive.medium:514
NCBITaxon:1121028	1	mediadive.medium:830
NCBITaxon:1121030	4	mediadive.medium:1|mediadive.medium:81|mediadive.medium:830|mediadive.medium:J346
NCBITaxon:1121031	2	mediadive.medium:3|mediadive.medium:441
NCBITaxon:1121032	1	mediadive.medium:830
NCBITaxon:1121033	1	mediadive.medium:428
NCBITaxon:1121034	3	mediadive.medium:1|mediadive.medium:428|mediadive.medium:441
NCBITaxon:1121035	1	mediadive.medium:948
NCBITaxon:1121085	1	mediadive.medium:372
NCBITaxon:1121086	1	mediadive.medium:246
NCBITaxon:1121087	1	mediadive.medium:1081a
NCBITaxon:1121089	2	mediadive.medium:1|mediadive.medium:J22
NCBITaxon:1121091	1	mediadive.medium:220
NCBITaxon:1121092	1	mediadive.medium:830
NCBITaxon:1121093	1	mediadive.medium:830
NCBITaxon:1121096	2	mediadive.medium:429|mediadive.medium:J14
NCBITaxon:1121097	4	mediadive.medium:110|mediadive.medium:693|mediadive.medium:J363|mediadive.medium:J674
NCBITaxon:1121099	3	mediadive.medium:693|mediadive.medium:78|mediadive.medium:J617
NCBITaxon:1121100	3	mediadive.medium:104|mediadive.medium:78|mediadive.medium:J14
NCBITaxon:1121102	3	mediadive.medium:413|mediadive.medium:693|mediadive.medium:78
NCBITaxon:1121103	2	mediadive.medium:220a|mediadive.medium:514
NCBITaxon:1121104	1	mediadive.medium:514
NCBITaxon:1121106	1	mediadive.medium:830c
NCBITaxon:1121107	3	mediadive.medium:58|mediadive.medium:J13|mediadive.medium:J19
NCBITaxon:1121108	3	mediadive.medium:58|mediadive.medium:J13|mediadive.medium:J19
NCBITaxon:1121109	3	mediadive.medium:58|mediadive.medium:J13|mediadive.medium:J14
NCBITaxon:1121110	1	mediadive.medium:58
NCBITaxon:1121112	2	mediadive.medium:58|mediadive.medium:J83
NCBITaxon:1121113	1	mediadive.medium:621
NCBITaxon:1121114	3	mediadive.medium:104|mediadive.medium:78|mediadive.medium:J14
NCBITaxon:1121115	6	mediadive.medium:104|mediadive.medium:1669|mediadive.medium:J1130|mediadive.medium:J465|mediadive.medium:J675|mediadive.medium:J676
NCBITaxon:1121116	1	mediadive.medium:1
NCBITaxon:1121117	2	mediadive.medium:1|mediadive.medium:J191
NCBITaxon:1121118	2	mediadive.medium:220|mediadive.medium:429
NCBITaxon:1121119	1	mediadive.medium:1
NCBITaxon:1121120	1	mediadive.medium:1
NCBITaxon:1121121	2	mediadive.medium:1|mediadive.medium:J22
NCBITaxon:1121122	2	mediadive.medium:65|mediadive.medium:J76
NCBITaxon:1121123	1	mediadive.medium:830
NCBITaxon:1121124	1	mediadive.medium:595
NCBITaxon:1121125	1	mediadive.medium:545
NCBITaxon:1121126	1	mediadive.medium:53
NCBITaxon:1121127	1	mediadive.medium:830
NCBITaxon:1121128	2	mediadive.medium:104b|mediadive.medium:110
NCBITaxon:1121129	4	mediadive.medium:104|mediadive.medium:693|mediadive.medium:J14|mediadive.medium:J84
NCBITaxon:1121130	4	mediadive.medium:104|mediadive.medium:693|mediadive.medium:J14|mediadive.medium:J84
NCBITaxon:1121131	2	mediadive.medium:330|mediadive.medium:J1029
NCBITaxon:1121132	1	mediadive.medium:330
NCBITaxon:1121255	1	mediadive.medium:830c
NCBITaxon:1121256	1	mediadive.medium:903
NCBITaxon:1121257	1	mediadive.medium:903
NCBITaxon:1121258	1	mediadive.medium:1206
NCBITaxon:1121259	1	mediadive.medium:144a
NCBITaxon:1121261	1	mediadive.medium:144
NCBITaxon:1121262	1	mediadive.medium:788
NCBITaxon:1121263	1	mediadive.medium:947
NCBITaxon:1121264	1	mediadive.medium:904
NCBITaxon:1121266	1	mediadive.medium:964
NCBITaxon:1121267	1	mediadive.medium:693
NCBITaxon:1121268	3	mediadive.medium:338|mediadive.medium:413|mediadive.medium:693
NCBITaxon:1121269	1	mediadive.medium:693
NCBITaxon:1121270	2	mediadive.medium:507|mediadive.medium:508
NCBITaxon:1121271	2	mediadive.medium:995|mediadive.medium:J429
NCBITaxon:1121272	4	mediadive.medium:252|mediadive.medium:65|mediadive.medium:84|mediadive.medium:J61
NCBITaxon:1121273	3	mediadive.medium:514|mediadive.medium:545|mediadive.medium:J118
NCBITaxon:1121274	2	mediadive.medium:381|mediadive.medium:830
NCBITaxon:1121275	1	mediadive.medium:830c
NCBITaxon:1121278	1	mediadive.medium:830
NCBITaxon:1121279	1	mediadive.medium:1
NCBITaxon:1121280	2	mediadive.medium:1a|mediadive.medium:535b
NCBITaxon:1121281	3	mediadive.medium:1|mediadive.medium:830|mediadive.medium:J12
NCBITaxon:1121282	2	mediadive.medium:67|mediadive.medium:830
NCBITaxon:1121283	7	mediadive.medium:1|mediadive.medium:429|mediadive.medium:535|mediadive.medium:535b|mediadive.medium:545|mediadive.medium:830|mediadive.medium:J22
NCBITaxon:1121286	2	mediadive.medium:545|mediadive.medium:J75
NCBITaxon:1121287	1	mediadive.medium:1
NCBITaxon:1121288	1	mediadive.medium:545
NCBITaxon:1121289	2	mediadive.medium:904|mediadive.medium:J573
NCBITaxon:1121290	1	mediadive.medium:634a
NCBITaxon:1121291	1	mediadive.medium:869
NCBITaxon:1121293	1	mediadive.medium:869
NCBITaxon:1121295	1	mediadive.medium:110
NCBITaxon:1121296	1	mediadive.medium:634a
NCBITaxon:1121297	2	mediadive.medium:110|mediadive.medium:J14
NCBITaxon:1121299	2	mediadive.medium:110|mediadive.medium:J640
NCBITaxon:1121300	1	mediadive.medium:640a
NCBITaxon:1121301	1	mediadive.medium:986
NCBITaxon:1121302	1	mediadive.medium:104b
NCBITaxon:1121304	3	mediadive.medium:110a|mediadive.medium:J13|mediadive.medium:J14
NCBITaxon:1121305	1	mediadive.medium:104c
NCBITaxon:1121306	1	mediadive.medium:339
NCBITaxon:1121307	1	mediadive.medium:76
NCBITaxon:1121309	2	mediadive.medium:78|mediadive.medium:J14
NCBITaxon:1121310	2	mediadive.medium:411|mediadive.medium:J14
NCBITaxon:1121311	1	mediadive.medium:500
NCBITaxon:1121312	2	mediadive.medium:104b|mediadive.medium:110
NCBITaxon:1121314	2	mediadive.medium:104b|mediadive.medium:110
NCBITaxon:1121316	1	mediadive.medium:648
NCBITaxon:1121317	1	mediadive.medium:104d
NCBITaxon:1121318	1	mediadive.medium:503
NCBITaxon:1121319	1	mediadive.medium:104b
NCBITaxon:1121320	2	mediadive.medium:339|mediadive.medium:J14
NCBITaxon:1121321	4	mediadive.medium:78|mediadive.medium:J13|mediadive.medium:J14|mediadive.medium:J84
NCBITaxon:1121323	1	mediadive.medium:104b
NCBITaxon:1121324	1	mediadive.medium:487
NCBITaxon:1121325	3	mediadive.medium:104b|mediadive.medium:J13|mediadive.medium:J14
NCBITaxon:1121326	1	mediadive.medium:104b
NCBITaxon:1121327	1	mediadive.medium:318b
NCBITaxon:1121329	1	mediadive.medium:140
NCBITaxon:1121330	1	mediadive.medium:520
NCBITaxon:1121331	1	mediadive.medium:339
NCBITaxon:1121333	1	mediadive.medium:104c
NCBITaxon:1121335	1	mediadive.medium:255
NCBITaxon:1121336	1	mediadive.medium:326
NCBITaxon:1121337	2	mediadive.medium:104b|mediadive.medium:J674
NCBITaxon:1121338	1	mediadive.medium:504
NCBITaxon:1121339	1	mediadive.medium:144
NCBITaxon:1121340	1	mediadive.medium:520
NCBITaxon:1121341	2	mediadive.medium:326|mediadive.medium:502
NCBITaxon:1121342	4	mediadive.medium:104b|mediadive.medium:104c|mediadive.medium:110|mediadive.medium:J14
NCBITaxon:1121343	1	mediadive.medium:869
NCBITaxon:1121344	1	mediadive.medium:526
NCBITaxon:1121345	2	mediadive.medium:860|mediadive.medium:J1129
NCBITaxon:1121346	2	mediadive.medium:220|mediadive.medium:464
NCBITaxon:1121347	1	mediadive.medium:220
NCBITaxon:1121348	3	mediadive.medium:381|mediadive.medium:535|mediadive.medium:J22
NCBITaxon:1121349	1	mediadive.medium:535b
NCBITaxon:1121350	2	mediadive.medium:1|mediadive.medium:215
NCBITaxon:1121351	3	mediadive.medium:429|mediadive.medium:J27|mediadive.medium:J75
NCBITaxon:1121352	4	mediadive.medium:303|mediadive.medium:429|mediadive.medium:545|mediadive.medium:J75
NCBITaxon:1121353	4	mediadive.medium:535|mediadive.medium:535a|mediadive.medium:693|mediadive.medium:J26
NCBITaxon:1121354	3	mediadive.medium:535|mediadive.medium:693|mediadive.medium:J26
NCBITaxon:1121355	3	mediadive.medium:693|mediadive.medium:J256|mediadive.medium:J28
NCBITaxon:1121356	4	mediadive.medium:535|mediadive.medium:693|mediadive.medium:J256|mediadive.medium:J28
NCBITaxon:1121357	3	mediadive.medium:693|mediadive.medium:J26|mediadive.medium:J27
NCBITaxon:1121360	2	mediadive.medium:535a|mediadive.medium:693
NCBITaxon:1121361	2	mediadive.medium:535a|mediadive.medium:J28
NCBITaxon:1121362	3	mediadive.medium:535|mediadive.medium:693|mediadive.medium:J28
NCBITaxon:1121363	3	mediadive.medium:535a|mediadive.medium:J28|mediadive.medium:J475
NCBITaxon:1121364	3	mediadive.medium:535a|mediadive.medium:693|mediadive.medium:J302
NCBITaxon:1121365	3	mediadive.medium:693|mediadive.medium:92|mediadive.medium:J302
NCBITaxon:1121366	3	mediadive.medium:92|mediadive.medium:J26|mediadive.medium:J27
NCBITaxon:1121367	4	mediadive.medium:535|mediadive.medium:535a|mediadive.medium:693|mediadive.medium:J26
NCBITaxon:1121368	3	mediadive.medium:215|mediadive.medium:693|mediadive.medium:J28
NCBITaxon:1121369	3	mediadive.medium:535a|mediadive.medium:693|mediadive.medium:J302
NCBITaxon:1121370	3	mediadive.medium:535a|mediadive.medium:693|mediadive.medium:J28
NCBITaxon:1121371	4	mediadive.medium:215|mediadive.medium:65|mediadive.medium:84|mediadive.medium:J43
NCBITaxon:1121372	2	mediadive.medium:830|mediadive.medium:J26
NCBITaxon:1121373	2	mediadive.medium:160|mediadive.medium:J155
NCBITaxon:1121374	2	mediadive.medium:514|mediadive.medium:J118
NCBITaxon:1121375	1	mediadive.medium:830
NCBITaxon:1121377	1	mediadive.medium:1306
NCBITaxon:1121378	1	mediadive.medium:830
NCBITaxon:1121379	1	mediadive.medium:830
NCBITaxon:1121380	1	mediadive.medium:621
NCBITaxon:1121381	1	mediadive.medium:621
NCBITaxon:1121382	2	mediadive.medium:830|mediadive.medium:J74
NCBITaxon:1121383	2	mediadive.medium:1|mediadive.medium:878
NCBITaxon:1121385	3	mediadive.medium:736|mediadive.medium:J26|mediadive.medium:J28
NCBITaxon:1121386	2	mediadive.medium:104b|mediadive.medium:110
NCBITaxon:1121387	2	mediadive.medium:535|mediadive.medium:J28
NCBITaxon:1121388	4	mediadive.medium:1|mediadive.medium:428|mediadive.medium:81|mediadive.medium:J346
NCBITaxon:1121389	5	mediadive.medium:535|mediadive.medium:535a|mediadive.medium:693|mediadive.medium:83|mediadive.medium:987
NCBITaxon:1121390	1	mediadive.medium:875
NCBITaxon:1121391	1	mediadive.medium:195c
NCBITaxon:1121392	1	mediadive.medium:383
NCBITaxon:1121393	1	mediadive.medium:383
NCBITaxon:1121394	2	mediadive.medium:1086|mediadive.medium:J577
NCBITaxon:1121395	1	mediadive.medium:720
NCBITaxon:1121396	1	mediadive.medium:195
NCBITaxon:1121397	1	mediadive.medium:195
NCBITaxon:1121398	1	mediadive.medium:195
NCBITaxon:1121399	1	mediadive.medium:193
NCBITaxon:1121400	2	mediadive.medium:195a|mediadive.medium:J394
NCBITaxon:1121401	1	mediadive.medium:194
NCBITaxon:1121402	1	mediadive.medium:194
NCBITaxon:1121403	2	mediadive.medium:195b|mediadive.medium:J553
NCBITaxon:1121404	2	mediadive.medium:195c|mediadive.medium:J749
NCBITaxon:1121405	1	mediadive.medium:193
NCBITaxon:1121406	2	mediadive.medium:641|mediadive.medium:J549
NCBITaxon:1121409	1	mediadive.medium:383
NCBITaxon:1121410	2	mediadive.medium:1099|mediadive.medium:J627
NCBITaxon:1121411	1	mediadive.medium:63
NCBITaxon:1121412	1	mediadive.medium:193
NCBITaxon:1121413	1	mediadive.medium:742
NCBITaxon:1121414	1	mediadive.medium:813a
NCBITaxon:1121415	2	mediadive.medium:383b|mediadive.medium:J471
NCBITaxon:1121416	2	mediadive.medium:1068|mediadive.medium:J552
NCBITaxon:1121418	1	mediadive.medium:195c
NCBITaxon:1121419	1	mediadive.medium:641
NCBITaxon:1121420	2	mediadive.medium:641|mediadive.medium:J388
NCBITaxon:1121421	1	mediadive.medium:641
NCBITaxon:1121422	2	mediadive.medium:641|mediadive.medium:J541
NCBITaxon:1121423	1	mediadive.medium:866
NCBITaxon:1121424	2	mediadive.medium:1040|mediadive.medium:J462
NCBITaxon:1121425	2	mediadive.medium:63|mediadive.medium:J389
NCBITaxon:1121426	1	mediadive.medium:195c
NCBITaxon:1121427	1	mediadive.medium:815
NCBITaxon:1121429	1	mediadive.medium:63
NCBITaxon:1121430	1	mediadive.medium:195c
NCBITaxon:1121431	1	mediadive.medium:667
NCBITaxon:1121432	2	mediadive.medium:641|mediadive.medium:J388
NCBITaxon:1121433	1	mediadive.medium:1055
NCBITaxon:1121434	1	mediadive.medium:195c
NCBITaxon:1121435	2	mediadive.medium:63|mediadive.medium:641
NCBITaxon:1121436	1	mediadive.medium:195c
NCBITaxon:1121438	1	mediadive.medium:194
NCBITaxon:1121440	1	mediadive.medium:63
NCBITaxon:1121441	1	mediadive.medium:496
NCBITaxon:1121443	1	mediadive.medium:63
NCBITaxon:1121445	1	mediadive.medium:63
NCBITaxon:1121446	2	mediadive.medium:1040|mediadive.medium:J462
NCBITaxon:1121447	2	mediadive.medium:1040|mediadive.medium:J462
NCBITaxon:1121449	1	mediadive.medium:496
NCBITaxon:1121450	1	mediadive.medium:496
NCBITaxon:1121452	2	mediadive.medium:63|mediadive.medium:J389
NCBITaxon:1121453	1	mediadive.medium:193
NCBITaxon:1121454	1	mediadive.medium:63
NCBITaxon:1121455	1	mediadive.medium:63
NCBITaxon:1121456	1	mediadive.medium:63
NCBITaxon:1121457	2	mediadive.medium:195c|mediadive.medium:J502
NCBITaxon:1121458	2	mediadive.medium:641|mediadive.medium:J757
NCBITaxon:1121459	1	mediadive.medium:496
NCBITaxon:1121460	2	mediadive.medium:63|mediadive.medium:J602
NCBITaxon:1121462	1	mediadive.medium:641
NCBITaxon:1121463	2	mediadive.medium:163|mediadive.medium:J750
NCBITaxon:1121464	2	mediadive.medium:386|mediadive.medium:641
NCBITaxon:1121465	2	mediadive.medium:195c|mediadive.medium:J680
NCBITaxon:1121466	2	mediadive.medium:163|mediadive.medium:J750
NCBITaxon:1121467	1	mediadive.medium:195c
NCBITaxon:1121468	2	mediadive.medium:641|mediadive.medium:J541
NCBITaxon:1121470	1	mediadive.medium:480
NCBITaxon:1121472	2	mediadive.medium:641|mediadive.medium:J388
NCBITaxon:1121473	2	mediadive.medium:829c|mediadive.medium:J375
NCBITaxon:1121475	1	mediadive.medium:647
NCBITaxon:1121476	2	mediadive.medium:383|mediadive.medium:J501
NCBITaxon:1121477	1	mediadive.medium:535
NCBITaxon:1121478	1	mediadive.medium:535
NCBITaxon:1121479	1	mediadive.medium:381
NCBITaxon:1121480	1	mediadive.medium:1
NCBITaxon:1121481	1	mediadive.medium:1
NCBITaxon:1121482	1	mediadive.medium:1
NCBITaxon:1121483	1	mediadive.medium:830
NCBITaxon:1121484	1	mediadive.medium:1a
NCBITaxon:1121485	3	mediadive.medium:104|mediadive.medium:429b|mediadive.medium:J14
NCBITaxon:1121859	1	mediadive.medium:514
NCBITaxon:1121860	1	mediadive.medium:1135
NCBITaxon:1121861	1	mediadive.medium:966
NCBITaxon:1121862	2	mediadive.medium:514|mediadive.medium:J118
NCBITaxon:1121863	4	mediadive.medium:1|mediadive.medium:535|mediadive.medium:693|mediadive.medium:J25
NCBITaxon:1121864	3	mediadive.medium:693|mediadive.medium:92|mediadive.medium:J156
NCBITaxon:1121865	2	mediadive.medium:693|mediadive.medium:92
NCBITaxon:1121866	2	mediadive.medium:339|mediadive.medium:78
NCBITaxon:1121867	1	mediadive.medium:514
NCBITaxon:1121868	1	mediadive.medium:514c
NCBITaxon:1121869	1	mediadive.medium:514
NCBITaxon:1121871	2	mediadive.medium:693|mediadive.medium:92
NCBITaxon:1121872	3	mediadive.medium:1|mediadive.medium:1015|mediadive.medium:535
NCBITaxon:1121873	2	mediadive.medium:215|mediadive.medium:693
NCBITaxon:1121874	5	mediadive.medium:693|mediadive.medium:J14|mediadive.medium:J282|mediadive.medium:J469|mediadive.medium:J677
NCBITaxon:1121875	1	mediadive.medium:514
NCBITaxon:1121877	1	mediadive.medium:1190
NCBITaxon:1121878	1	mediadive.medium:514
NCBITaxon:1121879	1	mediadive.medium:514
NCBITaxon:1121880	1	mediadive.medium:514
NCBITaxon:1121881	1	mediadive.medium:1190
NCBITaxon:1121882	2	mediadive.medium:740|mediadive.medium:J500
NCBITaxon:1121883	1	mediadive.medium:740
NCBITaxon:1121884	1	mediadive.medium:830
NCBITaxon:1121885	1	mediadive.medium:830
NCBITaxon:1121886	1	mediadive.medium:830
NCBITaxon:1121887	1	mediadive.medium:830
NCBITaxon:1121888	1	mediadive.medium:830
NCBITaxon:1121889	1	mediadive.medium:830
NCBITaxon:1121890	2	mediadive.medium:1|mediadive.medium:830
NCBITaxon:1121891	1	mediadive.medium:830
NCBITaxon:1121894	3	mediadive.medium:67|mediadive.medium:830|mediadive.medium:J739
NCBITaxon:1121895	1	mediadive.medium:830
NCBITaxon:1121896	1	mediadive.medium:830
NCBITaxon:1121897	2	mediadive.medium:545|mediadive.medium:830
NCBITaxon:1121898	1	mediadive.medium:830
NCBITaxon:1121899	1	mediadive.medium:830
NCBITaxon:1121900	2	mediadive.medium:67|mediadive.medium:830
NCBITaxon:1121901	1	mediadive.medium:830
NCBITaxon:1121902	2	mediadive.medium:344|mediadive.medium:J118
NCBITaxon:1121903	1	mediadive.medium:357
NCBITaxon:1121904	1	mediadive.medium:172
NCBITaxon:1121905	1	mediadive.medium:505
NCBITaxon:1121906	2	mediadive.medium:11|mediadive.medium:J853
NCBITaxon:1121907	2	mediadive.medium:11|mediadive.medium:J853
NCBITaxon:1121908	1	mediadive.medium:853
NCBITaxon:1121909	2	mediadive.medium:514|mediadive.medium:J118
NCBITaxon:1121910	2	mediadive.medium:220|mediadive.medium:693
NCBITaxon:1121911	1	mediadive.medium:193
NCBITaxon:1121912	1	mediadive.medium:514
NCBITaxon:1121914	2	mediadive.medium:11|mediadive.medium:693
NCBITaxon:1121915	1	mediadive.medium:1059
NCBITaxon:1121917	1	mediadive.medium:220
NCBITaxon:1121918	2	mediadive.medium:838|mediadive.medium:J425
NCBITaxon:1121919	2	mediadive.medium:104b|mediadive.medium:J548
NCBITaxon:1121920	1	mediadive.medium:826
NCBITaxon:1121921	1	mediadive.medium:514
NCBITaxon:1121922	1	mediadive.medium:514
NCBITaxon:1121924	1	mediadive.medium:92
NCBITaxon:1121925	2	mediadive.medium:215|mediadive.medium:693
NCBITaxon:1121926	5	mediadive.medium:535|mediadive.medium:554|mediadive.medium:65|mediadive.medium:84|mediadive.medium:J51
NCBITaxon:1121927	2	mediadive.medium:535|mediadive.medium:J26
NCBITaxon:1121928	4	mediadive.medium:535|mediadive.medium:65|mediadive.medium:J26|mediadive.medium:J28
NCBITaxon:1121929	1	mediadive.medium:514
NCBITaxon:1121930	1	mediadive.medium:514
NCBITaxon:1121933	2	mediadive.medium:92|mediadive.medium:J26
NCBITaxon:1121934	2	mediadive.medium:92|mediadive.medium:J26
NCBITaxon:1121935	2	mediadive.medium:514|mediadive.medium:J118
NCBITaxon:1121936	2	mediadive.medium:372|mediadive.medium:J611
NCBITaxon:1121937	1	mediadive.medium:514
NCBITaxon:1121938	2	mediadive.medium:514|mediadive.medium:J464
NCBITaxon:1121939	1	mediadive.medium:514
NCBITaxon:1121940	1	mediadive.medium:514
NCBITaxon:1121941	2	mediadive.medium:114|mediadive.medium:514b
NCBITaxon:1121942	1	mediadive.medium:514a
NCBITaxon:1121943	1	mediadive.medium:514b
NCBITaxon:1121945	1	mediadive.medium:372
NCBITaxon:1121946	4	mediadive.medium:554|mediadive.medium:65|mediadive.medium:84|mediadive.medium:J61
NCBITaxon:1121947	2	mediadive.medium:104|mediadive.medium:693
NCBITaxon:1121948	1	mediadive.medium:514
NCBITaxon:1121949	2	mediadive.medium:514|mediadive.medium:J118
NCBITaxon:1121950	2	mediadive.medium:110a|mediadive.medium:339a
NCBITaxon:1121952	2	mediadive.medium:92|mediadive.medium:J26
NCBITaxon:1121953	1	mediadive.medium:937
NCBITaxon:1121954	1	mediadive.medium:830
NCBITaxon:1121955	1	mediadive.medium:830
NCBITaxon:1121956	1	mediadive.medium:830
NCBITaxon:1121957	1	mediadive.medium:937a
NCBITaxon:1121959	1	mediadive.medium:830
NCBITaxon:1122124	1	mediadive.medium:514
NCBITaxon:1122125	3	mediadive.medium:220|mediadive.medium:535|mediadive.medium:545
NCBITaxon:1122128	1	mediadive.medium:514
NCBITaxon:1122129	2	mediadive.medium:514|mediadive.medium:J118
NCBITaxon:1122130	3	mediadive.medium:514|mediadive.medium:92|mediadive.medium:J443
NCBITaxon:1122131	1	mediadive.medium:1
NCBITaxon:1122132	1	mediadive.medium:830
NCBITaxon:1122133	1	mediadive.medium:830
NCBITaxon:1122134	2	mediadive.medium:514|mediadive.medium:J118
NCBITaxon:1122135	2	mediadive.medium:514|mediadive.medium:J118
NCBITaxon:1122136	1	mediadive.medium:429
NCBITaxon:1122137	2	mediadive.medium:514|mediadive.medium:J118
NCBITaxon:1122138	2	mediadive.medium:830|mediadive.medium:J52
NCBITaxon:1122139	2	mediadive.medium:1195|mediadive.medium:J377
NCBITaxon:1122140	2	mediadive.medium:514|mediadive.medium:J118
NCBITaxon:1122142	1	mediadive.medium:330
NCBITaxon:1122143	1	mediadive.medium:141
NCBITaxon:1122146	2	mediadive.medium:104|mediadive.medium:J156
NCBITaxon:1122147	1	mediadive.medium:11
NCBITaxon:1122150	1	mediadive.medium:11
NCBITaxon:1122152	1	mediadive.medium:11
NCBITaxon:1122153	1	mediadive.medium:11
NCBITaxon:1122154	2	mediadive.medium:92|mediadive.medium:J13
NCBITaxon:1122155	1	mediadive.medium:104c
NCBITaxon:1122156	2	mediadive.medium:830c|mediadive.medium:J75
NCBITaxon:1122157	2	mediadive.medium:215|mediadive.medium:429
NCBITaxon:1122158	1	mediadive.medium:1
NCBITaxon:1122159	3	mediadive.medium:172|mediadive.medium:514|mediadive.medium:J118
NCBITaxon:1122160	1	mediadive.medium:585
NCBITaxon:1122161	1	mediadive.medium:585
NCBITaxon:1122162	1	mediadive.medium:585
NCBITaxon:1122163	1	mediadive.medium:585
NCBITaxon:1122164	1	mediadive.medium:585
NCBITaxon:1122165	1	mediadive.medium:585
NCBITaxon:1122167	1	mediadive.medium:585
NCBITaxon:1122169	1	mediadive.medium:585
NCBITaxon:1122170	1	mediadive.medium:585
NCBITaxon:1122171	2	mediadive.medium:104|mediadive.medium:J14
NCBITaxon:1122172	3	mediadive.medium:104|mediadive.medium:429|mediadive.medium:J14
NCBITaxon:1122173	2	mediadive.medium:693|mediadive.medium:78
NCBITaxon:1122174	3	mediadive.medium:104|mediadive.medium:429|mediadive.medium:J14
NCBITaxon:1122175	2	mediadive.medium:92|mediadive.medium:J26
NCBITaxon:1122176	1	mediadive.medium:514
NCBITaxon:1122179	1	mediadive.medium:514
NCBITaxon:1122180	2	mediadive.medium:514|mediadive.medium:J118
NCBITaxon:1122181	2	mediadive.medium:514|mediadive.medium:J118
NCBITaxon:1122182	5	mediadive.medium:65|mediadive.medium:84|mediadive.medium:987|mediadive.medium:J43|mediadive.medium:J52
NCBITaxon:1122183	1	mediadive.medium:1a
NCBITaxon:1122184	1	mediadive.medium:104b
NCBITaxon:1122185	1	mediadive.medium:830c
NCBITaxon:1122187	1	mediadive.medium:830
NCBITaxon:1122188	2	mediadive.medium:514|mediadive.medium:J118
NCBITaxon:1122189	1	mediadive.medium:383
NCBITaxon:1122190	2	mediadive.medium:215|mediadive.medium:693
NCBITaxon:1122191	2	mediadive.medium:514|mediadive.medium:J118
NCBITaxon:1122192	4	mediadive.medium:535|mediadive.medium:553|mediadive.medium:65|mediadive.medium:J66
NCBITaxon:1122193	1	mediadive.medium:514
NCBITaxon:1122194	1	mediadive.medium:514
NCBITaxon:1122195	2	mediadive.medium:904a|mediadive.medium:J449
NCBITaxon:1122197	2	mediadive.medium:514|mediadive.medium:J118
NCBITaxon:1122198	2	mediadive.medium:514|mediadive.medium:J118
NCBITaxon:1122199	1	mediadive.medium:514
NCBITaxon:1122200	1	mediadive.medium:243
NCBITaxon:1122201	1	mediadive.medium:514
NCBITaxon:1122202	1	mediadive.medium:514
NCBITaxon:1122203	2	mediadive.medium:53|mediadive.medium:993
NCBITaxon:1122206	2	mediadive.medium:381|mediadive.medium:J118
NCBITaxon:1122207	2	mediadive.medium:514|mediadive.medium:J118
NCBITaxon:1122208	1	mediadive.medium:172
NCBITaxon:1122209	2	mediadive.medium:514|mediadive.medium:J409
NCBITaxon:1122211	1	mediadive.medium:514
NCBITaxon:1122212	1	mediadive.medium:514
NCBITaxon:1122213	1	mediadive.medium:514
NCBITaxon:1122214	1	mediadive.medium:1123
NCBITaxon:1122215	1	mediadive.medium:830
NCBITaxon:1122216	2	mediadive.medium:110|mediadive.medium:78
NCBITaxon:1122217	2	mediadive.medium:693|mediadive.medium:78
NCBITaxon:1122218	1	mediadive.medium:830
NCBITaxon:1122219	3	mediadive.medium:104|mediadive.medium:58|mediadive.medium:J14
NCBITaxon:1122220	1	mediadive.medium:11b
NCBITaxon:1122221	1	mediadive.medium:86
NCBITaxon:1122222	1	mediadive.medium:86a
NCBITaxon:1122223	1	mediadive.medium:878
NCBITaxon:1122224	1	mediadive.medium:514
NCBITaxon:1122226	1	mediadive.medium:514
NCBITaxon:1122227	1	mediadive.medium:1031a
NCBITaxon:1122228	2	mediadive.medium:58|mediadive.medium:J83
NCBITaxon:1122229	2	mediadive.medium:119|mediadive.medium:1523
NCBITaxon:1122230	1	mediadive.medium:1523
NCBITaxon:1122231	1	mediadive.medium:141
NCBITaxon:1122233	1	mediadive.medium:1084
NCBITaxon:1122234	2	mediadive.medium:1|mediadive.medium:830
NCBITaxon:1122235	2	mediadive.medium:750|mediadive.medium:J127
NCBITaxon:1122236	1	mediadive.medium:606
NCBITaxon:1122237	3	mediadive.medium:830|mediadive.medium:92|mediadive.medium:J26
NCBITaxon:1122239	2	mediadive.medium:92|mediadive.medium:J26
NCBITaxon:1122240	3	mediadive.medium:1a|mediadive.medium:957|mediadive.medium:J22
NCBITaxon:1122241	1	mediadive.medium:311c
NCBITaxon:1122243	1	mediadive.medium:693
NCBITaxon:1122244	2	mediadive.medium:429|mediadive.medium:535
NCBITaxon:1122245	1	mediadive.medium:429
NCBITaxon:1122246	2	mediadive.medium:215|mediadive.medium:693
NCBITaxon:1122247	2	mediadive.medium:645|mediadive.medium:J386
NCBITaxon:1122248	1	mediadive.medium:1076b
NCBITaxon:1122249	1	mediadive.medium:1076b
NCBITaxon:1122256	1	mediadive.medium:830c
NCBITaxon:1122261	1	mediadive.medium:830
NCBITaxon:112234	3	mediadive.medium:1|mediadive.medium:535|mediadive.medium:92
NCBITaxon:1122595	1	mediadive.medium:898
NCBITaxon:1122597	1	mediadive.medium:898a
NCBITaxon:1122599	2	mediadive.medium:514|mediadive.medium:J118
NCBITaxon:1122600	1	mediadive.medium:514
NCBITaxon:1122601	1	mediadive.medium:514
NCBITaxon:1122602	2	mediadive.medium:92|mediadive.medium:J82
NCBITaxon:1122603	2	mediadive.medium:828|mediadive.medium:830
NCBITaxon:1122604	1	mediadive.medium:830c
NCBITaxon:1122605	1	mediadive.medium:830
NCBITaxon:1122606	1	mediadive.medium:830
NCBITaxon:1122607	1	mediadive.medium:514
NCBITaxon:1122608	4	mediadive.medium:535|mediadive.medium:65|mediadive.medium:92|mediadive.medium:J26
NCBITaxon:1122609	1	mediadive.medium:830
NCBITaxon:1122610	2	mediadive.medium:92|mediadive.medium:J26
NCBITaxon:1122611	5	mediadive.medium:535|mediadive.medium:553|mediadive.medium:65|mediadive.medium:84|mediadive.medium:J51
NCBITaxon:1122612	1	mediadive.medium:1199
NCBITaxon:1122613	1	mediadive.medium:514
NCBITaxon:1122614	1	mediadive.medium:514
NCBITaxon:1122615	1	mediadive.medium:514
NCBITaxon:1122616	1	mediadive.medium:514
NCBITaxon:1122617	1	mediadive.medium:514
NCBITaxon:1122618	2	mediadive.medium:59|mediadive.medium:J143
NCBITaxon:1122619	1	mediadive.medium:429
NCBITaxon:1122620	2	mediadive.medium:215|mediadive.medium:J22
NCBITaxon:1122621	1	mediadive.medium:92
NCBITaxon:1122622	4	mediadive.medium:215|mediadive.medium:535|mediadive.medium:92|mediadive.medium:J28
NCBITaxon:1122623	4	mediadive.medium:220a|mediadive.medium:535b|mediadive.medium:830c|mediadive.medium:J346
NCBITaxon:1122915	2	mediadive.medium:1|mediadive.medium:J22
NCBITaxon:1122917	2	mediadive.medium:535|mediadive.medium:J75
NCBITaxon:1122918	1	mediadive.medium:220
NCBITaxon:1122919	3	mediadive.medium:830|mediadive.medium:J346|mediadive.medium:J75
NCBITaxon:1122920	1	mediadive.medium:830
NCBITaxon:1122922	1	mediadive.medium:830
NCBITaxon:1122923	1	mediadive.medium:220
NCBITaxon:1122924	3	mediadive.medium:220|mediadive.medium:545|mediadive.medium:J75
NCBITaxon:1122925	1	mediadive.medium:220
NCBITaxon:1122926	2	mediadive.medium:220|mediadive.medium:J75
NCBITaxon:1122927	3	mediadive.medium:1|mediadive.medium:220|mediadive.medium:J75
NCBITaxon:1122928	1	mediadive.medium:830c
NCBITaxon:1122929	1	mediadive.medium:940
NCBITaxon:1122930	1	mediadive.medium:872
NCBITaxon:1122932	3	mediadive.medium:773|mediadive.medium:948|mediadive.medium:J149
NCBITaxon:1122933	1	mediadive.medium:92
NCBITaxon:1122934	1	mediadive.medium:503
NCBITaxon:1122935	2	mediadive.medium:215|mediadive.medium:693
NCBITaxon:1122936	4	mediadive.medium:215|mediadive.medium:693|mediadive.medium:J256|mediadive.medium:J70
NCBITaxon:1122937	1	mediadive.medium:693
NCBITaxon:1122938	2	mediadive.medium:215|mediadive.medium:693
NCBITaxon:1122939	2	mediadive.medium:830|mediadive.medium:J26
NCBITaxon:1122940	1	mediadive.medium:514
NCBITaxon:1122941	1	mediadive.medium:1
NCBITaxon:1122946	1	mediadive.medium:1040
NCBITaxon:1122947	1	mediadive.medium:311c
NCBITaxon:1122949	4	mediadive.medium:104|mediadive.medium:78|mediadive.medium:J14|mediadive.medium:J84
NCBITaxon:1122951	1	mediadive.medium:830
NCBITaxon:1122952	1	mediadive.medium:1320
NCBITaxon:1122953	1	mediadive.medium:718a
NCBITaxon:1122954	1	mediadive.medium:718
NCBITaxon:1122955	2	mediadive.medium:959|mediadive.medium:J300
NCBITaxon:1122956	2	mediadive.medium:959|mediadive.medium:J300
NCBITaxon:1122957	1	mediadive.medium:104c
NCBITaxon:1122958	1	mediadive.medium:830
NCBITaxon:1122959	1	mediadive.medium:514
NCBITaxon:1122960	3	mediadive.medium:535|mediadive.medium:693|mediadive.medium:92
NCBITaxon:1122961	2	mediadive.medium:88|mediadive.medium:J233
NCBITaxon:1122962	1	mediadive.medium:830
NCBITaxon:1122963	2	mediadive.medium:1|mediadive.medium:J346
NCBITaxon:1122969	1	mediadive.medium:514
NCBITaxon:1122970	1	mediadive.medium:791
NCBITaxon:1122971	3	mediadive.medium:693|mediadive.medium:78|mediadive.medium:J677
NCBITaxon:1122972	3	mediadive.medium:693|mediadive.medium:78|mediadive.medium:J469
NCBITaxon:1122973	3	mediadive.medium:693|mediadive.medium:78|mediadive.medium:J469
NCBITaxon:1122974	3	mediadive.medium:110|mediadive.medium:693|mediadive.medium:J469
NCBITaxon:1122975	3	mediadive.medium:1203|mediadive.medium:78|mediadive.medium:J469
NCBITaxon:1122976	3	mediadive.medium:693|mediadive.medium:78|mediadive.medium:J469
NCBITaxon:1122977	3	mediadive.medium:1|mediadive.medium:535|mediadive.medium:J22
NCBITaxon:1122979	5	mediadive.medium:110|mediadive.medium:1203a|mediadive.medium:1611|mediadive.medium:693|mediadive.medium:J14
NCBITaxon:1122981	4	mediadive.medium:110|mediadive.medium:693|mediadive.medium:J14|mediadive.medium:J156
NCBITaxon:1122982	3	mediadive.medium:104|mediadive.medium:693|mediadive.medium:J14
NCBITaxon:1122983	3	mediadive.medium:104|mediadive.medium:693|mediadive.medium:J14
NCBITaxon:1122984	3	mediadive.medium:104|mediadive.medium:693|mediadive.medium:J14
NCBITaxon:1122987	3	mediadive.medium:104|mediadive.medium:693|mediadive.medium:J14
NCBITaxon:1122993	3	mediadive.medium:104|mediadive.medium:693|mediadive.medium:J14
NCBITaxon:1122994	4	mediadive.medium:104|mediadive.medium:1669|mediadive.medium:693|mediadive.medium:J14
NCBITaxon:1122996	3	mediadive.medium:215|mediadive.medium:J139|mediadive.medium:J14
NCBITaxon:1122997	1	mediadive.medium:91
NCBITaxon:1122998	3	mediadive.medium:91|mediadive.medium:J13|mediadive.medium:J14
NCBITaxon:1122999	2	mediadive.medium:104|mediadive.medium:J28
NCBITaxon:1123000	1	mediadive.medium:504
NCBITaxon:1123001	3	mediadive.medium:104|mediadive.medium:J14|mediadive.medium:J84
NCBITaxon:1123002	1	mediadive.medium:207
NCBITaxon:1123003	1	mediadive.medium:153
NCBITaxon:1123004	2	mediadive.medium:503|mediadive.medium:J841
NCBITaxon:1123005	2	mediadive.medium:503|mediadive.medium:J136
NCBITaxon:1123006	1	mediadive.medium:503
NCBITaxon:1123007	3	mediadive.medium:1203a|mediadive.medium:78|mediadive.medium:J589
NCBITaxon:1123008	2	mediadive.medium:104|mediadive.medium:J456
NCBITaxon:1123009	2	mediadive.medium:412|mediadive.medium:J380
NCBITaxon:1123010	2	mediadive.medium:514|mediadive.medium:J118
NCBITaxon:1123011	1	mediadive.medium:712
NCBITaxon:1123012	1	mediadive.medium:330
NCBITaxon:1123013	2	mediadive.medium:830|mediadive.medium:J26
NCBITaxon:1123014	1	mediadive.medium:830
NCBITaxon:1123015	5	mediadive.medium:1|mediadive.medium:693|mediadive.medium:92|mediadive.medium:J12|mediadive.medium:J22
NCBITaxon:1123020	1	mediadive.medium:535b
NCBITaxon:1123021	3	mediadive.medium:1|mediadive.medium:457|mediadive.medium:907
NCBITaxon:1123023	2	mediadive.medium:65|mediadive.medium:J43
NCBITaxon:1123024	3	mediadive.medium:535|mediadive.medium:J27|mediadive.medium:J75
NCBITaxon:1123025	2	mediadive.medium:553|mediadive.medium:J42
NCBITaxon:1123026	3	mediadive.medium:65|mediadive.medium:J48|mediadive.medium:J49
NCBITaxon:1123027	2	mediadive.medium:123|mediadive.medium:J118
NCBITaxon:1123028	1	mediadive.medium:464
NCBITaxon:1123029	1	mediadive.medium:1
NCBITaxon:1123030	1	mediadive.medium:514
NCBITaxon:1123031	1	mediadive.medium:74
NCBITaxon:1123032	3	mediadive.medium:504|mediadive.medium:J662|mediadive.medium:J667
NCBITaxon:1123033	1	mediadive.medium:693
NCBITaxon:1123034	2	mediadive.medium:429|mediadive.medium:J139
NCBITaxon:1123035	1	mediadive.medium:514
NCBITaxon:1123036	1	mediadive.medium:514
NCBITaxon:1123037	1	mediadive.medium:514
NCBITaxon:1123042	1	mediadive.medium:535b
NCBITaxon:1123043	1	mediadive.medium:1367
NCBITaxon:1123052	2	mediadive.medium:698|mediadive.medium:J26
NCBITaxon:1123053	1	mediadive.medium:514a
NCBITaxon:1123055	1	mediadive.medium:830
NCBITaxon:1123056	2	mediadive.medium:535|mediadive.medium:J43
NCBITaxon:1123057	1	mediadive.medium:830
NCBITaxon:1123058	1	mediadive.medium:220
NCBITaxon:1123059	1	mediadive.medium:514
NCBITaxon:1123060	1	mediadive.medium:830
NCBITaxon:1123061	2	mediadive.medium:830|mediadive.medium:J346
NCBITaxon:1123062	2	mediadive.medium:830|mediadive.medium:J346
NCBITaxon:1123064	1	mediadive.medium:830
NCBITaxon:1123065	2	mediadive.medium:736|mediadive.medium:J26
NCBITaxon:1123066	1	mediadive.medium:830
NCBITaxon:1123069	1	mediadive.medium:830
NCBITaxon:1123070	1	mediadive.medium:1137
NCBITaxon:1123071	1	mediadive.medium:1177
NCBITaxon:1123072	1	mediadive.medium:966
NCBITaxon:1123073	2	mediadive.medium:830|mediadive.medium:J346
NCBITaxon:1123075	2	mediadive.medium:104|mediadive.medium:J676
NCBITaxon:1123076	1	mediadive.medium:830
NCBITaxon:1123077	1	mediadive.medium:830
NCBITaxon:1123078	1	mediadive.medium:830
NCBITaxon:1123226	2	mediadive.medium:220|mediadive.medium:J443
NCBITaxon:1123227	2	mediadive.medium:1017|mediadive.medium:J97
NCBITaxon:1123228	1	mediadive.medium:514
NCBITaxon:1123229	1	mediadive.medium:514
NCBITaxon:1123230	1	mediadive.medium:514
NCBITaxon:1123231	4	mediadive.medium:1081|mediadive.medium:1081a|mediadive.medium:514b|mediadive.medium:J345
NCBITaxon:1123232	1	mediadive.medium:514
NCBITaxon:1123233	1	mediadive.medium:514
NCBITaxon:1123234	1	mediadive.medium:514
NCBITaxon:1123235	1	mediadive.medium:514
NCBITaxon:1123236	1	mediadive.medium:514
NCBITaxon:1123237	1	mediadive.medium:514
NCBITaxon:1123238	3	mediadive.medium:220|mediadive.medium:381|mediadive.medium:535
NCBITaxon:1123239	1	mediadive.medium:971
NCBITaxon:1123240	1	mediadive.medium:830
NCBITaxon:1123241	2	mediadive.medium:65|mediadive.medium:J26
NCBITaxon:1123242	1	mediadive.medium:1244
NCBITaxon:1123243	1	mediadive.medium:666
NCBITaxon:1123244	2	mediadive.medium:65|mediadive.medium:J43
NCBITaxon:1123245	1	mediadive.medium:643
NCBITaxon:1123246	1	mediadive.medium:943
NCBITaxon:1123247	1	mediadive.medium:514
NCBITaxon:1123248	1	mediadive.medium:830
NCBITaxon:1123249	3	mediadive.medium:110|mediadive.medium:693|mediadive.medium:J14
NCBITaxon:1123250	3	mediadive.medium:104|mediadive.medium:78|mediadive.medium:J705
NCBITaxon:1123251	2	mediadive.medium:514|mediadive.medium:J118
NCBITaxon:1123252	4	mediadive.medium:535|mediadive.medium:553|mediadive.medium:65|mediadive.medium:J61
NCBITaxon:1123253	2	mediadive.medium:1|mediadive.medium:830
NCBITaxon:1123255	1	mediadive.medium:790
NCBITaxon:1123256	1	mediadive.medium:220
NCBITaxon:1123257	1	mediadive.medium:1a
NCBITaxon:1123258	4	mediadive.medium:645|mediadive.medium:693|mediadive.medium:J386|mediadive.medium:J43
NCBITaxon:1123260	1	mediadive.medium:339
NCBITaxon:1123261	1	mediadive.medium:830
NCBITaxon:1123262	2	mediadive.medium:830|mediadive.medium:J346
NCBITaxon:1123263	3	mediadive.medium:104|mediadive.medium:693|mediadive.medium:J14
NCBITaxon:1123264	4	mediadive.medium:1|mediadive.medium:693|mediadive.medium:92|mediadive.medium:J74
NCBITaxon:1123265	2	mediadive.medium:1|mediadive.medium:J75
NCBITaxon:1123266	1	mediadive.medium:830
NCBITaxon:1123267	1	mediadive.medium:830
NCBITaxon:1123268	2	mediadive.medium:1|mediadive.medium:830
NCBITaxon:1123269	2	mediadive.medium:535|mediadive.medium:535b
NCBITaxon:1123270	1	mediadive.medium:514c
NCBITaxon:1123274	1	mediadive.medium:1008
NCBITaxon:1123275	1	mediadive.medium:1188
NCBITaxon:1123276	1	mediadive.medium:830
NCBITaxon:1123277	1	mediadive.medium:830
NCBITaxon:1123278	1	mediadive.medium:830
NCBITaxon:1123279	1	mediadive.medium:514
NCBITaxon:1123280	1	mediadive.medium:104b
NCBITaxon:1123281	1	mediadive.medium:860
NCBITaxon:1123282	1	mediadive.medium:711
NCBITaxon:1123284	2	mediadive.medium:11|mediadive.medium:830
NCBITaxon:1123285	2	mediadive.medium:1236|mediadive.medium:J718
NCBITaxon:1123286	1	mediadive.medium:311c
NCBITaxon:1123287	1	mediadive.medium:311c
NCBITaxon:1123288	1	mediadive.medium:311
NCBITaxon:1123289	1	mediadive.medium:311c
NCBITaxon:1123290	2	mediadive.medium:2|mediadive.medium:J22
NCBITaxon:1123291	1	mediadive.medium:503a
NCBITaxon:1123293	3	mediadive.medium:554|mediadive.medium:65|mediadive.medium:J61
NCBITaxon:1123294	3	mediadive.medium:123|mediadive.medium:514|mediadive.medium:J118
NCBITaxon:1123295	1	mediadive.medium:603
NCBITaxon:1123296	1	mediadive.medium:830
NCBITaxon:1123298	2	mediadive.medium:693|mediadive.medium:92
NCBITaxon:1123299	2	mediadive.medium:58|mediadive.medium:693
NCBITaxon:1123300	2	mediadive.medium:693|mediadive.medium:92
NCBITaxon:1123301	2	mediadive.medium:693|mediadive.medium:92
NCBITaxon:1123302	3	mediadive.medium:693|mediadive.medium:92|mediadive.medium:J14
NCBITaxon:1123303	1	mediadive.medium:104
NCBITaxon:1123304	2	mediadive.medium:215|mediadive.medium:693
NCBITaxon:1123305	2	mediadive.medium:693|mediadive.medium:92
NCBITaxon:1123306	2	mediadive.medium:693|mediadive.medium:92
NCBITaxon:1123307	1	mediadive.medium:693
NCBITaxon:1123308	2	mediadive.medium:693|mediadive.medium:92
NCBITaxon:1123309	2	mediadive.medium:693|mediadive.medium:92
NCBITaxon:112331	2	mediadive.medium:514|mediadive.medium:J118
NCBITaxon:1123310	4	mediadive.medium:693|mediadive.medium:92|mediadive.medium:J27|mediadive.medium:J70
NCBITaxon:1123311	2	mediadive.medium:215|mediadive.medium:693
NCBITaxon:1123312	2	mediadive.medium:693|mediadive.medium:92
NCBITaxon:1123313	3	mediadive.medium:104|mediadive.medium:693|mediadive.medium:J14
NCBITaxon:1123314	2	mediadive.medium:693|mediadive.medium:92
NCBITaxon:1123315	2	mediadive.medium:693|mediadive.medium:92
NCBITaxon:1123316	4	mediadive.medium:693|mediadive.medium:92|mediadive.medium:J27|mediadive.medium:J70
NCBITaxon:1123317	2	mediadive.medium:693|mediadive.medium:92
NCBITaxon:1123318	2	mediadive.medium:693|mediadive.medium:92
NCBITaxon:1123319	3	mediadive.medium:65|mediadive.medium:84|mediadive.medium:J42
NCBITaxon:1123320	4	mediadive.medium:65|mediadive.medium:84|mediadive.medium:987|mediadive.medium:J43
NCBITaxon:1123321	3	mediadive.medium:65|mediadive.medium:J61|mediadive.medium:J66
NCBITaxon:1123323	1	mediadive.medium:666b
NCBITaxon:1123324	2	mediadive.medium:1611|mediadive.medium:330
NCBITaxon:1123325	3	mediadive.medium:1000|mediadive.medium:533|mediadive.medium:J325
NCBITaxon:1123326	1	mediadive.medium:195a
NCBITaxon:1123347	2	mediadive.medium:514|mediadive.medium:J118
NCBITaxon:1123349	1	mediadive.medium:1040
NCBITaxon:1123350	1	mediadive.medium:504
NCBITaxon:1123354	1	mediadive.medium:381
NCBITaxon:1123355	2	mediadive.medium:514|mediadive.medium:J118
NCBITaxon:1123356	2	mediadive.medium:1|mediadive.medium:J74
NCBITaxon:1123357	3	mediadive.medium:851|mediadive.medium:J26|mediadive.medium:J514
NCBITaxon:1123358	2	mediadive.medium:227|mediadive.medium:J509
NCBITaxon:1123359	3	mediadive.medium:11|mediadive.medium:220|mediadive.medium:J257
NCBITaxon:1123360	1	mediadive.medium:514
NCBITaxon:1123362	1	mediadive.medium:514
NCBITaxon:1123364	1	mediadive.medium:514
NCBITaxon:1123365	1	mediadive.medium:514
NCBITaxon:1123366	1	mediadive.medium:514
NCBITaxon:1123367	2	mediadive.medium:1|mediadive.medium:J74
NCBITaxon:1123368	1	mediadive.medium:68
NCBITaxon:1123369	1	mediadive.medium:104b
NCBITaxon:1123370	1	mediadive.medium:144
NCBITaxon:1123371	2	mediadive.medium:383b|mediadive.medium:J696
NCBITaxon:1123372	1	mediadive.medium:63
NCBITaxon:1123373	1	mediadive.medium:63
NCBITaxon:1123374	2	mediadive.medium:641|mediadive.medium:J544
NCBITaxon:1123375	1	mediadive.medium:63
NCBITaxon:1123376	2	mediadive.medium:641|mediadive.medium:J479
NCBITaxon:1123377	2	mediadive.medium:535|mediadive.medium:545
NCBITaxon:1123378	4	mediadive.medium:553|mediadive.medium:65|mediadive.medium:83|mediadive.medium:J104
NCBITaxon:1123379	1	mediadive.medium:664
NCBITaxon:1123380	1	mediadive.medium:904a
NCBITaxon:1123382	1	mediadive.medium:731
NCBITaxon:1123383	1	mediadive.medium:664
NCBITaxon:1123384	1	mediadive.medium:794
NCBITaxon:1123385	1	mediadive.medium:688
NCBITaxon:1123386	3	mediadive.medium:630|mediadive.medium:878|mediadive.medium:J1024
NCBITaxon:1123388	3	mediadive.medium:630|mediadive.medium:878|mediadive.medium:J1024
NCBITaxon:1123389	2	mediadive.medium:878|mediadive.medium:J1024
NCBITaxon:1123390	2	mediadive.medium:86|mediadive.medium:J276
NCBITaxon:1123391	2	mediadive.medium:878|mediadive.medium:J276
NCBITaxon:1123392	2	mediadive.medium:113|mediadive.medium:J91
NCBITaxon:1123393	2	mediadive.medium:36|mediadive.medium:J89
NCBITaxon:1123394	1	mediadive.medium:1114
NCBITaxon:1123397	1	mediadive.medium:1058a
NCBITaxon:1123399	2	mediadive.medium:1191|mediadive.medium:J296
NCBITaxon:1123400	2	mediadive.medium:1191|mediadive.medium:J296
NCBITaxon:1123401	1	mediadive.medium:573
NCBITaxon:1123402	3	mediadive.medium:1|mediadive.medium:381|mediadive.medium:545
NCBITaxon:1123403	1	mediadive.medium:824
NCBITaxon:1123404	1	mediadive.medium:110
NCBITaxon:1123405	2	mediadive.medium:550|mediadive.medium:J49
NCBITaxon:1123487	1	mediadive.medium:830c
NCBITaxon:1123488	2	mediadive.medium:104|mediadive.medium:693
NCBITaxon:1123489	4	mediadive.medium:104|mediadive.medium:693|mediadive.medium:J14|mediadive.medium:J468
NCBITaxon:1123490	1	mediadive.medium:104
NCBITaxon:1123491	3	mediadive.medium:514|mediadive.medium:535|mediadive.medium:693
NCBITaxon:1123492	2	mediadive.medium:514|mediadive.medium:J118
NCBITaxon:1123493	1	mediadive.medium:514
NCBITaxon:1123494	1	mediadive.medium:514f
NCBITaxon:1123495	2	mediadive.medium:514|mediadive.medium:J118
NCBITaxon:1123498	3	mediadive.medium:514|mediadive.medium:J118|mediadive.medium:J75
NCBITaxon:1123499	1	mediadive.medium:34
NCBITaxon:1123500	3	mediadive.medium:11|mediadive.medium:J13|mediadive.medium:J84
NCBITaxon:1123501	2	mediadive.medium:514|mediadive.medium:J118
NCBITaxon:1123502	1	mediadive.medium:535
NCBITaxon:1123503	1	mediadive.medium:1238
NCBITaxon:1123504	2	mediadive.medium:1|mediadive.medium:462
NCBITaxon:1123505	3	mediadive.medium:1c|mediadive.medium:535|mediadive.medium:545
NCBITaxon:1123507	2	mediadive.medium:993b|mediadive.medium:J485
NCBITaxon:1123508	1	mediadive.medium:1196
NCBITaxon:1123509	1	mediadive.medium:514
NCBITaxon:1123510	2	mediadive.medium:753|mediadive.medium:J606
NCBITaxon:1123511	3	mediadive.medium:11b|mediadive.medium:1203a|mediadive.medium:58
NCBITaxon:1123513	3	mediadive.medium:744|mediadive.medium:81|mediadive.medium:J128
NCBITaxon:1123515	1	mediadive.medium:142
NCBITaxon:1123516	1	mediadive.medium:1058
NCBITaxon:1123517	1	mediadive.medium:142
NCBITaxon:1123558	2	mediadive.medium:830|mediadive.medium:J26
NCBITaxon:1123687	1	mediadive.medium:11
NCBITaxon:1123721	1	mediadive.medium:232b
NCBITaxon:1123755	1	mediadive.medium:514
NCBITaxon:1123756	1	mediadive.medium:514
NCBITaxon:1123961	1	mediadive.medium:402
NCBITaxon:112413	2	mediadive.medium:65|mediadive.medium:J57
NCBITaxon:1124188	2	mediadive.medium:830|mediadive.medium:J346
NCBITaxon:1124239	4	mediadive.medium:65|mediadive.medium:84|mediadive.medium:987|mediadive.medium:J43
NCBITaxon:1124743	2	mediadive.medium:65|mediadive.medium:830
NCBITaxon:1124744	2	mediadive.medium:65|mediadive.medium:830
NCBITaxon:1124754	1	mediadive.medium:553
NCBITaxon:1124761	5	mediadive.medium:252|mediadive.medium:535|mediadive.medium:65|mediadive.medium:84|mediadive.medium:J51
NCBITaxon:1124835	1	mediadive.medium:545
NCBITaxon:1125699	1	mediadive.medium:1494
NCBITaxon:1125711	1	mediadive.medium:1494
NCBITaxon:1125779	2	mediadive.medium:535a|mediadive.medium:J256
NCBITaxon:1125875	2	mediadive.medium:1|mediadive.medium:830
NCBITaxon:1125876	1	mediadive.medium:1
NCBITaxon:1125964	2	mediadive.medium:514|mediadive.medium:J118
NCBITaxon:1125967	2	mediadive.medium:830|mediadive.medium:J74
NCBITaxon:1125971	5	mediadive.medium:535|mediadive.medium:65|mediadive.medium:J42|mediadive.medium:J43|mediadive.medium:J57
NCBITaxon:1125972	3	mediadive.medium:554|mediadive.medium:65|mediadive.medium:J43
NCBITaxon:1126236	1	mediadive.medium:1519
NCBITaxon:1126831	2	mediadive.medium:92|mediadive.medium:J475
NCBITaxon:1126832	1	mediadive.medium:220
NCBITaxon:1126833	1	mediadive.medium:830
NCBITaxon:1128111	2	mediadive.medium:136|mediadive.medium:693
NCBITaxon:1128664	2	mediadive.medium:553|mediadive.medium:J104
NCBITaxon:1128665	2	mediadive.medium:65|mediadive.medium:J43
NCBITaxon:1128667	3	mediadive.medium:535|mediadive.medium:554|mediadive.medium:65
NCBITaxon:1128670	1	mediadive.medium:65
NCBITaxon:1128671	1	mediadive.medium:65
NCBITaxon:1128672	1	mediadive.medium:65
NCBITaxon:1128675	1	mediadive.medium:553
NCBITaxon:1128676	1	mediadive.medium:65
NCBITaxon:1128677	1	mediadive.medium:65
NCBITaxon:1128679	2	mediadive.medium:554|mediadive.medium:65
NCBITaxon:1128680	1	mediadive.medium:65
NCBITaxon:1128682	3	mediadive.medium:252|mediadive.medium:65|mediadive.medium:84
NCBITaxon:1128911	1	mediadive.medium:514
NCBITaxon:1128912	1	mediadive.medium:514
NCBITaxon:1129133	1	mediadive.medium:535
NCBITaxon:1129264	1	mediadive.medium:1205
NCBITaxon:1129374	2	mediadive.medium:535b|mediadive.medium:J443
NCBITaxon:1129547	1	mediadive.medium:830c
NCBITaxon:1129792	1	mediadive.medium:11
NCBITaxon:1129793	1	mediadive.medium:514
NCBITaxon:1130046	1	mediadive.medium:1076b
NCBITaxon:1130080	2	mediadive.medium:785|mediadive.medium:J931
NCBITaxon:1131	2	mediadive.medium:1593|mediadive.medium:1677
NCBITaxon:1131292	2	mediadive.medium:693|mediadive.medium:92
NCBITaxon:1131567	1	mediadive.medium:830
NCBITaxon:1131609	1	mediadive.medium:514
NCBITaxon:1131610	1	mediadive.medium:514
NCBITaxon:1131703	1	mediadive.medium:1205
NCBITaxon:1131707	1	mediadive.medium:1205
NCBITaxon:1131730	2	mediadive.medium:1|mediadive.medium:J75
NCBITaxon:1131731	3	mediadive.medium:259|mediadive.medium:J26|mediadive.medium:J75
NCBITaxon:1132028	1	mediadive.medium:514
NCBITaxon:1132417	2	mediadive.medium:535|mediadive.medium:830
NCBITaxon:1132444	1	mediadive.medium:921
NCBITaxon:1132659	1	mediadive.medium:830
NCBITaxon:113288	3	mediadive.medium:535b|mediadive.medium:J118|mediadive.medium:J7
NCBITaxon:1133106	1	mediadive.medium:830
NCBITaxon:1133344	1	mediadive.medium:1384
NCBITaxon:1133347	1	mediadive.medium:948
NCBITaxon:1133364	3	mediadive.medium:693|mediadive.medium:92|mediadive.medium:J256
NCBITaxon:1133546	2	mediadive.medium:92|mediadive.medium:J26
NCBITaxon:1133569	1	mediadive.medium:11
NCBITaxon:1133857	1	mediadive.medium:220
NCBITaxon:1134405	2	mediadive.medium:1374|mediadive.medium:J899
NCBITaxon:1134406	1	mediadive.medium:1004
NCBITaxon:1134413	2	mediadive.medium:31|mediadive.medium:J181
NCBITaxon:1134435	1	mediadive.medium:830
NCBITaxon:1134445	3	mediadive.medium:555|mediadive.medium:65|mediadive.medium:J42
NCBITaxon:1134510	1	mediadive.medium:429e
NCBITaxon:1134687	3	mediadive.medium:535|mediadive.medium:693|mediadive.medium:92
NCBITaxon:1134781	1	mediadive.medium:1122
NCBITaxon:113557	3	mediadive.medium:11|mediadive.medium:J13|mediadive.medium:J84
NCBITaxon:113559	3	mediadive.medium:553|mediadive.medium:83|mediadive.medium:J42
NCBITaxon:113560	4	mediadive.medium:554|mediadive.medium:65|mediadive.medium:J42|mediadive.medium:J52
NCBITaxon:113561	3	mediadive.medium:553|mediadive.medium:65|mediadive.medium:J42
NCBITaxon:113562	6	mediadive.medium:214|mediadive.medium:548|mediadive.medium:554|mediadive.medium:65|mediadive.medium:J52|mediadive.medium:J54
NCBITaxon:113563	6	mediadive.medium:214|mediadive.medium:548|mediadive.medium:83|mediadive.medium:84|mediadive.medium:J42|mediadive.medium:J52
NCBITaxon:113564	4	mediadive.medium:554|mediadive.medium:65|mediadive.medium:J42|mediadive.medium:J52
NCBITaxon:113565	3	mediadive.medium:553|mediadive.medium:554|mediadive.medium:84
NCBITaxon:113566	8	mediadive.medium:548|mediadive.medium:554|mediadive.medium:65|mediadive.medium:83|mediadive.medium:84|mediadive.medium:894|mediadive.medium:J42|mediadive.medium:J52
NCBITaxon:113568	4	mediadive.medium:554|mediadive.medium:65|mediadive.medium:83|mediadive.medium:J58
NCBITaxon:113569	3	mediadive.medium:65|mediadive.medium:84|mediadive.medium:J42
NCBITaxon:113570	6	mediadive.medium:214|mediadive.medium:554|mediadive.medium:84|mediadive.medium:894|mediadive.medium:J52|mediadive.medium:J66
NCBITaxon:113571	4	mediadive.medium:553|mediadive.medium:65|mediadive.medium:83|mediadive.medium:J42
NCBITaxon:1135990	4	mediadive.medium:1|mediadive.medium:535|mediadive.medium:830|mediadive.medium:J22
NCBITaxon:1136071	5	mediadive.medium:1027|mediadive.medium:553|mediadive.medium:65|mediadive.medium:84|mediadive.medium:J51
NCBITaxon:1136073	2	mediadive.medium:1011d|mediadive.medium:J902
NCBITaxon:113653	1	mediadive.medium:1529
NCBITaxon:1136880	2	mediadive.medium:645|mediadive.medium:J386
NCBITaxon:1136941	1	mediadive.medium:1
NCBITaxon:1137799	1	mediadive.medium:514
NCBITaxon:1137988	2	mediadive.medium:65|mediadive.medium:830
NCBITaxon:1137989	3	mediadive.medium:65|mediadive.medium:830|mediadive.medium:J43
NCBITaxon:1137990	4	mediadive.medium:535|mediadive.medium:65|mediadive.medium:830|mediadive.medium:J43
NCBITaxon:1137991	3	mediadive.medium:65|mediadive.medium:830|mediadive.medium:J43
NCBITaxon:1137993	2	mediadive.medium:65|mediadive.medium:830
NCBITaxon:1137994	3	mediadive.medium:65|mediadive.medium:830|mediadive.medium:J43
NCBITaxon:1138189	1	mediadive.medium:98
NCBITaxon:1138190	1	mediadive.medium:98
NCBITaxon:1138194	1	mediadive.medium:98
NCBITaxon:1138585	1	mediadive.medium:92
NCBITaxon:1138587	1	mediadive.medium:92
NCBITaxon:1139219	2	mediadive.medium:693|mediadive.medium:92
NCBITaxon:1139996	3	mediadive.medium:693|mediadive.medium:92|mediadive.medium:J156
NCBITaxon:1140002	3	mediadive.medium:693|mediadive.medium:92|mediadive.medium:J156
NCBITaxon:1140003	2	mediadive.medium:693|mediadive.medium:92
NCBITaxon:114090	1	mediadive.medium:11
NCBITaxon:1141106	3	mediadive.medium:693|mediadive.medium:92|mediadive.medium:J12
NCBITaxon:114136	1	mediadive.medium:220
NCBITaxon:1141647	3	mediadive.medium:553|mediadive.medium:J256|mediadive.medium:J26
NCBITaxon:1141657	3	mediadive.medium:65|mediadive.medium:693|mediadive.medium:J43
NCBITaxon:1141660	2	mediadive.medium:535|mediadive.medium:J27
NCBITaxon:1141662	2	mediadive.medium:535|mediadive.medium:J27
NCBITaxon:1141874	4	mediadive.medium:252|mediadive.medium:65|mediadive.medium:84|mediadive.medium:987
NCBITaxon:1141878	1	mediadive.medium:830
NCBITaxon:1141882	1	mediadive.medium:830
NCBITaxon:1141887	1	mediadive.medium:830
NCBITaxon:1141888	1	mediadive.medium:830
NCBITaxon:1141889	1	mediadive.medium:830
NCBITaxon:1141890	1	mediadive.medium:830
NCBITaxon:1141892	1	mediadive.medium:830
NCBITaxon:114197	5	mediadive.medium:159|mediadive.medium:181|mediadive.medium:323|mediadive.medium:J14|mediadive.medium:J84
NCBITaxon:1142134	2	mediadive.medium:65|mediadive.medium:J42
NCBITaxon:1142239	2	mediadive.medium:65|mediadive.medium:84
NCBITaxon:1142394	1	mediadive.medium:514
NCBITaxon:114249	1	mediadive.medium:878
NCBITaxon:114259	2	mediadive.medium:535|mediadive.medium:65
NCBITaxon:1143	1	mediadive.medium:1593
NCBITaxon:114404	1	mediadive.medium:830
NCBITaxon:1144275	2	mediadive.medium:222|mediadive.medium:9
NCBITaxon:1144278	2	mediadive.medium:514|mediadive.medium:J118
NCBITaxon:1144477	1	mediadive.medium:514
NCBITaxon:1144478	1	mediadive.medium:514
NCBITaxon:1144547	3	mediadive.medium:535|mediadive.medium:65|mediadive.medium:83
NCBITaxon:1144548	5	mediadive.medium:535|mediadive.medium:553|mediadive.medium:554|mediadive.medium:65|mediadive.medium:J61
NCBITaxon:1144553	5	mediadive.medium:553|mediadive.medium:65|mediadive.medium:83|mediadive.medium:84|mediadive.medium:J51
NCBITaxon:1144617	1	mediadive.medium:1
NCBITaxon:1144618	3	mediadive.medium:535|mediadive.medium:65|mediadive.medium:J43
NCBITaxon:1144750	1	mediadive.medium:514
NCBITaxon:1144882	4	mediadive.medium:252|mediadive.medium:535|mediadive.medium:65|mediadive.medium:84
NCBITaxon:114683	1	mediadive.medium:65
NCBITaxon:114685	2	mediadive.medium:65|mediadive.medium:84
NCBITaxon:114686	2	mediadive.medium:65|mediadive.medium:84
NCBITaxon:114687	2	mediadive.medium:65|mediadive.medium:84
NCBITaxon:114688	2	mediadive.medium:252|mediadive.medium:65
NCBITaxon:1146890	2	mediadive.medium:220|mediadive.medium:514
NCBITaxon:114699	4	mediadive.medium:252|mediadive.medium:65|mediadive.medium:84|mediadive.medium:J42
NCBITaxon:1147123	1	mediadive.medium:1477
NCBITaxon:1147159	3	mediadive.medium:220|mediadive.medium:J182|mediadive.medium:J75
NCBITaxon:1149133	3	mediadive.medium:457d|mediadive.medium:535b|mediadive.medium:830
NCBITaxon:114975	2	mediadive.medium:220|mediadive.medium:J75
NCBITaxon:1149773	1	mediadive.medium:1626
NCBITaxon:1150112	1	mediadive.medium:381
NCBITaxon:1150157	1	mediadive.medium:220
NCBITaxon:1150298	5	mediadive.medium:104c|mediadive.medium:110a|mediadive.medium:339a|mediadive.medium:J1130|mediadive.medium:J465
NCBITaxon:1150368	1	mediadive.medium:514
NCBITaxon:1150371	1	mediadive.medium:65
NCBITaxon:1150423	4	mediadive.medium:58|mediadive.medium:693|mediadive.medium:J11|mediadive.medium:J13
NCBITaxon:1150461	3	mediadive.medium:58|mediadive.medium:J13|mediadive.medium:J14
NCBITaxon:1150468	2	mediadive.medium:58|mediadive.medium:J14
NCBITaxon:1150469	1	mediadive.medium:27
NCBITaxon:1150474	1	mediadive.medium:1083
NCBITaxon:1150621	2	mediadive.medium:833|mediadive.medium:J753
NCBITaxon:1150626	1	mediadive.medium:27
NCBITaxon:1150674	2	mediadive.medium:395|mediadive.medium:J187
NCBITaxon:1150864	2	mediadive.medium:554|mediadive.medium:65
NCBITaxon:1153	1	mediadive.medium:1593
NCBITaxon:115335	5	mediadive.medium:248|mediadive.medium:547|mediadive.medium:84|mediadive.medium:J48|mediadive.medium:J51
NCBITaxon:115336	2	mediadive.medium:84|mediadive.medium:J104
NCBITaxon:115433	3	mediadive.medium:65|mediadive.medium:83|mediadive.medium:J42
NCBITaxon:1154758	2	mediadive.medium:1|mediadive.medium:J12
NCBITaxon:1154862	2	mediadive.medium:693|mediadive.medium:92
NCBITaxon:1155073	1	mediadive.medium:11
NCBITaxon:115541	3	mediadive.medium:11|mediadive.medium:J13|mediadive.medium:J84
NCBITaxon:115542	3	mediadive.medium:11|mediadive.medium:J13|mediadive.medium:J84
NCBITaxon:115545	1	mediadive.medium:693
NCBITaxon:115551	1	mediadive.medium:514
NCBITaxon:1155689	2	mediadive.medium:514|mediadive.medium:J346
NCBITaxon:1155722	1	mediadive.medium:514
NCBITaxon:1155956	1	mediadive.medium:220
NCBITaxon:1156395	1	mediadive.medium:1210a
NCBITaxon:1156576	1	mediadive.medium:514
NCBITaxon:1156985	1	mediadive.medium:514
NCBITaxon:1157309	1	mediadive.medium:830
NCBITaxon:1157312	2	mediadive.medium:110|mediadive.medium:J14
NCBITaxon:1157490	1	mediadive.medium:830
NCBITaxon:1157498	2	mediadive.medium:65|mediadive.medium:83
NCBITaxon:115781	1	mediadive.medium:383
NCBITaxon:1157986	2	mediadive.medium:535|mediadive.medium:J943
NCBITaxon:1158052	3	mediadive.medium:1203|mediadive.medium:693|mediadive.medium:78
NCBITaxon:115828	2	mediadive.medium:65|mediadive.medium:84
NCBITaxon:1158459	1	mediadive.medium:1
NCBITaxon:115852	1	mediadive.medium:29
NCBITaxon:1158601	3	mediadive.medium:693|mediadive.medium:92|mediadive.medium:J156
NCBITaxon:1158603	2	mediadive.medium:693|mediadive.medium:92
NCBITaxon:1158604	2	mediadive.medium:693|mediadive.medium:92
NCBITaxon:1158605	2	mediadive.medium:693|mediadive.medium:92
NCBITaxon:1158607	2	mediadive.medium:693|mediadive.medium:92
NCBITaxon:1158610	2	mediadive.medium:693|mediadive.medium:92
NCBITaxon:1158612	1	mediadive.medium:92
NCBITaxon:1158614	2	mediadive.medium:693|mediadive.medium:92
NCBITaxon:1158996	1	mediadive.medium:514
NCBITaxon:1159	1	mediadive.medium:1673
NCBITaxon:1159213	2	mediadive.medium:104|mediadive.medium:J14
NCBITaxon:1159491	3	mediadive.medium:535|mediadive.medium:693|mediadive.medium:92
NCBITaxon:1159496	4	mediadive.medium:535|mediadive.medium:693|mediadive.medium:92|mediadive.medium:J12
NCBITaxon:1159554	3	mediadive.medium:535|mediadive.medium:693|mediadive.medium:J12
NCBITaxon:1159560	4	mediadive.medium:535|mediadive.medium:693|mediadive.medium:92|mediadive.medium:J12
NCBITaxon:1159613	3	mediadive.medium:535|mediadive.medium:693|mediadive.medium:92
NCBITaxon:1159752	2	mediadive.medium:693|mediadive.medium:92
NCBITaxon:1159753	2	mediadive.medium:693|mediadive.medium:92
NCBITaxon:115979	1	mediadive.medium:220
NCBITaxon:1160091	1	mediadive.medium:11
NCBITaxon:1160095	1	mediadive.medium:92
NCBITaxon:1160719	4	mediadive.medium:104|mediadive.medium:693|mediadive.medium:J14|mediadive.medium:J84
NCBITaxon:1160720	1	mediadive.medium:514
NCBITaxon:116087	1	mediadive.medium:76
NCBITaxon:1161097	3	mediadive.medium:693|mediadive.medium:92|mediadive.medium:J26
NCBITaxon:1161098	1	mediadive.medium:104
NCBITaxon:1161099	3	mediadive.medium:535|mediadive.medium:693|mediadive.medium:J302
NCBITaxon:116188	4	mediadive.medium:65|mediadive.medium:84|mediadive.medium:J51|mediadive.medium:J66
NCBITaxon:1161902	5	mediadive.medium:104|mediadive.medium:110|mediadive.medium:693|mediadive.medium:J1130|mediadive.medium:J14
NCBITaxon:1161919	1	mediadive.medium:1
NCBITaxon:1162296	5	mediadive.medium:1|mediadive.medium:693|mediadive.medium:92|mediadive.medium:J12|mediadive.medium:J22
NCBITaxon:1162633	1	mediadive.medium:11
NCBITaxon:1162717	2	mediadive.medium:693|mediadive.medium:J282
NCBITaxon:1162967	1	mediadive.medium:92
NCBITaxon:1162970	1	mediadive.medium:92
NCBITaxon:1163398	1	mediadive.medium:535
NCBITaxon:1163408	2	mediadive.medium:830c|mediadive.medium:J74
NCBITaxon:1163617	1	mediadive.medium:1277
NCBITaxon:1163621	1	mediadive.medium:514
NCBITaxon:1163730	2	mediadive.medium:395b|mediadive.medium:J935
NCBITaxon:1163776	2	mediadive.medium:514|mediadive.medium:J118
NCBITaxon:1164594	2	mediadive.medium:830|mediadive.medium:J346
NCBITaxon:1165507	2	mediadive.medium:514|mediadive.medium:J118
NCBITaxon:1165689	1	mediadive.medium:98
NCBITaxon:1165852	1	mediadive.medium:830
NCBITaxon:1166018	1	mediadive.medium:830
NCBITaxon:1166073	1	mediadive.medium:1346
NCBITaxon:1166078	1	mediadive.medium:1346
NCBITaxon:1166257	2	mediadive.medium:1|mediadive.medium:830
NCBITaxon:1166323	1	mediadive.medium:535
NCBITaxon:1166337	1	mediadive.medium:830
NCBITaxon:1166340	1	mediadive.medium:830
NCBITaxon:1166482	2	mediadive.medium:514|mediadive.medium:J118
NCBITaxon:1167	1	mediadive.medium:1592
NCBITaxon:1167006	1	mediadive.medium:196
NCBITaxon:1167092	1	mediadive.medium:1470
NCBITaxon:116718	1	mediadive.medium:1
NCBITaxon:1167628	2	mediadive.medium:104|mediadive.medium:J14
NCBITaxon:1168034	1	mediadive.medium:514
NCBITaxon:1168035	1	mediadive.medium:514
NCBITaxon:1168039	1	mediadive.medium:514
NCBITaxon:1168067	1	mediadive.medium:142
NCBITaxon:1168171	2	mediadive.medium:514b|mediadive.medium:J732
NCBITaxon:1168289	2	mediadive.medium:514|mediadive.medium:J118
NCBITaxon:116849	2	mediadive.medium:3|mediadive.medium:441
NCBITaxon:1168730	3	mediadive.medium:535|mediadive.medium:65|mediadive.medium:830
NCBITaxon:1169025	2	mediadive.medium:65|mediadive.medium:84
NCBITaxon:1169286	5	mediadive.medium:693|mediadive.medium:92|mediadive.medium:J156|mediadive.medium:J27|mediadive.medium:J70
NCBITaxon:1169864	3	mediadive.medium:252|mediadive.medium:65|mediadive.medium:84
NCBITaxon:1169913	1	mediadive.medium:830
NCBITaxon:1170224	2	mediadive.medium:104c|mediadive.medium:J786
NCBITaxon:1171373	4	mediadive.medium:104|mediadive.medium:91|mediadive.medium:J14|mediadive.medium:J84
NCBITaxon:1171543	2	mediadive.medium:514|mediadive.medium:J118
NCBITaxon:117157	3	mediadive.medium:65|mediadive.medium:830|mediadive.medium:J42
NCBITaxon:117207	2	mediadive.medium:535|mediadive.medium:545
NCBITaxon:1172190	2	mediadive.medium:113a|mediadive.medium:J941
NCBITaxon:1172192	2	mediadive.medium:514|mediadive.medium:J118
NCBITaxon:1172194	1	mediadive.medium:381
NCBITaxon:1172565	1	mediadive.medium:535
NCBITaxon:1172621	2	mediadive.medium:830|mediadive.medium:J26
NCBITaxon:1172626	1	mediadive.medium:1453
NCBITaxon:1173101	1	mediadive.medium:1347
NCBITaxon:1173107	1	mediadive.medium:220
NCBITaxon:1173111	3	mediadive.medium:1|mediadive.medium:830|mediadive.medium:J346
NCBITaxon:1173302	2	mediadive.medium:1|mediadive.medium:220
NCBITaxon:1173584	1	mediadive.medium:514
NCBITaxon:1173995	1	mediadive.medium:514a
NCBITaxon:1174501	2	mediadive.medium:220|mediadive.medium:545
NCBITaxon:1174504	2	mediadive.medium:1|mediadive.medium:514
NCBITaxon:117503	1	mediadive.medium:959
NCBITaxon:117504	1	mediadive.medium:613
NCBITaxon:117506	3	mediadive.medium:1|mediadive.medium:535|mediadive.medium:545
NCBITaxon:1175445	1	mediadive.medium:1318
NCBITaxon:1175486	2	mediadive.medium:535|mediadive.medium:92
NCBITaxon:1175514	1	mediadive.medium:830c
NCBITaxon:1175516	2	mediadive.medium:1|mediadive.medium:830
NCBITaxon:1175631	1	mediadive.medium:1a
NCBITaxon:117567	1	mediadive.medium:645
NCBITaxon:117606	1	mediadive.medium:514
NCBITaxon:1176176	1	mediadive.medium:830
NCBITaxon:1176177	1	mediadive.medium:830
NCBITaxon:1176198	3	mediadive.medium:252|mediadive.medium:65|mediadive.medium:84
NCBITaxon:1176239	1	mediadive.medium:1160
NCBITaxon:1176240	1	mediadive.medium:1336
NCBITaxon:1176243	3	mediadive.medium:1336|mediadive.medium:514|mediadive.medium:514b
NCBITaxon:1176249	2	mediadive.medium:92|mediadive.medium:J26
NCBITaxon:1176255	1	mediadive.medium:92
NCBITaxon:1176257	3	mediadive.medium:1|mediadive.medium:1506|mediadive.medium:535
NCBITaxon:1176259	1	mediadive.medium:1506
NCBITaxon:1176482	2	mediadive.medium:1513|mediadive.medium:J808
NCBITaxon:1176492	1	mediadive.medium:1
NCBITaxon:1176646	2	mediadive.medium:830|mediadive.medium:J346
NCBITaxon:1176697	2	mediadive.medium:1515|mediadive.medium:J950
NCBITaxon:1177180	2	mediadive.medium:1|mediadive.medium:220
NCBITaxon:1177185	1	mediadive.medium:514
NCBITaxon:1177574	2	mediadive.medium:104|mediadive.medium:693
NCBITaxon:1177728	2	mediadive.medium:104|mediadive.medium:J14
NCBITaxon:1177732	2	mediadive.medium:104|mediadive.medium:J14
NCBITaxon:1177755	1	mediadive.medium:1122
NCBITaxon:1177982	1	mediadive.medium:535
NCBITaxon:1178515	3	mediadive.medium:1|mediadive.medium:J346|mediadive.medium:J74
NCBITaxon:1178537	1	mediadive.medium:1
NCBITaxon:1179	1	mediadive.medium:1592
NCBITaxon:1179467	3	mediadive.medium:215|mediadive.medium:535a|mediadive.medium:693
NCBITaxon:1179773	2	mediadive.medium:65|mediadive.medium:J44
NCBITaxon:1179777	1	mediadive.medium:1076b
NCBITaxon:1179818	1	mediadive.medium:514
NCBITaxon:1180	1	mediadive.medium:1592
NCBITaxon:118005	1	mediadive.medium:818
NCBITaxon:118060	2	mediadive.medium:693|mediadive.medium:92
NCBITaxon:118062	1	mediadive.medium:119
NCBITaxon:118126	1	mediadive.medium:287
NCBITaxon:1181879	1	mediadive.medium:65
NCBITaxon:1181882	4	mediadive.medium:215|mediadive.medium:535|mediadive.medium:65|mediadive.medium:83
NCBITaxon:1181884	4	mediadive.medium:535|mediadive.medium:65|mediadive.medium:830|mediadive.medium:987
NCBITaxon:1181886	1	mediadive.medium:553
NCBITaxon:1181887	1	mediadive.medium:65
NCBITaxon:1182444	1	mediadive.medium:514
NCBITaxon:118246	1	mediadive.medium:220
NCBITaxon:1182597	5	mediadive.medium:554|mediadive.medium:65|mediadive.medium:987|mediadive.medium:J104|mediadive.medium:J51
NCBITaxon:118367	1	mediadive.medium:104
NCBITaxon:1184387	2	mediadive.medium:1163a|mediadive.medium:1328
NCBITaxon:1184607	2	mediadive.medium:535|mediadive.medium:J218
NCBITaxon:1184609	2	mediadive.medium:776|mediadive.medium:J26
NCBITaxon:1184688	1	mediadive.medium:381
NCBITaxon:1184706	5	mediadive.medium:535|mediadive.medium:553|mediadive.medium:554|mediadive.medium:65|mediadive.medium:J61
NCBITaxon:1185412	2	mediadive.medium:1040|mediadive.medium:J909
NCBITaxon:1185415	5	mediadive.medium:535|mediadive.medium:553|mediadive.medium:554|mediadive.medium:65|mediadive.medium:J61
NCBITaxon:1185649	1	mediadive.medium:220
NCBITaxon:1185650	2	mediadive.medium:645|mediadive.medium:J386
NCBITaxon:1185653	1	mediadive.medium:92
NCBITaxon:1185766	1	mediadive.medium:514
NCBITaxon:1185843	1	mediadive.medium:195a
NCBITaxon:1185876	1	mediadive.medium:830
NCBITaxon:1186196	2	mediadive.medium:372|mediadive.medium:J914
NCBITaxon:1187	1	mediadive.medium:1592
NCBITaxon:1187080	1	mediadive.medium:630
NCBITaxon:118748	2	mediadive.medium:104|mediadive.medium:110
NCBITaxon:1187852	1	mediadive.medium:830
NCBITaxon:1187855	2	mediadive.medium:553|mediadive.medium:65
NCBITaxon:1187856	1	mediadive.medium:65
NCBITaxon:1187859	2	mediadive.medium:84|mediadive.medium:987
NCBITaxon:1188245	1	mediadive.medium:27
NCBITaxon:1188247	1	mediadive.medium:27
NCBITaxon:1188254	1	mediadive.medium:1147
NCBITaxon:1188256	1	mediadive.medium:27
NCBITaxon:1188261	2	mediadive.medium:31|mediadive.medium:J181
NCBITaxon:1188319	2	mediadive.medium:1267|mediadive.medium:J628
NCBITaxon:1188745	4	mediadive.medium:553|mediadive.medium:65|mediadive.medium:84|mediadive.medium:J61
NCBITaxon:1189126	2	mediadive.medium:830|mediadive.medium:J27
NCBITaxon:1189310	2	mediadive.medium:9|mediadive.medium:J436
NCBITaxon:1189325	1	mediadive.medium:514
NCBITaxon:1189613	2	mediadive.medium:693|mediadive.medium:92
NCBITaxon:1189619	1	mediadive.medium:514
NCBITaxon:119000	1	mediadive.medium:514
NCBITaxon:119025	4	mediadive.medium:1|mediadive.medium:162|mediadive.medium:457|mediadive.medium:465c
NCBITaxon:1190415	1	mediadive.medium:535
NCBITaxon:1190417	1	mediadive.medium:65
NCBITaxon:1190508	2	mediadive.medium:535a|mediadive.medium:J256
NCBITaxon:119072	2	mediadive.medium:965|mediadive.medium:J112
NCBITaxon:1191	1	mediadive.medium:1592
NCBITaxon:1191460	2	mediadive.medium:693|mediadive.medium:92
NCBITaxon:1191699	1	mediadive.medium:514
NCBITaxon:1191734	2	mediadive.medium:514|mediadive.medium:514f
NCBITaxon:1192023	2	mediadive.medium:514|mediadive.medium:514f
NCBITaxon:1192034	1	mediadive.medium:9
NCBITaxon:119206	4	mediadive.medium:215|mediadive.medium:693|mediadive.medium:92|mediadive.medium:J156
NCBITaxon:119219	2	mediadive.medium:1|mediadive.medium:81
NCBITaxon:119224	2	mediadive.medium:693|mediadive.medium:92
NCBITaxon:1192854	2	mediadive.medium:1303|mediadive.medium:514
NCBITaxon:1193500	2	mediadive.medium:1113|mediadive.medium:J946
NCBITaxon:1193502	1	mediadive.medium:732a
NCBITaxon:1193620	2	mediadive.medium:830|mediadive.medium:J346
NCBITaxon:1193682	2	mediadive.medium:548|mediadive.medium:65
NCBITaxon:1193683	2	mediadive.medium:554|mediadive.medium:65
NCBITaxon:1193713	1	mediadive.medium:1
NCBITaxon:1194090	1	mediadive.medium:514
NCBITaxon:1194168	1	mediadive.medium:535
NCBITaxon:1194427	1	mediadive.medium:514
NCBITaxon:119485	1	mediadive.medium:503
NCBITaxon:119495	2	mediadive.medium:215|mediadive.medium:693
NCBITaxon:1195245	1	mediadive.medium:386
NCBITaxon:1195760	2	mediadive.medium:830|mediadive.medium:J832
NCBITaxon:1195763	2	mediadive.medium:514c|mediadive.medium:J118
NCBITaxon:119602	2	mediadive.medium:693|mediadive.medium:92
NCBITaxon:1196056	1	mediadive.medium:403
NCBITaxon:1196083	3	mediadive.medium:215|mediadive.medium:429|mediadive.medium:535
NCBITaxon:1196095	2	mediadive.medium:535|mediadive.medium:545
NCBITaxon:1196353	4	mediadive.medium:252|mediadive.medium:535|mediadive.medium:65|mediadive.medium:84
NCBITaxon:119644	1	mediadive.medium:937
NCBITaxon:1197717	1	mediadive.medium:110
NCBITaxon:1197861	2	mediadive.medium:545|mediadive.medium:J26
NCBITaxon:1198245	5	mediadive.medium:535|mediadive.medium:553|mediadive.medium:554|mediadive.medium:65|mediadive.medium:J104
NCBITaxon:1198449	2	mediadive.medium:514|mediadive.medium:J224
NCBITaxon:119858	2	mediadive.medium:1|mediadive.medium:92
NCBITaxon:119863	1	mediadive.medium:514
NCBITaxon:119864	3	mediadive.medium:514|mediadive.medium:514f|mediadive.medium:J118
NCBITaxon:1199	2	mediadive.medium:1593|mediadive.medium:1673
NCBITaxon:119978	1	mediadive.medium:71
NCBITaxon:119981	2	mediadive.medium:693|mediadive.medium:78
NCBITaxon:1200300	1	mediadive.medium:507
NCBITaxon:1200352	3	mediadive.medium:535|mediadive.medium:693|mediadive.medium:J26
NCBITaxon:120044	2	mediadive.medium:10|mediadive.medium:J247
NCBITaxon:1201031	1	mediadive.medium:535
NCBITaxon:120107	3	mediadive.medium:220a|mediadive.medium:462|mediadive.medium:J22
NCBITaxon:1201292	3	mediadive.medium:693|mediadive.medium:92|mediadive.medium:J156
NCBITaxon:1201293	2	mediadive.medium:514|mediadive.medium:J118
NCBITaxon:1201294	1	mediadive.medium:1523
NCBITaxon:120213	2	mediadive.medium:830|mediadive.medium:J26
NCBITaxon:1202450	3	mediadive.medium:645a|mediadive.medium:693|mediadive.medium:J714
NCBITaxon:1202724	1	mediadive.medium:830
NCBITaxon:1202767	2	mediadive.medium:1528|mediadive.medium:J574
NCBITaxon:1202768	2	mediadive.medium:1528|mediadive.medium:J954
NCBITaxon:1202962	1	mediadive.medium:514
NCBITaxon:120298	2	mediadive.medium:830|mediadive.medium:J26
NCBITaxon:1203471	2	mediadive.medium:838|mediadive.medium:J756
NCBITaxon:1203599	2	mediadive.medium:645|mediadive.medium:J386
NCBITaxon:1203608	3	mediadive.medium:1203a|mediadive.medium:693|mediadive.medium:J14
NCBITaxon:1203610	3	mediadive.medium:693|mediadive.medium:78|mediadive.medium:J14
NCBITaxon:120370	2	mediadive.medium:693|mediadive.medium:92
NCBITaxon:120377	4	mediadive.medium:381|mediadive.medium:693|mediadive.medium:J256|mediadive.medium:J28
NCBITaxon:1204385	1	mediadive.medium:830
NCBITaxon:1204719	2	mediadive.medium:110|mediadive.medium:J14
NCBITaxon:1204725	2	mediadive.medium:119|mediadive.medium:1523
NCBITaxon:1205683	1	mediadive.medium:535
NCBITaxon:1206085	4	mediadive.medium:535|mediadive.medium:553|mediadive.medium:65|mediadive.medium:830
NCBITaxon:1206106	4	mediadive.medium:693|mediadive.medium:92|mediadive.medium:J256|mediadive.medium:J28
NCBITaxon:1206336	1	mediadive.medium:514
NCBITaxon:1206720	2	mediadive.medium:535|mediadive.medium:J43
NCBITaxon:1206721	3	mediadive.medium:553|mediadive.medium:65|mediadive.medium:J43
NCBITaxon:1206722	2	mediadive.medium:535|mediadive.medium:J43
NCBITaxon:1206723	3	mediadive.medium:553|mediadive.medium:65|mediadive.medium:J43
NCBITaxon:1206724	4	mediadive.medium:215|mediadive.medium:535|mediadive.medium:65|mediadive.medium:J43
NCBITaxon:1206725	3	mediadive.medium:82|mediadive.medium:83|mediadive.medium:J80
NCBITaxon:1206726	2	mediadive.medium:65|mediadive.medium:J43
NCBITaxon:1206727	4	mediadive.medium:215|mediadive.medium:535|mediadive.medium:65|mediadive.medium:J43
NCBITaxon:1206728	2	mediadive.medium:65|mediadive.medium:J43
NCBITaxon:1206729	3	mediadive.medium:553|mediadive.medium:65|mediadive.medium:J57
NCBITaxon:1206730	2	mediadive.medium:535|mediadive.medium:J26
NCBITaxon:1206731	2	mediadive.medium:65|mediadive.medium:J57
NCBITaxon:1206732	7	mediadive.medium:553|mediadive.medium:65|mediadive.medium:693|mediadive.medium:92|mediadive.medium:J26|mediadive.medium:J43|mediadive.medium:J57
NCBITaxon:1206733	3	mediadive.medium:553|mediadive.medium:65|mediadive.medium:J43
NCBITaxon:1206734	4	mediadive.medium:215|mediadive.medium:693|mediadive.medium:J28|mediadive.medium:J43
NCBITaxon:1206735	4	mediadive.medium:215|mediadive.medium:535|mediadive.medium:65|mediadive.medium:J26
NCBITaxon:1206736	3	mediadive.medium:535|mediadive.medium:65|mediadive.medium:J43
NCBITaxon:1206737	2	mediadive.medium:535|mediadive.medium:J26
NCBITaxon:1206738	2	mediadive.medium:65|mediadive.medium:J505
NCBITaxon:1206739	3	mediadive.medium:535|mediadive.medium:65|mediadive.medium:J43
NCBITaxon:1206740	2	mediadive.medium:535|mediadive.medium:J43
NCBITaxon:1206741	2	mediadive.medium:535|mediadive.medium:J43
NCBITaxon:1206742	2	mediadive.medium:65|mediadive.medium:J43
NCBITaxon:1206743	3	mediadive.medium:535|mediadive.medium:65|mediadive.medium:J43
NCBITaxon:1206744	4	mediadive.medium:65|mediadive.medium:693|mediadive.medium:J43|mediadive.medium:J57
NCBITaxon:1206753	1	mediadive.medium:514
NCBITaxon:1206781	2	mediadive.medium:1|mediadive.medium:J75
NCBITaxon:1206816	1	mediadive.medium:514
NCBITaxon:1206817	1	mediadive.medium:1
NCBITaxon:1206892	3	mediadive.medium:514|mediadive.medium:65|mediadive.medium:84
NCBITaxon:1206997	2	mediadive.medium:514|mediadive.medium:J118
NCBITaxon:1207039	1	mediadive.medium:514
NCBITaxon:1207057	1	mediadive.medium:535
NCBITaxon:1207504	1	mediadive.medium:830
NCBITaxon:1208313	1	mediadive.medium:514
NCBITaxon:1208314	2	mediadive.medium:535|mediadive.medium:J43
NCBITaxon:1208324	1	mediadive.medium:514
NCBITaxon:1208342	2	mediadive.medium:220|mediadive.medium:461
NCBITaxon:1208599	1	mediadive.medium:1
NCBITaxon:1208607	4	mediadive.medium:535|mediadive.medium:535b|mediadive.medium:545|mediadive.medium:907
NCBITaxon:120956	2	mediadive.medium:215|mediadive.medium:693
NCBITaxon:120957	1	mediadive.medium:65
NCBITaxon:120958	1	mediadive.medium:104b
NCBITaxon:120959	2	mediadive.medium:645|mediadive.medium:J386
NCBITaxon:1209948	1	mediadive.medium:98
NCBITaxon:1209954	2	mediadive.medium:830|mediadive.medium:98
NCBITaxon:1209958	1	mediadive.medium:98
NCBITaxon:1209984	3	mediadive.medium:354|mediadive.medium:645|mediadive.medium:J386
NCBITaxon:1210006	4	mediadive.medium:693|mediadive.medium:92|mediadive.medium:J27|mediadive.medium:J70
NCBITaxon:1210061	3	mediadive.medium:535|mediadive.medium:65|mediadive.medium:J57
NCBITaxon:1210062	3	mediadive.medium:553|mediadive.medium:65|mediadive.medium:J43
NCBITaxon:1210063	2	mediadive.medium:65|mediadive.medium:J57
NCBITaxon:1210064	3	mediadive.medium:553|mediadive.medium:65|mediadive.medium:J57
NCBITaxon:1210065	3	mediadive.medium:535|mediadive.medium:65|mediadive.medium:J43
NCBITaxon:1210066	2	mediadive.medium:65|mediadive.medium:J43
NCBITaxon:1210067	3	mediadive.medium:535|mediadive.medium:553|mediadive.medium:J43
NCBITaxon:1210068	3	mediadive.medium:693|mediadive.medium:92|mediadive.medium:J57
NCBITaxon:1210069	3	mediadive.medium:535|mediadive.medium:65|mediadive.medium:J43
NCBITaxon:1210070	3	mediadive.medium:553|mediadive.medium:65|mediadive.medium:J43
NCBITaxon:1210071	3	mediadive.medium:535|mediadive.medium:553|mediadive.medium:J505
NCBITaxon:1210072	3	mediadive.medium:535|mediadive.medium:65|mediadive.medium:J43
NCBITaxon:1210073	4	mediadive.medium:535|mediadive.medium:553|mediadive.medium:65|mediadive.medium:J57
NCBITaxon:1210074	2	mediadive.medium:65|mediadive.medium:J43
NCBITaxon:1210075	3	mediadive.medium:535|mediadive.medium:65|mediadive.medium:J43
NCBITaxon:1210076	6	mediadive.medium:553|mediadive.medium:65|mediadive.medium:693|mediadive.medium:92|mediadive.medium:J43|mediadive.medium:J57
NCBITaxon:1210077	3	mediadive.medium:553|mediadive.medium:65|mediadive.medium:J43
NCBITaxon:1210078	3	mediadive.medium:535|mediadive.medium:553|mediadive.medium:J57
NCBITaxon:1210079	2	mediadive.medium:65|mediadive.medium:J43
NCBITaxon:1210080	2	mediadive.medium:65|mediadive.medium:J43
NCBITaxon:1210081	3	mediadive.medium:535|mediadive.medium:65|mediadive.medium:J43
NCBITaxon:1210082	2	mediadive.medium:215|mediadive.medium:J28
NCBITaxon:1210083	3	mediadive.medium:535|mediadive.medium:65|mediadive.medium:J57
NCBITaxon:1210084	2	mediadive.medium:65|mediadive.medium:J57
NCBITaxon:1210086	2	mediadive.medium:535|mediadive.medium:J57
NCBITaxon:1210087	2	mediadive.medium:65|mediadive.medium:J26
NCBITaxon:1210088	3	mediadive.medium:535|mediadive.medium:65|mediadive.medium:J57
NCBITaxon:1210089	3	mediadive.medium:65|mediadive.medium:J44|mediadive.medium:J57
NCBITaxon:1210090	3	mediadive.medium:251|mediadive.medium:535|mediadive.medium:J43
NCBITaxon:1210091	2	mediadive.medium:65|mediadive.medium:J43
NCBITaxon:1210092	3	mediadive.medium:535|mediadive.medium:553|mediadive.medium:J43
NCBITaxon:1210093	2	mediadive.medium:426|mediadive.medium:J43
NCBITaxon:1210094	2	mediadive.medium:535|mediadive.medium:J43
NCBITaxon:1210095	3	mediadive.medium:535|mediadive.medium:65|mediadive.medium:J43
NCBITaxon:1210096	2	mediadive.medium:535|mediadive.medium:J43
NCBITaxon:1210098	3	mediadive.medium:250|mediadive.medium:65|mediadive.medium:J43
NCBITaxon:1210099	3	mediadive.medium:535|mediadive.medium:65|mediadive.medium:J43
NCBITaxon:1210100	2	mediadive.medium:65|mediadive.medium:J43
NCBITaxon:1210101	4	mediadive.medium:553|mediadive.medium:65|mediadive.medium:J43|mediadive.medium:J57
NCBITaxon:1210884	1	mediadive.medium:595
NCBITaxon:1211322	1	mediadive.medium:1484
NCBITaxon:1211323	2	mediadive.medium:1484|mediadive.medium:830
NCBITaxon:1211579	8	mediadive.medium:1|mediadive.medium:1a|mediadive.medium:535|mediadive.medium:545|mediadive.medium:830|mediadive.medium:907|mediadive.medium:J12|mediadive.medium:J22
NCBITaxon:1211803	1	mediadive.medium:1
NCBITaxon:1211806	1	mediadive.medium:1
NCBITaxon:1211807	15	mediadive.medium:1|mediadive.medium:101|mediadive.medium:1a|mediadive.medium:220|mediadive.medium:220a|mediadive.medium:426|mediadive.medium:457|mediadive.medium:460|mediadive.medium:535|mediadive.medium:535b|mediadive.medium:545|mediadive.medium:830|mediadive.medium:907|mediadive.medium:J12|mediadive.medium:J22
NCBITaxon:1212489	2	mediadive.medium:1|mediadive.medium:585
NCBITaxon:1212491	1	mediadive.medium:585
NCBITaxon:1212764	2	mediadive.medium:215|mediadive.medium:693
NCBITaxon:121290	2	mediadive.medium:53|mediadive.medium:939
NCBITaxon:121291	5	mediadive.medium:1|mediadive.medium:53|mediadive.medium:939|mediadive.medium:J26|mediadive.medium:J475
NCBITaxon:121292	4	mediadive.medium:53|mediadive.medium:939|mediadive.medium:J26|mediadive.medium:J475
NCBITaxon:1213358	1	mediadive.medium:92
NCBITaxon:1213861	1	mediadive.medium:553
NCBITaxon:1214077	1	mediadive.medium:514b
NCBITaxon:1214101	4	mediadive.medium:65|mediadive.medium:84|mediadive.medium:J42|mediadive.medium:J66
NCBITaxon:1214102	5	mediadive.medium:219|mediadive.medium:250|mediadive.medium:645|mediadive.medium:J26|mediadive.medium:J386
NCBITaxon:1214117	2	mediadive.medium:215|mediadive.medium:693
NCBITaxon:1214160	2	mediadive.medium:693|mediadive.medium:92
NCBITaxon:121428	10	mediadive.medium:1|mediadive.medium:1a|mediadive.medium:220|mediadive.medium:457|mediadive.medium:462|mediadive.medium:462a|mediadive.medium:465|mediadive.medium:535|mediadive.medium:545|mediadive.medium:830
NCBITaxon:1214787	2	mediadive.medium:514|mediadive.medium:J118
NCBITaxon:1214925	4	mediadive.medium:252|mediadive.medium:65|mediadive.medium:84|mediadive.medium:J569
NCBITaxon:1214928	1	mediadive.medium:1722
NCBITaxon:1215089	2	mediadive.medium:92|mediadive.medium:J75
NCBITaxon:1215092	2	mediadive.medium:1a|mediadive.medium:J22
NCBITaxon:1215093	2	mediadive.medium:514|mediadive.medium:J22
NCBITaxon:1215094	2	mediadive.medium:535|mediadive.medium:J12
NCBITaxon:1215095	2	mediadive.medium:1|mediadive.medium:J12
NCBITaxon:1215097	3	mediadive.medium:1|mediadive.medium:J156|mediadive.medium:J22
NCBITaxon:1215098	1	mediadive.medium:220
NCBITaxon:1215099	2	mediadive.medium:1|mediadive.medium:J22
NCBITaxon:1215100	5	mediadive.medium:1|mediadive.medium:535|mediadive.medium:830|mediadive.medium:907|mediadive.medium:J12
NCBITaxon:1215102	2	mediadive.medium:535|mediadive.medium:J12
NCBITaxon:1215103	2	mediadive.medium:220|mediadive.medium:J22
NCBITaxon:1215104	4	mediadive.medium:1|mediadive.medium:1a|mediadive.medium:907|mediadive.medium:J22
NCBITaxon:1215105	2	mediadive.medium:220|mediadive.medium:J22
NCBITaxon:1215106	3	mediadive.medium:693|mediadive.medium:92|mediadive.medium:J22
NCBITaxon:1215107	2	mediadive.medium:535|mediadive.medium:J22
NCBITaxon:1215108	2	mediadive.medium:1|mediadive.medium:J12
NCBITaxon:1215109	2	mediadive.medium:535|mediadive.medium:J22
NCBITaxon:1215110	2	mediadive.medium:535|mediadive.medium:J22
NCBITaxon:1215111	2	mediadive.medium:830a|mediadive.medium:J12
NCBITaxon:1215112	2	mediadive.medium:220|mediadive.medium:J12
NCBITaxon:1215113	3	mediadive.medium:220|mediadive.medium:693|mediadive.medium:J22
NCBITaxon:1215114	2	mediadive.medium:1|mediadive.medium:J12
NCBITaxon:1215115	4	mediadive.medium:220|mediadive.medium:J156|mediadive.medium:J22|mediadive.medium:J27
NCBITaxon:1215116	2	mediadive.medium:1a|mediadive.medium:J12
NCBITaxon:1215117	2	mediadive.medium:535|mediadive.medium:J12
NCBITaxon:1215118	3	mediadive.medium:1a|mediadive.medium:907|mediadive.medium:J27
NCBITaxon:1215385	2	mediadive.medium:92|mediadive.medium:J443
NCBITaxon:1216006	2	mediadive.medium:514|mediadive.medium:514f
NCBITaxon:1216008	2	mediadive.medium:220|mediadive.medium:J181
NCBITaxon:1216040	1	mediadive.medium:514c
NCBITaxon:1216062	2	mediadive.medium:1040|mediadive.medium:J963
NCBITaxon:121616	5	mediadive.medium:1794|mediadive.medium:554|mediadive.medium:65|mediadive.medium:J50|mediadive.medium:J61
NCBITaxon:121620	3	mediadive.medium:65|mediadive.medium:656|mediadive.medium:J61
NCBITaxon:1216297	1	mediadive.medium:1730
NCBITaxon:1216932	1	mediadive.medium:104b
NCBITaxon:1216966	4	mediadive.medium:215|mediadive.medium:220|mediadive.medium:J12|mediadive.medium:J22
NCBITaxon:1216967	2	mediadive.medium:1|mediadive.medium:J75
NCBITaxon:1216968	5	mediadive.medium:535|mediadive.medium:830|mediadive.medium:92|mediadive.medium:J22|mediadive.medium:J26
NCBITaxon:1216969	2	mediadive.medium:514|mediadive.medium:J118
NCBITaxon:1216970	2	mediadive.medium:92|mediadive.medium:J75
NCBITaxon:1216971	4	mediadive.medium:535|mediadive.medium:736|mediadive.medium:92|mediadive.medium:J26
NCBITaxon:1216972	4	mediadive.medium:535|mediadive.medium:693|mediadive.medium:92|mediadive.medium:J26
NCBITaxon:1216973	2	mediadive.medium:92|mediadive.medium:J28
NCBITaxon:1216974	2	mediadive.medium:92|mediadive.medium:J28
NCBITaxon:1216975	3	mediadive.medium:848|mediadive.medium:948|mediadive.medium:J28
NCBITaxon:1216977	2	mediadive.medium:1|mediadive.medium:J22
NCBITaxon:1216978	2	mediadive.medium:220|mediadive.medium:J12
NCBITaxon:1216979	3	mediadive.medium:693|mediadive.medium:92|mediadive.medium:J282
NCBITaxon:1216980	5	mediadive.medium:535|mediadive.medium:693|mediadive.medium:J118|mediadive.medium:J28|mediadive.medium:J7
NCBITaxon:1216982	3	mediadive.medium:220|mediadive.medium:693|mediadive.medium:92
NCBITaxon:121719	1	mediadive.medium:940
NCBITaxon:1217282	4	mediadive.medium:693|mediadive.medium:78|mediadive.medium:J14|mediadive.medium:J83
NCBITaxon:121734	1	mediadive.medium:370
NCBITaxon:1217420	1	mediadive.medium:11
NCBITaxon:1217648	2	mediadive.medium:535|mediadive.medium:J27
NCBITaxon:1217655	1	mediadive.medium:1
NCBITaxon:1217657	2	mediadive.medium:535|mediadive.medium:693
NCBITaxon:1217659	2	mediadive.medium:693|mediadive.medium:92
NCBITaxon:1217663	3	mediadive.medium:1|mediadive.medium:693|mediadive.medium:92
NCBITaxon:1217664	1	mediadive.medium:220
NCBITaxon:1217666	2	mediadive.medium:220|mediadive.medium:535
NCBITaxon:1217670	2	mediadive.medium:535|mediadive.medium:693
NCBITaxon:1217676	4	mediadive.medium:1|mediadive.medium:830|mediadive.medium:92|mediadive.medium:J27
NCBITaxon:1217715	2	mediadive.medium:535|mediadive.medium:693
NCBITaxon:1217970	1	mediadive.medium:514
NCBITaxon:1217988	2	mediadive.medium:1|mediadive.medium:693
NCBITaxon:1218073	2	mediadive.medium:1a|mediadive.medium:830c
NCBITaxon:1218077	3	mediadive.medium:535|mediadive.medium:545|mediadive.medium:J22
NCBITaxon:1218078	2	mediadive.medium:1|mediadive.medium:830
NCBITaxon:1218079	3	mediadive.medium:1|mediadive.medium:693|mediadive.medium:830
NCBITaxon:1218083	1	mediadive.medium:1
NCBITaxon:1218084	1	mediadive.medium:535
NCBITaxon:1218085	4	mediadive.medium:220|mediadive.medium:693|mediadive.medium:92|mediadive.medium:J70
NCBITaxon:1218087	3	mediadive.medium:693|mediadive.medium:92|mediadive.medium:J156
NCBITaxon:1218088	3	mediadive.medium:693|mediadive.medium:92|mediadive.medium:J156
NCBITaxon:1218090	5	mediadive.medium:693|mediadive.medium:92|mediadive.medium:J156|mediadive.medium:J27|mediadive.medium:J70
NCBITaxon:1218091	2	mediadive.medium:693|mediadive.medium:92
NCBITaxon:1218092	3	mediadive.medium:693|mediadive.medium:92|mediadive.medium:J156
NCBITaxon:1218093	3	mediadive.medium:693|mediadive.medium:92|mediadive.medium:J156
NCBITaxon:1218094	2	mediadive.medium:1|mediadive.medium:J22
NCBITaxon:1218095	6	mediadive.medium:1a|mediadive.medium:220|mediadive.medium:535|mediadive.medium:545|mediadive.medium:J12|mediadive.medium:J22
NCBITaxon:1218096	3	mediadive.medium:1|mediadive.medium:J12|mediadive.medium:J22
NCBITaxon:1218097	5	mediadive.medium:1|mediadive.medium:693|mediadive.medium:92|mediadive.medium:J12|mediadive.medium:J22
NCBITaxon:1218098	6	mediadive.medium:1|mediadive.medium:220|mediadive.medium:693|mediadive.medium:92|mediadive.medium:J12|mediadive.medium:J22
NCBITaxon:1218100	5	mediadive.medium:215|mediadive.medium:535|mediadive.medium:693|mediadive.medium:92|mediadive.medium:J12
NCBITaxon:1218101	5	mediadive.medium:215|mediadive.medium:429|mediadive.medium:693|mediadive.medium:J12|mediadive.medium:J22
NCBITaxon:1218102	3	mediadive.medium:693|mediadive.medium:92|mediadive.medium:J12
NCBITaxon:1218107	3	mediadive.medium:1a|mediadive.medium:J12|mediadive.medium:J22
NCBITaxon:1218109	3	mediadive.medium:216|mediadive.medium:J14|mediadive.medium:J84
NCBITaxon:1218110	2	mediadive.medium:1133|mediadive.medium:830
NCBITaxon:1218111	4	mediadive.medium:1133|mediadive.medium:830|mediadive.medium:J346|mediadive.medium:J739
NCBITaxon:1218112	4	mediadive.medium:1|mediadive.medium:693|mediadive.medium:92|mediadive.medium:J12
NCBITaxon:1218113	3	mediadive.medium:1a|mediadive.medium:J12|mediadive.medium:J22
NCBITaxon:1218114	5	mediadive.medium:1|mediadive.medium:693|mediadive.medium:92|mediadive.medium:J12|mediadive.medium:J22
NCBITaxon:1218115	3	mediadive.medium:220|mediadive.medium:830|mediadive.medium:J22
NCBITaxon:121821	1	mediadive.medium:928
NCBITaxon:1218492	3	mediadive.medium:11|mediadive.medium:J13|mediadive.medium:J853
NCBITaxon:1218493	1	mediadive.medium:11
NCBITaxon:1218494	2	mediadive.medium:11|mediadive.medium:J853
NCBITaxon:1218495	2	mediadive.medium:11|mediadive.medium:J853
NCBITaxon:1218506	1	mediadive.medium:11
NCBITaxon:1218507	2	mediadive.medium:11|mediadive.medium:J853
NCBITaxon:1218508	2	mediadive.medium:11|mediadive.medium:J853
NCBITaxon:121872	2	mediadive.medium:954|mediadive.medium:J402
NCBITaxon:1219010	2	mediadive.medium:535|mediadive.medium:J28
NCBITaxon:1219011	2	mediadive.medium:65|mediadive.medium:J57
NCBITaxon:1219012	2	mediadive.medium:535|mediadive.medium:J43
NCBITaxon:1219014	4	mediadive.medium:535|mediadive.medium:65|mediadive.medium:J43|mediadive.medium:J57
NCBITaxon:1219015	3	mediadive.medium:535|mediadive.medium:65|mediadive.medium:J57
NCBITaxon:1219016	3	mediadive.medium:535|mediadive.medium:65|mediadive.medium:J57
NCBITaxon:1219017	2	mediadive.medium:535|mediadive.medium:J43
NCBITaxon:1219019	2	mediadive.medium:535|mediadive.medium:J43
NCBITaxon:1219020	4	mediadive.medium:1691|mediadive.medium:246|mediadive.medium:381|mediadive.medium:J118
NCBITaxon:1219023	3	mediadive.medium:65|mediadive.medium:J43|mediadive.medium:J57
NCBITaxon:1219024	4	mediadive.medium:535|mediadive.medium:65|mediadive.medium:J43|mediadive.medium:J57
NCBITaxon:1219025	3	mediadive.medium:535|mediadive.medium:65|mediadive.medium:J43
NCBITaxon:1219026	3	mediadive.medium:535|mediadive.medium:65|mediadive.medium:J43
NCBITaxon:1219027	2	mediadive.medium:535|mediadive.medium:J26
NCBITaxon:1219028	3	mediadive.medium:535|mediadive.medium:65|mediadive.medium:J57
NCBITaxon:1219030	4	mediadive.medium:215|mediadive.medium:65|mediadive.medium:J43|mediadive.medium:J57
NCBITaxon:1219032	2	mediadive.medium:220|mediadive.medium:J22
NCBITaxon:1219034	3	mediadive.medium:1|mediadive.medium:830|mediadive.medium:J22
NCBITaxon:1219035	2	mediadive.medium:1a|mediadive.medium:J12
NCBITaxon:1219038	3	mediadive.medium:220a|mediadive.medium:535|mediadive.medium:J12
NCBITaxon:1219039	2	mediadive.medium:220|mediadive.medium:J75
NCBITaxon:1219040	2	mediadive.medium:1|mediadive.medium:J22
NCBITaxon:1219041	3	mediadive.medium:1|mediadive.medium:830|mediadive.medium:J22
NCBITaxon:1219042	3	mediadive.medium:1|mediadive.medium:J22|mediadive.medium:J28
NCBITaxon:1219043	1	mediadive.medium:830
NCBITaxon:1219044	4	mediadive.medium:1|mediadive.medium:457|mediadive.medium:53|mediadive.medium:J27
NCBITaxon:1219045	2	mediadive.medium:220|mediadive.medium:457
NCBITaxon:1219046	2	mediadive.medium:220|mediadive.medium:J75
NCBITaxon:1219047	2	mediadive.medium:1a|mediadive.medium:J346
NCBITaxon:1219048	2	mediadive.medium:1|mediadive.medium:J75
NCBITaxon:1219049	2	mediadive.medium:220|mediadive.medium:J28
NCBITaxon:1219050	4	mediadive.medium:535|mediadive.medium:693|mediadive.medium:92|mediadive.medium:J28
NCBITaxon:1219051	2	mediadive.medium:1|mediadive.medium:J22
NCBITaxon:1219052	1	mediadive.medium:1a
NCBITaxon:1219053	3	mediadive.medium:1|mediadive.medium:J27|mediadive.medium:J75
NCBITaxon:1219054	2	mediadive.medium:215|mediadive.medium:J28
NCBITaxon:1219055	2	mediadive.medium:830|mediadive.medium:J22
NCBITaxon:1219056	3	mediadive.medium:726|mediadive.medium:830|mediadive.medium:J222
NCBITaxon:1219057	2	mediadive.medium:457|mediadive.medium:464
NCBITaxon:1219058	3	mediadive.medium:1|mediadive.medium:802|mediadive.medium:J75
NCBITaxon:1219059	4	mediadive.medium:1|mediadive.medium:535|mediadive.medium:605|mediadive.medium:J27
NCBITaxon:1219060	1	mediadive.medium:830
NCBITaxon:1219061	5	mediadive.medium:514|mediadive.medium:693|mediadive.medium:92|mediadive.medium:J22|mediadive.medium:J7
NCBITaxon:1219062	2	mediadive.medium:514|mediadive.medium:J118
NCBITaxon:1219063	1	mediadive.medium:514
NCBITaxon:1219065	2	mediadive.medium:101|mediadive.medium:J118
NCBITaxon:1219066	3	mediadive.medium:514|mediadive.medium:693|mediadive.medium:J118
NCBITaxon:1219067	3	mediadive.medium:115|mediadive.medium:246|mediadive.medium:514
NCBITaxon:1219068	2	mediadive.medium:514|mediadive.medium:J118
NCBITaxon:1219070	1	mediadive.medium:514
NCBITaxon:1219072	2	mediadive.medium:514c|mediadive.medium:J118
NCBITaxon:1219074	6	mediadive.medium:514|mediadive.medium:693|mediadive.medium:92|mediadive.medium:J12|mediadive.medium:J22|mediadive.medium:J7
NCBITaxon:1219075	1	mediadive.medium:514
NCBITaxon:1219076	2	mediadive.medium:514|mediadive.medium:693
NCBITaxon:1219077	1	mediadive.medium:514
NCBITaxon:1219078	1	mediadive.medium:514
NCBITaxon:1219080	2	mediadive.medium:514|mediadive.medium:J118
NCBITaxon:1219085	4	mediadive.medium:693|mediadive.medium:92|mediadive.medium:J12|mediadive.medium:J22
NCBITaxon:1219257	3	mediadive.medium:1|mediadive.medium:535|mediadive.medium:830
NCBITaxon:1219356	3	mediadive.medium:220a|mediadive.medium:457|mediadive.medium:J22
NCBITaxon:1219359	1	mediadive.medium:1
NCBITaxon:1219360	3	mediadive.medium:1|mediadive.medium:535|mediadive.medium:J12
NCBITaxon:1219361	2	mediadive.medium:215b|mediadive.medium:J43
NCBITaxon:1219362	3	mediadive.medium:535|mediadive.medium:J43|mediadive.medium:J57
NCBITaxon:1219375	1	mediadive.medium:1
NCBITaxon:1219383	1	mediadive.medium:535
NCBITaxon:122	1	mediadive.medium:1560
NCBITaxon:1220495	1	mediadive.medium:535
NCBITaxon:1220553	2	mediadive.medium:65|mediadive.medium:J43
NCBITaxon:1220554	4	mediadive.medium:554|mediadive.medium:65|mediadive.medium:J104|mediadive.medium:J43
NCBITaxon:1220556	1	mediadive.medium:220
NCBITaxon:1220557	4	mediadive.medium:553|mediadive.medium:554|mediadive.medium:65|mediadive.medium:J40
NCBITaxon:1220558	2	mediadive.medium:1|mediadive.medium:J22
NCBITaxon:1220559	5	mediadive.medium:65|mediadive.medium:83|mediadive.medium:831|mediadive.medium:J42|mediadive.medium:J58
NCBITaxon:1220560	2	mediadive.medium:1|mediadive.medium:J22
NCBITaxon:1220561	4	mediadive.medium:553|mediadive.medium:65|mediadive.medium:84|mediadive.medium:J51
NCBITaxon:1220562	2	mediadive.medium:1|mediadive.medium:J22
NCBITaxon:1220563	2	mediadive.medium:65|mediadive.medium:J104
NCBITaxon:1220564	4	mediadive.medium:65|mediadive.medium:84|mediadive.medium:J104|mediadive.medium:J43
NCBITaxon:1220565	2	mediadive.medium:220|mediadive.medium:J75
NCBITaxon:1220566	2	mediadive.medium:92|mediadive.medium:J22
NCBITaxon:1220569	4	mediadive.medium:65|mediadive.medium:80|mediadive.medium:J104|mediadive.medium:J43
NCBITaxon:1220570	4	mediadive.medium:693|mediadive.medium:92|mediadive.medium:J12|mediadive.medium:J22
NCBITaxon:1220571	2	mediadive.medium:13|mediadive.medium:J101
NCBITaxon:1220572	2	mediadive.medium:402|mediadive.medium:J30
NCBITaxon:1220573	3	mediadive.medium:13|mediadive.medium:402|mediadive.medium:J101
NCBITaxon:1220574	4	mediadive.medium:215b|mediadive.medium:535|mediadive.medium:J26|mediadive.medium:J43
NCBITaxon:1220575	2	mediadive.medium:1|mediadive.medium:J22
NCBITaxon:1220576	2	mediadive.medium:1|mediadive.medium:J22
NCBITaxon:1220577	2	mediadive.medium:535|mediadive.medium:545
NCBITaxon:1220579	3	mediadive.medium:105|mediadive.medium:360|mediadive.medium:J97
NCBITaxon:1220581	2	mediadive.medium:1|mediadive.medium:J74
NCBITaxon:1220583	2	mediadive.medium:65|mediadive.medium:J43
NCBITaxon:1220584	2	mediadive.medium:92|mediadive.medium:J26
NCBITaxon:1220586	2	mediadive.medium:220|mediadive.medium:J652
NCBITaxon:1220587	2	mediadive.medium:1|mediadive.medium:J22
NCBITaxon:1220588	2	mediadive.medium:31|mediadive.medium:J181
NCBITaxon:1220589	1	mediadive.medium:1
NCBITaxon:1220590	2	mediadive.medium:1|mediadive.medium:J26
NCBITaxon:1220591	2	mediadive.medium:1|mediadive.medium:J22
NCBITaxon:1220593	3	mediadive.medium:693|mediadive.medium:92|mediadive.medium:J22
NCBITaxon:1220594	1	mediadive.medium:220
NCBITaxon:1220595	2	mediadive.medium:1|mediadive.medium:J74
NCBITaxon:1220596	1	mediadive.medium:220
NCBITaxon:1221450	1	mediadive.medium:514
NCBITaxon:1221500	1	mediadive.medium:92
NCBITaxon:1222016	1	mediadive.medium:516
NCBITaxon:122202	2	mediadive.medium:65|mediadive.medium:J43
NCBITaxon:1223317	2	mediadive.medium:65|mediadive.medium:83
NCBITaxon:1223489	4	mediadive.medium:215|mediadive.medium:535|mediadive.medium:65|mediadive.medium:J43
NCBITaxon:1223494	2	mediadive.medium:92|mediadive.medium:J156
NCBITaxon:1223495	2	mediadive.medium:605a|mediadive.medium:830
NCBITaxon:1223496	2	mediadive.medium:65|mediadive.medium:J45
NCBITaxon:1223499	3	mediadive.medium:645|mediadive.medium:92|mediadive.medium:J26
NCBITaxon:1223500	4	mediadive.medium:514|mediadive.medium:693|mediadive.medium:92|mediadive.medium:J118
NCBITaxon:1223502	1	mediadive.medium:464
NCBITaxon:1223503	1	mediadive.medium:220
NCBITaxon:1223504	4	mediadive.medium:535|mediadive.medium:693|mediadive.medium:J12|mediadive.medium:J22
NCBITaxon:1223505	2	mediadive.medium:92|mediadive.medium:J26
NCBITaxon:1223507	1	mediadive.medium:220
NCBITaxon:1223509	2	mediadive.medium:92|mediadive.medium:J28
NCBITaxon:1223511	3	mediadive.medium:535|mediadive.medium:J27|mediadive.medium:J75
NCBITaxon:1223512	3	mediadive.medium:535|mediadive.medium:693|mediadive.medium:J26
NCBITaxon:1223513	2	mediadive.medium:535|mediadive.medium:J26
NCBITaxon:1223515	2	mediadive.medium:535|mediadive.medium:535a
NCBITaxon:1223516	2	mediadive.medium:535|mediadive.medium:J42
NCBITaxon:1223517	2	mediadive.medium:92|mediadive.medium:J591
NCBITaxon:1223518	1	mediadive.medium:830
NCBITaxon:1223521	1	mediadive.medium:830c
NCBITaxon:1223522	5	mediadive.medium:215|mediadive.medium:550|mediadive.medium:65|mediadive.medium:83|mediadive.medium:J49
NCBITaxon:1223523	4	mediadive.medium:252|mediadive.medium:65|mediadive.medium:84|mediadive.medium:J58
NCBITaxon:1223525	2	mediadive.medium:92|mediadive.medium:J28
NCBITaxon:1223526	2	mediadive.medium:830|mediadive.medium:J26
NCBITaxon:1223527	2	mediadive.medium:92|mediadive.medium:J26
NCBITaxon:1223528	2	mediadive.medium:92|mediadive.medium:J26
NCBITaxon:1223529	4	mediadive.medium:693|mediadive.medium:92|mediadive.medium:J256|mediadive.medium:J26
NCBITaxon:1223540	2	mediadive.medium:535|mediadive.medium:J43
NCBITaxon:1223541	2	mediadive.medium:535|mediadive.medium:J43
NCBITaxon:1223542	3	mediadive.medium:535|mediadive.medium:553|mediadive.medium:J43
NCBITaxon:1223543	2	mediadive.medium:535|mediadive.medium:J43
NCBITaxon:1223544	2	mediadive.medium:535|mediadive.medium:J43
NCBITaxon:1223545	3	mediadive.medium:535|mediadive.medium:J43|mediadive.medium:J505
NCBITaxon:1223546	3	mediadive.medium:215|mediadive.medium:65|mediadive.medium:J43
NCBITaxon:1223547	3	mediadive.medium:65|mediadive.medium:987|mediadive.medium:J43
NCBITaxon:1223548	3	mediadive.medium:215|mediadive.medium:65|mediadive.medium:J505
NCBITaxon:122355	2	mediadive.medium:381|mediadive.medium:J22
NCBITaxon:1223568	1	mediadive.medium:1a
NCBITaxon:1223569	1	mediadive.medium:1a
NCBITaxon:1223572	1	mediadive.medium:535b
NCBITaxon:1223573	3	mediadive.medium:535|mediadive.medium:535b|mediadive.medium:545
NCBITaxon:1223574	1	mediadive.medium:1
NCBITaxon:122358	3	mediadive.medium:65|mediadive.medium:84|mediadive.medium:J61
NCBITaxon:1223802	1	mediadive.medium:1304
NCBITaxon:1224162	3	mediadive.medium:535|mediadive.medium:693|mediadive.medium:J26
NCBITaxon:1224163	2	mediadive.medium:514|mediadive.medium:J118
NCBITaxon:1224164	2	mediadive.medium:53|mediadive.medium:J26
NCBITaxon:1224302	1	mediadive.medium:830
NCBITaxon:1224718	1	mediadive.medium:987
NCBITaxon:1224742	3	mediadive.medium:514|mediadive.medium:J22|mediadive.medium:J7
NCBITaxon:1224743	1	mediadive.medium:514
NCBITaxon:1225127	4	mediadive.medium:621|mediadive.medium:65|mediadive.medium:714|mediadive.medium:J43
NCBITaxon:1225642	1	mediadive.medium:830
NCBITaxon:1225769	1	mediadive.medium:830
NCBITaxon:1225786	2	mediadive.medium:535|mediadive.medium:545
NCBITaxon:1225883	2	mediadive.medium:231|mediadive.medium:J853
NCBITaxon:1226327	3	mediadive.medium:220|mediadive.medium:693|mediadive.medium:J256
NCBITaxon:1226664	3	mediadive.medium:105|mediadive.medium:360|mediadive.medium:J597
NCBITaxon:1226676	1	mediadive.medium:11
NCBITaxon:1226679	1	mediadive.medium:11
NCBITaxon:1226750	4	mediadive.medium:250|mediadive.medium:354|mediadive.medium:J26|mediadive.medium:J386
NCBITaxon:1226751	3	mediadive.medium:219|mediadive.medium:J26|mediadive.medium:J386
NCBITaxon:1226752	2	mediadive.medium:645|mediadive.medium:J386
NCBITaxon:1226753	2	mediadive.medium:354|mediadive.medium:645
NCBITaxon:1226758	5	mediadive.medium:252|mediadive.medium:65|mediadive.medium:84|mediadive.medium:J43|mediadive.medium:J66
NCBITaxon:1227077	2	mediadive.medium:830|mediadive.medium:J346
NCBITaxon:1227453	3	mediadive.medium:372|mediadive.medium:J168|mediadive.medium:J59
NCBITaxon:1227455	2	mediadive.medium:372|mediadive.medium:J169
NCBITaxon:1227456	3	mediadive.medium:372|mediadive.medium:J169|mediadive.medium:J189
NCBITaxon:1227458	3	mediadive.medium:372|mediadive.medium:J168|mediadive.medium:J169
NCBITaxon:1227459	2	mediadive.medium:372|mediadive.medium:J168
NCBITaxon:1227460	2	mediadive.medium:372|mediadive.medium:J168
NCBITaxon:1227461	2	mediadive.medium:372|mediadive.medium:J168
NCBITaxon:1227465	2	mediadive.medium:1194|mediadive.medium:J620
NCBITaxon:1227466	2	mediadive.medium:372|mediadive.medium:J168
NCBITaxon:1227482	2	mediadive.medium:372|mediadive.medium:J168
NCBITaxon:1227484	3	mediadive.medium:372|mediadive.medium:97|mediadive.medium:J168
NCBITaxon:1227485	2	mediadive.medium:372|mediadive.medium:J168
NCBITaxon:1227488	2	mediadive.medium:1184|mediadive.medium:J168
NCBITaxon:1227489	2	mediadive.medium:372|mediadive.medium:J168
NCBITaxon:1227491	3	mediadive.medium:372|mediadive.medium:97|mediadive.medium:J168
NCBITaxon:1227492	2	mediadive.medium:371|mediadive.medium:J167
NCBITaxon:1227493	2	mediadive.medium:371|mediadive.medium:J167
NCBITaxon:1227495	4	mediadive.medium:372|mediadive.medium:97|mediadive.medium:J168|mediadive.medium:J169
NCBITaxon:1227496	2	mediadive.medium:372|mediadive.medium:J168
NCBITaxon:1227497	2	mediadive.medium:371|mediadive.medium:J167
NCBITaxon:1227498	2	mediadive.medium:954|mediadive.medium:J402
NCBITaxon:1227549	2	mediadive.medium:514|mediadive.medium:J118
NCBITaxon:1227550	1	mediadive.medium:1149
NCBITaxon:1227553	1	mediadive.medium:1454
NCBITaxon:1227734	2	mediadive.medium:65|mediadive.medium:84
NCBITaxon:1229281	1	mediadive.medium:11
NCBITaxon:1229493	3	mediadive.medium:514|mediadive.medium:514f|mediadive.medium:J118
NCBITaxon:1229494	2	mediadive.medium:514c|mediadive.medium:J118
NCBITaxon:1229621	1	mediadive.medium:104
NCBITaxon:1229656	2	mediadive.medium:1627|mediadive.medium:830
NCBITaxon:1229727	2	mediadive.medium:514|mediadive.medium:J118
NCBITaxon:1229971	1	mediadive.medium:830c
NCBITaxon:1230341	2	mediadive.medium:514|mediadive.medium:J1015
NCBITaxon:1230342	1	mediadive.medium:110
NCBITaxon:1230451	2	mediadive.medium:372|mediadive.medium:J168
NCBITaxon:1230452	2	mediadive.medium:372|mediadive.medium:J168
NCBITaxon:1230453	2	mediadive.medium:372|mediadive.medium:J402
NCBITaxon:1230454	2	mediadive.medium:372|mediadive.medium:J168
NCBITaxon:1230456	2	mediadive.medium:1411|mediadive.medium:J168
NCBITaxon:1230458	2	mediadive.medium:372|mediadive.medium:J168
NCBITaxon:1230530	2	mediadive.medium:514|mediadive.medium:J118
NCBITaxon:1230531	2	mediadive.medium:514|mediadive.medium:J118
NCBITaxon:1230532	2	mediadive.medium:514|mediadive.medium:J118
NCBITaxon:1230533	2	mediadive.medium:514|mediadive.medium:J118
NCBITaxon:1231000	4	mediadive.medium:535a|mediadive.medium:J256|mediadive.medium:J26|mediadive.medium:J28
NCBITaxon:1231063	1	mediadive.medium:92
NCBITaxon:1231184	2	mediadive.medium:545|mediadive.medium:J75
NCBITaxon:1231185	3	mediadive.medium:535|mediadive.medium:830|mediadive.medium:J346
NCBITaxon:1231337	1	mediadive.medium:11
NCBITaxon:1231342	3	mediadive.medium:105|mediadive.medium:360|mediadive.medium:J97
NCBITaxon:1231351	3	mediadive.medium:1429|mediadive.medium:569|mediadive.medium:J122
NCBITaxon:1231352	3	mediadive.medium:105|mediadive.medium:360|mediadive.medium:J97
NCBITaxon:1231624	3	mediadive.medium:105|mediadive.medium:360|mediadive.medium:J97
NCBITaxon:1232426	4	mediadive.medium:110|mediadive.medium:1203a|mediadive.medium:339a|mediadive.medium:693
NCBITaxon:1232427	1	mediadive.medium:535a
NCBITaxon:1232428	2	mediadive.medium:104|mediadive.medium:693
NCBITaxon:1232429	1	mediadive.medium:215
NCBITaxon:1232430	1	mediadive.medium:92
NCBITaxon:1232436	2	mediadive.medium:110|mediadive.medium:693
NCBITaxon:1232575	2	mediadive.medium:882|mediadive.medium:J92
NCBITaxon:1233081	2	mediadive.medium:1|mediadive.medium:J443
NCBITaxon:1233099	1	mediadive.medium:503
NCBITaxon:123320	3	mediadive.medium:830|mediadive.medium:92|mediadive.medium:J28
NCBITaxon:1233460	3	mediadive.medium:1|mediadive.medium:J346|mediadive.medium:J74
NCBITaxon:1233677	2	mediadive.medium:554|mediadive.medium:65
NCBITaxon:1234544	2	mediadive.medium:1504|mediadive.medium:J115
NCBITaxon:1234595	1	mediadive.medium:514
NCBITaxon:1234606	1	mediadive.medium:514
NCBITaxon:1234672	3	mediadive.medium:1363|mediadive.medium:J709|mediadive.medium:J710
NCBITaxon:1234680	1	mediadive.medium:693
NCBITaxon:1235259	2	mediadive.medium:31|mediadive.medium:J181
NCBITaxon:1235441	4	mediadive.medium:1009|mediadive.medium:535|mediadive.medium:553|mediadive.medium:J720
NCBITaxon:1235480	1	mediadive.medium:1426
NCBITaxon:1235558	2	mediadive.medium:1|mediadive.medium:J75
NCBITaxon:1235809	3	mediadive.medium:104|mediadive.medium:110|mediadive.medium:J14
NCBITaxon:1235811	3	mediadive.medium:104|mediadive.medium:693|mediadive.medium:J14
NCBITaxon:1235813	3	mediadive.medium:693|mediadive.medium:78|mediadive.medium:J14
NCBITaxon:1235814	3	mediadive.medium:693|mediadive.medium:78|mediadive.medium:J14
NCBITaxon:1235997	1	mediadive.medium:830
NCBITaxon:1236046	2	mediadive.medium:1328|mediadive.medium:J926
NCBITaxon:1236215	2	mediadive.medium:1490|mediadive.medium:J843
NCBITaxon:1236220	3	mediadive.medium:1159|mediadive.medium:1269|mediadive.medium:514
NCBITaxon:1236483	3	mediadive.medium:219|mediadive.medium:645|mediadive.medium:J386
NCBITaxon:1236498	3	mediadive.medium:78|mediadive.medium:J363|mediadive.medium:J674
NCBITaxon:1236500	3	mediadive.medium:1330|mediadive.medium:J25|mediadive.medium:J97
NCBITaxon:1236502	3	mediadive.medium:1330|mediadive.medium:J709|mediadive.medium:J710
NCBITaxon:1236504	4	mediadive.medium:104|mediadive.medium:693|mediadive.medium:J14|mediadive.medium:J676
NCBITaxon:1236509	2	mediadive.medium:429|mediadive.medium:J469
NCBITaxon:1236512	3	mediadive.medium:693|mediadive.medium:78|mediadive.medium:J14
NCBITaxon:1236513	3	mediadive.medium:693|mediadive.medium:78|mediadive.medium:J14
NCBITaxon:1236514	3	mediadive.medium:693|mediadive.medium:78|mediadive.medium:J14
NCBITaxon:1236516	3	mediadive.medium:110|mediadive.medium:1203|mediadive.medium:J14
NCBITaxon:1236517	3	mediadive.medium:110|mediadive.medium:693|mediadive.medium:J14
NCBITaxon:1236518	2	mediadive.medium:110|mediadive.medium:J14
NCBITaxon:1236520	3	mediadive.medium:110|mediadive.medium:693|mediadive.medium:J469
NCBITaxon:1236522	4	mediadive.medium:381|mediadive.medium:693|mediadive.medium:92|mediadive.medium:J22
NCBITaxon:1236523	5	mediadive.medium:1|mediadive.medium:693|mediadive.medium:92|mediadive.medium:J12|mediadive.medium:J22
NCBITaxon:1236525	3	mediadive.medium:1330|mediadive.medium:J709|mediadive.medium:J710
NCBITaxon:1236529	4	mediadive.medium:1|mediadive.medium:693|mediadive.medium:92|mediadive.medium:J12
NCBITaxon:1236530	3	mediadive.medium:535|mediadive.medium:693|mediadive.medium:J22
NCBITaxon:1236535	2	mediadive.medium:585|mediadive.medium:J119
NCBITaxon:1236543	3	mediadive.medium:605|mediadive.medium:948|mediadive.medium:J22
NCBITaxon:1236544	3	mediadive.medium:514|mediadive.medium:949|mediadive.medium:J118
NCBITaxon:1236548	1	mediadive.medium:1
NCBITaxon:1236609	2	mediadive.medium:645|mediadive.medium:J386
NCBITaxon:1236954	2	mediadive.medium:31|mediadive.medium:J182
NCBITaxon:1236956	5	mediadive.medium:220|mediadive.medium:457|mediadive.medium:535|mediadive.medium:545|mediadive.medium:J22
NCBITaxon:1236959	2	mediadive.medium:606|mediadive.medium:J79
NCBITaxon:1236960	2	mediadive.medium:1a|mediadive.medium:J22
NCBITaxon:1236961	3	mediadive.medium:220a|mediadive.medium:535|mediadive.medium:J22
NCBITaxon:1236962	3	mediadive.medium:1071|mediadive.medium:514|mediadive.medium:J118
NCBITaxon:1236969	3	mediadive.medium:1|mediadive.medium:J22|mediadive.medium:J79
NCBITaxon:1236970	2	mediadive.medium:31|mediadive.medium:J181
NCBITaxon:1236972	3	mediadive.medium:1|mediadive.medium:805|mediadive.medium:J281
NCBITaxon:1236973	2	mediadive.medium:830|mediadive.medium:J181
NCBITaxon:1236975	2	mediadive.medium:1|mediadive.medium:J407
NCBITaxon:1236976	2	mediadive.medium:1|mediadive.medium:J75
NCBITaxon:1236978	4	mediadive.medium:693|mediadive.medium:92|mediadive.medium:J12|mediadive.medium:J22
NCBITaxon:1237500	3	mediadive.medium:785|mediadive.medium:852|mediadive.medium:J528
NCBITaxon:1237860	3	mediadive.medium:354|mediadive.medium:645|mediadive.medium:J712
NCBITaxon:123812	1	mediadive.medium:693
NCBITaxon:1238180	4	mediadive.medium:535|mediadive.medium:65|mediadive.medium:J43|mediadive.medium:J58
NCBITaxon:1238186	2	mediadive.medium:92|mediadive.medium:J26
NCBITaxon:123820	2	mediadive.medium:215|mediadive.medium:429
NCBITaxon:123822	1	mediadive.medium:804
NCBITaxon:123824	3	mediadive.medium:215|mediadive.medium:693|mediadive.medium:92
NCBITaxon:123833	2	mediadive.medium:429|mediadive.medium:804
NCBITaxon:123899	2	mediadive.medium:220|mediadive.medium:92
NCBITaxon:1239307	2	mediadive.medium:381|mediadive.medium:693
NCBITaxon:1240886	1	mediadive.medium:1593
NCBITaxon:1241337	1	mediadive.medium:545
NCBITaxon:1241761	2	mediadive.medium:1|mediadive.medium:J118
NCBITaxon:1242147	1	mediadive.medium:514
NCBITaxon:1242174	2	mediadive.medium:1|mediadive.medium:J22
NCBITaxon:1242247	2	mediadive.medium:92|mediadive.medium:J475
NCBITaxon:124252	1	mediadive.medium:871
NCBITaxon:1242689	1	mediadive.medium:514
NCBITaxon:1242744	1	mediadive.medium:514
NCBITaxon:124285	4	mediadive.medium:1260|mediadive.medium:1261|mediadive.medium:514|mediadive.medium:987
NCBITaxon:1242862	1	mediadive.medium:987
NCBITaxon:1242864	2	mediadive.medium:222|mediadive.medium:9
NCBITaxon:1242948	1	mediadive.medium:1352
NCBITaxon:1242999	2	mediadive.medium:693|mediadive.medium:92
NCBITaxon:1243000	1	mediadive.medium:104
NCBITaxon:1243001	1	mediadive.medium:215
NCBITaxon:1243002	1	mediadive.medium:514c
NCBITaxon:1243014	1	mediadive.medium:514c
NCBITaxon:1243662	1	mediadive.medium:92
NCBITaxon:1243663	2	mediadive.medium:215|mediadive.medium:693
NCBITaxon:1243664	1	mediadive.medium:693
NCBITaxon:1244108	1	mediadive.medium:514
NCBITaxon:1244513	1	mediadive.medium:1
NCBITaxon:1244869	1	mediadive.medium:380
NCBITaxon:1245	2	mediadive.medium:693|mediadive.medium:92
NCBITaxon:1245472	3	mediadive.medium:1240|mediadive.medium:549|mediadive.medium:J115
NCBITaxon:1245473	4	mediadive.medium:553|mediadive.medium:65|mediadive.medium:84|mediadive.medium:J82
NCBITaxon:1245475	3	mediadive.medium:553|mediadive.medium:65|mediadive.medium:J82
NCBITaxon:1245476	3	mediadive.medium:535|mediadive.medium:65|mediadive.medium:J66
NCBITaxon:1245522	1	mediadive.medium:1
NCBITaxon:1245523	1	mediadive.medium:1
NCBITaxon:1245526	1	mediadive.medium:535
NCBITaxon:1246	1	mediadive.medium:11
NCBITaxon:1246444	3	mediadive.medium:1|mediadive.medium:1240|mediadive.medium:J275
NCBITaxon:1246445	3	mediadive.medium:1159|mediadive.medium:910|mediadive.medium:J275
NCBITaxon:1246448	3	mediadive.medium:785|mediadive.medium:852|mediadive.medium:J82
NCBITaxon:1246460	4	mediadive.medium:1159|mediadive.medium:636|mediadive.medium:987|mediadive.medium:J207
NCBITaxon:1246461	7	mediadive.medium:1081|mediadive.medium:215|mediadive.medium:535|mediadive.medium:553|mediadive.medium:65|mediadive.medium:83|mediadive.medium:J82
NCBITaxon:1246474	4	mediadive.medium:1159|mediadive.medium:514|mediadive.medium:65|mediadive.medium:J410
NCBITaxon:1246475	6	mediadive.medium:1159|mediadive.medium:535|mediadive.medium:553|mediadive.medium:993|mediadive.medium:993c|mediadive.medium:J207
NCBITaxon:1246485	4	mediadive.medium:1159|mediadive.medium:246|mediadive.medium:514|mediadive.medium:J275
NCBITaxon:1246530	1	mediadive.medium:1508
NCBITaxon:1246864	1	mediadive.medium:514
NCBITaxon:1246995	5	mediadive.medium:215|mediadive.medium:535|mediadive.medium:553|mediadive.medium:65|mediadive.medium:J42
NCBITaxon:1247	1	mediadive.medium:59
NCBITaxon:1247510	2	mediadive.medium:514|mediadive.medium:J118
NCBITaxon:1247514	2	mediadive.medium:514|mediadive.medium:J118
NCBITaxon:1247518	2	mediadive.medium:514d|mediadive.medium:J118
NCBITaxon:1247520	2	mediadive.medium:514|mediadive.medium:J118
NCBITaxon:1247649	2	mediadive.medium:438|mediadive.medium:693
NCBITaxon:1247936	1	mediadive.medium:98
NCBITaxon:124798	2	mediadive.medium:92|mediadive.medium:J26
NCBITaxon:1249	1	mediadive.medium:11
NCBITaxon:1249101	2	mediadive.medium:645|mediadive.medium:J386
NCBITaxon:1249630	1	mediadive.medium:11b
NCBITaxon:1250540	1	mediadive.medium:514f
NCBITaxon:1251	1	mediadive.medium:11
NCBITaxon:125288	2	mediadive.medium:736|mediadive.medium:J26
NCBITaxon:1254	5	mediadive.medium:11|mediadive.medium:693|mediadive.medium:92|mediadive.medium:J68|mediadive.medium:J84
NCBITaxon:1255	5	mediadive.medium:11|mediadive.medium:381|mediadive.medium:J68|mediadive.medium:J83|mediadive.medium:J84
NCBITaxon:1255043	1	mediadive.medium:925
NCBITaxon:1255263	2	mediadive.medium:830|mediadive.medium:J346
NCBITaxon:1255277	3	mediadive.medium:1805|mediadive.medium:402|mediadive.medium:J101
NCBITaxon:1255278	3	mediadive.medium:1|mediadive.medium:J12|mediadive.medium:J70
NCBITaxon:1255279	1	mediadive.medium:402
NCBITaxon:1255616	2	mediadive.medium:53|mediadive.medium:J22
NCBITaxon:1255617	4	mediadive.medium:53|mediadive.medium:92|mediadive.medium:J22|mediadive.medium:J475
NCBITaxon:1255625	2	mediadive.medium:53|mediadive.medium:J22
NCBITaxon:1255629	1	mediadive.medium:220
NCBITaxon:1255631	1	mediadive.medium:220
NCBITaxon:1255632	1	mediadive.medium:1
NCBITaxon:1255633	2	mediadive.medium:220|mediadive.medium:545
NCBITaxon:1255638	2	mediadive.medium:92|mediadive.medium:J28
NCBITaxon:1255639	2	mediadive.medium:92|mediadive.medium:J28
NCBITaxon:1255645	2	mediadive.medium:693|mediadive.medium:92
NCBITaxon:1255656	2	mediadive.medium:92|mediadive.medium:J26
NCBITaxon:1255705	1	mediadive.medium:104
NCBITaxon:125602	1	mediadive.medium:194
NCBITaxon:1256678	1	mediadive.medium:1101a
NCBITaxon:1256908	3	mediadive.medium:104|mediadive.medium:110|mediadive.medium:1669
NCBITaxon:1257004	2	mediadive.medium:92|mediadive.medium:J475
NCBITaxon:1258546	4	mediadive.medium:514|mediadive.medium:514b|mediadive.medium:65|mediadive.medium:J118
NCBITaxon:1258574	6	mediadive.medium:215|mediadive.medium:693|mediadive.medium:92|mediadive.medium:J14|mediadive.medium:J141|mediadive.medium:J84
NCBITaxon:1259795	1	mediadive.medium:834
NCBITaxon:1259973	1	mediadive.medium:1
NCBITaxon:1260	3	mediadive.medium:104|mediadive.medium:693|mediadive.medium:J14
NCBITaxon:1260629	1	mediadive.medium:1505
NCBITaxon:1260918	1	mediadive.medium:645
NCBITaxon:1260928	2	mediadive.medium:826|mediadive.medium:J907
NCBITaxon:1260955	5	mediadive.medium:252|mediadive.medium:65|mediadive.medium:84|mediadive.medium:J43|mediadive.medium:J51
NCBITaxon:1261	4	mediadive.medium:104|mediadive.medium:693|mediadive.medium:J14|mediadive.medium:J84
NCBITaxon:1261393	2	mediadive.medium:193|mediadive.medium:J981
NCBITaxon:1261403	3	mediadive.medium:381|mediadive.medium:514|mediadive.medium:J118
NCBITaxon:1261545	2	mediadive.medium:1396|mediadive.medium:J777
NCBITaxon:126156	1	mediadive.medium:220
NCBITaxon:126157	2	mediadive.medium:1|mediadive.medium:220
NCBITaxon:1261617	3	mediadive.medium:1|mediadive.medium:215|mediadive.medium:J22
NCBITaxon:1262	1	mediadive.medium:104
NCBITaxon:1262400	1	mediadive.medium:784a
NCBITaxon:1262449	3	mediadive.medium:54b|mediadive.medium:J13|mediadive.medium:J14
NCBITaxon:1262550	2	mediadive.medium:514|mediadive.medium:J118
NCBITaxon:1262554	2	mediadive.medium:514|mediadive.medium:J118
NCBITaxon:1262583	1	mediadive.medium:535
NCBITaxon:1262585	1	mediadive.medium:220
NCBITaxon:126333	2	mediadive.medium:163|mediadive.medium:195c
NCBITaxon:126348	1	mediadive.medium:545
NCBITaxon:126350	1	mediadive.medium:545
NCBITaxon:1263550	3	mediadive.medium:535|mediadive.medium:693|mediadive.medium:92
NCBITaxon:1263636	3	mediadive.medium:514|mediadive.medium:J118|mediadive.medium:J720
NCBITaxon:1263637	3	mediadive.medium:514|mediadive.medium:J118|mediadive.medium:J720
NCBITaxon:1263866	2	mediadive.medium:600a|mediadive.medium:J900
NCBITaxon:1263869	2	mediadive.medium:600a|mediadive.medium:J900
NCBITaxon:1264554	1	mediadive.medium:1076b
NCBITaxon:1264899	1	mediadive.medium:133
NCBITaxon:1265	1	mediadive.medium:436
NCBITaxon:1265310	2	mediadive.medium:645|mediadive.medium:J386
NCBITaxon:1265311	1	mediadive.medium:645
NCBITaxon:1265312	3	mediadive.medium:354|mediadive.medium:645|mediadive.medium:J386
NCBITaxon:1265313	1	mediadive.medium:514
NCBITaxon:1265505	1	mediadive.medium:383
NCBITaxon:1265507	1	mediadive.medium:330
NCBITaxon:1265734	2	mediadive.medium:600a|mediadive.medium:J900
NCBITaxon:1265740	1	mediadive.medium:830
NCBITaxon:1265816	1	mediadive.medium:215
NCBITaxon:1265817	1	mediadive.medium:215
NCBITaxon:1265818	1	mediadive.medium:215
NCBITaxon:1265819	1	mediadive.medium:215
NCBITaxon:1265820	1	mediadive.medium:215
NCBITaxon:1265846	2	mediadive.medium:215|mediadive.medium:693
NCBITaxon:1265868	5	mediadive.medium:252|mediadive.medium:65|mediadive.medium:84|mediadive.medium:J42|mediadive.medium:J48
NCBITaxon:1265931	1	mediadive.medium:535
NCBITaxon:1265935	1	mediadive.medium:220
NCBITaxon:1266648	1	mediadive.medium:1526
NCBITaxon:1266720	1	mediadive.medium:212
NCBITaxon:126673	3	mediadive.medium:354|mediadive.medium:645|mediadive.medium:J386
NCBITaxon:1266770	2	mediadive.medium:252|mediadive.medium:65
NCBITaxon:1266771	3	mediadive.medium:252|mediadive.medium:65|mediadive.medium:84
NCBITaxon:1266772	3	mediadive.medium:65|mediadive.medium:84|mediadive.medium:987
NCBITaxon:1266829	3	mediadive.medium:65|mediadive.medium:830|mediadive.medium:J42
NCBITaxon:1266845	1	mediadive.medium:92
NCBITaxon:1266911	1	mediadive.medium:925
NCBITaxon:1266923	2	mediadive.medium:693|mediadive.medium:840
NCBITaxon:1266996	1	mediadive.medium:1076b
NCBITaxon:1267	1	mediadive.medium:21
NCBITaxon:1267002	1	mediadive.medium:1076b
NCBITaxon:1267006	3	mediadive.medium:1|mediadive.medium:1052|mediadive.medium:535
NCBITaxon:1267021	3	mediadive.medium:215|mediadive.medium:429|mediadive.medium:535
NCBITaxon:1267156	1	mediadive.medium:11
NCBITaxon:126734	1	mediadive.medium:924a
NCBITaxon:1267423	2	mediadive.medium:514|mediadive.medium:J118
NCBITaxon:1267754	1	mediadive.medium:693
NCBITaxon:1267766	2	mediadive.medium:514|mediadive.medium:J118
NCBITaxon:1267768	2	mediadive.medium:514|mediadive.medium:J118
NCBITaxon:1267769	2	mediadive.medium:514|mediadive.medium:J118
NCBITaxon:1268041	1	mediadive.medium:92
NCBITaxon:1268042	1	mediadive.medium:830
NCBITaxon:1268237	1	mediadive.medium:535
NCBITaxon:1268254	1	mediadive.medium:104
NCBITaxon:1268273	1	mediadive.medium:830
NCBITaxon:126843	1	mediadive.medium:98
NCBITaxon:1268553	2	mediadive.medium:535|mediadive.medium:J75
NCBITaxon:1268635	1	mediadive.medium:585
NCBITaxon:1268671	3	mediadive.medium:65|mediadive.medium:83|mediadive.medium:J351
NCBITaxon:1270	10	mediadive.medium:1|mediadive.medium:220|mediadive.medium:309|mediadive.medium:513|mediadive.medium:693|mediadive.medium:830|mediadive.medium:92|mediadive.medium:J22|mediadive.medium:J26|mediadive.medium:J475
NCBITaxon:1271	3	mediadive.medium:220|mediadive.medium:514|mediadive.medium:92
NCBITaxon:1272	2	mediadive.medium:53|mediadive.medium:J475
NCBITaxon:1272518	2	mediadive.medium:693|mediadive.medium:92
NCBITaxon:1273	2	mediadive.medium:220|mediadive.medium:53
NCBITaxon:1273132	1	mediadive.medium:1556
NCBITaxon:1273429	2	mediadive.medium:1a|mediadive.medium:J346
NCBITaxon:1273442	2	mediadive.medium:645|mediadive.medium:J386
NCBITaxon:1273540	3	mediadive.medium:215|mediadive.medium:693|mediadive.medium:J28
NCBITaxon:1273541	1	mediadive.medium:1210b
NCBITaxon:1274	5	mediadive.medium:220|mediadive.medium:513|mediadive.medium:53|mediadive.medium:830|mediadive.medium:J26
NCBITaxon:1274356	1	mediadive.medium:535
NCBITaxon:1274374	1	mediadive.medium:220
NCBITaxon:1274384	2	mediadive.medium:693|mediadive.medium:92
NCBITaxon:127458	1	mediadive.medium:28
NCBITaxon:1274803	1	mediadive.medium:220
NCBITaxon:1274986	5	mediadive.medium:252|mediadive.medium:65|mediadive.medium:84|mediadive.medium:J45|mediadive.medium:J66
NCBITaxon:1274988	4	mediadive.medium:252|mediadive.medium:65|mediadive.medium:84|mediadive.medium:J42
NCBITaxon:1275	7	mediadive.medium:215|mediadive.medium:381|mediadive.medium:53|mediadive.medium:92|mediadive.medium:J22|mediadive.medium:J26|mediadive.medium:J28
NCBITaxon:1276	1	mediadive.medium:53
NCBITaxon:1276218	1	mediadive.medium:1076b
NCBITaxon:1276220	1	mediadive.medium:1076b
NCBITaxon:1276224	1	mediadive.medium:1076b
NCBITaxon:1276227	1	mediadive.medium:1076b
NCBITaxon:1276229	1	mediadive.medium:1076b
NCBITaxon:1276246	1	mediadive.medium:1076b
NCBITaxon:1276259	1	mediadive.medium:1076b
NCBITaxon:1276757	2	mediadive.medium:220|mediadive.medium:545
NCBITaxon:1276890	1	mediadive.medium:514
NCBITaxon:1276936	2	mediadive.medium:693|mediadive.medium:92
NCBITaxon:1277350	1	mediadive.medium:838
NCBITaxon:1277351	1	mediadive.medium:119
NCBITaxon:1278073	3	mediadive.medium:67|mediadive.medium:9|mediadive.medium:J436
NCBITaxon:1278207	5	mediadive.medium:535|mediadive.medium:553|mediadive.medium:554|mediadive.medium:65|mediadive.medium:J61
NCBITaxon:1278232	2	mediadive.medium:104b|mediadive.medium:J967
NCBITaxon:127886	2	mediadive.medium:220|mediadive.medium:J181
NCBITaxon:1279015	2	mediadive.medium:514a|mediadive.medium:514f
NCBITaxon:1279027	1	mediadive.medium:1360
NCBITaxon:1280	11	mediadive.medium:1|mediadive.medium:220|mediadive.medium:429|mediadive.medium:53|mediadive.medium:535|mediadive.medium:693|mediadive.medium:92|mediadive.medium:J12|mediadive.medium:J22|mediadive.medium:J27|mediadive.medium:J70
NCBITaxon:1280000	2	mediadive.medium:246|mediadive.medium:514
NCBITaxon:1280004	2	mediadive.medium:115|mediadive.medium:514
NCBITaxon:1280375	3	mediadive.medium:92|mediadive.medium:J26|mediadive.medium:J475
NCBITaxon:1280376	2	mediadive.medium:92|mediadive.medium:J26
NCBITaxon:1280390	1	mediadive.medium:92
NCBITaxon:1280514	2	mediadive.medium:1190|mediadive.medium:J1012
NCBITaxon:1280637	4	mediadive.medium:65|mediadive.medium:J43|mediadive.medium:J51|mediadive.medium:J61
NCBITaxon:1280706	2	mediadive.medium:181|mediadive.medium:323
NCBITaxon:1280831	1	mediadive.medium:514
NCBITaxon:1280832	1	mediadive.medium:514
NCBITaxon:1280843	3	mediadive.medium:104|mediadive.medium:215|mediadive.medium:J28
NCBITaxon:1280846	2	mediadive.medium:514|mediadive.medium:J118
NCBITaxon:1280847	2	mediadive.medium:514|mediadive.medium:J118
NCBITaxon:1281	3	mediadive.medium:693|mediadive.medium:92|mediadive.medium:J26
NCBITaxon:128104	3	mediadive.medium:65|mediadive.medium:84|mediadive.medium:J58
NCBITaxon:1281485	2	mediadive.medium:693|mediadive.medium:92
NCBITaxon:1281767	1	mediadive.medium:1042
NCBITaxon:1281780	3	mediadive.medium:1|mediadive.medium:81|mediadive.medium:J22
NCBITaxon:1282	6	mediadive.medium:220|mediadive.medium:339|mediadive.medium:53|mediadive.medium:693|mediadive.medium:830|mediadive.medium:92
NCBITaxon:1282438	1	mediadive.medium:1
NCBITaxon:1282440	1	mediadive.medium:1
NCBITaxon:1282736	2	mediadive.medium:830|mediadive.medium:J26
NCBITaxon:1282858	2	mediadive.medium:830|mediadive.medium:J346
NCBITaxon:1282863	2	mediadive.medium:693|mediadive.medium:92
NCBITaxon:1282883	5	mediadive.medium:535|mediadive.medium:553|mediadive.medium:554|mediadive.medium:65|mediadive.medium:J61
NCBITaxon:1282885	2	mediadive.medium:65|mediadive.medium:84
NCBITaxon:1282887	1	mediadive.medium:330
NCBITaxon:1283	5	mediadive.medium:220|mediadive.medium:53|mediadive.medium:693|mediadive.medium:92|mediadive.medium:J12
NCBITaxon:1283279	2	mediadive.medium:65|mediadive.medium:J103
NCBITaxon:1283300	1	mediadive.medium:1156
NCBITaxon:1283306	1	mediadive.medium:830
NCBITaxon:1283715	3	mediadive.medium:535|mediadive.medium:554|mediadive.medium:65
NCBITaxon:1284	3	mediadive.medium:693|mediadive.medium:92|mediadive.medium:J12
NCBITaxon:1284240	2	mediadive.medium:65|mediadive.medium:J43
NCBITaxon:1284658	2	mediadive.medium:514|mediadive.medium:514a
NCBITaxon:1285191	1	mediadive.medium:124
NCBITaxon:1285192	3	mediadive.medium:513|mediadive.medium:514|mediadive.medium:736
NCBITaxon:1285193	1	mediadive.medium:514
NCBITaxon:1285242	1	mediadive.medium:380
NCBITaxon:1285583	3	mediadive.medium:535|mediadive.medium:693|mediadive.medium:J28
NCBITaxon:128574	1	mediadive.medium:220
NCBITaxon:1285900	1	mediadive.medium:830
NCBITaxon:1285924	2	mediadive.medium:1302|mediadive.medium:J275
NCBITaxon:1285928	1	mediadive.medium:545
NCBITaxon:1285929	2	mediadive.medium:545|mediadive.medium:830
NCBITaxon:1286	3	mediadive.medium:693|mediadive.medium:92|mediadive.medium:J12
NCBITaxon:1286148	1	mediadive.medium:514
NCBITaxon:1286171	1	mediadive.medium:454
NCBITaxon:1286180	4	mediadive.medium:645|mediadive.medium:65|mediadive.medium:J26|mediadive.medium:J43
NCBITaxon:1286181	2	mediadive.medium:645|mediadive.medium:J26
NCBITaxon:1286226	4	mediadive.medium:535|mediadive.medium:553|mediadive.medium:554|mediadive.medium:65
NCBITaxon:1286230	4	mediadive.medium:252|mediadive.medium:553|mediadive.medium:65|mediadive.medium:84
NCBITaxon:1286631	2	mediadive.medium:1|mediadive.medium:51
NCBITaxon:1286635	1	mediadive.medium:195a
NCBITaxon:1286695	2	mediadive.medium:84|mediadive.medium:987
NCBITaxon:1286698	2	mediadive.medium:904|mediadive.medium:J909
NCBITaxon:1286938	5	mediadive.medium:252|mediadive.medium:553|mediadive.medium:65|mediadive.medium:84|mediadive.medium:J51
NCBITaxon:1287068	3	mediadive.medium:553|mediadive.medium:65|mediadive.medium:J61
NCBITaxon:1287657	2	mediadive.medium:220|mediadive.medium:693
NCBITaxon:1287727	1	mediadive.medium:514
NCBITaxon:1287735	2	mediadive.medium:693|mediadive.medium:92
NCBITaxon:1287736	2	mediadive.medium:693|mediadive.medium:92
NCBITaxon:1287738	2	mediadive.medium:693|mediadive.medium:92
NCBITaxon:128780	5	mediadive.medium:1|mediadive.medium:1a|mediadive.medium:535|mediadive.medium:545|mediadive.medium:J12
NCBITaxon:128782	2	mediadive.medium:1|mediadive.medium:585
NCBITaxon:128785	6	mediadive.medium:1|mediadive.medium:1a|mediadive.medium:220|mediadive.medium:381|mediadive.medium:693|mediadive.medium:J75
NCBITaxon:1287877	3	mediadive.medium:535|mediadive.medium:554|mediadive.medium:65
NCBITaxon:1287878	5	mediadive.medium:535|mediadive.medium:553|mediadive.medium:554|mediadive.medium:65|mediadive.medium:J42
NCBITaxon:1288	4	mediadive.medium:53|mediadive.medium:693|mediadive.medium:92|mediadive.medium:J12
NCBITaxon:128802	2	mediadive.medium:1|mediadive.medium:462
NCBITaxon:1288120	1	mediadive.medium:104
NCBITaxon:1288121	3	mediadive.medium:1203a|mediadive.medium:693|mediadive.medium:J14
NCBITaxon:1288298	1	mediadive.medium:514
NCBITaxon:1288385	1	mediadive.medium:535
NCBITaxon:1288410	1	mediadive.medium:535
NCBITaxon:1288484	2	mediadive.medium:513|mediadive.medium:830
NCBITaxon:1288495	1	mediadive.medium:1
NCBITaxon:1288619	1	mediadive.medium:220
NCBITaxon:1288636	2	mediadive.medium:1484|mediadive.medium:514
NCBITaxon:1288827	5	mediadive.medium:535a|mediadive.medium:553|mediadive.medium:554|mediadive.medium:65|mediadive.medium:693
NCBITaxon:1288828	1	mediadive.medium:1029
NCBITaxon:1289170	3	mediadive.medium:92|mediadive.medium:J26|mediadive.medium:J346
NCBITaxon:128944	3	mediadive.medium:215|mediadive.medium:693|mediadive.medium:J282
NCBITaxon:128945	2	mediadive.medium:946|mediadive.medium:J751
NCBITaxon:1289519	1	mediadive.medium:110
NCBITaxon:1290	6	mediadive.medium:220|mediadive.medium:693|mediadive.medium:830|mediadive.medium:92|mediadive.medium:J256|mediadive.medium:J27
NCBITaxon:1290095	2	mediadive.medium:65|mediadive.medium:J104
NCBITaxon:1290553	1	mediadive.medium:514
NCBITaxon:1291049	2	mediadive.medium:326|mediadive.medium:J221
NCBITaxon:1291050	2	mediadive.medium:122|mediadive.medium:J965
NCBITaxon:12915	3	mediadive.medium:358a|mediadive.medium:J174|mediadive.medium:J175
NCBITaxon:1291540	2	mediadive.medium:120b|mediadive.medium:1637
NCBITaxon:1291555	5	mediadive.medium:252|mediadive.medium:553|mediadive.medium:65|mediadive.medium:84|mediadive.medium:J42
NCBITaxon:1291556	5	mediadive.medium:252|mediadive.medium:553|mediadive.medium:65|mediadive.medium:84|mediadive.medium:J51
NCBITaxon:12917	2	mediadive.medium:1|mediadive.medium:81
NCBITaxon:1291734	1	mediadive.medium:11
NCBITaxon:1291742	1	mediadive.medium:11
NCBITaxon:1291743	1	mediadive.medium:11
NCBITaxon:1291764	1	mediadive.medium:11
NCBITaxon:1292	6	mediadive.medium:220|mediadive.medium:693|mediadive.medium:830|mediadive.medium:92|mediadive.medium:J12|mediadive.medium:J22
NCBITaxon:1292030	1	mediadive.medium:535
NCBITaxon:1292031	1	mediadive.medium:220
NCBITaxon:1292036	4	mediadive.medium:693|mediadive.medium:78|mediadive.medium:J14|mediadive.medium:J84
NCBITaxon:1292037	2	mediadive.medium:83|mediadive.medium:J49
NCBITaxon:1293	2	mediadive.medium:693|mediadive.medium:92
NCBITaxon:1293032	1	mediadive.medium:549
NCBITaxon:1293036	3	mediadive.medium:88|mediadive.medium:J171|mediadive.medium:J172
NCBITaxon:1293037	4	mediadive.medium:266|mediadive.medium:760|mediadive.medium:J159|mediadive.medium:J280
NCBITaxon:1293038	2	mediadive.medium:120|mediadive.medium:J197
NCBITaxon:1293039	2	mediadive.medium:119|mediadive.medium:J198
NCBITaxon:1293040	1	mediadive.medium:J236
NCBITaxon:1293041	2	mediadive.medium:141|mediadive.medium:J265
NCBITaxon:1293042	2	mediadive.medium:141b|mediadive.medium:J262
NCBITaxon:1293047	1	mediadive.medium:1520
NCBITaxon:1293048	1	mediadive.medium:1520
NCBITaxon:1293054	1	mediadive.medium:591
NCBITaxon:129337	1	mediadive.medium:220
NCBITaxon:129338	1	mediadive.medium:1
NCBITaxon:129339	2	mediadive.medium:1|mediadive.medium:220
NCBITaxon:12934	1	mediadive.medium:28
NCBITaxon:1293439	1	mediadive.medium:545
NCBITaxon:1293440	1	mediadive.medium:830
NCBITaxon:1293441	1	mediadive.medium:220
NCBITaxon:1293442	1	mediadive.medium:220
NCBITaxon:1293586	2	mediadive.medium:88a|mediadive.medium:J297
NCBITaxon:1293587	2	mediadive.medium:74|mediadive.medium:J273
NCBITaxon:1293588	2	mediadive.medium:1011c|mediadive.medium:J495
NCBITaxon:1293591	3	mediadive.medium:220|mediadive.medium:J74|mediadive.medium:J75
NCBITaxon:1293597	2	mediadive.medium:11|mediadive.medium:J13
NCBITaxon:1293599	2	mediadive.medium:514|mediadive.medium:J377
NCBITaxon:1294	2	mediadive.medium:693|mediadive.medium:92
NCBITaxon:1294021	2	mediadive.medium:612|mediadive.medium:J395
NCBITaxon:1294022	2	mediadive.medium:372|mediadive.medium:J377
NCBITaxon:1294023	2	mediadive.medium:960|mediadive.medium:J575
NCBITaxon:1294024	2	mediadive.medium:1108a|mediadive.medium:J618
NCBITaxon:1294026	2	mediadive.medium:1189|mediadive.medium:J693
NCBITaxon:1294260	2	mediadive.medium:838|mediadive.medium:J747
NCBITaxon:1294262	2	mediadive.medium:88|mediadive.medium:J174
NCBITaxon:1294263	2	mediadive.medium:122|mediadive.medium:J595
NCBITaxon:1294264	2	mediadive.medium:220|mediadive.medium:J75
NCBITaxon:1294265	2	mediadive.medium:220|mediadive.medium:J443
NCBITaxon:1294270	3	mediadive.medium:9|mediadive.medium:942|mediadive.medium:J436
NCBITaxon:1295	2	mediadive.medium:693|mediadive.medium:92
NCBITaxon:1295120	2	mediadive.medium:1141|mediadive.medium:J180
NCBITaxon:1295128	2	mediadive.medium:63|mediadive.medium:J479
NCBITaxon:1295129	2	mediadive.medium:1|mediadive.medium:J22
NCBITaxon:1295132	2	mediadive.medium:1a|mediadive.medium:J443
NCBITaxon:1295135	2	mediadive.medium:514|mediadive.medium:J41
NCBITaxon:1295137	2	mediadive.medium:1|mediadive.medium:J346
NCBITaxon:1295373	2	mediadive.medium:874|mediadive.medium:J526
NCBITaxon:1295392	1	mediadive.medium:514
NCBITaxon:1295612	1	mediadive.medium:830
NCBITaxon:129578	2	mediadive.medium:514|mediadive.medium:545
NCBITaxon:1296	4	mediadive.medium:693|mediadive.medium:92|mediadive.medium:J12|mediadive.medium:J22
NCBITaxon:1296375	5	mediadive.medium:535|mediadive.medium:553|mediadive.medium:554|mediadive.medium:65|mediadive.medium:J61
NCBITaxon:1296415	2	mediadive.medium:514|mediadive.medium:J118
NCBITaxon:1296536	2	mediadive.medium:1|mediadive.medium:220
NCBITaxon:1296537	2	mediadive.medium:693|mediadive.medium:92
NCBITaxon:1296538	1	mediadive.medium:11
NCBITaxon:1296539	1	mediadive.medium:11
NCBITaxon:1296565	4	mediadive.medium:65|mediadive.medium:J26|mediadive.medium:J46|mediadive.medium:J47
NCBITaxon:1296669	1	mediadive.medium:830
NCBITaxon:1297424	1	mediadive.medium:520
NCBITaxon:1297617	7	mediadive.medium:110|mediadive.medium:1203a|mediadive.medium:215|mediadive.medium:339|mediadive.medium:634c|mediadive.medium:693|mediadive.medium:J677
NCBITaxon:1297750	2	mediadive.medium:323|mediadive.medium:J674
NCBITaxon:1297793	3	mediadive.medium:110|mediadive.medium:J13|mediadive.medium:J14
NCBITaxon:1297794	2	mediadive.medium:78|mediadive.medium:J14
NCBITaxon:129817	4	mediadive.medium:1|mediadive.medium:220|mediadive.medium:457|mediadive.medium:J12
NCBITaxon:129847	4	mediadive.medium:1|mediadive.medium:535|mediadive.medium:535a|mediadive.medium:54
NCBITaxon:1298594	3	mediadive.medium:136|mediadive.medium:693|mediadive.medium:J14
NCBITaxon:1298595	3	mediadive.medium:104|mediadive.medium:693|mediadive.medium:J14
NCBITaxon:1298597	4	mediadive.medium:1203a|mediadive.medium:693|mediadive.medium:92|mediadive.medium:J14
NCBITaxon:1298598	2	mediadive.medium:220|mediadive.medium:J75
NCBITaxon:1298604	3	mediadive.medium:535|mediadive.medium:545|mediadive.medium:J12
NCBITaxon:1298605	5	mediadive.medium:1856|mediadive.medium:246|mediadive.medium:514|mediadive.medium:514c|mediadive.medium:J118
NCBITaxon:1298606	2	mediadive.medium:120|mediadive.medium:J230
NCBITaxon:1298767	1	mediadive.medium:830
NCBITaxon:1298920	2	mediadive.medium:104b|mediadive.medium:63
NCBITaxon:1298930	1	mediadive.medium:65
NCBITaxon:1298959	1	mediadive.medium:1157
NCBITaxon:1299	1	mediadive.medium:1
NCBITaxon:129921	4	mediadive.medium:65|mediadive.medium:J43|mediadive.medium:J50|mediadive.medium:J57
NCBITaxon:129922	2	mediadive.medium:856|mediadive.medium:J351
NCBITaxon:1299340	2	mediadive.medium:830|mediadive.medium:J346
NCBITaxon:1299341	2	mediadive.medium:830|mediadive.medium:J346
NCBITaxon:129958	2	mediadive.medium:507|mediadive.medium:508
NCBITaxon:129985	2	mediadive.medium:514|mediadive.medium:J118
NCBITaxon:1299998	2	mediadive.medium:104|mediadive.medium:J14
NCBITaxon:1300159	2	mediadive.medium:9|mediadive.medium:J436
NCBITaxon:1300163	3	mediadive.medium:119|mediadive.medium:1523|mediadive.medium:J242
NCBITaxon:1300164	3	mediadive.medium:119|mediadive.medium:1523|mediadive.medium:J242
NCBITaxon:1300165	2	mediadive.medium:535|mediadive.medium:J27
NCBITaxon:1300267	2	mediadive.medium:252|mediadive.medium:65
NCBITaxon:1300350	2	mediadive.medium:514|mediadive.medium:J118
NCBITaxon:130049	4	mediadive.medium:1|mediadive.medium:220|mediadive.medium:693|mediadive.medium:92
NCBITaxon:1301	2	mediadive.medium:693|mediadive.medium:92
NCBITaxon:1301026	2	mediadive.medium:830|mediadive.medium:948
NCBITaxon:1301098	2	mediadive.medium:1|mediadive.medium:457
NCBITaxon:1301100	1	mediadive.medium:104b
NCBITaxon:1301839	4	mediadive.medium:252|mediadive.medium:553|mediadive.medium:65|mediadive.medium:84
NCBITaxon:1301915	1	mediadive.medium:282
NCBITaxon:1302	4	mediadive.medium:693|mediadive.medium:92|mediadive.medium:J27|mediadive.medium:J70
NCBITaxon:1302235	2	mediadive.medium:104|mediadive.medium:693
NCBITaxon:1302247	4	mediadive.medium:1|mediadive.medium:81|mediadive.medium:830|mediadive.medium:J22
NCBITaxon:1302250	1	mediadive.medium:11
NCBITaxon:1302351	2	mediadive.medium:1486|mediadive.medium:J978
NCBITaxon:1302659	1	mediadive.medium:514
NCBITaxon:1302685	1	mediadive.medium:220
NCBITaxon:1302687	1	mediadive.medium:1496
NCBITaxon:1302689	1	mediadive.medium:830
NCBITaxon:1302690	1	mediadive.medium:830
NCBITaxon:1302723	2	mediadive.medium:92|mediadive.medium:J475
NCBITaxon:1302724	4	mediadive.medium:252|mediadive.medium:65|mediadive.medium:84|mediadive.medium:J42
NCBITaxon:1302725	3	mediadive.medium:92|mediadive.medium:J26|mediadive.medium:J475
NCBITaxon:1302728	2	mediadive.medium:65|mediadive.medium:84
NCBITaxon:1302730	1	mediadive.medium:514b
NCBITaxon:1303	5	mediadive.medium:240|mediadive.medium:693|mediadive.medium:92|mediadive.medium:J27|mediadive.medium:J70
NCBITaxon:1303090	3	mediadive.medium:535|mediadive.medium:J27|mediadive.medium:J346
NCBITaxon:1303579	1	mediadive.medium:1234
NCBITaxon:1303590	1	mediadive.medium:11
NCBITaxon:1303677	2	mediadive.medium:92|mediadive.medium:J475
NCBITaxon:1303679	3	mediadive.medium:553|mediadive.medium:65|mediadive.medium:J57
NCBITaxon:1303680	2	mediadive.medium:535|mediadive.medium:J43
NCBITaxon:1303681	3	mediadive.medium:535|mediadive.medium:65|mediadive.medium:J57
NCBITaxon:1303683	2	mediadive.medium:92|mediadive.medium:J40
NCBITaxon:1303685	4	mediadive.medium:645|mediadive.medium:65|mediadive.medium:J26|mediadive.medium:J43
NCBITaxon:1303688	3	mediadive.medium:65|mediadive.medium:92|mediadive.medium:J22
NCBITaxon:1303689	2	mediadive.medium:535|mediadive.medium:J43
NCBITaxon:1303690	2	mediadive.medium:535|mediadive.medium:J43
NCBITaxon:1303691	5	mediadive.medium:252|mediadive.medium:65|mediadive.medium:84|mediadive.medium:993|mediadive.medium:J42
NCBITaxon:1303692	5	mediadive.medium:65|mediadive.medium:84|mediadive.medium:J42|mediadive.medium:J50|mediadive.medium:J58
NCBITaxon:1303863	1	mediadive.medium:1452
NCBITaxon:1304	4	mediadive.medium:693|mediadive.medium:92|mediadive.medium:J27|mediadive.medium:J70
NCBITaxon:1304281	2	mediadive.medium:464|mediadive.medium:J74
NCBITaxon:1304284	2	mediadive.medium:1459|mediadive.medium:J958
NCBITaxon:1304874	2	mediadive.medium:1082|mediadive.medium:J550
NCBITaxon:1304875	1	mediadive.medium:846
NCBITaxon:1304880	1	mediadive.medium:1233
NCBITaxon:1304881	3	mediadive.medium:110|mediadive.medium:J13|mediadive.medium:J14
NCBITaxon:1304884	1	mediadive.medium:898
NCBITaxon:1304886	1	mediadive.medium:383
NCBITaxon:1305	2	mediadive.medium:693|mediadive.medium:92
NCBITaxon:1305618	3	mediadive.medium:110|mediadive.medium:693|mediadive.medium:J14
NCBITaxon:1305622	5	mediadive.medium:53|mediadive.medium:65|mediadive.medium:92|mediadive.medium:J26|mediadive.medium:J43
NCBITaxon:1305623	2	mediadive.medium:92|mediadive.medium:J26
NCBITaxon:1305624	2	mediadive.medium:535|mediadive.medium:J43
NCBITaxon:1305625	5	mediadive.medium:250|mediadive.medium:645|mediadive.medium:J256|mediadive.medium:J26|mediadive.medium:J386
NCBITaxon:1305626	4	mediadive.medium:535|mediadive.medium:84|mediadive.medium:J42|mediadive.medium:J52
NCBITaxon:1305627	4	mediadive.medium:252|mediadive.medium:65|mediadive.medium:84|mediadive.medium:J50
NCBITaxon:1305629	2	mediadive.medium:645|mediadive.medium:J26
NCBITaxon:1305674	1	mediadive.medium:535
NCBITaxon:1305675	2	mediadive.medium:514|mediadive.medium:J118
NCBITaxon:1305854	2	mediadive.medium:65|mediadive.medium:J43
NCBITaxon:1305856	3	mediadive.medium:1026|mediadive.medium:53|mediadive.medium:J581
NCBITaxon:1305857	2	mediadive.medium:830|mediadive.medium:J346
NCBITaxon:1305858	2	mediadive.medium:92|mediadive.medium:J28
NCBITaxon:1305859	3	mediadive.medium:92|mediadive.medium:J28|mediadive.medium:J475
NCBITaxon:1305860	3	mediadive.medium:645|mediadive.medium:J26|mediadive.medium:J346
NCBITaxon:1305862	2	mediadive.medium:645|mediadive.medium:J386
NCBITaxon:1305863	2	mediadive.medium:645|mediadive.medium:J386
NCBITaxon:1305864	2	mediadive.medium:645|mediadive.medium:J386
NCBITaxon:1305865	2	mediadive.medium:830|mediadive.medium:J26
NCBITaxon:1305867	2	mediadive.medium:92|mediadive.medium:J28
NCBITaxon:1305868	3	mediadive.medium:92|mediadive.medium:J256|mediadive.medium:J28
NCBITaxon:1305869	3	mediadive.medium:92|mediadive.medium:J256|mediadive.medium:J28
NCBITaxon:1306	4	mediadive.medium:215|mediadive.medium:240|mediadive.medium:693|mediadive.medium:92
NCBITaxon:1306159	3	mediadive.medium:514|mediadive.medium:J74|mediadive.medium:J75
NCBITaxon:1306174	2	mediadive.medium:214|mediadive.medium:J42
NCBITaxon:1306175	2	mediadive.medium:65|mediadive.medium:J42
NCBITaxon:1306176	4	mediadive.medium:65|mediadive.medium:84|mediadive.medium:J50|mediadive.medium:J66
NCBITaxon:1306177	2	mediadive.medium:65|mediadive.medium:J42
NCBITaxon:1306178	3	mediadive.medium:65|mediadive.medium:84|mediadive.medium:J42
NCBITaxon:1306179	4	mediadive.medium:65|mediadive.medium:J42|mediadive.medium:J51|mediadive.medium:J61
NCBITaxon:1306180	3	mediadive.medium:65|mediadive.medium:84|mediadive.medium:J42
NCBITaxon:1306181	3	mediadive.medium:65|mediadive.medium:84|mediadive.medium:987
NCBITaxon:1306182	5	mediadive.medium:65|mediadive.medium:84|mediadive.medium:J45|mediadive.medium:J58|mediadive.medium:J61
NCBITaxon:1306852	1	mediadive.medium:220
NCBITaxon:1306990	2	mediadive.medium:65|mediadive.medium:84
NCBITaxon:1306993	1	mediadive.medium:535
NCBITaxon:1307	3	mediadive.medium:693|mediadive.medium:696|mediadive.medium:92
NCBITaxon:1307447	4	mediadive.medium:554|mediadive.medium:65|mediadive.medium:J42|mediadive.medium:J52
NCBITaxon:1307448	4	mediadive.medium:65|mediadive.medium:84|mediadive.medium:J202|mediadive.medium:J51
NCBITaxon:1307449	5	mediadive.medium:252|mediadive.medium:65|mediadive.medium:84|mediadive.medium:J42|mediadive.medium:J52
NCBITaxon:1307450	5	mediadive.medium:548|mediadive.medium:65|mediadive.medium:84|mediadive.medium:J42|mediadive.medium:J52
NCBITaxon:1307451	5	mediadive.medium:548|mediadive.medium:65|mediadive.medium:84|mediadive.medium:J42|mediadive.medium:J52
NCBITaxon:1307452	6	mediadive.medium:548|mediadive.medium:65|mediadive.medium:83|mediadive.medium:84|mediadive.medium:J42|mediadive.medium:J52
NCBITaxon:1307453	5	mediadive.medium:548|mediadive.medium:65|mediadive.medium:84|mediadive.medium:J42|mediadive.medium:J52
NCBITaxon:1307454	2	mediadive.medium:65|mediadive.medium:J42
NCBITaxon:1307455	2	mediadive.medium:65|mediadive.medium:J42
NCBITaxon:1307456	2	mediadive.medium:65|mediadive.medium:J42
NCBITaxon:1307457	2	mediadive.medium:65|mediadive.medium:J42
NCBITaxon:13076	1	mediadive.medium:697
NCBITaxon:1307759	2	mediadive.medium:1526c|mediadive.medium:J957
NCBITaxon:1307761	2	mediadive.medium:1526|mediadive.medium:J958
NCBITaxon:1307763	3	mediadive.medium:1526a|mediadive.medium:1526b|mediadive.medium:J958
NCBITaxon:1307839	2	mediadive.medium:1527a|mediadive.medium:J1131
NCBITaxon:1307903	2	mediadive.medium:360|mediadive.medium:J840
NCBITaxon:1307904	2	mediadive.medium:989|mediadive.medium:J97
NCBITaxon:1307906	1	mediadive.medium:1087
NCBITaxon:1307907	1	mediadive.medium:1087
NCBITaxon:1307908	2	mediadive.medium:989|mediadive.medium:J97
NCBITaxon:1307910	2	mediadive.medium:360|mediadive.medium:J840
NCBITaxon:1307912	3	mediadive.medium:105|mediadive.medium:1424|mediadive.medium:360
NCBITaxon:1307913	2	mediadive.medium:989|mediadive.medium:J97
NCBITaxon:1307917	2	mediadive.medium:1429|mediadive.medium:848
NCBITaxon:1307918	1	mediadive.medium:360
NCBITaxon:1307919	2	mediadive.medium:989|mediadive.medium:J97
NCBITaxon:1307920	2	mediadive.medium:989|mediadive.medium:J97
NCBITaxon:1307921	1	mediadive.medium:108
NCBITaxon:1307927	2	mediadive.medium:105|mediadive.medium:J97
NCBITaxon:1307929	4	mediadive.medium:105|mediadive.medium:360|mediadive.medium:955|mediadive.medium:J97
NCBITaxon:1307932	1	mediadive.medium:920
NCBITaxon:1307935	1	mediadive.medium:920
NCBITaxon:1307938	3	mediadive.medium:1429|mediadive.medium:848|mediadive.medium:J891
NCBITaxon:1307939	4	mediadive.medium:1044|mediadive.medium:105|mediadive.medium:360|mediadive.medium:J709
NCBITaxon:1307940	2	mediadive.medium:105|mediadive.medium:1429
NCBITaxon:1307942	2	mediadive.medium:105|mediadive.medium:J97
NCBITaxon:1307943	2	mediadive.medium:1044|mediadive.medium:J709
NCBITaxon:1307945	4	mediadive.medium:105|mediadive.medium:360|mediadive.medium:J709|mediadive.medium:J710
NCBITaxon:1308	2	mediadive.medium:693|mediadive.medium:92
NCBITaxon:1308924	2	mediadive.medium:830|mediadive.medium:J346
NCBITaxon:1309	2	mediadive.medium:693|mediadive.medium:92
NCBITaxon:1309411	1	mediadive.medium:65
NCBITaxon:1309795	1	mediadive.medium:693
NCBITaxon:1310	2	mediadive.medium:693|mediadive.medium:92
NCBITaxon:1310167	1	mediadive.medium:535
NCBITaxon:1310168	2	mediadive.medium:535|mediadive.medium:545
NCBITaxon:131080	2	mediadive.medium:830|mediadive.medium:919
NCBITaxon:1311	3	mediadive.medium:693|mediadive.medium:92|mediadive.medium:J28
NCBITaxon:131109	4	mediadive.medium:215|mediadive.medium:217|mediadive.medium:381|mediadive.medium:693
NCBITaxon:131110	1	mediadive.medium:693
NCBITaxon:131111	2	mediadive.medium:104|mediadive.medium:693
NCBITaxon:131112	1	mediadive.medium:104
NCBITaxon:1311774	3	mediadive.medium:220|mediadive.medium:693|mediadive.medium:92
NCBITaxon:1312182	1	mediadive.medium:1
NCBITaxon:1312183	1	mediadive.medium:98
NCBITaxon:1312184	1	mediadive.medium:1
NCBITaxon:1312234	3	mediadive.medium:65|mediadive.medium:84|mediadive.medium:J66
NCBITaxon:1312363	1	mediadive.medium:514
NCBITaxon:1312369	1	mediadive.medium:514
NCBITaxon:1312852	3	mediadive.medium:1687|mediadive.medium:503|mediadive.medium:J933
NCBITaxon:1312905	2	mediadive.medium:641|mediadive.medium:J953
NCBITaxon:1313	4	mediadive.medium:192|mediadive.medium:693|mediadive.medium:697|mediadive.medium:92
NCBITaxon:131318	3	mediadive.medium:535|mediadive.medium:693|mediadive.medium:J26
NCBITaxon:1313296	1	mediadive.medium:220
NCBITaxon:1313299	2	mediadive.medium:358a|mediadive.medium:J178
NCBITaxon:1313301	1	mediadive.medium:878
NCBITaxon:1314	3	mediadive.medium:693|mediadive.medium:82|mediadive.medium:92
NCBITaxon:1314749	4	mediadive.medium:1|mediadive.medium:81|mediadive.medium:830|mediadive.medium:J346
NCBITaxon:1314751	2	mediadive.medium:31|mediadive.medium:J181
NCBITaxon:1314752	2	mediadive.medium:1|mediadive.medium:J75
NCBITaxon:1314753	2	mediadive.medium:1|mediadive.medium:J22
NCBITaxon:1314754	2	mediadive.medium:402|mediadive.medium:J614
NCBITaxon:1314868	3	mediadive.medium:246|mediadive.medium:514|mediadive.medium:J118
NCBITaxon:1314869	3	mediadive.medium:243|mediadive.medium:514|mediadive.medium:J118
NCBITaxon:1315211	2	mediadive.medium:215b|mediadive.medium:693
NCBITaxon:1315271	2	mediadive.medium:514|mediadive.medium:J118
NCBITaxon:1315273	1	mediadive.medium:514
NCBITaxon:1315274	1	mediadive.medium:514
NCBITaxon:1315275	2	mediadive.medium:514|mediadive.medium:J118
NCBITaxon:1315277	1	mediadive.medium:514
NCBITaxon:1315282	1	mediadive.medium:514
NCBITaxon:1315283	1	mediadive.medium:514
NCBITaxon:13160	2	mediadive.medium:1|mediadive.medium:J22
NCBITaxon:1316584	3	mediadive.medium:110|mediadive.medium:693|mediadive.medium:J14
NCBITaxon:1316803	4	mediadive.medium:535|mediadive.medium:554|mediadive.medium:65|mediadive.medium:J61
NCBITaxon:1316931	7	mediadive.medium:104|mediadive.medium:104b|mediadive.medium:110|mediadive.medium:634|mediadive.medium:693|mediadive.medium:J13|mediadive.medium:J14
NCBITaxon:1316935	1	mediadive.medium:878
NCBITaxon:1316938	2	mediadive.medium:1|mediadive.medium:693
NCBITaxon:1316941	2	mediadive.medium:1278|mediadive.medium:J621
NCBITaxon:1317121	1	mediadive.medium:514
NCBITaxon:1318743	1	mediadive.medium:1203
NCBITaxon:1319510	5	mediadive.medium:65|mediadive.medium:84|mediadive.medium:J42|mediadive.medium:J58|mediadive.medium:J66
NCBITaxon:1319815	2	mediadive.medium:693|mediadive.medium:78
NCBITaxon:1321609	4	mediadive.medium:535|mediadive.medium:545|mediadive.medium:J22|mediadive.medium:J27
NCBITaxon:1321610	4	mediadive.medium:1|mediadive.medium:81|mediadive.medium:J22|mediadive.medium:J75
NCBITaxon:1321814	1	mediadive.medium:110
NCBITaxon:1322049	1	mediadive.medium:311a
NCBITaxon:1322246	2	mediadive.medium:1040|mediadive.medium:J565
NCBITaxon:1322249	2	mediadive.medium:53|mediadive.medium:J75
NCBITaxon:1322345	3	mediadive.medium:1|mediadive.medium:693|mediadive.medium:J12
NCBITaxon:132249	3	mediadive.medium:65|mediadive.medium:83|mediadive.medium:J43
NCBITaxon:1323	2	mediadive.medium:104|mediadive.medium:693
NCBITaxon:1323230	2	mediadive.medium:11|mediadive.medium:693
NCBITaxon:1323361	1	mediadive.medium:535
NCBITaxon:1323370	2	mediadive.medium:904|mediadive.medium:J1002
NCBITaxon:1323375	2	mediadive.medium:904|mediadive.medium:J1002
NCBITaxon:1323731	4	mediadive.medium:514|mediadive.medium:83|mediadive.medium:987|mediadive.medium:J61
NCBITaxon:1324217	1	mediadive.medium:514
NCBITaxon:13243	2	mediadive.medium:469|mediadive.medium:J282
NCBITaxon:1324351	1	mediadive.medium:535
NCBITaxon:1324352	1	mediadive.medium:220
NCBITaxon:1324617	2	mediadive.medium:1|mediadive.medium:220
NCBITaxon:132473	3	mediadive.medium:65|mediadive.medium:84|mediadive.medium:J58
NCBITaxon:132474	5	mediadive.medium:252|mediadive.medium:65|mediadive.medium:83|mediadive.medium:84|mediadive.medium:J42
NCBITaxon:132476	4	mediadive.medium:1|mediadive.medium:381|mediadive.medium:907|mediadive.medium:J12
NCBITaxon:1324766	3	mediadive.medium:693|mediadive.medium:92|mediadive.medium:J28
NCBITaxon:1324851	2	mediadive.medium:92|mediadive.medium:J26
NCBITaxon:1324934	2	mediadive.medium:381|mediadive.medium:J118
NCBITaxon:1324935	1	mediadive.medium:1493
NCBITaxon:1324945	2	mediadive.medium:1|mediadive.medium:535
NCBITaxon:1324956	1	mediadive.medium:514
NCBITaxon:1325125	2	mediadive.medium:1525|mediadive.medium:J977
NCBITaxon:1325358	1	mediadive.medium:220
NCBITaxon:1325360	1	mediadive.medium:220
NCBITaxon:1325931	1	mediadive.medium:220
NCBITaxon:1325932	1	mediadive.medium:220
NCBITaxon:1325933	2	mediadive.medium:104c|mediadive.medium:110
NCBITaxon:1325934	1	mediadive.medium:693
NCBITaxon:1325935	1	mediadive.medium:693
NCBITaxon:1326	2	mediadive.medium:693|mediadive.medium:92
NCBITaxon:132608	1	mediadive.medium:1673
NCBITaxon:13276	3	mediadive.medium:693|mediadive.medium:J256|mediadive.medium:J70
NCBITaxon:1327753	1	mediadive.medium:514
NCBITaxon:1328	4	mediadive.medium:693|mediadive.medium:92|mediadive.medium:J27|mediadive.medium:J70
NCBITaxon:1328770	1	mediadive.medium:514a
NCBITaxon:1328864	2	mediadive.medium:92|mediadive.medium:J26
NCBITaxon:1328865	2	mediadive.medium:92|mediadive.medium:J26
NCBITaxon:1328866	1	mediadive.medium:92
NCBITaxon:1328867	1	mediadive.medium:92
NCBITaxon:1328868	2	mediadive.medium:92|mediadive.medium:J26
NCBITaxon:1329	2	mediadive.medium:693|mediadive.medium:92
NCBITaxon:132920	2	mediadive.medium:92|mediadive.medium:J74
NCBITaxon:132925	1	mediadive.medium:339a
NCBITaxon:132926	1	mediadive.medium:339
NCBITaxon:1329262	2	mediadive.medium:311c|mediadive.medium:J962
NCBITaxon:132932	1	mediadive.medium:900
NCBITaxon:132933	2	mediadive.medium:1203|mediadive.medium:693
NCBITaxon:1329367	1	mediadive.medium:535
NCBITaxon:1329370	1	mediadive.medium:514
NCBITaxon:1329411	2	mediadive.medium:58|mediadive.medium:J13
NCBITaxon:1329796	2	mediadive.medium:535|mediadive.medium:535a
NCBITaxon:1329800	1	mediadive.medium:514
NCBITaxon:1330330	2	mediadive.medium:282|mediadive.medium:J982
NCBITaxon:1330700	1	mediadive.medium:1722
NCBITaxon:1331258	2	mediadive.medium:535|mediadive.medium:693
NCBITaxon:1331668	3	mediadive.medium:65|mediadive.medium:84|mediadive.medium:J42
NCBITaxon:1331682	2	mediadive.medium:92|mediadive.medium:J475
NCBITaxon:1331689	2	mediadive.medium:215|mediadive.medium:693
NCBITaxon:1331910	1	mediadive.medium:1473
NCBITaxon:133194	1	mediadive.medium:430
NCBITaxon:133270	2	mediadive.medium:890|mediadive.medium:J286
NCBITaxon:1332824	1	mediadive.medium:1522
NCBITaxon:1332898	2	mediadive.medium:65|mediadive.medium:J26
NCBITaxon:1333	2	mediadive.medium:92|mediadive.medium:J28
NCBITaxon:1333660	2	mediadive.medium:514|mediadive.medium:J118
NCBITaxon:1333667	1	mediadive.medium:714
NCBITaxon:1333845	1	mediadive.medium:220
NCBITaxon:1333847	2	mediadive.medium:1091|mediadive.medium:J574
NCBITaxon:1333996	1	mediadive.medium:830
NCBITaxon:1333998	1	mediadive.medium:514
NCBITaxon:1334	2	mediadive.medium:693|mediadive.medium:92
NCBITaxon:1334036	2	mediadive.medium:220|mediadive.medium:514
NCBITaxon:1334039	1	mediadive.medium:220
NCBITaxon:1334040	1	mediadive.medium:514d
NCBITaxon:1334041	1	mediadive.medium:514
NCBITaxon:133448	1	mediadive.medium:535
NCBITaxon:1334628	2	mediadive.medium:535|mediadive.medium:693
NCBITaxon:1335	2	mediadive.medium:693|mediadive.medium:92
NCBITaxon:1335061	1	mediadive.medium:1
NCBITaxon:1335062	1	mediadive.medium:830
NCBITaxon:133532	2	mediadive.medium:906|mediadive.medium:J758
NCBITaxon:133534	2	mediadive.medium:906|mediadive.medium:J758
NCBITaxon:133535	2	mediadive.medium:906|mediadive.medium:J758
NCBITaxon:133552	2	mediadive.medium:1423|mediadive.medium:922
NCBITaxon:1335613	1	mediadive.medium:104
NCBITaxon:1335616	1	mediadive.medium:231
NCBITaxon:1335619	3	mediadive.medium:354|mediadive.medium:645|mediadive.medium:J386
NCBITaxon:1335620	2	mediadive.medium:214|mediadive.medium:354
NCBITaxon:1335621	2	mediadive.medium:214|mediadive.medium:354
NCBITaxon:1335622	2	mediadive.medium:645|mediadive.medium:J386
NCBITaxon:1335627	1	mediadive.medium:1285
NCBITaxon:1335628	1	mediadive.medium:1285
NCBITaxon:1335629	1	mediadive.medium:1285
NCBITaxon:1335757	1	mediadive.medium:1537
NCBITaxon:1335760	1	mediadive.medium:830
NCBITaxon:1336	2	mediadive.medium:693|mediadive.medium:92
NCBITaxon:1336204	2	mediadive.medium:92|mediadive.medium:J26
NCBITaxon:1336235	1	mediadive.medium:98
NCBITaxon:1336237	1	mediadive.medium:830
NCBITaxon:1336243	2	mediadive.medium:1553|mediadive.medium:J428
NCBITaxon:1336248	1	mediadive.medium:1
NCBITaxon:1336250	1	mediadive.medium:693
NCBITaxon:1336745	2	mediadive.medium:1|mediadive.medium:J74
NCBITaxon:1336748	1	mediadive.medium:1076b
NCBITaxon:1336749	1	mediadive.medium:1076b
NCBITaxon:1337	2	mediadive.medium:693|mediadive.medium:92
NCBITaxon:1337051	2	mediadive.medium:104|mediadive.medium:110
NCBITaxon:1337094	2	mediadive.medium:684|mediadive.medium:J988
NCBITaxon:1337839	2	mediadive.medium:67|mediadive.medium:J22
NCBITaxon:1337860	1	mediadive.medium:514
NCBITaxon:1337874	2	mediadive.medium:65|mediadive.medium:84
NCBITaxon:1337876	4	mediadive.medium:252|mediadive.medium:65|mediadive.medium:84|mediadive.medium:J51
NCBITaxon:1337886	1	mediadive.medium:311
NCBITaxon:1337957	1	mediadive.medium:214
NCBITaxon:1337958	2	mediadive.medium:426|mediadive.medium:65
NCBITaxon:1338368	1	mediadive.medium:220
NCBITaxon:1338426	2	mediadive.medium:92|mediadive.medium:J475
NCBITaxon:1338436	1	mediadive.medium:830
NCBITaxon:1339210	1	mediadive.medium:545
NCBITaxon:1340	2	mediadive.medium:693|mediadive.medium:92
NCBITaxon:134034	3	mediadive.medium:535|mediadive.medium:693|mediadive.medium:J26
NCBITaxon:1340531	1	mediadive.medium:514
NCBITaxon:1341	4	mediadive.medium:693|mediadive.medium:92|mediadive.medium:J13|mediadive.medium:J28
NCBITaxon:1341119	2	mediadive.medium:1115|mediadive.medium:J898
NCBITaxon:1341550	1	mediadive.medium:830
NCBITaxon:1341643	1	mediadive.medium:535
NCBITaxon:1341646	2	mediadive.medium:645|mediadive.medium:J386
NCBITaxon:1341683	1	mediadive.medium:830
NCBITaxon:1341692	1	mediadive.medium:879
NCBITaxon:1341695	2	mediadive.medium:11|mediadive.medium:58
NCBITaxon:1341696	1	mediadive.medium:830c
NCBITaxon:1341726	2	mediadive.medium:503|mediadive.medium:J985
NCBITaxon:1342299	2	mediadive.medium:514|mediadive.medium:J118
NCBITaxon:1342301	2	mediadive.medium:514|mediadive.medium:J118
NCBITaxon:1342302	2	mediadive.medium:514|mediadive.medium:J118
NCBITaxon:1342794	1	mediadive.medium:514
NCBITaxon:1342818	1	mediadive.medium:514
NCBITaxon:1343102	2	mediadive.medium:514|mediadive.medium:J118
NCBITaxon:1343103	2	mediadive.medium:514|mediadive.medium:J569
NCBITaxon:1343159	1	mediadive.medium:514
NCBITaxon:1343740	3	mediadive.medium:252|mediadive.medium:65|mediadive.medium:84
NCBITaxon:134375	7	mediadive.medium:1|mediadive.medium:1a|mediadive.medium:457|mediadive.medium:462|mediadive.medium:535|mediadive.medium:693|mediadive.medium:92
NCBITaxon:1344003	2	mediadive.medium:65|mediadive.medium:J43
NCBITaxon:1344584	1	mediadive.medium:399
NCBITaxon:1344948	1	mediadive.medium:1
NCBITaxon:1344949	1	mediadive.medium:830
NCBITaxon:1344950	1	mediadive.medium:830
NCBITaxon:1344951	1	mediadive.medium:1
NCBITaxon:1345	2	mediadive.medium:693|mediadive.medium:92
NCBITaxon:134537	3	mediadive.medium:1|mediadive.medium:81|mediadive.medium:830
NCBITaxon:1345695	2	mediadive.medium:104b|mediadive.medium:411
NCBITaxon:1346	2	mediadive.medium:693|mediadive.medium:92
NCBITaxon:134601	2	mediadive.medium:250|mediadive.medium:645
NCBITaxon:134602	7	mediadive.medium:535|mediadive.medium:553|mediadive.medium:554|mediadive.medium:65|mediadive.medium:84|mediadive.medium:J50|mediadive.medium:J58
NCBITaxon:134605	3	mediadive.medium:104|mediadive.medium:693|mediadive.medium:J14
NCBITaxon:1346286	2	mediadive.medium:78|mediadive.medium:J14
NCBITaxon:1346611	2	mediadive.medium:678|mediadive.medium:J78
NCBITaxon:1346614	3	mediadive.medium:1|mediadive.medium:693|mediadive.medium:92
NCBITaxon:1346684	3	mediadive.medium:693|mediadive.medium:92|mediadive.medium:J28
NCBITaxon:1347087	1	mediadive.medium:514
NCBITaxon:1347342	1	mediadive.medium:514
NCBITaxon:1347368	1	mediadive.medium:1
NCBITaxon:1347369	1	mediadive.medium:220
NCBITaxon:1347392	2	mediadive.medium:104|mediadive.medium:110
NCBITaxon:1347393	3	mediadive.medium:1203|mediadive.medium:693|mediadive.medium:78
NCBITaxon:1347788	4	mediadive.medium:220|mediadive.medium:31|mediadive.medium:514|mediadive.medium:J118
NCBITaxon:1347891	3	mediadive.medium:92|mediadive.medium:J26|mediadive.medium:J43
NCBITaxon:1347902	1	mediadive.medium:1
NCBITaxon:1347903	1	mediadive.medium:220
NCBITaxon:1348	2	mediadive.medium:693|mediadive.medium:92
NCBITaxon:1348058	1	mediadive.medium:220
NCBITaxon:1348163	2	mediadive.medium:641|mediadive.medium:J1020
NCBITaxon:1348249	2	mediadive.medium:119|mediadive.medium:J530
NCBITaxon:1348253	1	mediadive.medium:92
NCBITaxon:1348266	5	mediadive.medium:1|mediadive.medium:514|mediadive.medium:65|mediadive.medium:84|mediadive.medium:J82
NCBITaxon:1348284	3	mediadive.medium:65|mediadive.medium:84|mediadive.medium:J82
NCBITaxon:1348429	1	mediadive.medium:1a
NCBITaxon:1348468	2	mediadive.medium:1|mediadive.medium:J346
NCBITaxon:1348469	4	mediadive.medium:535|mediadive.medium:65|mediadive.medium:830|mediadive.medium:J26
NCBITaxon:1348472	4	mediadive.medium:535|mediadive.medium:545|mediadive.medium:830|mediadive.medium:J346
NCBITaxon:134849	4	mediadive.medium:214|mediadive.medium:553|mediadive.medium:65|mediadive.medium:J42
NCBITaxon:1348613	2	mediadive.medium:311b|mediadive.medium:J938
NCBITaxon:1348624	2	mediadive.medium:220|mediadive.medium:J22
NCBITaxon:1348625	2	mediadive.medium:1|mediadive.medium:J22
NCBITaxon:1348626	3	mediadive.medium:1|mediadive.medium:220|mediadive.medium:J22
NCBITaxon:1348627	2	mediadive.medium:1|mediadive.medium:J22
NCBITaxon:1348630	2	mediadive.medium:1|mediadive.medium:J75
NCBITaxon:1348632	3	mediadive.medium:92|mediadive.medium:J13|mediadive.medium:J14
NCBITaxon:1348633	3	mediadive.medium:92|mediadive.medium:J27|mediadive.medium:J70
NCBITaxon:1348634	2	mediadive.medium:92|mediadive.medium:J26
NCBITaxon:1348635	2	mediadive.medium:308|mediadive.medium:J118
NCBITaxon:1348637	2	mediadive.medium:65|mediadive.medium:J61
NCBITaxon:1348638	5	mediadive.medium:215|mediadive.medium:250|mediadive.medium:553|mediadive.medium:65|mediadive.medium:J66
NCBITaxon:1348654	2	mediadive.medium:220|mediadive.medium:J75
NCBITaxon:1348655	1	mediadive.medium:92
NCBITaxon:1348656	3	mediadive.medium:92|mediadive.medium:J13|mediadive.medium:J84
NCBITaxon:1348662	3	mediadive.medium:693|mediadive.medium:92|mediadive.medium:J28
NCBITaxon:1348663	3	mediadive.medium:65|mediadive.medium:84|mediadive.medium:J43
NCBITaxon:1348774	2	mediadive.medium:462|mediadive.medium:514
NCBITaxon:1348852	3	mediadive.medium:514|mediadive.medium:65|mediadive.medium:830
NCBITaxon:1348853	2	mediadive.medium:514|mediadive.medium:987
NCBITaxon:1349	4	mediadive.medium:693|mediadive.medium:92|mediadive.medium:J27|mediadive.medium:J70
NCBITaxon:1349415	3	mediadive.medium:693|mediadive.medium:92|mediadive.medium:J28
NCBITaxon:1349416	3	mediadive.medium:693|mediadive.medium:92|mediadive.medium:J28
NCBITaxon:1349425	2	mediadive.medium:830c|mediadive.medium:J346
NCBITaxon:134959	4	mediadive.medium:535|mediadive.medium:554|mediadive.medium:84|mediadive.medium:J50
NCBITaxon:134960	2	mediadive.medium:553|mediadive.medium:84
NCBITaxon:134961	2	mediadive.medium:535|mediadive.medium:553
NCBITaxon:134964	3	mediadive.medium:535|mediadive.medium:553|mediadive.medium:65
NCBITaxon:1349749	1	mediadive.medium:514
NCBITaxon:1349750	2	mediadive.medium:92|mediadive.medium:J26
NCBITaxon:1349751	2	mediadive.medium:53|mediadive.medium:J22
NCBITaxon:1349752	3	mediadive.medium:1|mediadive.medium:81|mediadive.medium:J22
NCBITaxon:1349755	4	mediadive.medium:92|mediadive.medium:J12|mediadive.medium:J22|mediadive.medium:J75
NCBITaxon:1349756	2	mediadive.medium:1|mediadive.medium:J75
NCBITaxon:1349757	2	mediadive.medium:220|mediadive.medium:J75
NCBITaxon:1349758	2	mediadive.medium:429|mediadive.medium:J22
NCBITaxon:1349759	2	mediadive.medium:1|mediadive.medium:617a
NCBITaxon:1349761	3	mediadive.medium:92|mediadive.medium:J28|mediadive.medium:J475
NCBITaxon:1349762	6	mediadive.medium:1|mediadive.medium:220|mediadive.medium:535|mediadive.medium:535b|mediadive.medium:830|mediadive.medium:J27
NCBITaxon:1349763	5	mediadive.medium:37|mediadive.medium:428|mediadive.medium:J22|mediadive.medium:J346|mediadive.medium:J686
NCBITaxon:1349764	3	mediadive.medium:535|mediadive.medium:65|mediadive.medium:J43
NCBITaxon:1349765	2	mediadive.medium:693|mediadive.medium:92
NCBITaxon:1349766	2	mediadive.medium:1|mediadive.medium:J75
NCBITaxon:1349767	4	mediadive.medium:1|mediadive.medium:605|mediadive.medium:948|mediadive.medium:J22
NCBITaxon:1349768	2	mediadive.medium:53|mediadive.medium:J475
NCBITaxon:1349773	2	mediadive.medium:53|mediadive.medium:J26
NCBITaxon:1349775	3	mediadive.medium:429|mediadive.medium:693|mediadive.medium:J22
NCBITaxon:1349776	2	mediadive.medium:1|mediadive.medium:220
NCBITaxon:1349777	1	mediadive.medium:220
NCBITaxon:1349778	1	mediadive.medium:220
NCBITaxon:1349779	2	mediadive.medium:1|mediadive.medium:J75
NCBITaxon:1349780	2	mediadive.medium:1|mediadive.medium:J22
NCBITaxon:1349781	3	mediadive.medium:1|mediadive.medium:J22|mediadive.medium:J75
NCBITaxon:1349782	2	mediadive.medium:1|mediadive.medium:J22
NCBITaxon:1349783	2	mediadive.medium:1|mediadive.medium:J22
NCBITaxon:1349784	3	mediadive.medium:220|mediadive.medium:693|mediadive.medium:J12
NCBITaxon:1349785	1	mediadive.medium:514
NCBITaxon:1349788	2	mediadive.medium:541|mediadive.medium:J536
NCBITaxon:1349791	3	mediadive.medium:1|mediadive.medium:81|mediadive.medium:J22
NCBITaxon:1349792	3	mediadive.medium:1|mediadive.medium:81|mediadive.medium:J22
NCBITaxon:1349794	2	mediadive.medium:605|mediadive.medium:J22
NCBITaxon:1349822	2	mediadive.medium:78|mediadive.medium:J14
NCBITaxon:1350067	3	mediadive.medium:1571|mediadive.medium:684|mediadive.medium:J990
NCBITaxon:1351	7	mediadive.medium:1203|mediadive.medium:215|mediadive.medium:220|mediadive.medium:339|mediadive.medium:339a|mediadive.medium:693|mediadive.medium:92
NCBITaxon:1351585	2	mediadive.medium:503|mediadive.medium:J990
NCBITaxon:1351587	1	mediadive.medium:220
NCBITaxon:1351588	1	mediadive.medium:92
NCBITaxon:1352	3	mediadive.medium:215|mediadive.medium:693|mediadive.medium:92
NCBITaxon:1352223	3	mediadive.medium:693|mediadive.medium:92|mediadive.medium:J28
NCBITaxon:1352348	2	mediadive.medium:514|mediadive.medium:J118
NCBITaxon:1352928	2	mediadive.medium:1159|mediadive.medium:1703
NCBITaxon:1352941	4	mediadive.medium:65|mediadive.medium:84|mediadive.medium:J50|mediadive.medium:J58
NCBITaxon:1353	6	mediadive.medium:1713|mediadive.medium:339|mediadive.medium:339a|mediadive.medium:693|mediadive.medium:92|mediadive.medium:J156
NCBITaxon:1353158	2	mediadive.medium:141c|mediadive.medium:J986
NCBITaxon:1353276	1	mediadive.medium:514
NCBITaxon:1353537	1	mediadive.medium:514
NCBITaxon:1353891	2	mediadive.medium:1|mediadive.medium:220
NCBITaxon:1353941	2	mediadive.medium:1|mediadive.medium:535
NCBITaxon:1354	2	mediadive.medium:693|mediadive.medium:92
NCBITaxon:1354027	2	mediadive.medium:1|mediadive.medium:J22
NCBITaxon:1354251	1	mediadive.medium:220
NCBITaxon:1354252	1	mediadive.medium:220
NCBITaxon:1354253	1	mediadive.medium:220
NCBITaxon:1354254	1	mediadive.medium:220
NCBITaxon:1354255	1	mediadive.medium:220
NCBITaxon:1354256	2	mediadive.medium:220|mediadive.medium:535
NCBITaxon:1354257	3	mediadive.medium:1|mediadive.medium:J12|mediadive.medium:J22
NCBITaxon:1354260	5	mediadive.medium:535|mediadive.medium:693|mediadive.medium:92|mediadive.medium:J12|mediadive.medium:J22
NCBITaxon:1354261	5	mediadive.medium:535|mediadive.medium:693|mediadive.medium:92|mediadive.medium:J12|mediadive.medium:J22
NCBITaxon:1354264	3	mediadive.medium:220|mediadive.medium:535|mediadive.medium:J27
NCBITaxon:1354266	2	mediadive.medium:1|mediadive.medium:J22
NCBITaxon:1354267	2	mediadive.medium:1|mediadive.medium:J12
NCBITaxon:1354268	1	mediadive.medium:1a
NCBITaxon:1354269	1	mediadive.medium:830
NCBITaxon:1354271	3	mediadive.medium:220|mediadive.medium:693|mediadive.medium:92
NCBITaxon:1354272	1	mediadive.medium:1
NCBITaxon:1354274	3	mediadive.medium:1|mediadive.medium:J12|mediadive.medium:J22
NCBITaxon:1354303	3	mediadive.medium:381|mediadive.medium:605|mediadive.medium:948
NCBITaxon:135487	5	mediadive.medium:214|mediadive.medium:426|mediadive.medium:65|mediadive.medium:92|mediadive.medium:J57
NCBITaxon:1355015	3	mediadive.medium:252|mediadive.medium:65|mediadive.medium:84
NCBITaxon:135517	2	mediadive.medium:514|mediadive.medium:J118
NCBITaxon:1355755	1	mediadive.medium:220
NCBITaxon:135577	1	mediadive.medium:514
NCBITaxon:1356575	1	mediadive.medium:514
NCBITaxon:1356851	2	mediadive.medium:553|mediadive.medium:65
NCBITaxon:1356854	1	mediadive.medium:402
NCBITaxon:135719	2	mediadive.medium:220|mediadive.medium:535
NCBITaxon:135735	1	mediadive.medium:220
NCBITaxon:135739	2	mediadive.medium:1066|mediadive.medium:J118
NCBITaxon:1357496	3	mediadive.medium:830|mediadive.medium:92|mediadive.medium:J346
NCBITaxon:1358	9	mediadive.medium:11|mediadive.medium:215|mediadive.medium:381|mediadive.medium:449|mediadive.medium:53|mediadive.medium:693|mediadive.medium:92|mediadive.medium:J13|mediadive.medium:J84
NCBITaxon:1358026	2	mediadive.medium:53|mediadive.medium:J22
NCBITaxon:135826	2	mediadive.medium:514|mediadive.medium:J118
NCBITaxon:135948	3	mediadive.medium:553|mediadive.medium:65|mediadive.medium:J42
NCBITaxon:135950	3	mediadive.medium:252|mediadive.medium:65|mediadive.medium:J42
NCBITaxon:136273	2	mediadive.medium:92|mediadive.medium:J28
NCBITaxon:136274	2	mediadive.medium:92|mediadive.medium:J28
NCBITaxon:1363	3	mediadive.medium:92|mediadive.medium:J13|mediadive.medium:J28
NCBITaxon:136399	1	mediadive.medium:684
NCBITaxon:1364	5	mediadive.medium:412|mediadive.medium:92|mediadive.medium:J13|mediadive.medium:J27|mediadive.medium:J282
NCBITaxon:136468	1	mediadive.medium:514
NCBITaxon:1365250	2	mediadive.medium:514|mediadive.medium:J118
NCBITaxon:1365492	4	mediadive.medium:514|mediadive.medium:535|mediadive.medium:987|mediadive.medium:J118
NCBITaxon:1365606	1	mediadive.medium:220
NCBITaxon:1365628	1	mediadive.medium:693
NCBITaxon:1365924	1	mediadive.medium:65
NCBITaxon:1366047	2	mediadive.medium:220|mediadive.medium:J22
NCBITaxon:1366054	2	mediadive.medium:9|mediadive.medium:942
NCBITaxon:1367462	2	mediadive.medium:110|mediadive.medium:J1009
NCBITaxon:1367504	2	mediadive.medium:65|mediadive.medium:84
NCBITaxon:1367506	2	mediadive.medium:65|mediadive.medium:84
NCBITaxon:1367847	2	mediadive.medium:774|mediadive.medium:J22
NCBITaxon:1367852	4	mediadive.medium:1|mediadive.medium:1015|mediadive.medium:535|mediadive.medium:830
NCBITaxon:1367882	2	mediadive.medium:65|mediadive.medium:84
NCBITaxon:1367973	2	mediadive.medium:65|mediadive.medium:987
NCBITaxon:1368415	2	mediadive.medium:1|mediadive.medium:J74
NCBITaxon:1368425	1	mediadive.medium:98
NCBITaxon:1368428	1	mediadive.medium:1
NCBITaxon:136857	2	mediadive.medium:693|mediadive.medium:J282
NCBITaxon:13687	2	mediadive.medium:461|mediadive.medium:830
NCBITaxon:13689	3	mediadive.medium:693|mediadive.medium:92|mediadive.medium:J28
NCBITaxon:13690	11	mediadive.medium:220|mediadive.medium:457|mediadive.medium:465|mediadive.medium:535|mediadive.medium:605|mediadive.medium:830|mediadive.medium:948|mediadive.medium:J22|mediadive.medium:J27|mediadive.medium:J346|mediadive.medium:J75
NCBITaxon:136996	2	mediadive.medium:830|mediadive.medium:98
NCBITaxon:1371	2	mediadive.medium:514|mediadive.medium:J76
NCBITaxon:13725	1	mediadive.medium:28
NCBITaxon:137265	7	mediadive.medium:252|mediadive.medium:535|mediadive.medium:553|mediadive.medium:83|mediadive.medium:84|mediadive.medium:987|mediadive.medium:J42
NCBITaxon:1373	3	mediadive.medium:101|mediadive.medium:J22|mediadive.medium:J75
NCBITaxon:137357	1	mediadive.medium:11
NCBITaxon:1374	2	mediadive.medium:53|mediadive.medium:J22
NCBITaxon:137545	1	mediadive.medium:1a
NCBITaxon:137584	1	mediadive.medium:514
NCBITaxon:137591	1	mediadive.medium:11
NCBITaxon:137658	1	mediadive.medium:1
NCBITaxon:137662	3	mediadive.medium:535|mediadive.medium:553|mediadive.medium:65
NCBITaxon:1377	2	mediadive.medium:693|mediadive.medium:92
NCBITaxon:13773	2	mediadive.medium:611|mediadive.medium:J215
NCBITaxon:137733	2	mediadive.medium:104|mediadive.medium:429b
NCBITaxon:1377991	1	mediadive.medium:1167
NCBITaxon:1377993	1	mediadive.medium:65
NCBITaxon:1378072	4	mediadive.medium:1|mediadive.medium:535|mediadive.medium:J12|mediadive.medium:J22
NCBITaxon:1378093	2	mediadive.medium:535|mediadive.medium:J75
NCBITaxon:1378299	1	mediadive.medium:514f
NCBITaxon:1379154	1	mediadive.medium:514
NCBITaxon:1379159	1	mediadive.medium:830
NCBITaxon:1379270	1	mediadive.medium:830
NCBITaxon:1379734	2	mediadive.medium:105|mediadive.medium:360
NCBITaxon:1379903	2	mediadive.medium:514|mediadive.medium:J118
NCBITaxon:137993	2	mediadive.medium:1|mediadive.medium:J22
NCBITaxon:138	1	mediadive.medium:403
NCBITaxon:1380675	2	mediadive.medium:255|mediadive.medium:J965
NCBITaxon:1380684	3	mediadive.medium:215|mediadive.medium:535|mediadive.medium:535a
NCBITaxon:1380685	3	mediadive.medium:215|mediadive.medium:535|mediadive.medium:535a
NCBITaxon:138074	4	mediadive.medium:1|mediadive.medium:1015|mediadive.medium:535|mediadive.medium:545
NCBITaxon:1380763	1	mediadive.medium:621
NCBITaxon:1381	3	mediadive.medium:104|mediadive.medium:693|mediadive.medium:J14
NCBITaxon:1381557	1	mediadive.medium:1304
NCBITaxon:1381558	2	mediadive.medium:65|mediadive.medium:84
NCBITaxon:1382306	2	mediadive.medium:592|mediadive.medium:830
NCBITaxon:1382356	2	mediadive.medium:592|mediadive.medium:830
NCBITaxon:1382359	1	mediadive.medium:830
NCBITaxon:1382466	1	mediadive.medium:514
NCBITaxon:1382803	1	mediadive.medium:830
NCBITaxon:138300	2	mediadive.medium:92|mediadive.medium:J26
NCBITaxon:1383067	2	mediadive.medium:641|mediadive.medium:J866
NCBITaxon:138336	4	mediadive.medium:65|mediadive.medium:877|mediadive.medium:J47|mediadive.medium:J498
NCBITaxon:1384037	2	mediadive.medium:1159|mediadive.medium:514
NCBITaxon:1384038	1	mediadive.medium:65
NCBITaxon:1384049	1	mediadive.medium:1
NCBITaxon:1384459	1	mediadive.medium:1488
NCBITaxon:1384487	1	mediadive.medium:830
NCBITaxon:1384509	2	mediadive.medium:215|mediadive.medium:693
NCBITaxon:1384515	2	mediadive.medium:214|mediadive.medium:354
NCBITaxon:1384589	1	mediadive.medium:535
NCBITaxon:1384638	1	mediadive.medium:1426
NCBITaxon:1384639	1	mediadive.medium:1426
NCBITaxon:1385368	1	mediadive.medium:830
NCBITaxon:1385510	1	mediadive.medium:514
NCBITaxon:1385511	1	mediadive.medium:514
NCBITaxon:1385512	1	mediadive.medium:514d
NCBITaxon:1385519	2	mediadive.medium:830|mediadive.medium:J346
NCBITaxon:1385520	3	mediadive.medium:514|mediadive.medium:92|mediadive.medium:J26
NCBITaxon:1385521	2	mediadive.medium:736|mediadive.medium:J26
NCBITaxon:1385522	1	mediadive.medium:830c
NCBITaxon:1385941	3	mediadive.medium:58|mediadive.medium:J13|mediadive.medium:J19
NCBITaxon:1385975	1	mediadive.medium:514
NCBITaxon:1386082	2	mediadive.medium:785|mediadive.medium:J1089
NCBITaxon:1386088	3	mediadive.medium:65|mediadive.medium:92|mediadive.medium:J28
NCBITaxon:1386089	3	mediadive.medium:1|mediadive.medium:92|mediadive.medium:J26
NCBITaxon:1386092	3	mediadive.medium:514|mediadive.medium:J118|mediadive.medium:J28
NCBITaxon:1386098	2	mediadive.medium:92|mediadive.medium:J28
NCBITaxon:1387165	1	mediadive.medium:830
NCBITaxon:1387166	2	mediadive.medium:726|mediadive.medium:830
NCBITaxon:1387174	1	mediadive.medium:1594
NCBITaxon:1387275	2	mediadive.medium:830|mediadive.medium:J118
NCBITaxon:1387297	2	mediadive.medium:693|mediadive.medium:78
NCBITaxon:1387313	3	mediadive.medium:65|mediadive.medium:84|mediadive.medium:987
NCBITaxon:1387353	1	mediadive.medium:1557
NCBITaxon:1387568	3	mediadive.medium:535|mediadive.medium:693|mediadive.medium:J12
NCBITaxon:1387713	2	mediadive.medium:65|mediadive.medium:84
NCBITaxon:1387716	1	mediadive.medium:92
NCBITaxon:1387779	1	mediadive.medium:830
NCBITaxon:1387834	1	mediadive.medium:220
NCBITaxon:1387883	1	mediadive.medium:1518
NCBITaxon:1387982	2	mediadive.medium:535|mediadive.medium:J26
NCBITaxon:1387985	1	mediadive.medium:65
NCBITaxon:1388	2	mediadive.medium:402|mediadive.medium:J101
NCBITaxon:1388748	3	mediadive.medium:429|mediadive.medium:535|mediadive.medium:J12
NCBITaxon:1389020	1	mediadive.medium:513
NCBITaxon:1389489	3	mediadive.medium:751|mediadive.medium:J220|mediadive.medium:J346
NCBITaxon:1389922	1	mediadive.medium:1
NCBITaxon:1389932	1	mediadive.medium:220
NCBITaxon:1389935	1	mediadive.medium:1
NCBITaxon:139	1	mediadive.medium:403
NCBITaxon:1390	2	mediadive.medium:1|mediadive.medium:J22
NCBITaxon:139021	2	mediadive.medium:535|mediadive.medium:J26
NCBITaxon:1390249	2	mediadive.medium:1663|mediadive.medium:J1098
NCBITaxon:1391	2	mediadive.medium:215|mediadive.medium:693
NCBITaxon:1391222	1	mediadive.medium:381
NCBITaxon:1391653	2	mediadive.medium:1509|mediadive.medium:9
NCBITaxon:1391654	3	mediadive.medium:1509|mediadive.medium:67|mediadive.medium:9
NCBITaxon:1391910	1	mediadive.medium:514
NCBITaxon:139207	2	mediadive.medium:760|mediadive.medium:926
NCBITaxon:1392498	1	mediadive.medium:514
NCBITaxon:1392540	2	mediadive.medium:1|mediadive.medium:535
NCBITaxon:1392640	2	mediadive.medium:1033|mediadive.medium:J49
NCBITaxon:1392641	2	mediadive.medium:1033|mediadive.medium:J49
NCBITaxon:1393	3	mediadive.medium:1|mediadive.medium:453|mediadive.medium:J22
NCBITaxon:1393034	2	mediadive.medium:104|mediadive.medium:693
NCBITaxon:1393035	2	mediadive.medium:558|mediadive.medium:J221
NCBITaxon:1393122	2	mediadive.medium:830|mediadive.medium:J336
NCBITaxon:1394	1	mediadive.medium:1
NCBITaxon:139438	1	mediadive.medium:503
NCBITaxon:1395513	3	mediadive.medium:220|mediadive.medium:8|mediadive.medium:J77
NCBITaxon:1395571	2	mediadive.medium:514|mediadive.medium:J443
NCBITaxon:1396	6	mediadive.medium:1|mediadive.medium:220|mediadive.medium:381|mediadive.medium:693|mediadive.medium:92|mediadive.medium:J74
NCBITaxon:1396819	1	mediadive.medium:830c
NCBITaxon:1396821	1	mediadive.medium:253
NCBITaxon:1396826	1	mediadive.medium:514
NCBITaxon:1397	3	mediadive.medium:1|mediadive.medium:215|mediadive.medium:220
NCBITaxon:1397108	1	mediadive.medium:514
NCBITaxon:1397139	1	mediadive.medium:65
NCBITaxon:1397367	2	mediadive.medium:514|mediadive.medium:J26
NCBITaxon:1397368	2	mediadive.medium:553|mediadive.medium:J57
NCBITaxon:1397475	1	mediadive.medium:514
NCBITaxon:1397476	1	mediadive.medium:514
NCBITaxon:1397477	1	mediadive.medium:514
NCBITaxon:1397668	2	mediadive.medium:641|mediadive.medium:J866
NCBITaxon:1397693	2	mediadive.medium:1|mediadive.medium:92
NCBITaxon:1397694	1	mediadive.medium:468
NCBITaxon:1397696	1	mediadive.medium:514
NCBITaxon:1397697	3	mediadive.medium:53|mediadive.medium:J22|mediadive.medium:J26
NCBITaxon:1397699	2	mediadive.medium:92|mediadive.medium:J22
NCBITaxon:1397700	2	mediadive.medium:1|mediadive.medium:92
NCBITaxon:1398	4	mediadive.medium:1|mediadive.medium:220|mediadive.medium:453|mediadive.medium:J22
NCBITaxon:1398493	3	mediadive.medium:220|mediadive.medium:693|mediadive.medium:92
NCBITaxon:1398664	1	mediadive.medium:830
NCBITaxon:1398745	1	mediadive.medium:514
NCBITaxon:1399	3	mediadive.medium:1|mediadive.medium:220|mediadive.medium:J74
NCBITaxon:1399968	2	mediadive.medium:535|mediadive.medium:J22
NCBITaxon:1399969	2	mediadive.medium:535|mediadive.medium:J22
NCBITaxon:14	1	mediadive.medium:388
NCBITaxon:140	1	mediadive.medium:403
NCBITaxon:1400055	2	mediadive.medium:514|mediadive.medium:65
NCBITaxon:1400387	1	mediadive.medium:1544
NCBITaxon:1400522	1	mediadive.medium:830
NCBITaxon:140057	2	mediadive.medium:28|mediadive.medium:998
NCBITaxon:1401	2	mediadive.medium:1|mediadive.medium:220
NCBITaxon:1401087	1	mediadive.medium:1
NCBITaxon:1401264	1	mediadive.medium:65
NCBITaxon:1401441	2	mediadive.medium:31|mediadive.medium:J181
NCBITaxon:1401547	1	mediadive.medium:592
NCBITaxon:1401690	1	mediadive.medium:645
NCBITaxon:1402	5	mediadive.medium:1|mediadive.medium:220|mediadive.medium:381|mediadive.medium:693|mediadive.medium:92
NCBITaxon:1402135	1	mediadive.medium:514
NCBITaxon:1402137	1	mediadive.medium:1545
NCBITaxon:140314	1	mediadive.medium:92
NCBITaxon:1403274	3	mediadive.medium:111|mediadive.medium:1215|mediadive.medium:1736
NCBITaxon:1403339	2	mediadive.medium:1|mediadive.medium:535
NCBITaxon:1403347	1	mediadive.medium:92
NCBITaxon:1403566	2	mediadive.medium:514|mediadive.medium:J207
NCBITaxon:1404	5	mediadive.medium:1|mediadive.medium:118|mediadive.medium:220|mediadive.medium:92|mediadive.medium:J22
NCBITaxon:1404245	2	mediadive.medium:535a|mediadive.medium:J26
NCBITaxon:1404341	2	mediadive.medium:1|mediadive.medium:462a
NCBITaxon:1405	4	mediadive.medium:1|mediadive.medium:220|mediadive.medium:693|mediadive.medium:92
NCBITaxon:1406	1	mediadive.medium:1
NCBITaxon:1406225	3	mediadive.medium:9|mediadive.medium:942|mediadive.medium:J436
NCBITaxon:1406906	1	mediadive.medium:11
NCBITaxon:1407	1	mediadive.medium:220
NCBITaxon:1407559	4	mediadive.medium:1159|mediadive.medium:1240|mediadive.medium:514|mediadive.medium:J1156
NCBITaxon:1407560	4	mediadive.medium:1159|mediadive.medium:1240|mediadive.medium:514|mediadive.medium:J1156
NCBITaxon:1408	5	mediadive.medium:1|mediadive.medium:220|mediadive.medium:545|mediadive.medium:92|mediadive.medium:J22
NCBITaxon:1408191	2	mediadive.medium:535|mediadive.medium:535a
NCBITaxon:1408250	3	mediadive.medium:53|mediadive.medium:J22|mediadive.medium:J27
NCBITaxon:1408281	2	mediadive.medium:1494|mediadive.medium:J661
NCBITaxon:1408318	2	mediadive.medium:429|mediadive.medium:429e
NCBITaxon:1408360	1	mediadive.medium:693
NCBITaxon:1408421	8	mediadive.medium:1274|mediadive.medium:215|mediadive.medium:535|mediadive.medium:548|mediadive.medium:553|mediadive.medium:830|mediadive.medium:J43|mediadive.medium:J58
NCBITaxon:1408422	2	mediadive.medium:1565|mediadive.medium:J274
NCBITaxon:1408433	1	mediadive.medium:172
NCBITaxon:1408438	2	mediadive.medium:215|mediadive.medium:693
NCBITaxon:1408439	2	mediadive.medium:104|mediadive.medium:693
NCBITaxon:1408442	1	mediadive.medium:693
NCBITaxon:1408445	1	mediadive.medium:585
NCBITaxon:1408478	3	mediadive.medium:535|mediadive.medium:693|mediadive.medium:92
NCBITaxon:1408545	1	mediadive.medium:830
NCBITaxon:1408819	1	mediadive.medium:104b
NCBITaxon:1410644	3	mediadive.medium:58|mediadive.medium:J13|mediadive.medium:J19
NCBITaxon:1410645	3	mediadive.medium:58|mediadive.medium:J13|mediadive.medium:J19
NCBITaxon:1410646	3	mediadive.medium:58|mediadive.medium:J13|mediadive.medium:J14
NCBITaxon:1410647	3	mediadive.medium:58|mediadive.medium:J13|mediadive.medium:J14
NCBITaxon:1410648	3	mediadive.medium:58|mediadive.medium:J13|mediadive.medium:J19
NCBITaxon:1410649	2	mediadive.medium:110|mediadive.medium:J14
NCBITaxon:1410653	2	mediadive.medium:104b|mediadive.medium:110
NCBITaxon:1410657	3	mediadive.medium:232|mediadive.medium:58|mediadive.medium:J291
NCBITaxon:1410665	2	mediadive.medium:104|mediadive.medium:J14
NCBITaxon:1410668	2	mediadive.medium:339|mediadive.medium:J814
NCBITaxon:1410674	2	mediadive.medium:58|mediadive.medium:J13
NCBITaxon:1410681	2	mediadive.medium:1132|mediadive.medium:J556
NCBITaxon:1411117	4	mediadive.medium:535|mediadive.medium:553|mediadive.medium:65|mediadive.medium:J346
NCBITaxon:1411118	4	mediadive.medium:535|mediadive.medium:553|mediadive.medium:65|mediadive.medium:J346
NCBITaxon:1411120	2	mediadive.medium:830|mediadive.medium:J346
NCBITaxon:1411121	3	mediadive.medium:830|mediadive.medium:987|mediadive.medium:J346
NCBITaxon:1411122	2	mediadive.medium:987|mediadive.medium:J346
NCBITaxon:1411141	3	mediadive.medium:1a|mediadive.medium:J12|mediadive.medium:J22
NCBITaxon:1411150	1	mediadive.medium:1205
NCBITaxon:1411316	4	mediadive.medium:1|mediadive.medium:545|mediadive.medium:830|mediadive.medium:J346
NCBITaxon:1411902	2	mediadive.medium:514|mediadive.medium:J118
NCBITaxon:1413187	1	mediadive.medium:11
NCBITaxon:1413211	2	mediadive.medium:1451|mediadive.medium:J1142
NCBITaxon:1413215	1	mediadive.medium:1
NCBITaxon:1413221	3	mediadive.medium:252|mediadive.medium:65|mediadive.medium:84
NCBITaxon:141349	1	mediadive.medium:645
NCBITaxon:141389	1	mediadive.medium:593
NCBITaxon:141390	1	mediadive.medium:593
NCBITaxon:141451	1	mediadive.medium:950
NCBITaxon:1414643	1	mediadive.medium:545
NCBITaxon:1414719	1	mediadive.medium:693
NCBITaxon:1414720	1	mediadive.medium:110
NCBITaxon:1416776	1	mediadive.medium:220
NCBITaxon:1416778	1	mediadive.medium:220
NCBITaxon:1416779	1	mediadive.medium:220
NCBITaxon:1416876	3	mediadive.medium:553|mediadive.medium:J104|mediadive.medium:J51
NCBITaxon:1416877	3	mediadive.medium:553|mediadive.medium:65|mediadive.medium:J790
NCBITaxon:141693	2	mediadive.medium:514|mediadive.medium:J118
NCBITaxon:1417629	3	mediadive.medium:104b|mediadive.medium:503|mediadive.medium:J1064
NCBITaxon:1417852	4	mediadive.medium:110|mediadive.medium:339|mediadive.medium:J26|mediadive.medium:J475
NCBITaxon:1417980	3	mediadive.medium:65|mediadive.medium:84|mediadive.medium:987
NCBITaxon:1419482	4	mediadive.medium:381|mediadive.medium:J22|mediadive.medium:J346|mediadive.medium:J443
NCBITaxon:141949	1	mediadive.medium:535
NCBITaxon:1420591	1	mediadive.medium:535
NCBITaxon:1420851	1	mediadive.medium:1567
NCBITaxon:1420889	3	mediadive.medium:535|mediadive.medium:554|mediadive.medium:65
NCBITaxon:1420891	4	mediadive.medium:535|mediadive.medium:553|mediadive.medium:554|mediadive.medium:65
NCBITaxon:1420899	2	mediadive.medium:65|mediadive.medium:84
NCBITaxon:1420916	2	mediadive.medium:514|mediadive.medium:J118
NCBITaxon:1420917	2	mediadive.medium:514|mediadive.medium:J118
NCBITaxon:1421	3	mediadive.medium:1|mediadive.medium:220|mediadive.medium:513
NCBITaxon:1421019	2	mediadive.medium:92|mediadive.medium:J75
NCBITaxon:1421430	1	mediadive.medium:1a
NCBITaxon:1422	6	mediadive.medium:1|mediadive.medium:220|mediadive.medium:428|mediadive.medium:92|mediadive.medium:J22|mediadive.medium:J75
NCBITaxon:1423	7	mediadive.medium:1|mediadive.medium:220|mediadive.medium:381|mediadive.medium:542|mediadive.medium:545|mediadive.medium:92|mediadive.medium:J22
NCBITaxon:1423144	2	mediadive.medium:514|mediadive.medium:J118
NCBITaxon:1423714	4	mediadive.medium:1047|mediadive.medium:231|mediadive.medium:J111|mediadive.medium:J123
NCBITaxon:1423715	1	mediadive.medium:231
NCBITaxon:1423716	2	mediadive.medium:11a|mediadive.medium:J13
NCBITaxon:1423717	4	mediadive.medium:11b|mediadive.medium:232|mediadive.medium:J13|mediadive.medium:J84
NCBITaxon:1423718	3	mediadive.medium:232|mediadive.medium:J13|mediadive.medium:J84
NCBITaxon:1423719	2	mediadive.medium:11|mediadive.medium:J13
NCBITaxon:1423720	3	mediadive.medium:11|mediadive.medium:J13|mediadive.medium:J84
NCBITaxon:1423722	3	mediadive.medium:11|mediadive.medium:J13|mediadive.medium:J84
NCBITaxon:1423725	1	mediadive.medium:11
NCBITaxon:1423726	3	mediadive.medium:11|mediadive.medium:J13|mediadive.medium:J84
NCBITaxon:1423727	1	mediadive.medium:11
NCBITaxon:1423729	1	mediadive.medium:11
NCBITaxon:1423731	1	mediadive.medium:11
NCBITaxon:1423735	1	mediadive.medium:11
NCBITaxon:1423736	4	mediadive.medium:104|mediadive.medium:58|mediadive.medium:J13|mediadive.medium:J84
NCBITaxon:1423738	3	mediadive.medium:11|mediadive.medium:J83|mediadive.medium:J84
NCBITaxon:1423739	1	mediadive.medium:11
NCBITaxon:1423746	1	mediadive.medium:638
NCBITaxon:1423748	3	mediadive.medium:11|mediadive.medium:J13|mediadive.medium:J84
NCBITaxon:1423749	1	mediadive.medium:11
NCBITaxon:1423750	1	mediadive.medium:231
NCBITaxon:1423751	1	mediadive.medium:11
NCBITaxon:1423752	2	mediadive.medium:11|mediadive.medium:J13
NCBITaxon:1423753	1	mediadive.medium:11
NCBITaxon:1423754	3	mediadive.medium:11|mediadive.medium:J13|mediadive.medium:J14
NCBITaxon:1423758	1	mediadive.medium:11
NCBITaxon:1423759	1	mediadive.medium:11
NCBITaxon:1423760	1	mediadive.medium:11
NCBITaxon:1423761	2	mediadive.medium:11|mediadive.medium:J13
NCBITaxon:1423763	1	mediadive.medium:11
NCBITaxon:1423767	3	mediadive.medium:11|mediadive.medium:J13|mediadive.medium:J84
NCBITaxon:1423770	1	mediadive.medium:231
NCBITaxon:1423771	1	mediadive.medium:11
NCBITaxon:1423773	2	mediadive.medium:231|mediadive.medium:J111
NCBITaxon:1423774	1	mediadive.medium:232
NCBITaxon:1423777	1	mediadive.medium:11
NCBITaxon:1423779	1	mediadive.medium:11
NCBITaxon:1423782	1	mediadive.medium:859
NCBITaxon:1423787	2	mediadive.medium:775|mediadive.medium:J111
NCBITaxon:1423788	1	mediadive.medium:11
NCBITaxon:1423789	1	mediadive.medium:11
NCBITaxon:1423790	1	mediadive.medium:11
NCBITaxon:1423791	3	mediadive.medium:11|mediadive.medium:J13|mediadive.medium:J84
NCBITaxon:1423792	1	mediadive.medium:11
NCBITaxon:1423794	3	mediadive.medium:638|mediadive.medium:J13|mediadive.medium:J292
NCBITaxon:1423796	1	mediadive.medium:57
NCBITaxon:1423800	2	mediadive.medium:225|mediadive.medium:J87
NCBITaxon:1423805	1	mediadive.medium:11
NCBITaxon:1423808	1	mediadive.medium:11
NCBITaxon:1423809	1	mediadive.medium:11
NCBITaxon:1423811	1	mediadive.medium:11
NCBITaxon:1423812	1	mediadive.medium:11
NCBITaxon:1423813	4	mediadive.medium:11|mediadive.medium:J13|mediadive.medium:J14|mediadive.medium:J84
NCBITaxon:1423817	1	mediadive.medium:231
NCBITaxon:1423819	2	mediadive.medium:231|mediadive.medium:J111
NCBITaxon:1423820	3	mediadive.medium:232|mediadive.medium:58|mediadive.medium:J83
NCBITaxon:1423823	4	mediadive.medium:11|mediadive.medium:J13|mediadive.medium:J2|mediadive.medium:J84
NCBITaxon:1423824	1	mediadive.medium:11
NCBITaxon:1423827	3	mediadive.medium:1253|mediadive.medium:456|mediadive.medium:J111
NCBITaxon:1423828	3	mediadive.medium:775|mediadive.medium:J111|mediadive.medium:J162
NCBITaxon:1423830	3	mediadive.medium:11|mediadive.medium:J13|mediadive.medium:J84
NCBITaxon:1423831	1	mediadive.medium:11
NCBITaxon:1423959	2	mediadive.medium:220|mediadive.medium:830
NCBITaxon:1424080	2	mediadive.medium:514|mediadive.medium:J118
NCBITaxon:1424081	3	mediadive.medium:554|mediadive.medium:84|mediadive.medium:J42
NCBITaxon:1424337	2	mediadive.medium:693|mediadive.medium:92
NCBITaxon:1424653	2	mediadive.medium:792a|mediadive.medium:J1003
NCBITaxon:1424659	2	mediadive.medium:513|mediadive.medium:J582
NCBITaxon:1424661	2	mediadive.medium:513|mediadive.medium:J582
NCBITaxon:1425361	1	mediadive.medium:514
NCBITaxon:142586	5	mediadive.medium:104|mediadive.medium:110|mediadive.medium:1611|mediadive.medium:915|mediadive.medium:J14
NCBITaxon:142588	2	mediadive.medium:104|mediadive.medium:693
NCBITaxon:1426	5	mediadive.medium:1|mediadive.medium:220|mediadive.medium:220a|mediadive.medium:305|mediadive.medium:458
NCBITaxon:1427518	1	mediadive.medium:220
NCBITaxon:1427523	2	mediadive.medium:693|mediadive.medium:92
NCBITaxon:1427535	5	mediadive.medium:215|mediadive.medium:535|mediadive.medium:553|mediadive.medium:65|mediadive.medium:830
NCBITaxon:1427538	2	mediadive.medium:554|mediadive.medium:65
NCBITaxon:1427541	2	mediadive.medium:65|mediadive.medium:987
NCBITaxon:1428	3	mediadive.medium:1|mediadive.medium:220|mediadive.medium:J22
NCBITaxon:1428314	2	mediadive.medium:830|mediadive.medium:J346
NCBITaxon:1428620	1	mediadive.medium:65
NCBITaxon:1428626	2	mediadive.medium:65|mediadive.medium:84
NCBITaxon:1428628	2	mediadive.medium:65|mediadive.medium:84
NCBITaxon:1428644	3	mediadive.medium:252|mediadive.medium:65|mediadive.medium:84
NCBITaxon:1428652	2	mediadive.medium:65|mediadive.medium:987
NCBITaxon:1428657	1	mediadive.medium:65
NCBITaxon:1428684	1	mediadive.medium:92
NCBITaxon:1429043	2	mediadive.medium:383|mediadive.medium:J1097
NCBITaxon:1429073	6	mediadive.medium:514|mediadive.medium:535|mediadive.medium:554|mediadive.medium:65|mediadive.medium:J118|mediadive.medium:J720
NCBITaxon:1429076	4	mediadive.medium:553|mediadive.medium:65|mediadive.medium:J43|mediadive.medium:J61
NCBITaxon:1430326	1	mediadive.medium:645
NCBITaxon:1430331	1	mediadive.medium:220
NCBITaxon:1431246	2	mediadive.medium:645|mediadive.medium:J386
NCBITaxon:1431282	1	mediadive.medium:141c
NCBITaxon:1431344	4	mediadive.medium:252|mediadive.medium:514|mediadive.medium:65|mediadive.medium:J569
NCBITaxon:1431546	3	mediadive.medium:535|mediadive.medium:693|mediadive.medium:J28
NCBITaxon:1431848	2	mediadive.medium:1159|mediadive.medium:554
NCBITaxon:1431962	2	mediadive.medium:1011c|mediadive.medium:J1019
NCBITaxon:1432052	4	mediadive.medium:104|mediadive.medium:110a|mediadive.medium:1203a|mediadive.medium:693
NCBITaxon:143223	1	mediadive.medium:514
NCBITaxon:143224	2	mediadive.medium:243|mediadive.medium:J118
NCBITaxon:1432792	1	mediadive.medium:1501
NCBITaxon:1433126	1	mediadive.medium:1580
NCBITaxon:143388	1	mediadive.medium:104
NCBITaxon:1434011	2	mediadive.medium:105|mediadive.medium:360
NCBITaxon:1434110	2	mediadive.medium:120|mediadive.medium:J230
NCBITaxon:1434255	4	mediadive.medium:252|mediadive.medium:65|mediadive.medium:84|mediadive.medium:J50
NCBITaxon:1434256	3	mediadive.medium:252|mediadive.medium:65|mediadive.medium:84
NCBITaxon:1434326	1	mediadive.medium:718
NCBITaxon:1434700	2	mediadive.medium:514|mediadive.medium:J346
NCBITaxon:1434701	2	mediadive.medium:514|mediadive.medium:J346
NCBITaxon:1434730	6	mediadive.medium:554|mediadive.medium:65|mediadive.medium:83|mediadive.medium:84|mediadive.medium:J42|mediadive.medium:J61
NCBITaxon:1434731	3	mediadive.medium:252|mediadive.medium:65|mediadive.medium:84
NCBITaxon:1434881	1	mediadive.medium:1569
NCBITaxon:1434886	1	mediadive.medium:83
NCBITaxon:1434887	4	mediadive.medium:1159|mediadive.medium:1240|mediadive.medium:1504|mediadive.medium:549
NCBITaxon:143495	3	mediadive.medium:1|mediadive.medium:220|mediadive.medium:453
NCBITaxon:1435036	3	mediadive.medium:1|mediadive.medium:535|mediadive.medium:J27
NCBITaxon:1435051	2	mediadive.medium:58|mediadive.medium:J13
NCBITaxon:1435296	2	mediadive.medium:105|mediadive.medium:360
NCBITaxon:1435342	1	mediadive.medium:11
NCBITaxon:1435347	2	mediadive.medium:514|mediadive.medium:J118
NCBITaxon:1435348	2	mediadive.medium:514|mediadive.medium:J118
NCBITaxon:1435463	2	mediadive.medium:58|mediadive.medium:J13
NCBITaxon:1435464	2	mediadive.medium:58|mediadive.medium:J291
NCBITaxon:1435465	2	mediadive.medium:830|mediadive.medium:J346
NCBITaxon:1436010	3	mediadive.medium:1081|mediadive.medium:514|mediadive.medium:J528
NCBITaxon:1436120	3	mediadive.medium:65|mediadive.medium:84|mediadive.medium:J51
NCBITaxon:1436122	6	mediadive.medium:535|mediadive.medium:554|mediadive.medium:65|mediadive.medium:84|mediadive.medium:J104|mediadive.medium:J61
NCBITaxon:1436133	3	mediadive.medium:252|mediadive.medium:65|mediadive.medium:84
NCBITaxon:1436798	1	mediadive.medium:1193
NCBITaxon:1436965	1	mediadive.medium:693
NCBITaxon:1437009	1	mediadive.medium:830
NCBITaxon:1437059	1	mediadive.medium:380
NCBITaxon:1437280	3	mediadive.medium:1|mediadive.medium:92|mediadive.medium:J27
NCBITaxon:1437324	2	mediadive.medium:402|mediadive.medium:J49
NCBITaxon:1437453	1	mediadive.medium:65
NCBITaxon:1437594	4	mediadive.medium:58|mediadive.medium:J13|mediadive.medium:J14|mediadive.medium:J84
NCBITaxon:1437596	3	mediadive.medium:58|mediadive.medium:J13|mediadive.medium:J19
NCBITaxon:1437597	3	mediadive.medium:58|mediadive.medium:J13|mediadive.medium:J19
NCBITaxon:1437601	3	mediadive.medium:58|mediadive.medium:J13|mediadive.medium:J19
NCBITaxon:1437603	2	mediadive.medium:58|mediadive.medium:J697
NCBITaxon:1437605	2	mediadive.medium:58|mediadive.medium:J925
NCBITaxon:1437606	2	mediadive.medium:58|mediadive.medium:J925
NCBITaxon:1437607	3	mediadive.medium:58|mediadive.medium:J13|mediadive.medium:J291
NCBITaxon:1437608	3	mediadive.medium:58|mediadive.medium:J13|mediadive.medium:J291
NCBITaxon:1437609	3	mediadive.medium:58|mediadive.medium:J13|mediadive.medium:J291
NCBITaxon:1437610	3	mediadive.medium:58|mediadive.medium:J13|mediadive.medium:J291
NCBITaxon:1437612	2	mediadive.medium:58|mediadive.medium:J28
NCBITaxon:1437816	1	mediadive.medium:1122
NCBITaxon:1437874	3	mediadive.medium:535|mediadive.medium:693|mediadive.medium:J28
NCBITaxon:1437875	4	mediadive.medium:535a|mediadive.medium:J256|mediadive.medium:J26|mediadive.medium:J28
NCBITaxon:1437882	2	mediadive.medium:220a|mediadive.medium:465a
NCBITaxon:1439717	1	mediadive.medium:92
NCBITaxon:1439726	3	mediadive.medium:1122|mediadive.medium:J346|mediadive.medium:J79
NCBITaxon:1439888	2	mediadive.medium:1|mediadive.medium:J346
NCBITaxon:1440053	3	mediadive.medium:252|mediadive.medium:65|mediadive.medium:84
NCBITaxon:1440059	2	mediadive.medium:252|mediadive.medium:65
NCBITaxon:144022	1	mediadive.medium:1025
NCBITaxon:144025	1	mediadive.medium:1025
NCBITaxon:144026	1	mediadive.medium:1025
NCBITaxon:144055	3	mediadive.medium:215|mediadive.medium:693|mediadive.medium:J282
NCBITaxon:1440762	5	mediadive.medium:1|mediadive.medium:1a|mediadive.medium:220|mediadive.medium:830|mediadive.medium:J75
NCBITaxon:1440763	1	mediadive.medium:1
NCBITaxon:1440764	1	mediadive.medium:535
NCBITaxon:1440765	1	mediadive.medium:1
NCBITaxon:1440766	1	mediadive.medium:1a
NCBITaxon:1440774	2	mediadive.medium:645|mediadive.medium:J386
NCBITaxon:1441095	1	mediadive.medium:220
NCBITaxon:1441386	2	mediadive.medium:1604|mediadive.medium:J1014
NCBITaxon:1441723	1	mediadive.medium:220
NCBITaxon:144178	1	mediadive.medium:301
NCBITaxon:144183	2	mediadive.medium:535|mediadive.medium:535a
NCBITaxon:144184	5	mediadive.medium:535|mediadive.medium:535a|mediadive.medium:693|mediadive.medium:92|mediadive.medium:J302
NCBITaxon:1441873	5	mediadive.medium:535|mediadive.medium:553|mediadive.medium:554|mediadive.medium:65|mediadive.medium:J61
NCBITaxon:1441875	3	mediadive.medium:252|mediadive.medium:65|mediadive.medium:84
NCBITaxon:1441876	3	mediadive.medium:252|mediadive.medium:65|mediadive.medium:84
NCBITaxon:1441877	1	mediadive.medium:65
NCBITaxon:1441878	3	mediadive.medium:65|mediadive.medium:84|mediadive.medium:J51
NCBITaxon:144191	2	mediadive.medium:1|mediadive.medium:956
NCBITaxon:1441929	2	mediadive.medium:215|mediadive.medium:693
NCBITaxon:1442598	1	mediadive.medium:429
NCBITaxon:1443036	1	mediadive.medium:429b
NCBITaxon:1443111	3	mediadive.medium:514|mediadive.medium:621a|mediadive.medium:J118
NCBITaxon:1443112	2	mediadive.medium:514|mediadive.medium:J118
NCBITaxon:1443441	1	mediadive.medium:514
NCBITaxon:1443666	2	mediadive.medium:514|mediadive.medium:J118
NCBITaxon:1443800	2	mediadive.medium:1484|mediadive.medium:830
NCBITaxon:1443941	1	mediadive.medium:693
NCBITaxon:1444306	3	mediadive.medium:830|mediadive.medium:852|mediadive.medium:J77
NCBITaxon:1444770	3	mediadive.medium:1|mediadive.medium:1052|mediadive.medium:J346
NCBITaxon:1444977	1	mediadive.medium:1621
NCBITaxon:1445	2	mediadive.medium:31|mediadive.medium:J100
NCBITaxon:144550	4	mediadive.medium:354|mediadive.medium:645|mediadive.medium:J386|mediadive.medium:J712
NCBITaxon:1445607	3	mediadive.medium:104|mediadive.medium:J13|mediadive.medium:J14
NCBITaxon:1445614	2	mediadive.medium:104|mediadive.medium:693
NCBITaxon:1447782	1	mediadive.medium:514
NCBITaxon:1448389	1	mediadive.medium:553
NCBITaxon:1448857	1	mediadive.medium:693
NCBITaxon:1449080	1	mediadive.medium:1722
NCBITaxon:1449332	7	mediadive.medium:1763|mediadive.medium:252|mediadive.medium:65|mediadive.medium:84|mediadive.medium:987|mediadive.medium:J52|mediadive.medium:J58
NCBITaxon:1449335	2	mediadive.medium:466|mediadive.medium:J427
NCBITaxon:1449336	3	mediadive.medium:92|mediadive.medium:J13|mediadive.medium:J84
NCBITaxon:1449337	2	mediadive.medium:466|mediadive.medium:J427
NCBITaxon:1449338	2	mediadive.medium:92|mediadive.medium:J17
NCBITaxon:1449339	2	mediadive.medium:693|mediadive.medium:J256
NCBITaxon:1449341	4	mediadive.medium:693|mediadive.medium:92|mediadive.medium:J13|mediadive.medium:J17
NCBITaxon:1449342	2	mediadive.medium:92|mediadive.medium:J17
NCBITaxon:1449346	3	mediadive.medium:65|mediadive.medium:84|mediadive.medium:J42
NCBITaxon:1449347	4	mediadive.medium:554|mediadive.medium:65|mediadive.medium:84|mediadive.medium:J58
NCBITaxon:1449349	5	mediadive.medium:220|mediadive.medium:535|mediadive.medium:54|mediadive.medium:545|mediadive.medium:907
NCBITaxon:1449350	2	mediadive.medium:1075|mediadive.medium:J246
NCBITaxon:1449351	1	mediadive.medium:514
NCBITaxon:1449976	2	mediadive.medium:65|mediadive.medium:J42
NCBITaxon:1449978	5	mediadive.medium:220|mediadive.medium:535|mediadive.medium:693|mediadive.medium:92|mediadive.medium:J22
NCBITaxon:1449981	2	mediadive.medium:535|mediadive.medium:J22
NCBITaxon:1450	1	mediadive.medium:402
NCBITaxon:1450019	1	mediadive.medium:220
NCBITaxon:1450134	1	mediadive.medium:1
NCBITaxon:1450148	3	mediadive.medium:553|mediadive.medium:554|mediadive.medium:65
NCBITaxon:1450156	1	mediadive.medium:104b
NCBITaxon:1450165	1	mediadive.medium:9
NCBITaxon:1450224	2	mediadive.medium:553|mediadive.medium:65
NCBITaxon:1450525	3	mediadive.medium:67|mediadive.medium:830|mediadive.medium:J22
NCBITaxon:1450526	1	mediadive.medium:1
NCBITaxon:1450648	1	mediadive.medium:104b
NCBITaxon:1450649	1	mediadive.medium:11
NCBITaxon:1451	1	mediadive.medium:1
NCBITaxon:1451189	3	mediadive.medium:535|mediadive.medium:535a|mediadive.medium:J26
NCBITaxon:1451356	2	mediadive.medium:693|mediadive.medium:92
NCBITaxon:1451357	2	mediadive.medium:693|mediadive.medium:92
NCBITaxon:1452	3	mediadive.medium:1|mediadive.medium:220|mediadive.medium:J74
NCBITaxon:1452450	2	mediadive.medium:830|mediadive.medium:J346
NCBITaxon:1452487	2	mediadive.medium:1335|mediadive.medium:J346
NCBITaxon:1452508	2	mediadive.medium:1335|mediadive.medium:J346
NCBITaxon:145261	2	mediadive.medium:119|mediadive.medium:J231
NCBITaxon:145262	3	mediadive.medium:119|mediadive.medium:1523|mediadive.medium:J231
NCBITaxon:145263	2	mediadive.medium:119|mediadive.medium:J231
NCBITaxon:1452742	3	mediadive.medium:252|mediadive.medium:65|mediadive.medium:84
NCBITaxon:145287	2	mediadive.medium:830|mediadive.medium:830c
NCBITaxon:1453497	2	mediadive.medium:284|mediadive.medium:J755
NCBITaxon:1453498	4	mediadive.medium:67|mediadive.medium:830|mediadive.medium:J346|mediadive.medium:J739
NCBITaxon:1453594	1	mediadive.medium:545
NCBITaxon:145391	3	mediadive.medium:53|mediadive.medium:693|mediadive.medium:92
NCBITaxon:145393	2	mediadive.medium:693|mediadive.medium:92
NCBITaxon:1454	2	mediadive.medium:1|mediadive.medium:545
NCBITaxon:1454007	1	mediadive.medium:830
NCBITaxon:1454184	1	mediadive.medium:1661
NCBITaxon:1454373	1	mediadive.medium:514
NCBITaxon:145483	2	mediadive.medium:92|mediadive.medium:J26
NCBITaxon:1455	2	mediadive.medium:1|mediadive.medium:830
NCBITaxon:1455608	2	mediadive.medium:954|mediadive.medium:J168
NCBITaxon:1456	5	mediadive.medium:1|mediadive.medium:1a|mediadive.medium:331|mediadive.medium:457|mediadive.medium:545
NCBITaxon:1456769	2	mediadive.medium:830|mediadive.medium:J26
NCBITaxon:1457	1	mediadive.medium:402
NCBITaxon:1457141	1	mediadive.medium:1193
NCBITaxon:1457153	1	mediadive.medium:1193
NCBITaxon:1457232	1	mediadive.medium:220
NCBITaxon:1457233	1	mediadive.medium:830
NCBITaxon:1457234	4	mediadive.medium:830|mediadive.medium:92|mediadive.medium:J26|mediadive.medium:J475
NCBITaxon:1457311	3	mediadive.medium:381|mediadive.medium:92|mediadive.medium:J26
NCBITaxon:1457523	2	mediadive.medium:830|mediadive.medium:J346
NCBITaxon:1458	1	mediadive.medium:6
NCBITaxon:1458122	2	mediadive.medium:220|mediadive.medium:J22
NCBITaxon:1458253	2	mediadive.medium:693|mediadive.medium:92
NCBITaxon:1458307	1	mediadive.medium:514
NCBITaxon:1458336	1	mediadive.medium:1426
NCBITaxon:1458337	1	mediadive.medium:1426
NCBITaxon:1458355	1	mediadive.medium:1
NCBITaxon:1458358	1	mediadive.medium:693
NCBITaxon:1458425	1	mediadive.medium:1634
NCBITaxon:1458426	1	mediadive.medium:1634
NCBITaxon:1458427	1	mediadive.medium:1634
NCBITaxon:145854	3	mediadive.medium:553|mediadive.medium:554|mediadive.medium:J61
NCBITaxon:145857	3	mediadive.medium:554|mediadive.medium:65|mediadive.medium:J61
NCBITaxon:1459	3	mediadive.medium:220|mediadive.medium:514|mediadive.medium:J22
NCBITaxon:1459942	1	mediadive.medium:65
NCBITaxon:1459949	1	mediadive.medium:514
NCBITaxon:1459950	1	mediadive.medium:65
NCBITaxon:145996	2	mediadive.medium:65|mediadive.medium:J43
NCBITaxon:146017	3	mediadive.medium:645|mediadive.medium:J26|mediadive.medium:J386
NCBITaxon:146018	4	mediadive.medium:219|mediadive.medium:645|mediadive.medium:J26|mediadive.medium:J386
NCBITaxon:146020	3	mediadive.medium:645|mediadive.medium:J26|mediadive.medium:J386
NCBITaxon:146021	2	mediadive.medium:645|mediadive.medium:J386
NCBITaxon:1460226	1	mediadive.medium:535
NCBITaxon:146035	4	mediadive.medium:252|mediadive.medium:65|mediadive.medium:J43|mediadive.medium:J49
NCBITaxon:1460371	3	mediadive.medium:65|mediadive.medium:J43|mediadive.medium:J57
NCBITaxon:1460372	3	mediadive.medium:645|mediadive.medium:J26|mediadive.medium:J386
NCBITaxon:1460450	4	mediadive.medium:252|mediadive.medium:65|mediadive.medium:84|mediadive.medium:J51
NCBITaxon:1460875	1	mediadive.medium:693
NCBITaxon:1460882	4	mediadive.medium:554|mediadive.medium:65|mediadive.medium:84|mediadive.medium:J51
NCBITaxon:1460968	1	mediadive.medium:693
NCBITaxon:1461	2	mediadive.medium:123|mediadive.medium:220
NCBITaxon:1461000	1	mediadive.medium:693
NCBITaxon:1461025	1	mediadive.medium:514
NCBITaxon:1461030	1	mediadive.medium:92
NCBITaxon:1461031	1	mediadive.medium:514
NCBITaxon:1461247	4	mediadive.medium:535|mediadive.medium:554|mediadive.medium:83|mediadive.medium:J61
NCBITaxon:1461250	3	mediadive.medium:65|mediadive.medium:84|mediadive.medium:J51
NCBITaxon:1461259	2	mediadive.medium:605|mediadive.medium:J28
NCBITaxon:1461260	2	mediadive.medium:92|mediadive.medium:J28
NCBITaxon:1461322	1	mediadive.medium:514c
NCBITaxon:1461353	2	mediadive.medium:65|mediadive.medium:84
NCBITaxon:1461577	2	mediadive.medium:535|mediadive.medium:693
NCBITaxon:1461579	1	mediadive.medium:804
NCBITaxon:1461580	1	mediadive.medium:1
NCBITaxon:1461583	1	mediadive.medium:220
NCBITaxon:1462527	1	mediadive.medium:215
NCBITaxon:1462575	1	mediadive.medium:11
NCBITaxon:1462615	1	mediadive.medium:514
NCBITaxon:1462919	1	mediadive.medium:124
NCBITaxon:1462921	1	mediadive.medium:1011b
NCBITaxon:1462938	1	mediadive.medium:1591
NCBITaxon:1463157	1	mediadive.medium:220
NCBITaxon:1463159	1	mediadive.medium:830c
NCBITaxon:1463164	4	mediadive.medium:1|mediadive.medium:535|mediadive.medium:693|mediadive.medium:92
NCBITaxon:1463165	2	mediadive.medium:693|mediadive.medium:92
NCBITaxon:1463404	1	mediadive.medium:514
NCBITaxon:1463564	1	mediadive.medium:553
NCBITaxon:1463979	4	mediadive.medium:189|mediadive.medium:554|mediadive.medium:65|mediadive.medium:J51
NCBITaxon:1464	2	mediadive.medium:262|mediadive.medium:693
NCBITaxon:1464038	1	mediadive.medium:693
NCBITaxon:1464070	2	mediadive.medium:65|mediadive.medium:84
NCBITaxon:1464554	4	mediadive.medium:220|mediadive.medium:535|mediadive.medium:92|mediadive.medium:J26
NCBITaxon:1465	1	mediadive.medium:1
NCBITaxon:146536	5	mediadive.medium:65|mediadive.medium:J42|mediadive.medium:J50|mediadive.medium:J58|mediadive.medium:J66
NCBITaxon:146537	4	mediadive.medium:65|mediadive.medium:84|mediadive.medium:J51|mediadive.medium:J66
NCBITaxon:1465486	1	mediadive.medium:830
NCBITaxon:1465489	2	mediadive.medium:464|mediadive.medium:830
NCBITaxon:1465490	1	mediadive.medium:830
NCBITaxon:1465501	3	mediadive.medium:830|mediadive.medium:852|mediadive.medium:J77
NCBITaxon:1465502	3	mediadive.medium:830|mediadive.medium:852|mediadive.medium:J77
NCBITaxon:1465635	1	mediadive.medium:535
NCBITaxon:1465754	4	mediadive.medium:104|mediadive.medium:1203|mediadive.medium:693|mediadive.medium:J14
NCBITaxon:1465756	2	mediadive.medium:104|mediadive.medium:693
NCBITaxon:1465757	2	mediadive.medium:104|mediadive.medium:693
NCBITaxon:1465765	1	mediadive.medium:220
NCBITaxon:1465766	1	mediadive.medium:693
NCBITaxon:1465809	1	mediadive.medium:104b
NCBITaxon:1465811	2	mediadive.medium:92|mediadive.medium:J475
NCBITaxon:1465823	1	mediadive.medium:429
NCBITaxon:1465825	1	mediadive.medium:693
NCBITaxon:1465826	1	mediadive.medium:104
NCBITaxon:1467	1	mediadive.medium:1
NCBITaxon:1468	1	mediadive.medium:1
NCBITaxon:146806	1	mediadive.medium:429
NCBITaxon:146819	3	mediadive.medium:252|mediadive.medium:65|mediadive.medium:84
NCBITaxon:146820	3	mediadive.medium:252|mediadive.medium:65|mediadive.medium:84
NCBITaxon:146821	3	mediadive.medium:252|mediadive.medium:65|mediadive.medium:84
NCBITaxon:1468259	1	mediadive.medium:553
NCBITaxon:146827	5	mediadive.medium:535|mediadive.medium:535a|mediadive.medium:693|mediadive.medium:92|mediadive.medium:J282
NCBITaxon:1468449	2	mediadive.medium:104|mediadive.medium:693
NCBITaxon:146907	1	mediadive.medium:717
NCBITaxon:1469144	2	mediadive.medium:260|mediadive.medium:65
NCBITaxon:1469162	1	mediadive.medium:830
NCBITaxon:146922	3	mediadive.medium:65|mediadive.medium:987|mediadive.medium:J42
NCBITaxon:146923	6	mediadive.medium:65|mediadive.medium:84|mediadive.medium:J50|mediadive.medium:J58|mediadive.medium:J61|mediadive.medium:J66
NCBITaxon:146939	3	mediadive.medium:465|mediadive.medium:830|mediadive.medium:908
NCBITaxon:146940	1	mediadive.medium:1
NCBITaxon:1469425	2	mediadive.medium:693|mediadive.medium:92
NCBITaxon:1469428	1	mediadive.medium:92
NCBITaxon:1469601	1	mediadive.medium:830
NCBITaxon:1469602	1	mediadive.medium:830
NCBITaxon:1469603	1	mediadive.medium:830
NCBITaxon:1469948	1	mediadive.medium:255
NCBITaxon:147	1	mediadive.medium:169
NCBITaxon:1470088	1	mediadive.medium:220
NCBITaxon:1470176	1	mediadive.medium:65
NCBITaxon:1470180	1	mediadive.medium:1504
NCBITaxon:1470181	1	mediadive.medium:1259
NCBITaxon:1470200	2	mediadive.medium:215|mediadive.medium:693
NCBITaxon:1470261	3	mediadive.medium:252|mediadive.medium:65|mediadive.medium:84
NCBITaxon:1470345	2	mediadive.medium:693|mediadive.medium:78
NCBITaxon:1470347	3	mediadive.medium:110|mediadive.medium:693|mediadive.medium:J282
NCBITaxon:1470354	1	mediadive.medium:110a
NCBITaxon:1470356	1	mediadive.medium:104b
NCBITaxon:1470387	2	mediadive.medium:1081|mediadive.medium:65
NCBITaxon:1470434	2	mediadive.medium:514|mediadive.medium:J118
NCBITaxon:1470455	5	mediadive.medium:252|mediadive.medium:65|mediadive.medium:84|mediadive.medium:J50|mediadive.medium:J58
NCBITaxon:1470456	3	mediadive.medium:252|mediadive.medium:65|mediadive.medium:84
NCBITaxon:1470561	2	mediadive.medium:514|mediadive.medium:514a
NCBITaxon:1470562	1	mediadive.medium:514
NCBITaxon:1470563	1	mediadive.medium:514
NCBITaxon:147065	9	mediadive.medium:1765|mediadive.medium:553|mediadive.medium:554|mediadive.medium:65|mediadive.medium:84|mediadive.medium:J104|mediadive.medium:J42|mediadive.medium:J50|mediadive.medium:J52
NCBITaxon:1471	2	mediadive.medium:1192|mediadive.medium:514d
NCBITaxon:1471381	1	mediadive.medium:535
NCBITaxon:1471400	2	mediadive.medium:535a|mediadive.medium:J26
NCBITaxon:1471401	1	mediadive.medium:535a
NCBITaxon:1471590	5	mediadive.medium:65|mediadive.medium:693|mediadive.medium:987|mediadive.medium:J43|mediadive.medium:J57
NCBITaxon:1472	1	mediadive.medium:535
NCBITaxon:1472040	1	mediadive.medium:104c
NCBITaxon:147207	1	mediadive.medium:104
NCBITaxon:1472416	3	mediadive.medium:104|mediadive.medium:J14|mediadive.medium:J83
NCBITaxon:1472417	3	mediadive.medium:104|mediadive.medium:J14|mediadive.medium:J83
NCBITaxon:147248	2	mediadive.medium:514|mediadive.medium:J118
NCBITaxon:1472640	5	mediadive.medium:1027|mediadive.medium:252|mediadive.medium:65|mediadive.medium:84|mediadive.medium:J50
NCBITaxon:1472641	5	mediadive.medium:252|mediadive.medium:553|mediadive.medium:65|mediadive.medium:84|mediadive.medium:J51
NCBITaxon:147267	2	mediadive.medium:1272|mediadive.medium:J314
NCBITaxon:147268	1	mediadive.medium:925
NCBITaxon:1472722	4	mediadive.medium:1081|mediadive.medium:252|mediadive.medium:65|mediadive.medium:84
NCBITaxon:1472723	2	mediadive.medium:514|mediadive.medium:535
NCBITaxon:1472724	1	mediadive.medium:830
NCBITaxon:1472761	1	mediadive.medium:78
NCBITaxon:1472764	2	mediadive.medium:693|mediadive.medium:78
NCBITaxon:1472765	1	mediadive.medium:693
NCBITaxon:1473	2	mediadive.medium:1|mediadive.medium:J75
NCBITaxon:1473216	2	mediadive.medium:104|mediadive.medium:1203a
NCBITaxon:1473586	1	mediadive.medium:1382
NCBITaxon:1473598	2	mediadive.medium:1531|mediadive.medium:1781
NCBITaxon:1474	2	mediadive.medium:2|mediadive.medium:220
NCBITaxon:1475481	2	mediadive.medium:1489|mediadive.medium:830
NCBITaxon:1475485	1	mediadive.medium:13
NCBITaxon:147577	3	mediadive.medium:535|mediadive.medium:J245|mediadive.medium:J26
NCBITaxon:1475951	1	mediadive.medium:514f
NCBITaxon:1476	3	mediadive.medium:1|mediadive.medium:220|mediadive.medium:J22
NCBITaxon:147645	5	mediadive.medium:1|mediadive.medium:220|mediadive.medium:693|mediadive.medium:830|mediadive.medium:92
NCBITaxon:1476543	1	mediadive.medium:220
NCBITaxon:1476583	1	mediadive.medium:830
NCBITaxon:1476748	1	mediadive.medium:1504
NCBITaxon:1476870	2	mediadive.medium:535|mediadive.medium:J61
NCBITaxon:1476959	1	mediadive.medium:514
NCBITaxon:1476996	2	mediadive.medium:92|mediadive.medium:J26
NCBITaxon:1477	3	mediadive.medium:1|mediadive.medium:215|mediadive.medium:693
NCBITaxon:1477506	1	mediadive.medium:553
NCBITaxon:1478	5	mediadive.medium:1|mediadive.medium:220|mediadive.medium:830|mediadive.medium:92|mediadive.medium:J22
NCBITaxon:147802	2	mediadive.medium:58|mediadive.medium:693
NCBITaxon:147809	2	mediadive.medium:232|mediadive.medium:58
NCBITaxon:1478215	2	mediadive.medium:1259|mediadive.medium:514
NCBITaxon:147825	3	mediadive.medium:381|mediadive.medium:514|mediadive.medium:545
NCBITaxon:1479	1	mediadive.medium:1
NCBITaxon:1479025	3	mediadive.medium:65|mediadive.medium:92|mediadive.medium:J26
NCBITaxon:1479233	1	mediadive.medium:11
NCBITaxon:1479511	2	mediadive.medium:514|mediadive.medium:J118
NCBITaxon:1481663	1	mediadive.medium:535
NCBITaxon:1481923	3	mediadive.medium:514c|mediadive.medium:514f|mediadive.medium:J118
NCBITaxon:1482730	2	mediadive.medium:1662|mediadive.medium:J937
NCBITaxon:1482731	2	mediadive.medium:898a|mediadive.medium:J1076
NCBITaxon:1482732	2	mediadive.medium:898a|mediadive.medium:J1077
NCBITaxon:1482736	2	mediadive.medium:104b|mediadive.medium:J993
NCBITaxon:1482737	2	mediadive.medium:846a|mediadive.medium:J989
NCBITaxon:1483604	1	mediadive.medium:65
NCBITaxon:1484	3	mediadive.medium:260|mediadive.medium:261|mediadive.medium:428
NCBITaxon:1484053	3	mediadive.medium:1474|mediadive.medium:J118|mediadive.medium:J1328
NCBITaxon:148447	2	mediadive.medium:220|mediadive.medium:830
NCBITaxon:148448	2	mediadive.medium:372|mediadive.medium:J169
NCBITaxon:148449	3	mediadive.medium:372|mediadive.medium:J168|mediadive.medium:J348
NCBITaxon:1484693	1	mediadive.medium:830
NCBITaxon:1485	2	mediadive.medium:104b|mediadive.medium:110
NCBITaxon:1485217	2	mediadive.medium:830|mediadive.medium:J346
NCBITaxon:1485545	2	mediadive.medium:1743|mediadive.medium:J1158
NCBITaxon:1485585	1	mediadive.medium:830
NCBITaxon:1485586	3	mediadive.medium:252|mediadive.medium:84|mediadive.medium:J49
NCBITaxon:1485952	1	mediadive.medium:535
NCBITaxon:1486034	1	mediadive.medium:514
NCBITaxon:148604	3	mediadive.medium:11|mediadive.medium:215|mediadive.medium:339
NCBITaxon:1486246	7	mediadive.medium:123|mediadive.medium:1428|mediadive.medium:246|mediadive.medium:514|mediadive.medium:514b|mediadive.medium:593|mediadive.medium:J118
NCBITaxon:1486281	2	mediadive.medium:514|mediadive.medium:621a
NCBITaxon:1486859	1	mediadive.medium:514
NCBITaxon:1487726	1	mediadive.medium:645
NCBITaxon:1487859	1	mediadive.medium:514
NCBITaxon:1488	1	mediadive.medium:411
NCBITaxon:148814	2	mediadive.medium:231|mediadive.medium:J803
NCBITaxon:1488331	2	mediadive.medium:853b|mediadive.medium:J991
NCBITaxon:1488406	2	mediadive.medium:252|mediadive.medium:65
NCBITaxon:149	1	mediadive.medium:754
NCBITaxon:1490	9	mediadive.medium:104|mediadive.medium:104b|mediadive.medium:110|mediadive.medium:1203|mediadive.medium:1203a|mediadive.medium:693|mediadive.medium:78|mediadive.medium:J13|mediadive.medium:J14
NCBITaxon:1490041	1	mediadive.medium:830
NCBITaxon:149015	1	mediadive.medium:92
NCBITaxon:149016	1	mediadive.medium:693
NCBITaxon:149017	2	mediadive.medium:217|mediadive.medium:693
NCBITaxon:1490215	3	mediadive.medium:252|mediadive.medium:65|mediadive.medium:J51
NCBITaxon:1490222	3	mediadive.medium:553|mediadive.medium:65|mediadive.medium:J104
NCBITaxon:1490288	3	mediadive.medium:215|mediadive.medium:553|mediadive.medium:J51
NCBITaxon:1490296	2	mediadive.medium:535|mediadive.medium:554
NCBITaxon:1491	3	mediadive.medium:110|mediadive.medium:J13|mediadive.medium:J14
NCBITaxon:1491831	2	mediadive.medium:514|mediadive.medium:J118
NCBITaxon:1492	6	mediadive.medium:104b|mediadive.medium:110|mediadive.medium:339|mediadive.medium:411|mediadive.medium:54b|mediadive.medium:693
NCBITaxon:1492769	1	mediadive.medium:514c
NCBITaxon:1492771	1	mediadive.medium:514
NCBITaxon:1493	2	mediadive.medium:320|mediadive.medium:520
NCBITaxon:1494	7	mediadive.medium:104|mediadive.medium:110|mediadive.medium:1203|mediadive.medium:339|mediadive.medium:78|mediadive.medium:J13|mediadive.medium:J14
NCBITaxon:1494429	2	mediadive.medium:220|mediadive.medium:J443
NCBITaxon:1494430	3	mediadive.medium:92|mediadive.medium:948|mediadive.medium:J26
NCBITaxon:1494448	2	mediadive.medium:830|mediadive.medium:J346
NCBITaxon:1494461	2	mediadive.medium:11|mediadive.medium:J27
NCBITaxon:1494462	2	mediadive.medium:11|mediadive.medium:J27
NCBITaxon:1494606	2	mediadive.medium:1577|mediadive.medium:J987
NCBITaxon:1494959	1	mediadive.medium:220
NCBITaxon:1495	1	mediadive.medium:76
NCBITaxon:1495200	2	mediadive.medium:830|mediadive.medium:J346
NCBITaxon:1495572	3	mediadive.medium:1|mediadive.medium:252|mediadive.medium:65
NCBITaxon:1496	9	mediadive.medium:1203|mediadive.medium:1757|mediadive.medium:1825|mediadive.medium:1874|mediadive.medium:339|mediadive.medium:693|mediadive.medium:78|mediadive.medium:J13|mediadive.medium:J14
NCBITaxon:1496996	5	mediadive.medium:535|mediadive.medium:553|mediadive.medium:554|mediadive.medium:65|mediadive.medium:J61
NCBITaxon:1497	1	mediadive.medium:14
NCBITaxon:149712	1	mediadive.medium:194a
NCBITaxon:149715	2	mediadive.medium:945|mediadive.medium:J299
NCBITaxon:1497396	2	mediadive.medium:65|mediadive.medium:J43
NCBITaxon:1497681	2	mediadive.medium:215|mediadive.medium:693
NCBITaxon:1498	4	mediadive.medium:139|mediadive.medium:78|mediadive.medium:J13|mediadive.medium:J14
NCBITaxon:1498499	1	mediadive.medium:585
NCBITaxon:1499680	1	mediadive.medium:215
NCBITaxon:1499684	1	mediadive.medium:104b
NCBITaxon:1499973	1	mediadive.medium:1
NCBITaxon:150	1	mediadive.medium:173
NCBITaxon:1500077	6	mediadive.medium:1269|mediadive.medium:1619|mediadive.medium:252|mediadive.medium:65|mediadive.medium:84|mediadive.medium:J50
NCBITaxon:150025	2	mediadive.medium:92|mediadive.medium:J475
NCBITaxon:150026	2	mediadive.medium:92|mediadive.medium:J26
NCBITaxon:1500506	2	mediadive.medium:1159|mediadive.medium:1504
NCBITaxon:150052	5	mediadive.medium:215|mediadive.medium:220|mediadive.medium:535|mediadive.medium:693|mediadive.medium:92
NCBITaxon:150053	5	mediadive.medium:1|mediadive.medium:215|mediadive.medium:220|mediadive.medium:693|mediadive.medium:92
NCBITaxon:150055	2	mediadive.medium:693|mediadive.medium:92
NCBITaxon:150056	2	mediadive.medium:693|mediadive.medium:92
NCBITaxon:1501	1	mediadive.medium:54b
NCBITaxon:150121	2	mediadive.medium:92|mediadive.medium:J26
NCBITaxon:150122	2	mediadive.medium:92|mediadive.medium:J26
NCBITaxon:150123	2	mediadive.medium:92|mediadive.medium:J26
NCBITaxon:1501230	1	mediadive.medium:1
NCBITaxon:1501239	1	mediadive.medium:220
NCBITaxon:1501329	1	mediadive.medium:339
NCBITaxon:1501332	1	mediadive.medium:339
NCBITaxon:1501391	2	mediadive.medium:78|mediadive.medium:J282
NCBITaxon:1501392	2	mediadive.medium:104|mediadive.medium:J14
NCBITaxon:1501432	3	mediadive.medium:535|mediadive.medium:545|mediadive.medium:907
NCBITaxon:150146	1	mediadive.medium:830
NCBITaxon:1501662	3	mediadive.medium:693|mediadive.medium:92|mediadive.medium:J28
NCBITaxon:150177	4	mediadive.medium:65|mediadive.medium:84|mediadive.medium:993|mediadive.medium:J217
NCBITaxon:1502	7	mediadive.medium:104b|mediadive.medium:110|mediadive.medium:1203|mediadive.medium:1203a|mediadive.medium:339|mediadive.medium:693|mediadive.medium:78
NCBITaxon:150248	1	mediadive.medium:898
NCBITaxon:1502943	2	mediadive.medium:104|mediadive.medium:693
NCBITaxon:1503	1	mediadive.medium:76
NCBITaxon:1503041	1	mediadive.medium:693
NCBITaxon:1503054	2	mediadive.medium:535|mediadive.medium:693
NCBITaxon:1503055	2	mediadive.medium:535|mediadive.medium:693
NCBITaxon:150336	1	mediadive.medium:860
NCBITaxon:1503750	2	mediadive.medium:830c|mediadive.medium:J346
NCBITaxon:1504	6	mediadive.medium:104b|mediadive.medium:110|mediadive.medium:1203a|mediadive.medium:693|mediadive.medium:J14|mediadive.medium:J84
NCBITaxon:1504265	2	mediadive.medium:514|mediadive.medium:J118
NCBITaxon:1505	2	mediadive.medium:1203|mediadive.medium:339
NCBITaxon:1505232	1	mediadive.medium:1464
NCBITaxon:1505664	1	mediadive.medium:1
NCBITaxon:1505723	2	mediadive.medium:11b|mediadive.medium:232
NCBITaxon:1505725	1	mediadive.medium:11
NCBITaxon:1505726	1	mediadive.medium:11
NCBITaxon:1505727	1	mediadive.medium:58
NCBITaxon:1505757	1	mediadive.medium:535
NCBITaxon:1506	28	mediadive.medium:104|mediadive.medium:104b|mediadive.medium:104c|mediadive.medium:110|mediadive.medium:110a|mediadive.medium:122|mediadive.medium:215c|mediadive.medium:286|mediadive.medium:311|mediadive.medium:339|mediadive.medium:339a|mediadive.medium:411|mediadive.medium:420|mediadive.medium:429|mediadive.medium:497|mediadive.medium:500|mediadive.medium:503|mediadive.medium:514e|mediadive.medium:54b|mediadive.medium:557|mediadive.medium:640|mediadive.medium:641|mediadive.medium:693|mediadive.medium:76|mediadive.medium:77|mediadive.medium:860|mediadive.medium:J13|mediadive.medium:J14
NCBITaxon:1506553	2	mediadive.medium:104c|mediadive.medium:110a
NCBITaxon:1506587	1	mediadive.medium:535
NCBITaxon:1506996	1	mediadive.medium:194
NCBITaxon:150723	3	mediadive.medium:545|mediadive.medium:830|mediadive.medium:J346
NCBITaxon:1507331	2	mediadive.medium:92|mediadive.medium:J26
NCBITaxon:1507449	1	mediadive.medium:830c
NCBITaxon:1507512	1	mediadive.medium:104b
NCBITaxon:1507734	2	mediadive.medium:65|mediadive.medium:84
NCBITaxon:1507806	1	mediadive.medium:693
NCBITaxon:1508312	1	mediadive.medium:595
NCBITaxon:150832	2	mediadive.medium:514|mediadive.medium:J28
NCBITaxon:1508375	2	mediadive.medium:84|mediadive.medium:987
NCBITaxon:1508388	2	mediadive.medium:514|mediadive.medium:J118
NCBITaxon:1508389	2	mediadive.medium:514|mediadive.medium:J118
NCBITaxon:1508390	2	mediadive.medium:514|mediadive.medium:J118
NCBITaxon:1508404	1	mediadive.medium:514
NCBITaxon:1508419	1	mediadive.medium:1539
NCBITaxon:1508420	1	mediadive.medium:1539
NCBITaxon:1509	10	mediadive.medium:104|mediadive.medium:110|mediadive.medium:1203|mediadive.medium:1203a|mediadive.medium:420|mediadive.medium:693|mediadive.medium:77|mediadive.medium:78|mediadive.medium:J13|mediadive.medium:J14
NCBITaxon:151	1	mediadive.medium:173
NCBITaxon:1510150	1	mediadive.medium:514
NCBITaxon:1510455	1	mediadive.medium:514
NCBITaxon:1510457	1	mediadive.medium:514
NCBITaxon:1510459	1	mediadive.medium:514f
NCBITaxon:1510569	2	mediadive.medium:1|mediadive.medium:J22
NCBITaxon:1510570	1	mediadive.medium:1
NCBITaxon:1510573	3	mediadive.medium:1|mediadive.medium:220|mediadive.medium:535
NCBITaxon:1510574	1	mediadive.medium:1
NCBITaxon:151081	1	mediadive.medium:514
NCBITaxon:1510841	1	mediadive.medium:1429
NCBITaxon:1511599	2	mediadive.medium:63|mediadive.medium:J707
NCBITaxon:1511749	3	mediadive.medium:1|mediadive.medium:220|mediadive.medium:92
NCBITaxon:1511761	1	mediadive.medium:11
NCBITaxon:1512	5	mediadive.medium:104|mediadive.medium:110|mediadive.medium:1203|mediadive.medium:1203a|mediadive.medium:693
NCBITaxon:1513	4	mediadive.medium:1203|mediadive.medium:1203a|mediadive.medium:693|mediadive.medium:78
NCBITaxon:1513271	1	mediadive.medium:514
NCBITaxon:1513379	1	mediadive.medium:92
NCBITaxon:1513392	1	mediadive.medium:830
NCBITaxon:1513468	1	mediadive.medium:535
NCBITaxon:1513793	1	mediadive.medium:514
NCBITaxon:1513890	1	mediadive.medium:535
NCBITaxon:1513892	1	mediadive.medium:27
NCBITaxon:1513896	3	mediadive.medium:1364|mediadive.medium:220|mediadive.medium:J22
NCBITaxon:1513897	3	mediadive.medium:227|mediadive.medium:J69|mediadive.medium:J72
NCBITaxon:1513898	2	mediadive.medium:92|mediadive.medium:J69
NCBITaxon:1514080	1	mediadive.medium:514
NCBITaxon:1514105	2	mediadive.medium:104|mediadive.medium:693
NCBITaxon:151414	2	mediadive.medium:1|mediadive.medium:585
NCBITaxon:151416	1	mediadive.medium:830
NCBITaxon:151419	2	mediadive.medium:1052|mediadive.medium:830
NCBITaxon:151454	2	mediadive.medium:1052|mediadive.medium:830
NCBITaxon:1514904	2	mediadive.medium:514|mediadive.medium:J118
NCBITaxon:1514933	1	mediadive.medium:65
NCBITaxon:1514948	2	mediadive.medium:514c|mediadive.medium:J118
NCBITaxon:1515	1	mediadive.medium:122
NCBITaxon:1515439	2	mediadive.medium:830|mediadive.medium:J27
NCBITaxon:1515612	2	mediadive.medium:1|mediadive.medium:462
NCBITaxon:1516	3	mediadive.medium:104b|mediadive.medium:144|mediadive.medium:61
NCBITaxon:1516104	1	mediadive.medium:1
NCBITaxon:1516126	4	mediadive.medium:1203a|mediadive.medium:693|mediadive.medium:92|mediadive.medium:J14
NCBITaxon:1516159	1	mediadive.medium:514
NCBITaxon:1517	2	mediadive.medium:211|mediadive.medium:61
NCBITaxon:1517695	2	mediadive.medium:65|mediadive.medium:84
NCBITaxon:1517702	2	mediadive.medium:535|mediadive.medium:J43
NCBITaxon:1517760	1	mediadive.medium:830
NCBITaxon:151781	1	mediadive.medium:11
NCBITaxon:151783	5	mediadive.medium:1|mediadive.medium:220|mediadive.medium:535|mediadive.medium:545|mediadive.medium:830
NCBITaxon:151784	2	mediadive.medium:1a|mediadive.medium:830c
NCBITaxon:151894	1	mediadive.medium:1
NCBITaxon:151899	1	mediadive.medium:1
NCBITaxon:1519	4	mediadive.medium:104b|mediadive.medium:104c|mediadive.medium:110|mediadive.medium:143
NCBITaxon:151901	1	mediadive.medium:1
NCBITaxon:151904	1	mediadive.medium:1
NCBITaxon:1519374	2	mediadive.medium:514|mediadive.medium:J41
NCBITaxon:1519643	1	mediadive.medium:163
NCBITaxon:152	2	mediadive.medium:174|mediadive.medium:J809
NCBITaxon:1520	12	mediadive.medium:104b|mediadive.medium:104c|mediadive.medium:110|mediadive.medium:110a|mediadive.medium:339|mediadive.medium:411|mediadive.medium:48|mediadive.medium:54b|mediadive.medium:693|mediadive.medium:J13|mediadive.medium:J14|mediadive.medium:J84
NCBITaxon:152007	2	mediadive.medium:892|mediadive.medium:J272
NCBITaxon:1520670	2	mediadive.medium:645|mediadive.medium:J386
NCBITaxon:1520800	1	mediadive.medium:120
NCBITaxon:1521	1	mediadive.medium:520
NCBITaxon:1521118	2	mediadive.medium:92|mediadive.medium:J28
NCBITaxon:1521328	3	mediadive.medium:535|mediadive.medium:553|mediadive.medium:65
NCBITaxon:152142	1	mediadive.medium:645
NCBITaxon:1521434	1	mediadive.medium:92
NCBITaxon:1521435	1	mediadive.medium:92
NCBITaxon:1521640	1	mediadive.medium:1593
NCBITaxon:1521930	2	mediadive.medium:693|mediadive.medium:92
NCBITaxon:1521931	2	mediadive.medium:693|mediadive.medium:92
NCBITaxon:1522	11	mediadive.medium:104|mediadive.medium:104b|mediadive.medium:110|mediadive.medium:1203|mediadive.medium:1203a|mediadive.medium:339|mediadive.medium:339a|mediadive.medium:693|mediadive.medium:78|mediadive.medium:J13|mediadive.medium:J14
NCBITaxon:1522057	4	mediadive.medium:553|mediadive.medium:554|mediadive.medium:65|mediadive.medium:J61
NCBITaxon:1522174	2	mediadive.medium:92|mediadive.medium:J475
NCBITaxon:1522175	1	mediadive.medium:514
NCBITaxon:1522176	2	mediadive.medium:92|mediadive.medium:J475
NCBITaxon:1522308	1	mediadive.medium:220
NCBITaxon:1522311	1	mediadive.medium:92
NCBITaxon:1522315	3	mediadive.medium:1|mediadive.medium:693|mediadive.medium:92
NCBITaxon:1522368	2	mediadive.medium:535|mediadive.medium:65
NCBITaxon:152260	1	mediadive.medium:87a
NCBITaxon:152268	1	mediadive.medium:514
NCBITaxon:1523160	2	mediadive.medium:65|mediadive.medium:J43
NCBITaxon:1523247	6	mediadive.medium:65|mediadive.medium:714|mediadive.medium:83|mediadive.medium:J25|mediadive.medium:J26|mediadive.medium:J30
NCBITaxon:1523248	5	mediadive.medium:65|mediadive.medium:83|mediadive.medium:J104|mediadive.medium:J46|mediadive.medium:J47
NCBITaxon:152331	4	mediadive.medium:11|mediadive.medium:231|mediadive.medium:J13|mediadive.medium:J84
NCBITaxon:152332	1	mediadive.medium:11
NCBITaxon:152335	3	mediadive.medium:11|mediadive.medium:93|mediadive.medium:J13
NCBITaxon:1523392	1	mediadive.medium:514
NCBITaxon:1523623	2	mediadive.medium:1584|mediadive.medium:J1062
NCBITaxon:1524084	2	mediadive.medium:535|mediadive.medium:65
NCBITaxon:1524255	1	mediadive.medium:514
NCBITaxon:1524256	1	mediadive.medium:514f
NCBITaxon:1524257	1	mediadive.medium:514
NCBITaxon:1524338	4	mediadive.medium:535|mediadive.medium:553|mediadive.medium:554|mediadive.medium:65
NCBITaxon:1524460	1	mediadive.medium:514c
NCBITaxon:152475	3	mediadive.medium:925|mediadive.medium:J310|mediadive.medium:J311
NCBITaxon:152480	1	mediadive.medium:220
NCBITaxon:152490	1	mediadive.medium:693
NCBITaxon:1524924	2	mediadive.medium:92|mediadive.medium:J475
NCBITaxon:1524965	2	mediadive.medium:215|mediadive.medium:693
NCBITaxon:1524974	2	mediadive.medium:215|mediadive.medium:693
NCBITaxon:1525	4	mediadive.medium:311c|mediadive.medium:316|mediadive.medium:60|mediadive.medium:J221
NCBITaxon:152500	3	mediadive.medium:220|mediadive.medium:693|mediadive.medium:92
NCBITaxon:152526	1	mediadive.medium:829
NCBITaxon:152573	1	mediadive.medium:785
NCBITaxon:1526412	1	mediadive.medium:92
NCBITaxon:1526413	1	mediadive.medium:92
NCBITaxon:1526551	2	mediadive.medium:220|mediadive.medium:J475
NCBITaxon:152682	2	mediadive.medium:1|mediadive.medium:1a
NCBITaxon:1527293	1	mediadive.medium:220
NCBITaxon:1527608	1	mediadive.medium:535
NCBITaxon:152794	3	mediadive.medium:535|mediadive.medium:693|mediadive.medium:J26
NCBITaxon:1528	4	mediadive.medium:110|mediadive.medium:152|mediadive.medium:J13|mediadive.medium:J14
NCBITaxon:1528099	1	mediadive.medium:693
NCBITaxon:1528104	5	mediadive.medium:553|mediadive.medium:65|mediadive.medium:714|mediadive.medium:83|mediadive.medium:877
NCBITaxon:1529	4	mediadive.medium:104|mediadive.medium:110|mediadive.medium:J13|mediadive.medium:J14
NCBITaxon:1529066	1	mediadive.medium:514
NCBITaxon:1529068	2	mediadive.medium:514|mediadive.medium:J118
NCBITaxon:1529639	1	mediadive.medium:535
NCBITaxon:1530	3	mediadive.medium:110|mediadive.medium:J13|mediadive.medium:J14
NCBITaxon:1530042	4	mediadive.medium:535|mediadive.medium:554|mediadive.medium:83|mediadive.medium:J61
NCBITaxon:1530045	4	mediadive.medium:535|mediadive.medium:554|mediadive.medium:65|mediadive.medium:83
NCBITaxon:1530123	4	mediadive.medium:1|mediadive.medium:535|mediadive.medium:693|mediadive.medium:92
NCBITaxon:1530186	1	mediadive.medium:514
NCBITaxon:153026	1	mediadive.medium:194
NCBITaxon:1531	6	mediadive.medium:104|mediadive.medium:110|mediadive.medium:1203a|mediadive.medium:693|mediadive.medium:J13|mediadive.medium:J14
NCBITaxon:1531429	3	mediadive.medium:693|mediadive.medium:78|mediadive.medium:J14
NCBITaxon:153151	2	mediadive.medium:1|mediadive.medium:1117
NCBITaxon:153233	1	mediadive.medium:514
NCBITaxon:1532552	1	mediadive.medium:31
NCBITaxon:153267	1	mediadive.medium:514
NCBITaxon:153376	2	mediadive.medium:65|mediadive.medium:J58
NCBITaxon:1534	1	mediadive.medium:52
NCBITaxon:153494	2	mediadive.medium:104|mediadive.medium:J282
NCBITaxon:1535	2	mediadive.medium:110a|mediadive.medium:339a
NCBITaxon:1535312	2	mediadive.medium:514|mediadive.medium:J118
NCBITaxon:1535313	1	mediadive.medium:514
NCBITaxon:1535768	3	mediadive.medium:252|mediadive.medium:65|mediadive.medium:84
NCBITaxon:1536	3	mediadive.medium:110|mediadive.medium:J14|mediadive.medium:J84
NCBITaxon:153622	1	mediadive.medium:514
NCBITaxon:1536641	1	mediadive.medium:92
NCBITaxon:153721	1	mediadive.medium:167
NCBITaxon:1537215	1	mediadive.medium:514
NCBITaxon:1537242	1	mediadive.medium:514
NCBITaxon:153730	2	mediadive.medium:92|mediadive.medium:J26
NCBITaxon:153731	2	mediadive.medium:92|mediadive.medium:J26
NCBITaxon:1537398	2	mediadive.medium:830|mediadive.medium:J346
NCBITaxon:1537524	1	mediadive.medium:1570
NCBITaxon:1537566	2	mediadive.medium:1533|mediadive.medium:J1026
NCBITaxon:1537567	2	mediadive.medium:503|mediadive.medium:J991
NCBITaxon:1537568	2	mediadive.medium:195c|mediadive.medium:J1043
NCBITaxon:1538102	2	mediadive.medium:1|mediadive.medium:535b
NCBITaxon:1538103	1	mediadive.medium:830
NCBITaxon:1538144	2	mediadive.medium:830|mediadive.medium:J26
NCBITaxon:1538228	1	mediadive.medium:1
NCBITaxon:153832	1	mediadive.medium:878
NCBITaxon:1538463	2	mediadive.medium:535|mediadive.medium:553
NCBITaxon:1539	2	mediadive.medium:110|mediadive.medium:J14
NCBITaxon:1539049	1	mediadive.medium:830
NCBITaxon:1539050	1	mediadive.medium:830
NCBITaxon:1539051	1	mediadive.medium:1543
NCBITaxon:1539298	1	mediadive.medium:1494
NCBITaxon:153971	1	mediadive.medium:645
NCBITaxon:1540	5	mediadive.medium:110|mediadive.medium:1203|mediadive.medium:339|mediadive.medium:78|mediadive.medium:J14
NCBITaxon:1540082	2	mediadive.medium:88|mediadive.medium:J176
NCBITaxon:1540163	2	mediadive.medium:1139|mediadive.medium:830
NCBITaxon:154046	1	mediadive.medium:104b
NCBITaxon:1540520	3	mediadive.medium:553|mediadive.medium:65|mediadive.medium:J42
NCBITaxon:1541	1	mediadive.medium:311c
NCBITaxon:1541063	2	mediadive.medium:1474|mediadive.medium:J1328
NCBITaxon:154108	2	mediadive.medium:381|mediadive.medium:514
NCBITaxon:154117	2	mediadive.medium:830|mediadive.medium:J28
NCBITaxon:1541170	1	mediadive.medium:1
NCBITaxon:1541174	3	mediadive.medium:92|mediadive.medium:J26|mediadive.medium:J475
NCBITaxon:1541394	2	mediadive.medium:514f|mediadive.medium:J118
NCBITaxon:1542	5	mediadive.medium:110|mediadive.medium:1203a|mediadive.medium:693|mediadive.medium:J13|mediadive.medium:J14
NCBITaxon:1542726	1	mediadive.medium:1484
NCBITaxon:1542736	3	mediadive.medium:1484|mediadive.medium:65|mediadive.medium:830
NCBITaxon:1542737	3	mediadive.medium:1484|mediadive.medium:65|mediadive.medium:830
NCBITaxon:154288	2	mediadive.medium:104c|mediadive.medium:110
NCBITaxon:1543	4	mediadive.medium:110|mediadive.medium:339|mediadive.medium:J13|mediadive.medium:J14
NCBITaxon:1543375	1	mediadive.medium:1
NCBITaxon:1543381	1	mediadive.medium:535
NCBITaxon:1543721	1	mediadive.medium:514
NCBITaxon:1543852	3	mediadive.medium:535|mediadive.medium:553|mediadive.medium:J43
NCBITaxon:1544	4	mediadive.medium:110|mediadive.medium:249|mediadive.medium:J13|mediadive.medium:J14
NCBITaxon:1544413	2	mediadive.medium:693|mediadive.medium:92
NCBITaxon:1544416	2	mediadive.medium:693|mediadive.medium:92
NCBITaxon:1544727	3	mediadive.medium:554|mediadive.medium:65|mediadive.medium:J61
NCBITaxon:1544728	4	mediadive.medium:535|mediadive.medium:554|mediadive.medium:84|mediadive.medium:J61
NCBITaxon:1544732	2	mediadive.medium:554|mediadive.medium:65
NCBITaxon:1544735	4	mediadive.medium:554|mediadive.medium:65|mediadive.medium:84|mediadive.medium:J61
NCBITaxon:1544736	3	mediadive.medium:65|mediadive.medium:84|mediadive.medium:J51
NCBITaxon:1544741	3	mediadive.medium:252|mediadive.medium:65|mediadive.medium:84
NCBITaxon:1544744	5	mediadive.medium:252|mediadive.medium:553|mediadive.medium:65|mediadive.medium:84|mediadive.medium:J51
NCBITaxon:1544745	5	mediadive.medium:252|mediadive.medium:553|mediadive.medium:65|mediadive.medium:84|mediadive.medium:J51
NCBITaxon:1545044	1	mediadive.medium:693
NCBITaxon:154654	1	mediadive.medium:645
NCBITaxon:1547	5	mediadive.medium:104|mediadive.medium:110|mediadive.medium:1203|mediadive.medium:693|mediadive.medium:78
NCBITaxon:1547447	3	mediadive.medium:693|mediadive.medium:92|mediadive.medium:J141
NCBITaxon:1547448	4	mediadive.medium:215|mediadive.medium:J14|mediadive.medium:J282|mediadive.medium:J677
NCBITaxon:1547891	2	mediadive.medium:535|mediadive.medium:65
NCBITaxon:1547892	5	mediadive.medium:535|mediadive.medium:553|mediadive.medium:65|mediadive.medium:83|mediadive.medium:987
NCBITaxon:1547922	4	mediadive.medium:1|mediadive.medium:535|mediadive.medium:545|mediadive.medium:830
NCBITaxon:1548	3	mediadive.medium:110|mediadive.medium:J13|mediadive.medium:J14
NCBITaxon:1548208	2	mediadive.medium:535|mediadive.medium:545
NCBITaxon:1548213	2	mediadive.medium:514|mediadive.medium:J1046
NCBITaxon:1548548	1	mediadive.medium:1588
NCBITaxon:1548597	1	mediadive.medium:830
NCBITaxon:1548599	1	mediadive.medium:940
NCBITaxon:1548602	1	mediadive.medium:830
NCBITaxon:1548749	1	mediadive.medium:514
NCBITaxon:1549	2	mediadive.medium:104b|mediadive.medium:78
NCBITaxon:1549636	2	mediadive.medium:1|mediadive.medium:J254
NCBITaxon:1549637	1	mediadive.medium:830
NCBITaxon:1549638	2	mediadive.medium:693|mediadive.medium:J27
NCBITaxon:1549639	1	mediadive.medium:830
NCBITaxon:1549640	2	mediadive.medium:830|mediadive.medium:830c
NCBITaxon:154981	1	mediadive.medium:514
NCBITaxon:1549850	1	mediadive.medium:514
NCBITaxon:1549855	1	mediadive.medium:693
NCBITaxon:1549888	1	mediadive.medium:535b
NCBITaxon:1549889	1	mediadive.medium:1
NCBITaxon:1549892	1	mediadive.medium:98
NCBITaxon:1549945	1	mediadive.medium:98
NCBITaxon:1549949	3	mediadive.medium:1|mediadive.medium:830|mediadive.medium:98
NCBITaxon:1550	6	mediadive.medium:110|mediadive.medium:1203a|mediadive.medium:693|mediadive.medium:78|mediadive.medium:J13|mediadive.medium:J14
NCBITaxon:1550024	3	mediadive.medium:104|mediadive.medium:330|mediadive.medium:78
NCBITaxon:1550229	1	mediadive.medium:621
NCBITaxon:1550231	3	mediadive.medium:464|mediadive.medium:714|mediadive.medium:J26
NCBITaxon:1550233	1	mediadive.medium:714
NCBITaxon:1550242	1	mediadive.medium:877
NCBITaxon:1550385	1	mediadive.medium:830
NCBITaxon:155042	1	mediadive.medium:579
NCBITaxon:1550565	1	mediadive.medium:924a
NCBITaxon:1550566	1	mediadive.medium:924a
NCBITaxon:1550579	2	mediadive.medium:830|mediadive.medium:J804
NCBITaxon:1550616	3	mediadive.medium:252|mediadive.medium:65|mediadive.medium:84
NCBITaxon:1550617	2	mediadive.medium:65|mediadive.medium:84
NCBITaxon:1550618	2	mediadive.medium:65|mediadive.medium:84
NCBITaxon:1550619	2	mediadive.medium:65|mediadive.medium:84
NCBITaxon:1550620	2	mediadive.medium:65|mediadive.medium:84
NCBITaxon:1550728	2	mediadive.medium:830|mediadive.medium:J346
NCBITaxon:1550736	1	mediadive.medium:535
NCBITaxon:155085	2	mediadive.medium:693|mediadive.medium:92
NCBITaxon:1551649	1	mediadive.medium:535
NCBITaxon:155177	4	mediadive.medium:252|mediadive.medium:65|mediadive.medium:84|mediadive.medium:J42
NCBITaxon:155192	1	mediadive.medium:429e
NCBITaxon:155197	1	mediadive.medium:220a
NCBITaxon:1552123	2	mediadive.medium:215|mediadive.medium:693
NCBITaxon:1552750	2	mediadive.medium:1|mediadive.medium:830
NCBITaxon:1552759	2	mediadive.medium:250|mediadive.medium:645
NCBITaxon:1553	2	mediadive.medium:110|mediadive.medium:339
NCBITaxon:155321	2	mediadive.medium:760|mediadive.medium:J280
NCBITaxon:1553429	3	mediadive.medium:830|mediadive.medium:J346|mediadive.medium:J49
NCBITaxon:1553448	1	mediadive.medium:381
NCBITaxon:1553449	1	mediadive.medium:545
NCBITaxon:1553906	1	mediadive.medium:92
NCBITaxon:1555112	1	mediadive.medium:195
NCBITaxon:1556	1	mediadive.medium:76
NCBITaxon:155617	2	mediadive.medium:693|mediadive.medium:92
NCBITaxon:155618	2	mediadive.medium:693|mediadive.medium:92
NCBITaxon:155866	1	mediadive.medium:11
NCBITaxon:155892	3	mediadive.medium:1462|mediadive.medium:595|mediadive.medium:830
NCBITaxon:1559	6	mediadive.medium:110|mediadive.medium:1203a|mediadive.medium:78|mediadive.medium:J13|mediadive.medium:J14|mediadive.medium:J84
NCBITaxon:155974	3	mediadive.medium:65|mediadive.medium:J43|mediadive.medium:J52
NCBITaxon:155976	2	mediadive.medium:65|mediadive.medium:J43
NCBITaxon:1559896	1	mediadive.medium:1585
NCBITaxon:156	1	mediadive.medium:169
NCBITaxon:1560005	1	mediadive.medium:1124
NCBITaxon:1560006	1	mediadive.medium:1426
NCBITaxon:1560324	1	mediadive.medium:1426
NCBITaxon:1561	6	mediadive.medium:110|mediadive.medium:1203a|mediadive.medium:693|mediadive.medium:77|mediadive.medium:J13|mediadive.medium:J14
NCBITaxon:1561005	1	mediadive.medium:1250
NCBITaxon:1561923	1	mediadive.medium:220
NCBITaxon:156205	1	mediadive.medium:755
NCBITaxon:1562104	1	mediadive.medium:514
NCBITaxon:1562105	1	mediadive.medium:92
NCBITaxon:1562106	1	mediadive.medium:514
NCBITaxon:1562109	1	mediadive.medium:514
NCBITaxon:1562308	1	mediadive.medium:381
NCBITaxon:1562603	2	mediadive.medium:514|mediadive.medium:948
NCBITaxon:1562698	2	mediadive.medium:480|mediadive.medium:J1083
NCBITaxon:1562970	1	mediadive.medium:110
NCBITaxon:1563	1	mediadive.medium:63
NCBITaxon:1563222	3	mediadive.medium:220|mediadive.medium:693|mediadive.medium:92
NCBITaxon:1563671	1	mediadive.medium:514
NCBITaxon:1563703	1	mediadive.medium:514
NCBITaxon:1564	1	mediadive.medium:63
NCBITaxon:1564158	3	mediadive.medium:65|mediadive.medium:J26|mediadive.medium:J43
NCBITaxon:1564159	1	mediadive.medium:65
NCBITaxon:1564160	1	mediadive.medium:65
NCBITaxon:1564161	3	mediadive.medium:553|mediadive.medium:65|mediadive.medium:J43
NCBITaxon:1564162	1	mediadive.medium:65
NCBITaxon:1564163	1	mediadive.medium:65
NCBITaxon:1564164	1	mediadive.medium:65
NCBITaxon:1564487	1	mediadive.medium:255
NCBITaxon:1564516	1	mediadive.medium:514
NCBITaxon:156453	3	mediadive.medium:65|mediadive.medium:84|mediadive.medium:J42
NCBITaxon:156457	2	mediadive.medium:924|mediadive.medium:924b
NCBITaxon:1564956	1	mediadive.medium:514
NCBITaxon:1565	2	mediadive.medium:194|mediadive.medium:63
NCBITaxon:1565035	4	mediadive.medium:252|mediadive.medium:65|mediadive.medium:84|mediadive.medium:987
NCBITaxon:1565605	2	mediadive.medium:1622|mediadive.medium:830
NCBITaxon:1566026	1	mediadive.medium:514
NCBITaxon:1566352	2	mediadive.medium:514|mediadive.medium:J118
NCBITaxon:156648	4	mediadive.medium:65|mediadive.medium:84|mediadive.medium:J42|mediadive.medium:J50
NCBITaxon:1566827	2	mediadive.medium:514|mediadive.medium:J118
NCBITaxon:1567106	2	mediadive.medium:830|mediadive.medium:J475
NCBITaxon:1567107	2	mediadive.medium:830|mediadive.medium:J475
NCBITaxon:156892	2	mediadive.medium:217|mediadive.medium:693
NCBITaxon:156976	4	mediadive.medium:535a|mediadive.medium:693|mediadive.medium:92|mediadive.medium:J26
NCBITaxon:156977	1	mediadive.medium:92
NCBITaxon:156978	2	mediadive.medium:535|mediadive.medium:J26
NCBITaxon:156979	2	mediadive.medium:92|mediadive.medium:J26
NCBITaxon:156980	2	mediadive.medium:693|mediadive.medium:92
NCBITaxon:156981	1	mediadive.medium:92
NCBITaxon:156994	2	mediadive.medium:514|mediadive.medium:J41
NCBITaxon:1570	3	mediadive.medium:123|mediadive.medium:514|mediadive.medium:J118
NCBITaxon:157076	1	mediadive.medium:92
NCBITaxon:1571	2	mediadive.medium:2|mediadive.medium:J22
NCBITaxon:1571184	3	mediadive.medium:514|mediadive.medium:535|mediadive.medium:535a
NCBITaxon:1571224	1	mediadive.medium:514
NCBITaxon:157225	2	mediadive.medium:593|mediadive.medium:J599
NCBITaxon:157227	2	mediadive.medium:514|mediadive.medium:J118
NCBITaxon:1572581	2	mediadive.medium:142|mediadive.medium:J1090
NCBITaxon:1572644	1	mediadive.medium:92
NCBITaxon:1572661	1	mediadive.medium:830
NCBITaxon:1572751	1	mediadive.medium:381
NCBITaxon:1572761	1	mediadive.medium:92
NCBITaxon:1572762	1	mediadive.medium:92
NCBITaxon:1572858	1	mediadive.medium:1578
NCBITaxon:1572859	1	mediadive.medium:1
NCBITaxon:1573172	2	mediadive.medium:1210a|mediadive.medium:J1053
NCBITaxon:157339	1	mediadive.medium:215
NCBITaxon:1573654	1	mediadive.medium:464
NCBITaxon:1574161	1	mediadive.medium:1
NCBITaxon:1574624	1	mediadive.medium:104
NCBITaxon:157463	1	mediadive.medium:11
NCBITaxon:157465	5	mediadive.medium:535|mediadive.medium:553|mediadive.medium:65|mediadive.medium:83|mediadive.medium:J49
NCBITaxon:157592	2	mediadive.medium:830|mediadive.medium:858
NCBITaxon:1576369	1	mediadive.medium:1531
NCBITaxon:1576610	1	mediadive.medium:693
NCBITaxon:1576911	1	mediadive.medium:535
NCBITaxon:1576914	1	mediadive.medium:830
NCBITaxon:1577442	2	mediadive.medium:65|mediadive.medium:J43
NCBITaxon:1577474	2	mediadive.medium:92|mediadive.medium:J1112
NCBITaxon:1577686	4	mediadive.medium:1266a|mediadive.medium:1426|mediadive.medium:1492|mediadive.medium:830
NCBITaxon:1577687	1	mediadive.medium:1266a
NCBITaxon:1577690	1	mediadive.medium:830
NCBITaxon:157779	2	mediadive.medium:514|mediadive.medium:J118
NCBITaxon:157792	1	mediadive.medium:535
NCBITaxon:1578198	2	mediadive.medium:830|mediadive.medium:J475
NCBITaxon:157838	1	mediadive.medium:1
NCBITaxon:157839	1	mediadive.medium:220
NCBITaxon:157842	1	mediadive.medium:916
NCBITaxon:1578720	1	mediadive.medium:1279
NCBITaxon:1578756	1	mediadive.medium:92
NCBITaxon:157907	2	mediadive.medium:1250|mediadive.medium:641
NCBITaxon:157910	2	mediadive.medium:535|mediadive.medium:830
NCBITaxon:1579333	1	mediadive.medium:514f
NCBITaxon:1579424	2	mediadive.medium:693|mediadive.medium:92
NCBITaxon:1579979	1	mediadive.medium:514
NCBITaxon:1580	3	mediadive.medium:11|mediadive.medium:J13|mediadive.medium:J84
NCBITaxon:1580596	1	mediadive.medium:514
NCBITaxon:1581	3	mediadive.medium:11|mediadive.medium:J13|mediadive.medium:J84
NCBITaxon:1581411	1	mediadive.medium:830
NCBITaxon:1581472	3	mediadive.medium:693|mediadive.medium:92|mediadive.medium:J83
NCBITaxon:158192	1	mediadive.medium:732a
NCBITaxon:1582	3	mediadive.medium:11|mediadive.medium:J13|mediadive.medium:J84
NCBITaxon:1582259	1	mediadive.medium:119c
NCBITaxon:1583	3	mediadive.medium:11|mediadive.medium:J13|mediadive.medium:J84
NCBITaxon:1584	1	mediadive.medium:11
NCBITaxon:1585	1	mediadive.medium:231
NCBITaxon:158500	5	mediadive.medium:1|mediadive.medium:457|mediadive.medium:465|mediadive.medium:830|mediadive.medium:J27
NCBITaxon:1585241	2	mediadive.medium:220|mediadive.medium:J443
NCBITaxon:1585697	1	mediadive.medium:1
NCBITaxon:1585974	1	mediadive.medium:110
NCBITaxon:1586267	1	mediadive.medium:693
NCBITaxon:158627	2	mediadive.medium:220a|mediadive.medium:92
NCBITaxon:1586287	2	mediadive.medium:65|mediadive.medium:J43
NCBITaxon:1587	1	mediadive.medium:232
NCBITaxon:1587527	2	mediadive.medium:514|mediadive.medium:J443
NCBITaxon:1588	3	mediadive.medium:11|mediadive.medium:J13|mediadive.medium:J84
NCBITaxon:158850	1	mediadive.medium:1
NCBITaxon:158852	1	mediadive.medium:535
NCBITaxon:1588641	4	mediadive.medium:65|mediadive.medium:830|mediadive.medium:J26|mediadive.medium:J43
NCBITaxon:1588644	4	mediadive.medium:514|mediadive.medium:830|mediadive.medium:J26|mediadive.medium:J569
NCBITaxon:1588748	2	mediadive.medium:110|mediadive.medium:693
NCBITaxon:158877	2	mediadive.medium:1|mediadive.medium:J12
NCBITaxon:158890	1	mediadive.medium:1031a
NCBITaxon:158897	2	mediadive.medium:92|mediadive.medium:J26
NCBITaxon:158899	1	mediadive.medium:1035
NCBITaxon:1589	1	mediadive.medium:11
NCBITaxon:1589181	3	mediadive.medium:1|mediadive.medium:621|mediadive.medium:830
NCBITaxon:159	3	mediadive.medium:1203a|mediadive.medium:693|mediadive.medium:840
NCBITaxon:1590	3	mediadive.medium:11|mediadive.medium:J13|mediadive.medium:J84
NCBITaxon:1590652	1	mediadive.medium:830
NCBITaxon:1591	4	mediadive.medium:11|mediadive.medium:231|mediadive.medium:232|mediadive.medium:93
NCBITaxon:1591085	1	mediadive.medium:830
NCBITaxon:1591087	3	mediadive.medium:514d|mediadive.medium:J1185|mediadive.medium:J1189
NCBITaxon:1591088	1	mediadive.medium:693
NCBITaxon:1592105	1	mediadive.medium:1426
NCBITaxon:1592106	1	mediadive.medium:1426
NCBITaxon:1592317	1	mediadive.medium:383
NCBITaxon:1592324	3	mediadive.medium:535|mediadive.medium:65|mediadive.medium:J51
NCBITaxon:159291	1	mediadive.medium:1165
NCBITaxon:159292	1	mediadive.medium:1148
NCBITaxon:1593234	1	mediadive.medium:830
NCBITaxon:159346	2	mediadive.medium:514|mediadive.medium:J118
NCBITaxon:159450	1	mediadive.medium:830
NCBITaxon:159478	2	mediadive.medium:457|mediadive.medium:830
NCBITaxon:1596	2	mediadive.medium:11|mediadive.medium:232
NCBITaxon:159612	3	mediadive.medium:53|mediadive.medium:J22|mediadive.medium:J26
NCBITaxon:1597	1	mediadive.medium:11
NCBITaxon:159723	2	mediadive.medium:514|mediadive.medium:J41
NCBITaxon:159728	1	mediadive.medium:63
NCBITaxon:159743	1	mediadive.medium:464
NCBITaxon:1597969	1	mediadive.medium:830
NCBITaxon:1597977	2	mediadive.medium:830|mediadive.medium:J346
NCBITaxon:1598	5	mediadive.medium:11|mediadive.medium:1203a|mediadive.medium:339|mediadive.medium:381|mediadive.medium:693
NCBITaxon:1599	2	mediadive.medium:11|mediadive.medium:J13
NCBITaxon:1600	4	mediadive.medium:231|mediadive.medium:93|mediadive.medium:J20|mediadive.medium:J21
NCBITaxon:1601	3	mediadive.medium:11|mediadive.medium:232|mediadive.medium:339
NCBITaxon:1602	1	mediadive.medium:11
NCBITaxon:1602169	2	mediadive.medium:104|mediadive.medium:78
NCBITaxon:1603	3	mediadive.medium:11|mediadive.medium:J13|mediadive.medium:J84
NCBITaxon:1603258	3	mediadive.medium:535|mediadive.medium:553|mediadive.medium:J43
NCBITaxon:1603869	1	mediadive.medium:1426
NCBITaxon:1603870	1	mediadive.medium:1426
NCBITaxon:1603871	1	mediadive.medium:1426
NCBITaxon:1603886	2	mediadive.medium:58|mediadive.medium:J13
NCBITaxon:160396	1	mediadive.medium:1
NCBITaxon:1604	3	mediadive.medium:11|mediadive.medium:J13|mediadive.medium:J84
NCBITaxon:160404	1	mediadive.medium:78
NCBITaxon:160434	1	mediadive.medium:1a
NCBITaxon:1604349	1	mediadive.medium:514
NCBITaxon:1604721	1	mediadive.medium:830
NCBITaxon:1604774	1	mediadive.medium:535
NCBITaxon:160487	1	mediadive.medium:220
NCBITaxon:1604897	1	mediadive.medium:104c
NCBITaxon:1605	3	mediadive.medium:11|mediadive.medium:J13|mediadive.medium:J84
NCBITaxon:1605892	1	mediadive.medium:693
NCBITaxon:1605990	6	mediadive.medium:535|mediadive.medium:553|mediadive.medium:65|mediadive.medium:84|mediadive.medium:J104|mediadive.medium:J43
NCBITaxon:1606	5	mediadive.medium:11|mediadive.medium:232|mediadive.medium:58|mediadive.medium:J13|mediadive.medium:J84
NCBITaxon:160660	2	mediadive.medium:477|mediadive.medium:J1084
NCBITaxon:160689	5	mediadive.medium:65|mediadive.medium:831|mediadive.medium:84|mediadive.medium:J50|mediadive.medium:J52
NCBITaxon:1607685	3	mediadive.medium:1159|mediadive.medium:1240|mediadive.medium:514
NCBITaxon:1607738	1	mediadive.medium:92
NCBITaxon:1607837	1	mediadive.medium:11
NCBITaxon:160791	3	mediadive.medium:1|mediadive.medium:457|mediadive.medium:J27
NCBITaxon:160799	1	mediadive.medium:1
NCBITaxon:160808	3	mediadive.medium:1234|mediadive.medium:882|mediadive.medium:J729
NCBITaxon:160825	1	mediadive.medium:1
NCBITaxon:160826	4	mediadive.medium:621a|mediadive.medium:J118|mediadive.medium:J304|mediadive.medium:J43
NCBITaxon:1608400	1	mediadive.medium:514
NCBITaxon:1608407	1	mediadive.medium:514
NCBITaxon:1608583	1	mediadive.medium:693
NCBITaxon:1608613	5	mediadive.medium:535|mediadive.medium:553|mediadive.medium:65|mediadive.medium:714|mediadive.medium:J346
NCBITaxon:1608614	6	mediadive.medium:535|mediadive.medium:553|mediadive.medium:65|mediadive.medium:714|mediadive.medium:J26|mediadive.medium:J43
NCBITaxon:1608627	2	mediadive.medium:605|mediadive.medium:948
NCBITaxon:1608710	1	mediadive.medium:514
NCBITaxon:1608994	2	mediadive.medium:1|mediadive.medium:1a
NCBITaxon:1608996	2	mediadive.medium:1|mediadive.medium:1a
NCBITaxon:1609272	3	mediadive.medium:252|mediadive.medium:65|mediadive.medium:84
NCBITaxon:1609531	2	mediadive.medium:220|mediadive.medium:545
NCBITaxon:1609559	1	mediadive.medium:377
NCBITaxon:1610	3	mediadive.medium:11|mediadive.medium:J13|mediadive.medium:J84
NCBITaxon:1610528	2	mediadive.medium:514|mediadive.medium:J118
NCBITaxon:1610748	4	mediadive.medium:535|mediadive.medium:553|mediadive.medium:65|mediadive.medium:830
NCBITaxon:1610899	1	mediadive.medium:514
NCBITaxon:1611422	1	mediadive.medium:514
NCBITaxon:1611423	1	mediadive.medium:672
NCBITaxon:161153	3	mediadive.medium:535|mediadive.medium:553|mediadive.medium:J43
NCBITaxon:161156	1	mediadive.medium:829b
NCBITaxon:1611836	2	mediadive.medium:693|mediadive.medium:92
NCBITaxon:1612	3	mediadive.medium:11|mediadive.medium:J13|mediadive.medium:J84
NCBITaxon:1612149	1	mediadive.medium:1
NCBITaxon:1612150	1	mediadive.medium:1076b
NCBITaxon:1612172	1	mediadive.medium:1426
NCBITaxon:1612308	2	mediadive.medium:1423|mediadive.medium:921
NCBITaxon:1612435	2	mediadive.medium:65|mediadive.medium:84
NCBITaxon:1612552	1	mediadive.medium:514
NCBITaxon:1613	3	mediadive.medium:11|mediadive.medium:J13|mediadive.medium:J84
NCBITaxon:161354	3	mediadive.medium:65|mediadive.medium:84|mediadive.medium:J58
NCBITaxon:161355	5	mediadive.medium:547|mediadive.medium:554|mediadive.medium:65|mediadive.medium:84|mediadive.medium:J58
NCBITaxon:161357	1	mediadive.medium:84
NCBITaxon:161358	5	mediadive.medium:252|mediadive.medium:65|mediadive.medium:84|mediadive.medium:J42|mediadive.medium:J52
NCBITaxon:161360	2	mediadive.medium:514|mediadive.medium:92
NCBITaxon:161361	1	mediadive.medium:92
NCBITaxon:1614	7	mediadive.medium:11|mediadive.medium:368|mediadive.medium:93|mediadive.medium:J13|mediadive.medium:J20|mediadive.medium:J21|mediadive.medium:J84
NCBITaxon:1614693	2	mediadive.medium:514|mediadive.medium:J118
NCBITaxon:161482	5	mediadive.medium:214|mediadive.medium:252|mediadive.medium:65|mediadive.medium:84|mediadive.medium:J58
NCBITaxon:161493	2	mediadive.medium:1200|mediadive.medium:830
NCBITaxon:161536	1	mediadive.medium:514
NCBITaxon:1615586	2	mediadive.medium:119|mediadive.medium:J198
NCBITaxon:1615673	1	mediadive.medium:1
NCBITaxon:1615674	1	mediadive.medium:1
NCBITaxon:1615681	1	mediadive.medium:1671
NCBITaxon:1616	3	mediadive.medium:11|mediadive.medium:J13|mediadive.medium:J84
NCBITaxon:1616106	1	mediadive.medium:65
NCBITaxon:1616107	1	mediadive.medium:535
NCBITaxon:1616110	2	mediadive.medium:65|mediadive.medium:J26
NCBITaxon:1616117	2	mediadive.medium:65|mediadive.medium:84
NCBITaxon:1616125	2	mediadive.medium:65|mediadive.medium:84
NCBITaxon:1616787	4	mediadive.medium:252|mediadive.medium:554|mediadive.medium:65|mediadive.medium:84
NCBITaxon:1616788	1	mediadive.medium:830
NCBITaxon:1617086	3	mediadive.medium:65|mediadive.medium:84|mediadive.medium:J51
NCBITaxon:1617087	2	mediadive.medium:65|mediadive.medium:84
NCBITaxon:1617282	1	mediadive.medium:220
NCBITaxon:1617283	1	mediadive.medium:545
NCBITaxon:1617721	2	mediadive.medium:65|mediadive.medium:84
NCBITaxon:1617979	1	mediadive.medium:220
NCBITaxon:1618	3	mediadive.medium:11|mediadive.medium:J13|mediadive.medium:J84
NCBITaxon:161879	1	mediadive.medium:693
NCBITaxon:161890	1	mediadive.medium:693
NCBITaxon:161895	4	mediadive.medium:535|mediadive.medium:693|mediadive.medium:J256|mediadive.medium:J28
NCBITaxon:161896	3	mediadive.medium:215b|mediadive.medium:693|mediadive.medium:J26
NCBITaxon:161899	3	mediadive.medium:535|mediadive.medium:535a|mediadive.medium:J26
NCBITaxon:161902	2	mediadive.medium:693|mediadive.medium:J256
NCBITaxon:161920	2	mediadive.medium:535|mediadive.medium:J43
NCBITaxon:1619234	1	mediadive.medium:298
NCBITaxon:1619308	2	mediadive.medium:830|mediadive.medium:J26
NCBITaxon:1619309	1	mediadive.medium:1
NCBITaxon:1619310	1	mediadive.medium:1
NCBITaxon:1619311	2	mediadive.medium:220|mediadive.medium:545
NCBITaxon:162	2	mediadive.medium:1245|mediadive.medium:1494
NCBITaxon:1620	3	mediadive.medium:11|mediadive.medium:J13|mediadive.medium:J84
NCBITaxon:1620215	1	mediadive.medium:1277a
NCBITaxon:162028	2	mediadive.medium:958|mediadive.medium:J341
NCBITaxon:1620385	2	mediadive.medium:736|mediadive.medium:830
NCBITaxon:1620943	2	mediadive.medium:65|mediadive.medium:987
NCBITaxon:162169	9	mediadive.medium:214|mediadive.medium:226|mediadive.medium:426|mediadive.medium:92|mediadive.medium:J104|mediadive.medium:J22|mediadive.medium:J27|mediadive.medium:J28|mediadive.medium:J474
NCBITaxon:162170	2	mediadive.medium:92|mediadive.medium:J26
NCBITaxon:1622	4	mediadive.medium:11|mediadive.medium:381|mediadive.medium:J13|mediadive.medium:J84
NCBITaxon:1622072	1	mediadive.medium:220
NCBITaxon:1622075	2	mediadive.medium:58|mediadive.medium:693
NCBITaxon:1622082	1	mediadive.medium:514
NCBITaxon:162209	2	mediadive.medium:220|mediadive.medium:457
NCBITaxon:1622118	3	mediadive.medium:514|mediadive.medium:J1068|mediadive.medium:J1069
NCBITaxon:1623	4	mediadive.medium:11|mediadive.medium:232|mediadive.medium:J13|mediadive.medium:J84
NCBITaxon:1623396	1	mediadive.medium:65
NCBITaxon:1623397	3	mediadive.medium:65|mediadive.medium:84|mediadive.medium:987
NCBITaxon:1623582	4	mediadive.medium:252|mediadive.medium:65|mediadive.medium:84|mediadive.medium:987
NCBITaxon:162393	2	mediadive.medium:92|mediadive.medium:J26
NCBITaxon:1624	4	mediadive.medium:11|mediadive.medium:339|mediadive.medium:J13|mediadive.medium:J84
NCBITaxon:162496	4	mediadive.medium:215|mediadive.medium:92|mediadive.medium:J26|mediadive.medium:J28
NCBITaxon:1625	2	mediadive.medium:225|mediadive.medium:J293
NCBITaxon:1626	2	mediadive.medium:232|mediadive.medium:J84
NCBITaxon:1627892	2	mediadive.medium:514|mediadive.medium:J118
NCBITaxon:1627895	2	mediadive.medium:1667|mediadive.medium:J1104
NCBITaxon:1628085	3	mediadive.medium:104c|mediadive.medium:J465|mediadive.medium:J676
NCBITaxon:1628086	1	mediadive.medium:1
NCBITaxon:1628148	1	mediadive.medium:514
NCBITaxon:1628248	1	mediadive.medium:220
NCBITaxon:1628250	2	mediadive.medium:220|mediadive.medium:545
NCBITaxon:1628251	1	mediadive.medium:220
NCBITaxon:1629	3	mediadive.medium:11|mediadive.medium:J13|mediadive.medium:J84
NCBITaxon:1629051	1	mediadive.medium:92
NCBITaxon:1629062	1	mediadive.medium:92
NCBITaxon:1629071	5	mediadive.medium:535|mediadive.medium:553|mediadive.medium:554|mediadive.medium:65|mediadive.medium:J61
NCBITaxon:1629072	5	mediadive.medium:535|mediadive.medium:65|mediadive.medium:83|mediadive.medium:84|mediadive.medium:J42
NCBITaxon:163	2	mediadive.medium:159|mediadive.medium:J1201
NCBITaxon:1630	1	mediadive.medium:58
NCBITaxon:163003	1	mediadive.medium:760
NCBITaxon:163011	1	mediadive.medium:220a
NCBITaxon:1630135	1	mediadive.medium:1203
NCBITaxon:1630136	2	mediadive.medium:1011|mediadive.medium:J1093
NCBITaxon:1630162	2	mediadive.medium:58|mediadive.medium:J13
NCBITaxon:1630166	2	mediadive.medium:58|mediadive.medium:J13
NCBITaxon:1630172	2	mediadive.medium:58|mediadive.medium:J13
NCBITaxon:1630173	2	mediadive.medium:58|mediadive.medium:J13
NCBITaxon:1630542	1	mediadive.medium:514
NCBITaxon:1630594	2	mediadive.medium:92|mediadive.medium:J26
NCBITaxon:1630595	2	mediadive.medium:830|mediadive.medium:J346
NCBITaxon:1631346	1	mediadive.medium:693
NCBITaxon:1631477	2	mediadive.medium:92|mediadive.medium:J26
NCBITaxon:1631871	1	mediadive.medium:11
NCBITaxon:1632	2	mediadive.medium:11|mediadive.medium:1203a
NCBITaxon:1632013	1	mediadive.medium:104
NCBITaxon:1632740	3	mediadive.medium:1|mediadive.medium:381|mediadive.medium:535
NCBITaxon:1632858	1	mediadive.medium:92
NCBITaxon:1633	3	mediadive.medium:11|mediadive.medium:339|mediadive.medium:J13
NCBITaxon:163359	2	mediadive.medium:670|mediadive.medium:J861
NCBITaxon:163361	3	mediadive.medium:535|mediadive.medium:65|mediadive.medium:J43
NCBITaxon:1634059	5	mediadive.medium:535|mediadive.medium:553|mediadive.medium:65|mediadive.medium:J43|mediadive.medium:J66
NCBITaxon:1634927	1	mediadive.medium:92
NCBITaxon:1635173	1	mediadive.medium:514
NCBITaxon:163603	3	mediadive.medium:426|mediadive.medium:553|mediadive.medium:65
NCBITaxon:163604	4	mediadive.medium:535|mediadive.medium:65|mediadive.medium:83|mediadive.medium:J49
NCBITaxon:1636188	1	mediadive.medium:98
NCBITaxon:1636719	1	mediadive.medium:220
NCBITaxon:163673	2	mediadive.medium:65|mediadive.medium:J43
NCBITaxon:1636843	1	mediadive.medium:220
NCBITaxon:1637102	3	mediadive.medium:65|mediadive.medium:J26|mediadive.medium:J43
NCBITaxon:1637975	1	mediadive.medium:1
NCBITaxon:1638	4	mediadive.medium:215|mediadive.medium:693|mediadive.medium:92|mediadive.medium:J70
NCBITaxon:1638097	1	mediadive.medium:830
NCBITaxon:163874	4	mediadive.medium:514|mediadive.medium:92|mediadive.medium:J118|mediadive.medium:J569
NCBITaxon:163875	3	mediadive.medium:514|mediadive.medium:J118|mediadive.medium:J569
NCBITaxon:163877	2	mediadive.medium:514|mediadive.medium:J118
NCBITaxon:163879	1	mediadive.medium:428
NCBITaxon:1638980	1	mediadive.medium:693
NCBITaxon:1638981	1	mediadive.medium:92
NCBITaxon:1638982	1	mediadive.medium:92
NCBITaxon:1638984	1	mediadive.medium:830
NCBITaxon:1638985	1	mediadive.medium:514
NCBITaxon:1638987	1	mediadive.medium:92
NCBITaxon:1638988	1	mediadive.medium:92
NCBITaxon:1638989	1	mediadive.medium:92
NCBITaxon:1639	4	mediadive.medium:215|mediadive.medium:693|mediadive.medium:92|mediadive.medium:J70
NCBITaxon:1639035	1	mediadive.medium:514
NCBITaxon:1639108	3	mediadive.medium:1|mediadive.medium:381|mediadive.medium:535
NCBITaxon:1639118	1	mediadive.medium:514
NCBITaxon:1639133	2	mediadive.medium:535|mediadive.medium:693
NCBITaxon:1639689	1	mediadive.medium:514
NCBITaxon:1639882	1	mediadive.medium:830
NCBITaxon:1639998	1	mediadive.medium:830
NCBITaxon:1640	3	mediadive.medium:215|mediadive.medium:693|mediadive.medium:J27
NCBITaxon:1640151	1	mediadive.medium:1166
NCBITaxon:1640152	1	mediadive.medium:1101
NCBITaxon:1640652	1	mediadive.medium:92
NCBITaxon:1640674	2	mediadive.medium:323|mediadive.medium:J1113
NCBITaxon:1640865	1	mediadive.medium:1426
NCBITaxon:1640866	1	mediadive.medium:830
NCBITaxon:1641	1	mediadive.medium:215
NCBITaxon:164114	3	mediadive.medium:252|mediadive.medium:65|mediadive.medium:84
NCBITaxon:1641715	1	mediadive.medium:514
NCBITaxon:1641990	1	mediadive.medium:645
NCBITaxon:1641992	1	mediadive.medium:645
NCBITaxon:1642	3	mediadive.medium:215|mediadive.medium:693|mediadive.medium:J28
NCBITaxon:1642299	3	mediadive.medium:252|mediadive.medium:65|mediadive.medium:84
NCBITaxon:1642303	2	mediadive.medium:553|mediadive.medium:65
NCBITaxon:1642469	3	mediadive.medium:514|mediadive.medium:92|mediadive.medium:J26
NCBITaxon:1642495	2	mediadive.medium:830|mediadive.medium:J346
NCBITaxon:1642646	2	mediadive.medium:104|mediadive.medium:693
NCBITaxon:1642647	2	mediadive.medium:104|mediadive.medium:693
NCBITaxon:1642702	2	mediadive.medium:1159|mediadive.medium:514
NCBITaxon:1643	3	mediadive.medium:215|mediadive.medium:693|mediadive.medium:J27
NCBITaxon:164330	4	mediadive.medium:1867|mediadive.medium:586|mediadive.medium:830|mediadive.medium:830c
NCBITaxon:164332	1	mediadive.medium:1183
NCBITaxon:1643805	1	mediadive.medium:693
NCBITaxon:164393	2	mediadive.medium:11|mediadive.medium:J13
NCBITaxon:164400	2	mediadive.medium:586|mediadive.medium:830
NCBITaxon:1644114	1	mediadive.medium:830
NCBITaxon:1644118	2	mediadive.medium:1573|mediadive.medium:J276
NCBITaxon:1644129	1	mediadive.medium:535
NCBITaxon:1645614	1	mediadive.medium:830
NCBITaxon:1645665	1	mediadive.medium:830
NCBITaxon:1645681	1	mediadive.medium:92
NCBITaxon:1646119	1	mediadive.medium:220
NCBITaxon:1646122	2	mediadive.medium:535|mediadive.medium:545
NCBITaxon:1646373	1	mediadive.medium:535
NCBITaxon:1646377	3	mediadive.medium:1|mediadive.medium:381|mediadive.medium:535
NCBITaxon:1646383	1	mediadive.medium:104
NCBITaxon:1647582	1	mediadive.medium:514
NCBITaxon:164759	4	mediadive.medium:1|mediadive.medium:381|mediadive.medium:535|mediadive.medium:J443
NCBITaxon:1648	3	mediadive.medium:429|mediadive.medium:693|mediadive.medium:92
NCBITaxon:1648182	3	mediadive.medium:252|mediadive.medium:65|mediadive.medium:84
NCBITaxon:1648214	1	mediadive.medium:104b
NCBITaxon:1648232	1	mediadive.medium:1342
NCBITaxon:1649257	1	mediadive.medium:645
NCBITaxon:1649580	1	mediadive.medium:220
NCBITaxon:1650	2	mediadive.medium:53|mediadive.medium:J22
NCBITaxon:1650571	4	mediadive.medium:65|mediadive.medium:84|mediadive.medium:J45|mediadive.medium:J66
NCBITaxon:1650662	1	mediadive.medium:104b
NCBITaxon:1650663	1	mediadive.medium:339
NCBITaxon:1651082	1	mediadive.medium:514
NCBITaxon:1651218	2	mediadive.medium:535|mediadive.medium:J27
NCBITaxon:165179	6	mediadive.medium:104|mediadive.medium:1203a|mediadive.medium:1611|mediadive.medium:1669|mediadive.medium:339|mediadive.medium:693
NCBITaxon:1651968	1	mediadive.medium:514
NCBITaxon:1652028	2	mediadive.medium:92|mediadive.medium:J26
NCBITaxon:1652031	2	mediadive.medium:92|mediadive.medium:J475
NCBITaxon:1652109	1	mediadive.medium:514c
NCBITaxon:1652145	2	mediadive.medium:503|mediadive.medium:J770
NCBITaxon:1652492	1	mediadive.medium:514
NCBITaxon:1652495	1	mediadive.medium:535a
NCBITaxon:1653434	2	mediadive.medium:110a|mediadive.medium:J14
NCBITaxon:1653476	1	mediadive.medium:1277b
NCBITaxon:1653776	1	mediadive.medium:514
NCBITaxon:1654360	3	mediadive.medium:514|mediadive.medium:514f|mediadive.medium:830
NCBITaxon:1654388	4	mediadive.medium:693|mediadive.medium:92|mediadive.medium:J256|mediadive.medium:J475
NCBITaxon:1654476	2	mediadive.medium:554|mediadive.medium:J58
NCBITaxon:1655	5	mediadive.medium:217|mediadive.medium:693|mediadive.medium:92|mediadive.medium:J14|mediadive.medium:J84
NCBITaxon:1655232	1	mediadive.medium:1
NCBITaxon:1655242	1	mediadive.medium:220
NCBITaxon:1655277	1	mediadive.medium:220
NCBITaxon:1655419	2	mediadive.medium:830|mediadive.medium:J346
NCBITaxon:1655435	1	mediadive.medium:92
NCBITaxon:1656	4	mediadive.medium:104|mediadive.medium:693|mediadive.medium:J14|mediadive.medium:J84
NCBITaxon:165694	1	mediadive.medium:429
NCBITaxon:1657	1	mediadive.medium:110
NCBITaxon:165758	3	mediadive.medium:693|mediadive.medium:92|mediadive.medium:J14
NCBITaxon:1658	3	mediadive.medium:110|mediadive.medium:218|mediadive.medium:693
NCBITaxon:1658108	1	mediadive.medium:104b
NCBITaxon:1658110	1	mediadive.medium:104b
NCBITaxon:1658111	1	mediadive.medium:104b
NCBITaxon:165814	2	mediadive.medium:636|mediadive.medium:J43
NCBITaxon:1658519	1	mediadive.medium:220
NCBITaxon:1659	3	mediadive.medium:104|mediadive.medium:216|mediadive.medium:693
NCBITaxon:166	4	mediadive.medium:1494|mediadive.medium:169|mediadive.medium:212a|mediadive.medium:912
NCBITaxon:1660	6	mediadive.medium:104|mediadive.medium:215|mediadive.medium:218|mediadive.medium:693|mediadive.medium:J14|mediadive.medium:J467
NCBITaxon:1660197	1	mediadive.medium:1
NCBITaxon:1660198	2	mediadive.medium:1484|mediadive.medium:830
NCBITaxon:1660341	1	mediadive.medium:78
NCBITaxon:1661	2	mediadive.medium:104|mediadive.medium:693
NCBITaxon:1662395	2	mediadive.medium:514|mediadive.medium:J118
NCBITaxon:1663	3	mediadive.medium:1|mediadive.medium:1050|mediadive.medium:J26
NCBITaxon:1663241	4	mediadive.medium:535|mediadive.medium:621|mediadive.medium:65|mediadive.medium:714
NCBITaxon:1664035	1	mediadive.medium:1166
NCBITaxon:166486	3	mediadive.medium:1611|mediadive.medium:J1130|mediadive.medium:J465
NCBITaxon:1665	1	mediadive.medium:92
NCBITaxon:1665626	1	mediadive.medium:1484
NCBITaxon:1667	12	mediadive.medium:1|mediadive.medium:220|mediadive.medium:378|mediadive.medium:441|mediadive.medium:457|mediadive.medium:461b|mediadive.medium:465f|mediadive.medium:514|mediadive.medium:53|mediadive.medium:535|mediadive.medium:830|mediadive.medium:92
NCBITaxon:1667024	1	mediadive.medium:514
NCBITaxon:1667168	1	mediadive.medium:92
NCBITaxon:1667239	2	mediadive.medium:514|mediadive.medium:J1046
NCBITaxon:166793	2	mediadive.medium:1|mediadive.medium:J26
NCBITaxon:1670	2	mediadive.medium:53|mediadive.medium:J22
NCBITaxon:1670446	1	mediadive.medium:11
NCBITaxon:1670621	4	mediadive.medium:830|mediadive.medium:987|mediadive.medium:J346|mediadive.medium:J43
NCBITaxon:1670801	2	mediadive.medium:220|mediadive.medium:J475
NCBITaxon:1670832	2	mediadive.medium:553|mediadive.medium:65
NCBITaxon:1671	5	mediadive.medium:220|mediadive.medium:457|mediadive.medium:53|mediadive.medium:92|mediadive.medium:J22
NCBITaxon:1671022	4	mediadive.medium:535|mediadive.medium:J256|mediadive.medium:J26|mediadive.medium:J43
NCBITaxon:1671023	4	mediadive.medium:535|mediadive.medium:J256|mediadive.medium:J26|mediadive.medium:J43
NCBITaxon:1671366	2	mediadive.medium:104|mediadive.medium:693
NCBITaxon:1671902	2	mediadive.medium:215|mediadive.medium:693
NCBITaxon:1672	3	mediadive.medium:92|mediadive.medium:J26|mediadive.medium:J475
NCBITaxon:1673	3	mediadive.medium:1|mediadive.medium:186|mediadive.medium:J26
NCBITaxon:1673717	1	mediadive.medium:110
NCBITaxon:1673718	2	mediadive.medium:693|mediadive.medium:78
NCBITaxon:1673719	1	mediadive.medium:104
NCBITaxon:1673720	1	mediadive.medium:339
NCBITaxon:1673721	1	mediadive.medium:339
NCBITaxon:1673725	1	mediadive.medium:104
NCBITaxon:1674146	1	mediadive.medium:403
NCBITaxon:1674310	1	mediadive.medium:514
NCBITaxon:1674920	1	mediadive.medium:381
NCBITaxon:1674942	1	mediadive.medium:1
NCBITaxon:1675036	2	mediadive.medium:1203a|mediadive.medium:1713
NCBITaxon:1675686	1	mediadive.medium:1277a
NCBITaxon:1675854	2	mediadive.medium:1040|mediadive.medium:J1106
NCBITaxon:1676	3	mediadive.medium:53|mediadive.medium:J22|mediadive.medium:J26
NCBITaxon:1676396	2	mediadive.medium:215|mediadive.medium:535
NCBITaxon:167643	1	mediadive.medium:293
NCBITaxon:167644	1	mediadive.medium:293
NCBITaxon:167645	1	mediadive.medium:298
NCBITaxon:1676614	1	mediadive.medium:78
NCBITaxon:1676991	1	mediadive.medium:110
NCBITaxon:1677	2	mediadive.medium:53|mediadive.medium:J26
NCBITaxon:1677852	3	mediadive.medium:554|mediadive.medium:84|mediadive.medium:J51
NCBITaxon:1677853	3	mediadive.medium:554|mediadive.medium:84|mediadive.medium:J61
NCBITaxon:1677857	1	mediadive.medium:255
NCBITaxon:1678012	2	mediadive.medium:65|mediadive.medium:84
NCBITaxon:1678752	1	mediadive.medium:220
NCBITaxon:1678841	3	mediadive.medium:1004|mediadive.medium:503|mediadive.medium:J1103
NCBITaxon:1678900	4	mediadive.medium:65|mediadive.medium:830|mediadive.medium:J26|mediadive.medium:J43
NCBITaxon:1679170	1	mediadive.medium:1
NCBITaxon:1679444	2	mediadive.medium:104|mediadive.medium:1203
NCBITaxon:1679494	1	mediadive.medium:545
NCBITaxon:1679495	3	mediadive.medium:1|mediadive.medium:535|mediadive.medium:830
NCBITaxon:1679497	3	mediadive.medium:595|mediadive.medium:J346|mediadive.medium:J74
NCBITaxon:1679523	2	mediadive.medium:553|mediadive.medium:65
NCBITaxon:167964	1	mediadive.medium:1004
NCBITaxon:1679721	1	mediadive.medium:255
NCBITaxon:1680	4	mediadive.medium:58|mediadive.medium:J13|mediadive.medium:J14|mediadive.medium:J84
NCBITaxon:1681	4	mediadive.medium:58|mediadive.medium:J13|mediadive.medium:J14|mediadive.medium:J19
NCBITaxon:1682	4	mediadive.medium:339|mediadive.medium:58|mediadive.medium:J13|mediadive.medium:J19
NCBITaxon:1682150	2	mediadive.medium:830|mediadive.medium:J346
NCBITaxon:1682732	3	mediadive.medium:65|mediadive.medium:830|mediadive.medium:J26
NCBITaxon:1682742	2	mediadive.medium:830|mediadive.medium:J346
NCBITaxon:1682748	2	mediadive.medium:535|mediadive.medium:65
NCBITaxon:1683	3	mediadive.medium:58|mediadive.medium:J13|mediadive.medium:J19
NCBITaxon:168379	3	mediadive.medium:421|mediadive.medium:999|mediadive.medium:J908
NCBITaxon:1684	1	mediadive.medium:58
NCBITaxon:168469	1	mediadive.medium:1015
NCBITaxon:168480	1	mediadive.medium:535
NCBITaxon:1685017	2	mediadive.medium:1259|mediadive.medium:514
NCBITaxon:1685412	3	mediadive.medium:1|mediadive.medium:535|mediadive.medium:545
NCBITaxon:1685901	1	mediadive.medium:535
NCBITaxon:1686	3	mediadive.medium:58|mediadive.medium:J11|mediadive.medium:J13
NCBITaxon:1686285	1	mediadive.medium:92
NCBITaxon:1686286	1	mediadive.medium:535a
NCBITaxon:1686287	1	mediadive.medium:78
NCBITaxon:1686296	2	mediadive.medium:1203a|mediadive.medium:J14
NCBITaxon:1686310	2	mediadive.medium:545|mediadive.medium:693
NCBITaxon:1687	3	mediadive.medium:58|mediadive.medium:J13|mediadive.medium:J14
NCBITaxon:1688485	2	mediadive.medium:65|mediadive.medium:J26
NCBITaxon:1688486	2	mediadive.medium:1832|mediadive.medium:535
NCBITaxon:1688488	2	mediadive.medium:92|mediadive.medium:J475
NCBITaxon:1689	5	mediadive.medium:58|mediadive.medium:693|mediadive.medium:J13|mediadive.medium:J14|mediadive.medium:J84
NCBITaxon:1689270	1	mediadive.medium:104c
NCBITaxon:1689272	1	mediadive.medium:1
NCBITaxon:1689303	2	mediadive.medium:1203a|mediadive.medium:693
NCBITaxon:1689449	1	mediadive.medium:92
NCBITaxon:1689834	2	mediadive.medium:271|mediadive.medium:J860
NCBITaxon:1690	4	mediadive.medium:58|mediadive.medium:693|mediadive.medium:J13|mediadive.medium:J14
NCBITaxon:1690039	1	mediadive.medium:514
NCBITaxon:1690220	7	mediadive.medium:381|mediadive.medium:514|mediadive.medium:535|mediadive.medium:65|mediadive.medium:830|mediadive.medium:92|mediadive.medium:J26
NCBITaxon:1690221	3	mediadive.medium:252|mediadive.medium:65|mediadive.medium:84
NCBITaxon:1690233	1	mediadive.medium:220
NCBITaxon:169050	1	mediadive.medium:514
NCBITaxon:1691	3	mediadive.medium:58|mediadive.medium:J13|mediadive.medium:J14
NCBITaxon:169134	2	mediadive.medium:92|mediadive.medium:J26
NCBITaxon:1691563	2	mediadive.medium:535|mediadive.medium:553
NCBITaxon:1691570	1	mediadive.medium:535
NCBITaxon:1691571	1	mediadive.medium:215
NCBITaxon:169177	2	mediadive.medium:1|mediadive.medium:92
NCBITaxon:1691940	1	mediadive.medium:104c
NCBITaxon:1692	4	mediadive.medium:58|mediadive.medium:J13|mediadive.medium:J14|mediadive.medium:J84
NCBITaxon:169283	1	mediadive.medium:1
NCBITaxon:169292	3	mediadive.medium:535|mediadive.medium:693|mediadive.medium:J26
NCBITaxon:1694	3	mediadive.medium:58|mediadive.medium:J13|mediadive.medium:J19
NCBITaxon:169427	4	mediadive.medium:220|mediadive.medium:535|mediadive.medium:545|mediadive.medium:J12
NCBITaxon:169430	3	mediadive.medium:220|mediadive.medium:457|mediadive.medium:457c
NCBITaxon:169435	2	mediadive.medium:339|mediadive.medium:58
NCBITaxon:169438	1	mediadive.medium:514
NCBITaxon:169480	3	mediadive.medium:693|mediadive.medium:92|mediadive.medium:J28
NCBITaxon:1695	1	mediadive.medium:58
NCBITaxon:1695161	4	mediadive.medium:252|mediadive.medium:514|mediadive.medium:65|mediadive.medium:J569
NCBITaxon:1695166	4	mediadive.medium:252|mediadive.medium:65|mediadive.medium:84|mediadive.medium:J42
NCBITaxon:169669	4	mediadive.medium:220|mediadive.medium:535|mediadive.medium:545|mediadive.medium:907
NCBITaxon:1697	2	mediadive.medium:535|mediadive.medium:545
NCBITaxon:1697053	1	mediadive.medium:215
NCBITaxon:169760	1	mediadive.medium:220
NCBITaxon:169765	2	mediadive.medium:645|mediadive.medium:J386
NCBITaxon:1698	3	mediadive.medium:53|mediadive.medium:92|mediadive.medium:J22
NCBITaxon:1698521	1	mediadive.medium:514
NCBITaxon:169875	2	mediadive.medium:53|mediadive.medium:J26
NCBITaxon:169960	3	mediadive.medium:693|mediadive.medium:92|mediadive.medium:J28
NCBITaxon:17	1	mediadive.medium:1
NCBITaxon:1701	4	mediadive.medium:514|mediadive.medium:53|mediadive.medium:830|mediadive.medium:92
NCBITaxon:1701085	4	mediadive.medium:252|mediadive.medium:65|mediadive.medium:84|mediadive.medium:J42
NCBITaxon:1701086	4	mediadive.medium:65|mediadive.medium:84|mediadive.medium:987|mediadive.medium:J42
NCBITaxon:1701573	1	mediadive.medium:535
NCBITaxon:1702221	3	mediadive.medium:104|mediadive.medium:339|mediadive.medium:J676
NCBITaxon:1702242	1	mediadive.medium:640
NCBITaxon:1703	2	mediadive.medium:53|mediadive.medium:J26
NCBITaxon:1703256	1	mediadive.medium:514
NCBITaxon:1703332	1	mediadive.medium:104
NCBITaxon:1703337	2	mediadive.medium:1203a|mediadive.medium:693
NCBITaxon:1703339	1	mediadive.medium:514
NCBITaxon:1703341	1	mediadive.medium:514
NCBITaxon:1703343	1	mediadive.medium:514
NCBITaxon:170367	2	mediadive.medium:1|mediadive.medium:220
NCBITaxon:1704076	1	mediadive.medium:11
NCBITaxon:1704499	1	mediadive.medium:921
NCBITaxon:1705	6	mediadive.medium:53|mediadive.medium:535|mediadive.medium:693|mediadive.medium:92|mediadive.medium:J22|mediadive.medium:J26
NCBITaxon:1705561	1	mediadive.medium:220
NCBITaxon:1705565	1	mediadive.medium:220
NCBITaxon:1705607	2	mediadive.medium:65|mediadive.medium:84
NCBITaxon:170573	2	mediadive.medium:693|mediadive.medium:92
NCBITaxon:1706046	1	mediadive.medium:1585
NCBITaxon:170623	3	mediadive.medium:3|mediadive.medium:441|mediadive.medium:J346
NCBITaxon:170651	1	mediadive.medium:514
NCBITaxon:170661	1	mediadive.medium:514
NCBITaxon:170673	1	mediadive.medium:514
NCBITaxon:170679	1	mediadive.medium:514c
NCBITaxon:1706825	2	mediadive.medium:535|mediadive.medium:92
NCBITaxon:1706840	2	mediadive.medium:65|mediadive.medium:84
NCBITaxon:1707527	2	mediadive.medium:830|mediadive.medium:J49
NCBITaxon:1707952	2	mediadive.medium:1561|mediadive.medium:J1183
NCBITaxon:1707966	1	mediadive.medium:9
NCBITaxon:1708	3	mediadive.medium:53|mediadive.medium:J22|mediadive.medium:J27
NCBITaxon:1708347	2	mediadive.medium:830|mediadive.medium:J346
NCBITaxon:170861	1	mediadive.medium:120a
NCBITaxon:1708749	2	mediadive.medium:65|mediadive.medium:J1105
NCBITaxon:1708783	1	mediadive.medium:514
NCBITaxon:1709	3	mediadive.medium:53|mediadive.medium:J22|mediadive.medium:J27
NCBITaxon:170994	3	mediadive.medium:693|mediadive.medium:92|mediadive.medium:J26
NCBITaxon:1710	12	mediadive.medium:214|mediadive.medium:215|mediadive.medium:220|mediadive.medium:339|mediadive.medium:53|mediadive.medium:535|mediadive.medium:65|mediadive.medium:830|mediadive.medium:92|mediadive.medium:J26|mediadive.medium:J28|mediadive.medium:J475
NCBITaxon:1710544	1	mediadive.medium:92
NCBITaxon:1712	2	mediadive.medium:53|mediadive.medium:J28
NCBITaxon:1712031	2	mediadive.medium:535|mediadive.medium:693
NCBITaxon:1712410	1	mediadive.medium:124
NCBITaxon:1712515	3	mediadive.medium:110a|mediadive.medium:J1130|mediadive.medium:J465
NCBITaxon:171260	1	mediadive.medium:1
NCBITaxon:1712665	1	mediadive.medium:104
NCBITaxon:171279	1	mediadive.medium:1076b
NCBITaxon:171286	1	mediadive.medium:1076b
NCBITaxon:1713	4	mediadive.medium:214|mediadive.medium:92|mediadive.medium:J22|mediadive.medium:J27
NCBITaxon:171383	1	mediadive.medium:514
NCBITaxon:171398	1	mediadive.medium:1
NCBITaxon:171399	1	mediadive.medium:1
NCBITaxon:1714	3	mediadive.medium:53|mediadive.medium:J22|mediadive.medium:J27
NCBITaxon:171400	1	mediadive.medium:1
NCBITaxon:171401	1	mediadive.medium:1
NCBITaxon:1714016	1	mediadive.medium:514
NCBITaxon:171402	1	mediadive.medium:1
NCBITaxon:171403	1	mediadive.medium:1
NCBITaxon:171404	1	mediadive.medium:1
NCBITaxon:171405	1	mediadive.medium:1
NCBITaxon:1714264	1	mediadive.medium:220
NCBITaxon:171438	1	mediadive.medium:535b
NCBITaxon:171442	7	mediadive.medium:1027|mediadive.medium:214|mediadive.medium:252|mediadive.medium:535|mediadive.medium:553|mediadive.medium:656|mediadive.medium:J42
NCBITaxon:1714681	1	mediadive.medium:11
NCBITaxon:1714682	1	mediadive.medium:11
NCBITaxon:171523	3	mediadive.medium:11|mediadive.medium:J13|mediadive.medium:J14
NCBITaxon:1715347	1	mediadive.medium:503
NCBITaxon:1715720	1	mediadive.medium:1a
NCBITaxon:1715806	2	mediadive.medium:120|mediadive.medium:J1107
NCBITaxon:1716077	3	mediadive.medium:65|mediadive.medium:J26|mediadive.medium:J43
NCBITaxon:1716141	3	mediadive.medium:252|mediadive.medium:65|mediadive.medium:84
NCBITaxon:1716143	1	mediadive.medium:195c
NCBITaxon:1716543	1	mediadive.medium:634
NCBITaxon:171674	2	mediadive.medium:220|mediadive.medium:830
NCBITaxon:171685	1	mediadive.medium:31
NCBITaxon:171688	1	mediadive.medium:220
NCBITaxon:171692	2	mediadive.medium:514|mediadive.medium:J118
NCBITaxon:171693	1	mediadive.medium:514
NCBITaxon:1717	2	mediadive.medium:693|mediadive.medium:92
NCBITaxon:1717229	2	mediadive.medium:830|mediadive.medium:J346
NCBITaxon:1718	7	mediadive.medium:53|mediadive.medium:535|mediadive.medium:535a|mediadive.medium:693|mediadive.medium:J22|mediadive.medium:J26|mediadive.medium:J475
NCBITaxon:171865	1	mediadive.medium:561
NCBITaxon:171869	2	mediadive.medium:961|mediadive.medium:J322
NCBITaxon:1719	4	mediadive.medium:215b|mediadive.medium:693|mediadive.medium:92|mediadive.medium:J26
NCBITaxon:1719132	5	mediadive.medium:219|mediadive.medium:250|mediadive.medium:354|mediadive.medium:645|mediadive.medium:65
NCBITaxon:1720	8	mediadive.medium:1|mediadive.medium:220|mediadive.medium:53|mediadive.medium:535a|mediadive.medium:693|mediadive.medium:92|mediadive.medium:J22|mediadive.medium:J26
NCBITaxon:1720063	1	mediadive.medium:1246
NCBITaxon:1720198	1	mediadive.medium:104
NCBITaxon:1720199	1	mediadive.medium:104
NCBITaxon:1720204	1	mediadive.medium:104
NCBITaxon:1720294	1	mediadive.medium:104c
NCBITaxon:1720296	1	mediadive.medium:220
NCBITaxon:1720302	1	mediadive.medium:535
NCBITaxon:1720315	2	mediadive.medium:104|mediadive.medium:693
NCBITaxon:1720316	1	mediadive.medium:110a
NCBITaxon:172040	2	mediadive.medium:92|mediadive.medium:J26
NCBITaxon:172042	2	mediadive.medium:92|mediadive.medium:J28
NCBITaxon:172043	4	mediadive.medium:1|mediadive.medium:215|mediadive.medium:545|mediadive.medium:J27
NCBITaxon:172044	3	mediadive.medium:215|mediadive.medium:220|mediadive.medium:J27
NCBITaxon:172045	3	mediadive.medium:1|mediadive.medium:215|mediadive.medium:J26
NCBITaxon:172049	1	mediadive.medium:760
NCBITaxon:1720557	2	mediadive.medium:535|mediadive.medium:J282
NCBITaxon:1721087	2	mediadive.medium:163|mediadive.medium:J1116
NCBITaxon:1721088	2	mediadive.medium:496|mediadive.medium:J1117
NCBITaxon:1723361	1	mediadive.medium:986
NCBITaxon:1723382	1	mediadive.medium:104
NCBITaxon:1723384	1	mediadive.medium:693
NCBITaxon:172371	1	mediadive.medium:514
NCBITaxon:1723736	2	mediadive.medium:554|mediadive.medium:84
NCBITaxon:1724	5	mediadive.medium:215b|mediadive.medium:53|mediadive.medium:535|mediadive.medium:535a|mediadive.medium:J26
NCBITaxon:1725	8	mediadive.medium:215|mediadive.medium:535|mediadive.medium:535a|mediadive.medium:553|mediadive.medium:693|mediadive.medium:92|mediadive.medium:J22|mediadive.medium:J26
NCBITaxon:1727	6	mediadive.medium:535|mediadive.medium:535a|mediadive.medium:693|mediadive.medium:J26|mediadive.medium:J43|mediadive.medium:J475
NCBITaxon:172713	2	mediadive.medium:92|mediadive.medium:J75
NCBITaxon:172827	1	mediadive.medium:86a
NCBITaxon:172901	1	mediadive.medium:1713
NCBITaxon:1729695	1	mediadive.medium:514
NCBITaxon:1729899	1	mediadive.medium:1585a
NCBITaxon:1730245	2	mediadive.medium:514|mediadive.medium:65
NCBITaxon:1730378	2	mediadive.medium:535|mediadive.medium:830
NCBITaxon:173040	2	mediadive.medium:220|mediadive.medium:931
NCBITaxon:173041	1	mediadive.medium:931
NCBITaxon:1730526	1	mediadive.medium:92
NCBITaxon:173053	3	mediadive.medium:848|mediadive.medium:948|mediadive.medium:J28
NCBITaxon:1730894	1	mediadive.medium:830
NCBITaxon:1732	1	mediadive.medium:335
NCBITaxon:1732567	1	mediadive.medium:11
NCBITaxon:173361	2	mediadive.medium:92|mediadive.medium:J28
NCBITaxon:173362	2	mediadive.medium:92|mediadive.medium:J28
NCBITaxon:173363	4	mediadive.medium:514|mediadive.medium:92|mediadive.medium:J22|mediadive.medium:J28
NCBITaxon:173364	2	mediadive.medium:514|mediadive.medium:J118
NCBITaxon:1734049	2	mediadive.medium:898b|mediadive.medium:J1078
NCBITaxon:1734445	4	mediadive.medium:535|mediadive.medium:553|mediadive.medium:65|mediadive.medium:83
NCBITaxon:1734446	3	mediadive.medium:553|mediadive.medium:65|mediadive.medium:987
NCBITaxon:173509	1	mediadive.medium:514
NCBITaxon:1735446	2	mediadive.medium:553|mediadive.medium:554
NCBITaxon:173560	2	mediadive.medium:65|mediadive.medium:J43
NCBITaxon:1736	6	mediadive.medium:104|mediadive.medium:110|mediadive.medium:120a|mediadive.medium:693|mediadive.medium:78|mediadive.medium:J14
NCBITaxon:1736674	2	mediadive.medium:1517|mediadive.medium:J118
NCBITaxon:173675	2	mediadive.medium:1|mediadive.medium:830
NCBITaxon:173676	1	mediadive.medium:830c
NCBITaxon:1737	5	mediadive.medium:104|mediadive.medium:110|mediadive.medium:693|mediadive.medium:78|mediadive.medium:J14
NCBITaxon:1737353	1	mediadive.medium:830
NCBITaxon:1737354	2	mediadive.medium:830|mediadive.medium:J456
NCBITaxon:1737356	1	mediadive.medium:1
NCBITaxon:1737357	1	mediadive.medium:98
NCBITaxon:1737424	1	mediadive.medium:104
NCBITaxon:1737425	1	mediadive.medium:535a
NCBITaxon:1737446	1	mediadive.medium:830
NCBITaxon:1737515	1	mediadive.medium:535
NCBITaxon:1737571	1	mediadive.medium:830
NCBITaxon:173770	3	mediadive.medium:65|mediadive.medium:84|mediadive.medium:J45
NCBITaxon:173776	3	mediadive.medium:65|mediadive.medium:84|mediadive.medium:J58
NCBITaxon:173832	3	mediadive.medium:65|mediadive.medium:84|mediadive.medium:J58
NCBITaxon:173856	4	mediadive.medium:252|mediadive.medium:65|mediadive.medium:84|mediadive.medium:J43
NCBITaxon:173858	5	mediadive.medium:548|mediadive.medium:65|mediadive.medium:84|mediadive.medium:J42|mediadive.medium:J43
NCBITaxon:173860	3	mediadive.medium:65|mediadive.medium:84|mediadive.medium:J50
NCBITaxon:173861	5	mediadive.medium:252|mediadive.medium:554|mediadive.medium:65|mediadive.medium:84|mediadive.medium:J58
NCBITaxon:173862	3	mediadive.medium:65|mediadive.medium:84|mediadive.medium:J50
NCBITaxon:173959	2	mediadive.medium:220|mediadive.medium:J75
NCBITaxon:1739787	1	mediadive.medium:514
NCBITaxon:173990	2	mediadive.medium:1|mediadive.medium:J118
NCBITaxon:174038	4	mediadive.medium:693|mediadive.medium:92|mediadive.medium:J256|mediadive.medium:J28
NCBITaxon:1740611	3	mediadive.medium:554|mediadive.medium:65|mediadive.medium:987
NCBITaxon:1740721	1	mediadive.medium:1
NCBITaxon:1742358	1	mediadive.medium:220
NCBITaxon:1742686	3	mediadive.medium:553|mediadive.medium:65|mediadive.medium:J42
NCBITaxon:1742687	1	mediadive.medium:92
NCBITaxon:1742688	3	mediadive.medium:554|mediadive.medium:987|mediadive.medium:J61
NCBITaxon:1742993	1	mediadive.medium:830
NCBITaxon:1743143	1	mediadive.medium:1
NCBITaxon:1743157	1	mediadive.medium:830
NCBITaxon:1743159	1	mediadive.medium:830
NCBITaxon:1743162	1	mediadive.medium:830
NCBITaxon:1743163	1	mediadive.medium:830
NCBITaxon:1743164	1	mediadive.medium:830
NCBITaxon:1743166	2	mediadive.medium:1167|mediadive.medium:830
NCBITaxon:1743168	2	mediadive.medium:1167|mediadive.medium:830
NCBITaxon:1743169	1	mediadive.medium:830
NCBITaxon:1743235	1	mediadive.medium:1
NCBITaxon:1743262	1	mediadive.medium:830
NCBITaxon:1743263	1	mediadive.medium:1484
NCBITaxon:1744	2	mediadive.medium:104|mediadive.medium:91
NCBITaxon:1744844	1	mediadive.medium:1492
NCBITaxon:1744846	2	mediadive.medium:65|mediadive.medium:830
NCBITaxon:1745713	1	mediadive.medium:104
NCBITaxon:174584	4	mediadive.medium:252|mediadive.medium:65|mediadive.medium:J42|mediadive.medium:J58
NCBITaxon:1745854	1	mediadive.medium:830
NCBITaxon:174587	2	mediadive.medium:92|mediadive.medium:J75
NCBITaxon:1747	6	mediadive.medium:104|mediadive.medium:1203a|mediadive.medium:693|mediadive.medium:78|mediadive.medium:J14|mediadive.medium:J84
NCBITaxon:1747903	1	mediadive.medium:535
NCBITaxon:1748	3	mediadive.medium:91|mediadive.medium:J14|mediadive.medium:J84
NCBITaxon:1748298	1	mediadive.medium:830
NCBITaxon:1748331	1	mediadive.medium:372
NCBITaxon:1748367	3	mediadive.medium:830|mediadive.medium:J26|mediadive.medium:J43
NCBITaxon:1748967	2	mediadive.medium:693|mediadive.medium:92
NCBITaxon:1749	4	mediadive.medium:104|mediadive.medium:91|mediadive.medium:J14|mediadive.medium:J84
NCBITaxon:1749036	1	mediadive.medium:1
NCBITaxon:1749037	1	mediadive.medium:92
NCBITaxon:1750	3	mediadive.medium:104|mediadive.medium:215|mediadive.medium:693
NCBITaxon:1750561	1	mediadive.medium:585
NCBITaxon:1750597	1	mediadive.medium:1210a
NCBITaxon:1750599	1	mediadive.medium:1
NCBITaxon:1750603	2	mediadive.medium:535a|mediadive.medium:J28
NCBITaxon:1750644	3	mediadive.medium:92|mediadive.medium:J26|mediadive.medium:J43
NCBITaxon:1751	1	mediadive.medium:91
NCBITaxon:1751298	2	mediadive.medium:553|mediadive.medium:65
NCBITaxon:1752	1	mediadive.medium:104
NCBITaxon:1753	2	mediadive.medium:92|mediadive.medium:J28
NCBITaxon:175306	2	mediadive.medium:514|mediadive.medium:J357
NCBITaxon:1754	2	mediadive.medium:640|mediadive.medium:965
NCBITaxon:1754012	2	mediadive.medium:104|mediadive.medium:J1045
NCBITaxon:1755	5	mediadive.medium:104b|mediadive.medium:61|mediadive.medium:640|mediadive.medium:677|mediadive.medium:710
NCBITaxon:1755098	1	mediadive.medium:693
NCBITaxon:1755100	2	mediadive.medium:104|mediadive.medium:693
NCBITaxon:1755241	1	mediadive.medium:104
NCBITaxon:1755582	2	mediadive.medium:535|mediadive.medium:J28
NCBITaxon:175570	4	mediadive.medium:252|mediadive.medium:65|mediadive.medium:84|mediadive.medium:J42
NCBITaxon:1756150	3	mediadive.medium:1|mediadive.medium:830|mediadive.medium:948
NCBITaxon:175628	2	mediadive.medium:250|mediadive.medium:645
NCBITaxon:175631	3	mediadive.medium:371|mediadive.medium:J167|mediadive.medium:J306
NCBITaxon:1756761	2	mediadive.medium:1|mediadive.medium:J22
NCBITaxon:1756762	2	mediadive.medium:535|mediadive.medium:J27
NCBITaxon:1756987	1	mediadive.medium:339
NCBITaxon:1757	1	mediadive.medium:640
NCBITaxon:1758122	3	mediadive.medium:548|mediadive.medium:894|mediadive.medium:J51
NCBITaxon:1758466	2	mediadive.medium:535a|mediadive.medium:J256
NCBITaxon:1759536	1	mediadive.medium:830
NCBITaxon:176090	1	mediadive.medium:92
NCBITaxon:1760988	2	mediadive.medium:1568|mediadive.medium:J820
NCBITaxon:1761452	3	mediadive.medium:252|mediadive.medium:65|mediadive.medium:84
NCBITaxon:1761781	2	mediadive.medium:523|mediadive.medium:634c
NCBITaxon:1761787	1	mediadive.medium:514
NCBITaxon:1761792	1	mediadive.medium:514
NCBITaxon:1761793	1	mediadive.medium:950
NCBITaxon:1761892	1	mediadive.medium:514
NCBITaxon:176279	2	mediadive.medium:693|mediadive.medium:92
NCBITaxon:176280	3	mediadive.medium:693|mediadive.medium:92|mediadive.medium:J22
NCBITaxon:176291	1	mediadive.medium:11
NCBITaxon:176292	3	mediadive.medium:11|mediadive.medium:J13|mediadive.medium:J84
NCBITaxon:176294	1	mediadive.medium:321
NCBITaxon:1763509	2	mediadive.medium:339a|mediadive.medium:J1095
NCBITaxon:1763541	2	mediadive.medium:65|mediadive.medium:J43
NCBITaxon:1763542	3	mediadive.medium:252|mediadive.medium:65|mediadive.medium:987
NCBITaxon:1763543	3	mediadive.medium:553|mediadive.medium:65|mediadive.medium:J61
NCBITaxon:1764539	2	mediadive.medium:65|mediadive.medium:84
NCBITaxon:1765219	2	mediadive.medium:58|mediadive.medium:J13
NCBITaxon:1765737	1	mediadive.medium:1210a
NCBITaxon:1765746	1	mediadive.medium:514
NCBITaxon:1765960	1	mediadive.medium:693
NCBITaxon:1765967	2	mediadive.medium:1321|mediadive.medium:J1196
NCBITaxon:176598	1	mediadive.medium:535b
NCBITaxon:1766	7	mediadive.medium:214|mediadive.medium:215b|mediadive.medium:219|mediadive.medium:250|mediadive.medium:354|mediadive.medium:426|mediadive.medium:645
NCBITaxon:1766719	1	mediadive.medium:535
NCBITaxon:1766802	2	mediadive.medium:554|mediadive.medium:830
NCBITaxon:1767	3	mediadive.medium:354|mediadive.medium:645|mediadive.medium:J386
NCBITaxon:1768	8	mediadive.medium:215b|mediadive.medium:219|mediadive.medium:250|mediadive.medium:251|mediadive.medium:354|mediadive.medium:426|mediadive.medium:645|mediadive.medium:65
NCBITaxon:1768010	1	mediadive.medium:535
NCBITaxon:1768011	1	mediadive.medium:1
NCBITaxon:1768241	1	mediadive.medium:514
NCBITaxon:176898	3	mediadive.medium:514|mediadive.medium:65|mediadive.medium:J487
NCBITaxon:1769250	1	mediadive.medium:830
NCBITaxon:1769291	1	mediadive.medium:535
NCBITaxon:1769421	1	mediadive.medium:58
NCBITaxon:1769422	1	mediadive.medium:58
NCBITaxon:1769423	1	mediadive.medium:58
NCBITaxon:1769424	1	mediadive.medium:11
NCBITaxon:1770	3	mediadive.medium:645|mediadive.medium:780|mediadive.medium:911
NCBITaxon:1770053	1	mediadive.medium:220
NCBITaxon:1771	8	mediadive.medium:1|mediadive.medium:126|mediadive.medium:214|mediadive.medium:219|mediadive.medium:354|mediadive.medium:426|mediadive.medium:645|mediadive.medium:65
NCBITaxon:1772	10	mediadive.medium:214|mediadive.medium:219|mediadive.medium:354|mediadive.medium:426|mediadive.medium:645|mediadive.medium:65|mediadive.medium:693|mediadive.medium:92|mediadive.medium:J26|mediadive.medium:J386
NCBITaxon:1773489	2	mediadive.medium:1011|mediadive.medium:J1115
NCBITaxon:1774	7	mediadive.medium:219|mediadive.medium:354|mediadive.medium:645|mediadive.medium:693|mediadive.medium:736|mediadive.medium:92|mediadive.medium:J386
NCBITaxon:177413	4	mediadive.medium:457|mediadive.medium:7|mediadive.medium:830|mediadive.medium:J349
NCBITaxon:1775	2	mediadive.medium:645|mediadive.medium:J386
NCBITaxon:1775131	3	mediadive.medium:252|mediadive.medium:65|mediadive.medium:84
NCBITaxon:1775132	3	mediadive.medium:252|mediadive.medium:65|mediadive.medium:84
NCBITaxon:1775135	2	mediadive.medium:65|mediadive.medium:84
NCBITaxon:1775170	2	mediadive.medium:514|mediadive.medium:J118
NCBITaxon:1775474	4	mediadive.medium:1|mediadive.medium:381|mediadive.medium:535|mediadive.medium:830
NCBITaxon:1775544	1	mediadive.medium:372
NCBITaxon:1775911	3	mediadive.medium:381|mediadive.medium:535a|mediadive.medium:J256
NCBITaxon:1776	2	mediadive.medium:354|mediadive.medium:645
NCBITaxon:1776378	1	mediadive.medium:220
NCBITaxon:1776379	3	mediadive.medium:104|mediadive.medium:693|mediadive.medium:78
NCBITaxon:1776381	1	mediadive.medium:104
NCBITaxon:1776382	1	mediadive.medium:110a
NCBITaxon:1776384	1	mediadive.medium:104
NCBITaxon:1776388	2	mediadive.medium:693|mediadive.medium:78
NCBITaxon:1776390	2	mediadive.medium:104|mediadive.medium:693
NCBITaxon:1776392	1	mediadive.medium:104
NCBITaxon:1776740	1	mediadive.medium:92
NCBITaxon:1776760	2	mediadive.medium:110|mediadive.medium:1203a
NCBITaxon:1776856	3	mediadive.medium:535|mediadive.medium:92|mediadive.medium:J475
NCBITaxon:1776857	3	mediadive.medium:535|mediadive.medium:830|mediadive.medium:J346
NCBITaxon:1776858	1	mediadive.medium:220
NCBITaxon:1776859	1	mediadive.medium:545
NCBITaxon:1777	3	mediadive.medium:354|mediadive.medium:645|mediadive.medium:J386
NCBITaxon:177758	1	mediadive.medium:664a
NCBITaxon:1778	9	mediadive.medium:219|mediadive.medium:250|mediadive.medium:251|mediadive.medium:354|mediadive.medium:645|mediadive.medium:65|mediadive.medium:80|mediadive.medium:J26|mediadive.medium:J386
NCBITaxon:1778267	4	mediadive.medium:252|mediadive.medium:65|mediadive.medium:830|mediadive.medium:84
NCBITaxon:1778406	2	mediadive.medium:535|mediadive.medium:830
NCBITaxon:1778540	1	mediadive.medium:1
NCBITaxon:1778590	2	mediadive.medium:92|mediadive.medium:J26
NCBITaxon:1778665	2	mediadive.medium:1|mediadive.medium:535
NCBITaxon:1779	3	mediadive.medium:219|mediadive.medium:354|mediadive.medium:645
NCBITaxon:177972	1	mediadive.medium:104
NCBITaxon:1780	3	mediadive.medium:354|mediadive.medium:645|mediadive.medium:J386
NCBITaxon:1780362	1	mediadive.medium:693
NCBITaxon:1781	4	mediadive.medium:251|mediadive.medium:354|mediadive.medium:645|mediadive.medium:J386
NCBITaxon:1781211	1	mediadive.medium:1585a
NCBITaxon:1782	4	mediadive.medium:250|mediadive.medium:645|mediadive.medium:J26|mediadive.medium:J386
NCBITaxon:1783	5	mediadive.medium:215b|mediadive.medium:250|mediadive.medium:354|mediadive.medium:645|mediadive.medium:J386
NCBITaxon:1783232	1	mediadive.medium:514
NCBITaxon:1783348	2	mediadive.medium:535|mediadive.medium:693
NCBITaxon:1783352	2	mediadive.medium:1159|mediadive.medium:514
NCBITaxon:178337	1	mediadive.medium:220
NCBITaxon:178338	1	mediadive.medium:110
NCBITaxon:178339	1	mediadive.medium:693
NCBITaxon:178340	2	mediadive.medium:1|mediadive.medium:535
NCBITaxon:1783498	3	mediadive.medium:215|mediadive.medium:535|mediadive.medium:J528
NCBITaxon:178355	3	mediadive.medium:1139|mediadive.medium:830|mediadive.medium:J423
NCBITaxon:178356	3	mediadive.medium:1139|mediadive.medium:830|mediadive.medium:J423
NCBITaxon:178440	1	mediadive.medium:380a
NCBITaxon:1784719	1	mediadive.medium:92
NCBITaxon:1785	15	mediadive.medium:1|mediadive.medium:215|mediadive.medium:215b|mediadive.medium:219|mediadive.medium:220|mediadive.medium:250|mediadive.medium:354|mediadive.medium:461|mediadive.medium:535|mediadive.medium:621|mediadive.medium:645|mediadive.medium:65|mediadive.medium:82|mediadive.medium:830|mediadive.medium:92
NCBITaxon:1785128	3	mediadive.medium:220|mediadive.medium:535|mediadive.medium:92
NCBITaxon:1785913	4	mediadive.medium:1|mediadive.medium:65|mediadive.medium:83|mediadive.medium:987
NCBITaxon:1786	2	mediadive.medium:354|mediadive.medium:645
NCBITaxon:178606	1	mediadive.medium:882
NCBITaxon:1787	3	mediadive.medium:354|mediadive.medium:645|mediadive.medium:J386
NCBITaxon:178774	2	mediadive.medium:220|mediadive.medium:J75
NCBITaxon:1788	4	mediadive.medium:250|mediadive.medium:354|mediadive.medium:645|mediadive.medium:J386
NCBITaxon:1788301	1	mediadive.medium:1
NCBITaxon:178898	1	mediadive.medium:507
NCBITaxon:178899	1	mediadive.medium:507
NCBITaxon:1789	3	mediadive.medium:354|mediadive.medium:645|mediadive.medium:J386
NCBITaxon:178900	2	mediadive.medium:105|mediadive.medium:J597
NCBITaxon:1789439	1	mediadive.medium:987
NCBITaxon:1789691	2	mediadive.medium:1426|mediadive.medium:830
NCBITaxon:1790	2	mediadive.medium:354|mediadive.medium:645
NCBITaxon:179010	2	mediadive.medium:514|mediadive.medium:J118
NCBITaxon:1790137	1	mediadive.medium:514
NCBITaxon:179095	3	mediadive.medium:1026|mediadive.medium:830|mediadive.medium:J581
NCBITaxon:1791	10	mediadive.medium:215b|mediadive.medium:219|mediadive.medium:250|mediadive.medium:354|mediadive.medium:457|mediadive.medium:535|mediadive.medium:645|mediadive.medium:65|mediadive.medium:J386|mediadive.medium:J43
NCBITaxon:1792	7	mediadive.medium:215b|mediadive.medium:250|mediadive.medium:354|mediadive.medium:645|mediadive.medium:65|mediadive.medium:85|mediadive.medium:J386
NCBITaxon:1792311	1	mediadive.medium:503
NCBITaxon:1792835	1	mediadive.medium:645
NCBITaxon:1792846	2	mediadive.medium:1|mediadive.medium:535
NCBITaxon:1793	4	mediadive.medium:250|mediadive.medium:645|mediadive.medium:J26|mediadive.medium:J386
NCBITaxon:1793873	1	mediadive.medium:514
NCBITaxon:1794	3	mediadive.medium:354|mediadive.medium:645|mediadive.medium:J386
NCBITaxon:179467	1	mediadive.medium:1
NCBITaxon:1794699	1	mediadive.medium:901a
NCBITaxon:1794912	1	mediadive.medium:684
NCBITaxon:1794944	2	mediadive.medium:830|mediadive.medium:J346
NCBITaxon:1795	4	mediadive.medium:219|mediadive.medium:354|mediadive.medium:645|mediadive.medium:65
NCBITaxon:1795032	1	mediadive.medium:645
NCBITaxon:1795305	1	mediadive.medium:514
NCBITaxon:1795308	1	mediadive.medium:514
NCBITaxon:1795632	1	mediadive.medium:383b
NCBITaxon:1796	8	mediadive.medium:1|mediadive.medium:219|mediadive.medium:354|mediadive.medium:535|mediadive.medium:645|mediadive.medium:92|mediadive.medium:J386|mediadive.medium:J712
NCBITaxon:179637	2	mediadive.medium:954|mediadive.medium:J168
NCBITaxon:1796469	1	mediadive.medium:514
NCBITaxon:1796610	5	mediadive.medium:1203|mediadive.medium:215|mediadive.medium:339|mediadive.medium:693|mediadive.medium:78
NCBITaxon:1796613	2	mediadive.medium:693|mediadive.medium:78
NCBITaxon:1796615	3	mediadive.medium:78|mediadive.medium:J14|mediadive.medium:J677
NCBITaxon:1796616	6	mediadive.medium:104|mediadive.medium:110|mediadive.medium:1203|mediadive.medium:339|mediadive.medium:693|mediadive.medium:78
NCBITaxon:1796618	2	mediadive.medium:339|mediadive.medium:693
NCBITaxon:1796619	1	mediadive.medium:78
NCBITaxon:1796620	1	mediadive.medium:58
NCBITaxon:1796622	2	mediadive.medium:339|mediadive.medium:78
NCBITaxon:1796627	2	mediadive.medium:1203|mediadive.medium:339
NCBITaxon:1796628	2	mediadive.medium:339|mediadive.medium:693
NCBITaxon:1796634	2	mediadive.medium:339|mediadive.medium:693
NCBITaxon:1796635	4	mediadive.medium:104|mediadive.medium:1203|mediadive.medium:339|mediadive.medium:J14
NCBITaxon:1796636	2	mediadive.medium:339|mediadive.medium:78
NCBITaxon:1796644	3	mediadive.medium:215|mediadive.medium:381|mediadive.medium:693
NCBITaxon:1796646	4	mediadive.medium:693|mediadive.medium:78|mediadive.medium:J1130|mediadive.medium:J14
NCBITaxon:1796652	3	mediadive.medium:1203|mediadive.medium:429|mediadive.medium:693
NCBITaxon:1797	1	mediadive.medium:354
NCBITaxon:1798	2	mediadive.medium:354|mediadive.medium:645
NCBITaxon:1798155	2	mediadive.medium:58|mediadive.medium:J13
NCBITaxon:1798157	2	mediadive.medium:58|mediadive.medium:J13
NCBITaxon:1798158	2	mediadive.medium:58|mediadive.medium:J13
NCBITaxon:1798182	2	mediadive.medium:535|mediadive.medium:545
NCBITaxon:1798183	1	mediadive.medium:545
NCBITaxon:179819	4	mediadive.medium:535|mediadive.medium:553|mediadive.medium:65|mediadive.medium:J75
NCBITaxon:1798224	2	mediadive.medium:535|mediadive.medium:65
NCBITaxon:1798238	1	mediadive.medium:514
NCBITaxon:179879	1	mediadive.medium:220
NCBITaxon:1798805	1	mediadive.medium:98
NCBITaxon:1799	2	mediadive.medium:645|mediadive.medium:J386
NCBITaxon:1799789	1	mediadive.medium:514
NCBITaxon:179995	1	mediadive.medium:800
NCBITaxon:180	1	mediadive.medium:882
NCBITaxon:1800	3	mediadive.medium:354|mediadive.medium:645|mediadive.medium:J26
NCBITaxon:1801	9	mediadive.medium:215b|mediadive.medium:250|mediadive.medium:251|mediadive.medium:354|mediadive.medium:645|mediadive.medium:65|mediadive.medium:82|mediadive.medium:J26|mediadive.medium:J386
NCBITaxon:180194	2	mediadive.medium:1|mediadive.medium:J346
NCBITaxon:180195	3	mediadive.medium:37|mediadive.medium:81|mediadive.medium:J75
NCBITaxon:180198	3	mediadive.medium:7|mediadive.medium:790|mediadive.medium:J75
NCBITaxon:1802	5	mediadive.medium:219|mediadive.medium:354|mediadive.medium:645|mediadive.medium:693|mediadive.medium:92
NCBITaxon:180200	3	mediadive.medium:7|mediadive.medium:790|mediadive.medium:J346
NCBITaxon:180282	3	mediadive.medium:220|mediadive.medium:457|mediadive.medium:535
NCBITaxon:180286	1	mediadive.medium:339a
NCBITaxon:1803177	2	mediadive.medium:104|mediadive.medium:693
NCBITaxon:1803180	3	mediadive.medium:252|mediadive.medium:65|mediadive.medium:J66
NCBITaxon:180332	2	mediadive.medium:339|mediadive.medium:693
NCBITaxon:180344	1	mediadive.medium:92
NCBITaxon:1803913	2	mediadive.medium:535|mediadive.medium:545
NCBITaxon:1804	9	mediadive.medium:1|mediadive.medium:219|mediadive.medium:220|mediadive.medium:250|mediadive.medium:354|mediadive.medium:462a|mediadive.medium:645|mediadive.medium:65|mediadive.medium:J386
NCBITaxon:180400	1	mediadive.medium:220
NCBITaxon:180434	2	mediadive.medium:1|mediadive.medium:220
NCBITaxon:180435	2	mediadive.medium:220|mediadive.medium:J27
NCBITaxon:180441	4	mediadive.medium:1|mediadive.medium:535|mediadive.medium:830|mediadive.medium:J75
NCBITaxon:1804624	2	mediadive.medium:1578|mediadive.medium:428
NCBITaxon:1804630	1	mediadive.medium:92
NCBITaxon:180542	2	mediadive.medium:1151|mediadive.medium:J339
NCBITaxon:1805474	1	mediadive.medium:220
NCBITaxon:1805478	1	mediadive.medium:104
NCBITaxon:1805671	1	mediadive.medium:514
NCBITaxon:1805714	1	mediadive.medium:110a
NCBITaxon:1805840	1	mediadive.medium:535
NCBITaxon:180588	2	mediadive.medium:535|mediadive.medium:545
NCBITaxon:1805970	2	mediadive.medium:1484|mediadive.medium:J346
NCBITaxon:1806052	2	mediadive.medium:65|mediadive.medium:987
NCBITaxon:1806172	1	mediadive.medium:1636
NCBITaxon:1806370	2	mediadive.medium:1271|mediadive.medium:J1150
NCBITaxon:1806371	1	mediadive.medium:390
NCBITaxon:1806669	1	mediadive.medium:514
NCBITaxon:1806670	1	mediadive.medium:514
NCBITaxon:1806837	1	mediadive.medium:110a
NCBITaxon:1807	4	mediadive.medium:354|mediadive.medium:645|mediadive.medium:J26|mediadive.medium:J386
NCBITaxon:1808352	1	mediadive.medium:11
NCBITaxon:1808955	1	mediadive.medium:514
NCBITaxon:180915	1	mediadive.medium:1161
NCBITaxon:180916	2	mediadive.medium:1161|mediadive.medium:258
NCBITaxon:181	1	mediadive.medium:882
NCBITaxon:1810	6	mediadive.medium:215b|mediadive.medium:219|mediadive.medium:250|mediadive.medium:354|mediadive.medium:426|mediadive.medium:645
NCBITaxon:1810504	2	mediadive.medium:1622|mediadive.medium:830
NCBITaxon:181073	2	mediadive.medium:104|mediadive.medium:J379
NCBITaxon:1810851	1	mediadive.medium:92
NCBITaxon:1811193	1	mediadive.medium:693
NCBITaxon:1811807	1	mediadive.medium:1635
NCBITaxon:1812012	1	mediadive.medium:514
NCBITaxon:1812100	1	mediadive.medium:830
NCBITaxon:1812261	1	mediadive.medium:92
NCBITaxon:1812262	2	mediadive.medium:92|mediadive.medium:J26
NCBITaxon:1812349	1	mediadive.medium:1492
NCBITaxon:1812858	4	mediadive.medium:110a|mediadive.medium:634c|mediadive.medium:J118|mediadive.medium:J22
NCBITaxon:1812934	2	mediadive.medium:535|mediadive.medium:693
NCBITaxon:1812935	2	mediadive.medium:535|mediadive.medium:693
NCBITaxon:1813013	2	mediadive.medium:84|mediadive.medium:987
NCBITaxon:1813871	2	mediadive.medium:830|mediadive.medium:J346
NCBITaxon:1814128	1	mediadive.medium:693
NCBITaxon:1814289	2	mediadive.medium:92|mediadive.medium:J1112
NCBITaxon:181487	2	mediadive.medium:104|mediadive.medium:693
NCBITaxon:1815583	1	mediadive.medium:693
NCBITaxon:1816	2	mediadive.medium:65|mediadive.medium:J58
NCBITaxon:1816181	1	mediadive.medium:554
NCBITaxon:1816182	2	mediadive.medium:65|mediadive.medium:84
NCBITaxon:1816425	1	mediadive.medium:92
NCBITaxon:181658	3	mediadive.medium:37|mediadive.medium:428|mediadive.medium:7
NCBITaxon:181662	2	mediadive.medium:195c|mediadive.medium:410
NCBITaxon:181663	2	mediadive.medium:517|mediadive.medium:J1258
NCBITaxon:1816678	1	mediadive.medium:110a
NCBITaxon:1816680	3	mediadive.medium:215|mediadive.medium:429|mediadive.medium:535
NCBITaxon:1816681	1	mediadive.medium:220
NCBITaxon:1816686	1	mediadive.medium:514b
NCBITaxon:1816691	1	mediadive.medium:92
NCBITaxon:1816693	1	mediadive.medium:220
NCBITaxon:1816696	1	mediadive.medium:514
NCBITaxon:1817	4	mediadive.medium:535|mediadive.medium:553|mediadive.medium:65|mediadive.medium:J43
NCBITaxon:1817405	2	mediadive.medium:92|mediadive.medium:J28
NCBITaxon:1817495	2	mediadive.medium:92|mediadive.medium:J28
NCBITaxon:1818	3	mediadive.medium:535|mediadive.medium:65|mediadive.medium:J43
NCBITaxon:1818004	3	mediadive.medium:252|mediadive.medium:84|mediadive.medium:987
NCBITaxon:1819254	1	mediadive.medium:11
NCBITaxon:1819600	3	mediadive.medium:535|mediadive.medium:553|mediadive.medium:J104
NCBITaxon:1820002	2	mediadive.medium:1|mediadive.medium:J22
NCBITaxon:1821	13	mediadive.medium:214|mediadive.medium:215|mediadive.medium:220|mediadive.medium:426|mediadive.medium:514|mediadive.medium:53|mediadive.medium:535|mediadive.medium:553|mediadive.medium:554|mediadive.medium:65|mediadive.medium:693|mediadive.medium:82|mediadive.medium:92
NCBITaxon:182136	2	mediadive.medium:1|mediadive.medium:220
NCBITaxon:182182	1	mediadive.medium:693
NCBITaxon:1821960	2	mediadive.medium:535|mediadive.medium:693
NCBITaxon:1822	1	mediadive.medium:65
NCBITaxon:182264	2	mediadive.medium:960|mediadive.medium:J330
NCBITaxon:182267	1	mediadive.medium:7
NCBITaxon:1823	5	mediadive.medium:251|mediadive.medium:426|mediadive.medium:535|mediadive.medium:65|mediadive.medium:82
NCBITaxon:182337	1	mediadive.medium:535
NCBITaxon:1824	5	mediadive.medium:214|mediadive.medium:215b|mediadive.medium:426|mediadive.medium:535|mediadive.medium:65
NCBITaxon:1825069	1	mediadive.medium:693
NCBITaxon:1825523	1	mediadive.medium:830
NCBITaxon:1825660	2	mediadive.medium:195c|mediadive.medium:J1034
NCBITaxon:1825787	2	mediadive.medium:830c|mediadive.medium:J22
NCBITaxon:1826607	1	mediadive.medium:514
NCBITaxon:1826727	1	mediadive.medium:1505a
NCBITaxon:1826872	1	mediadive.medium:1845
NCBITaxon:182710	2	mediadive.medium:514|mediadive.medium:J182
NCBITaxon:1827502	1	mediadive.medium:514
NCBITaxon:182773	2	mediadive.medium:104|mediadive.medium:110
NCBITaxon:182774	1	mediadive.medium:976
NCBITaxon:182779	3	mediadive.medium:372|mediadive.medium:97|mediadive.medium:J168
NCBITaxon:1828	8	mediadive.medium:215b|mediadive.medium:426|mediadive.medium:53|mediadive.medium:535|mediadive.medium:65|mediadive.medium:92|mediadive.medium:J26|mediadive.medium:J386
NCBITaxon:1829	8	mediadive.medium:220|mediadive.medium:426|mediadive.medium:457|mediadive.medium:535|mediadive.medium:65|mediadive.medium:J26|mediadive.medium:J43|mediadive.medium:J57
NCBITaxon:182984	1	mediadive.medium:1100
NCBITaxon:1830	9	mediadive.medium:1|mediadive.medium:215|mediadive.medium:215b|mediadive.medium:220|mediadive.medium:426|mediadive.medium:457|mediadive.medium:535|mediadive.medium:553|mediadive.medium:65
NCBITaxon:1833	16	mediadive.medium:1|mediadive.medium:215|mediadive.medium:220|mediadive.medium:381|mediadive.medium:457|mediadive.medium:457c|mediadive.medium:462|mediadive.medium:465d|mediadive.medium:53|mediadive.medium:535|mediadive.medium:65|mediadive.medium:82|mediadive.medium:92|mediadive.medium:J26|mediadive.medium:J43|mediadive.medium:J57
NCBITaxon:183417	5	mediadive.medium:1|mediadive.medium:693|mediadive.medium:92|mediadive.medium:J12|mediadive.medium:J22
NCBITaxon:1834418	1	mediadive.medium:514d
NCBITaxon:1834516	1	mediadive.medium:1590
NCBITaxon:1835	2	mediadive.medium:1241|mediadive.medium:1504
NCBITaxon:1835254	1	mediadive.medium:830
NCBITaxon:1835606	2	mediadive.medium:1484|mediadive.medium:830
NCBITaxon:1835722	1	mediadive.medium:514
NCBITaxon:1836	1	mediadive.medium:65
NCBITaxon:1836499	1	mediadive.medium:514
NCBITaxon:183670	1	mediadive.medium:847
NCBITaxon:1836972	2	mediadive.medium:1536|mediadive.medium:737
NCBITaxon:1836974	1	mediadive.medium:1536
NCBITaxon:1837	5	mediadive.medium:214|mediadive.medium:426|mediadive.medium:65|mediadive.medium:84|mediadive.medium:J49
NCBITaxon:183763	2	mediadive.medium:1159|mediadive.medium:514
NCBITaxon:1837743	2	mediadive.medium:83|mediadive.medium:830
NCBITaxon:1838	4	mediadive.medium:550|mediadive.medium:553|mediadive.medium:65|mediadive.medium:J49
NCBITaxon:1839617	4	mediadive.medium:553|mediadive.medium:554|mediadive.medium:83|mediadive.medium:J61
NCBITaxon:1840411	1	mediadive.medium:220
NCBITaxon:1840412	3	mediadive.medium:65|mediadive.medium:84|mediadive.medium:J61
NCBITaxon:1840413	1	mediadive.medium:830
NCBITaxon:1840415	3	mediadive.medium:65|mediadive.medium:84|mediadive.medium:J42
NCBITaxon:1840606	5	mediadive.medium:535|mediadive.medium:65|mediadive.medium:736|mediadive.medium:830|mediadive.medium:J26
NCBITaxon:184065	1	mediadive.medium:514
NCBITaxon:184072	3	mediadive.medium:535|mediadive.medium:J12|mediadive.medium:J22
NCBITaxon:184077	1	mediadive.medium:1122
NCBITaxon:1841	8	mediadive.medium:214|mediadive.medium:248|mediadive.medium:425|mediadive.medium:65|mediadive.medium:830|mediadive.medium:J26|mediadive.medium:J40|mediadive.medium:J52
NCBITaxon:184117	1	mediadive.medium:480d
NCBITaxon:1841855	2	mediadive.medium:1203a|mediadive.medium:693
NCBITaxon:1841857	1	mediadive.medium:104
NCBITaxon:1841859	1	mediadive.medium:645
NCBITaxon:1841860	1	mediadive.medium:645
NCBITaxon:1841861	1	mediadive.medium:645
NCBITaxon:1841862	1	mediadive.medium:92
NCBITaxon:1841864	1	mediadive.medium:78
NCBITaxon:1842136	5	mediadive.medium:1|mediadive.medium:1015|mediadive.medium:535|mediadive.medium:830|mediadive.medium:987
NCBITaxon:1842532	2	mediadive.medium:504|mediadive.medium:J1246
NCBITaxon:1843235	1	mediadive.medium:830
NCBITaxon:1843236	1	mediadive.medium:830
NCBITaxon:1843237	1	mediadive.medium:830
NCBITaxon:1844	5	mediadive.medium:425|mediadive.medium:65|mediadive.medium:830|mediadive.medium:J52|mediadive.medium:J58
NCBITaxon:1844006	1	mediadive.medium:514
NCBITaxon:1846211	2	mediadive.medium:65|mediadive.medium:987
NCBITaxon:1846278	1	mediadive.medium:1845
NCBITaxon:184748	1	mediadive.medium:514
NCBITaxon:184755	2	mediadive.medium:514c|mediadive.medium:514f
NCBITaxon:1847819	2	mediadive.medium:92|mediadive.medium:J26
NCBITaxon:1848	4	mediadive.medium:65|mediadive.medium:82|mediadive.medium:J48|mediadive.medium:J49
NCBITaxon:1848320	3	mediadive.medium:554|mediadive.medium:65|mediadive.medium:84
NCBITaxon:1848322	2	mediadive.medium:554|mediadive.medium:65
NCBITaxon:1848329	2	mediadive.medium:554|mediadive.medium:65
NCBITaxon:1848771	1	mediadive.medium:621
NCBITaxon:1848773	1	mediadive.medium:1631
NCBITaxon:1848903	2	mediadive.medium:1609|mediadive.medium:J1099
NCBITaxon:1849	2	mediadive.medium:1241|mediadive.medium:246
NCBITaxon:1849018	1	mediadive.medium:514
NCBITaxon:1849041	2	mediadive.medium:339a|mediadive.medium:634
NCBITaxon:1849069	3	mediadive.medium:372|mediadive.medium:J307|mediadive.medium:J574
NCBITaxon:184914	2	mediadive.medium:67|mediadive.medium:9
NCBITaxon:184917	1	mediadive.medium:896
NCBITaxon:184924	1	mediadive.medium:514
NCBITaxon:1849278	3	mediadive.medium:104b|mediadive.medium:J14|mediadive.medium:J612
NCBITaxon:185007	1	mediadive.medium:704
NCBITaxon:185008	1	mediadive.medium:704
NCBITaxon:1850093	1	mediadive.medium:830
NCBITaxon:1850238	1	mediadive.medium:830
NCBITaxon:1850347	1	mediadive.medium:381
NCBITaxon:1850366	1	mediadive.medium:830
NCBITaxon:1850370	1	mediadive.medium:830
NCBITaxon:1850373	1	mediadive.medium:1
NCBITaxon:1851019	1	mediadive.medium:1395
NCBITaxon:1851148	1	mediadive.medium:1526e
NCBITaxon:1851427	1	mediadive.medium:1611
NCBITaxon:1851428	1	mediadive.medium:1611
NCBITaxon:1851429	1	mediadive.medium:104c
NCBITaxon:1851568	2	mediadive.medium:1|mediadive.medium:535
NCBITaxon:1852	6	mediadive.medium:214|mediadive.medium:426|mediadive.medium:535|mediadive.medium:550|mediadive.medium:83|mediadive.medium:J49
NCBITaxon:1852015	1	mediadive.medium:514
NCBITaxon:1852309	1	mediadive.medium:946a
NCBITaxon:1852371	1	mediadive.medium:78
NCBITaxon:1852372	1	mediadive.medium:104
NCBITaxon:1852373	2	mediadive.medium:110a|mediadive.medium:693
NCBITaxon:1852374	1	mediadive.medium:110
NCBITaxon:1852379	2	mediadive.medium:693|mediadive.medium:78
NCBITaxon:1852380	2	mediadive.medium:535a|mediadive.medium:693
NCBITaxon:1852387	1	mediadive.medium:693
NCBITaxon:1852390	1	mediadive.medium:535a
NCBITaxon:185243	3	mediadive.medium:104|mediadive.medium:J363|mediadive.medium:J364
NCBITaxon:185293	2	mediadive.medium:429|mediadive.medium:J282
NCBITaxon:185294	3	mediadive.medium:104|mediadive.medium:693|mediadive.medium:J282
NCBITaxon:1853130	1	mediadive.medium:535
NCBITaxon:1853278	1	mediadive.medium:693
NCBITaxon:1853311	2	mediadive.medium:514f|mediadive.medium:J118
NCBITaxon:1854571	2	mediadive.medium:65|mediadive.medium:84
NCBITaxon:1854574	3	mediadive.medium:252|mediadive.medium:65|mediadive.medium:84
NCBITaxon:1855	2	mediadive.medium:1536|mediadive.medium:737
NCBITaxon:1855283	1	mediadive.medium:830
NCBITaxon:1855371	2	mediadive.medium:1|mediadive.medium:535
NCBITaxon:1855823	2	mediadive.medium:693|mediadive.medium:92
NCBITaxon:1855912	1	mediadive.medium:1426
NCBITaxon:1856	2	mediadive.medium:1536|mediadive.medium:737
NCBITaxon:185641	2	mediadive.medium:65|mediadive.medium:J487
NCBITaxon:185642	2	mediadive.medium:645|mediadive.medium:J386
NCBITaxon:185678	2	mediadive.medium:548|mediadive.medium:65
NCBITaxon:1856807	1	mediadive.medium:383
NCBITaxon:185684	1	mediadive.medium:65
NCBITaxon:185696	1	mediadive.medium:65
NCBITaxon:1857024	3	mediadive.medium:92|mediadive.medium:J26|mediadive.medium:J475
NCBITaxon:185761	2	mediadive.medium:693|mediadive.medium:J28
NCBITaxon:1857645	1	mediadive.medium:1029
NCBITaxon:1858794	1	mediadive.medium:645
NCBITaxon:1859	2	mediadive.medium:1536|mediadive.medium:1660
NCBITaxon:1859103	1	mediadive.medium:904
NCBITaxon:1859295	3	mediadive.medium:65|mediadive.medium:J26|mediadive.medium:J475
NCBITaxon:185949	3	mediadive.medium:1|mediadive.medium:830|mediadive.medium:988
NCBITaxon:185950	2	mediadive.medium:1|mediadive.medium:988
NCBITaxon:185951	4	mediadive.medium:1|mediadive.medium:830|mediadive.medium:92|mediadive.medium:988
NCBITaxon:186116	1	mediadive.medium:675
NCBITaxon:1862668	2	mediadive.medium:110a|mediadive.medium:634c
NCBITaxon:1862672	1	mediadive.medium:110
NCBITaxon:1862713	2	mediadive.medium:904a|mediadive.medium:J1066
NCBITaxon:186280	1	mediadive.medium:1
NCBITaxon:1863	5	mediadive.medium:215|mediadive.medium:215b|mediadive.medium:535|mediadive.medium:693|mediadive.medium:92
NCBITaxon:186497	2	mediadive.medium:377|mediadive.medium:J151
NCBITaxon:1865	2	mediadive.medium:252|mediadive.medium:65
NCBITaxon:186571	1	mediadive.medium:514
NCBITaxon:1866	4	mediadive.medium:215|mediadive.medium:65|mediadive.medium:84|mediadive.medium:J42
NCBITaxon:1866326	1	mediadive.medium:514f
NCBITaxon:186651	1	mediadive.medium:1019
NCBITaxon:1867263	1	mediadive.medium:948
NCBITaxon:1867408	1	mediadive.medium:514
NCBITaxon:1867410	1	mediadive.medium:92
NCBITaxon:186761	2	mediadive.medium:514|mediadive.medium:J118
NCBITaxon:1867749	1	mediadive.medium:35
NCBITaxon:1867774	1	mediadive.medium:830
NCBITaxon:1867775	1	mediadive.medium:830
NCBITaxon:1867796	1	mediadive.medium:9
NCBITaxon:1867797	3	mediadive.medium:1614|mediadive.medium:67|mediadive.medium:9
NCBITaxon:1868	5	mediadive.medium:130|mediadive.medium:554|mediadive.medium:65|mediadive.medium:83|mediadive.medium:J50
NCBITaxon:186802	2	mediadive.medium:1203a|mediadive.medium:693
NCBITaxon:186803	1	mediadive.medium:54b
NCBITaxon:186814	2	mediadive.medium:516|mediadive.medium:677
NCBITaxon:186817	2	mediadive.medium:1|mediadive.medium:220
NCBITaxon:1869	4	mediadive.medium:65|mediadive.medium:83|mediadive.medium:J42|mediadive.medium:J55
NCBITaxon:1869167	1	mediadive.medium:830
NCBITaxon:1869181	1	mediadive.medium:830
NCBITaxon:1869182	4	mediadive.medium:1484|mediadive.medium:535|mediadive.medium:65|mediadive.medium:83
NCBITaxon:1869183	1	mediadive.medium:830
NCBITaxon:1869189	1	mediadive.medium:514
NCBITaxon:1869190	4	mediadive.medium:381|mediadive.medium:535|mediadive.medium:830|mediadive.medium:92
NCBITaxon:1869214	2	mediadive.medium:1|mediadive.medium:514
NCBITaxon:1869227	47	mediadive.medium:1|mediadive.medium:1010|mediadive.medium:104|mediadive.medium:104b|mediadive.medium:104c|mediadive.medium:110|mediadive.medium:110a|mediadive.medium:1203|mediadive.medium:1203a|mediadive.medium:1378|mediadive.medium:1437|mediadive.medium:1492|mediadive.medium:1611|mediadive.medium:193a|mediadive.medium:194|mediadive.medium:246|mediadive.medium:295|mediadive.medium:298|mediadive.medium:298b|mediadive.medium:330|mediadive.medium:339a|mediadive.medium:381|mediadive.medium:383|mediadive.medium:408|mediadive.medium:464|mediadive.medium:465|mediadive.medium:497|mediadive.medium:503|mediadive.medium:504|mediadive.medium:514|mediadive.medium:535|mediadive.medium:584|mediadive.medium:621a|mediadive.medium:666|mediadive.medium:690|mediadive.medium:691|mediadive.medium:693|mediadive.medium:7|mediadive.medium:704|mediadive.medium:78|mediadive.medium:804|mediadive.medium:830|mediadive.medium:830c|mediadive.medium:858|mediadive.medium:9|mediadive.medium:92|mediadive.medium:968b
NCBITaxon:1869245	1	mediadive.medium:371
NCBITaxon:1869337	4	mediadive.medium:104|mediadive.medium:1203a|mediadive.medium:693|mediadive.medium:78
NCBITaxon:1869340	1	mediadive.medium:381
NCBITaxon:1869344	5	mediadive.medium:1|mediadive.medium:1295|mediadive.medium:220|mediadive.medium:830|mediadive.medium:92
NCBITaxon:1869345	3	mediadive.medium:1|mediadive.medium:220|mediadive.medium:830
NCBITaxon:187	3	mediadive.medium:1495|mediadive.medium:37|mediadive.medium:888
NCBITaxon:1870902	3	mediadive.medium:513|mediadive.medium:830|mediadive.medium:92
NCBITaxon:1870903	1	mediadive.medium:381
NCBITaxon:1870904	2	mediadive.medium:465|mediadive.medium:830
NCBITaxon:1870928	3	mediadive.medium:514|mediadive.medium:535|mediadive.medium:92
NCBITaxon:1870984	1	mediadive.medium:104
NCBITaxon:1870987	1	mediadive.medium:104
NCBITaxon:1870990	1	mediadive.medium:220
NCBITaxon:1870991	2	mediadive.medium:104|mediadive.medium:693
NCBITaxon:1870997	2	mediadive.medium:104|mediadive.medium:693
NCBITaxon:1870999	2	mediadive.medium:110|mediadive.medium:693
NCBITaxon:1871	11	mediadive.medium:535|mediadive.medium:553|mediadive.medium:554|mediadive.medium:65|mediadive.medium:83|mediadive.medium:84|mediadive.medium:J42|mediadive.medium:J51|mediadive.medium:J52|mediadive.medium:J55|mediadive.medium:J81
NCBITaxon:1871003	2	mediadive.medium:693|mediadive.medium:78
NCBITaxon:1871009	1	mediadive.medium:78
NCBITaxon:187101	3	mediadive.medium:110|mediadive.medium:1203|mediadive.medium:693
NCBITaxon:1871016	1	mediadive.medium:104
NCBITaxon:1871021	1	mediadive.medium:104
NCBITaxon:1871034	1	mediadive.medium:104
NCBITaxon:1871035	1	mediadive.medium:104
NCBITaxon:1871042	2	mediadive.medium:514|mediadive.medium:92
NCBITaxon:1871043	11	mediadive.medium:1|mediadive.medium:1613|mediadive.medium:1618|mediadive.medium:1626|mediadive.medium:1a|mediadive.medium:220|mediadive.medium:381|mediadive.medium:457|mediadive.medium:465|mediadive.medium:535|mediadive.medium:830
NCBITaxon:1871044	1	mediadive.medium:92
NCBITaxon:1871045	2	mediadive.medium:830|mediadive.medium:92
NCBITaxon:1871047	7	mediadive.medium:1|mediadive.medium:220|mediadive.medium:312|mediadive.medium:545|mediadive.medium:830|mediadive.medium:840|mediadive.medium:92
NCBITaxon:1871048	4	mediadive.medium:1617|mediadive.medium:1618|mediadive.medium:535|mediadive.medium:830
NCBITaxon:1871049	2	mediadive.medium:1|mediadive.medium:535
NCBITaxon:1871051	1	mediadive.medium:242
NCBITaxon:1871052	2	mediadive.medium:585|mediadive.medium:830
NCBITaxon:1871053	3	mediadive.medium:1|mediadive.medium:1a|mediadive.medium:830
NCBITaxon:1871054	1	mediadive.medium:535
NCBITaxon:1871063	4	mediadive.medium:535|mediadive.medium:65|mediadive.medium:830|mediadive.medium:92
NCBITaxon:1871064	2	mediadive.medium:1484|mediadive.medium:830
NCBITaxon:1871065	1	mediadive.medium:830
NCBITaxon:1871066	5	mediadive.medium:1|mediadive.medium:1031|mediadive.medium:464|mediadive.medium:465h|mediadive.medium:98
NCBITaxon:1871086	8	mediadive.medium:1618|mediadive.medium:220|mediadive.medium:381|mediadive.medium:514|mediadive.medium:595|mediadive.medium:830|mediadive.medium:92|mediadive.medium:J118
NCBITaxon:1871111	2	mediadive.medium:1|mediadive.medium:693
NCBITaxon:1871185	1	mediadive.medium:65
NCBITaxon:1871186	2	mediadive.medium:830|mediadive.medium:92
NCBITaxon:1871188	3	mediadive.medium:252|mediadive.medium:65|mediadive.medium:84
NCBITaxon:1871328	6	mediadive.medium:1|mediadive.medium:220|mediadive.medium:514|mediadive.medium:830|mediadive.medium:92|mediadive.medium:987
NCBITaxon:1871330	1	mediadive.medium:104b
NCBITaxon:1871331	1	mediadive.medium:740
NCBITaxon:1871336	1	mediadive.medium:104
NCBITaxon:1871614	5	mediadive.medium:514|mediadive.medium:535|mediadive.medium:736|mediadive.medium:830|mediadive.medium:92
NCBITaxon:1871615	2	mediadive.medium:514|mediadive.medium:92
NCBITaxon:1871616	2	mediadive.medium:215|mediadive.medium:92
NCBITaxon:1871617	2	mediadive.medium:1|mediadive.medium:220
NCBITaxon:1871618	3	mediadive.medium:220|mediadive.medium:514|mediadive.medium:514d
NCBITaxon:1871619	1	mediadive.medium:92
NCBITaxon:1871622	2	mediadive.medium:220|mediadive.medium:514
NCBITaxon:1871623	1	mediadive.medium:220
NCBITaxon:1871624	1	mediadive.medium:514
NCBITaxon:1871626	3	mediadive.medium:535|mediadive.medium:65|mediadive.medium:83
NCBITaxon:1872084	3	mediadive.medium:1618|mediadive.medium:514|mediadive.medium:545
NCBITaxon:1872085	1	mediadive.medium:535
NCBITaxon:1872086	12	mediadive.medium:1613|mediadive.medium:1617|mediadive.medium:1618|mediadive.medium:1625|mediadive.medium:1626|mediadive.medium:1848|mediadive.medium:221|mediadive.medium:428|mediadive.medium:535|mediadive.medium:81|mediadive.medium:830|mediadive.medium:98
NCBITaxon:1872089	1	mediadive.medium:339
NCBITaxon:1872094	4	mediadive.medium:135a|mediadive.medium:194|mediadive.medium:298|mediadive.medium:298a
NCBITaxon:1872104	1	mediadive.medium:88
NCBITaxon:1872107	1	mediadive.medium:882
NCBITaxon:1872118	1	mediadive.medium:271
NCBITaxon:1872119	1	mediadive.medium:1266
NCBITaxon:1872122	11	mediadive.medium:1|mediadive.medium:1315|mediadive.medium:428|mediadive.medium:457|mediadive.medium:464|mediadive.medium:465|mediadive.medium:503b|mediadive.medium:535|mediadive.medium:81|mediadive.medium:830|mediadive.medium:830c
NCBITaxon:1872127	2	mediadive.medium:553|mediadive.medium:65
NCBITaxon:1872128	1	mediadive.medium:514
NCBITaxon:1872133	4	mediadive.medium:252|mediadive.medium:548|mediadive.medium:894|mediadive.medium:987
NCBITaxon:1872138	2	mediadive.medium:554|mediadive.medium:65
NCBITaxon:1872139	3	mediadive.medium:535|mediadive.medium:553|mediadive.medium:65
NCBITaxon:1872145	1	mediadive.medium:514
NCBITaxon:1872386	2	mediadive.medium:1295|mediadive.medium:830
NCBITaxon:1872391	1	mediadive.medium:514
NCBITaxon:1872398	1	mediadive.medium:92
NCBITaxon:1872412	1	mediadive.medium:514
NCBITaxon:1872416	1	mediadive.medium:92
NCBITaxon:1872417	2	mediadive.medium:92|mediadive.medium:J26
NCBITaxon:1872420	1	mediadive.medium:1552
NCBITaxon:1872424	1	mediadive.medium:514
NCBITaxon:1872427	2	mediadive.medium:381a|mediadive.medium:514
NCBITaxon:1872428	1	mediadive.medium:514
NCBITaxon:1872435	1	mediadive.medium:514
NCBITaxon:1872440	1	mediadive.medium:514b
NCBITaxon:1872444	1	mediadive.medium:110
NCBITaxon:1872450	1	mediadive.medium:514
NCBITaxon:1872461	1	mediadive.medium:65
NCBITaxon:1872465	1	mediadive.medium:28
NCBITaxon:1872480	3	mediadive.medium:514|mediadive.medium:535|mediadive.medium:830
NCBITaxon:1872481	1	mediadive.medium:514
NCBITaxon:1872485	4	mediadive.medium:1|mediadive.medium:1587|mediadive.medium:65|mediadive.medium:830
NCBITaxon:1872490	3	mediadive.medium:463|mediadive.medium:464|mediadive.medium:830
NCBITaxon:1872491	1	mediadive.medium:846
NCBITaxon:1872496	1	mediadive.medium:830
NCBITaxon:1872506	2	mediadive.medium:1166|mediadive.medium:220
NCBITaxon:1872522	1	mediadive.medium:504
NCBITaxon:1872530	2	mediadive.medium:110|mediadive.medium:693
NCBITaxon:1872532	1	mediadive.medium:330
NCBITaxon:1872567	5	mediadive.medium:1|mediadive.medium:428|mediadive.medium:7|mediadive.medium:81|mediadive.medium:830
NCBITaxon:1872573	2	mediadive.medium:1|mediadive.medium:220
NCBITaxon:1872578	1	mediadive.medium:1
NCBITaxon:1872580	4	mediadive.medium:1|mediadive.medium:215|mediadive.medium:428|mediadive.medium:830
NCBITaxon:1872586	1	mediadive.medium:514
NCBITaxon:1872627	1	mediadive.medium:9
NCBITaxon:1872630	3	mediadive.medium:1|mediadive.medium:605|mediadive.medium:948
NCBITaxon:1872635	1	mediadive.medium:830
NCBITaxon:1872643	4	mediadive.medium:1295|mediadive.medium:535|mediadive.medium:553|mediadive.medium:65
NCBITaxon:1872654	4	mediadive.medium:1405|mediadive.medium:514|mediadive.medium:830|mediadive.medium:98
NCBITaxon:1872658	1	mediadive.medium:830
NCBITaxon:1872666	3	mediadive.medium:1|mediadive.medium:441|mediadive.medium:81
NCBITaxon:1872678	1	mediadive.medium:514
NCBITaxon:1872700	4	mediadive.medium:1336|mediadive.medium:220|mediadive.medium:514|mediadive.medium:514d
NCBITaxon:1872709	3	mediadive.medium:553|mediadive.medium:554|mediadive.medium:65
NCBITaxon:1872711	1	mediadive.medium:553
NCBITaxon:187272	1	mediadive.medium:1457
NCBITaxon:187304	1	mediadive.medium:514
NCBITaxon:1873125	3	mediadive.medium:514|mediadive.medium:830|mediadive.medium:92
NCBITaxon:187326	3	mediadive.medium:104|mediadive.medium:11b|mediadive.medium:693
NCBITaxon:1873457	6	mediadive.medium:426|mediadive.medium:514|mediadive.medium:553|mediadive.medium:65|mediadive.medium:830|mediadive.medium:92
NCBITaxon:1873458	1	mediadive.medium:830
NCBITaxon:1873459	10	mediadive.medium:1295|mediadive.medium:464|mediadive.medium:514|mediadive.medium:535|mediadive.medium:535a|mediadive.medium:553|mediadive.medium:65|mediadive.medium:714|mediadive.medium:830|mediadive.medium:877
NCBITaxon:1873460	2	mediadive.medium:554|mediadive.medium:65
NCBITaxon:1873466	8	mediadive.medium:535|mediadive.medium:553|mediadive.medium:621|mediadive.medium:65|mediadive.medium:714|mediadive.medium:830|mediadive.medium:877|mediadive.medium:987
NCBITaxon:1873482	3	mediadive.medium:1|mediadive.medium:215|mediadive.medium:535b
NCBITaxon:1873494	4	mediadive.medium:428|mediadive.medium:535|mediadive.medium:7|mediadive.medium:81
NCBITaxon:1873497	3	mediadive.medium:535|mediadive.medium:693|mediadive.medium:92
NCBITaxon:1873498	1	mediadive.medium:92
NCBITaxon:1873500	1	mediadive.medium:628
NCBITaxon:1873719	3	mediadive.medium:65|mediadive.medium:J58|mediadive.medium:J66
NCBITaxon:1873897	11	mediadive.medium:1|mediadive.medium:1618|mediadive.medium:220|mediadive.medium:220a|mediadive.medium:457|mediadive.medium:461|mediadive.medium:465|mediadive.medium:535|mediadive.medium:563|mediadive.medium:81|mediadive.medium:92
NCBITaxon:1874	5	mediadive.medium:214|mediadive.medium:65|mediadive.medium:83|mediadive.medium:84|mediadive.medium:J61
NCBITaxon:1874116	1	mediadive.medium:92
NCBITaxon:1874277	2	mediadive.medium:1714|mediadive.medium:J1162
NCBITaxon:1874361	4	mediadive.medium:1393|mediadive.medium:1480|mediadive.medium:514|mediadive.medium:514b
NCBITaxon:1874362	1	mediadive.medium:693
NCBITaxon:1874706	1	mediadive.medium:141c
NCBITaxon:1874736	2	mediadive.medium:693|mediadive.medium:92
NCBITaxon:1874737	2	mediadive.medium:141c|mediadive.medium:1596
NCBITaxon:1874826	4	mediadive.medium:1|mediadive.medium:514|mediadive.medium:830|mediadive.medium:92
NCBITaxon:187491	5	mediadive.medium:215|mediadive.medium:693|mediadive.medium:92|mediadive.medium:J256|mediadive.medium:J26
NCBITaxon:187493	2	mediadive.medium:514|mediadive.medium:950
NCBITaxon:1876	18	mediadive.medium:1048|mediadive.medium:127|mediadive.medium:130|mediadive.medium:215b|mediadive.medium:248|mediadive.medium:252|mediadive.medium:514|mediadive.medium:535|mediadive.medium:553|mediadive.medium:554|mediadive.medium:65|mediadive.medium:83|mediadive.medium:84|mediadive.medium:J104|mediadive.medium:J47|mediadive.medium:J51|mediadive.medium:J57|mediadive.medium:J61
NCBITaxon:1876758	3	mediadive.medium:105|mediadive.medium:360|mediadive.medium:J598
NCBITaxon:1877	9	mediadive.medium:127|mediadive.medium:554|mediadive.medium:555|mediadive.medium:65|mediadive.medium:83|mediadive.medium:J104|mediadive.medium:J44|mediadive.medium:J47|mediadive.medium:J61
NCBITaxon:187868	1	mediadive.medium:1a
NCBITaxon:187878	3	mediadive.medium:760|mediadive.medium:990|mediadive.medium:J280
NCBITaxon:187879	3	mediadive.medium:760|mediadive.medium:990|mediadive.medium:J350
NCBITaxon:187880	3	mediadive.medium:760|mediadive.medium:990|mediadive.medium:J280
NCBITaxon:1879286	4	mediadive.medium:1411|mediadive.medium:372|mediadive.medium:954|mediadive.medium:J212
NCBITaxon:1879318	1	mediadive.medium:514
NCBITaxon:1879320	1	mediadive.medium:514
NCBITaxon:187982	2	mediadive.medium:554|mediadive.medium:J437
NCBITaxon:188	2	mediadive.medium:380|mediadive.medium:J669
NCBITaxon:1880	3	mediadive.medium:65|mediadive.medium:84|mediadive.medium:J61
NCBITaxon:1880678	2	mediadive.medium:1|mediadive.medium:535
NCBITaxon:1880915	2	mediadive.medium:830|mediadive.medium:92
NCBITaxon:1881	3	mediadive.medium:554|mediadive.medium:65|mediadive.medium:J47
NCBITaxon:1881057	1	mediadive.medium:714
NCBITaxon:1881060	1	mediadive.medium:104b
NCBITaxon:1882231	2	mediadive.medium:252|mediadive.medium:987
NCBITaxon:1882232	1	mediadive.medium:987
NCBITaxon:1882233	1	mediadive.medium:65
NCBITaxon:1882437	3	mediadive.medium:605|mediadive.medium:830|mediadive.medium:948
NCBITaxon:1882438	2	mediadive.medium:1405|mediadive.medium:830
NCBITaxon:1882781	1	mediadive.medium:514
NCBITaxon:1882782	1	mediadive.medium:950
NCBITaxon:1882945	3	mediadive.medium:1|mediadive.medium:220|mediadive.medium:830
NCBITaxon:1883	8	mediadive.medium:1048|mediadive.medium:1081|mediadive.medium:215|mediadive.medium:252|mediadive.medium:535|mediadive.medium:65|mediadive.medium:83|mediadive.medium:84
NCBITaxon:1883105	6	mediadive.medium:553|mediadive.medium:554|mediadive.medium:65|mediadive.medium:830|mediadive.medium:84|mediadive.medium:894
NCBITaxon:1883156	1	mediadive.medium:514
NCBITaxon:1883426	2	mediadive.medium:220|mediadive.medium:830
NCBITaxon:1883446	2	mediadive.medium:535|mediadive.medium:830
NCBITaxon:1884	3	mediadive.medium:65|mediadive.medium:J43|mediadive.medium:J66
NCBITaxon:1884223	1	mediadive.medium:119
NCBITaxon:1884224	3	mediadive.medium:253|mediadive.medium:28|mediadive.medium:430
NCBITaxon:1884249	1	mediadive.medium:830
NCBITaxon:1884353	2	mediadive.medium:514|mediadive.medium:950
NCBITaxon:1884669	3	mediadive.medium:110|mediadive.medium:1203|mediadive.medium:693
NCBITaxon:1884792	1	mediadive.medium:830
NCBITaxon:1884817	7	mediadive.medium:130|mediadive.medium:220|mediadive.medium:514|mediadive.medium:535|mediadive.medium:65|mediadive.medium:830|mediadive.medium:92
NCBITaxon:1884818	3	mediadive.medium:1|mediadive.medium:693|mediadive.medium:92
NCBITaxon:1884992	5	mediadive.medium:535|mediadive.medium:553|mediadive.medium:65|mediadive.medium:714|mediadive.medium:830
NCBITaxon:1885912	1	mediadive.medium:9
NCBITaxon:1885934	1	mediadive.medium:830
NCBITaxon:1886	7	mediadive.medium:252|mediadive.medium:284|mediadive.medium:65|mediadive.medium:84|mediadive.medium:J42|mediadive.medium:J66|mediadive.medium:J81
NCBITaxon:1886637	5	mediadive.medium:1a|mediadive.medium:381|mediadive.medium:457|mediadive.medium:53|mediadive.medium:535
NCBITaxon:1886787	1	mediadive.medium:92
NCBITaxon:1886796	2	mediadive.medium:1461|mediadive.medium:514f
NCBITaxon:1886797	1	mediadive.medium:514
NCBITaxon:1886799	1	mediadive.medium:372
NCBITaxon:1887	5	mediadive.medium:252|mediadive.medium:65|mediadive.medium:84|mediadive.medium:J58|mediadive.medium:J66
NCBITaxon:188770	5	mediadive.medium:252|mediadive.medium:65|mediadive.medium:84|mediadive.medium:J43|mediadive.medium:J66
NCBITaxon:188789	1	mediadive.medium:665
NCBITaxon:1888	3	mediadive.medium:553|mediadive.medium:65|mediadive.medium:J42
NCBITaxon:1888168	1	mediadive.medium:830
NCBITaxon:1888195	1	mediadive.medium:693
NCBITaxon:1888204	2	mediadive.medium:220|mediadive.medium:514
NCBITaxon:1888209	1	mediadive.medium:514
NCBITaxon:188872	2	mediadive.medium:514|mediadive.medium:J118
NCBITaxon:1888891	1	mediadive.medium:1250
NCBITaxon:1888892	2	mediadive.medium:535|mediadive.medium:830
NCBITaxon:1889	2	mediadive.medium:65|mediadive.medium:84
NCBITaxon:1889013	1	mediadive.medium:830
NCBITaxon:188906	1	mediadive.medium:514
NCBITaxon:188915	1	mediadive.medium:645
NCBITaxon:188917	1	mediadive.medium:645
NCBITaxon:188932	1	mediadive.medium:830
NCBITaxon:189	1	mediadive.medium:1
NCBITaxon:1890	5	mediadive.medium:65|mediadive.medium:84|mediadive.medium:J42|mediadive.medium:J58|mediadive.medium:J66
NCBITaxon:1890225	1	mediadive.medium:31
NCBITaxon:1890280	2	mediadive.medium:92|mediadive.medium:J156
NCBITaxon:1890295	1	mediadive.medium:830
NCBITaxon:1890302	2	mediadive.medium:1|mediadive.medium:693
NCBITaxon:1890675	4	mediadive.medium:1|mediadive.medium:137|mediadive.medium:465|mediadive.medium:830
NCBITaxon:1891094	3	mediadive.medium:535|mediadive.medium:693|mediadive.medium:92
NCBITaxon:1891097	2	mediadive.medium:693|mediadive.medium:92
NCBITaxon:1891184	2	mediadive.medium:514|mediadive.medium:J118
NCBITaxon:1891186	2	mediadive.medium:514|mediadive.medium:J118
NCBITaxon:1891207	2	mediadive.medium:514|mediadive.medium:J118
NCBITaxon:1891233	2	mediadive.medium:104|mediadive.medium:693
NCBITaxon:1891286	2	mediadive.medium:92|mediadive.medium:987
NCBITaxon:1891311	1	mediadive.medium:1058b
NCBITaxon:1891630	2	mediadive.medium:830|mediadive.medium:92
NCBITaxon:1891658	4	mediadive.medium:1|mediadive.medium:220|mediadive.medium:514|mediadive.medium:J443
NCBITaxon:1891787	1	mediadive.medium:514
NCBITaxon:1891926	1	mediadive.medium:1524
NCBITaxon:1892	8	mediadive.medium:248|mediadive.medium:252|mediadive.medium:65|mediadive.medium:84|mediadive.medium:J42|mediadive.medium:J50|mediadive.medium:J66|mediadive.medium:J81
NCBITaxon:1892381	1	mediadive.medium:514
NCBITaxon:1892563	2	mediadive.medium:514|mediadive.medium:535
NCBITaxon:1892852	2	mediadive.medium:65|mediadive.medium:830
NCBITaxon:1892854	3	mediadive.medium:553|mediadive.medium:65|mediadive.medium:830
NCBITaxon:1892856	3	mediadive.medium:535|mediadive.medium:553|mediadive.medium:65
NCBITaxon:1892865	2	mediadive.medium:65|mediadive.medium:987
NCBITaxon:1893	5	mediadive.medium:65|mediadive.medium:656|mediadive.medium:84|mediadive.medium:J43|mediadive.medium:J66
NCBITaxon:189381	2	mediadive.medium:514|mediadive.medium:J118
NCBITaxon:189382	2	mediadive.medium:514|mediadive.medium:J118
NCBITaxon:1894	5	mediadive.medium:252|mediadive.medium:425|mediadive.medium:65|mediadive.medium:84|mediadive.medium:J42
NCBITaxon:189425	1	mediadive.medium:220
NCBITaxon:189426	3	mediadive.medium:220|mediadive.medium:J22|mediadive.medium:J75
NCBITaxon:1894969	4	mediadive.medium:554|mediadive.medium:65|mediadive.medium:987|mediadive.medium:J61
NCBITaxon:1894989	1	mediadive.medium:503e
NCBITaxon:1895	4	mediadive.medium:65|mediadive.medium:84|mediadive.medium:J42|mediadive.medium:J50
NCBITaxon:1895020	2	mediadive.medium:1271|mediadive.medium:J1172
NCBITaxon:1895664	2	mediadive.medium:210|mediadive.medium:591
NCBITaxon:1895908	1	mediadive.medium:830
NCBITaxon:1896	6	mediadive.medium:65|mediadive.medium:84|mediadive.medium:987|mediadive.medium:J42|mediadive.medium:J58|mediadive.medium:J66
NCBITaxon:1896222	2	mediadive.medium:1668|mediadive.medium:J1130
NCBITaxon:1896336	6	mediadive.medium:1|mediadive.medium:220|mediadive.medium:514|mediadive.medium:535|mediadive.medium:693|mediadive.medium:92
NCBITaxon:189685	8	mediadive.medium:1|mediadive.medium:1283|mediadive.medium:220|mediadive.medium:381|mediadive.medium:461|mediadive.medium:465|mediadive.medium:81|mediadive.medium:830
NCBITaxon:189722	3	mediadive.medium:104|mediadive.medium:693|mediadive.medium:J14
NCBITaxon:189739	1	mediadive.medium:214
NCBITaxon:189740	2	mediadive.medium:65|mediadive.medium:693
NCBITaxon:189741	1	mediadive.medium:215b
NCBITaxon:189742	1	mediadive.medium:214
NCBITaxon:189749	1	mediadive.medium:53
NCBITaxon:189750	3	mediadive.medium:426|mediadive.medium:65|mediadive.medium:J43
NCBITaxon:1897614	1	mediadive.medium:514
NCBITaxon:1898	9	mediadive.medium:252|mediadive.medium:553|mediadive.medium:65|mediadive.medium:84|mediadive.medium:987|mediadive.medium:J42|mediadive.medium:J43|mediadive.medium:J61|mediadive.medium:J66
NCBITaxon:1898027	1	mediadive.medium:514
NCBITaxon:1898203	4	mediadive.medium:104|mediadive.medium:110|mediadive.medium:1203a|mediadive.medium:693
NCBITaxon:1898321	4	mediadive.medium:248|mediadive.medium:554|mediadive.medium:65|mediadive.medium:84
NCBITaxon:1898383	1	mediadive.medium:514d
NCBITaxon:1898394	1	mediadive.medium:92
NCBITaxon:1898428	1	mediadive.medium:535
NCBITaxon:1898440	1	mediadive.medium:92
NCBITaxon:189863	2	mediadive.medium:92|mediadive.medium:J26
NCBITaxon:1898651	1	mediadive.medium:960
NCBITaxon:189866	1	mediadive.medium:339a
NCBITaxon:1898957	2	mediadive.medium:465|mediadive.medium:830
NCBITaxon:1898978	4	mediadive.medium:621|mediadive.medium:830|mediadive.medium:937|mediadive.medium:937a
NCBITaxon:1899430	2	mediadive.medium:11|mediadive.medium:J853
NCBITaxon:1899569	2	mediadive.medium:1153|mediadive.medium:830
NCBITaxon:189966	3	mediadive.medium:1288|mediadive.medium:830|mediadive.medium:J346
NCBITaxon:190	3	mediadive.medium:653|mediadive.medium:J27|mediadive.medium:J75
NCBITaxon:1901	7	mediadive.medium:1|mediadive.medium:252|mediadive.medium:548|mediadive.medium:65|mediadive.medium:84|mediadive.medium:J50|mediadive.medium:J66
NCBITaxon:190147	1	mediadive.medium:645
NCBITaxon:190148	1	mediadive.medium:1070
NCBITaxon:190194	4	mediadive.medium:53|mediadive.medium:535|mediadive.medium:92|mediadive.medium:J43
NCBITaxon:190195	5	mediadive.medium:53|mediadive.medium:535|mediadive.medium:65|mediadive.medium:92|mediadive.medium:J43
NCBITaxon:190197	8	mediadive.medium:1|mediadive.medium:65|mediadive.medium:830|mediadive.medium:84|mediadive.medium:92|mediadive.medium:987|mediadive.medium:J42|mediadive.medium:J52
NCBITaxon:1902	3	mediadive.medium:65|mediadive.medium:84|mediadive.medium:J43
NCBITaxon:1902408	1	mediadive.medium:621a
NCBITaxon:1902410	4	mediadive.medium:514|mediadive.medium:535|mediadive.medium:830|mediadive.medium:92
NCBITaxon:1902428	1	mediadive.medium:514
NCBITaxon:1902580	2	mediadive.medium:693|mediadive.medium:92
NCBITaxon:1903	6	mediadive.medium:65|mediadive.medium:84|mediadive.medium:J42|mediadive.medium:J43|mediadive.medium:J50|mediadive.medium:J58
NCBITaxon:190304	3	mediadive.medium:104|mediadive.medium:693|mediadive.medium:J14
NCBITaxon:1903056	1	mediadive.medium:92
NCBITaxon:1903071	1	mediadive.medium:514
NCBITaxon:1903072	1	mediadive.medium:514
NCBITaxon:1903262	1	mediadive.medium:78
NCBITaxon:1903263	1	mediadive.medium:110a
NCBITaxon:190387	1	mediadive.medium:11b
NCBITaxon:1904	5	mediadive.medium:248|mediadive.medium:252|mediadive.medium:65|mediadive.medium:84|mediadive.medium:J42
NCBITaxon:1904254	3	mediadive.medium:1613|mediadive.medium:535|mediadive.medium:830
NCBITaxon:1904440	4	mediadive.medium:1|mediadive.medium:1617|mediadive.medium:535|mediadive.medium:830
NCBITaxon:1904463	1	mediadive.medium:514
NCBITaxon:1904757	2	mediadive.medium:535|mediadive.medium:545
NCBITaxon:1904862	1	mediadive.medium:514
NCBITaxon:1905	5	mediadive.medium:248|mediadive.medium:252|mediadive.medium:65|mediadive.medium:84|mediadive.medium:J66
NCBITaxon:1905334	5	mediadive.medium:215|mediadive.medium:220|mediadive.medium:471|mediadive.medium:535|mediadive.medium:535a
NCBITaxon:1905676	1	mediadive.medium:514
NCBITaxon:1905680	1	mediadive.medium:514
NCBITaxon:1905752	1	mediadive.medium:514
NCBITaxon:1906	6	mediadive.medium:252|mediadive.medium:65|mediadive.medium:84|mediadive.medium:987|mediadive.medium:J45|mediadive.medium:J61
NCBITaxon:1906242	1	mediadive.medium:514
NCBITaxon:190655	1	mediadive.medium:585
NCBITaxon:1906745	2	mediadive.medium:545|mediadive.medium:693
NCBITaxon:1907	3	mediadive.medium:65|mediadive.medium:84|mediadive.medium:J42
NCBITaxon:1907202	1	mediadive.medium:514
NCBITaxon:190721	3	mediadive.medium:1|mediadive.medium:693|mediadive.medium:92
NCBITaxon:1907725	1	mediadive.medium:830
NCBITaxon:1907779	2	mediadive.medium:11|mediadive.medium:92
NCBITaxon:1907939	1	mediadive.medium:693
NCBITaxon:1908	2	mediadive.medium:65|mediadive.medium:J43
NCBITaxon:1908205	1	mediadive.medium:645
NCBITaxon:1908224	6	mediadive.medium:1|mediadive.medium:1a|mediadive.medium:514c|mediadive.medium:830|mediadive.medium:92|mediadive.medium:J118
NCBITaxon:1908257	1	mediadive.medium:693
NCBITaxon:1908258	1	mediadive.medium:693
NCBITaxon:1908260	1	mediadive.medium:693
NCBITaxon:1908263	3	mediadive.medium:218|mediadive.medium:429b|mediadive.medium:693
NCBITaxon:1908520	1	mediadive.medium:1654
NCBITaxon:1908521	1	mediadive.medium:535
NCBITaxon:1908541	1	mediadive.medium:514
NCBITaxon:190892	1	mediadive.medium:514
NCBITaxon:190897	1	mediadive.medium:514
NCBITaxon:1909	4	mediadive.medium:65|mediadive.medium:993|mediadive.medium:J42|mediadive.medium:J43
NCBITaxon:190905	4	mediadive.medium:11|mediadive.medium:1253|mediadive.medium:456|mediadive.medium:J111
NCBITaxon:1909267	1	mediadive.medium:11
NCBITaxon:1909292	2	mediadive.medium:1613|mediadive.medium:830
NCBITaxon:1909296	2	mediadive.medium:514|mediadive.medium:830
NCBITaxon:190967	1	mediadive.medium:194
NCBITaxon:1909699	2	mediadive.medium:194|mediadive.medium:J1155
NCBITaxon:190974	2	mediadive.medium:119|mediadive.medium:1523
NCBITaxon:190975	2	mediadive.medium:119|mediadive.medium:1523
NCBITaxon:190976	2	mediadive.medium:119|mediadive.medium:1523
NCBITaxon:1910	3	mediadive.medium:65|mediadive.medium:84|mediadive.medium:J66
NCBITaxon:191026	1	mediadive.medium:195c
NCBITaxon:1911	4	mediadive.medium:252|mediadive.medium:65|mediadive.medium:84|mediadive.medium:J66
NCBITaxon:1911536	2	mediadive.medium:514|mediadive.medium:J916
NCBITaxon:1911909	1	mediadive.medium:98
NCBITaxon:1912	2	mediadive.medium:65|mediadive.medium:J42
NCBITaxon:1912090	2	mediadive.medium:110a|mediadive.medium:J14
NCBITaxon:1912094	3	mediadive.medium:514|mediadive.medium:545|mediadive.medium:J118
NCBITaxon:1912211	1	mediadive.medium:553
NCBITaxon:1912214	2	mediadive.medium:220|mediadive.medium:31
NCBITaxon:1912358	2	mediadive.medium:535|mediadive.medium:92
NCBITaxon:1912795	1	mediadive.medium:1029
NCBITaxon:1912855	3	mediadive.medium:104|mediadive.medium:104b|mediadive.medium:J14
NCBITaxon:1912891	3	mediadive.medium:1|mediadive.medium:535|mediadive.medium:830
NCBITaxon:191292	3	mediadive.medium:535|mediadive.medium:65|mediadive.medium:J43
NCBITaxon:1912961	1	mediadive.medium:987
NCBITaxon:191390	3	mediadive.medium:1|mediadive.medium:1a|mediadive.medium:907
NCBITaxon:191391	1	mediadive.medium:535
NCBITaxon:1913978	5	mediadive.medium:1159|mediadive.medium:215|mediadive.medium:514|mediadive.medium:535|mediadive.medium:65
NCBITaxon:1913979	3	mediadive.medium:220|mediadive.medium:513|mediadive.medium:92
NCBITaxon:1913980	4	mediadive.medium:1|mediadive.medium:535|mediadive.medium:830|mediadive.medium:92
NCBITaxon:1913982	1	mediadive.medium:503
NCBITaxon:1914242	1	mediadive.medium:595
NCBITaxon:1914243	2	mediadive.medium:535|mediadive.medium:693
NCBITaxon:1914288	2	mediadive.medium:1|mediadive.medium:830
NCBITaxon:1914291	1	mediadive.medium:535
NCBITaxon:1914305	1	mediadive.medium:829d
NCBITaxon:1914338	1	mediadive.medium:830
NCBITaxon:1914461	2	mediadive.medium:554|mediadive.medium:65
NCBITaxon:1914471	1	mediadive.medium:1277a
NCBITaxon:1914755	1	mediadive.medium:830
NCBITaxon:1914756	1	mediadive.medium:830
NCBITaxon:191497	2	mediadive.medium:830|mediadive.medium:J28
NCBITaxon:1914973	1	mediadive.medium:92
NCBITaxon:1914977	1	mediadive.medium:830
NCBITaxon:1914986	2	mediadive.medium:1|mediadive.medium:535
NCBITaxon:1915	4	mediadive.medium:65|mediadive.medium:84|mediadive.medium:J42|mediadive.medium:J58
NCBITaxon:1915057	2	mediadive.medium:830|mediadive.medium:92
NCBITaxon:1915060	1	mediadive.medium:92
NCBITaxon:1915061	3	mediadive.medium:693|mediadive.medium:830|mediadive.medium:92
NCBITaxon:1915074	3	mediadive.medium:1|mediadive.medium:535|mediadive.medium:830
NCBITaxon:1915309	2	mediadive.medium:1167|mediadive.medium:830
NCBITaxon:191564	1	mediadive.medium:514
NCBITaxon:191577	1	mediadive.medium:948
NCBITaxon:191610	2	mediadive.medium:693|mediadive.medium:J256
NCBITaxon:1916907	1	mediadive.medium:1677
NCBITaxon:1917180	2	mediadive.medium:220|mediadive.medium:464
NCBITaxon:1917181	1	mediadive.medium:220
NCBITaxon:1917182	1	mediadive.medium:535
NCBITaxon:1917218	4	mediadive.medium:1|mediadive.medium:586|mediadive.medium:830|mediadive.medium:908
NCBITaxon:1917441	3	mediadive.medium:693|mediadive.medium:92|mediadive.medium:J27
NCBITaxon:1917451	1	mediadive.medium:372
NCBITaxon:191768	3	mediadive.medium:1602|mediadive.medium:958|mediadive.medium:J373
NCBITaxon:191770	3	mediadive.medium:11|mediadive.medium:514|mediadive.medium:J596
NCBITaxon:1917811	1	mediadive.medium:1
NCBITaxon:1917865	1	mediadive.medium:830
NCBITaxon:1917876	1	mediadive.medium:104
NCBITaxon:1917883	2	mediadive.medium:1203a|mediadive.medium:693
NCBITaxon:1917981	2	mediadive.medium:693|mediadive.medium:92
NCBITaxon:1918614	1	mediadive.medium:339
NCBITaxon:191863	1	mediadive.medium:1266
NCBITaxon:1918640	5	mediadive.medium:252|mediadive.medium:548|mediadive.medium:65|mediadive.medium:84|mediadive.medium:987
NCBITaxon:1919	7	mediadive.medium:252|mediadive.medium:65|mediadive.medium:84|mediadive.medium:987|mediadive.medium:J42|mediadive.medium:J58|mediadive.medium:J81
NCBITaxon:192	6	mediadive.medium:1|mediadive.medium:1426|mediadive.medium:221|mediadive.medium:428|mediadive.medium:830|mediadive.medium:J22
NCBITaxon:1920	3	mediadive.medium:65|mediadive.medium:84|mediadive.medium:J58
NCBITaxon:1920175	2	mediadive.medium:1564|mediadive.medium:514
NCBITaxon:1920505	1	mediadive.medium:1271
NCBITaxon:1920512	1	mediadive.medium:830
NCBITaxon:192066	1	mediadive.medium:693
NCBITaxon:192073	1	mediadive.medium:514a
NCBITaxon:1920807	1	mediadive.medium:65
NCBITaxon:1921	3	mediadive.medium:65|mediadive.medium:84|mediadive.medium:J42
NCBITaxon:192149	1	mediadive.medium:514
NCBITaxon:1921566	3	mediadive.medium:535|mediadive.medium:830|mediadive.medium:J26
NCBITaxon:1921578	2	mediadive.medium:553|mediadive.medium:554
NCBITaxon:1921764	2	mediadive.medium:1029|mediadive.medium:104
NCBITaxon:1922	2	mediadive.medium:65|mediadive.medium:J66
NCBITaxon:1922205	1	mediadive.medium:514
NCBITaxon:1922313	1	mediadive.medium:1234
NCBITaxon:1923	5	mediadive.medium:252|mediadive.medium:65|mediadive.medium:84|mediadive.medium:J42|mediadive.medium:J45
NCBITaxon:192389	1	mediadive.medium:1
NCBITaxon:1923961	2	mediadive.medium:65|mediadive.medium:84
NCBITaxon:1924	3	mediadive.medium:65|mediadive.medium:84|mediadive.medium:J42
NCBITaxon:1924094	1	mediadive.medium:634c
NCBITaxon:192421	2	mediadive.medium:514|mediadive.medium:J118
NCBITaxon:1924933	2	mediadive.medium:514|mediadive.medium:J118
NCBITaxon:1925024	2	mediadive.medium:736|mediadive.medium:92
NCBITaxon:1925027	1	mediadive.medium:92
NCBITaxon:1925746	1	mediadive.medium:514d
NCBITaxon:1926	2	mediadive.medium:65|mediadive.medium:84
NCBITaxon:1926288	2	mediadive.medium:535|mediadive.medium:545
NCBITaxon:1926290	2	mediadive.medium:830|mediadive.medium:92
NCBITaxon:1926291	2	mediadive.medium:514|mediadive.medium:830
NCBITaxon:1926292	2	mediadive.medium:1295|mediadive.medium:830
NCBITaxon:1926495	6	mediadive.medium:1a|mediadive.medium:220|mediadive.medium:457|mediadive.medium:465|mediadive.medium:535|mediadive.medium:830
NCBITaxon:1926584	1	mediadive.medium:1472
NCBITaxon:1926625	1	mediadive.medium:514
NCBITaxon:1926648	2	mediadive.medium:514|mediadive.medium:65
NCBITaxon:1926649	1	mediadive.medium:65
NCBITaxon:1926881	1	mediadive.medium:535
NCBITaxon:1927124	1	mediadive.medium:645
NCBITaxon:1927129	1	mediadive.medium:1597a
NCBITaxon:1927144	1	mediadive.medium:514
NCBITaxon:1927715	3	mediadive.medium:1|mediadive.medium:545|mediadive.medium:92
NCBITaxon:1928	6	mediadive.medium:252|mediadive.medium:65|mediadive.medium:84|mediadive.medium:987|mediadive.medium:J42|mediadive.medium:J66
NCBITaxon:1928082	2	mediadive.medium:514|mediadive.medium:J118
NCBITaxon:192812	2	mediadive.medium:514|mediadive.medium:J118
NCBITaxon:192814	2	mediadive.medium:514|mediadive.medium:J118
NCBITaxon:192843	1	mediadive.medium:1001
NCBITaxon:192903	2	mediadive.medium:514|mediadive.medium:J118
NCBITaxon:192904	2	mediadive.medium:514|mediadive.medium:J118
NCBITaxon:1929088	3	mediadive.medium:1|mediadive.medium:220|mediadive.medium:535
NCBITaxon:1929416	1	mediadive.medium:92
NCBITaxon:1929886	3	mediadive.medium:339|mediadive.medium:693|mediadive.medium:78
NCBITaxon:1929979	1	mediadive.medium:514
NCBITaxon:1930	6	mediadive.medium:1765|mediadive.medium:252|mediadive.medium:65|mediadive.medium:658|mediadive.medium:84|mediadive.medium:J42
NCBITaxon:1930061	2	mediadive.medium:514|mediadive.medium:92
NCBITaxon:1930076	1	mediadive.medium:11
NCBITaxon:1930273	1	mediadive.medium:1560
NCBITaxon:1930274	1	mediadive.medium:1560
NCBITaxon:1930276	1	mediadive.medium:1560
NCBITaxon:1930277	1	mediadive.medium:1560
NCBITaxon:1930533	2	mediadive.medium:693|mediadive.medium:92
NCBITaxon:1930622	1	mediadive.medium:514
NCBITaxon:1930747	2	mediadive.medium:92|mediadive.medium:J28
NCBITaxon:1930901	1	mediadive.medium:1388
NCBITaxon:1931	19	mediadive.medium:248|mediadive.medium:252|mediadive.medium:514|mediadive.medium:535|mediadive.medium:553|mediadive.medium:554|mediadive.medium:65|mediadive.medium:657|mediadive.medium:84|mediadive.medium:987|mediadive.medium:J42|mediadive.medium:J43|mediadive.medium:J44|mediadive.medium:J45|mediadive.medium:J50|mediadive.medium:J58|mediadive.medium:J61|mediadive.medium:J66|mediadive.medium:J81
NCBITaxon:1931201	1	mediadive.medium:514
NCBITaxon:1931217	2	mediadive.medium:58|mediadive.medium:J13
NCBITaxon:1931223	3	mediadive.medium:215|mediadive.medium:428|mediadive.medium:457
NCBITaxon:1931228	1	mediadive.medium:514
NCBITaxon:1931231	2	mediadive.medium:535|mediadive.medium:987
NCBITaxon:1931232	2	mediadive.medium:514|mediadive.medium:535
NCBITaxon:1931275	3	mediadive.medium:215|mediadive.medium:693|mediadive.medium:92
NCBITaxon:1931995	1	mediadive.medium:92
NCBITaxon:1932	3	mediadive.medium:65|mediadive.medium:J43|mediadive.medium:J66
NCBITaxon:1932001	1	mediadive.medium:514
NCBITaxon:1932117	1	mediadive.medium:830
NCBITaxon:1932666	1	mediadive.medium:514
NCBITaxon:1932789	1	mediadive.medium:621
NCBITaxon:1933	4	mediadive.medium:65|mediadive.medium:J43|mediadive.medium:J48|mediadive.medium:J49
NCBITaxon:1933450	1	mediadive.medium:514
NCBITaxon:193384	2	mediadive.medium:830|mediadive.medium:J443
NCBITaxon:1933880	1	mediadive.medium:65
NCBITaxon:1933902	1	mediadive.medium:1606
NCBITaxon:1934	3	mediadive.medium:65|mediadive.medium:J44|mediadive.medium:J49
NCBITaxon:1934310	2	mediadive.medium:1|mediadive.medium:457
NCBITaxon:1934404	1	mediadive.medium:830
NCBITaxon:1934405	1	mediadive.medium:514
NCBITaxon:193460	2	mediadive.medium:65|mediadive.medium:J42
NCBITaxon:193461	3	mediadive.medium:65|mediadive.medium:84|mediadive.medium:J50
NCBITaxon:193462	6	mediadive.medium:65|mediadive.medium:84|mediadive.medium:993|mediadive.medium:J42|mediadive.medium:J58|mediadive.medium:J66
NCBITaxon:1934933	2	mediadive.medium:553|mediadive.medium:65
NCBITaxon:1935	6	mediadive.medium:252|mediadive.medium:65|mediadive.medium:84|mediadive.medium:J42|mediadive.medium:J58|mediadive.medium:J61
NCBITaxon:1935379	1	mediadive.medium:92
NCBITaxon:1935978	1	mediadive.medium:1460
NCBITaxon:1936	4	mediadive.medium:252|mediadive.medium:65|mediadive.medium:987|mediadive.medium:J43
NCBITaxon:1936003	1	mediadive.medium:1527
NCBITaxon:1936021	1	mediadive.medium:1210c
NCBITaxon:1936991	1	mediadive.medium:377a
NCBITaxon:1937191	1	mediadive.medium:1076
NCBITaxon:1937692	1	mediadive.medium:514
NCBITaxon:1937790	2	mediadive.medium:830|mediadive.medium:J1154
NCBITaxon:1938	5	mediadive.medium:252|mediadive.medium:65|mediadive.medium:84|mediadive.medium:987|mediadive.medium:J42
NCBITaxon:1938353	1	mediadive.medium:1675
NCBITaxon:1938618	1	mediadive.medium:1560
NCBITaxon:1938619	1	mediadive.medium:1560
NCBITaxon:1938738	1	mediadive.medium:514
NCBITaxon:1938745	3	mediadive.medium:464|mediadive.medium:714|mediadive.medium:J26
NCBITaxon:1938746	3	mediadive.medium:464|mediadive.medium:714|mediadive.medium:J26
NCBITaxon:1938817	1	mediadive.medium:830
NCBITaxon:1938889	1	mediadive.medium:92
NCBITaxon:1940	2	mediadive.medium:65|mediadive.medium:J58
NCBITaxon:1940281	1	mediadive.medium:1618
NCBITaxon:1940284	1	mediadive.medium:514
NCBITaxon:1940291	1	mediadive.medium:92
NCBITaxon:1940525	2	mediadive.medium:1534|mediadive.medium:J1123
NCBITaxon:1940526	2	mediadive.medium:1534|mediadive.medium:J1122
NCBITaxon:1940610	1	mediadive.medium:830
NCBITaxon:1940611	3	mediadive.medium:92|mediadive.medium:J26|mediadive.medium:J28
NCBITaxon:1940612	2	mediadive.medium:1|mediadive.medium:535
NCBITaxon:1940615	1	mediadive.medium:1
NCBITaxon:1940617	5	mediadive.medium:535|mediadive.medium:65|mediadive.medium:830|mediadive.medium:J26|mediadive.medium:J61
NCBITaxon:1940789	4	mediadive.medium:339|mediadive.medium:58|mediadive.medium:693|mediadive.medium:92
NCBITaxon:1940790	2	mediadive.medium:1527|mediadive.medium:J983
NCBITaxon:1941	2	mediadive.medium:65|mediadive.medium:J42
NCBITaxon:1941349	2	mediadive.medium:1527|mediadive.medium:J1177
NCBITaxon:194197	1	mediadive.medium:429
NCBITaxon:1942	5	mediadive.medium:65|mediadive.medium:84|mediadive.medium:J45|mediadive.medium:J58|mediadive.medium:J61
NCBITaxon:194249	20	mediadive.medium:1|mediadive.medium:215|mediadive.medium:215b|mediadive.medium:220|mediadive.medium:354|mediadive.medium:381|mediadive.medium:426|mediadive.medium:453|mediadive.medium:457b|mediadive.medium:461a|mediadive.medium:462|mediadive.medium:53|mediadive.medium:535|mediadive.medium:65|mediadive.medium:693|mediadive.medium:81|mediadive.medium:830|mediadive.medium:92|mediadive.medium:987|mediadive.medium:J43
NCBITaxon:1943	5	mediadive.medium:65|mediadive.medium:84|mediadive.medium:J42|mediadive.medium:J45|mediadive.medium:J50
NCBITaxon:194326	1	mediadive.medium:11
NCBITaxon:1943576	1	mediadive.medium:514f
NCBITaxon:1943631	2	mediadive.medium:1|mediadive.medium:462
NCBITaxon:1944	5	mediadive.medium:252|mediadive.medium:65|mediadive.medium:84|mediadive.medium:987|mediadive.medium:J42
NCBITaxon:1945634	1	mediadive.medium:104c
NCBITaxon:1945871	2	mediadive.medium:1668|mediadive.medium:J1130
NCBITaxon:1946	5	mediadive.medium:553|mediadive.medium:65|mediadive.medium:84|mediadive.medium:987|mediadive.medium:J45
NCBITaxon:194673	7	mediadive.medium:1054|mediadive.medium:514|mediadive.medium:65|mediadive.medium:84|mediadive.medium:J50|mediadive.medium:J58|mediadive.medium:J66
NCBITaxon:1947	2	mediadive.medium:65|mediadive.medium:J66
NCBITaxon:194702	3	mediadive.medium:1203|mediadive.medium:429|mediadive.medium:693
NCBITaxon:1948	4	mediadive.medium:65|mediadive.medium:84|mediadive.medium:J42|mediadive.medium:J58
NCBITaxon:194841	1	mediadive.medium:35
NCBITaxon:194963	3	mediadive.medium:1|mediadive.medium:830|mediadive.medium:98
NCBITaxon:195	4	mediadive.medium:215|mediadive.medium:693|mediadive.medium:J14|mediadive.medium:J256
NCBITaxon:1950	6	mediadive.medium:252|mediadive.medium:65|mediadive.medium:84|mediadive.medium:987|mediadive.medium:J58|mediadive.medium:J66
NCBITaxon:195064	2	mediadive.medium:27|mediadive.medium:28
NCBITaxon:195088	1	mediadive.medium:1
NCBITaxon:1951	6	mediadive.medium:248|mediadive.medium:65|mediadive.medium:83|mediadive.medium:J43|mediadive.medium:J58|mediadive.medium:J66
NCBITaxon:195103	6	mediadive.medium:110|mediadive.medium:1203a|mediadive.medium:693|mediadive.medium:78|mediadive.medium:J13|mediadive.medium:J14
NCBITaxon:1952	7	mediadive.medium:65|mediadive.medium:84|mediadive.medium:J43|mediadive.medium:J45|mediadive.medium:J54|mediadive.medium:J61|mediadive.medium:J66
NCBITaxon:1953771	2	mediadive.medium:1|mediadive.medium:830
NCBITaxon:1954	4	mediadive.medium:252|mediadive.medium:65|mediadive.medium:84|mediadive.medium:J50
NCBITaxon:1954376	1	mediadive.medium:255
NCBITaxon:1954479	1	mediadive.medium:514
NCBITaxon:1954480	1	mediadive.medium:514
NCBITaxon:1954483	1	mediadive.medium:92
NCBITaxon:1954492	7	mediadive.medium:1159|mediadive.medium:1240|mediadive.medium:1261|mediadive.medium:514|mediadive.medium:65|mediadive.medium:987|mediadive.medium:993
NCBITaxon:1955	5	mediadive.medium:1763|mediadive.medium:252|mediadive.medium:65|mediadive.medium:84|mediadive.medium:J58
NCBITaxon:1955013	2	mediadive.medium:693|mediadive.medium:92
NCBITaxon:195522	2	mediadive.medium:760|mediadive.medium:J811
NCBITaxon:1955243	8	mediadive.medium:104|mediadive.medium:119|mediadive.medium:1611|mediadive.medium:1669|mediadive.medium:339|mediadive.medium:693|mediadive.medium:78|mediadive.medium:915
NCBITaxon:1955250	2	mediadive.medium:830|mediadive.medium:J346
NCBITaxon:1955255	1	mediadive.medium:514
NCBITaxon:1956	3	mediadive.medium:65|mediadive.medium:84|mediadive.medium:J66
NCBITaxon:1957	6	mediadive.medium:215|mediadive.medium:65|mediadive.medium:83|mediadive.medium:84|mediadive.medium:987|mediadive.medium:J61
NCBITaxon:195748	3	mediadive.medium:65|mediadive.medium:92|mediadive.medium:J26
NCBITaxon:195749	6	mediadive.medium:215|mediadive.medium:535|mediadive.medium:553|mediadive.medium:65|mediadive.medium:92|mediadive.medium:J26
NCBITaxon:195801	4	mediadive.medium:252|mediadive.medium:65|mediadive.medium:J43|mediadive.medium:J50
NCBITaxon:1958780	1	mediadive.medium:110a
NCBITaxon:1958811	1	mediadive.medium:1113
NCBITaxon:1958893	1	mediadive.medium:381
NCBITaxon:1958931	2	mediadive.medium:830|mediadive.medium:852
NCBITaxon:195913	2	mediadive.medium:514|mediadive.medium:J118
NCBITaxon:195930	1	mediadive.medium:220
NCBITaxon:196	1	mediadive.medium:693
NCBITaxon:1960	7	mediadive.medium:65|mediadive.medium:84|mediadive.medium:J42|mediadive.medium:J43|mediadive.medium:J50|mediadive.medium:J58|mediadive.medium:J66
NCBITaxon:1960083	2	mediadive.medium:1029|mediadive.medium:693
NCBITaxon:1960103	2	mediadive.medium:215|mediadive.medium:693
NCBITaxon:1960125	1	mediadive.medium:514
NCBITaxon:1960156	1	mediadive.medium:830
NCBITaxon:196023	3	mediadive.medium:220|mediadive.medium:693|mediadive.medium:92
NCBITaxon:196024	3	mediadive.medium:535|mediadive.medium:693|mediadive.medium:92
NCBITaxon:1960284	1	mediadive.medium:514
NCBITaxon:1960294	1	mediadive.medium:830
NCBITaxon:1960308	1	mediadive.medium:535
NCBITaxon:1960309	2	mediadive.medium:514|mediadive.medium:65
NCBITaxon:1960589	1	mediadive.medium:220
NCBITaxon:1960874	3	mediadive.medium:1|mediadive.medium:65|mediadive.medium:J48
NCBITaxon:1960880	1	mediadive.medium:535
NCBITaxon:1960881	2	mediadive.medium:312|mediadive.medium:830
NCBITaxon:1961	4	mediadive.medium:252|mediadive.medium:65|mediadive.medium:84|mediadive.medium:J42
NCBITaxon:196164	4	mediadive.medium:535|mediadive.medium:535a|mediadive.medium:693|mediadive.medium:J26
NCBITaxon:1961697	1	mediadive.medium:1468
NCBITaxon:1962118	3	mediadive.medium:645|mediadive.medium:J26|mediadive.medium:J386
NCBITaxon:1962131	1	mediadive.medium:104
NCBITaxon:1962263	6	mediadive.medium:104|mediadive.medium:104b|mediadive.medium:104c|mediadive.medium:1203|mediadive.medium:1203a|mediadive.medium:693
NCBITaxon:1962348	2	mediadive.medium:514|mediadive.medium:514d
NCBITaxon:1962667	1	mediadive.medium:9
NCBITaxon:1962857	1	mediadive.medium:480a
NCBITaxon:1962973	1	mediadive.medium:830
NCBITaxon:1962974	1	mediadive.medium:830
NCBITaxon:1962976	1	mediadive.medium:830
NCBITaxon:1962977	2	mediadive.medium:553|mediadive.medium:987
NCBITaxon:1963	4	mediadive.medium:65|mediadive.medium:84|mediadive.medium:J42|mediadive.medium:J51
NCBITaxon:1963358	1	mediadive.medium:92
NCBITaxon:1963359	1	mediadive.medium:1
NCBITaxon:196367	2	mediadive.medium:220|mediadive.medium:J75
NCBITaxon:1963772	1	mediadive.medium:830
NCBITaxon:1964193	1	mediadive.medium:514
NCBITaxon:1964194	1	mediadive.medium:959
NCBITaxon:1964209	1	mediadive.medium:514
NCBITaxon:1965231	1	mediadive.medium:693
NCBITaxon:1965234	1	mediadive.medium:1076b
NCBITaxon:1965289	1	mediadive.medium:63
NCBITaxon:1965292	1	mediadive.medium:110
NCBITaxon:1965294	1	mediadive.medium:104
NCBITaxon:1965302	1	mediadive.medium:110
NCBITaxon:1965305	2	mediadive.medium:110|mediadive.medium:78
NCBITaxon:1965318	2	mediadive.medium:1474|mediadive.medium:J1328
NCBITaxon:1965322	1	mediadive.medium:830
NCBITaxon:1965334	1	mediadive.medium:9
NCBITaxon:196587	1	mediadive.medium:514
NCBITaxon:196588	1	mediadive.medium:791
NCBITaxon:196627	4	mediadive.medium:215|mediadive.medium:535|mediadive.medium:535a|mediadive.medium:J26
NCBITaxon:1966345	1	mediadive.medium:514
NCBITaxon:1966350	1	mediadive.medium:141c
NCBITaxon:1966352	3	mediadive.medium:329|mediadive.medium:479|mediadive.medium:525a
NCBITaxon:1967	4	mediadive.medium:252|mediadive.medium:65|mediadive.medium:84|mediadive.medium:J61
NCBITaxon:1967783	2	mediadive.medium:1|mediadive.medium:1793
NCBITaxon:1968	3	mediadive.medium:65|mediadive.medium:84|mediadive.medium:J42
NCBITaxon:1968433	2	mediadive.medium:830|mediadive.medium:J804
NCBITaxon:1968834	1	mediadive.medium:830
NCBITaxon:1968895	2	mediadive.medium:141c|mediadive.medium:613
NCBITaxon:1968902	2	mediadive.medium:215|mediadive.medium:693
NCBITaxon:1968903	1	mediadive.medium:830
NCBITaxon:1969	4	mediadive.medium:65|mediadive.medium:84|mediadive.medium:J42|mediadive.medium:J66
NCBITaxon:1969108	1	mediadive.medium:1008
NCBITaxon:1969402	1	mediadive.medium:92
NCBITaxon:1969783	1	mediadive.medium:220
NCBITaxon:197	4	mediadive.medium:544|mediadive.medium:693|mediadive.medium:J14|mediadive.medium:J256
NCBITaxon:1970	3	mediadive.medium:252|mediadive.medium:65|mediadive.medium:J42
NCBITaxon:1970735	5	mediadive.medium:535|mediadive.medium:554|mediadive.medium:65|mediadive.medium:83|mediadive.medium:J104
NCBITaxon:1970738	2	mediadive.medium:215|mediadive.medium:535
NCBITaxon:1971	3	mediadive.medium:65|mediadive.medium:84|mediadive.medium:J42
NCBITaxon:1971211	1	mediadive.medium:92
NCBITaxon:1971214	3	mediadive.medium:104|mediadive.medium:693|mediadive.medium:78
NCBITaxon:1971234	1	mediadive.medium:514
NCBITaxon:1971397	2	mediadive.medium:1735|mediadive.medium:830
NCBITaxon:1971605	1	mediadive.medium:1611
NCBITaxon:1971739	1	mediadive.medium:514
NCBITaxon:1972	3	mediadive.medium:65|mediadive.medium:84|mediadive.medium:J43
NCBITaxon:1972068	1	mediadive.medium:1304
NCBITaxon:1972202	1	mediadive.medium:514
NCBITaxon:1972222	1	mediadive.medium:215
NCBITaxon:1972664	1	mediadive.medium:535
NCBITaxon:1972704	5	mediadive.medium:514|mediadive.medium:514d|mediadive.medium:535|mediadive.medium:830|mediadive.medium:92
NCBITaxon:1972855	1	mediadive.medium:104b
NCBITaxon:1972863	2	mediadive.medium:215|mediadive.medium:514
NCBITaxon:1973002	1	mediadive.medium:1697
NCBITaxon:1973139	2	mediadive.medium:1399|mediadive.medium:372
NCBITaxon:1973259	2	mediadive.medium:88c|mediadive.medium:J1227
NCBITaxon:1973495	3	mediadive.medium:1|mediadive.medium:693|mediadive.medium:92
NCBITaxon:1973496	1	mediadive.medium:9
NCBITaxon:1974215	1	mediadive.medium:535
NCBITaxon:197479	1	mediadive.medium:514
NCBITaxon:197482	1	mediadive.medium:514
NCBITaxon:197614	3	mediadive.medium:693|mediadive.medium:92|mediadive.medium:J14
NCBITaxon:1977084	3	mediadive.medium:514|mediadive.medium:736|mediadive.medium:92
NCBITaxon:1977292	1	mediadive.medium:1484
NCBITaxon:1977564	3	mediadive.medium:220|mediadive.medium:465e|mediadive.medium:830
NCBITaxon:1978225	1	mediadive.medium:830
NCBITaxon:1978372	2	mediadive.medium:514|mediadive.medium:92
NCBITaxon:1978490	1	mediadive.medium:220
NCBITaxon:1978491	1	mediadive.medium:514
NCBITaxon:1978524	1	mediadive.medium:514
NCBITaxon:1978549	1	mediadive.medium:830
NCBITaxon:1979212	1	mediadive.medium:1519
NCBITaxon:1979401	1	mediadive.medium:514
NCBITaxon:198	1	mediadive.medium:429
NCBITaxon:1980281	2	mediadive.medium:215c|mediadive.medium:693
NCBITaxon:198092	1	mediadive.medium:535
NCBITaxon:198093	1	mediadive.medium:535
NCBITaxon:198119	1	mediadive.medium:220
NCBITaxon:1981331	1	mediadive.medium:213
NCBITaxon:1981510	2	mediadive.medium:104|mediadive.medium:J14
NCBITaxon:1981791	1	mediadive.medium:640
NCBITaxon:198312	2	mediadive.medium:514|mediadive.medium:J28
NCBITaxon:1983407	1	mediadive.medium:514
NCBITaxon:198347	1	mediadive.medium:339
NCBITaxon:1983706	3	mediadive.medium:92|mediadive.medium:J256|mediadive.medium:J26
NCBITaxon:198437	8	mediadive.medium:1|mediadive.medium:215|mediadive.medium:220|mediadive.medium:457|mediadive.medium:462|mediadive.medium:535|mediadive.medium:65|mediadive.medium:830
NCBITaxon:198467	1	mediadive.medium:1
NCBITaxon:198480	1	mediadive.medium:545
NCBITaxon:198481	1	mediadive.medium:545
NCBITaxon:198482	1	mediadive.medium:92
NCBITaxon:198483	1	mediadive.medium:92
NCBITaxon:198484	1	mediadive.medium:92
NCBITaxon:1985464	1	mediadive.medium:92
NCBITaxon:1986155	2	mediadive.medium:693|mediadive.medium:92
NCBITaxon:198618	4	mediadive.medium:1a|mediadive.medium:220|mediadive.medium:461c|mediadive.medium:J27
NCBITaxon:198620	7	mediadive.medium:1|mediadive.medium:1749|mediadive.medium:1a|mediadive.medium:220|mediadive.medium:907|mediadive.medium:92|mediadive.medium:J22
NCBITaxon:198703	3	mediadive.medium:534|mediadive.medium:997|mediadive.medium:J344
NCBITaxon:198706	2	mediadive.medium:428|mediadive.medium:830c
NCBITaxon:1987062	3	mediadive.medium:53|mediadive.medium:J27|mediadive.medium:J70
NCBITaxon:1987063	4	mediadive.medium:693|mediadive.medium:92|mediadive.medium:J27|mediadive.medium:J70
NCBITaxon:1987064	4	mediadive.medium:693|mediadive.medium:92|mediadive.medium:J27|mediadive.medium:J70
NCBITaxon:1987356	2	mediadive.medium:1167|mediadive.medium:830
NCBITaxon:1987580	3	mediadive.medium:1|mediadive.medium:693|mediadive.medium:92
NCBITaxon:1987584	1	mediadive.medium:514
NCBITaxon:198832	1	mediadive.medium:514
NCBITaxon:1989	14	mediadive.medium:214|mediadive.medium:215|mediadive.medium:425|mediadive.medium:514|mediadive.medium:535|mediadive.medium:553|mediadive.medium:554|mediadive.medium:65|mediadive.medium:830|mediadive.medium:84|mediadive.medium:987|mediadive.medium:J202|mediadive.medium:J43|mediadive.medium:J52
NCBITaxon:199	2	mediadive.medium:413|mediadive.medium:693
NCBITaxon:1991	5	mediadive.medium:553|mediadive.medium:554|mediadive.medium:65|mediadive.medium:J51|mediadive.medium:J61
NCBITaxon:199136	2	mediadive.medium:92|mediadive.medium:J26
NCBITaxon:1992	4	mediadive.medium:252|mediadive.medium:65|mediadive.medium:84|mediadive.medium:J42
NCBITaxon:1993	6	mediadive.medium:425|mediadive.medium:426|mediadive.medium:570|mediadive.medium:65|mediadive.medium:80|mediadive.medium:84
NCBITaxon:1993553	1	mediadive.medium:535
NCBITaxon:1994	4	mediadive.medium:554|mediadive.medium:65|mediadive.medium:84|mediadive.medium:J58
NCBITaxon:199591	3	mediadive.medium:693|mediadive.medium:92|mediadive.medium:J26
NCBITaxon:199592	3	mediadive.medium:220|mediadive.medium:693|mediadive.medium:92
NCBITaxon:199596	1	mediadive.medium:1181
NCBITaxon:1996	4	mediadive.medium:214|mediadive.medium:65|mediadive.medium:84|mediadive.medium:J52
NCBITaxon:1997	4	mediadive.medium:553|mediadive.medium:65|mediadive.medium:J51|mediadive.medium:J52
NCBITaxon:1999	4	mediadive.medium:65|mediadive.medium:84|mediadive.medium:J42|mediadive.medium:J55
NCBITaxon:2	8	mediadive.medium:1027|mediadive.medium:1266|mediadive.medium:1677|mediadive.medium:535|mediadive.medium:554|mediadive.medium:65|mediadive.medium:830|mediadive.medium:84
NCBITaxon:2000	2	mediadive.medium:65|mediadive.medium:84
NCBITaxon:2001	5	mediadive.medium:214|mediadive.medium:252|mediadive.medium:554|mediadive.medium:65|mediadive.medium:84
NCBITaxon:200132	1	mediadive.medium:535
NCBITaxon:2002	5	mediadive.medium:214|mediadive.medium:83|mediadive.medium:84|mediadive.medium:J202|mediadive.medium:J51
NCBITaxon:200252	2	mediadive.medium:464|mediadive.medium:J851
NCBITaxon:200253	3	mediadive.medium:1207|mediadive.medium:1484|mediadive.medium:J795
NCBITaxon:200254	2	mediadive.medium:586|mediadive.medium:830
NCBITaxon:2002775	3	mediadive.medium:133|mediadive.medium:791|mediadive.medium:J303
NCBITaxon:2003188	2	mediadive.medium:104|mediadive.medium:J14
NCBITaxon:2003697	1	mediadive.medium:640
NCBITaxon:200378	3	mediadive.medium:426|mediadive.medium:65|mediadive.medium:J43
NCBITaxon:200379	3	mediadive.medium:65|mediadive.medium:J51|mediadive.medium:J58
NCBITaxon:200450	2	mediadive.medium:1a|mediadive.medium:220a
NCBITaxon:200451	2	mediadive.medium:1a|mediadive.medium:220a
NCBITaxon:200452	2	mediadive.medium:1a|mediadive.medium:220a
NCBITaxon:200453	2	mediadive.medium:1|mediadive.medium:220
NCBITaxon:200454	1	mediadive.medium:830c
NCBITaxon:2004547	1	mediadive.medium:1596
NCBITaxon:200476	2	mediadive.medium:1|mediadive.medium:830
NCBITaxon:2005001	1	mediadive.medium:1190
NCBITaxon:2005073	1	mediadive.medium:830
NCBITaxon:2005360	3	mediadive.medium:104|mediadive.medium:1203a|mediadive.medium:339a
NCBITaxon:2005395	1	mediadive.medium:65
NCBITaxon:2005703	1	mediadive.medium:693
NCBITaxon:2006	4	mediadive.medium:65|mediadive.medium:84|mediadive.medium:J42|mediadive.medium:J52
NCBITaxon:2006110	3	mediadive.medium:1|mediadive.medium:215|mediadive.medium:535
NCBITaxon:200615	1	mediadive.medium:27
NCBITaxon:200616	1	mediadive.medium:27
NCBITaxon:200617	1	mediadive.medium:27
NCBITaxon:200624	1	mediadive.medium:925
NCBITaxon:2008377	2	mediadive.medium:11|mediadive.medium:J853
NCBITaxon:2008380	2	mediadive.medium:11|mediadive.medium:J853
NCBITaxon:200904	2	mediadive.medium:514|mediadive.medium:J118
NCBITaxon:200905	2	mediadive.medium:220|mediadive.medium:830
NCBITaxon:200989	1	mediadive.medium:220
NCBITaxon:200990	2	mediadive.medium:992|mediadive.medium:J531
NCBITaxon:200991	1	mediadive.medium:1
NCBITaxon:201	2	mediadive.medium:693|mediadive.medium:J14
NCBITaxon:2010198	1	mediadive.medium:830
NCBITaxon:2010247	1	mediadive.medium:514
NCBITaxon:2010828	2	mediadive.medium:1578|mediadive.medium:830
NCBITaxon:2010829	1	mediadive.medium:830
NCBITaxon:201094	1	mediadive.medium:402
NCBITaxon:2011008	1	mediadive.medium:220
NCBITaxon:2011011	1	mediadive.medium:220
NCBITaxon:2011015	3	mediadive.medium:1|mediadive.medium:462|mediadive.medium:907
NCBITaxon:2012477	1	mediadive.medium:11
NCBITaxon:2012495	1	mediadive.medium:232
NCBITaxon:2013	8	mediadive.medium:1159|mediadive.medium:553|mediadive.medium:65|mediadive.medium:785|mediadive.medium:83|mediadive.medium:830|mediadive.medium:852|mediadive.medium:910
NCBITaxon:2014	8	mediadive.medium:65|mediadive.medium:83|mediadive.medium:92|mediadive.medium:940|mediadive.medium:J217|mediadive.medium:J43|mediadive.medium:J61|mediadive.medium:J66
NCBITaxon:2014065	1	mediadive.medium:600a
NCBITaxon:2014074	1	mediadive.medium:220
NCBITaxon:2014537	2	mediadive.medium:693|mediadive.medium:92
NCBITaxon:2014610	2	mediadive.medium:1646|mediadive.medium:830
NCBITaxon:2014742	2	mediadive.medium:693|mediadive.medium:92
NCBITaxon:2014920	3	mediadive.medium:248|mediadive.medium:252|mediadive.medium:65
NCBITaxon:2015592	1	mediadive.medium:92
NCBITaxon:2016499	1	mediadive.medium:736
NCBITaxon:2017	3	mediadive.medium:65|mediadive.medium:J43|mediadive.medium:J52
NCBITaxon:2017763	5	mediadive.medium:1240|mediadive.medium:1302|mediadive.medium:215|mediadive.medium:553|mediadive.medium:65
NCBITaxon:2018084	1	mediadive.medium:514
NCBITaxon:201828	2	mediadive.medium:693|mediadive.medium:92
NCBITaxon:201829	2	mediadive.medium:693|mediadive.medium:92
NCBITaxon:2018467	1	mediadive.medium:1566
NCBITaxon:2018662	1	mediadive.medium:514
NCBITaxon:2018667	2	mediadive.medium:641|mediadive.medium:J1124
NCBITaxon:2018668	3	mediadive.medium:63|mediadive.medium:641|mediadive.medium:J1125
NCBITaxon:2018669	2	mediadive.medium:641|mediadive.medium:J1125
NCBITaxon:201973	3	mediadive.medium:381|mediadive.medium:83|mediadive.medium:J346
NCBITaxon:201975	4	mediadive.medium:381|mediadive.medium:83|mediadive.medium:J346|mediadive.medium:J48
NCBITaxon:202	2	mediadive.medium:693|mediadive.medium:78
NCBITaxon:2020703	1	mediadive.medium:65
NCBITaxon:2020714	1	mediadive.medium:514f
NCBITaxon:2020716	1	mediadive.medium:830
NCBITaxon:2020870	1	mediadive.medium:514
NCBITaxon:2020963	1	mediadive.medium:58
NCBITaxon:2021	5	mediadive.medium:215|mediadive.medium:535|mediadive.medium:550|mediadive.medium:65|mediadive.medium:83
NCBITaxon:2021258	1	mediadive.medium:514
NCBITaxon:2021309	1	mediadive.medium:255
NCBITaxon:2021971	1	mediadive.medium:693
NCBITaxon:202260	1	mediadive.medium:514
NCBITaxon:2022602	2	mediadive.medium:1358|mediadive.medium:28
NCBITaxon:202261	2	mediadive.medium:514|mediadive.medium:J118
NCBITaxon:2023273	2	mediadive.medium:339|mediadive.medium:693
NCBITaxon:2023338	2	mediadive.medium:535|mediadive.medium:830
NCBITaxon:2023717	1	mediadive.medium:514f
NCBITaxon:2023875	2	mediadive.medium:65|mediadive.medium:84
NCBITaxon:2024	4	mediadive.medium:535|mediadive.medium:65|mediadive.medium:J27|mediadive.medium:J48
NCBITaxon:2024425	3	mediadive.medium:553|mediadive.medium:65|mediadive.medium:987
NCBITaxon:2024826	1	mediadive.medium:514a
NCBITaxon:2024855	4	mediadive.medium:514|mediadive.medium:514a|mediadive.medium:600a|mediadive.medium:J900
NCBITaxon:2024860	2	mediadive.medium:1|mediadive.medium:514
NCBITaxon:2024964	1	mediadive.medium:92
NCBITaxon:2024966	2	mediadive.medium:1578|mediadive.medium:987
NCBITaxon:2024995	1	mediadive.medium:514
NCBITaxon:2025	6	mediadive.medium:1259|mediadive.medium:514|mediadive.medium:535a|mediadive.medium:65|mediadive.medium:693|mediadive.medium:83
NCBITaxon:2025039	3	mediadive.medium:104|mediadive.medium:1669|mediadive.medium:J27
NCBITaxon:2025884	1	mediadive.medium:693
NCBITaxon:2026	14	mediadive.medium:214|mediadive.medium:215|mediadive.medium:248|mediadive.medium:453|mediadive.medium:550|mediadive.medium:553|mediadive.medium:65|mediadive.medium:658|mediadive.medium:83|mediadive.medium:84|mediadive.medium:J475|mediadive.medium:J48|mediadive.medium:J49|mediadive.medium:J51
NCBITaxon:2026255	2	mediadive.medium:514|mediadive.medium:693
NCBITaxon:2026353	3	mediadive.medium:535|mediadive.medium:65|mediadive.medium:714
NCBITaxon:2026604	1	mediadive.medium:215
NCBITaxon:2026658	1	mediadive.medium:92
NCBITaxon:202746	1	mediadive.medium:1801
NCBITaxon:202750	2	mediadive.medium:92|mediadive.medium:J22
NCBITaxon:202752	3	mediadive.medium:215|mediadive.medium:693|mediadive.medium:J27
NCBITaxon:202772	1	mediadive.medium:514
NCBITaxon:2027872	1	mediadive.medium:215
NCBITaxon:202789	2	mediadive.medium:104|mediadive.medium:429b
NCBITaxon:2028108	1	mediadive.medium:514
NCBITaxon:2028282	1	mediadive.medium:255
NCBITaxon:2028574	3	mediadive.medium:429|mediadive.medium:535|mediadive.medium:545
NCBITaxon:2028575	1	mediadive.medium:429
NCBITaxon:2028576	3	mediadive.medium:535|mediadive.medium:545|mediadive.medium:693
NCBITaxon:2029103	1	mediadive.medium:514
NCBITaxon:202948	2	mediadive.medium:693|mediadive.medium:92
NCBITaxon:202950	4	mediadive.medium:220|mediadive.medium:535|mediadive.medium:693|mediadive.medium:830
NCBITaxon:202955	2	mediadive.medium:220|mediadive.medium:535
NCBITaxon:202956	2	mediadive.medium:220|mediadive.medium:535
NCBITaxon:2029681	1	mediadive.medium:535
NCBITaxon:2029685	1	mediadive.medium:535
NCBITaxon:2029754	1	mediadive.medium:67
NCBITaxon:2029884	1	mediadive.medium:535
NCBITaxon:203	3	mediadive.medium:338|mediadive.medium:78|mediadive.medium:J14
NCBITaxon:2030	3	mediadive.medium:553|mediadive.medium:65|mediadive.medium:J104
NCBITaxon:2030913	3	mediadive.medium:535|mediadive.medium:65|mediadive.medium:J43
NCBITaxon:203119	3	mediadive.medium:122|mediadive.medium:520|mediadive.medium:J221
NCBITaxon:203120	5	mediadive.medium:11|mediadive.medium:693|mediadive.medium:92|mediadive.medium:J13|mediadive.medium:J84
NCBITaxon:203122	1	mediadive.medium:514a
NCBITaxon:203192	4	mediadive.medium:1|mediadive.medium:830|mediadive.medium:944|mediadive.medium:J22
NCBITaxon:2033	3	mediadive.medium:53|mediadive.medium:J22|mediadive.medium:J26
NCBITaxon:2034511	1	mediadive.medium:535
NCBITaxon:2034769	2	mediadive.medium:1|mediadive.medium:535
NCBITaxon:203482	2	mediadive.medium:220|mediadive.medium:429
NCBITaxon:2035	3	mediadive.medium:1|mediadive.medium:53|mediadive.medium:92
NCBITaxon:2035225	1	mediadive.medium:950
NCBITaxon:2035343	2	mediadive.medium:354|mediadive.medium:645
NCBITaxon:2035533	2	mediadive.medium:535|mediadive.medium:65
NCBITaxon:2035834	1	mediadive.medium:92
NCBITaxon:2036	4	mediadive.medium:53|mediadive.medium:J22|mediadive.medium:J26|mediadive.medium:J475
NCBITaxon:203699	3	mediadive.medium:1|mediadive.medium:428|mediadive.medium:81
NCBITaxon:2037	1	mediadive.medium:993
NCBITaxon:203795	1	mediadive.medium:514
NCBITaxon:203799	3	mediadive.medium:830|mediadive.medium:987|mediadive.medium:J43
NCBITaxon:2038656	1	mediadive.medium:830
NCBITaxon:2038680	1	mediadive.medium:1681
NCBITaxon:2038776	1	mediadive.medium:65
NCBITaxon:2039164	1	mediadive.medium:1543
NCBITaxon:2039288	1	mediadive.medium:1543
NCBITaxon:2039455	1	mediadive.medium:65
NCBITaxon:204	5	mediadive.medium:413|mediadive.medium:693|mediadive.medium:78|mediadive.medium:J14|mediadive.medium:J70
NCBITaxon:2040258	2	mediadive.medium:553|mediadive.medium:J51
NCBITaxon:2040332	2	mediadive.medium:110|mediadive.medium:1611
NCBITaxon:204038	2	mediadive.medium:1|mediadive.medium:535
NCBITaxon:2040482	1	mediadive.medium:514
NCBITaxon:204050	1	mediadive.medium:141
NCBITaxon:204072	2	mediadive.medium:545|mediadive.medium:830c
NCBITaxon:2041	3	mediadive.medium:92|mediadive.medium:J26|mediadive.medium:J75
NCBITaxon:2041025	1	mediadive.medium:65
NCBITaxon:2041036	3	mediadive.medium:535|mediadive.medium:693|mediadive.medium:J256
NCBITaxon:2041044	2	mediadive.medium:339|mediadive.medium:J14
NCBITaxon:2041385	1	mediadive.medium:98
NCBITaxon:2041421	4	mediadive.medium:252|mediadive.medium:636|mediadive.medium:65|mediadive.medium:987
NCBITaxon:2041569	1	mediadive.medium:255
NCBITaxon:2042057	1	mediadive.medium:1
NCBITaxon:2042683	1	mediadive.medium:104
NCBITaxon:2042704	2	mediadive.medium:381|mediadive.medium:514
NCBITaxon:2042713	3	mediadive.medium:1240|mediadive.medium:1302|mediadive.medium:514
NCBITaxon:2042994	1	mediadive.medium:92
NCBITaxon:204434	2	mediadive.medium:1266|mediadive.medium:830
NCBITaxon:204455	1	mediadive.medium:514
NCBITaxon:2044587	1	mediadive.medium:339
NCBITaxon:2044847	3	mediadive.medium:252|mediadive.medium:65|mediadive.medium:84
NCBITaxon:2044856	1	mediadive.medium:830
NCBITaxon:2044912	2	mediadive.medium:693|mediadive.medium:92
NCBITaxon:2045	4	mediadive.medium:535|mediadive.medium:92|mediadive.medium:J26|mediadive.medium:J40
NCBITaxon:2045107	2	mediadive.medium:554|mediadive.medium:65
NCBITaxon:204516	2	mediadive.medium:110|mediadive.medium:J14
NCBITaxon:2045208	2	mediadive.medium:1|mediadive.medium:830
NCBITaxon:2045214	3	mediadive.medium:535|mediadive.medium:693|mediadive.medium:92
NCBITaxon:2045267	1	mediadive.medium:514f
NCBITaxon:2045438	2	mediadive.medium:58|mediadive.medium:J13
NCBITaxon:2045439	1	mediadive.medium:58
NCBITaxon:2045440	2	mediadive.medium:58|mediadive.medium:J13
NCBITaxon:2045441	2	mediadive.medium:58|mediadive.medium:J13
NCBITaxon:2045451	2	mediadive.medium:1|mediadive.medium:535
NCBITaxon:2045452	4	mediadive.medium:215|mediadive.medium:535|mediadive.medium:65|mediadive.medium:693
NCBITaxon:2047	2	mediadive.medium:693|mediadive.medium:92
NCBITaxon:204773	3	mediadive.medium:464|mediadive.medium:830|mediadive.medium:830c
NCBITaxon:2047730	2	mediadive.medium:813b|mediadive.medium:J1157
NCBITaxon:2047734	1	mediadive.medium:830
NCBITaxon:2047739	1	mediadive.medium:65
NCBITaxon:2047744	2	mediadive.medium:65|mediadive.medium:84
NCBITaxon:2047767	1	mediadive.medium:1210a
NCBITaxon:2047785	2	mediadive.medium:35a|mediadive.medium:791
NCBITaxon:204798	2	mediadive.medium:554|mediadive.medium:J45
NCBITaxon:2048549	1	mediadive.medium:464
NCBITaxon:2048550	2	mediadive.medium:354|mediadive.medium:645
NCBITaxon:2048551	2	mediadive.medium:645|mediadive.medium:65
NCBITaxon:2048558	1	mediadive.medium:514
NCBITaxon:204891	3	mediadive.medium:535|mediadive.medium:65|mediadive.medium:J43
NCBITaxon:2049024	4	mediadive.medium:104c|mediadive.medium:110a|mediadive.medium:1203a|mediadive.medium:1611
NCBITaxon:2049025	4	mediadive.medium:104|mediadive.medium:1611|mediadive.medium:339|mediadive.medium:693
NCBITaxon:2049027	4	mediadive.medium:104c|mediadive.medium:215|mediadive.medium:693|mediadive.medium:J1130
NCBITaxon:2049031	4	mediadive.medium:104c|mediadive.medium:110a|mediadive.medium:1611|mediadive.medium:330
NCBITaxon:2049040	2	mediadive.medium:104|mediadive.medium:110
NCBITaxon:2049319	2	mediadive.medium:830|mediadive.medium:J346
NCBITaxon:204936	1	mediadive.medium:503a
NCBITaxon:205	1	mediadive.medium:693
NCBITaxon:2050685	1	mediadive.medium:830
NCBITaxon:2050966	2	mediadive.medium:1|mediadive.medium:693
NCBITaxon:2050967	2	mediadive.medium:1|mediadive.medium:693
NCBITaxon:2051957	2	mediadive.medium:514d|mediadive.medium:J1251
NCBITaxon:2051959	1	mediadive.medium:1284
NCBITaxon:2052	3	mediadive.medium:104|mediadive.medium:301|mediadive.medium:693
NCBITaxon:2052656	2	mediadive.medium:58|mediadive.medium:J13
NCBITaxon:2052660	1	mediadive.medium:514
NCBITaxon:2052828	1	mediadive.medium:92
NCBITaxon:2052832	1	mediadive.medium:924
NCBITaxon:2052835	1	mediadive.medium:161
NCBITaxon:2052935	2	mediadive.medium:120d|mediadive.medium:141c
NCBITaxon:2052941	2	mediadive.medium:58|mediadive.medium:J13
NCBITaxon:2052942	1	mediadive.medium:92
NCBITaxon:2052943	1	mediadive.medium:545
NCBITaxon:2053191	1	mediadive.medium:830
NCBITaxon:205327	1	mediadive.medium:339
NCBITaxon:205328	1	mediadive.medium:339a
NCBITaxon:205332	2	mediadive.medium:92|mediadive.medium:J26
NCBITaxon:2053367	1	mediadive.medium:693
NCBITaxon:2053504	1	mediadive.medium:1484
NCBITaxon:2053530	1	mediadive.medium:29
NCBITaxon:2053590	2	mediadive.medium:960|mediadive.medium:J362
NCBITaxon:2053610	1	mediadive.medium:666
NCBITaxon:2053611	5	mediadive.medium:104|mediadive.medium:181|mediadive.medium:78|mediadive.medium:J14|mediadive.medium:J84
NCBITaxon:2053618	1	mediadive.medium:704
NCBITaxon:2053622	3	mediadive.medium:1062|mediadive.medium:121|mediadive.medium:541
NCBITaxon:2053716	2	mediadive.medium:11|mediadive.medium:J426
NCBITaxon:2054	4	mediadive.medium:426|mediadive.medium:65|mediadive.medium:830|mediadive.medium:92
NCBITaxon:2054227	2	mediadive.medium:535|mediadive.medium:545
NCBITaxon:2054280	1	mediadive.medium:92
NCBITaxon:2054410	3	mediadive.medium:252|mediadive.medium:65|mediadive.medium:84
NCBITaxon:2054422	2	mediadive.medium:252|mediadive.medium:65
NCBITaxon:2054627	1	mediadive.medium:830
NCBITaxon:2054628	1	mediadive.medium:830
NCBITaxon:2055	4	mediadive.medium:426|mediadive.medium:535|mediadive.medium:65|mediadive.medium:80
NCBITaxon:2055137	1	mediadive.medium:830
NCBITaxon:2055160	1	mediadive.medium:830
NCBITaxon:2055889	3	mediadive.medium:215|mediadive.medium:65|mediadive.medium:J43
NCBITaxon:2055946	1	mediadive.medium:92
NCBITaxon:2056433	2	mediadive.medium:65|mediadive.medium:J43
NCBITaxon:2056700	1	mediadive.medium:429c
NCBITaxon:2057025	1	mediadive.medium:830
NCBITaxon:2057246	1	mediadive.medium:104
NCBITaxon:2057800	2	mediadive.medium:104|mediadive.medium:693
NCBITaxon:2058152	2	mediadive.medium:693|mediadive.medium:92
NCBITaxon:205844	3	mediadive.medium:457|mediadive.medium:535|mediadive.medium:J118
NCBITaxon:2058762	1	mediadive.medium:514
NCBITaxon:2059322	1	mediadive.medium:1081
NCBITaxon:205941	2	mediadive.medium:514|mediadive.medium:J118
NCBITaxon:2059724	2	mediadive.medium:514f|mediadive.medium:J27
NCBITaxon:206	2	mediadive.medium:429|mediadive.medium:703
NCBITaxon:206043	3	mediadive.medium:104|mediadive.medium:693|mediadive.medium:J14
NCBITaxon:2060666	1	mediadive.medium:220
NCBITaxon:206084	1	mediadive.medium:65
NCBITaxon:2060916	2	mediadive.medium:104|mediadive.medium:693
NCBITaxon:2061	3	mediadive.medium:426|mediadive.medium:535|mediadive.medium:65
NCBITaxon:206163	2	mediadive.medium:1|mediadive.medium:220
NCBITaxon:206249	1	mediadive.medium:829c
NCBITaxon:2064	3	mediadive.medium:65|mediadive.medium:84|mediadive.medium:J50
NCBITaxon:206403	2	mediadive.medium:1011|mediadive.medium:J374
NCBITaxon:206499	1	mediadive.medium:1
NCBITaxon:2065	4	mediadive.medium:252|mediadive.medium:65|mediadive.medium:84|mediadive.medium:J58
NCBITaxon:206506	1	mediadive.medium:220
NCBITaxon:2065818	1	mediadive.medium:1400
NCBITaxon:2065821	1	mediadive.medium:142
NCBITaxon:2066	5	mediadive.medium:252|mediadive.medium:65|mediadive.medium:84|mediadive.medium:J42|mediadive.medium:J58
NCBITaxon:206665	1	mediadive.medium:383b
NCBITaxon:2067568	1	mediadive.medium:545
NCBITaxon:2067988	2	mediadive.medium:195c|mediadive.medium:383
NCBITaxon:2067992	2	mediadive.medium:1618|mediadive.medium:830
NCBITaxon:2069303	1	mediadive.medium:830
NCBITaxon:2069418	1	mediadive.medium:1399
NCBITaxon:2070366	3	mediadive.medium:554|mediadive.medium:65|mediadive.medium:J61
NCBITaxon:2070367	4	mediadive.medium:252|mediadive.medium:553|mediadive.medium:65|mediadive.medium:84
NCBITaxon:2070510	1	mediadive.medium:830
NCBITaxon:2070686	2	mediadive.medium:339|mediadive.medium:J282
NCBITaxon:2070688	3	mediadive.medium:1203a|mediadive.medium:339|mediadive.medium:J282
NCBITaxon:2072	2	mediadive.medium:65|mediadive.medium:J43
NCBITaxon:2072026	1	mediadive.medium:92
NCBITaxon:207243	2	mediadive.medium:377a|mediadive.medium:J280
NCBITaxon:2072590	1	mediadive.medium:830
NCBITaxon:207340	4	mediadive.medium:220|mediadive.medium:693|mediadive.medium:830|mediadive.medium:92
NCBITaxon:2074	6	mediadive.medium:214|mediadive.medium:535|mediadive.medium:65|mediadive.medium:80|mediadive.medium:81|mediadive.medium:J57
NCBITaxon:2075	4	mediadive.medium:214|mediadive.medium:426|mediadive.medium:65|mediadive.medium:J57
NCBITaxon:2077090	1	mediadive.medium:514
NCBITaxon:2078	2	mediadive.medium:11|mediadive.medium:J77
NCBITaxon:207827	3	mediadive.medium:514|mediadive.medium:535|mediadive.medium:65
NCBITaxon:2078585	1	mediadive.medium:514
NCBITaxon:2078658	4	mediadive.medium:311|mediadive.medium:311a|mediadive.medium:311c|mediadive.medium:J731
NCBITaxon:2078786	2	mediadive.medium:1|mediadive.medium:535
NCBITaxon:2079197	1	mediadive.medium:380a
NCBITaxon:207949	1	mediadive.medium:514c
NCBITaxon:2079535	1	mediadive.medium:535
NCBITaxon:2079791	2	mediadive.medium:514|mediadive.medium:693
NCBITaxon:2079792	1	mediadive.medium:215
NCBITaxon:2079793	5	mediadive.medium:215|mediadive.medium:535|mediadive.medium:65|mediadive.medium:830|mediadive.medium:987
NCBITaxon:2080514	1	mediadive.medium:535
NCBITaxon:2080658	2	mediadive.medium:123|mediadive.medium:514
NCBITaxon:2080740	1	mediadive.medium:535
NCBITaxon:2080742	1	mediadive.medium:92
NCBITaxon:2081794	1	mediadive.medium:693
NCBITaxon:208199	2	mediadive.medium:514|mediadive.medium:J118
NCBITaxon:2082	1	mediadive.medium:325
NCBITaxon:208223	2	mediadive.medium:693|mediadive.medium:92
NCBITaxon:208304	2	mediadive.medium:61|mediadive.medium:634
NCBITaxon:208439	2	mediadive.medium:548|mediadive.medium:J45
NCBITaxon:208442	2	mediadive.medium:65|mediadive.medium:J43
NCBITaxon:208445	3	mediadive.medium:65|mediadive.medium:J44|mediadive.medium:J57
NCBITaxon:208479	2	mediadive.medium:1203|mediadive.medium:339
NCBITaxon:208480	1	mediadive.medium:104
NCBITaxon:208602	3	mediadive.medium:553|mediadive.medium:65|mediadive.medium:J57
NCBITaxon:2086470	1	mediadive.medium:92
NCBITaxon:208958	1	mediadive.medium:535
NCBITaxon:208968	1	mediadive.medium:429
NCBITaxon:209246	1	mediadive.medium:65
NCBITaxon:209252	2	mediadive.medium:65|mediadive.medium:J57
NCBITaxon:2093377	1	mediadive.medium:9
NCBITaxon:2093422	1	mediadive.medium:9
NCBITaxon:2093423	1	mediadive.medium:9
NCBITaxon:2093781	3	mediadive.medium:830|mediadive.medium:J26|mediadive.medium:J475
NCBITaxon:2093856	2	mediadive.medium:1611|mediadive.medium:J282
NCBITaxon:2093857	1	mediadive.medium:104c
NCBITaxon:209389	1	mediadive.medium:402
NCBITaxon:2093942	2	mediadive.medium:1664|mediadive.medium:51
NCBITaxon:2094	1	mediadive.medium:1076b
NCBITaxon:2094020	1	mediadive.medium:323
NCBITaxon:2094119	1	mediadive.medium:645
NCBITaxon:2094150	5	mediadive.medium:1203a|mediadive.medium:339|mediadive.medium:78|mediadive.medium:J1130|mediadive.medium:J14
NCBITaxon:2094151	3	mediadive.medium:78|mediadive.medium:J1130|mediadive.medium:J282
NCBITaxon:209639	1	mediadive.medium:582
NCBITaxon:209650	1	mediadive.medium:1038
NCBITaxon:2097	1	mediadive.medium:1076b
NCBITaxon:2098	1	mediadive.medium:1076b
NCBITaxon:209880	1	mediadive.medium:1006
NCBITaxon:2099376	2	mediadive.medium:195c|mediadive.medium:63b
NCBITaxon:2099400	1	mediadive.medium:830
NCBITaxon:21	4	mediadive.medium:363|mediadive.medium:462|mediadive.medium:464|mediadive.medium:830
NCBITaxon:210	3	mediadive.medium:693|mediadive.medium:J256|mediadive.medium:J70
NCBITaxon:2100	1	mediadive.medium:1078
NCBITaxon:2100116	1	mediadive.medium:514f
NCBITaxon:2100528	3	mediadive.medium:65|mediadive.medium:84|mediadive.medium:J43
NCBITaxon:2100748	1	mediadive.medium:830
NCBITaxon:2100819	3	mediadive.medium:693|mediadive.medium:92|mediadive.medium:948
NCBITaxon:2104	1	mediadive.medium:1076b
NCBITaxon:2105	1	mediadive.medium:1076b
NCBITaxon:2107	1	mediadive.medium:1076b
NCBITaxon:2107999	3	mediadive.medium:11|mediadive.medium:J13|mediadive.medium:J84
NCBITaxon:2108	2	mediadive.medium:1076b|mediadive.medium:1078
NCBITaxon:2108365	1	mediadive.medium:1163
NCBITaxon:2108432	1	mediadive.medium:215
NCBITaxon:2108523	3	mediadive.medium:693|mediadive.medium:78|mediadive.medium:J677
NCBITaxon:2109267	1	mediadive.medium:104
NCBITaxon:2109646	1	mediadive.medium:830
NCBITaxon:2109647	2	mediadive.medium:693|mediadive.medium:92
NCBITaxon:2109648	2	mediadive.medium:693|mediadive.medium:92
NCBITaxon:211008	1	mediadive.medium:1592
NCBITaxon:2111	1	mediadive.medium:1076b
NCBITaxon:211113	3	mediadive.medium:65|mediadive.medium:J202|mediadive.medium:J52
NCBITaxon:211114	2	mediadive.medium:65|mediadive.medium:J58
NCBITaxon:211146	1	mediadive.medium:92
NCBITaxon:2113	1	mediadive.medium:1076b
NCBITaxon:211457	5	mediadive.medium:1|mediadive.medium:1052|mediadive.medium:381|mediadive.medium:535|mediadive.medium:830
NCBITaxon:211460	1	mediadive.medium:585
NCBITaxon:2115	1	mediadive.medium:1076b
NCBITaxon:212020	2	mediadive.medium:514|mediadive.medium:J118
NCBITaxon:212021	2	mediadive.medium:514|mediadive.medium:J118
NCBITaxon:2121	1	mediadive.medium:1076b
NCBITaxon:212194	1	mediadive.medium:1
NCBITaxon:212218	1	mediadive.medium:1500
NCBITaxon:212403	2	mediadive.medium:514|mediadive.medium:J118
NCBITaxon:2125	1	mediadive.medium:1076b
NCBITaxon:2125990	2	mediadive.medium:198|mediadive.medium:J1166
NCBITaxon:2126011	2	mediadive.medium:65|mediadive.medium:J43
NCBITaxon:2126346	2	mediadive.medium:65|mediadive.medium:693
NCBITaxon:2126352	1	mediadive.medium:1
NCBITaxon:2126436	1	mediadive.medium:92
NCBITaxon:2126555	4	mediadive.medium:514|mediadive.medium:535|mediadive.medium:65|mediadive.medium:83
NCBITaxon:212659	1	mediadive.medium:220
NCBITaxon:212663	1	mediadive.medium:514
NCBITaxon:212667	1	mediadive.medium:514
NCBITaxon:2126983	1	mediadive.medium:1
NCBITaxon:212765	3	mediadive.medium:354|mediadive.medium:645|mediadive.medium:J386
NCBITaxon:213224	2	mediadive.medium:981|mediadive.medium:J416
NCBITaxon:213231	2	mediadive.medium:282|mediadive.medium:J232
NCBITaxon:213248	1	mediadive.medium:514
NCBITaxon:2133	1	mediadive.medium:1076b
NCBITaxon:213312	1	mediadive.medium:1
NCBITaxon:2133928	1	mediadive.medium:92
NCBITaxon:2133941	1	mediadive.medium:514
NCBITaxon:2133960	2	mediadive.medium:830|mediadive.medium:J346
NCBITaxon:2134	1	mediadive.medium:1076b
NCBITaxon:2135459	1	mediadive.medium:213
NCBITaxon:213554	1	mediadive.medium:1034
NCBITaxon:213588	1	mediadive.medium:86
NCBITaxon:2136109	3	mediadive.medium:1|mediadive.medium:535|mediadive.medium:830
NCBITaxon:2136323	2	mediadive.medium:1|mediadive.medium:242
NCBITaxon:213680	2	mediadive.medium:603|mediadive.medium:J601
NCBITaxon:2137581	1	mediadive.medium:693
NCBITaxon:213806	2	mediadive.medium:935|mediadive.medium:J365
NCBITaxon:2138083	2	mediadive.medium:479a|mediadive.medium:J1218
NCBITaxon:213810	2	mediadive.medium:436|mediadive.medium:J675
NCBITaxon:2139	1	mediadive.medium:1076b
NCBITaxon:214014	4	mediadive.medium:104|mediadive.medium:693|mediadive.medium:J14|mediadive.medium:J740
NCBITaxon:2142	1	mediadive.medium:1076b
NCBITaxon:2143	1	mediadive.medium:1076b
NCBITaxon:214325	1	mediadive.medium:11
NCBITaxon:214326	3	mediadive.medium:11|mediadive.medium:J13|mediadive.medium:J84
NCBITaxon:2144174	1	mediadive.medium:65
NCBITaxon:2144175	1	mediadive.medium:104b
NCBITaxon:214473	1	mediadive.medium:92
NCBITaxon:214688	1	mediadive.medium:629
NCBITaxon:2148	1	mediadive.medium:1076b
NCBITaxon:214853	3	mediadive.medium:1203|mediadive.medium:339|mediadive.medium:58
NCBITaxon:215	1	mediadive.medium:693
NCBITaxon:215200	1	mediadive.medium:78
NCBITaxon:215580	3	mediadive.medium:381|mediadive.medium:428|mediadive.medium:535
NCBITaxon:215590	1	mediadive.medium:1
NCBITaxon:215743	1	mediadive.medium:514
NCBITaxon:215803	3	mediadive.medium:1602|mediadive.medium:958|mediadive.medium:J341
NCBITaxon:216	1	mediadive.medium:693
NCBITaxon:2161	3	mediadive.medium:119|mediadive.medium:1523|mediadive.medium:825
NCBITaxon:216142	1	mediadive.medium:1
NCBITaxon:2161674	3	mediadive.medium:252|mediadive.medium:65|mediadive.medium:84
NCBITaxon:2162	4	mediadive.medium:119|mediadive.medium:1523|mediadive.medium:825|mediadive.medium:825a
NCBITaxon:2163172	1	mediadive.medium:1
NCBITaxon:2164	3	mediadive.medium:119|mediadive.medium:141|mediadive.medium:1523
NCBITaxon:2164149	1	mediadive.medium:104
NCBITaxon:216465	2	mediadive.medium:1a|mediadive.medium:830
NCBITaxon:216778	7	mediadive.medium:1|mediadive.medium:1015|mediadive.medium:220|mediadive.medium:535|mediadive.medium:54|mediadive.medium:545|mediadive.medium:J22
NCBITaxon:216903	1	mediadive.medium:545
NCBITaxon:216929	2	mediadive.medium:645|mediadive.medium:J26
NCBITaxon:216931	1	mediadive.medium:1076b
NCBITaxon:216932	1	mediadive.medium:1076b
NCBITaxon:216934	1	mediadive.medium:1076b
NCBITaxon:216938	1	mediadive.medium:1076b
NCBITaxon:216942	1	mediadive.medium:1076b
NCBITaxon:216943	1	mediadive.medium:1076b
NCBITaxon:216946	1	mediadive.medium:1076b
NCBITaxon:216947	1	mediadive.medium:1076b
NCBITaxon:2169526	1	mediadive.medium:11
NCBITaxon:217041	2	mediadive.medium:829|mediadive.medium:J367
NCBITaxon:217067	3	mediadive.medium:628|mediadive.medium:J346|mediadive.medium:J631
NCBITaxon:217068	1	mediadive.medium:628
NCBITaxon:217069	2	mediadive.medium:1|mediadive.medium:830
NCBITaxon:217090	1	mediadive.medium:220
NCBITaxon:2171	1	mediadive.medium:119
NCBITaxon:2171554	1	mediadive.medium:514
NCBITaxon:217158	2	mediadive.medium:104c|mediadive.medium:339a
NCBITaxon:217159	1	mediadive.medium:104c
NCBITaxon:2171622	5	mediadive.medium:535|mediadive.medium:553|mediadive.medium:65|mediadive.medium:J26|mediadive.medium:J28
NCBITaxon:217168	1	mediadive.medium:1
NCBITaxon:2171755	3	mediadive.medium:514|mediadive.medium:J118|mediadive.medium:J41
NCBITaxon:2172015	3	mediadive.medium:554|mediadive.medium:65|mediadive.medium:J43
NCBITaxon:217203	3	mediadive.medium:1|mediadive.medium:220|mediadive.medium:693
NCBITaxon:217204	1	mediadive.medium:1
NCBITaxon:2172043	1	mediadive.medium:58
NCBITaxon:2173034	2	mediadive.medium:1040|mediadive.medium:J1190
NCBITaxon:2173829	2	mediadive.medium:830|mediadive.medium:J346
NCBITaxon:2173853	1	mediadive.medium:92
NCBITaxon:217495	1	mediadive.medium:220
NCBITaxon:217511	1	mediadive.medium:514
NCBITaxon:2177	1	mediadive.medium:329
NCBITaxon:218	2	mediadive.medium:1279|mediadive.medium:693
NCBITaxon:2180	1	mediadive.medium:203
NCBITaxon:2181	2	mediadive.medium:203|mediadive.medium:J251
NCBITaxon:218139	2	mediadive.medium:58|mediadive.medium:J291
NCBITaxon:218144	2	mediadive.medium:693|mediadive.medium:92
NCBITaxon:218206	1	mediadive.medium:195c
NCBITaxon:2182797	2	mediadive.medium:65|mediadive.medium:84
NCBITaxon:2183934	4	mediadive.medium:1338|mediadive.medium:1472|mediadive.medium:514|mediadive.medium:545
NCBITaxon:2184419	2	mediadive.medium:104b|mediadive.medium:640
NCBITaxon:218493	2	mediadive.medium:693|mediadive.medium:92
NCBITaxon:2185141	1	mediadive.medium:514
NCBITaxon:2185285	1	mediadive.medium:830
NCBITaxon:218672	1	mediadive.medium:514
NCBITaxon:218673	1	mediadive.medium:514
NCBITaxon:2187	3	mediadive.medium:119|mediadive.medium:141|mediadive.medium:J265
NCBITaxon:2188	3	mediadive.medium:141|mediadive.medium:391|mediadive.medium:924
NCBITaxon:218821	3	mediadive.medium:554|mediadive.medium:65|mediadive.medium:J42
NCBITaxon:218822	2	mediadive.medium:65|mediadive.medium:J57
NCBITaxon:218823	4	mediadive.medium:554|mediadive.medium:65|mediadive.medium:J43|mediadive.medium:J57
NCBITaxon:218936	2	mediadive.medium:220|mediadive.medium:429
NCBITaxon:2193	1	mediadive.medium:1523
NCBITaxon:219301	4	mediadive.medium:693|mediadive.medium:92|mediadive.medium:J256|mediadive.medium:J28
NCBITaxon:219572	5	mediadive.medium:220|mediadive.medium:220a|mediadive.medium:535|mediadive.medium:830|mediadive.medium:907
NCBITaxon:219574	1	mediadive.medium:220
NCBITaxon:2196	1	mediadive.medium:141b
NCBITaxon:219649	1	mediadive.medium:830
NCBITaxon:2198	2	mediadive.medium:141|mediadive.medium:141b
NCBITaxon:2199	2	mediadive.medium:141|mediadive.medium:373
NCBITaxon:2200	3	mediadive.medium:119|mediadive.medium:141|mediadive.medium:1523
NCBITaxon:2200759	3	mediadive.medium:252|mediadive.medium:65|mediadive.medium:84
NCBITaxon:2200761	2	mediadive.medium:65|mediadive.medium:J43
NCBITaxon:2201	1	mediadive.medium:1523
NCBITaxon:2201018	1	mediadive.medium:1570
NCBITaxon:2201189	2	mediadive.medium:964|mediadive.medium:J1210
NCBITaxon:2201249	1	mediadive.medium:11
NCBITaxon:2201250	1	mediadive.medium:11
NCBITaxon:2203	4	mediadive.medium:119|mediadive.medium:1523|mediadive.medium:1718|mediadive.medium:374
NCBITaxon:2203715	2	mediadive.medium:554|mediadive.medium:65
NCBITaxon:220378	7	mediadive.medium:1159|mediadive.medium:514|mediadive.medium:535|mediadive.medium:553|mediadive.medium:871|mediadive.medium:987|mediadive.medium:J569
NCBITaxon:220670	2	mediadive.medium:11b|mediadive.medium:58
NCBITaxon:220752	2	mediadive.medium:514|mediadive.medium:J118
NCBITaxon:220753	1	mediadive.medium:514
NCBITaxon:220754	2	mediadive.medium:514|mediadive.medium:J118
NCBITaxon:2208	2	mediadive.medium:120|mediadive.medium:120a
NCBITaxon:2209	9	mediadive.medium:120|mediadive.medium:120a|mediadive.medium:120c|mediadive.medium:120d|mediadive.medium:141c|mediadive.medium:318|mediadive.medium:825a|mediadive.medium:924b|mediadive.medium:J230
NCBITaxon:220927	2	mediadive.medium:645|mediadive.medium:J386
NCBITaxon:2210	3	mediadive.medium:120|mediadive.medium:317|mediadive.medium:318
NCBITaxon:221028	1	mediadive.medium:220
NCBITaxon:221126	2	mediadive.medium:514|mediadive.medium:J118
NCBITaxon:2212460	1	mediadive.medium:503
NCBITaxon:2212461	2	mediadive.medium:1417|mediadive.medium:628
NCBITaxon:2212479	3	mediadive.medium:250|mediadive.medium:645|mediadive.medium:65
NCBITaxon:221276	1	mediadive.medium:92
NCBITaxon:221294	1	mediadive.medium:1727
NCBITaxon:2213	4	mediadive.medium:120|mediadive.medium:120a|mediadive.medium:141c|mediadive.medium:924b
NCBITaxon:2213111	2	mediadive.medium:65|mediadive.medium:830
NCBITaxon:2213158	3	mediadive.medium:548|mediadive.medium:553|mediadive.medium:65
NCBITaxon:2213161	3	mediadive.medium:548|mediadive.medium:553|mediadive.medium:830
NCBITaxon:2213194	1	mediadive.medium:514
NCBITaxon:2214	2	mediadive.medium:141c|mediadive.medium:J385
NCBITaxon:221404	1	mediadive.medium:693
NCBITaxon:2215	1	mediadive.medium:120a
NCBITaxon:221711	2	mediadive.medium:195c|mediadive.medium:J383
NCBITaxon:221725	5	mediadive.medium:535|mediadive.medium:65|mediadive.medium:84|mediadive.medium:J43|mediadive.medium:J66
NCBITaxon:221799	1	mediadive.medium:92
NCBITaxon:221822	1	mediadive.medium:514
NCBITaxon:2218628	5	mediadive.medium:1|mediadive.medium:1a|mediadive.medium:220|mediadive.medium:220a|mediadive.medium:535
NCBITaxon:2219043	1	mediadive.medium:830
NCBITaxon:2219225	4	mediadive.medium:535|mediadive.medium:693|mediadive.medium:J256|mediadive.medium:J27
NCBITaxon:2219559	1	mediadive.medium:1
NCBITaxon:221989	1	mediadive.medium:514
NCBITaxon:2220096	1	mediadive.medium:514d
NCBITaxon:222534	1	mediadive.medium:1536
NCBITaxon:2226	1	mediadive.medium:141c
NCBITaxon:222805	2	mediadive.medium:645|mediadive.medium:J386
NCBITaxon:2231138	1	mediadive.medium:514
NCBITaxon:2231787	2	mediadive.medium:535|mediadive.medium:554
NCBITaxon:223182	2	mediadive.medium:372|mediadive.medium:J168
NCBITaxon:223184	4	mediadive.medium:220|mediadive.medium:514|mediadive.medium:92|mediadive.medium:J443
NCBITaxon:2233851	1	mediadive.medium:27
NCBITaxon:2233852	2	mediadive.medium:535|mediadive.medium:92
NCBITaxon:223388	3	mediadive.medium:428|mediadive.medium:7|mediadive.medium:81
NCBITaxon:223389	3	mediadive.medium:428|mediadive.medium:7|mediadive.medium:81
NCBITaxon:223390	5	mediadive.medium:1|mediadive.medium:428|mediadive.medium:7|mediadive.medium:81|mediadive.medium:830
NCBITaxon:223392	3	mediadive.medium:535|mediadive.medium:645|mediadive.medium:J43
NCBITaxon:2234	1	mediadive.medium:399
NCBITaxon:223527	1	mediadive.medium:514
NCBITaxon:223556	1	mediadive.medium:92
NCBITaxon:223788	2	mediadive.medium:829c|mediadive.medium:J368
NCBITaxon:223919	1	mediadive.medium:104b
NCBITaxon:223958	1	mediadive.medium:535
NCBITaxon:2242	4	mediadive.medium:372|mediadive.medium:97|mediadive.medium:J168|mediadive.medium:J169
NCBITaxon:2243	2	mediadive.medium:372|mediadive.medium:97
NCBITaxon:224312	2	mediadive.medium:220a|mediadive.medium:535b
NCBITaxon:224325	2	mediadive.medium:399|mediadive.medium:J213
NCBITaxon:224436	1	mediadive.medium:979
NCBITaxon:2246	1	mediadive.medium:372
NCBITaxon:2247	2	mediadive.medium:372|mediadive.medium:589
NCBITaxon:2248750	3	mediadive.medium:1027|mediadive.medium:535|mediadive.medium:65
NCBITaxon:224999	2	mediadive.medium:1051|mediadive.medium:J370
NCBITaxon:2250	3	mediadive.medium:146|mediadive.medium:372|mediadive.medium:97
NCBITaxon:2250209	2	mediadive.medium:1069|mediadive.medium:28
NCBITaxon:225048	1	mediadive.medium:65
NCBITaxon:225049	2	mediadive.medium:65|mediadive.medium:84
NCBITaxon:2250578	3	mediadive.medium:248|mediadive.medium:65|mediadive.medium:84
NCBITaxon:2250708	1	mediadive.medium:1623
NCBITaxon:225144	1	mediadive.medium:514
NCBITaxon:225148	1	mediadive.medium:1514
NCBITaxon:225194	1	mediadive.medium:579
NCBITaxon:225195	1	mediadive.medium:504
NCBITaxon:2253	2	mediadive.medium:372|mediadive.medium:J168
NCBITaxon:225324	1	mediadive.medium:1432
NCBITaxon:225325	2	mediadive.medium:993a|mediadive.medium:J486
NCBITaxon:225327	2	mediadive.medium:993b|mediadive.medium:J485
NCBITaxon:225345	2	mediadive.medium:104b|mediadive.medium:339
NCBITaxon:225347	3	mediadive.medium:220|mediadive.medium:503|mediadive.medium:J1040
NCBITaxon:225422	1	mediadive.medium:514
NCBITaxon:2257	1	mediadive.medium:371
NCBITaxon:225843	1	mediadive.medium:514
NCBITaxon:225894	2	mediadive.medium:92|mediadive.medium:J443
NCBITaxon:2259011	1	mediadive.medium:220
NCBITaxon:2259034	2	mediadive.medium:65|mediadive.medium:84
NCBITaxon:2259133	2	mediadive.medium:693|mediadive.medium:J677
NCBITaxon:225915	1	mediadive.medium:220
NCBITaxon:225917	1	mediadive.medium:220
NCBITaxon:2259623	1	mediadive.medium:231
NCBITaxon:225971	2	mediadive.medium:514|mediadive.medium:J22
NCBITaxon:225988	1	mediadive.medium:220
NCBITaxon:225991	1	mediadive.medium:1
NCBITaxon:225992	1	mediadive.medium:220
NCBITaxon:226	1	mediadive.medium:514
NCBITaxon:226011	1	mediadive.medium:514
NCBITaxon:2261	1	mediadive.medium:795
NCBITaxon:2262	2	mediadive.medium:377|mediadive.medium:J151
NCBITaxon:226217	4	mediadive.medium:252|mediadive.medium:535|mediadive.medium:65|mediadive.medium:J527
NCBITaxon:2265	2	mediadive.medium:623|mediadive.medium:760
NCBITaxon:226505	1	mediadive.medium:514
NCBITaxon:226506	1	mediadive.medium:514
NCBITaxon:2267246	3	mediadive.medium:1|mediadive.medium:381|mediadive.medium:535
NCBITaxon:2267611	2	mediadive.medium:693|mediadive.medium:J677
NCBITaxon:2268	1	mediadive.medium:1516
NCBITaxon:2268407	1	mediadive.medium:215
NCBITaxon:2269	1	mediadive.medium:265
NCBITaxon:226900	4	mediadive.medium:1|mediadive.medium:693|mediadive.medium:92|mediadive.medium:J22
NCBITaxon:2269375	3	mediadive.medium:65|mediadive.medium:84|mediadive.medium:J51
NCBITaxon:227084	1	mediadive.medium:514
NCBITaxon:227316	7	mediadive.medium:553|mediadive.medium:554|mediadive.medium:65|mediadive.medium:83|mediadive.medium:987|mediadive.medium:J104|mediadive.medium:J61
NCBITaxon:227318	6	mediadive.medium:553|mediadive.medium:65|mediadive.medium:84|mediadive.medium:987|mediadive.medium:J104|mediadive.medium:J52
NCBITaxon:227476	1	mediadive.medium:1
NCBITaxon:227597	2	mediadive.medium:760|mediadive.medium:J280
NCBITaxon:227598	2	mediadive.medium:760|mediadive.medium:J280
NCBITaxon:227605	1	mediadive.medium:1007
NCBITaxon:2278	2	mediadive.medium:390|mediadive.medium:J184
NCBITaxon:227865	3	mediadive.medium:535|mediadive.medium:545|mediadive.medium:J75
NCBITaxon:227882	5	mediadive.medium:65|mediadive.medium:84|mediadive.medium:J42|mediadive.medium:J50|mediadive.medium:J66
NCBITaxon:227942	1	mediadive.medium:11
NCBITaxon:227943	2	mediadive.medium:11|mediadive.medium:339
NCBITaxon:227944	1	mediadive.medium:11
NCBITaxon:227945	1	mediadive.medium:11
NCBITaxon:2280	1	mediadive.medium:377
NCBITaxon:228005	3	mediadive.medium:214|mediadive.medium:65|mediadive.medium:J57
NCBITaxon:228229	1	mediadive.medium:11
NCBITaxon:228230	3	mediadive.medium:645|mediadive.medium:J26|mediadive.medium:J386
NCBITaxon:2282419	2	mediadive.medium:693|mediadive.medium:92
NCBITaxon:2282420	2	mediadive.medium:693|mediadive.medium:92
NCBITaxon:2282477	1	mediadive.medium:92
NCBITaxon:2282694	1	mediadive.medium:220
NCBITaxon:2282766	1	mediadive.medium:104c
NCBITaxon:2283	3	mediadive.medium:358a|mediadive.medium:J185|mediadive.medium:J186
NCBITaxon:228405	1	mediadive.medium:514
NCBITaxon:228414	1	mediadive.medium:372
NCBITaxon:228574	3	mediadive.medium:1|mediadive.medium:220|mediadive.medium:381
NCBITaxon:228576	1	mediadive.medium:220
NCBITaxon:2286	2	mediadive.medium:88|mediadive.medium:J172
NCBITaxon:228603	2	mediadive.medium:104|mediadive.medium:J14
NCBITaxon:228654	3	mediadive.medium:215|mediadive.medium:220|mediadive.medium:429
NCBITaxon:2287	3	mediadive.medium:182|mediadive.medium:182a|mediadive.medium:J171
NCBITaxon:228899	2	mediadive.medium:220|mediadive.medium:J22
NCBITaxon:228909	1	mediadive.medium:645
NCBITaxon:228924	2	mediadive.medium:693|mediadive.medium:78
NCBITaxon:228956	1	mediadive.medium:514
NCBITaxon:228957	1	mediadive.medium:514
NCBITaxon:228958	1	mediadive.medium:514
NCBITaxon:228959	1	mediadive.medium:514
NCBITaxon:228973	4	mediadive.medium:535|mediadive.medium:830|mediadive.medium:92|mediadive.medium:J581
NCBITaxon:229007	1	mediadive.medium:514
NCBITaxon:2290982	1	mediadive.medium:1593
NCBITaxon:2291	1	mediadive.medium:195
NCBITaxon:2291022	1	mediadive.medium:92
NCBITaxon:2291546	6	mediadive.medium:215|mediadive.medium:535|mediadive.medium:548|mediadive.medium:553|mediadive.medium:65|mediadive.medium:830
NCBITaxon:229155	1	mediadive.medium:403
NCBITaxon:2291674	1	mediadive.medium:514
NCBITaxon:2291710	1	mediadive.medium:830
NCBITaxon:229203	1	mediadive.medium:830
NCBITaxon:229204	1	mediadive.medium:830
NCBITaxon:229205	1	mediadive.medium:830
NCBITaxon:2292265	2	mediadive.medium:535|mediadive.medium:987
NCBITaxon:2292768	5	mediadive.medium:1|mediadive.medium:215|mediadive.medium:220|mediadive.medium:535|mediadive.medium:65
NCBITaxon:2293	1	mediadive.medium:193
NCBITaxon:2293568	2	mediadive.medium:65|mediadive.medium:84
NCBITaxon:2293569	4	mediadive.medium:535|mediadive.medium:553|mediadive.medium:65|mediadive.medium:J475
NCBITaxon:2293571	3	mediadive.medium:252|mediadive.medium:65|mediadive.medium:84
NCBITaxon:2293572	3	mediadive.medium:215|mediadive.medium:553|mediadive.medium:554
NCBITaxon:2293781	1	mediadive.medium:311c
NCBITaxon:2294	2	mediadive.medium:195|mediadive.medium:195c
NCBITaxon:2294030	1	mediadive.medium:514
NCBITaxon:2294034	3	mediadive.medium:535|mediadive.medium:65|mediadive.medium:83
NCBITaxon:229480	1	mediadive.medium:220
NCBITaxon:229486	4	mediadive.medium:252|mediadive.medium:65|mediadive.medium:84|mediadive.medium:J42
NCBITaxon:2296	1	mediadive.medium:383b
NCBITaxon:2297	2	mediadive.medium:198|mediadive.medium:J393
NCBITaxon:229919	2	mediadive.medium:1004|mediadive.medium:J434
NCBITaxon:229920	2	mediadive.medium:1004|mediadive.medium:J435
NCBITaxon:229921	2	mediadive.medium:1004|mediadive.medium:J434
NCBITaxon:229981	1	mediadive.medium:7
NCBITaxon:23	1	mediadive.medium:514
NCBITaxon:230087	2	mediadive.medium:65|mediadive.medium:84
NCBITaxon:230088	3	mediadive.medium:1|mediadive.medium:220|mediadive.medium:535
NCBITaxon:230089	3	mediadive.medium:1|mediadive.medium:220|mediadive.medium:535
NCBITaxon:230091	4	mediadive.medium:535|mediadive.medium:554|mediadive.medium:65|mediadive.medium:J104
NCBITaxon:2301217	1	mediadive.medium:514
NCBITaxon:230143	3	mediadive.medium:104|mediadive.medium:1203a|mediadive.medium:693
NCBITaxon:2303410	1	mediadive.medium:830
NCBITaxon:230361	2	mediadive.medium:119|mediadive.medium:1523
NCBITaxon:2303991	1	mediadive.medium:220
NCBITaxon:2303992	1	mediadive.medium:220
NCBITaxon:230470	3	mediadive.medium:1061|mediadive.medium:220|mediadive.medium:J372
NCBITaxon:230495	1	mediadive.medium:514
NCBITaxon:2305227	1	mediadive.medium:514
NCBITaxon:2306423	1	mediadive.medium:11
NCBITaxon:230658	2	mediadive.medium:215|mediadive.medium:693
NCBITaxon:2306636	1	mediadive.medium:92
NCBITaxon:230709	1	mediadive.medium:429
NCBITaxon:2307229	1	mediadive.medium:830
NCBITaxon:2307231	3	mediadive.medium:252|mediadive.medium:65|mediadive.medium:84
NCBITaxon:2309	2	mediadive.medium:283|mediadive.medium:J204
NCBITaxon:231024	4	mediadive.medium:252|mediadive.medium:65|mediadive.medium:84|mediadive.medium:J42
NCBITaxon:231025	1	mediadive.medium:213
NCBITaxon:231048	1	mediadive.medium:28
NCBITaxon:231391	2	mediadive.medium:92|mediadive.medium:J28
NCBITaxon:231434	2	mediadive.medium:111|mediadive.medium:428
NCBITaxon:231435	1	mediadive.medium:111
NCBITaxon:231439	2	mediadive.medium:195c|mediadive.medium:J627
NCBITaxon:231447	2	mediadive.medium:195b|mediadive.medium:J553
NCBITaxon:231455	1	mediadive.medium:535
NCBITaxon:2315329	2	mediadive.medium:65|mediadive.medium:84
NCBITaxon:2315729	1	mediadive.medium:1
NCBITaxon:2315793	1	mediadive.medium:1593
NCBITaxon:2316022	1	mediadive.medium:1611
NCBITaxon:2316076	2	mediadive.medium:1279|mediadive.medium:693
NCBITaxon:2316079	2	mediadive.medium:1279|mediadive.medium:693
NCBITaxon:2316080	2	mediadive.medium:1279|mediadive.medium:693
NCBITaxon:2316085	2	mediadive.medium:1|mediadive.medium:535
NCBITaxon:2316207	3	mediadive.medium:252|mediadive.medium:554|mediadive.medium:65
NCBITaxon:2316720	1	mediadive.medium:9
NCBITaxon:2316722	1	mediadive.medium:9
NCBITaxon:2316724	1	mediadive.medium:9
NCBITaxon:2316726	2	mediadive.medium:1118|mediadive.medium:9
NCBITaxon:2316728	1	mediadive.medium:9
NCBITaxon:2316731	1	mediadive.medium:9
NCBITaxon:2316733	1	mediadive.medium:9
NCBITaxon:2316736	1	mediadive.medium:9
NCBITaxon:2319844	2	mediadive.medium:1|mediadive.medium:830
NCBITaxon:232	1	mediadive.medium:514
NCBITaxon:2320	2	mediadive.medium:511|mediadive.medium:J216
NCBITaxon:2320851	1	mediadive.medium:92
NCBITaxon:2322	1	mediadive.medium:375
NCBITaxon:232259	1	mediadive.medium:514a
NCBITaxon:232444	4	mediadive.medium:693|mediadive.medium:92|mediadive.medium:J256|mediadive.medium:J26
NCBITaxon:2325	3	mediadive.medium:119|mediadive.medium:1523|mediadive.medium:171
NCBITaxon:232537	3	mediadive.medium:830|mediadive.medium:J1230|mediadive.medium:J346
NCBITaxon:233100	1	mediadive.medium:1002
NCBITaxon:233101	1	mediadive.medium:1122
NCBITaxon:2333	1	mediadive.medium:293
NCBITaxon:233316	1	mediadive.medium:514
NCBITaxon:2337	1	mediadive.medium:343
NCBITaxon:2338647	2	mediadive.medium:1|mediadive.medium:830c
NCBITaxon:2340916	1	mediadive.medium:554
NCBITaxon:2340917	2	mediadive.medium:554|mediadive.medium:J43
NCBITaxon:2341080	1	mediadive.medium:645
NCBITaxon:2341083	1	mediadive.medium:645
NCBITaxon:2341086	1	mediadive.medium:645
NCBITaxon:234613	6	mediadive.medium:252|mediadive.medium:535|mediadive.medium:553|mediadive.medium:65|mediadive.medium:84|mediadive.medium:J42
NCBITaxon:234614	7	mediadive.medium:535|mediadive.medium:553|mediadive.medium:554|mediadive.medium:65|mediadive.medium:84|mediadive.medium:J104|mediadive.medium:J66
NCBITaxon:234834	2	mediadive.medium:92|mediadive.medium:J26
NCBITaxon:234835	2	mediadive.medium:830|mediadive.medium:J26
NCBITaxon:234908	3	mediadive.medium:1203|mediadive.medium:413|mediadive.medium:J677
NCBITaxon:2358141	1	mediadive.medium:104b
NCBITaxon:2358193	1	mediadive.medium:645
NCBITaxon:235932	1	mediadive.medium:464
NCBITaxon:235985	4	mediadive.medium:65|mediadive.medium:84|mediadive.medium:987|mediadive.medium:J398
NCBITaxon:235986	4	mediadive.medium:252|mediadive.medium:65|mediadive.medium:84|mediadive.medium:J42
NCBITaxon:236067	5	mediadive.medium:535|mediadive.medium:65|mediadive.medium:830|mediadive.medium:J42|mediadive.medium:J52
NCBITaxon:236068	4	mediadive.medium:535|mediadive.medium:65|mediadive.medium:J42|mediadive.medium:J52
NCBITaxon:236100	1	mediadive.medium:514
NCBITaxon:236402	1	mediadive.medium:693
NCBITaxon:2364647	1	mediadive.medium:535
NCBITaxon:236508	2	mediadive.medium:65|mediadive.medium:J104
NCBITaxon:236510	4	mediadive.medium:548|mediadive.medium:65|mediadive.medium:84|mediadive.medium:J43
NCBITaxon:236753	1	mediadive.medium:693
NCBITaxon:236814	1	mediadive.medium:1
NCBITaxon:237017	2	mediadive.medium:514|mediadive.medium:J118
NCBITaxon:237018	1	mediadive.medium:514
NCBITaxon:237019	1	mediadive.medium:514
NCBITaxon:2371	3	mediadive.medium:1|mediadive.medium:1052|mediadive.medium:585
NCBITaxon:237258	1	mediadive.medium:1
NCBITaxon:237373	2	mediadive.medium:514|mediadive.medium:J118
NCBITaxon:237446	1	mediadive.medium:11
NCBITaxon:237530	1	mediadive.medium:220
NCBITaxon:237576	2	mediadive.medium:104|mediadive.medium:339
NCBITaxon:2376	1	mediadive.medium:311
NCBITaxon:237611	3	mediadive.medium:1|mediadive.medium:830|mediadive.medium:988
NCBITaxon:237612	2	mediadive.medium:830|mediadive.medium:988
NCBITaxon:237679	2	mediadive.medium:372|mediadive.medium:J444
NCBITaxon:2377	1	mediadive.medium:311c
NCBITaxon:2378	1	mediadive.medium:311
NCBITaxon:238	3	mediadive.medium:1|mediadive.medium:830|mediadive.medium:948
NCBITaxon:238013	2	mediadive.medium:11|mediadive.medium:57
NCBITaxon:238083	1	mediadive.medium:1022
NCBITaxon:2382165	2	mediadive.medium:65|mediadive.medium:J43
NCBITaxon:238540	1	mediadive.medium:514
NCBITaxon:238834	1	mediadive.medium:634c
NCBITaxon:238877	3	mediadive.medium:1081|mediadive.medium:215|mediadive.medium:535
NCBITaxon:238878	3	mediadive.medium:535|mediadive.medium:65|mediadive.medium:83
NCBITaxon:239	8	mediadive.medium:1|mediadive.medium:1140|mediadive.medium:1618|mediadive.medium:1628|mediadive.medium:381|mediadive.medium:545|mediadive.medium:621a|mediadive.medium:830
NCBITaxon:239175	5	mediadive.medium:1|mediadive.medium:381|mediadive.medium:535|mediadive.medium:693|mediadive.medium:92
NCBITaxon:239498	4	mediadive.medium:215|mediadive.medium:535|mediadive.medium:65|mediadive.medium:J43
NCBITaxon:239725	1	mediadive.medium:220
NCBITaxon:239935	2	mediadive.medium:110|mediadive.medium:693
NCBITaxon:239984	2	mediadive.medium:785|mediadive.medium:852
NCBITaxon:24	6	mediadive.medium:605|mediadive.medium:693|mediadive.medium:7|mediadive.medium:92|mediadive.medium:948|mediadive.medium:J22
NCBITaxon:240015	2	mediadive.medium:269|mediadive.medium:J142
NCBITaxon:240016	4	mediadive.medium:607|mediadive.medium:830|mediadive.medium:J346|mediadive.medium:J979
NCBITaxon:240125	2	mediadive.medium:354|mediadive.medium:80
NCBITaxon:240167	2	mediadive.medium:829c|mediadive.medium:J375
NCBITaxon:240169	1	mediadive.medium:829a
NCBITaxon:240237	1	mediadive.medium:1238
NCBITaxon:240302	2	mediadive.medium:514|mediadive.medium:J445
NCBITaxon:240303	2	mediadive.medium:514|mediadive.medium:J445
NCBITaxon:240427	4	mediadive.medium:11|mediadive.medium:J13|mediadive.medium:J426|mediadive.medium:J84
NCBITaxon:240521	2	mediadive.medium:830|mediadive.medium:J254
NCBITaxon:240840	4	mediadive.medium:553|mediadive.medium:554|mediadive.medium:65|mediadive.medium:J43
NCBITaxon:241145	1	mediadive.medium:514
NCBITaxon:241244	2	mediadive.medium:1|mediadive.medium:220
NCBITaxon:241368	2	mediadive.medium:163|mediadive.medium:195c
NCBITaxon:241426	1	mediadive.medium:1593
NCBITaxon:241427	1	mediadive.medium:1593
NCBITaxon:2419843	1	mediadive.medium:63
NCBITaxon:242065	1	mediadive.medium:1325
NCBITaxon:2421	2	mediadive.medium:141c|mediadive.medium:718
NCBITaxon:242129	1	mediadive.medium:119
NCBITaxon:2423	1	mediadive.medium:501
NCBITaxon:2424	1	mediadive.medium:144
NCBITaxon:2426	1	mediadive.medium:967
NCBITaxon:242698	1	mediadive.medium:211
NCBITaxon:242703	2	mediadive.medium:901|mediadive.medium:J934
NCBITaxon:242737	2	mediadive.medium:354|mediadive.medium:645
NCBITaxon:243061	1	mediadive.medium:645
NCBITaxon:243064	1	mediadive.medium:535
NCBITaxon:243159	1	mediadive.medium:882
NCBITaxon:243230	5	mediadive.medium:53|mediadive.medium:92|mediadive.medium:J346|mediadive.medium:J475|mediadive.medium:J74
NCBITaxon:243232	2	mediadive.medium:282|mediadive.medium:J232
NCBITaxon:243274	2	mediadive.medium:343|mediadive.medium:J237
NCBITaxon:243275	2	mediadive.medium:909|mediadive.medium:J144
NCBITaxon:243365	5	mediadive.medium:535|mediadive.medium:693|mediadive.medium:92|mediadive.medium:J12|mediadive.medium:J22
NCBITaxon:243690	1	mediadive.medium:830
NCBITaxon:243701	1	mediadive.medium:693
NCBITaxon:243713	2	mediadive.medium:252|mediadive.medium:65
NCBITaxon:243714	2	mediadive.medium:252|mediadive.medium:65
NCBITaxon:243715	2	mediadive.medium:252|mediadive.medium:65
NCBITaxon:243924	2	mediadive.medium:1|mediadive.medium:535
NCBITaxon:244	2	mediadive.medium:605|mediadive.medium:948
NCBITaxon:244292	1	mediadive.medium:645
NCBITaxon:244366	3	mediadive.medium:1|mediadive.medium:693|mediadive.medium:92
NCBITaxon:244566	1	mediadive.medium:1a
NCBITaxon:244573	1	mediadive.medium:28
NCBITaxon:244596	1	mediadive.medium:514
NCBITaxon:244734	1	mediadive.medium:1
NCBITaxon:244735	2	mediadive.medium:92|mediadive.medium:J28
NCBITaxon:244787	1	mediadive.medium:1110
NCBITaxon:2447885	2	mediadive.medium:104|mediadive.medium:J14
NCBITaxon:244830	1	mediadive.medium:104
NCBITaxon:2448886	2	mediadive.medium:248|mediadive.medium:65
NCBITaxon:245160	3	mediadive.medium:220|mediadive.medium:J118|mediadive.medium:J443
NCBITaxon:245187	2	mediadive.medium:514|mediadive.medium:J118
NCBITaxon:245294	1	mediadive.medium:514
NCBITaxon:245385	2	mediadive.medium:514|mediadive.medium:J118
NCBITaxon:246167	1	mediadive.medium:514c
NCBITaxon:246201	4	mediadive.medium:693|mediadive.medium:92|mediadive.medium:J27|mediadive.medium:J70
NCBITaxon:246264	2	mediadive.medium:997|mediadive.medium:J405
NCBITaxon:246432	3	mediadive.medium:53|mediadive.medium:693|mediadive.medium:92
NCBITaxon:246603	2	mediadive.medium:987|mediadive.medium:J82
NCBITaxon:246613	3	mediadive.medium:92|mediadive.medium:993b|mediadive.medium:J485
NCBITaxon:246615	3	mediadive.medium:246|mediadive.medium:514|mediadive.medium:65
NCBITaxon:246618	3	mediadive.medium:58|mediadive.medium:J13|mediadive.medium:J14
NCBITaxon:246786	1	mediadive.medium:514
NCBITaxon:246787	1	mediadive.medium:78
NCBITaxon:247022	2	mediadive.medium:514|mediadive.medium:J118
NCBITaxon:247157	1	mediadive.medium:193b
NCBITaxon:247480	1	mediadive.medium:220
NCBITaxon:247482	1	mediadive.medium:86
NCBITaxon:247523	1	mediadive.medium:514
NCBITaxon:2478468	2	mediadive.medium:1|mediadive.medium:535
NCBITaxon:2478470	1	mediadive.medium:535
NCBITaxon:2479048	1	mediadive.medium:1284
NCBITaxon:2479363	3	mediadive.medium:535|mediadive.medium:65|mediadive.medium:987
NCBITaxon:248026	4	mediadive.medium:1|mediadive.medium:1a|mediadive.medium:535|mediadive.medium:545
NCBITaxon:2480984	1	mediadive.medium:514
NCBITaxon:248131	2	mediadive.medium:252|mediadive.medium:65
NCBITaxon:248315	1	mediadive.medium:136
NCBITaxon:248316	2	mediadive.medium:136|mediadive.medium:693
NCBITaxon:2483353	2	mediadive.medium:252|mediadive.medium:65
NCBITaxon:2483811	1	mediadive.medium:535
NCBITaxon:2483813	1	mediadive.medium:514
NCBITaxon:248451	3	mediadive.medium:381|mediadive.medium:605|mediadive.medium:948
NCBITaxon:2485784	1	mediadive.medium:693
NCBITaxon:2486008	1	mediadive.medium:11
NCBITaxon:2487273	1	mediadive.medium:122
NCBITaxon:2487351	1	mediadive.medium:255
NCBITaxon:2487352	1	mediadive.medium:92
NCBITaxon:2487355	4	mediadive.medium:1|mediadive.medium:535|mediadive.medium:830|mediadive.medium:907
NCBITaxon:2487364	2	mediadive.medium:535|mediadive.medium:92
NCBITaxon:2487892	2	mediadive.medium:693|mediadive.medium:92
NCBITaxon:2488791	1	mediadive.medium:92
NCBITaxon:2488810	2	mediadive.medium:104b|mediadive.medium:J1291
NCBITaxon:248903	1	mediadive.medium:220
NCBITaxon:2489139	1	mediadive.medium:1593
NCBITaxon:2489213	1	mediadive.medium:1484
NCBITaxon:2490545	2	mediadive.medium:58|mediadive.medium:J13
NCBITaxon:2490858	1	mediadive.medium:514
NCBITaxon:2490859	1	mediadive.medium:220
NCBITaxon:249189	2	mediadive.medium:693|mediadive.medium:92
NCBITaxon:2493090	2	mediadive.medium:215|mediadive.medium:553
NCBITaxon:2493119	2	mediadive.medium:58|mediadive.medium:J13
NCBITaxon:2493120	2	mediadive.medium:58|mediadive.medium:J13
NCBITaxon:249351	1	mediadive.medium:830
NCBITaxon:249352	1	mediadive.medium:830
NCBITaxon:2493633	3	mediadive.medium:1|mediadive.medium:535|mediadive.medium:545
NCBITaxon:2493665	1	mediadive.medium:220
NCBITaxon:249403	1	mediadive.medium:621
NCBITaxon:249406	1	mediadive.medium:621
NCBITaxon:249408	1	mediadive.medium:621
NCBITaxon:249409	3	mediadive.medium:1|mediadive.medium:428|mediadive.medium:81
NCBITaxon:249410	4	mediadive.medium:1|mediadive.medium:428|mediadive.medium:81|mediadive.medium:948
NCBITaxon:2494230	1	mediadive.medium:1715
NCBITaxon:2494234	2	mediadive.medium:693|mediadive.medium:J677
NCBITaxon:2494525	1	mediadive.medium:1193
NCBITaxon:249567	3	mediadive.medium:65|mediadive.medium:84|mediadive.medium:J42
NCBITaxon:249580	3	mediadive.medium:65|mediadive.medium:84|mediadive.medium:J42
NCBITaxon:249581	4	mediadive.medium:252|mediadive.medium:65|mediadive.medium:84|mediadive.medium:J42
NCBITaxon:249582	4	mediadive.medium:65|mediadive.medium:84|mediadive.medium:J61|mediadive.medium:J66
NCBITaxon:2495887	2	mediadive.medium:554|mediadive.medium:65
NCBITaxon:2495913	3	mediadive.medium:535|mediadive.medium:65|mediadive.medium:987
NCBITaxon:2496117	2	mediadive.medium:381|mediadive.medium:830
NCBITaxon:2496266	3	mediadive.medium:535|mediadive.medium:830|mediadive.medium:J27
NCBITaxon:2496533	1	mediadive.medium:255
NCBITaxon:2496837	1	mediadive.medium:514
NCBITaxon:2496842	2	mediadive.medium:58|mediadive.medium:J13
NCBITaxon:2499157	2	mediadive.medium:830|mediadive.medium:J346
NCBITaxon:2499159	3	mediadive.medium:535|mediadive.medium:830|mediadive.medium:J346
NCBITaxon:2499220	1	mediadive.medium:1076b
NCBITaxon:25	2	mediadive.medium:514|mediadive.medium:J118
NCBITaxon:2506430	1	mediadive.medium:1143
NCBITaxon:2508543	1	mediadive.medium:514
NCBITaxon:2508708	2	mediadive.medium:11|mediadive.medium:693
NCBITaxon:2508997	3	mediadive.medium:553|mediadive.medium:554|mediadive.medium:830
NCBITaxon:2509153	1	mediadive.medium:830
NCBITaxon:2509240	3	mediadive.medium:104|mediadive.medium:J14|mediadive.medium:J677
NCBITaxon:2509675	1	mediadive.medium:65
NCBITaxon:251051	1	mediadive.medium:220
NCBITaxon:2511163	1	mediadive.medium:514
NCBITaxon:2516556	1	mediadive.medium:830
NCBITaxon:2516559	1	mediadive.medium:830
NCBITaxon:2516960	2	mediadive.medium:693|mediadive.medium:78
NCBITaxon:251747	3	mediadive.medium:220|mediadive.medium:535|mediadive.medium:545
NCBITaxon:2518645	1	mediadive.medium:1008
NCBITaxon:2518684	3	mediadive.medium:514|mediadive.medium:92|mediadive.medium:J475
NCBITaxon:2518971	1	mediadive.medium:1203a
NCBITaxon:252	2	mediadive.medium:514b|mediadive.medium:J118
NCBITaxon:252130	1	mediadive.medium:429
NCBITaxon:252230	2	mediadive.medium:514|mediadive.medium:J118
NCBITaxon:252246	1	mediadive.medium:402
NCBITaxon:252302	1	mediadive.medium:514
NCBITaxon:252305	1	mediadive.medium:514
NCBITaxon:252307	1	mediadive.medium:514
NCBITaxon:252474	1	mediadive.medium:1014
NCBITaxon:252514	2	mediadive.medium:514|mediadive.medium:J41
NCBITaxon:2527775	2	mediadive.medium:830|mediadive.medium:830c
NCBITaxon:2527964	1	mediadive.medium:1560
NCBITaxon:2527966	1	mediadive.medium:1560
NCBITaxon:2527968	1	mediadive.medium:1560
NCBITaxon:2527969	1	mediadive.medium:1560
NCBITaxon:2527970	1	mediadive.medium:1560
NCBITaxon:2527973	1	mediadive.medium:1560
NCBITaxon:2527974	1	mediadive.medium:1560
NCBITaxon:2527976	1	mediadive.medium:1560
NCBITaxon:2527978	1	mediadive.medium:1560
NCBITaxon:2527979	1	mediadive.medium:1560
NCBITaxon:2527982	1	mediadive.medium:1560
NCBITaxon:2527983	1	mediadive.medium:1560
NCBITaxon:2527984	1	mediadive.medium:1560
NCBITaxon:2527985	1	mediadive.medium:1560
NCBITaxon:2527987	1	mediadive.medium:1695
NCBITaxon:2527989	2	mediadive.medium:1560|mediadive.medium:1695
NCBITaxon:2527990	1	mediadive.medium:1560
NCBITaxon:2527991	1	mediadive.medium:1560
NCBITaxon:2527994	1	mediadive.medium:1560
NCBITaxon:2527995	2	mediadive.medium:1560|mediadive.medium:1695
NCBITaxon:2527996	1	mediadive.medium:1560
NCBITaxon:2527999	1	mediadive.medium:1560
NCBITaxon:2528000	1	mediadive.medium:1560
NCBITaxon:2528001	1	mediadive.medium:1560
NCBITaxon:2528002	1	mediadive.medium:1560
NCBITaxon:2528003	1	mediadive.medium:1560
NCBITaxon:2528004	1	mediadive.medium:1560
NCBITaxon:2528005	1	mediadive.medium:1560
NCBITaxon:2528007	1	mediadive.medium:1560
NCBITaxon:2528009	1	mediadive.medium:1695
NCBITaxon:2528010	1	mediadive.medium:1560
NCBITaxon:2528013	1	mediadive.medium:1560
NCBITaxon:2528016	1	mediadive.medium:1560
NCBITaxon:2528017	1	mediadive.medium:1560
NCBITaxon:2528019	1	mediadive.medium:621
NCBITaxon:2528020	1	mediadive.medium:1560
NCBITaxon:2528022	1	mediadive.medium:1560
NCBITaxon:2528023	1	mediadive.medium:1633
NCBITaxon:2528024	1	mediadive.medium:1560
NCBITaxon:2528026	1	mediadive.medium:1560
NCBITaxon:2528027	1	mediadive.medium:1560
NCBITaxon:2528593	1	mediadive.medium:104b
NCBITaxon:2528712	1	mediadive.medium:92
NCBITaxon:2528713	1	mediadive.medium:1484
NCBITaxon:252967	1	mediadive.medium:1008
NCBITaxon:252970	2	mediadive.medium:1|mediadive.medium:457
NCBITaxon:253	1	mediadive.medium:92
NCBITaxon:2530390	2	mediadive.medium:1203a|mediadive.medium:78
NCBITaxon:2530391	2	mediadive.medium:1611|mediadive.medium:693
NCBITaxon:253184	4	mediadive.medium:381|mediadive.medium:514|mediadive.medium:948|mediadive.medium:J118
NCBITaxon:253239	2	mediadive.medium:1057|mediadive.medium:J483
NCBITaxon:253257	1	mediadive.medium:104b
NCBITaxon:254	1	mediadive.medium:92
NCBITaxon:254161	4	mediadive.medium:514|mediadive.medium:514f|mediadive.medium:535|mediadive.medium:J118
NCBITaxon:254246	1	mediadive.medium:585
NCBITaxon:254247	1	mediadive.medium:585
NCBITaxon:254356	1	mediadive.medium:621a
NCBITaxon:254357	1	mediadive.medium:621a
NCBITaxon:254406	2	mediadive.medium:514|mediadive.medium:J118
NCBITaxon:2545756	1	mediadive.medium:514
NCBITaxon:2545757	2	mediadive.medium:535|mediadive.medium:987
NCBITaxon:2545983	1	mediadive.medium:514
NCBITaxon:2546320	2	mediadive.medium:535|mediadive.medium:987
NCBITaxon:2547395	1	mediadive.medium:220
NCBITaxon:254757	1	mediadive.medium:220
NCBITaxon:254758	1	mediadive.medium:220
NCBITaxon:254759	1	mediadive.medium:220
NCBITaxon:254785	2	mediadive.medium:693|mediadive.medium:92
NCBITaxon:254787	2	mediadive.medium:92|mediadive.medium:J26
NCBITaxon:254788	2	mediadive.medium:92|mediadive.medium:J118
NCBITaxon:254793	2	mediadive.medium:514|mediadive.medium:J118
NCBITaxon:255042	1	mediadive.medium:830
NCBITaxon:255045	1	mediadive.medium:98
NCBITaxon:255205	2	mediadive.medium:92|mediadive.medium:J26
NCBITaxon:255247	1	mediadive.medium:220
NCBITaxon:255457	1	mediadive.medium:1
NCBITaxon:255616	1	mediadive.medium:372
NCBITaxon:255723	2	mediadive.medium:104|mediadive.medium:J14
NCBITaxon:2558360	1	mediadive.medium:1543
NCBITaxon:2559073	3	mediadive.medium:104|mediadive.medium:693|mediadive.medium:J14
NCBITaxon:256	2	mediadive.medium:693|mediadive.medium:92
NCBITaxon:256034	5	mediadive.medium:535|mediadive.medium:554|mediadive.medium:65|mediadive.medium:84|mediadive.medium:J51
NCBITaxon:256036	2	mediadive.medium:553|mediadive.medium:65
NCBITaxon:256037	5	mediadive.medium:535|mediadive.medium:554|mediadive.medium:65|mediadive.medium:84|mediadive.medium:J51
NCBITaxon:2561933	1	mediadive.medium:92
NCBITaxon:2562524	1	mediadive.medium:58
NCBITaxon:2562704	2	mediadive.medium:1494|mediadive.medium:1705
NCBITaxon:2562988	2	mediadive.medium:553|mediadive.medium:554
NCBITaxon:256323	1	mediadive.medium:514
NCBITaxon:256324	1	mediadive.medium:514
NCBITaxon:256325	2	mediadive.medium:1407|mediadive.medium:514
NCBITaxon:256326	1	mediadive.medium:514
NCBITaxon:256549	3	mediadive.medium:535|mediadive.medium:693|mediadive.medium:92
NCBITaxon:2565572	3	mediadive.medium:1203|mediadive.medium:1609|mediadive.medium:339
NCBITaxon:2565624	1	mediadive.medium:92
NCBITaxon:2566013	1	mediadive.medium:92
NCBITaxon:256618	1	mediadive.medium:884
NCBITaxon:256701	3	mediadive.medium:92|mediadive.medium:J26|mediadive.medium:J475
NCBITaxon:256702	3	mediadive.medium:92|mediadive.medium:J26|mediadive.medium:J475
NCBITaxon:256731	2	mediadive.medium:220|mediadive.medium:429
NCBITaxon:256826	1	mediadive.medium:141
NCBITaxon:257003	1	mediadive.medium:1
NCBITaxon:2571125	1	mediadive.medium:65
NCBITaxon:2571141	3	mediadive.medium:252|mediadive.medium:84|mediadive.medium:987
NCBITaxon:2571143	1	mediadive.medium:535
NCBITaxon:257285	2	mediadive.medium:65|mediadive.medium:84
NCBITaxon:2572923	2	mediadive.medium:514f|mediadive.medium:J118
NCBITaxon:257440	1	mediadive.medium:830
NCBITaxon:257454	3	mediadive.medium:92|mediadive.medium:J26|mediadive.medium:J475
NCBITaxon:2574727	1	mediadive.medium:1699
NCBITaxon:2575441	3	mediadive.medium:535|mediadive.medium:65|mediadive.medium:830
NCBITaxon:2575442	4	mediadive.medium:553|mediadive.medium:65|mediadive.medium:84|mediadive.medium:J51
NCBITaxon:2575567	1	mediadive.medium:535
NCBITaxon:2576756	2	mediadive.medium:104c|mediadive.medium:J1238
NCBITaxon:2576905	4	mediadive.medium:248|mediadive.medium:553|mediadive.medium:554|mediadive.medium:65
NCBITaxon:257708	3	mediadive.medium:220|mediadive.medium:693|mediadive.medium:830
NCBITaxon:257772	1	mediadive.medium:514
NCBITaxon:2579970	1	mediadive.medium:830
NCBITaxon:2579975	1	mediadive.medium:830
NCBITaxon:2579976	1	mediadive.medium:693
NCBITaxon:258	2	mediadive.medium:1|mediadive.medium:J22
NCBITaxon:2580423	2	mediadive.medium:65|mediadive.medium:84
NCBITaxon:258049	5	mediadive.medium:252|mediadive.medium:65|mediadive.medium:84|mediadive.medium:987|mediadive.medium:J42
NCBITaxon:258050	6	mediadive.medium:252|mediadive.medium:65|mediadive.medium:84|mediadive.medium:987|mediadive.medium:J42|mediadive.medium:J66
NCBITaxon:258051	5	mediadive.medium:252|mediadive.medium:65|mediadive.medium:84|mediadive.medium:987|mediadive.medium:J43
NCBITaxon:258052	5	mediadive.medium:252|mediadive.medium:65|mediadive.medium:84|mediadive.medium:987|mediadive.medium:J42
NCBITaxon:258053	5	mediadive.medium:252|mediadive.medium:65|mediadive.medium:84|mediadive.medium:987|mediadive.medium:J50
NCBITaxon:2582419	2	mediadive.medium:104c|mediadive.medium:J1234
NCBITaxon:258256	1	mediadive.medium:514
NCBITaxon:2583236	1	mediadive.medium:1011a
NCBITaxon:2583452	2	mediadive.medium:104|mediadive.medium:J14
NCBITaxon:2583849	1	mediadive.medium:830
NCBITaxon:2584121	1	mediadive.medium:987
NCBITaxon:2584183	1	mediadive.medium:11
NCBITaxon:258475	2	mediadive.medium:960|mediadive.medium:J362
NCBITaxon:258505	3	mediadive.medium:645|mediadive.medium:J26|mediadive.medium:J386
NCBITaxon:2585117	2	mediadive.medium:78|mediadive.medium:J14
NCBITaxon:2585118	2	mediadive.medium:78|mediadive.medium:J14
NCBITaxon:2585119	2	mediadive.medium:78|mediadive.medium:J14
NCBITaxon:2585135	1	mediadive.medium:693
NCBITaxon:2585211	3	mediadive.medium:215|mediadive.medium:535|mediadive.medium:830
NCBITaxon:258533	3	mediadive.medium:645|mediadive.medium:J26|mediadive.medium:J386
NCBITaxon:2586642	2	mediadive.medium:194|mediadive.medium:J1193
NCBITaxon:2586924	3	mediadive.medium:408|mediadive.medium:504|mediadive.medium:689
NCBITaxon:2586965	1	mediadive.medium:88
NCBITaxon:2586995	1	mediadive.medium:1504
NCBITaxon:2587215	2	mediadive.medium:1467|mediadive.medium:514
NCBITaxon:258723	2	mediadive.medium:514|mediadive.medium:J404
NCBITaxon:2589074	2	mediadive.medium:535|mediadive.medium:830
NCBITaxon:2589797	2	mediadive.medium:215|mediadive.medium:535
NCBITaxon:2590157	4	mediadive.medium:220|mediadive.medium:693|mediadive.medium:92|mediadive.medium:J75
NCBITaxon:259016	1	mediadive.medium:861
NCBITaxon:259059	1	mediadive.medium:11
NCBITaxon:2590884	2	mediadive.medium:381|mediadive.medium:514
NCBITaxon:2590900	1	mediadive.medium:1717
NCBITaxon:2591385	2	mediadive.medium:514|mediadive.medium:J41
NCBITaxon:2591470	1	mediadive.medium:65
NCBITaxon:2592333	1	mediadive.medium:104b
NCBITaxon:2592811	1	mediadive.medium:645
NCBITaxon:259390	1	mediadive.medium:535
NCBITaxon:2594179	1	mediadive.medium:92
NCBITaxon:2594267	1	mediadive.medium:830
NCBITaxon:2594913	2	mediadive.medium:693|mediadive.medium:92
NCBITaxon:259564	1	mediadive.medium:141c
NCBITaxon:2596892	2	mediadive.medium:252|mediadive.medium:65
NCBITaxon:2597657	4	mediadive.medium:372|mediadive.medium:97|mediadive.medium:J168|mediadive.medium:J169
NCBITaxon:2598861	1	mediadive.medium:220
NCBITaxon:2599596	1	mediadive.medium:1536
NCBITaxon:2599607	2	mediadive.medium:535|mediadive.medium:545
NCBITaxon:2600065	3	mediadive.medium:1|mediadive.medium:535|mediadive.medium:545
NCBITaxon:2600305	1	mediadive.medium:830
NCBITaxon:2600598	2	mediadive.medium:535|mediadive.medium:545
NCBITaxon:260085	4	mediadive.medium:465|mediadive.medium:830|mediadive.medium:J443|mediadive.medium:J74
NCBITaxon:260086	3	mediadive.medium:381|mediadive.medium:65|mediadive.medium:J104
NCBITaxon:2601703	2	mediadive.medium:693|mediadive.medium:78
NCBITaxon:2601869	1	mediadive.medium:514
NCBITaxon:2602015	1	mediadive.medium:830
NCBITaxon:2602016	1	mediadive.medium:830
NCBITaxon:2604158	1	mediadive.medium:63
NCBITaxon:2604471	3	mediadive.medium:553|mediadive.medium:554|mediadive.medium:65
NCBITaxon:2605429	1	mediadive.medium:65
NCBITaxon:260552	2	mediadive.medium:514|mediadive.medium:J41
NCBITaxon:260553	2	mediadive.medium:92|mediadive.medium:J118
NCBITaxon:260554	3	mediadive.medium:92|mediadive.medium:J28|mediadive.medium:J475
NCBITaxon:2605714	2	mediadive.medium:252|mediadive.medium:65
NCBITaxon:2605778	2	mediadive.medium:78|mediadive.medium:J14
NCBITaxon:2605781	4	mediadive.medium:104|mediadive.medium:339|mediadive.medium:693|mediadive.medium:J14
NCBITaxon:2605782	4	mediadive.medium:1203|mediadive.medium:339|mediadive.medium:693|mediadive.medium:J14
NCBITaxon:2605789	2	mediadive.medium:339|mediadive.medium:J14
NCBITaxon:2605790	2	mediadive.medium:215c|mediadive.medium:J1130
NCBITaxon:2605988	1	mediadive.medium:65
NCBITaxon:2605989	1	mediadive.medium:1560
NCBITaxon:2606593	1	mediadive.medium:65
NCBITaxon:2606628	3	mediadive.medium:215|mediadive.medium:693|mediadive.medium:J14
NCBITaxon:2606629	2	mediadive.medium:104|mediadive.medium:J677
NCBITaxon:2606630	2	mediadive.medium:1715|mediadive.medium:J14
NCBITaxon:2606631	2	mediadive.medium:339|mediadive.medium:J14
NCBITaxon:2606632	3	mediadive.medium:1713|mediadive.medium:1715|mediadive.medium:J14
NCBITaxon:2606633	5	mediadive.medium:1203a|mediadive.medium:339|mediadive.medium:693|mediadive.medium:J1130|mediadive.medium:J14
NCBITaxon:2606634	2	mediadive.medium:1713|mediadive.medium:J14
NCBITaxon:2606635	4	mediadive.medium:104|mediadive.medium:1715|mediadive.medium:339|mediadive.medium:J83
NCBITaxon:2606636	2	mediadive.medium:1203a|mediadive.medium:J1130
NCBITaxon:2606637	3	mediadive.medium:1203a|mediadive.medium:339|mediadive.medium:J14
NCBITaxon:2606638	2	mediadive.medium:339|mediadive.medium:J1318
NCBITaxon:2606640	2	mediadive.medium:1203a|mediadive.medium:J14
NCBITaxon:2606708	2	mediadive.medium:1713|mediadive.medium:J1314
NCBITaxon:2606709	2	mediadive.medium:339|mediadive.medium:J14
NCBITaxon:2607614	2	mediadive.medium:339|mediadive.medium:J282
NCBITaxon:2608088	1	mediadive.medium:514
NCBITaxon:2608255	4	mediadive.medium:1|mediadive.medium:1484|mediadive.medium:535|mediadive.medium:830
NCBITaxon:2608404	1	mediadive.medium:104
NCBITaxon:2609562	1	mediadive.medium:65
NCBITaxon:2609801	1	mediadive.medium:63
NCBITaxon:2610880	1	mediadive.medium:58
NCBITaxon:261164	2	mediadive.medium:514|mediadive.medium:J118
NCBITaxon:261290	2	mediadive.medium:371|mediadive.medium:J167
NCBITaxon:261291	2	mediadive.medium:372|mediadive.medium:J168
NCBITaxon:261302	1	mediadive.medium:535
NCBITaxon:2613334	1	mediadive.medium:92
NCBITaxon:2613924	2	mediadive.medium:104b|mediadive.medium:339
NCBITaxon:2614234	1	mediadive.medium:1360
NCBITaxon:2614238	1	mediadive.medium:282
NCBITaxon:2614638	1	mediadive.medium:693
NCBITaxon:2614639	1	mediadive.medium:92
NCBITaxon:2615184	1	mediadive.medium:92
NCBITaxon:261654	4	mediadive.medium:554|mediadive.medium:65|mediadive.medium:83|mediadive.medium:J43
NCBITaxon:261685	2	mediadive.medium:507|mediadive.medium:508
NCBITaxon:262004	1	mediadive.medium:514
NCBITaxon:262076	2	mediadive.medium:514|mediadive.medium:J118
NCBITaxon:262208	2	mediadive.medium:92|mediadive.medium:J28
NCBITaxon:262209	2	mediadive.medium:535|mediadive.medium:92
NCBITaxon:262263	3	mediadive.medium:65|mediadive.medium:83|mediadive.medium:84
NCBITaxon:262320	3	mediadive.medium:1|mediadive.medium:830|mediadive.medium:J12
NCBITaxon:262323	2	mediadive.medium:1|mediadive.medium:830
NCBITaxon:262324	5	mediadive.medium:170|mediadive.medium:1a|mediadive.medium:222|mediadive.medium:67|mediadive.medium:830
NCBITaxon:262898	6	mediadive.medium:535|mediadive.medium:548|mediadive.medium:553|mediadive.medium:554|mediadive.medium:65|mediadive.medium:J61
NCBITaxon:263067	3	mediadive.medium:1|mediadive.medium:830|mediadive.medium:J346
NCBITaxon:263474	1	mediadive.medium:220
NCBITaxon:263475	2	mediadive.medium:220|mediadive.medium:464
NCBITaxon:263476	1	mediadive.medium:220
NCBITaxon:263723	1	mediadive.medium:1016
NCBITaxon:263724	1	mediadive.medium:1016
NCBITaxon:263741	3	mediadive.medium:548|mediadive.medium:65|mediadive.medium:84
NCBITaxon:263743	2	mediadive.medium:65|mediadive.medium:84
NCBITaxon:263819	3	mediadive.medium:1a|mediadive.medium:693|mediadive.medium:92
NCBITaxon:264027	2	mediadive.medium:514|mediadive.medium:J118
NCBITaxon:264446	1	mediadive.medium:213
NCBITaxon:264462	3	mediadive.medium:1012|mediadive.medium:1012a|mediadive.medium:257
NCBITaxon:264691	2	mediadive.medium:1592|mediadive.medium:1593
NCBITaxon:264697	2	mediadive.medium:1|mediadive.medium:220
NCBITaxon:264736	3	mediadive.medium:514|mediadive.medium:514f|mediadive.medium:J118
NCBITaxon:264739	1	mediadive.medium:514
NCBITaxon:2650924	1	mediadive.medium:830
NCBITaxon:2651157	2	mediadive.medium:1592|mediadive.medium:1593
NCBITaxon:2651189	1	mediadive.medium:65
NCBITaxon:2651281	1	mediadive.medium:215
NCBITaxon:265178	3	mediadive.medium:104|mediadive.medium:1203a|mediadive.medium:J1045
NCBITaxon:2652247	1	mediadive.medium:830
NCBITaxon:2652269	2	mediadive.medium:104|mediadive.medium:J14
NCBITaxon:2652274	2	mediadive.medium:104|mediadive.medium:J14
NCBITaxon:2652276	4	mediadive.medium:339|mediadive.medium:693|mediadive.medium:78|mediadive.medium:J677
NCBITaxon:2652278	2	mediadive.medium:215c|mediadive.medium:J14
NCBITaxon:2652279	2	mediadive.medium:339|mediadive.medium:J14
NCBITaxon:2652282	2	mediadive.medium:339|mediadive.medium:J14
NCBITaxon:2652285	3	mediadive.medium:1203a|mediadive.medium:339|mediadive.medium:J14
NCBITaxon:2652286	3	mediadive.medium:1203a|mediadive.medium:693|mediadive.medium:J14
NCBITaxon:2652290	2	mediadive.medium:339|mediadive.medium:J14
NCBITaxon:2652291	2	mediadive.medium:1715|mediadive.medium:J14
NCBITaxon:2652292	3	mediadive.medium:215|mediadive.medium:693|mediadive.medium:J14
NCBITaxon:2652293	2	mediadive.medium:339|mediadive.medium:J14
NCBITaxon:2652309	2	mediadive.medium:1203a|mediadive.medium:J14
NCBITaxon:2653122	1	mediadive.medium:830
NCBITaxon:2653932	2	mediadive.medium:693|mediadive.medium:92
NCBITaxon:265426	1	mediadive.medium:514
NCBITaxon:2654512	3	mediadive.medium:535|mediadive.medium:830|mediadive.medium:J346
NCBITaxon:2654621	3	mediadive.medium:104b|mediadive.medium:J1234|mediadive.medium:J14
NCBITaxon:2654874	2	mediadive.medium:693|mediadive.medium:92
NCBITaxon:265488	4	mediadive.medium:514|mediadive.medium:600a|mediadive.medium:J118|mediadive.medium:J900
NCBITaxon:265546	1	mediadive.medium:220
NCBITaxon:265606	3	mediadive.medium:514a|mediadive.medium:600a|mediadive.medium:J900
NCBITaxon:265668	2	mediadive.medium:514|mediadive.medium:514c
NCBITaxon:2656735	1	mediadive.medium:65
NCBITaxon:2656921	1	mediadive.medium:830
NCBITaxon:265730	3	mediadive.medium:65|mediadive.medium:84|mediadive.medium:J42
NCBITaxon:265883	3	mediadive.medium:1011|mediadive.medium:142|mediadive.medium:J413
NCBITaxon:265948	1	mediadive.medium:220
NCBITaxon:265981	1	mediadive.medium:785
NCBITaxon:266	1	mediadive.medium:381
NCBITaxon:266009	2	mediadive.medium:1|mediadive.medium:620
NCBITaxon:266062	2	mediadive.medium:830|mediadive.medium:J22
NCBITaxon:266117	2	mediadive.medium:878|mediadive.medium:J48
NCBITaxon:266121	2	mediadive.medium:830|mediadive.medium:J346
NCBITaxon:266122	1	mediadive.medium:830
NCBITaxon:266123	1	mediadive.medium:830
NCBITaxon:266125	2	mediadive.medium:830|mediadive.medium:J346
NCBITaxon:266128	2	mediadive.medium:535|mediadive.medium:J346
NCBITaxon:2661627	1	mediadive.medium:58
NCBITaxon:2661628	1	mediadive.medium:58
NCBITaxon:2662258	1	mediadive.medium:514
NCBITaxon:2662261	1	mediadive.medium:830
NCBITaxon:2663842	3	mediadive.medium:252|mediadive.medium:65|mediadive.medium:84
NCBITaxon:2664430	1	mediadive.medium:1688
NCBITaxon:2664442	2	mediadive.medium:693|mediadive.medium:92
NCBITaxon:2664902	1	mediadive.medium:514
NCBITaxon:2664918	1	mediadive.medium:535
NCBITaxon:2665155	4	mediadive.medium:248|mediadive.medium:252|mediadive.medium:65|mediadive.medium:84
NCBITaxon:2665176	4	mediadive.medium:252|mediadive.medium:65|mediadive.medium:84|mediadive.medium:987
NCBITaxon:2665202	4	mediadive.medium:252|mediadive.medium:554|mediadive.medium:65|mediadive.medium:84
NCBITaxon:2665203	2	mediadive.medium:535|mediadive.medium:554
NCBITaxon:2665498	2	mediadive.medium:252|mediadive.medium:84
NCBITaxon:2665663	2	mediadive.medium:65|mediadive.medium:84
NCBITaxon:2665664	2	mediadive.medium:65|mediadive.medium:830
NCBITaxon:2665720	2	mediadive.medium:65|mediadive.medium:84
NCBITaxon:2665721	2	mediadive.medium:65|mediadive.medium:84
NCBITaxon:2666025	1	mediadive.medium:830
NCBITaxon:2666047	1	mediadive.medium:830
NCBITaxon:2666183	3	mediadive.medium:1|mediadive.medium:535|mediadive.medium:J443
NCBITaxon:2666248	2	mediadive.medium:65|mediadive.medium:84
NCBITaxon:2666250	3	mediadive.medium:252|mediadive.medium:65|mediadive.medium:84
NCBITaxon:2666263	2	mediadive.medium:65|mediadive.medium:84
NCBITaxon:2666283	2	mediadive.medium:252|mediadive.medium:65
NCBITaxon:2666298	4	mediadive.medium:252|mediadive.medium:554|mediadive.medium:65|mediadive.medium:J61
NCBITaxon:266748	2	mediadive.medium:830|mediadive.medium:J75
NCBITaxon:266749	2	mediadive.medium:830|mediadive.medium:J75
NCBITaxon:266809	1	mediadive.medium:514
NCBITaxon:266810	1	mediadive.medium:514
NCBITaxon:266812	1	mediadive.medium:514c
NCBITaxon:266892	2	mediadive.medium:514d|mediadive.medium:J623
NCBITaxon:266940	2	mediadive.medium:914|mediadive.medium:J43
NCBITaxon:266951	1	mediadive.medium:514
NCBITaxon:266952	2	mediadive.medium:514|mediadive.medium:J118
NCBITaxon:2670330	2	mediadive.medium:252|mediadive.medium:65
NCBITaxon:2670332	3	mediadive.medium:535|mediadive.medium:J51|mediadive.medium:J61
NCBITaxon:267135	1	mediadive.medium:514
NCBITaxon:2672569	2	mediadive.medium:830|mediadive.medium:92
NCBITaxon:2672572	3	mediadive.medium:535|mediadive.medium:736|mediadive.medium:92
NCBITaxon:2675011	1	mediadive.medium:1515
NCBITaxon:2675053	1	mediadive.medium:1635
NCBITaxon:2675216	1	mediadive.medium:535
NCBITaxon:2675218	1	mediadive.medium:535
NCBITaxon:2675219	1	mediadive.medium:535
NCBITaxon:2675267	2	mediadive.medium:1|mediadive.medium:220
NCBITaxon:2675269	1	mediadive.medium:220
NCBITaxon:2675277	1	mediadive.medium:220
NCBITaxon:2675298	1	mediadive.medium:1277a
NCBITaxon:2675321	1	mediadive.medium:58
NCBITaxon:2675322	1	mediadive.medium:58
NCBITaxon:2675323	1	mediadive.medium:58
NCBITaxon:2675324	1	mediadive.medium:58
NCBITaxon:2675325	1	mediadive.medium:58
NCBITaxon:2675430	2	mediadive.medium:535|mediadive.medium:545
NCBITaxon:2675590	1	mediadive.medium:339
NCBITaxon:2675747	1	mediadive.medium:535
NCBITaxon:2675748	1	mediadive.medium:535
NCBITaxon:2676122	1	mediadive.medium:92
NCBITaxon:2676123	1	mediadive.medium:92
NCBITaxon:267633	1	mediadive.medium:11
NCBITaxon:267736	1	mediadive.medium:591
NCBITaxon:267737	1	mediadive.medium:591
NCBITaxon:267745	2	mediadive.medium:220|mediadive.medium:453
NCBITaxon:267746	2	mediadive.medium:1|mediadive.medium:J75
NCBITaxon:267800	2	mediadive.medium:535|mediadive.medium:693
NCBITaxon:2678306	1	mediadive.medium:1203a
NCBITaxon:267850	2	mediadive.medium:1174|mediadive.medium:514
NCBITaxon:2678518	2	mediadive.medium:271|mediadive.medium:J860
NCBITaxon:267854	5	mediadive.medium:645|mediadive.medium:84|mediadive.medium:987|mediadive.medium:J386|mediadive.medium:J52
NCBITaxon:267990	2	mediadive.medium:795a|mediadive.medium:J417
NCBITaxon:2679961	1	mediadive.medium:514
NCBITaxon:2681388	2	mediadive.medium:252|mediadive.medium:871
NCBITaxon:2681861	1	mediadive.medium:78
NCBITaxon:2681881	1	mediadive.medium:514
NCBITaxon:2683234	1	mediadive.medium:830
NCBITaxon:2683610	1	mediadive.medium:514
NCBITaxon:2683713	1	mediadive.medium:693
NCBITaxon:2683714	1	mediadive.medium:693
NCBITaxon:2683717	2	mediadive.medium:215|mediadive.medium:693
NCBITaxon:268407	2	mediadive.medium:220|mediadive.medium:535
NCBITaxon:268410	1	mediadive.medium:1429
NCBITaxon:268735	2	mediadive.medium:1091|mediadive.medium:J574
NCBITaxon:268739	2	mediadive.medium:1091|mediadive.medium:J574
NCBITaxon:2689387	1	mediadive.medium:760
NCBITaxon:269069	3	mediadive.medium:1|mediadive.medium:830|mediadive.medium:J79
NCBITaxon:2691156	1	mediadive.medium:514
NCBITaxon:269144	4	mediadive.medium:514|mediadive.medium:92|mediadive.medium:J26|mediadive.medium:J475
NCBITaxon:2691583	2	mediadive.medium:1|mediadive.medium:535
NCBITaxon:269420	3	mediadive.medium:830|mediadive.medium:92|mediadive.medium:J26
NCBITaxon:269421	3	mediadive.medium:830|mediadive.medium:92|mediadive.medium:J26
NCBITaxon:2696063	1	mediadive.medium:311c
NCBITaxon:2696565	1	mediadive.medium:92
NCBITaxon:2696566	2	mediadive.medium:513|mediadive.medium:830
NCBITaxon:2696567	1	mediadive.medium:830
NCBITaxon:269660	1	mediadive.medium:1
NCBITaxon:2696678	1	mediadive.medium:104
NCBITaxon:269670	2	mediadive.medium:852|mediadive.medium:J77
NCBITaxon:269671	3	mediadive.medium:830|mediadive.medium:852|mediadive.medium:J77
NCBITaxon:269672	3	mediadive.medium:830|mediadive.medium:852|mediadive.medium:J77
NCBITaxon:2697027	3	mediadive.medium:1|mediadive.medium:535|mediadive.medium:830
NCBITaxon:2697028	2	mediadive.medium:1|mediadive.medium:535
NCBITaxon:2697034	1	mediadive.medium:830
NCBITaxon:269709	1	mediadive.medium:1180
NCBITaxon:269796	1	mediadive.medium:27
NCBITaxon:269798	2	mediadive.medium:160|mediadive.medium:J155
NCBITaxon:2698	1	mediadive.medium:370
NCBITaxon:2698649	1	mediadive.medium:65
NCBITaxon:2699	2	mediadive.medium:370|mediadive.medium:655
NCBITaxon:2699427	2	mediadive.medium:255|mediadive.medium:J1274
NCBITaxon:2699430	2	mediadive.medium:1761|mediadive.medium:J681
NCBITaxon:2699740	1	mediadive.medium:104
NCBITaxon:2699832	1	mediadive.medium:1166
NCBITaxon:2699835	1	mediadive.medium:693
NCBITaxon:2702	2	mediadive.medium:215|mediadive.medium:693
NCBITaxon:270344	2	mediadive.medium:3|mediadive.medium:441
NCBITaxon:270345	3	mediadive.medium:3|mediadive.medium:441|mediadive.medium:J75
NCBITaxon:270350	1	mediadive.medium:464
NCBITaxon:270351	2	mediadive.medium:464|mediadive.medium:830
NCBITaxon:270368	1	mediadive.medium:830
NCBITaxon:2703794	2	mediadive.medium:693|mediadive.medium:92
NCBITaxon:2703818	1	mediadive.medium:220
NCBITaxon:270498	3	mediadive.medium:110|mediadive.medium:693|mediadive.medium:J14
NCBITaxon:2705293	2	mediadive.medium:215|mediadive.medium:693
NCBITaxon:2706014	3	mediadive.medium:1024|mediadive.medium:1721|mediadive.medium:J1282
NCBITaxon:2706586	2	mediadive.medium:1203a|mediadive.medium:78
NCBITaxon:270689	3	mediadive.medium:65|mediadive.medium:84|mediadive.medium:J50
NCBITaxon:2707006	1	mediadive.medium:92
NCBITaxon:2707299	1	mediadive.medium:104
NCBITaxon:2708114	3	mediadive.medium:1484|mediadive.medium:65|mediadive.medium:830
NCBITaxon:2708254	2	mediadive.medium:830|mediadive.medium:J346
NCBITaxon:2708319	3	mediadive.medium:1|mediadive.medium:381|mediadive.medium:535
NCBITaxon:2709157	2	mediadive.medium:693|mediadive.medium:J28
NCBITaxon:2709158	3	mediadive.medium:104|mediadive.medium:693|mediadive.medium:J28
NCBITaxon:270918	1	mediadive.medium:514
NCBITaxon:270921	1	mediadive.medium:514
NCBITaxon:271	3	mediadive.medium:86|mediadive.medium:878|mediadive.medium:J276
NCBITaxon:271065	1	mediadive.medium:1180
NCBITaxon:2710754	1	mediadive.medium:553
NCBITaxon:2710756	3	mediadive.medium:252|mediadive.medium:65|mediadive.medium:84
NCBITaxon:271096	2	mediadive.medium:1173|mediadive.medium:514
NCBITaxon:271097	1	mediadive.medium:514
NCBITaxon:271098	1	mediadive.medium:514
NCBITaxon:271099	2	mediadive.medium:1173|mediadive.medium:514
NCBITaxon:2711217	5	mediadive.medium:252|mediadive.medium:554|mediadive.medium:65|mediadive.medium:84|mediadive.medium:987
NCBITaxon:271156	2	mediadive.medium:830|mediadive.medium:J346
NCBITaxon:271157	2	mediadive.medium:830|mediadive.medium:J346
NCBITaxon:271160	2	mediadive.medium:429|mediadive.medium:429a
NCBITaxon:2712698	1	mediadive.medium:514f
NCBITaxon:2713174	1	mediadive.medium:11
NCBITaxon:2714	2	mediadive.medium:534|mediadive.medium:J255
NCBITaxon:271417	1	mediadive.medium:220
NCBITaxon:271420	4	mediadive.medium:514|mediadive.medium:535|mediadive.medium:830|mediadive.medium:J118
NCBITaxon:271432	3	mediadive.medium:514|mediadive.medium:J118|mediadive.medium:J569
NCBITaxon:271433	4	mediadive.medium:514|mediadive.medium:92|mediadive.medium:J118|mediadive.medium:J569
NCBITaxon:271434	4	mediadive.medium:514|mediadive.medium:92|mediadive.medium:J118|mediadive.medium:J569
NCBITaxon:2714351	4	mediadive.medium:65|mediadive.medium:84|mediadive.medium:987|mediadive.medium:J43
NCBITaxon:2714358	1	mediadive.medium:330
NCBITaxon:2714738	1	mediadive.medium:1560
NCBITaxon:2714739	1	mediadive.medium:1695
NCBITaxon:2715124	1	mediadive.medium:830
NCBITaxon:2715279	1	mediadive.medium:1717
NCBITaxon:2715399	3	mediadive.medium:535|mediadive.medium:553|mediadive.medium:65
NCBITaxon:2715437	1	mediadive.medium:514
NCBITaxon:2715678	1	mediadive.medium:1277
NCBITaxon:2715922	2	mediadive.medium:65|mediadive.medium:987
NCBITaxon:2716538	1	mediadive.medium:104c
NCBITaxon:2717064	2	mediadive.medium:65|mediadive.medium:84
NCBITaxon:271848	5	mediadive.medium:1|mediadive.medium:220|mediadive.medium:535|mediadive.medium:693|mediadive.medium:92
NCBITaxon:2718620	2	mediadive.medium:63|mediadive.medium:641
NCBITaxon:2719234	1	mediadive.medium:255
NCBITaxon:2719989	1	mediadive.medium:403
NCBITaxon:2720018	1	mediadive.medium:906
NCBITaxon:272131	1	mediadive.medium:1592
NCBITaxon:2721544	4	mediadive.medium:189|mediadive.medium:554|mediadive.medium:65|mediadive.medium:J51
NCBITaxon:272161	2	mediadive.medium:92|mediadive.medium:J475
NCBITaxon:272210	2	mediadive.medium:92|mediadive.medium:J26
NCBITaxon:272239	2	mediadive.medium:92|mediadive.medium:J26
NCBITaxon:272240	1	mediadive.medium:92
NCBITaxon:272241	2	mediadive.medium:92|mediadive.medium:J26
NCBITaxon:2722803	1	mediadive.medium:92
NCBITaxon:2723059	2	mediadive.medium:553|mediadive.medium:65
NCBITaxon:2724178	2	mediadive.medium:1|mediadive.medium:535
NCBITaxon:2724616	1	mediadive.medium:383
NCBITaxon:272559	4	mediadive.medium:1203a|mediadive.medium:693|mediadive.medium:78|mediadive.medium:J14
NCBITaxon:272562	4	mediadive.medium:104b|mediadive.medium:104c|mediadive.medium:411|mediadive.medium:J14
NCBITaxon:272564	1	mediadive.medium:720
NCBITaxon:272568	1	mediadive.medium:1429
NCBITaxon:272569	3	mediadive.medium:372|mediadive.medium:97|mediadive.medium:J169
NCBITaxon:2725995	2	mediadive.medium:462|mediadive.medium:830
NCBITaxon:272773	1	mediadive.medium:514
NCBITaxon:272775	1	mediadive.medium:220
NCBITaxon:272914	2	mediadive.medium:830|mediadive.medium:J26
NCBITaxon:272917	2	mediadive.medium:514|mediadive.medium:J118
NCBITaxon:272918	2	mediadive.medium:987|mediadive.medium:J488
NCBITaxon:272919	2	mediadive.medium:993c|mediadive.medium:J486
NCBITaxon:2729617	1	mediadive.medium:514
NCBITaxon:2729618	1	mediadive.medium:514
NCBITaxon:2729629	1	mediadive.medium:1190
NCBITaxon:2730080	1	mediadive.medium:896
NCBITaxon:273032	1	mediadive.medium:514
NCBITaxon:2730405	1	mediadive.medium:220
NCBITaxon:273075	2	mediadive.medium:158|mediadive.medium:J180
NCBITaxon:273121	4	mediadive.medium:157|mediadive.medium:J156|mediadive.medium:J256|mediadive.medium:J262
NCBITaxon:2731220	1	mediadive.medium:119
NCBITaxon:2731255	3	mediadive.medium:215|mediadive.medium:693|mediadive.medium:J14
NCBITaxon:2732067	2	mediadive.medium:1646|mediadive.medium:830
NCBITaxon:2732487	2	mediadive.medium:1646|mediadive.medium:830
NCBITaxon:273251	1	mediadive.medium:830
NCBITaxon:2732864	2	mediadive.medium:65|mediadive.medium:877
NCBITaxon:273384	2	mediadive.medium:92|mediadive.medium:J22
NCBITaxon:2734912	2	mediadive.medium:621|mediadive.medium:830
NCBITaxon:273527	1	mediadive.medium:514
NCBITaxon:2735889	1	mediadive.medium:514
NCBITaxon:2735890	2	mediadive.medium:428|mediadive.medium:632
NCBITaxon:2735891	2	mediadive.medium:1|mediadive.medium:535
NCBITaxon:2735893	2	mediadive.medium:693|mediadive.medium:92
NCBITaxon:2736289	3	mediadive.medium:1203a|mediadive.medium:58|mediadive.medium:693
NCBITaxon:2736290	2	mediadive.medium:693|mediadive.medium:78
NCBITaxon:2736291	2	mediadive.medium:693|mediadive.medium:78
NCBITaxon:2736294	1	mediadive.medium:1203a
NCBITaxon:2736649	2	mediadive.medium:1|mediadive.medium:81
NCBITaxon:273676	4	mediadive.medium:535|mediadive.medium:65|mediadive.medium:92|mediadive.medium:J26
NCBITaxon:273677	2	mediadive.medium:830|mediadive.medium:92
NCBITaxon:2737028	1	mediadive.medium:514
NCBITaxon:2737512	1	mediadive.medium:11
NCBITaxon:273793	1	mediadive.medium:1019
NCBITaxon:2738	1	mediadive.medium:92
NCBITaxon:2738409	1	mediadive.medium:645
NCBITaxon:2738446	1	mediadive.medium:104
NCBITaxon:2739	1	mediadive.medium:92
NCBITaxon:2739064	1	mediadive.medium:514
NCBITaxon:2739389	1	mediadive.medium:104
NCBITaxon:274	1	mediadive.medium:878
NCBITaxon:2740163	1	mediadive.medium:641
NCBITaxon:2740515	2	mediadive.medium:1721|mediadive.medium:J1019
NCBITaxon:2740577	2	mediadive.medium:215|mediadive.medium:693
NCBITaxon:2740579	2	mediadive.medium:693|mediadive.medium:92
NCBITaxon:2741	4	mediadive.medium:110|mediadive.medium:634|mediadive.medium:J14|mediadive.medium:J84
NCBITaxon:2741433	1	mediadive.medium:1
NCBITaxon:2741498	1	mediadive.medium:1
NCBITaxon:2742	2	mediadive.medium:1540|mediadive.medium:514
NCBITaxon:2742600	2	mediadive.medium:11|mediadive.medium:693
NCBITaxon:2743	4	mediadive.medium:123|mediadive.medium:276|mediadive.medium:514|mediadive.medium:J22
NCBITaxon:2743000	1	mediadive.medium:371
NCBITaxon:2743001	1	mediadive.medium:371
NCBITaxon:2744308	1	mediadive.medium:1115
NCBITaxon:274537	1	mediadive.medium:29
NCBITaxon:274539	1	mediadive.medium:40
NCBITaxon:274592	1	mediadive.medium:514
NCBITaxon:274593	1	mediadive.medium:220
NCBITaxon:2746	5	mediadive.medium:220|mediadive.medium:276|mediadive.medium:457|mediadive.medium:514b|mediadive.medium:593
NCBITaxon:2747372	2	mediadive.medium:693|mediadive.medium:92
NCBITaxon:2747607	1	mediadive.medium:514b
NCBITaxon:2748	1	mediadive.medium:92
NCBITaxon:2748098	1	mediadive.medium:514
NCBITaxon:2749148	2	mediadive.medium:65|mediadive.medium:84
NCBITaxon:2749268	1	mediadive.medium:1809
NCBITaxon:2749961	1	mediadive.medium:92
NCBITaxon:2749962	1	mediadive.medium:92
NCBITaxon:2749967	1	mediadive.medium:693
NCBITaxon:275	2	mediadive.medium:1045|mediadive.medium:630
NCBITaxon:2750	1	mediadive.medium:92
NCBITaxon:2750625	2	mediadive.medium:1|mediadive.medium:535
NCBITaxon:2750658	1	mediadive.medium:1731
NCBITaxon:2750659	1	mediadive.medium:1731
NCBITaxon:2750812	4	mediadive.medium:535|mediadive.medium:553|mediadive.medium:554|mediadive.medium:65
NCBITaxon:2751	5	mediadive.medium:92|mediadive.medium:J13|mediadive.medium:J16|mediadive.medium:J17|mediadive.medium:J28
NCBITaxon:2751153	2	mediadive.medium:1611|mediadive.medium:J14
NCBITaxon:2752	1	mediadive.medium:466
NCBITaxon:2752311	1	mediadive.medium:1159
NCBITaxon:2753746	1	mediadive.medium:514
NCBITaxon:2754899	2	mediadive.medium:553|mediadive.medium:65
NCBITaxon:2755051	1	mediadive.medium:255
NCBITaxon:2755338	1	mediadive.medium:119
NCBITaxon:2756	1	mediadive.medium:53
NCBITaxon:2756294	1	mediadive.medium:1708
NCBITaxon:2757	1	mediadive.medium:92
NCBITaxon:2758695	3	mediadive.medium:1|mediadive.medium:381|mediadive.medium:535
NCBITaxon:2759023	1	mediadive.medium:1
NCBITaxon:2759526	3	mediadive.medium:1|mediadive.medium:535|mediadive.medium:830
NCBITaxon:2759528	2	mediadive.medium:535|mediadive.medium:545
NCBITaxon:2759747	1	mediadive.medium:11
NCBITaxon:2759748	1	mediadive.medium:11
NCBITaxon:2759752	1	mediadive.medium:11
NCBITaxon:2759755	1	mediadive.medium:11
NCBITaxon:2759855	1	mediadive.medium:11
NCBITaxon:2759856	1	mediadive.medium:11
NCBITaxon:276	2	mediadive.medium:878|mediadive.medium:J276
NCBITaxon:2761120	1	mediadive.medium:830
NCBITaxon:2761123	1	mediadive.medium:403
NCBITaxon:2761496	1	mediadive.medium:92
NCBITaxon:2762209	1	mediadive.medium:92
NCBITaxon:2762210	2	mediadive.medium:693|mediadive.medium:92
NCBITaxon:2762214	1	mediadive.medium:92
NCBITaxon:2762215	1	mediadive.medium:92
NCBITaxon:2762216	1	mediadive.medium:92
NCBITaxon:2762217	1	mediadive.medium:92
NCBITaxon:2762219	2	mediadive.medium:693|mediadive.medium:92
NCBITaxon:2762220	1	mediadive.medium:92
NCBITaxon:2762222	2	mediadive.medium:220|mediadive.medium:545
NCBITaxon:2762224	2	mediadive.medium:693|mediadive.medium:92
NCBITaxon:2762225	2	mediadive.medium:693|mediadive.medium:92
NCBITaxon:2762226	2	mediadive.medium:693|mediadive.medium:92
NCBITaxon:2762227	1	mediadive.medium:92
NCBITaxon:2762228	1	mediadive.medium:92
NCBITaxon:2762229	1	mediadive.medium:92
NCBITaxon:2762230	2	mediadive.medium:693|mediadive.medium:92
NCBITaxon:2762234	2	mediadive.medium:220|mediadive.medium:545
NCBITaxon:2762236	1	mediadive.medium:92
NCBITaxon:2762237	1	mediadive.medium:92
NCBITaxon:2762238	1	mediadive.medium:92
NCBITaxon:2762240	1	mediadive.medium:92
NCBITaxon:2762241	1	mediadive.medium:92
NCBITaxon:2762242	2	mediadive.medium:693|mediadive.medium:92
NCBITaxon:2762245	2	mediadive.medium:220|mediadive.medium:545
NCBITaxon:2762246	2	mediadive.medium:1203|mediadive.medium:693
NCBITaxon:2762277	1	mediadive.medium:360
NCBITaxon:2762745	2	mediadive.medium:1|mediadive.medium:535
NCBITaxon:2763023	2	mediadive.medium:1203a|mediadive.medium:693
NCBITaxon:2763072	2	mediadive.medium:693|mediadive.medium:92
NCBITaxon:2763074	1	mediadive.medium:92
NCBITaxon:2763075	2	mediadive.medium:693|mediadive.medium:92
NCBITaxon:2763499	1	mediadive.medium:535
NCBITaxon:2764184	1	mediadive.medium:1611
NCBITaxon:2764705	1	mediadive.medium:1267
NCBITaxon:2765360	2	mediadive.medium:1|mediadive.medium:830
NCBITaxon:2766967	1	mediadive.medium:693
NCBITaxon:2766982	1	mediadive.medium:1193
NCBITaxon:2769485	2	mediadive.medium:110|mediadive.medium:693
NCBITaxon:2769542	1	mediadive.medium:220
NCBITaxon:2771427	2	mediadive.medium:535|mediadive.medium:830
NCBITaxon:2771537	4	mediadive.medium:553|mediadive.medium:554|mediadive.medium:65|mediadive.medium:84
NCBITaxon:2772457	1	mediadive.medium:503
NCBITaxon:2772557	1	mediadive.medium:282
NCBITaxon:2773299	1	mediadive.medium:641
NCBITaxon:2773926	3	mediadive.medium:1203a|mediadive.medium:693|mediadive.medium:78
NCBITaxon:2774189	1	mediadive.medium:595
NCBITaxon:2774190	1	mediadive.medium:595
NCBITaxon:2775030	1	mediadive.medium:666
NCBITaxon:2775404	1	mediadive.medium:1704
NCBITaxon:2778364	1	mediadive.medium:987
NCBITaxon:2778365	4	mediadive.medium:1532|mediadive.medium:464|mediadive.medium:84|mediadive.medium:987
NCBITaxon:2778368	2	mediadive.medium:65|mediadive.medium:987
NCBITaxon:2778369	3	mediadive.medium:65|mediadive.medium:84|mediadive.medium:987
NCBITaxon:2778531	1	mediadive.medium:514
NCBITaxon:2778911	1	mediadive.medium:693
NCBITaxon:2779351	3	mediadive.medium:215|mediadive.medium:693|mediadive.medium:J282
NCBITaxon:2779353	2	mediadive.medium:693|mediadive.medium:92
NCBITaxon:2779355	3	mediadive.medium:11|mediadive.medium:1713|mediadive.medium:215
NCBITaxon:2779356	3	mediadive.medium:1713|mediadive.medium:693|mediadive.medium:J1130
NCBITaxon:2779357	3	mediadive.medium:1203a|mediadive.medium:693|mediadive.medium:J282
NCBITaxon:2779358	3	mediadive.medium:110|mediadive.medium:1715|mediadive.medium:693
NCBITaxon:277961	2	mediadive.medium:381|mediadive.medium:J443
NCBITaxon:277988	2	mediadive.medium:760|mediadive.medium:J280
NCBITaxon:2780094	1	mediadive.medium:830
NCBITaxon:2780922	2	mediadive.medium:1611|mediadive.medium:J14
NCBITaxon:2781186	1	mediadive.medium:92
NCBITaxon:278132	2	mediadive.medium:514|mediadive.medium:J118
NCBITaxon:2781773	1	mediadive.medium:92
NCBITaxon:2781774	1	mediadive.medium:92
NCBITaxon:2781962	1	mediadive.medium:92
NCBITaxon:2782231	1	mediadive.medium:545
NCBITaxon:2782349	4	mediadive.medium:535|mediadive.medium:67|mediadive.medium:830|mediadive.medium:9
NCBITaxon:2782350	4	mediadive.medium:535|mediadive.medium:67|mediadive.medium:830|mediadive.medium:9
NCBITaxon:2782351	4	mediadive.medium:535|mediadive.medium:67|mediadive.medium:830|mediadive.medium:9
NCBITaxon:2782352	4	mediadive.medium:535|mediadive.medium:67|mediadive.medium:830|mediadive.medium:9
NCBITaxon:2784389	1	mediadive.medium:830
NCBITaxon:2785916	1	mediadive.medium:987
NCBITaxon:2787622	2	mediadive.medium:1|mediadive.medium:535
NCBITaxon:2787751	1	mediadive.medium:641
NCBITaxon:278860	2	mediadive.medium:514|mediadive.medium:J118
NCBITaxon:278957	1	mediadive.medium:830
NCBITaxon:2789776	1	mediadive.medium:514
NCBITaxon:2789879	3	mediadive.medium:553|mediadive.medium:554|mediadive.medium:65
NCBITaxon:278990	1	mediadive.medium:1064
NCBITaxon:278992	4	mediadive.medium:65|mediadive.medium:84|mediadive.medium:J58|mediadive.medium:J66
NCBITaxon:278994	1	mediadive.medium:1028
NCBITaxon:279010	2	mediadive.medium:1|mediadive.medium:J22
NCBITaxon:279058	1	mediadive.medium:1
NCBITaxon:279113	1	mediadive.medium:1
NCBITaxon:2792008	1	mediadive.medium:65
NCBITaxon:2792013	1	mediadive.medium:65
NCBITaxon:279208	2	mediadive.medium:220|mediadive.medium:J75
NCBITaxon:279215	2	mediadive.medium:514|mediadive.medium:J118
NCBITaxon:279238	2	mediadive.medium:457|mediadive.medium:464a
NCBITaxon:2792603	2	mediadive.medium:477|mediadive.medium:J1196
NCBITaxon:279359	2	mediadive.medium:514|mediadive.medium:J118
NCBITaxon:279360	2	mediadive.medium:514|mediadive.medium:J118
NCBITaxon:2794877	1	mediadive.medium:383
NCBITaxon:279573	3	mediadive.medium:830|mediadive.medium:92|mediadive.medium:J26
NCBITaxon:279574	3	mediadive.medium:830|mediadive.medium:92|mediadive.medium:J26
NCBITaxon:2795974	1	mediadive.medium:1560
NCBITaxon:2796453	1	mediadive.medium:11
NCBITaxon:2796645	1	mediadive.medium:514
NCBITaxon:2797258	1	mediadive.medium:11
NCBITaxon:279810	2	mediadive.medium:1011a|mediadive.medium:J419
NCBITaxon:279813	1	mediadive.medium:514
NCBITaxon:279824	1	mediadive.medium:1242
NCBITaxon:279826	1	mediadive.medium:220
NCBITaxon:279827	1	mediadive.medium:1242
NCBITaxon:279828	1	mediadive.medium:1063
NCBITaxon:279832	1	mediadive.medium:429
NCBITaxon:2798577	1	mediadive.medium:1494
NCBITaxon:2799499	2	mediadive.medium:535|mediadive.medium:987
NCBITaxon:280	5	mediadive.medium:1|mediadive.medium:428|mediadive.medium:81|mediadive.medium:830|mediadive.medium:J74
NCBITaxon:2800120	2	mediadive.medium:65|mediadive.medium:J43
NCBITaxon:2800375	1	mediadive.medium:1
NCBITaxon:2800381	3	mediadive.medium:252|mediadive.medium:65|mediadive.medium:84
NCBITaxon:2800382	4	mediadive.medium:65|mediadive.medium:84|mediadive.medium:J45|mediadive.medium:J66
NCBITaxon:2800387	1	mediadive.medium:104
NCBITaxon:280093	2	mediadive.medium:830|mediadive.medium:J346
NCBITaxon:2801030	2	mediadive.medium:65|mediadive.medium:J61
NCBITaxon:280145	3	mediadive.medium:1|mediadive.medium:693|mediadive.medium:92
NCBITaxon:2801452	1	mediadive.medium:11
NCBITaxon:2801997	1	mediadive.medium:104
NCBITaxon:2802280	3	mediadive.medium:65|mediadive.medium:84|mediadive.medium:987
NCBITaxon:280238	4	mediadive.medium:1009|mediadive.medium:535|mediadive.medium:553|mediadive.medium:J118
NCBITaxon:2802395	1	mediadive.medium:1716
NCBITaxon:2802396	1	mediadive.medium:1716
NCBITaxon:280240	3	mediadive.medium:1159|mediadive.medium:65|mediadive.medium:J207
NCBITaxon:28025	5	mediadive.medium:339|mediadive.medium:58|mediadive.medium:693|mediadive.medium:J13|mediadive.medium:J19
NCBITaxon:28026	1	mediadive.medium:58
NCBITaxon:28028	2	mediadive.medium:535|mediadive.medium:J22
NCBITaxon:280293	2	mediadive.medium:1027|mediadive.medium:J800
NCBITaxon:28031	3	mediadive.medium:1|mediadive.medium:220|mediadive.medium:J22
NCBITaxon:280332	1	mediadive.medium:98
NCBITaxon:280333	1	mediadive.medium:98
NCBITaxon:28034	1	mediadive.medium:665
NCBITaxon:28035	3	mediadive.medium:220|mediadive.medium:693|mediadive.medium:92
NCBITaxon:28038	3	mediadive.medium:11|mediadive.medium:J13|mediadive.medium:J84
NCBITaxon:28042	10	mediadive.medium:215|mediadive.medium:426|mediadive.medium:535|mediadive.medium:555|mediadive.medium:6|mediadive.medium:65|mediadive.medium:82|mediadive.medium:83|mediadive.medium:J48|mediadive.medium:J49
NCBITaxon:28044	3	mediadive.medium:65|mediadive.medium:84|mediadive.medium:J42
NCBITaxon:28045	3	mediadive.medium:219|mediadive.medium:645|mediadive.medium:J386
NCBITaxon:28047	3	mediadive.medium:354|mediadive.medium:645|mediadive.medium:J386
NCBITaxon:28049	1	mediadive.medium:1433
NCBITaxon:2806023	2	mediadive.medium:535a|mediadive.medium:693
NCBITaxon:2806205	1	mediadive.medium:671
NCBITaxon:28064	2	mediadive.medium:370|mediadive.medium:537
NCBITaxon:2806556	5	mediadive.medium:1|mediadive.medium:220|mediadive.medium:381|mediadive.medium:535|mediadive.medium:545
NCBITaxon:28066	2	mediadive.medium:27|mediadive.medium:J138
NCBITaxon:28068	2	mediadive.medium:27|mediadive.medium:J358
NCBITaxon:2807096	1	mediadive.medium:830
NCBITaxon:28077	4	mediadive.medium:352|mediadive.medium:428|mediadive.medium:81|mediadive.medium:830
NCBITaxon:28081	1	mediadive.medium:220
NCBITaxon:28082	2	mediadive.medium:585|mediadive.medium:J119
NCBITaxon:28083	2	mediadive.medium:585|mediadive.medium:J119
NCBITaxon:28085	1	mediadive.medium:585
NCBITaxon:28087	1	mediadive.medium:585
NCBITaxon:280871	2	mediadive.medium:645|mediadive.medium:J386
NCBITaxon:28090	7	mediadive.medium:1|mediadive.medium:220|mediadive.medium:535|mediadive.medium:693|mediadive.medium:830|mediadive.medium:92|mediadive.medium:J22
NCBITaxon:2809020	2	mediadive.medium:1|mediadive.medium:535
NCBITaxon:2809026	1	mediadive.medium:58
NCBITaxon:2809027	1	mediadive.medium:58
NCBITaxon:2809028	1	mediadive.medium:58
NCBITaxon:28092	4	mediadive.medium:1|mediadive.medium:1a|mediadive.medium:535|mediadive.medium:J75
NCBITaxon:28094	2	mediadive.medium:1|mediadive.medium:J75
NCBITaxon:28095	3	mediadive.medium:220|mediadive.medium:92|mediadive.medium:J22
NCBITaxon:28097	4	mediadive.medium:1|mediadive.medium:1052|mediadive.medium:428|mediadive.medium:830
NCBITaxon:28099	2	mediadive.medium:1|mediadive.medium:J74
NCBITaxon:281	5	mediadive.medium:1|mediadive.medium:428|mediadive.medium:457|mediadive.medium:81|mediadive.medium:J74
NCBITaxon:28101	2	mediadive.medium:1|mediadive.medium:J74
NCBITaxon:28104	2	mediadive.medium:98|mediadive.medium:J254
NCBITaxon:2810562	1	mediadive.medium:1040
NCBITaxon:28108	1	mediadive.medium:514
NCBITaxon:28109	3	mediadive.medium:101|mediadive.medium:514|mediadive.medium:J118
NCBITaxon:281091	1	mediadive.medium:1143
NCBITaxon:281105	4	mediadive.medium:252|mediadive.medium:65|mediadive.medium:84|mediadive.medium:J398
NCBITaxon:28111	1	mediadive.medium:1713
NCBITaxon:2811108	4	mediadive.medium:1081|mediadive.medium:1302|mediadive.medium:514|mediadive.medium:830
NCBITaxon:28112	1	mediadive.medium:1203
NCBITaxon:281120	2	mediadive.medium:1500|mediadive.medium:1512
NCBITaxon:28113	4	mediadive.medium:693|mediadive.medium:78|mediadive.medium:J1130|mediadive.medium:J677
NCBITaxon:28118	3	mediadive.medium:110|mediadive.medium:693|mediadive.medium:78
NCBITaxon:281186	5	mediadive.medium:553|mediadive.medium:554|mediadive.medium:65|mediadive.medium:J104|mediadive.medium:J50
NCBITaxon:28121	4	mediadive.medium:104c|mediadive.medium:1310|mediadive.medium:330|mediadive.medium:704
NCBITaxon:28122	1	mediadive.medium:1668
NCBITaxon:281252	1	mediadive.medium:514
NCBITaxon:28126	2	mediadive.medium:104|mediadive.medium:693
NCBITaxon:2812850	1	mediadive.medium:92
NCBITaxon:28132	2	mediadive.medium:104|mediadive.medium:693
NCBITaxon:2813362	1	mediadive.medium:1298
NCBITaxon:28135	3	mediadive.medium:104|mediadive.medium:693|mediadive.medium:J14
NCBITaxon:281362	1	mediadive.medium:830
NCBITaxon:2813727	1	mediadive.medium:92
NCBITaxon:281375	1	mediadive.medium:220
NCBITaxon:281376	1	mediadive.medium:220
NCBITaxon:28141	5	mediadive.medium:1|mediadive.medium:693|mediadive.medium:92|mediadive.medium:J12|mediadive.medium:J22
NCBITaxon:2814576	1	mediadive.medium:1572
NCBITaxon:28151	2	mediadive.medium:693|mediadive.medium:92
NCBITaxon:28152	2	mediadive.medium:535|mediadive.medium:J12
NCBITaxon:2815339	1	mediadive.medium:215
NCBITaxon:2815602	1	mediadive.medium:1593
NCBITaxon:2815603	1	mediadive.medium:1593
NCBITaxon:28159	1	mediadive.medium:535
NCBITaxon:2816080	1	mediadive.medium:402
NCBITaxon:2816082	1	mediadive.medium:402
NCBITaxon:28161	1	mediadive.medium:535
NCBITaxon:281689	1	mediadive.medium:95
NCBITaxon:28169	2	mediadive.medium:514|mediadive.medium:J118
NCBITaxon:2816960	1	mediadive.medium:92
NCBITaxon:281738	1	mediadive.medium:514
NCBITaxon:281739	2	mediadive.medium:514|mediadive.medium:J118
NCBITaxon:2817708	2	mediadive.medium:65|mediadive.medium:J58
NCBITaxon:2817709	2	mediadive.medium:65|mediadive.medium:84
NCBITaxon:2817711	1	mediadive.medium:252
NCBITaxon:28181	1	mediadive.medium:1487
NCBITaxon:28184	1	mediadive.medium:1113
NCBITaxon:28185	1	mediadive.medium:1008
NCBITaxon:28188	2	mediadive.medium:693|mediadive.medium:779
NCBITaxon:28192	2	mediadive.medium:1076b|mediadive.medium:J996
NCBITaxon:2819238	1	mediadive.medium:830
NCBITaxon:2819280	1	mediadive.medium:1321
NCBITaxon:28195	1	mediadive.medium:86
NCBITaxon:28197	4	mediadive.medium:215|mediadive.medium:429|mediadive.medium:693|mediadive.medium:J256
NCBITaxon:28200	1	mediadive.medium:693
NCBITaxon:28202	2	mediadive.medium:1012|mediadive.medium:257
NCBITaxon:2820268	1	mediadive.medium:514
NCBITaxon:28205	1	mediadive.medium:508
NCBITaxon:2820661	1	mediadive.medium:1566
NCBITaxon:282078	3	mediadive.medium:429|mediadive.medium:92|mediadive.medium:J28
NCBITaxon:28210	2	mediadive.medium:463|mediadive.medium:464
NCBITaxon:28211	3	mediadive.medium:1351|mediadive.medium:1655|mediadive.medium:514
NCBITaxon:28214	13	mediadive.medium:1|mediadive.medium:1052|mediadive.medium:1153|mediadive.medium:220|mediadive.medium:457|mediadive.medium:462|mediadive.medium:462a|mediadive.medium:464|mediadive.medium:514|mediadive.medium:535|mediadive.medium:605|mediadive.medium:621a|mediadive.medium:830
NCBITaxon:282175	1	mediadive.medium:429
NCBITaxon:282197	1	mediadive.medium:514
NCBITaxon:28221	1	mediadive.medium:1494
NCBITaxon:28227	1	mediadive.medium:1076b
NCBITaxon:28229	1	mediadive.medium:514
NCBITaxon:28230	1	mediadive.medium:466
NCBITaxon:28232	1	mediadive.medium:579
NCBITaxon:28240	3	mediadive.medium:141c|mediadive.medium:1539|mediadive.medium:498
NCBITaxon:28254	2	mediadive.medium:617|mediadive.medium:J118
NCBITaxon:28255	2	mediadive.medium:617|mediadive.medium:J118
NCBITaxon:28258	4	mediadive.medium:123|mediadive.medium:514|mediadive.medium:514b|mediadive.medium:J118
NCBITaxon:2825854	1	mediadive.medium:1704
NCBITaxon:28264	2	mediadive.medium:104|mediadive.medium:693
NCBITaxon:282669	1	mediadive.medium:514
NCBITaxon:282683	1	mediadive.medium:514
NCBITaxon:2826895	1	mediadive.medium:830
NCBITaxon:2828727	1	mediadive.medium:339
NCBITaxon:2829797	2	mediadive.medium:123|mediadive.medium:514
NCBITaxon:2830653	2	mediadive.medium:693|mediadive.medium:92
NCBITaxon:2831590	3	mediadive.medium:535|mediadive.medium:545|mediadive.medium:693
NCBITaxon:283166	1	mediadive.medium:429
NCBITaxon:2831662	3	mediadive.medium:535|mediadive.medium:65|mediadive.medium:92
NCBITaxon:28320	2	mediadive.medium:1|mediadive.medium:J22
NCBITaxon:2834276	1	mediadive.medium:1718
NCBITaxon:2834431	1	mediadive.medium:58
NCBITaxon:2834432	1	mediadive.medium:58
NCBITaxon:2834433	1	mediadive.medium:58
NCBITaxon:2834434	1	mediadive.medium:58
NCBITaxon:2834435	1	mediadive.medium:58
NCBITaxon:2834436	1	mediadive.medium:58
NCBITaxon:2834437	1	mediadive.medium:58
NCBITaxon:2834459	2	mediadive.medium:104|mediadive.medium:1203a
NCBITaxon:2834460	2	mediadive.medium:104|mediadive.medium:1203a
NCBITaxon:283702	1	mediadive.medium:212
NCBITaxon:283718	4	mediadive.medium:535|mediadive.medium:65|mediadive.medium:J256|mediadive.medium:J346
NCBITaxon:283734	3	mediadive.medium:693|mediadive.medium:92|mediadive.medium:J75
NCBITaxon:2837493	1	mediadive.medium:525a
NCBITaxon:2837523	1	mediadive.medium:220
NCBITaxon:2837527	1	mediadive.medium:220
NCBITaxon:283786	1	mediadive.medium:514
NCBITaxon:2837969	3	mediadive.medium:1|mediadive.medium:1749|mediadive.medium:535
NCBITaxon:283816	1	mediadive.medium:514
NCBITaxon:2838734	2	mediadive.medium:1203|mediadive.medium:693
NCBITaxon:283877	2	mediadive.medium:92|mediadive.medium:J26
NCBITaxon:283878	2	mediadive.medium:92|mediadive.medium:J26
NCBITaxon:283923	1	mediadive.medium:535
NCBITaxon:284016	1	mediadive.medium:535
NCBITaxon:2840188	1	mediadive.medium:603
NCBITaxon:284027	2	mediadive.medium:65|mediadive.medium:J42
NCBITaxon:284028	4	mediadive.medium:252|mediadive.medium:65|mediadive.medium:84|mediadive.medium:J81
NCBITaxon:284029	4	mediadive.medium:65|mediadive.medium:84|mediadive.medium:J50|mediadive.medium:J66
NCBITaxon:284030	4	mediadive.medium:65|mediadive.medium:84|mediadive.medium:J43|mediadive.medium:J66
NCBITaxon:284031	3	mediadive.medium:252|mediadive.medium:65|mediadive.medium:J42
NCBITaxon:284032	2	mediadive.medium:65|mediadive.medium:J66
NCBITaxon:284033	4	mediadive.medium:553|mediadive.medium:65|mediadive.medium:84|mediadive.medium:J42
NCBITaxon:284035	3	mediadive.medium:65|mediadive.medium:84|mediadive.medium:J66
NCBITaxon:284036	3	mediadive.medium:252|mediadive.medium:65|mediadive.medium:J58
NCBITaxon:284039	3	mediadive.medium:65|mediadive.medium:84|mediadive.medium:J42
NCBITaxon:284040	3	mediadive.medium:65|mediadive.medium:84|mediadive.medium:J58
NCBITaxon:284041	3	mediadive.medium:65|mediadive.medium:84|mediadive.medium:J42
NCBITaxon:284042	3	mediadive.medium:65|mediadive.medium:84|mediadive.medium:J66
NCBITaxon:284043	4	mediadive.medium:65|mediadive.medium:84|mediadive.medium:J58|mediadive.medium:J66
NCBITaxon:284044	4	mediadive.medium:252|mediadive.medium:65|mediadive.medium:84|mediadive.medium:J51
NCBITaxon:2842303	1	mediadive.medium:65
NCBITaxon:2843215	2	mediadive.medium:513|mediadive.medium:830
NCBITaxon:28444	6	mediadive.medium:252|mediadive.medium:553|mediadive.medium:65|mediadive.medium:84|mediadive.medium:J50|mediadive.medium:J52
NCBITaxon:28445	3	mediadive.medium:354|mediadive.medium:645|mediadive.medium:J386
NCBITaxon:284452	3	mediadive.medium:65|mediadive.medium:84|mediadive.medium:J42
NCBITaxon:28446	1	mediadive.medium:156
NCBITaxon:28447	5	mediadive.medium:53|mediadive.medium:65|mediadive.medium:830|mediadive.medium:92|mediadive.medium:J26
NCBITaxon:28448	4	mediadive.medium:105|mediadive.medium:306|mediadive.medium:360|mediadive.medium:J597
NCBITaxon:28449	2	mediadive.medium:215|mediadive.medium:693
NCBITaxon:28454	2	mediadive.medium:1|mediadive.medium:J22
NCBITaxon:284570	3	mediadive.medium:830|mediadive.medium:92|mediadive.medium:J26
NCBITaxon:284575	1	mediadive.medium:514
NCBITaxon:284577	1	mediadive.medium:514
NCBITaxon:284578	1	mediadive.medium:514
NCBITaxon:284579	1	mediadive.medium:514
NCBITaxon:284580	1	mediadive.medium:514
NCBITaxon:284581	1	mediadive.medium:220
NCBITaxon:284582	2	mediadive.medium:514|mediadive.medium:J532
NCBITaxon:2847324	1	mediadive.medium:104
NCBITaxon:2847778	1	mediadive.medium:293
NCBITaxon:2849666	1	mediadive.medium:830
NCBITaxon:2849866	1	mediadive.medium:220
NCBITaxon:285	12	mediadive.medium:1|mediadive.medium:1a|mediadive.medium:220|mediadive.medium:220a|mediadive.medium:457|mediadive.medium:465|mediadive.medium:474|mediadive.medium:535|mediadive.medium:545|mediadive.medium:830|mediadive.medium:J12|mediadive.medium:J22
NCBITaxon:285070	3	mediadive.medium:104|mediadive.medium:827|mediadive.medium:J431
NCBITaxon:285091	1	mediadive.medium:514
NCBITaxon:285106	1	mediadive.medium:778
NCBITaxon:2851642	1	mediadive.medium:92
NCBITaxon:2851645	1	mediadive.medium:92
NCBITaxon:2851646	1	mediadive.medium:92
NCBITaxon:2851649	1	mediadive.medium:92
NCBITaxon:285258	1	mediadive.medium:514
NCBITaxon:285279	2	mediadive.medium:514|mediadive.medium:J118
NCBITaxon:2853159	2	mediadive.medium:1|mediadive.medium:535
NCBITaxon:2853165	2	mediadive.medium:65|mediadive.medium:84
NCBITaxon:285351	2	mediadive.medium:92|mediadive.medium:J28
NCBITaxon:2854389	1	mediadive.medium:830
NCBITaxon:285444	4	mediadive.medium:65|mediadive.medium:84|mediadive.medium:J58|mediadive.medium:J66
NCBITaxon:285446	3	mediadive.medium:65|mediadive.medium:84|mediadive.medium:J43
NCBITaxon:285451	3	mediadive.medium:65|mediadive.medium:84|mediadive.medium:J42
NCBITaxon:285453	3	mediadive.medium:65|mediadive.medium:84|mediadive.medium:J58
NCBITaxon:2854755	1	mediadive.medium:104
NCBITaxon:285515	5	mediadive.medium:1027|mediadive.medium:252|mediadive.medium:65|mediadive.medium:84|mediadive.medium:J42
NCBITaxon:285529	3	mediadive.medium:252|mediadive.medium:65|mediadive.medium:84
NCBITaxon:285536	3	mediadive.medium:65|mediadive.medium:84|mediadive.medium:J43
NCBITaxon:2855394	1	mediadive.medium:904
NCBITaxon:285545	3	mediadive.medium:65|mediadive.medium:84|mediadive.medium:J42
NCBITaxon:285548	3	mediadive.medium:252|mediadive.medium:65|mediadive.medium:84
NCBITaxon:285555	2	mediadive.medium:65|mediadive.medium:J45
NCBITaxon:285556	4	mediadive.medium:252|mediadive.medium:65|mediadive.medium:J50|mediadive.medium:J66
NCBITaxon:285557	5	mediadive.medium:65|mediadive.medium:84|mediadive.medium:J45|mediadive.medium:J61|mediadive.medium:J66
NCBITaxon:285558	4	mediadive.medium:65|mediadive.medium:84|mediadive.medium:J61|mediadive.medium:J66
NCBITaxon:285559	5	mediadive.medium:65|mediadive.medium:84|mediadive.medium:J42|mediadive.medium:J45|mediadive.medium:J50
NCBITaxon:285560	5	mediadive.medium:252|mediadive.medium:65|mediadive.medium:84|mediadive.medium:J42|mediadive.medium:J66
NCBITaxon:285561	4	mediadive.medium:252|mediadive.medium:65|mediadive.medium:84|mediadive.medium:J42
NCBITaxon:285562	3	mediadive.medium:65|mediadive.medium:84|mediadive.medium:J66
NCBITaxon:285563	4	mediadive.medium:252|mediadive.medium:65|mediadive.medium:J50|mediadive.medium:J66
NCBITaxon:285564	4	mediadive.medium:252|mediadive.medium:65|mediadive.medium:84|mediadive.medium:J66
NCBITaxon:285566	5	mediadive.medium:65|mediadive.medium:84|mediadive.medium:J42|mediadive.medium:J61|mediadive.medium:J66
NCBITaxon:285568	4	mediadive.medium:554|mediadive.medium:65|mediadive.medium:84|mediadive.medium:J42
NCBITaxon:285572	3	mediadive.medium:252|mediadive.medium:65|mediadive.medium:J58
NCBITaxon:285578	4	mediadive.medium:252|mediadive.medium:65|mediadive.medium:84|mediadive.medium:J58
NCBITaxon:285665	3	mediadive.medium:554|mediadive.medium:65|mediadive.medium:J61
NCBITaxon:285666	2	mediadive.medium:554|mediadive.medium:65
NCBITaxon:285667	2	mediadive.medium:554|mediadive.medium:65
NCBITaxon:285668	2	mediadive.medium:554|mediadive.medium:65
NCBITaxon:285669	2	mediadive.medium:554|mediadive.medium:555
NCBITaxon:285670	2	mediadive.medium:554|mediadive.medium:65
NCBITaxon:285671	2	mediadive.medium:554|mediadive.medium:65
NCBITaxon:285672	2	mediadive.medium:554|mediadive.medium:555
NCBITaxon:285676	4	mediadive.medium:130|mediadive.medium:554|mediadive.medium:65|mediadive.medium:J61
NCBITaxon:285677	2	mediadive.medium:554|mediadive.medium:65
NCBITaxon:285679	3	mediadive.medium:554|mediadive.medium:65|mediadive.medium:J61
NCBITaxon:285729	3	mediadive.medium:104|mediadive.medium:693|mediadive.medium:J14
NCBITaxon:2859516	1	mediadive.medium:1593
NCBITaxon:285983	1	mediadive.medium:220
NCBITaxon:286	7	mediadive.medium:1|mediadive.medium:1749|mediadive.medium:220|mediadive.medium:220a|mediadive.medium:381|mediadive.medium:535|mediadive.medium:907
NCBITaxon:2860199	1	mediadive.medium:514
NCBITaxon:2860200	1	mediadive.medium:514
NCBITaxon:286136	1	mediadive.medium:693
NCBITaxon:286152	1	mediadive.medium:684
NCBITaxon:2862349	3	mediadive.medium:1673|mediadive.medium:1680|mediadive.medium:1831
NCBITaxon:2862350	1	mediadive.medium:1673
NCBITaxon:286438	2	mediadive.medium:92|mediadive.medium:J28
NCBITaxon:2865832	1	mediadive.medium:65
NCBITaxon:2865833	1	mediadive.medium:65
NCBITaxon:2867268	3	mediadive.medium:252|mediadive.medium:65|mediadive.medium:84
NCBITaxon:286730	1	mediadive.medium:1175
NCBITaxon:2867410	3	mediadive.medium:514|mediadive.medium:871|mediadive.medium:987
NCBITaxon:286804	1	mediadive.medium:645
NCBITaxon:287	13	mediadive.medium:1|mediadive.medium:215|mediadive.medium:220|mediadive.medium:381|mediadive.medium:426|mediadive.medium:457|mediadive.medium:535|mediadive.medium:54|mediadive.medium:545|mediadive.medium:617a|mediadive.medium:693|mediadive.medium:92|mediadive.medium:J75
NCBITaxon:287097	1	mediadive.medium:514
NCBITaxon:287098	1	mediadive.medium:514
NCBITaxon:287099	1	mediadive.medium:514
NCBITaxon:2871696	1	mediadive.medium:822
NCBITaxon:287488	1	mediadive.medium:514
NCBITaxon:2875764	2	mediadive.medium:215|mediadive.medium:92
NCBITaxon:287752	1	mediadive.medium:1326
NCBITaxon:2878201	1	mediadive.medium:514
NCBITaxon:2878561	2	mediadive.medium:553|mediadive.medium:554
NCBITaxon:2879115	2	mediadive.medium:220|mediadive.medium:464
NCBITaxon:2879119	3	mediadive.medium:215|mediadive.medium:381|mediadive.medium:535
NCBITaxon:287930	2	mediadive.medium:53|mediadive.medium:J485
NCBITaxon:287948	1	mediadive.medium:693
NCBITaxon:287986	2	mediadive.medium:65|mediadive.medium:J43
NCBITaxon:288	1	mediadive.medium:514
NCBITaxon:2880008	1	mediadive.medium:909
NCBITaxon:288004	1	mediadive.medium:1191
NCBITaxon:2880260	1	mediadive.medium:830
NCBITaxon:2880704	2	mediadive.medium:1611|mediadive.medium:693
NCBITaxon:2880705	2	mediadive.medium:1611|mediadive.medium:693
NCBITaxon:2880966	1	mediadive.medium:1
NCBITaxon:2880967	1	mediadive.medium:220
NCBITaxon:2880968	1	mediadive.medium:830
NCBITaxon:2881257	2	mediadive.medium:215|mediadive.medium:693
NCBITaxon:2881258	2	mediadive.medium:1611|mediadive.medium:693
NCBITaxon:2881262	2	mediadive.medium:1715|mediadive.medium:693
NCBITaxon:2881264	2	mediadive.medium:1715|mediadive.medium:693
NCBITaxon:2881265	2	mediadive.medium:1203a|mediadive.medium:693
NCBITaxon:2881272	2	mediadive.medium:215|mediadive.medium:693
NCBITaxon:2881276	1	mediadive.medium:1611
NCBITaxon:2883100	1	mediadive.medium:514
NCBITaxon:2883127	1	mediadive.medium:514
NCBITaxon:2884022	2	mediadive.medium:428|mediadive.medium:830
NCBITaxon:288426	2	mediadive.medium:513|mediadive.medium:92
NCBITaxon:288436	1	mediadive.medium:514
NCBITaxon:2885352	2	mediadive.medium:1715|mediadive.medium:78
NCBITaxon:2885356	1	mediadive.medium:1611
NCBITaxon:2885357	2	mediadive.medium:1203a|mediadive.medium:693
NCBITaxon:2885358	1	mediadive.medium:1715
NCBITaxon:2886103	1	mediadive.medium:1673
NCBITaxon:2886104	1	mediadive.medium:1673
NCBITaxon:2886510	1	mediadive.medium:535
NCBITaxon:2886895	4	mediadive.medium:372|mediadive.medium:97|mediadive.medium:J168|mediadive.medium:J169
NCBITaxon:288705	2	mediadive.medium:435|mediadive.medium:J327
NCBITaxon:2888272	1	mediadive.medium:11
NCBITaxon:28887	4	mediadive.medium:214|mediadive.medium:84|mediadive.medium:J52|mediadive.medium:J55
NCBITaxon:28892	1	mediadive.medium:1523
NCBITaxon:28893	6	mediadive.medium:252|mediadive.medium:65|mediadive.medium:84|mediadive.medium:993|mediadive.medium:J58|mediadive.medium:J66
NCBITaxon:28894	7	mediadive.medium:252|mediadive.medium:65|mediadive.medium:84|mediadive.medium:J43|mediadive.medium:J45|mediadive.medium:J58|mediadive.medium:J66
NCBITaxon:28896	1	mediadive.medium:640
NCBITaxon:288992	1	mediadive.medium:545
NCBITaxon:289003	1	mediadive.medium:1a
NCBITaxon:28901	8	mediadive.medium:381|mediadive.medium:535|mediadive.medium:545|mediadive.medium:681|mediadive.medium:693|mediadive.medium:92|mediadive.medium:J12|mediadive.medium:J22
NCBITaxon:28903	1	mediadive.medium:1076b
NCBITaxon:2890315	2	mediadive.medium:693|mediadive.medium:92
NCBITaxon:2890316	2	mediadive.medium:693|mediadive.medium:92
NCBITaxon:2890317	2	mediadive.medium:693|mediadive.medium:92
NCBITaxon:2891210	1	mediadive.medium:573
NCBITaxon:2892440	2	mediadive.medium:693|mediadive.medium:92
NCBITaxon:2893170	1	mediadive.medium:231
NCBITaxon:2893586	5	mediadive.medium:252|mediadive.medium:535|mediadive.medium:65|mediadive.medium:84|mediadive.medium:J82
NCBITaxon:289370	1	mediadive.medium:220
NCBITaxon:289376	2	mediadive.medium:641|mediadive.medium:749
NCBITaxon:289377	1	mediadive.medium:206
NCBITaxon:2895463	1	mediadive.medium:339a
NCBITaxon:2895469	2	mediadive.medium:1|mediadive.medium:535
NCBITaxon:2897352	3	mediadive.medium:1|mediadive.medium:535|mediadive.medium:830
NCBITaxon:2897779	4	mediadive.medium:535|mediadive.medium:645|mediadive.medium:65|mediadive.medium:92
NCBITaxon:2898438	1	mediadive.medium:822
NCBITaxon:29	1	mediadive.medium:9
NCBITaxon:290	2	mediadive.medium:133|mediadive.medium:J75
NCBITaxon:290052	1	mediadive.medium:328
NCBITaxon:290055	3	mediadive.medium:339|mediadive.medium:J14|mediadive.medium:J465
NCBITaxon:290109	1	mediadive.medium:220
NCBITaxon:290110	3	mediadive.medium:1|mediadive.medium:220|mediadive.medium:535
NCBITaxon:290111	3	mediadive.medium:220|mediadive.medium:535|mediadive.medium:545
NCBITaxon:290231	2	mediadive.medium:535|mediadive.medium:65
NCBITaxon:290315	1	mediadive.medium:29
NCBITaxon:290318	1	mediadive.medium:40
NCBITaxon:290335	1	mediadive.medium:92
NCBITaxon:2903556	1	mediadive.medium:339
NCBITaxon:290397	2	mediadive.medium:1200|mediadive.medium:830
NCBITaxon:290398	2	mediadive.medium:276|mediadive.medium:514b
NCBITaxon:290513	2	mediadive.medium:29|mediadive.medium:40
NCBITaxon:2905648	1	mediadive.medium:830
NCBITaxon:2905650	1	mediadive.medium:220
NCBITaxon:290588	2	mediadive.medium:940|mediadive.medium:J182
NCBITaxon:2909668	1	mediadive.medium:514
NCBITaxon:291045	2	mediadive.medium:92|mediadive.medium:J443
NCBITaxon:291112	2	mediadive.medium:535|mediadive.medium:693
NCBITaxon:2911516	1	mediadive.medium:535
NCBITaxon:2911517	1	mediadive.medium:65
NCBITaxon:291169	1	mediadive.medium:1624
NCBITaxon:2912854	1	mediadive.medium:1031
NCBITaxon:291370	6	mediadive.medium:252|mediadive.medium:65|mediadive.medium:83|mediadive.medium:84|mediadive.medium:J50|mediadive.medium:J66
NCBITaxon:291403	2	mediadive.medium:514|mediadive.medium:J118
NCBITaxon:291594	4	mediadive.medium:554|mediadive.medium:65|mediadive.medium:83|mediadive.medium:J61
NCBITaxon:291602	4	mediadive.medium:914|mediadive.medium:92|mediadive.medium:J42|mediadive.medium:J52
NCBITaxon:2916410	1	mediadive.medium:1700
NCBITaxon:291644	2	mediadive.medium:1203a|mediadive.medium:693
NCBITaxon:2916441	1	mediadive.medium:1203a
NCBITaxon:291742	2	mediadive.medium:514|mediadive.medium:J464
NCBITaxon:2918943	1	mediadive.medium:645
NCBITaxon:291985	1	mediadive.medium:514
NCBITaxon:291995	4	mediadive.medium:1a|mediadive.medium:381|mediadive.medium:J443|mediadive.medium:J74
NCBITaxon:292	7	mediadive.medium:1|mediadive.medium:220|mediadive.medium:465|mediadive.medium:693|mediadive.medium:830|mediadive.medium:92|mediadive.medium:J12
NCBITaxon:292459	2	mediadive.medium:1293|mediadive.medium:J653
NCBITaxon:292462	3	mediadive.medium:354|mediadive.medium:645|mediadive.medium:J386
NCBITaxon:292587	1	mediadive.medium:1678
NCBITaxon:2926318	1	mediadive.medium:110
NCBITaxon:2926319	2	mediadive.medium:1715|mediadive.medium:693
NCBITaxon:2926320	1	mediadive.medium:215
NCBITaxon:2926447	3	mediadive.medium:1054|mediadive.medium:514|mediadive.medium:65
NCBITaxon:292733	1	mediadive.medium:514
NCBITaxon:292734	1	mediadive.medium:514
NCBITaxon:292800	5	mediadive.medium:104|mediadive.medium:110|mediadive.medium:1203a|mediadive.medium:339|mediadive.medium:693
NCBITaxon:292806	1	mediadive.medium:220
NCBITaxon:292807	1	mediadive.medium:813
NCBITaxon:29284	2	mediadive.medium:372|mediadive.medium:J168
NCBITaxon:29292	1	mediadive.medium:795
NCBITaxon:2929485	1	mediadive.medium:198
NCBITaxon:2929513	2	mediadive.medium:1|mediadive.medium:535
NCBITaxon:2929573	1	mediadive.medium:231
NCBITaxon:2929842	1	mediadive.medium:27
NCBITaxon:29299	3	mediadive.medium:535|mediadive.medium:92|mediadive.medium:J43
NCBITaxon:293	3	mediadive.medium:1|mediadive.medium:457|mediadive.medium:J12
NCBITaxon:2930037	2	mediadive.medium:27|mediadive.medium:830
NCBITaxon:29301	3	mediadive.medium:65|mediadive.medium:84|mediadive.medium:J58
NCBITaxon:29303	4	mediadive.medium:65|mediadive.medium:84|mediadive.medium:J45|mediadive.medium:J66
NCBITaxon:29304	1	mediadive.medium:65
NCBITaxon:29305	2	mediadive.medium:65|mediadive.medium:J42
NCBITaxon:29306	4	mediadive.medium:65|mediadive.medium:84|mediadive.medium:J42|mediadive.medium:J43
NCBITaxon:293075	1	mediadive.medium:1113
NCBITaxon:29313	3	mediadive.medium:354|mediadive.medium:645|mediadive.medium:J386
NCBITaxon:2931382	3	mediadive.medium:1|mediadive.medium:535|mediadive.medium:907
NCBITaxon:29314	2	mediadive.medium:645|mediadive.medium:J386
NCBITaxon:29316	4	mediadive.medium:104|mediadive.medium:1203|mediadive.medium:339|mediadive.medium:693
NCBITaxon:29317	2	mediadive.medium:1029|mediadive.medium:218
NCBITaxon:29318	1	mediadive.medium:693
NCBITaxon:29320	2	mediadive.medium:53|mediadive.medium:J22
NCBITaxon:29321	2	mediadive.medium:1203a|mediadive.medium:693
NCBITaxon:2932181	1	mediadive.medium:58
NCBITaxon:2932182	1	mediadive.medium:58
NCBITaxon:2932183	1	mediadive.medium:1203
NCBITaxon:2932184	1	mediadive.medium:1203
NCBITaxon:2932257	1	mediadive.medium:514
NCBITaxon:2932258	1	mediadive.medium:514
NCBITaxon:2932259	1	mediadive.medium:514
NCBITaxon:29323	1	mediadive.medium:144
NCBITaxon:293256	2	mediadive.medium:866|mediadive.medium:J438
NCBITaxon:2932830	2	mediadive.medium:84|mediadive.medium:J52
NCBITaxon:29332	2	mediadive.medium:220|mediadive.medium:531
NCBITaxon:2933697	2	mediadive.medium:65|mediadive.medium:84
NCBITaxon:293371	1	mediadive.medium:11
NCBITaxon:293387	2	mediadive.medium:1|mediadive.medium:92
NCBITaxon:29343	1	mediadive.medium:255
NCBITaxon:29346	1	mediadive.medium:616
NCBITaxon:29347	1	mediadive.medium:104
NCBITaxon:29349	1	mediadive.medium:616
NCBITaxon:29353	1	mediadive.medium:520
NCBITaxon:29354	5	mediadive.medium:339|mediadive.medium:520|mediadive.medium:693|mediadive.medium:J112|mediadive.medium:J14
NCBITaxon:29355	3	mediadive.medium:140|mediadive.medium:J14|mediadive.medium:J84
NCBITaxon:2935520	2	mediadive.medium:110|mediadive.medium:1611
NCBITaxon:29356	1	mediadive.medium:523
NCBITaxon:29358	4	mediadive.medium:110|mediadive.medium:1203a|mediadive.medium:693|mediadive.medium:J14
NCBITaxon:29363	9	mediadive.medium:104b|mediadive.medium:110|mediadive.medium:1203a|mediadive.medium:420|mediadive.medium:693|mediadive.medium:77|mediadive.medium:78|mediadive.medium:J13|mediadive.medium:J14
NCBITaxon:29367	3	mediadive.medium:104c|mediadive.medium:110|mediadive.medium:339a
NCBITaxon:29369	4	mediadive.medium:110|mediadive.medium:77|mediadive.medium:78|mediadive.medium:J14
NCBITaxon:29370	4	mediadive.medium:110|mediadive.medium:1203a|mediadive.medium:138|mediadive.medium:693
NCBITaxon:29371	1	mediadive.medium:539
NCBITaxon:29374	2	mediadive.medium:110|mediadive.medium:78
NCBITaxon:2937417	2	mediadive.medium:693|mediadive.medium:78
NCBITaxon:29375	6	mediadive.medium:104b|mediadive.medium:110|mediadive.medium:328|mediadive.medium:693|mediadive.medium:J14|mediadive.medium:J465
NCBITaxon:29376	1	mediadive.medium:63
NCBITaxon:29378	3	mediadive.medium:220|mediadive.medium:693|mediadive.medium:92
NCBITaxon:29379	3	mediadive.medium:693|mediadive.medium:92|mediadive.medium:J12
NCBITaxon:29380	2	mediadive.medium:693|mediadive.medium:92
NCBITaxon:29382	5	mediadive.medium:220|mediadive.medium:53|mediadive.medium:693|mediadive.medium:92|mediadive.medium:J12
NCBITaxon:29384	3	mediadive.medium:220|mediadive.medium:693|mediadive.medium:92
NCBITaxon:29385	4	mediadive.medium:220|mediadive.medium:53|mediadive.medium:693|mediadive.medium:92
NCBITaxon:29387	4	mediadive.medium:220|mediadive.medium:53|mediadive.medium:693|mediadive.medium:92
NCBITaxon:29388	2	mediadive.medium:693|mediadive.medium:92
NCBITaxon:29389	4	mediadive.medium:240|mediadive.medium:693|mediadive.medium:92|mediadive.medium:J28
NCBITaxon:29391	3	mediadive.medium:104|mediadive.medium:693|mediadive.medium:J14
NCBITaxon:29396	1	mediadive.medium:893
NCBITaxon:29397	4	mediadive.medium:11|mediadive.medium:231|mediadive.medium:J13|mediadive.medium:J84
NCBITaxon:294	13	mediadive.medium:1|mediadive.medium:1749|mediadive.medium:1a|mediadive.medium:220|mediadive.medium:220a|mediadive.medium:457|mediadive.medium:465d|mediadive.medium:535|mediadive.medium:535b|mediadive.medium:54|mediadive.medium:545|mediadive.medium:830|mediadive.medium:907
NCBITaxon:29401	1	mediadive.medium:65
NCBITaxon:29405	3	mediadive.medium:776|mediadive.medium:J211|mediadive.medium:J346
NCBITaxon:29408	2	mediadive.medium:27|mediadive.medium:J192
NCBITaxon:29409	1	mediadive.medium:27
NCBITaxon:2941233	1	mediadive.medium:215
NCBITaxon:2941323	1	mediadive.medium:339
NCBITaxon:2941324	1	mediadive.medium:339
NCBITaxon:2941325	3	mediadive.medium:1203|mediadive.medium:1203a|mediadive.medium:215
NCBITaxon:2941326	1	mediadive.medium:1611
NCBITaxon:2941327	1	mediadive.medium:215
NCBITaxon:2941328	2	mediadive.medium:1203|mediadive.medium:339
NCBITaxon:2941329	2	mediadive.medium:215|mediadive.medium:693
NCBITaxon:2941330	3	mediadive.medium:1203|mediadive.medium:1203a|mediadive.medium:92
NCBITaxon:2941331	1	mediadive.medium:11
NCBITaxon:2941332	2	mediadive.medium:104|mediadive.medium:339
NCBITaxon:2941333	1	mediadive.medium:339
NCBITaxon:2941334	2	mediadive.medium:104|mediadive.medium:339
NCBITaxon:2941335	2	mediadive.medium:1715|mediadive.medium:693
NCBITaxon:2941338	3	mediadive.medium:104|mediadive.medium:215|mediadive.medium:693
NCBITaxon:2941340	1	mediadive.medium:339
NCBITaxon:2941341	2	mediadive.medium:104|mediadive.medium:215
NCBITaxon:2941342	3	mediadive.medium:104|mediadive.medium:339|mediadive.medium:693
NCBITaxon:2941502	3	mediadive.medium:104|mediadive.medium:339|mediadive.medium:693
NCBITaxon:2941507	4	mediadive.medium:1203|mediadive.medium:1715|mediadive.medium:339|mediadive.medium:693
NCBITaxon:2941515	1	mediadive.medium:215
NCBITaxon:2941517	3	mediadive.medium:1611|mediadive.medium:1715|mediadive.medium:215
NCBITaxon:2941519	2	mediadive.medium:1203|mediadive.medium:1203a
NCBITaxon:29421	3	mediadive.medium:756a|mediadive.medium:756b|mediadive.medium:756c
NCBITaxon:29422	1	mediadive.medium:585
NCBITaxon:29427	7	mediadive.medium:1|mediadive.medium:606|mediadive.medium:830|mediadive.medium:956|mediadive.medium:J22|mediadive.medium:J281|mediadive.medium:J79
NCBITaxon:29429	2	mediadive.medium:606|mediadive.medium:J281
NCBITaxon:29430	1	mediadive.medium:92
NCBITaxon:29433	1	mediadive.medium:429
NCBITaxon:29438	5	mediadive.medium:1|mediadive.medium:1a|mediadive.medium:535|mediadive.medium:535b|mediadive.medium:54
NCBITaxon:29443	5	mediadive.medium:220|mediadive.medium:428|mediadive.medium:457|mediadive.medium:535|mediadive.medium:830
NCBITaxon:29446	5	mediadive.medium:1|mediadive.medium:1725|mediadive.medium:535|mediadive.medium:54|mediadive.medium:J22
NCBITaxon:29447	1	mediadive.medium:1
NCBITaxon:2944751	1	mediadive.medium:906
NCBITaxon:2946593	1	mediadive.medium:419
NCBITaxon:2946594	1	mediadive.medium:419
NCBITaxon:29466	5	mediadive.medium:104|mediadive.medium:136|mediadive.medium:693|mediadive.medium:J14|mediadive.medium:J468
NCBITaxon:294671	2	mediadive.medium:119|mediadive.medium:1523
NCBITaxon:294699	1	mediadive.medium:1046
NCBITaxon:29471	6	mediadive.medium:1|mediadive.medium:1015|mediadive.medium:220|mediadive.medium:535|mediadive.medium:54|mediadive.medium:545
NCBITaxon:294710	1	mediadive.medium:104
NCBITaxon:29488	6	mediadive.medium:1|mediadive.medium:1a|mediadive.medium:535|mediadive.medium:535b|mediadive.medium:545|mediadive.medium:830
NCBITaxon:29489	6	mediadive.medium:1|mediadive.medium:220a|mediadive.medium:693|mediadive.medium:92|mediadive.medium:J256|mediadive.medium:J70
NCBITaxon:294935	1	mediadive.medium:514
NCBITaxon:294936	1	mediadive.medium:514
NCBITaxon:2949426	1	mediadive.medium:514
NCBITaxon:29495	3	mediadive.medium:381|mediadive.medium:514|mediadive.medium:693
NCBITaxon:2949636	2	mediadive.medium:1592|mediadive.medium:1593
NCBITaxon:29497	3	mediadive.medium:514|mediadive.medium:514c|mediadive.medium:693
NCBITaxon:2949965	3	mediadive.medium:1203|mediadive.medium:1203a|mediadive.medium:78
NCBITaxon:295028	1	mediadive.medium:1097
NCBITaxon:2950280	1	mediadive.medium:1
NCBITaxon:29506	1	mediadive.medium:1113
NCBITaxon:295065	2	mediadive.medium:372|mediadive.medium:J168
NCBITaxon:295069	1	mediadive.medium:1
NCBITaxon:29508	1	mediadive.medium:1113
NCBITaxon:29518	1	mediadive.medium:403
NCBITaxon:29519	1	mediadive.medium:403
NCBITaxon:29523	4	mediadive.medium:104|mediadive.medium:1203a|mediadive.medium:693|mediadive.medium:78
NCBITaxon:29524	4	mediadive.medium:110|mediadive.medium:693|mediadive.medium:J469|mediadive.medium:J677
NCBITaxon:295255	2	mediadive.medium:641|mediadive.medium:J439
NCBITaxon:29527	2	mediadive.medium:212|mediadive.medium:298
NCBITaxon:29529	2	mediadive.medium:67|mediadive.medium:J22
NCBITaxon:2952932	1	mediadive.medium:1729
NCBITaxon:2952957	1	mediadive.medium:590
NCBITaxon:295324	2	mediadive.medium:220|mediadive.medium:J75
NCBITaxon:29533	3	mediadive.medium:67|mediadive.medium:830|mediadive.medium:J22
NCBITaxon:29534	3	mediadive.medium:67|mediadive.medium:830|mediadive.medium:J22
NCBITaxon:29535	5	mediadive.medium:172|mediadive.medium:514|mediadive.medium:67|mediadive.medium:830|mediadive.medium:840
NCBITaxon:295352	3	mediadive.medium:252|mediadive.medium:65|mediadive.medium:J42
NCBITaxon:29536	2	mediadive.medium:67|mediadive.medium:830
NCBITaxon:29540	2	mediadive.medium:372|mediadive.medium:J168
NCBITaxon:29541	3	mediadive.medium:1|mediadive.medium:1629|mediadive.medium:830
NCBITaxon:29542	2	mediadive.medium:293|mediadive.medium:298
NCBITaxon:295428	1	mediadive.medium:830
NCBITaxon:29544	4	mediadive.medium:1|mediadive.medium:1712|mediadive.medium:461|mediadive.medium:830
NCBITaxon:29545	1	mediadive.medium:1
NCBITaxon:29549	1	mediadive.medium:630
NCBITaxon:29553	1	mediadive.medium:1076b
NCBITaxon:29571	3	mediadive.medium:514b|mediadive.medium:602|mediadive.medium:J607
NCBITaxon:29573	3	mediadive.medium:434|mediadive.medium:514b|mediadive.medium:J609
NCBITaxon:29581	9	mediadive.medium:1|mediadive.medium:1a|mediadive.medium:220|mediadive.medium:535|mediadive.medium:545|mediadive.medium:830|mediadive.medium:J12|mediadive.medium:J22|mediadive.medium:J26
NCBITaxon:296	3	mediadive.medium:1|mediadive.medium:220|mediadive.medium:381
NCBITaxon:296199	1	mediadive.medium:514
NCBITaxon:296218	1	mediadive.medium:514
NCBITaxon:2963283	2	mediadive.medium:381|mediadive.medium:92
NCBITaxon:2963310	1	mediadive.medium:1183
NCBITaxon:2963311	1	mediadive.medium:1183
NCBITaxon:2968030	4	mediadive.medium:1|mediadive.medium:1704|mediadive.medium:535|mediadive.medium:830
NCBITaxon:296842	1	mediadive.medium:194
NCBITaxon:297	3	mediadive.medium:428|mediadive.medium:533|mediadive.medium:81
NCBITaxon:2970914	1	mediadive.medium:830
NCBITaxon:2970915	1	mediadive.medium:736
NCBITaxon:297171	1	mediadive.medium:514
NCBITaxon:297244	1	mediadive.medium:1
NCBITaxon:2972457	1	mediadive.medium:704
NCBITaxon:2972948	1	mediadive.medium:793
NCBITaxon:2973082	1	mediadive.medium:1523
NCBITaxon:297318	1	mediadive.medium:220
NCBITaxon:2973939	1	mediadive.medium:92
NCBITaxon:2973940	1	mediadive.medium:92
NCBITaxon:2974253	4	mediadive.medium:104|mediadive.medium:1203a|mediadive.medium:1611|mediadive.medium:693
NCBITaxon:297536	2	mediadive.medium:830|mediadive.medium:J26
NCBITaxon:297584	3	mediadive.medium:514|mediadive.medium:65|mediadive.medium:J42
NCBITaxon:2976676	1	mediadive.medium:11
NCBITaxon:2976809	2	mediadive.medium:693|mediadive.medium:92
NCBITaxon:2976810	2	mediadive.medium:693|mediadive.medium:92
NCBITaxon:298	3	mediadive.medium:1|mediadive.medium:220|mediadive.medium:535
NCBITaxon:2981529	1	mediadive.medium:92
NCBITaxon:2981616	4	mediadive.medium:58|mediadive.medium:J13|mediadive.medium:J14|mediadive.medium:J84
NCBITaxon:2981723	1	mediadive.medium:104
NCBITaxon:2981724	2	mediadive.medium:110a|mediadive.medium:339a
NCBITaxon:2981725	1	mediadive.medium:1611
NCBITaxon:2981726	3	mediadive.medium:1203a|mediadive.medium:436|mediadive.medium:693
NCBITaxon:2981727	1	mediadive.medium:339
NCBITaxon:2981728	1	mediadive.medium:436
NCBITaxon:2981768	2	mediadive.medium:110a|mediadive.medium:1611
NCBITaxon:2981769	3	mediadive.medium:104c|mediadive.medium:1611|mediadive.medium:339a
NCBITaxon:2981770	2	mediadive.medium:104c|mediadive.medium:110a
NCBITaxon:2981771	2	mediadive.medium:104c|mediadive.medium:110a
NCBITaxon:2981772	2	mediadive.medium:104c|mediadive.medium:110a
NCBITaxon:2981773	1	mediadive.medium:339
NCBITaxon:2981774	2	mediadive.medium:110a|mediadive.medium:1611
NCBITaxon:2981778	2	mediadive.medium:104c|mediadive.medium:110a
NCBITaxon:2981779	1	mediadive.medium:1203a
NCBITaxon:2981780	1	mediadive.medium:78
NCBITaxon:2981781	1	mediadive.medium:1611
NCBITaxon:2981782	1	mediadive.medium:1611
NCBITaxon:2981783	1	mediadive.medium:104
NCBITaxon:2981784	3	mediadive.medium:104c|mediadive.medium:110a|mediadive.medium:1611
NCBITaxon:2981785	2	mediadive.medium:104c|mediadive.medium:1203a
NCBITaxon:2981787	4	mediadive.medium:110|mediadive.medium:339|mediadive.medium:339a|mediadive.medium:693
NCBITaxon:2981788	1	mediadive.medium:339
NCBITaxon:2981789	1	mediadive.medium:1611
NCBITaxon:2981790	1	mediadive.medium:1611
NCBITaxon:2981791	1	mediadive.medium:78
NCBITaxon:2981792	2	mediadive.medium:110a|mediadive.medium:339a
NCBITaxon:2981793	1	mediadive.medium:110
NCBITaxon:2981794	2	mediadive.medium:1611|mediadive.medium:1715
NCBITaxon:2981849	3	mediadive.medium:1|mediadive.medium:1029|mediadive.medium:535
NCBITaxon:2984951	1	mediadive.medium:1163a
NCBITaxon:298654	2	mediadive.medium:1536|mediadive.medium:737
NCBITaxon:298655	1	mediadive.medium:1660
NCBITaxon:298708	1	mediadive.medium:830
NCBITaxon:298794	1	mediadive.medium:830
NCBITaxon:298908	1	mediadive.medium:1a
NCBITaxon:299072	1	mediadive.medium:63
NCBITaxon:2991417	1	mediadive.medium:11
NCBITaxon:2991418	1	mediadive.medium:11
NCBITaxon:299146	5	mediadive.medium:215|mediadive.medium:554|mediadive.medium:65|mediadive.medium:J104|mediadive.medium:J61
NCBITaxon:299152	3	mediadive.medium:553|mediadive.medium:554|mediadive.medium:65
NCBITaxon:2991545	1	mediadive.medium:65
NCBITaxon:2991831	1	mediadive.medium:638
NCBITaxon:2991834	1	mediadive.medium:638
NCBITaxon:299214	1	mediadive.medium:1076b
NCBITaxon:299308	1	mediadive.medium:924a
NCBITaxon:2994035	1	mediadive.medium:104
NCBITaxon:299421	2	mediadive.medium:65|mediadive.medium:J42
NCBITaxon:2994495	5	mediadive.medium:1|mediadive.medium:693|mediadive.medium:92|mediadive.medium:J22|mediadive.medium:J75
NCBITaxon:299583	3	mediadive.medium:429c|mediadive.medium:535|mediadive.medium:545
NCBITaxon:2996794	3	mediadive.medium:283|mediadive.medium:J25|mediadive.medium:J30
NCBITaxon:2997333	2	mediadive.medium:428|mediadive.medium:830
NCBITaxon:299766	3	mediadive.medium:220|mediadive.medium:693|mediadive.medium:92
NCBITaxon:299767	4	mediadive.medium:220|mediadive.medium:693|mediadive.medium:830|mediadive.medium:92
NCBITaxon:300	1	mediadive.medium:1
NCBITaxon:300019	2	mediadive.medium:92|mediadive.medium:J26
NCBITaxon:300028	2	mediadive.medium:535|mediadive.medium:65
NCBITaxon:300029	1	mediadive.medium:535
NCBITaxon:300179	4	mediadive.medium:535|mediadive.medium:830|mediadive.medium:92|mediadive.medium:J26
NCBITaxon:300193	1	mediadive.medium:1031
NCBITaxon:300266	2	mediadive.medium:830|mediadive.medium:J75
NCBITaxon:300419	1	mediadive.medium:693
NCBITaxon:300560	2	mediadive.medium:830|mediadive.medium:J487
NCBITaxon:300852	3	mediadive.medium:74|mediadive.medium:878|mediadive.medium:J273
NCBITaxon:301	7	mediadive.medium:1|mediadive.medium:1a|mediadive.medium:220|mediadive.medium:535|mediadive.medium:545|mediadive.medium:907|mediadive.medium:J27
NCBITaxon:301102	5	mediadive.medium:220|mediadive.medium:381|mediadive.medium:535|mediadive.medium:693|mediadive.medium:92
NCBITaxon:301148	2	mediadive.medium:1|mediadive.medium:92
NCBITaxon:301154	3	mediadive.medium:830|mediadive.medium:J23|mediadive.medium:J346
NCBITaxon:301301	4	mediadive.medium:1611|mediadive.medium:58|mediadive.medium:J1130|mediadive.medium:J465
NCBITaxon:301302	4	mediadive.medium:1611|mediadive.medium:58|mediadive.medium:J1130|mediadive.medium:J465
NCBITaxon:301541	1	mediadive.medium:1113
NCBITaxon:3016050	1	mediadive.medium:1800
NCBITaxon:3016789	2	mediadive.medium:554|mediadive.medium:65
NCBITaxon:3018743	2	mediadive.medium:110|mediadive.medium:339a
NCBITaxon:301953	1	mediadive.medium:671
NCBITaxon:3019933	2	mediadive.medium:1143|mediadive.medium:830
NCBITaxon:3019934	1	mediadive.medium:830
NCBITaxon:302044	2	mediadive.medium:53|mediadive.medium:J486
NCBITaxon:3021375	1	mediadive.medium:514
NCBITaxon:302167	1	mediadive.medium:514
NCBITaxon:302168	3	mediadive.medium:535|mediadive.medium:92|mediadive.medium:J26
NCBITaxon:302401	2	mediadive.medium:1|mediadive.medium:381
NCBITaxon:302406	1	mediadive.medium:1
NCBITaxon:302449	3	mediadive.medium:535a|mediadive.medium:693|mediadive.medium:J256
NCBITaxon:3024868	2	mediadive.medium:1167|mediadive.medium:830
NCBITaxon:3025782	1	mediadive.medium:830
NCBITaxon:3028070	1	mediadive.medium:104
NCBITaxon:3028296	1	mediadive.medium:1637
NCBITaxon:3028297	2	mediadive.medium:120b|mediadive.medium:734
NCBITaxon:3028298	1	mediadive.medium:1637
NCBITaxon:3028299	1	mediadive.medium:1523
NCBITaxon:3028300	1	mediadive.medium:1523
NCBITaxon:303	23	mediadive.medium:1|mediadive.medium:1a|mediadive.medium:220|mediadive.medium:220a|mediadive.medium:381|mediadive.medium:426|mediadive.medium:457|mediadive.medium:457a|mediadive.medium:465|mediadive.medium:528|mediadive.medium:535|mediadive.medium:54|mediadive.medium:545|mediadive.medium:605|mediadive.medium:693|mediadive.medium:830|mediadive.medium:907|mediadive.medium:92|mediadive.medium:J1199|mediadive.medium:J12|mediadive.medium:J22|mediadive.medium:J27|mediadive.medium:J75
NCBITaxon:3032870	2	mediadive.medium:110|mediadive.medium:78
NCBITaxon:3032871	2	mediadive.medium:104|mediadive.medium:1203
NCBITaxon:3032872	2	mediadive.medium:1611|mediadive.medium:78
NCBITaxon:303380	2	mediadive.medium:428|mediadive.medium:830
NCBITaxon:3033808	3	mediadive.medium:252|mediadive.medium:65|mediadive.medium:84
NCBITaxon:3033811	3	mediadive.medium:252|mediadive.medium:65|mediadive.medium:84
NCBITaxon:3035188	2	mediadive.medium:514|mediadive.medium:92
NCBITaxon:3035208	1	mediadive.medium:514
NCBITaxon:3035291	1	mediadive.medium:11
NCBITaxon:303541	1	mediadive.medium:11
NCBITaxon:3035702	1	mediadive.medium:1426
NCBITaxon:3035914	2	mediadive.medium:220|mediadive.medium:514
NCBITaxon:3035915	1	mediadive.medium:92
NCBITaxon:3035916	1	mediadive.medium:220
NCBITaxon:3035917	1	mediadive.medium:220
NCBITaxon:3035919	1	mediadive.medium:92
NCBITaxon:3035920	1	mediadive.medium:92
NCBITaxon:3036126	1	mediadive.medium:904
NCBITaxon:3038133	4	mediadive.medium:1203|mediadive.medium:1203a|mediadive.medium:693|mediadive.medium:78
NCBITaxon:3038144	2	mediadive.medium:1611|mediadive.medium:78
NCBITaxon:3038145	4	mediadive.medium:1203|mediadive.medium:1203a|mediadive.medium:58|mediadive.medium:693
NCBITaxon:3038953	1	mediadive.medium:1731
NCBITaxon:304	3	mediadive.medium:1|mediadive.medium:81|mediadive.medium:J346
NCBITaxon:3040598	3	mediadive.medium:1|mediadive.medium:535|mediadive.medium:830
NCBITaxon:3041175	1	mediadive.medium:104
NCBITaxon:304268	2	mediadive.medium:514|mediadive.medium:830
NCBITaxon:3043138	1	mediadive.medium:141
NCBITaxon:3043139	1	mediadive.medium:641
NCBITaxon:3043408	3	mediadive.medium:1|mediadive.medium:535|mediadive.medium:830
NCBITaxon:304413	2	mediadive.medium:1041|mediadive.medium:J837
NCBITaxon:304417	2	mediadive.medium:1041|mediadive.medium:J463
NCBITaxon:3044600	1	mediadive.medium:1836
NCBITaxon:3045502	1	mediadive.medium:215
NCBITaxon:3045839	2	mediadive.medium:1076b|mediadive.medium:1078
NCBITaxon:304899	3	mediadive.medium:84|mediadive.medium:987|mediadive.medium:J398
NCBITaxon:3049091	2	mediadive.medium:693|mediadive.medium:92
NCBITaxon:3049801	1	mediadive.medium:92
NCBITaxon:305	3	mediadive.medium:1|mediadive.medium:1a|mediadive.medium:830
NCBITaxon:3050034	1	mediadive.medium:65
NCBITaxon:3050380	1	mediadive.medium:891
NCBITaxon:3051177	3	mediadive.medium:252|mediadive.medium:65|mediadive.medium:84
NCBITaxon:3051179	3	mediadive.medium:252|mediadive.medium:65|mediadive.medium:84
NCBITaxon:3051181	2	mediadive.medium:65|mediadive.medium:987
NCBITaxon:3051332	1	mediadive.medium:641
NCBITaxon:305507	2	mediadive.medium:514|mediadive.medium:J118
NCBITaxon:305517	4	mediadive.medium:830|mediadive.medium:92|mediadive.medium:987|mediadive.medium:J528
NCBITaxon:3057057	1	mediadive.medium:830
NCBITaxon:305719	2	mediadive.medium:1203|mediadive.medium:J14
NCBITaxon:3058419	1	mediadive.medium:198
NCBITaxon:3059035	1	mediadive.medium:58
NCBITaxon:3059038	1	mediadive.medium:58
NCBITaxon:305976	3	mediadive.medium:1a|mediadive.medium:830c|mediadive.medium:J22
NCBITaxon:305977	3	mediadive.medium:1|mediadive.medium:464|mediadive.medium:465
NCBITaxon:306	24	mediadive.medium:1|mediadive.medium:1a|mediadive.medium:220|mediadive.medium:220a|mediadive.medium:381|mediadive.medium:457|mediadive.medium:459|mediadive.medium:461|mediadive.medium:461a|mediadive.medium:462|mediadive.medium:465d|mediadive.medium:514|mediadive.medium:535|mediadive.medium:54|mediadive.medium:545|mediadive.medium:625|mediadive.medium:693|mediadive.medium:81|mediadive.medium:830|mediadive.medium:830c|mediadive.medium:907|mediadive.medium:92|mediadive.medium:944a|mediadive.medium:J118
NCBITaxon:3060460	1	mediadive.medium:283
NCBITaxon:306190	1	mediadive.medium:1
NCBITaxon:3064495	1	mediadive.medium:1677
NCBITaxon:3064542	1	mediadive.medium:1673
NCBITaxon:3064543	2	mediadive.medium:1593|mediadive.medium:1680
NCBITaxon:3064544	2	mediadive.medium:1680|mediadive.medium:1831
NCBITaxon:3064545	2	mediadive.medium:1680|mediadive.medium:1831
NCBITaxon:3065089	1	mediadive.medium:1673
NCBITaxon:3065090	1	mediadive.medium:1680
NCBITaxon:3065093	1	mediadive.medium:1593
NCBITaxon:3065095	1	mediadive.medium:1593
NCBITaxon:3065157	1	mediadive.medium:853
NCBITaxon:306540	2	mediadive.medium:785|mediadive.medium:J596
NCBITaxon:306541	1	mediadive.medium:785
NCBITaxon:306542	1	mediadive.medium:830
NCBITaxon:306544	1	mediadive.medium:220
NCBITaxon:306545	1	mediadive.medium:514
NCBITaxon:306572	2	mediadive.medium:514|mediadive.medium:J118
NCBITaxon:3068305	1	mediadive.medium:11
NCBITaxon:3068306	1	mediadive.medium:11
NCBITaxon:3068307	1	mediadive.medium:11
NCBITaxon:3069269	1	mediadive.medium:11
NCBITaxon:3069305	1	mediadive.medium:1678
NCBITaxon:3069530	2	mediadive.medium:1677|mediadive.medium:1680
NCBITaxon:3069532	2	mediadive.medium:1677|mediadive.medium:1680
NCBITaxon:3069534	1	mediadive.medium:1680
NCBITaxon:3069535	2	mediadive.medium:1680|mediadive.medium:1831
NCBITaxon:3069536	1	mediadive.medium:1680
NCBITaxon:3069545	2	mediadive.medium:535|mediadive.medium:65
NCBITaxon:3069695	2	mediadive.medium:65|mediadive.medium:83
NCBITaxon:307119	4	mediadive.medium:1|mediadive.medium:554|mediadive.medium:65|mediadive.medium:J104
NCBITaxon:307120	4	mediadive.medium:535|mediadive.medium:554|mediadive.medium:65|mediadive.medium:J61
NCBITaxon:307121	5	mediadive.medium:535|mediadive.medium:554|mediadive.medium:65|mediadive.medium:656|mediadive.medium:J61
NCBITaxon:307126	1	mediadive.medium:11
NCBITaxon:307480	1	mediadive.medium:220
NCBITaxon:307497	1	mediadive.medium:845
NCBITaxon:3075519	6	mediadive.medium:65|mediadive.medium:84|mediadive.medium:J42|mediadive.medium:J43|mediadive.medium:J45|mediadive.medium:J58
NCBITaxon:3075525	4	mediadive.medium:248|mediadive.medium:252|mediadive.medium:65|mediadive.medium:84
NCBITaxon:3075534	2	mediadive.medium:65|mediadive.medium:84
NCBITaxon:307580	1	mediadive.medium:220
NCBITaxon:3075992	1	mediadive.medium:92
NCBITaxon:3075994	1	mediadive.medium:92
NCBITaxon:307643	1	mediadive.medium:514
NCBITaxon:3076558	1	mediadive.medium:830
NCBITaxon:3078812	2	mediadive.medium:693|mediadive.medium:92
NCBITaxon:308163	1	mediadive.medium:514
NCBITaxon:3082954	1	mediadive.medium:11
NCBITaxon:308354	1	mediadive.medium:92
NCBITaxon:308853	1	mediadive.medium:1421
NCBITaxon:3095429	1	mediadive.medium:65
NCBITaxon:3095430	1	mediadive.medium:65
NCBITaxon:3095431	1	mediadive.medium:65
NCBITaxon:309798	1	mediadive.medium:481
NCBITaxon:309800	3	mediadive.medium:372|mediadive.medium:97|mediadive.medium:J168
NCBITaxon:309801	1	mediadive.medium:592
NCBITaxon:309803	1	mediadive.medium:613
NCBITaxon:309805	2	mediadive.medium:534|mediadive.medium:996
NCBITaxon:309806	1	mediadive.medium:1003
NCBITaxon:309807	1	mediadive.medium:936
NCBITaxon:309883	1	mediadive.medium:736
NCBITaxon:309886	1	mediadive.medium:736
NCBITaxon:309888	1	mediadive.medium:830
NCBITaxon:309890	1	mediadive.medium:1484
NCBITaxon:309891	1	mediadive.medium:464
NCBITaxon:3100351	2	mediadive.medium:92|mediadive.medium:J26
NCBITaxon:3100372	2	mediadive.medium:514|mediadive.medium:535a
NCBITaxon:3100420	1	mediadive.medium:1673
NCBITaxon:3100432	1	mediadive.medium:1592
NCBITaxon:3101203	1	mediadive.medium:1673
NCBITaxon:3103145	2	mediadive.medium:693|mediadive.medium:92
NCBITaxon:310350	18	mediadive.medium:1048|mediadive.medium:1054|mediadive.medium:1260|mediadive.medium:1261|mediadive.medium:1504|mediadive.medium:215|mediadive.medium:514|mediadive.medium:514b|mediadive.medium:535|mediadive.medium:553|mediadive.medium:554|mediadive.medium:65|mediadive.medium:785|mediadive.medium:83|mediadive.medium:830|mediadive.medium:84|mediadive.medium:852|mediadive.medium:987
NCBITaxon:310353	6	mediadive.medium:1027|mediadive.medium:553|mediadive.medium:65|mediadive.medium:656|mediadive.medium:84|mediadive.medium:J61
NCBITaxon:310354	6	mediadive.medium:1027|mediadive.medium:553|mediadive.medium:65|mediadive.medium:656|mediadive.medium:84|mediadive.medium:J61
NCBITaxon:310355	6	mediadive.medium:1027|mediadive.medium:553|mediadive.medium:65|mediadive.medium:656|mediadive.medium:84|mediadive.medium:J61
NCBITaxon:310400	1	mediadive.medium:1
NCBITaxon:310575	1	mediadive.medium:1
NCBITaxon:310779	3	mediadive.medium:252|mediadive.medium:84|mediadive.medium:J398
NCBITaxon:310780	3	mediadive.medium:65|mediadive.medium:84|mediadive.medium:J415
NCBITaxon:310781	4	mediadive.medium:252|mediadive.medium:65|mediadive.medium:84|mediadive.medium:J415
NCBITaxon:310782	3	mediadive.medium:252|mediadive.medium:65|mediadive.medium:J415
NCBITaxon:310783	1	mediadive.medium:92
NCBITaxon:3110288	1	mediadive.medium:104
NCBITaxon:311180	2	mediadive.medium:514|mediadive.medium:J118
NCBITaxon:311194	2	mediadive.medium:514|mediadive.medium:J357
NCBITaxon:311230	1	mediadive.medium:830
NCBITaxon:311235	1	mediadive.medium:830
NCBITaxon:311333	1	mediadive.medium:830
NCBITaxon:311334	1	mediadive.medium:830
NCBITaxon:311410	1	mediadive.medium:514
NCBITaxon:311460	1	mediadive.medium:220
NCBITaxon:311789	2	mediadive.medium:514|mediadive.medium:J118
NCBITaxon:3118145	1	mediadive.medium:830
NCBITaxon:3119911	2	mediadive.medium:1|mediadive.medium:428
NCBITaxon:3119912	4	mediadive.medium:1|mediadive.medium:428|mediadive.medium:81|mediadive.medium:J74
NCBITaxon:3119913	4	mediadive.medium:1|mediadive.medium:428|mediadive.medium:81|mediadive.medium:J74
NCBITaxon:3119917	1	mediadive.medium:830
NCBITaxon:312089	2	mediadive.medium:634b|mediadive.medium:J481
NCBITaxon:312168	2	mediadive.medium:898a|mediadive.medium:J454
NCBITaxon:312285	1	mediadive.medium:693
NCBITaxon:312286	1	mediadive.medium:693
NCBITaxon:312306	1	mediadive.medium:1a
NCBITaxon:312720	4	mediadive.medium:252|mediadive.medium:65|mediadive.medium:J61|mediadive.medium:J66
NCBITaxon:313007	1	mediadive.medium:220
NCBITaxon:313367	2	mediadive.medium:514|mediadive.medium:J118
NCBITaxon:313368	2	mediadive.medium:514|mediadive.medium:J118
NCBITaxon:313369	2	mediadive.medium:1122|mediadive.medium:J1154
NCBITaxon:313370	1	mediadive.medium:889
NCBITaxon:313587	1	mediadive.medium:141
NCBITaxon:313606	1	mediadive.medium:514
NCBITaxon:313985	1	mediadive.medium:732
NCBITaxon:314200	2	mediadive.medium:1495|mediadive.medium:37
NCBITaxon:314202	2	mediadive.medium:1495|mediadive.medium:37
NCBITaxon:314230	1	mediadive.medium:600
NCBITaxon:314263	1	mediadive.medium:974
NCBITaxon:314275	1	mediadive.medium:514
NCBITaxon:314281	1	mediadive.medium:514
NCBITaxon:3142938	2	mediadive.medium:11|mediadive.medium:11b
NCBITaxon:314722	1	mediadive.medium:220
NCBITaxon:315405	2	mediadive.medium:693|mediadive.medium:92
NCBITaxon:315423	1	mediadive.medium:514
NCBITaxon:315478	1	mediadive.medium:830
NCBITaxon:315749	2	mediadive.medium:1|mediadive.medium:220
NCBITaxon:316	3	mediadive.medium:1|mediadive.medium:457|mediadive.medium:535
NCBITaxon:316088	1	mediadive.medium:92
NCBITaxon:316274	1	mediadive.medium:67
NCBITaxon:316276	2	mediadive.medium:1469|mediadive.medium:379
NCBITaxon:316277	2	mediadive.medium:960|mediadive.medium:J960
NCBITaxon:316280	4	mediadive.medium:252|mediadive.medium:65|mediadive.medium:J58|mediadive.medium:J66
NCBITaxon:316284	5	mediadive.medium:252|mediadive.medium:553|mediadive.medium:65|mediadive.medium:84|mediadive.medium:J42
NCBITaxon:316335	3	mediadive.medium:535|mediadive.medium:92|mediadive.medium:J26
NCBITaxon:316996	2	mediadive.medium:311c|mediadive.medium:J480
NCBITaxon:317	13	mediadive.medium:1|mediadive.medium:1a|mediadive.medium:220|mediadive.medium:220a|mediadive.medium:428|mediadive.medium:535|mediadive.medium:535b|mediadive.medium:54|mediadive.medium:545|mediadive.medium:54a|mediadive.medium:830|mediadive.medium:907|mediadive.medium:J75
NCBITaxon:317010	3	mediadive.medium:693|mediadive.medium:92|mediadive.medium:J156
NCBITaxon:317015	2	mediadive.medium:514|mediadive.medium:J41
NCBITaxon:317018	2	mediadive.medium:514|mediadive.medium:J118
NCBITaxon:317019	2	mediadive.medium:92|mediadive.medium:J475
NCBITaxon:317658	2	mediadive.medium:1053|mediadive.medium:J478
NCBITaxon:317664	2	mediadive.medium:621|mediadive.medium:J26
NCBITaxon:318456	2	mediadive.medium:514|mediadive.medium:514c
NCBITaxon:318464	1	mediadive.medium:104b
NCBITaxon:318465	1	mediadive.medium:104b
NCBITaxon:31910	3	mediadive.medium:1176|mediadive.medium:470|mediadive.medium:514b
NCBITaxon:319225	1	mediadive.medium:40
NCBITaxon:31943	1	mediadive.medium:1
NCBITaxon:31963	1	mediadive.medium:53
NCBITaxon:319633	3	mediadive.medium:252|mediadive.medium:65|mediadive.medium:84
NCBITaxon:31964	7	mediadive.medium:1484|mediadive.medium:513|mediadive.medium:583|mediadive.medium:830|mediadive.medium:92|mediadive.medium:J26|mediadive.medium:J28
NCBITaxon:31965	2	mediadive.medium:92|mediadive.medium:J26
NCBITaxon:319652	1	mediadive.medium:11
NCBITaxon:319653	1	mediadive.medium:11
NCBITaxon:319706	3	mediadive.medium:645|mediadive.medium:J26|mediadive.medium:J386
NCBITaxon:319707	3	mediadive.medium:645|mediadive.medium:J26|mediadive.medium:J386
NCBITaxon:319795	2	mediadive.medium:1|mediadive.medium:878
NCBITaxon:319939	3	mediadive.medium:220|mediadive.medium:693|mediadive.medium:92
NCBITaxon:319942	2	mediadive.medium:693|mediadive.medium:92
NCBITaxon:319947	4	mediadive.medium:252|mediadive.medium:65|mediadive.medium:84|mediadive.medium:J42
NCBITaxon:31995	2	mediadive.medium:111|mediadive.medium:830
NCBITaxon:31996	1	mediadive.medium:111
NCBITaxon:319970	2	mediadive.medium:693|mediadive.medium:92
NCBITaxon:31998	1	mediadive.medium:830
NCBITaxon:32001	3	mediadive.medium:1|mediadive.medium:123|mediadive.medium:693
NCBITaxon:32002	2	mediadive.medium:1|mediadive.medium:457
NCBITaxon:32012	1	mediadive.medium:830d
NCBITaxon:32016	1	mediadive.medium:63
NCBITaxon:32025	1	mediadive.medium:693
NCBITaxon:32040	2	mediadive.medium:1|mediadive.medium:J12
NCBITaxon:32062	2	mediadive.medium:92|mediadive.medium:J74
NCBITaxon:320778	2	mediadive.medium:535|mediadive.medium:J118
NCBITaxon:320909	1	mediadive.medium:220
NCBITaxon:320912	1	mediadive.medium:514
NCBITaxon:321265	1	mediadive.medium:514
NCBITaxon:321266	1	mediadive.medium:514
NCBITaxon:321267	2	mediadive.medium:514|mediadive.medium:J118
NCBITaxon:321316	4	mediadive.medium:65|mediadive.medium:84|mediadive.medium:J202|mediadive.medium:J61
NCBITaxon:321317	3	mediadive.medium:535|mediadive.medium:84|mediadive.medium:J61
NCBITaxon:321318	4	mediadive.medium:215|mediadive.medium:553|mediadive.medium:J26|mediadive.medium:J28
NCBITaxon:321325	3	mediadive.medium:215|mediadive.medium:535|mediadive.medium:J43
NCBITaxon:321339	2	mediadive.medium:514|mediadive.medium:J118
NCBITaxon:321662	5	mediadive.medium:220|mediadive.medium:514f|mediadive.medium:535|mediadive.medium:545|mediadive.medium:J22
NCBITaxon:321763	1	mediadive.medium:1406
NCBITaxon:321846	3	mediadive.medium:1|mediadive.medium:693|mediadive.medium:92
NCBITaxon:321895	2	mediadive.medium:220|mediadive.medium:535
NCBITaxon:321982	1	mediadive.medium:830
NCBITaxon:321983	3	mediadive.medium:535|mediadive.medium:545|mediadive.medium:830
NCBITaxon:321984	1	mediadive.medium:830
NCBITaxon:321985	1	mediadive.medium:830
NCBITaxon:322163	2	mediadive.medium:545|mediadive.medium:J12
NCBITaxon:322505	1	mediadive.medium:232
NCBITaxon:322508	3	mediadive.medium:535|mediadive.medium:J26|mediadive.medium:J28
NCBITaxon:322509	2	mediadive.medium:535|mediadive.medium:J43
NCBITaxon:322596	2	mediadive.medium:92|mediadive.medium:J26
NCBITaxon:322601	2	mediadive.medium:92|mediadive.medium:J26
NCBITaxon:322602	2	mediadive.medium:92|mediadive.medium:J26
NCBITaxon:323259	3	mediadive.medium:119|mediadive.medium:1523|mediadive.medium:J242
NCBITaxon:323415	1	mediadive.medium:535
NCBITaxon:323423	2	mediadive.medium:830|mediadive.medium:830c
NCBITaxon:323621	3	mediadive.medium:1|mediadive.medium:830|mediadive.medium:J346
NCBITaxon:323761	2	mediadive.medium:92|mediadive.medium:J26
NCBITaxon:323848	1	mediadive.medium:1583
NCBITaxon:324058	2	mediadive.medium:645|mediadive.medium:J386
NCBITaxon:324079	1	mediadive.medium:1076b
NCBITaxon:324602	1	mediadive.medium:87
NCBITaxon:324617	2	mediadive.medium:220|mediadive.medium:429
NCBITaxon:324679	2	mediadive.medium:1263|mediadive.medium:J454
NCBITaxon:324687	1	mediadive.medium:1052
NCBITaxon:324767	2	mediadive.medium:220|mediadive.medium:J256
NCBITaxon:324768	3	mediadive.medium:220|mediadive.medium:693|mediadive.medium:J256
NCBITaxon:324831	3	mediadive.medium:232|mediadive.medium:J13|mediadive.medium:J84
NCBITaxon:324833	7	mediadive.medium:252|mediadive.medium:65|mediadive.medium:84|mediadive.medium:987|mediadive.medium:J42|mediadive.medium:J43|mediadive.medium:J58
NCBITaxon:324851	3	mediadive.medium:830|mediadive.medium:J42|mediadive.medium:J52
NCBITaxon:324852	3	mediadive.medium:830|mediadive.medium:J42|mediadive.medium:J52
NCBITaxon:324854	2	mediadive.medium:220|mediadive.medium:J75
NCBITaxon:324855	4	mediadive.medium:252|mediadive.medium:65|mediadive.medium:J50|mediadive.medium:J66
NCBITaxon:324952	3	mediadive.medium:65|mediadive.medium:84|mediadive.medium:J42
NCBITaxon:325472	1	mediadive.medium:10
NCBITaxon:325778	1	mediadive.medium:141c
NCBITaxon:326298	1	mediadive.medium:113
NCBITaxon:326320	1	mediadive.medium:514
NCBITaxon:326329	1	mediadive.medium:514
NCBITaxon:326427	1	mediadive.medium:87a
NCBITaxon:326522	1	mediadive.medium:693
NCBITaxon:326523	1	mediadive.medium:693
NCBITaxon:327095	2	mediadive.medium:514|mediadive.medium:J118
NCBITaxon:327104	1	mediadive.medium:1
NCBITaxon:327574	1	mediadive.medium:693
NCBITaxon:327575	1	mediadive.medium:693
NCBITaxon:328075	4	mediadive.medium:553|mediadive.medium:65|mediadive.medium:J43|mediadive.medium:J50
NCBITaxon:328224	1	mediadive.medium:514
NCBITaxon:328225	1	mediadive.medium:514
NCBITaxon:328301	2	mediadive.medium:960|mediadive.medium:J503
NCBITaxon:328396	2	mediadive.medium:693|mediadive.medium:92
NCBITaxon:328412	2	mediadive.medium:1|mediadive.medium:535
NCBITaxon:328415	1	mediadive.medium:514
NCBITaxon:328416	1	mediadive.medium:514
NCBITaxon:328515	1	mediadive.medium:514
NCBITaxon:328692	1	mediadive.medium:830
NCBITaxon:328812	4	mediadive.medium:110|mediadive.medium:1713|mediadive.medium:693|mediadive.medium:78
NCBITaxon:328813	4	mediadive.medium:104|mediadive.medium:429|mediadive.medium:78|mediadive.medium:J14
NCBITaxon:328814	1	mediadive.medium:1713
NCBITaxon:329	1	mediadive.medium:1
NCBITaxon:329186	2	mediadive.medium:830|mediadive.medium:J534
NCBITaxon:329267	1	mediadive.medium:220
NCBITaxon:329406	1	mediadive.medium:28b
NCBITaxon:329523	4	mediadive.medium:252|mediadive.medium:65|mediadive.medium:84|mediadive.medium:J42
NCBITaxon:329524	4	mediadive.medium:252|mediadive.medium:65|mediadive.medium:84|mediadive.medium:J42
NCBITaxon:329854	1	mediadive.medium:104
NCBITaxon:329993	1	mediadive.medium:514
NCBITaxon:33	2	mediadive.medium:67|mediadive.medium:9
NCBITaxon:33008	2	mediadive.medium:426|mediadive.medium:535
NCBITaxon:330083	2	mediadive.medium:65|mediadive.medium:J57
NCBITaxon:330084	2	mediadive.medium:65|mediadive.medium:J57
NCBITaxon:33010	2	mediadive.medium:693|mediadive.medium:92
NCBITaxon:33011	2	mediadive.medium:104|mediadive.medium:693
NCBITaxon:33014	3	mediadive.medium:53|mediadive.medium:J26|mediadive.medium:J75
NCBITaxon:33018	6	mediadive.medium:11|mediadive.medium:452|mediadive.medium:531|mediadive.medium:8|mediadive.medium:830|mediadive.medium:J77
NCBITaxon:33025	1	mediadive.medium:104c
NCBITaxon:33027	3	mediadive.medium:830|mediadive.medium:852|mediadive.medium:J77
NCBITaxon:33028	4	mediadive.medium:104|mediadive.medium:693|mediadive.medium:J14|mediadive.medium:J84
NCBITaxon:33034	3	mediadive.medium:104|mediadive.medium:J14|mediadive.medium:J84
NCBITaxon:33035	4	mediadive.medium:110|mediadive.medium:339|mediadive.medium:78|mediadive.medium:915
NCBITaxon:33036	2	mediadive.medium:104|mediadive.medium:693
NCBITaxon:33037	1	mediadive.medium:104
NCBITaxon:33038	1	mediadive.medium:104
NCBITaxon:33043	4	mediadive.medium:104c|mediadive.medium:339a|mediadive.medium:634c|mediadive.medium:J1130
NCBITaxon:33049	1	mediadive.medium:27
NCBITaxon:33053	3	mediadive.medium:215|mediadive.medium:429|mediadive.medium:535
NCBITaxon:33057	2	mediadive.medium:503b|mediadive.medium:830
NCBITaxon:33059	1	mediadive.medium:670
NCBITaxon:330642	1	mediadive.medium:195
NCBITaxon:33069	4	mediadive.medium:1|mediadive.medium:220|mediadive.medium:830|mediadive.medium:907
NCBITaxon:330779	2	mediadive.medium:88|mediadive.medium:J165
NCBITaxon:330835	2	mediadive.medium:830|mediadive.medium:J346
NCBITaxon:330836	3	mediadive.medium:621|mediadive.medium:830|mediadive.medium:J346
NCBITaxon:330922	1	mediadive.medium:514
NCBITaxon:330943	3	mediadive.medium:514|mediadive.medium:92|mediadive.medium:J22
NCBITaxon:331618	2	mediadive.medium:92|mediadive.medium:J26
NCBITaxon:331679	1	mediadive.medium:11
NCBITaxon:331697	1	mediadive.medium:545
NCBITaxon:331992	1	mediadive.medium:1673
NCBITaxon:332055	6	mediadive.medium:1|mediadive.medium:220a|mediadive.medium:381|mediadive.medium:535|mediadive.medium:830|mediadive.medium:830c
NCBITaxon:332101	2	mediadive.medium:104b|mediadive.medium:110
NCBITaxon:332163	1	mediadive.medium:1266
NCBITaxon:332174	1	mediadive.medium:1055
NCBITaxon:332175	1	mediadive.medium:1056
NCBITaxon:332186	2	mediadive.medium:514|mediadive.medium:J443
NCBITaxon:332249	1	mediadive.medium:1033
NCBITaxon:332522	1	mediadive.medium:1176
NCBITaxon:332524	3	mediadive.medium:104|mediadive.medium:215|mediadive.medium:J456
NCBITaxon:332582	3	mediadive.medium:65|mediadive.medium:84|mediadive.medium:J66
NCBITaxon:332589	3	mediadive.medium:252|mediadive.medium:65|mediadive.medium:J81
NCBITaxon:332591	3	mediadive.medium:65|mediadive.medium:84|mediadive.medium:J42
NCBITaxon:332949	2	mediadive.medium:693|mediadive.medium:92
NCBITaxon:332950	1	mediadive.medium:92
NCBITaxon:332965	1	mediadive.medium:1673
NCBITaxon:332999	1	mediadive.medium:545
NCBITaxon:333140	2	mediadive.medium:514|mediadive.medium:J118
NCBITaxon:333142	3	mediadive.medium:65|mediadive.medium:658|mediadive.medium:J43
NCBITaxon:333297	1	mediadive.medium:830
NCBITaxon:333367	1	mediadive.medium:104b
NCBITaxon:333368	1	mediadive.medium:1142
NCBITaxon:333384	3	mediadive.medium:65|mediadive.medium:84|mediadive.medium:J42
NCBITaxon:333702	1	mediadive.medium:220
NCBITaxon:333708	1	mediadive.medium:545
NCBITaxon:333725	1	mediadive.medium:65
NCBITaxon:333728	1	mediadive.medium:65
NCBITaxon:333962	1	mediadive.medium:1
NCBITaxon:333964	2	mediadive.medium:535|mediadive.medium:535b
NCBITaxon:334253	1	mediadive.medium:514b
NCBITaxon:334413	1	mediadive.medium:104
NCBITaxon:334542	3	mediadive.medium:535|mediadive.medium:65|mediadive.medium:J43
NCBITaxon:334543	1	mediadive.medium:514
NCBITaxon:334715	1	mediadive.medium:514c
NCBITaxon:334735	2	mediadive.medium:220|mediadive.medium:J75
NCBITaxon:334736	2	mediadive.medium:220|mediadive.medium:J75
NCBITaxon:334852	2	mediadive.medium:1|mediadive.medium:J346
NCBITaxon:334858	3	mediadive.medium:554|mediadive.medium:65|mediadive.medium:J51
NCBITaxon:335286	1	mediadive.medium:1
NCBITaxon:335383	1	mediadive.medium:507
NCBITaxon:335406	2	mediadive.medium:830|mediadive.medium:J23
NCBITaxon:335476	1	mediadive.medium:1
NCBITaxon:335543	2	mediadive.medium:641|mediadive.medium:684
NCBITaxon:335973	1	mediadive.medium:514
NCBITaxon:335974	1	mediadive.medium:514
NCBITaxon:335975	1	mediadive.medium:514
NCBITaxon:336203	3	mediadive.medium:462|mediadive.medium:535|mediadive.medium:J475
NCBITaxon:336566	1	mediadive.medium:1
NCBITaxon:336628	2	mediadive.medium:65|mediadive.medium:J43
NCBITaxon:336829	1	mediadive.medium:830
NCBITaxon:336831	1	mediadive.medium:830
NCBITaxon:337005	1	mediadive.medium:86
NCBITaxon:337097	2	mediadive.medium:1042|mediadive.medium:J470
NCBITaxon:337243	4	mediadive.medium:1214|mediadive.medium:372|mediadive.medium:J212|mediadive.medium:J307
NCBITaxon:337250	2	mediadive.medium:514|mediadive.medium:J535
NCBITaxon:337330	3	mediadive.medium:11|mediadive.medium:J13|mediadive.medium:J84
NCBITaxon:337701	1	mediadive.medium:514
NCBITaxon:337779	2	mediadive.medium:830a|mediadive.medium:944a
NCBITaxon:337815	2	mediadive.medium:514|mediadive.medium:92
NCBITaxon:3378536	1	mediadive.medium:11
NCBITaxon:337894	2	mediadive.medium:65|mediadive.medium:J43
NCBITaxon:337895	4	mediadive.medium:535|mediadive.medium:554|mediadive.medium:65|mediadive.medium:J61
NCBITaxon:338	2	mediadive.medium:1015|mediadive.medium:1a
NCBITaxon:338077	3	mediadive.medium:830|mediadive.medium:92|mediadive.medium:J26
NCBITaxon:3381696	1	mediadive.medium:119
NCBITaxon:338188	1	mediadive.medium:104
NCBITaxon:338193	2	mediadive.medium:634b|mediadive.medium:J482
NCBITaxon:338565	2	mediadive.medium:1|mediadive.medium:1a
NCBITaxon:338584	4	mediadive.medium:535|mediadive.medium:553|mediadive.medium:65|mediadive.medium:J61
NCBITaxon:338644	1	mediadive.medium:665
NCBITaxon:33865	1	mediadive.medium:141
NCBITaxon:33866	3	mediadive.medium:377|mediadive.medium:377b|mediadive.medium:795
NCBITaxon:33878	2	mediadive.medium:92|mediadive.medium:J28
NCBITaxon:33879	2	mediadive.medium:830|mediadive.medium:J28
NCBITaxon:33881	4	mediadive.medium:53|mediadive.medium:92|mediadive.medium:J22|mediadive.medium:J26
NCBITaxon:33883	2	mediadive.medium:92|mediadive.medium:J26
NCBITaxon:33884	3	mediadive.medium:53|mediadive.medium:J22|mediadive.medium:J26
NCBITaxon:33885	4	mediadive.medium:53|mediadive.medium:92|mediadive.medium:J26|mediadive.medium:J28
NCBITaxon:33889	4	mediadive.medium:53|mediadive.medium:693|mediadive.medium:92|mediadive.medium:J22
NCBITaxon:33895	2	mediadive.medium:354|mediadive.medium:645
NCBITaxon:338963	1	mediadive.medium:293
NCBITaxon:338966	1	mediadive.medium:298
NCBITaxon:33897	4	mediadive.medium:65|mediadive.medium:84|mediadive.medium:J58|mediadive.medium:J61
NCBITaxon:33898	7	mediadive.medium:65|mediadive.medium:84|mediadive.medium:987|mediadive.medium:993|mediadive.medium:J42|mediadive.medium:J51|mediadive.medium:J54
NCBITaxon:33899	3	mediadive.medium:252|mediadive.medium:65|mediadive.medium:J42
NCBITaxon:339	6	mediadive.medium:1|mediadive.medium:1a|mediadive.medium:54|mediadive.medium:54a|mediadive.medium:830|mediadive.medium:J22
NCBITaxon:33900	4	mediadive.medium:252|mediadive.medium:65|mediadive.medium:84|mediadive.medium:J42
NCBITaxon:33902	2	mediadive.medium:65|mediadive.medium:J42
NCBITaxon:33903	2	mediadive.medium:65|mediadive.medium:84
NCBITaxon:33904	6	mediadive.medium:65|mediadive.medium:84|mediadive.medium:J42|mediadive.medium:J45|mediadive.medium:J50|mediadive.medium:J58
NCBITaxon:33905	3	mediadive.medium:339|mediadive.medium:58|mediadive.medium:693
NCBITaxon:33907	2	mediadive.medium:548|mediadive.medium:J57
NCBITaxon:33910	2	mediadive.medium:65|mediadive.medium:J42
NCBITaxon:33911	2	mediadive.medium:130|mediadive.medium:214
NCBITaxon:33913	5	mediadive.medium:1302|mediadive.medium:381|mediadive.medium:514|mediadive.medium:65|mediadive.medium:83
NCBITaxon:33914	2	mediadive.medium:65|mediadive.medium:J44
NCBITaxon:33915	4	mediadive.medium:535|mediadive.medium:553|mediadive.medium:56|mediadive.medium:65
NCBITaxon:33917	3	mediadive.medium:53|mediadive.medium:J26|mediadive.medium:J475
NCBITaxon:33918	5	mediadive.medium:53|mediadive.medium:92|mediadive.medium:J22|mediadive.medium:J26|mediadive.medium:J28
NCBITaxon:33919	2	mediadive.medium:214|mediadive.medium:J58
NCBITaxon:33920	2	mediadive.medium:65|mediadive.medium:J51
NCBITaxon:33921	3	mediadive.medium:65|mediadive.medium:J42|mediadive.medium:J66
NCBITaxon:33931	1	mediadive.medium:1
NCBITaxon:33932	1	mediadive.medium:31
NCBITaxon:33934	1	mediadive.medium:1
NCBITaxon:33935	3	mediadive.medium:1|mediadive.medium:220|mediadive.medium:J75
NCBITaxon:33936	3	mediadive.medium:220|mediadive.medium:467|mediadive.medium:514
NCBITaxon:33938	1	mediadive.medium:1
NCBITaxon:33939	1	mediadive.medium:467
NCBITaxon:33941	2	mediadive.medium:1|mediadive.medium:220
NCBITaxon:33942	1	mediadive.medium:572
NCBITaxon:33945	6	mediadive.medium:339|mediadive.medium:53|mediadive.medium:693|mediadive.medium:92|mediadive.medium:J27|mediadive.medium:J70
NCBITaxon:33946	2	mediadive.medium:53|mediadive.medium:J22
NCBITaxon:33950	1	mediadive.medium:211
NCBITaxon:33954	1	mediadive.medium:500
NCBITaxon:33959	4	mediadive.medium:11|mediadive.medium:339|mediadive.medium:58|mediadive.medium:J13
NCBITaxon:33960	4	mediadive.medium:11|mediadive.medium:264|mediadive.medium:J13|mediadive.medium:J84
NCBITaxon:33962	3	mediadive.medium:11|mediadive.medium:J13|mediadive.medium:J84
NCBITaxon:33964	2	mediadive.medium:11|mediadive.medium:J13
NCBITaxon:33965	1	mediadive.medium:11
NCBITaxon:33966	2	mediadive.medium:11|mediadive.medium:J13
NCBITaxon:33967	3	mediadive.medium:11|mediadive.medium:693|mediadive.medium:92
NCBITaxon:33968	1	mediadive.medium:11
NCBITaxon:33977	1	mediadive.medium:34
NCBITaxon:33978	1	mediadive.medium:34
NCBITaxon:33984	2	mediadive.medium:92|mediadive.medium:J26
NCBITaxon:339860	2	mediadive.medium:322|mediadive.medium:J355
NCBITaxon:339861	1	mediadive.medium:104b
NCBITaxon:339863	2	mediadive.medium:535|mediadive.medium:J43
NCBITaxon:33987	1	mediadive.medium:468
NCBITaxon:33995	3	mediadive.medium:105|mediadive.medium:1430|mediadive.medium:631
NCBITaxon:34	3	mediadive.medium:1118|mediadive.medium:67|mediadive.medium:9
NCBITaxon:34002	2	mediadive.medium:772|mediadive.medium:J126
NCBITaxon:340021	1	mediadive.medium:514
NCBITaxon:34004	3	mediadive.medium:1|mediadive.medium:774|mediadive.medium:J22
NCBITaxon:34007	4	mediadive.medium:1|mediadive.medium:220|mediadive.medium:69|mediadive.medium:J26
NCBITaxon:340095	2	mediadive.medium:641|mediadive.medium:J479
NCBITaxon:340099	1	mediadive.medium:144
NCBITaxon:340100	3	mediadive.medium:1|mediadive.medium:220|mediadive.medium:535
NCBITaxon:340101	1	mediadive.medium:684
NCBITaxon:340102	2	mediadive.medium:390|mediadive.medium:J309
NCBITaxon:34012	8	mediadive.medium:1|mediadive.medium:221|mediadive.medium:428|mediadive.medium:693|mediadive.medium:81|mediadive.medium:830|mediadive.medium:840|mediadive.medium:J22
NCBITaxon:340145	3	mediadive.medium:514|mediadive.medium:92|mediadive.medium:J75
NCBITaxon:340146	1	mediadive.medium:514
NCBITaxon:34015	4	mediadive.medium:1015|mediadive.medium:364|mediadive.medium:535|mediadive.medium:J27
NCBITaxon:34017	2	mediadive.medium:745|mediadive.medium:J199
NCBITaxon:340172	2	mediadive.medium:514|mediadive.medium:J118
NCBITaxon:34018	4	mediadive.medium:27|mediadive.medium:650|mediadive.medium:748|mediadive.medium:J358
NCBITaxon:340214	2	mediadive.medium:372|mediadive.medium:J168
NCBITaxon:34028	5	mediadive.medium:1|mediadive.medium:1a|mediadive.medium:220|mediadive.medium:457|mediadive.medium:535
NCBITaxon:34030	1	mediadive.medium:803
NCBITaxon:34032	1	mediadive.medium:195b
NCBITaxon:340320	2	mediadive.medium:92|mediadive.medium:J26
NCBITaxon:340321	2	mediadive.medium:92|mediadive.medium:J26
NCBITaxon:340345	2	mediadive.medium:65|mediadive.medium:J66
NCBITaxon:34038	5	mediadive.medium:1|mediadive.medium:1a|mediadive.medium:535|mediadive.medium:693|mediadive.medium:92
NCBITaxon:34059	1	mediadive.medium:693
NCBITaxon:34060	1	mediadive.medium:693
NCBITaxon:34062	5	mediadive.medium:215|mediadive.medium:693|mediadive.medium:830|mediadive.medium:92|mediadive.medium:J256
NCBITaxon:34073	9	mediadive.medium:1|mediadive.medium:1153|mediadive.medium:457|mediadive.medium:535|mediadive.medium:81|mediadive.medium:830|mediadive.medium:J22|mediadive.medium:J27|mediadive.medium:J75
NCBITaxon:34085	3	mediadive.medium:693|mediadive.medium:92|mediadive.medium:J70
NCBITaxon:34086	4	mediadive.medium:1|mediadive.medium:605|mediadive.medium:948|mediadive.medium:J22
NCBITaxon:34092	2	mediadive.medium:743|mediadive.medium:J164
NCBITaxon:34101	2	mediadive.medium:220|mediadive.medium:535
NCBITaxon:341027	4	mediadive.medium:1|mediadive.medium:1153|mediadive.medium:535|mediadive.medium:545
NCBITaxon:341045	1	mediadive.medium:1
NCBITaxon:341199	1	mediadive.medium:535
NCBITaxon:341202	3	mediadive.medium:535|mediadive.medium:65|mediadive.medium:J43
NCBITaxon:342002	2	mediadive.medium:645|mediadive.medium:J386
NCBITaxon:342113	2	mediadive.medium:535|mediadive.medium:693
NCBITaxon:342451	3	mediadive.medium:693|mediadive.medium:92|mediadive.medium:J12
NCBITaxon:342942	4	mediadive.medium:104b|mediadive.medium:110|mediadive.medium:J14|mediadive.medium:J83
NCBITaxon:342944	1	mediadive.medium:514
NCBITaxon:343	1	mediadive.medium:1
NCBITaxon:343013	1	mediadive.medium:535
NCBITaxon:343510	4	mediadive.medium:1|mediadive.medium:585|mediadive.medium:830|mediadive.medium:J119
NCBITaxon:343517	1	mediadive.medium:220
NCBITaxon:344165	2	mediadive.medium:830|mediadive.medium:J346
NCBITaxon:344166	2	mediadive.medium:92|mediadive.medium:J346
NCBITaxon:344736	2	mediadive.medium:514|mediadive.medium:J118
NCBITaxon:344747	1	mediadive.medium:514
NCBITaxon:344880	1	mediadive.medium:1
NCBITaxon:344882	1	mediadive.medium:535b
NCBITaxon:344883	1	mediadive.medium:830c
NCBITaxon:345309	1	mediadive.medium:830
NCBITaxon:345342	1	mediadive.medium:830c
NCBITaxon:345370	1	mediadive.medium:641
NCBITaxon:345592	2	mediadive.medium:1131|mediadive.medium:J493
NCBITaxon:345632	1	mediadive.medium:826
NCBITaxon:345907	1	mediadive.medium:514
NCBITaxon:346	5	mediadive.medium:1|mediadive.medium:1a|mediadive.medium:54|mediadive.medium:54a|mediadive.medium:J22
NCBITaxon:346179	1	mediadive.medium:1
NCBITaxon:346181	1	mediadive.medium:830c
NCBITaxon:346182	1	mediadive.medium:830
NCBITaxon:346183	1	mediadive.medium:514
NCBITaxon:346222	2	mediadive.medium:1|mediadive.medium:693
NCBITaxon:346376	1	mediadive.medium:135
NCBITaxon:346911	1	mediadive.medium:1070
NCBITaxon:346912	1	mediadive.medium:1070
NCBITaxon:347256	1	mediadive.medium:1076b
NCBITaxon:347483	2	mediadive.medium:381|mediadive.medium:535
NCBITaxon:347534	2	mediadive.medium:514|mediadive.medium:J118
NCBITaxon:347834	3	mediadive.medium:830|mediadive.medium:98|mediadive.medium:J254
NCBITaxon:348151	1	mediadive.medium:638
NCBITaxon:348442	2	mediadive.medium:92|mediadive.medium:J28
NCBITaxon:348609	1	mediadive.medium:141
NCBITaxon:348610	1	mediadive.medium:141
NCBITaxon:348778	2	mediadive.medium:1a|mediadive.medium:461a
NCBITaxon:348779	1	mediadive.medium:1
NCBITaxon:348780	3	mediadive.medium:205|mediadive.medium:371|mediadive.medium:J166
NCBITaxon:348818	4	mediadive.medium:65|mediadive.medium:84|mediadive.medium:987|mediadive.medium:J415
NCBITaxon:349064	2	mediadive.medium:514|mediadive.medium:J118
NCBITaxon:349094	2	mediadive.medium:11b|mediadive.medium:1203
NCBITaxon:349096	2	mediadive.medium:11b|mediadive.medium:58
NCBITaxon:349123	1	mediadive.medium:11
NCBITaxon:349124	1	mediadive.medium:253
NCBITaxon:349313	4	mediadive.medium:554|mediadive.medium:65|mediadive.medium:J42|mediadive.medium:J61
NCBITaxon:349315	4	mediadive.medium:553|mediadive.medium:65|mediadive.medium:656|mediadive.medium:J51
NCBITaxon:349316	2	mediadive.medium:1027|mediadive.medium:J42
NCBITaxon:349522	3	mediadive.medium:514|mediadive.medium:92|mediadive.medium:J118
NCBITaxon:349741	3	mediadive.medium:104|mediadive.medium:1669|mediadive.medium:J282
NCBITaxon:349910	4	mediadive.medium:252|mediadive.medium:65|mediadive.medium:84|mediadive.medium:J42
NCBITaxon:349934	2	mediadive.medium:104|mediadive.medium:J690
NCBITaxon:349965	3	mediadive.medium:535|mediadive.medium:693|mediadive.medium:J12
NCBITaxon:349966	3	mediadive.medium:535|mediadive.medium:693|mediadive.medium:92
NCBITaxon:349967	2	mediadive.medium:215|mediadive.medium:535
NCBITaxon:349968	1	mediadive.medium:535
NCBITaxon:35	2	mediadive.medium:9|mediadive.medium:942
NCBITaxon:350814	2	mediadive.medium:514|mediadive.medium:J118
NCBITaxon:351187	3	mediadive.medium:1317|mediadive.medium:514|mediadive.medium:J118
NCBITaxon:351224	2	mediadive.medium:830|mediadive.medium:J346
NCBITaxon:351345	1	mediadive.medium:830
NCBITaxon:351614	1	mediadive.medium:535
NCBITaxon:351627	1	mediadive.medium:640
NCBITaxon:351628	2	mediadive.medium:110|mediadive.medium:J14
NCBITaxon:351656	1	mediadive.medium:535
NCBITaxon:351659	4	mediadive.medium:1c|mediadive.medium:535|mediadive.medium:535b|mediadive.medium:545
NCBITaxon:351672	1	mediadive.medium:535
NCBITaxon:351673	1	mediadive.medium:535
NCBITaxon:351674	2	mediadive.medium:220|mediadive.medium:535
NCBITaxon:351675	1	mediadive.medium:535
NCBITaxon:351676	1	mediadive.medium:535
NCBITaxon:351677	1	mediadive.medium:535
NCBITaxon:351679	1	mediadive.medium:535
NCBITaxon:352475	2	mediadive.medium:1|mediadive.medium:J190
NCBITaxon:353	5	mediadive.medium:3|mediadive.medium:441|mediadive.medium:830|mediadive.medium:J22|mediadive.medium:J75
NCBITaxon:353224	1	mediadive.medium:514
NCBITaxon:353852	1	mediadive.medium:1076b
NCBITaxon:354	4	mediadive.medium:3|mediadive.medium:441|mediadive.medium:830|mediadive.medium:J75
NCBITaxon:354197	1	mediadive.medium:830c
NCBITaxon:354237	3	mediadive.medium:1009|mediadive.medium:246|mediadive.medium:514
NCBITaxon:354240	2	mediadive.medium:1009|mediadive.medium:514
NCBITaxon:354243	2	mediadive.medium:645|mediadive.medium:J302
NCBITaxon:354245	1	mediadive.medium:514
NCBITaxon:354246	1	mediadive.medium:514
NCBITaxon:354351	1	mediadive.medium:220
NCBITaxon:354352	1	mediadive.medium:220
NCBITaxon:355243	2	mediadive.medium:514|mediadive.medium:J118
NCBITaxon:35554	2	mediadive.medium:579|mediadive.medium:826
NCBITaxon:355591	1	mediadive.medium:514
NCBITaxon:355930	2	mediadive.medium:92|mediadive.medium:J528
NCBITaxon:35616	2	mediadive.medium:283|mediadive.medium:J203
NCBITaxon:35619	4	mediadive.medium:65|mediadive.medium:84|mediadive.medium:J58|mediadive.medium:J66
NCBITaxon:35620	6	mediadive.medium:65|mediadive.medium:84|mediadive.medium:993|mediadive.medium:J50|mediadive.medium:J58|mediadive.medium:J66
NCBITaxon:35621	6	mediadive.medium:252|mediadive.medium:65|mediadive.medium:84|mediadive.medium:987|mediadive.medium:J58|mediadive.medium:J61
NCBITaxon:35622	3	mediadive.medium:248|mediadive.medium:65|mediadive.medium:84
NCBITaxon:356305	1	mediadive.medium:830
NCBITaxon:356322	1	mediadive.medium:1381
NCBITaxon:356659	1	mediadive.medium:514
NCBITaxon:356660	1	mediadive.medium:514a
NCBITaxon:356828	1	mediadive.medium:58
NCBITaxon:356829	3	mediadive.medium:58|mediadive.medium:693|mediadive.medium:J83
NCBITaxon:356851	3	mediadive.medium:548|mediadive.medium:65|mediadive.medium:J104
NCBITaxon:356852	4	mediadive.medium:548|mediadive.medium:65|mediadive.medium:987|mediadive.medium:J61
NCBITaxon:35699	2	mediadive.medium:520|mediadive.medium:J826
NCBITaxon:357	2	mediadive.medium:123|mediadive.medium:J118
NCBITaxon:35700	2	mediadive.medium:370|mediadive.medium:655
NCBITaxon:35701	2	mediadive.medium:370|mediadive.medium:655
NCBITaxon:35703	6	mediadive.medium:1a|mediadive.medium:220|mediadive.medium:693|mediadive.medium:92|mediadive.medium:J12|mediadive.medium:J22
NCBITaxon:357276	3	mediadive.medium:1203a|mediadive.medium:693|mediadive.medium:78
NCBITaxon:35743	3	mediadive.medium:372|mediadive.medium:J168|mediadive.medium:J189
NCBITaxon:357441	2	mediadive.medium:693|mediadive.medium:92
NCBITaxon:35746	1	mediadive.medium:1748
NCBITaxon:35749	1	mediadive.medium:760
NCBITaxon:35751	2	mediadive.medium:65|mediadive.medium:83
NCBITaxon:35752	5	mediadive.medium:215|mediadive.medium:252|mediadive.medium:65|mediadive.medium:84|mediadive.medium:J42
NCBITaxon:35754	5	mediadive.medium:65|mediadive.medium:83|mediadive.medium:84|mediadive.medium:J42|mediadive.medium:J62
NCBITaxon:35755	6	mediadive.medium:215b|mediadive.medium:240|mediadive.medium:535a|mediadive.medium:693|mediadive.medium:J256|mediadive.medium:J26
NCBITaxon:35761	8	mediadive.medium:426|mediadive.medium:513|mediadive.medium:514|mediadive.medium:535|mediadive.medium:65|mediadive.medium:830|mediadive.medium:92|mediadive.medium:J43
NCBITaxon:35762	4	mediadive.medium:65|mediadive.medium:84|mediadive.medium:J42|mediadive.medium:J62
NCBITaxon:35763	5	mediadive.medium:65|mediadive.medium:83|mediadive.medium:84|mediadive.medium:J42|mediadive.medium:J52
NCBITaxon:35764	3	mediadive.medium:65|mediadive.medium:84|mediadive.medium:J51
NCBITaxon:35765	4	mediadive.medium:214|mediadive.medium:65|mediadive.medium:J51|mediadive.medium:J52
NCBITaxon:357760	2	mediadive.medium:429|mediadive.medium:J586
NCBITaxon:357761	2	mediadive.medium:429|mediadive.medium:J586
NCBITaxon:357794	1	mediadive.medium:514
NCBITaxon:35783	3	mediadive.medium:220|mediadive.medium:693|mediadive.medium:92
NCBITaxon:35785	2	mediadive.medium:21|mediadive.medium:58
NCBITaxon:35786	1	mediadive.medium:678
NCBITaxon:35787	3	mediadive.medium:11|mediadive.medium:1203a|mediadive.medium:638
NCBITaxon:357999	1	mediadive.medium:311c
NCBITaxon:35804	1	mediadive.medium:351
NCBITaxon:35805	1	mediadive.medium:28
NCBITaxon:35806	1	mediadive.medium:27
NCBITaxon:35809	4	mediadive.medium:1|mediadive.medium:428|mediadive.medium:457|mediadive.medium:830
NCBITaxon:358099	2	mediadive.medium:92|mediadive.medium:J475
NCBITaxon:35811	2	mediadive.medium:767|mediadive.medium:J346
NCBITaxon:35813	1	mediadive.medium:767
NCBITaxon:35816	2	mediadive.medium:293|mediadive.medium:318c
NCBITaxon:35817	1	mediadive.medium:1279
NCBITaxon:35825	1	mediadive.medium:315
NCBITaxon:35827	2	mediadive.medium:1193|mediadive.medium:1793
NCBITaxon:35833	4	mediadive.medium:1203|mediadive.medium:339a|mediadive.medium:503|mediadive.medium:693
NCBITaxon:35835	2	mediadive.medium:81|mediadive.medium:J154
NCBITaxon:35841	4	mediadive.medium:1|mediadive.medium:220|mediadive.medium:255|mediadive.medium:381
NCBITaxon:358742	3	mediadive.medium:110|mediadive.medium:1203a|mediadive.medium:693
NCBITaxon:358743	3	mediadive.medium:110|mediadive.medium:1203a|mediadive.medium:693
NCBITaxon:358766	1	mediadive.medium:1280
NCBITaxon:359	3	mediadive.medium:1|mediadive.medium:98|mediadive.medium:J74
NCBITaxon:359110	3	mediadive.medium:1|mediadive.medium:1a|mediadive.medium:535
NCBITaxon:359158	5	mediadive.medium:553|mediadive.medium:554|mediadive.medium:65|mediadive.medium:J104|mediadive.medium:J58
NCBITaxon:359159	6	mediadive.medium:252|mediadive.medium:535|mediadive.medium:553|mediadive.medium:65|mediadive.medium:J43|mediadive.medium:J51
NCBITaxon:359209	2	mediadive.medium:514|mediadive.medium:J118
NCBITaxon:359303	2	mediadive.medium:381|mediadive.medium:514
NCBITaxon:359408	1	mediadive.medium:465
NCBITaxon:359917	2	mediadive.medium:1|mediadive.medium:J475
NCBITaxon:360054	3	mediadive.medium:1124|mediadive.medium:1135|mediadive.medium:830
NCBITaxon:360086	2	mediadive.medium:65|mediadive.medium:J43
NCBITaxon:360184	2	mediadive.medium:514|mediadive.medium:J118
NCBITaxon:360241	1	mediadive.medium:830c
NCBITaxon:360296	1	mediadive.medium:63
NCBITaxon:360411	2	mediadive.medium:1004|mediadive.medium:J434
NCBITaxon:360422	1	mediadive.medium:339a
NCBITaxon:360807	1	mediadive.medium:1611
NCBITaxon:361	6	mediadive.medium:1|mediadive.medium:220|mediadive.medium:54|mediadive.medium:680|mediadive.medium:92|mediadive.medium:J74
NCBITaxon:361041	1	mediadive.medium:830
NCBITaxon:361101	2	mediadive.medium:693|mediadive.medium:92
NCBITaxon:361111	2	mediadive.medium:1074|mediadive.medium:J521
NCBITaxon:361277	2	mediadive.medium:514|mediadive.medium:J118
NCBITaxon:361279	2	mediadive.medium:514|mediadive.medium:J118
NCBITaxon:361280	2	mediadive.medium:220|mediadive.medium:J75
NCBITaxon:361365	2	mediadive.medium:1223|mediadive.medium:J543
NCBITaxon:361500	1	mediadive.medium:104
NCBITaxon:361575	3	mediadive.medium:92|mediadive.medium:J26|mediadive.medium:J475
NCBITaxon:361576	1	mediadive.medium:514
NCBITaxon:361581	1	mediadive.medium:514
NCBITaxon:361876	1	mediadive.medium:830
NCBITaxon:362	7	mediadive.medium:1|mediadive.medium:220|mediadive.medium:461|mediadive.medium:465d|mediadive.medium:693|mediadive.medium:98|mediadive.medium:J74
NCBITaxon:362257	5	mediadive.medium:252|mediadive.medium:65|mediadive.medium:84|mediadive.medium:J43|mediadive.medium:J58
NCBITaxon:362413	1	mediadive.medium:830
NCBITaxon:362418	1	mediadive.medium:830
NCBITaxon:362649	2	mediadive.medium:92|mediadive.medium:J28
NCBITaxon:362781	3	mediadive.medium:514|mediadive.medium:J118|mediadive.medium:J30
NCBITaxon:362787	1	mediadive.medium:1500
NCBITaxon:362837	1	mediadive.medium:1076b
NCBITaxon:362976	2	mediadive.medium:1091|mediadive.medium:J457
NCBITaxon:363260	2	mediadive.medium:1|mediadive.medium:J27
NCBITaxon:363331	3	mediadive.medium:535|mediadive.medium:545|mediadive.medium:830
NCBITaxon:363630	2	mediadive.medium:65|mediadive.medium:J26
NCBITaxon:363631	2	mediadive.medium:545|mediadive.medium:J75
NCBITaxon:363835	1	mediadive.medium:830
NCBITaxon:363837	1	mediadive.medium:830
NCBITaxon:363839	1	mediadive.medium:830
NCBITaxon:363840	1	mediadive.medium:830c
NCBITaxon:363841	1	mediadive.medium:1
NCBITaxon:363843	1	mediadive.medium:830
NCBITaxon:363844	1	mediadive.medium:830
NCBITaxon:363846	1	mediadive.medium:830
NCBITaxon:363847	1	mediadive.medium:830
NCBITaxon:363848	1	mediadive.medium:830
NCBITaxon:363854	1	mediadive.medium:830
NCBITaxon:363860	1	mediadive.medium:830
NCBITaxon:363861	3	mediadive.medium:65|mediadive.medium:830|mediadive.medium:J346
NCBITaxon:363862	2	mediadive.medium:65|mediadive.medium:830
NCBITaxon:363863	2	mediadive.medium:776|mediadive.medium:J26
NCBITaxon:363864	2	mediadive.medium:65|mediadive.medium:830
NCBITaxon:363865	3	mediadive.medium:65|mediadive.medium:92|mediadive.medium:J346
NCBITaxon:363866	3	mediadive.medium:252|mediadive.medium:65|mediadive.medium:84
NCBITaxon:363867	4	mediadive.medium:535|mediadive.medium:830|mediadive.medium:92|mediadive.medium:J26
NCBITaxon:363868	4	mediadive.medium:553|mediadive.medium:830|mediadive.medium:92|mediadive.medium:J26
NCBITaxon:363869	1	mediadive.medium:830
NCBITaxon:363870	1	mediadive.medium:830
NCBITaxon:363885	1	mediadive.medium:830c
NCBITaxon:363888	1	mediadive.medium:830
NCBITaxon:364030	3	mediadive.medium:1037|mediadive.medium:493|mediadive.medium:830
NCBITaxon:364032	2	mediadive.medium:1121|mediadive.medium:J508
NCBITaxon:364098	2	mediadive.medium:220|mediadive.medium:381
NCBITaxon:364197	2	mediadive.medium:514c|mediadive.medium:J27
NCBITaxon:364198	1	mediadive.medium:514
NCBITaxon:364199	1	mediadive.medium:514
NCBITaxon:364200	1	mediadive.medium:514
NCBITaxon:364298	2	mediadive.medium:693|mediadive.medium:92
NCBITaxon:364317	1	mediadive.medium:830
NCBITaxon:364410	1	mediadive.medium:1186
NCBITaxon:365049	1	mediadive.medium:514
NCBITaxon:365341	2	mediadive.medium:1|mediadive.medium:457
NCBITaxon:365343	1	mediadive.medium:830
NCBITaxon:365528	1	mediadive.medium:1536
NCBITaxon:365616	1	mediadive.medium:220
NCBITaxon:365617	1	mediadive.medium:220
NCBITaxon:366533	2	mediadive.medium:514|mediadive.medium:J118
NCBITaxon:366582	2	mediadive.medium:514|mediadive.medium:J118
NCBITaxon:366584	3	mediadive.medium:535|mediadive.medium:65|mediadive.medium:J43
NCBITaxon:366888	2	mediadive.medium:92|mediadive.medium:J475
NCBITaxon:367190	1	mediadive.medium:429
NCBITaxon:367279	4	mediadive.medium:553|mediadive.medium:65|mediadive.medium:J104|mediadive.medium:J57
NCBITaxon:367280	1	mediadive.medium:65
NCBITaxon:367281	2	mediadive.medium:553|mediadive.medium:65
NCBITaxon:367282	3	mediadive.medium:1484|mediadive.medium:65|mediadive.medium:830
NCBITaxon:36738	1	mediadive.medium:372
NCBITaxon:36740	1	mediadive.medium:92
NCBITaxon:36745	2	mediadive.medium:104b|mediadive.medium:110
NCBITaxon:367456	3	mediadive.medium:212a|mediadive.medium:843|mediadive.medium:J537
NCBITaxon:36746	5	mediadive.medium:1|mediadive.medium:220|mediadive.medium:535|mediadive.medium:54|mediadive.medium:907
NCBITaxon:36773	10	mediadive.medium:1|mediadive.medium:1a|mediadive.medium:457|mediadive.medium:462|mediadive.medium:465|mediadive.medium:535|mediadive.medium:54|mediadive.medium:830|mediadive.medium:92|mediadive.medium:J443
NCBITaxon:367742	1	mediadive.medium:220
NCBITaxon:367743	1	mediadive.medium:220
NCBITaxon:367791	1	mediadive.medium:514
NCBITaxon:367825	1	mediadive.medium:1a
NCBITaxon:367928	3	mediadive.medium:58|mediadive.medium:J13|mediadive.medium:J19
NCBITaxon:368002	4	mediadive.medium:1|mediadive.medium:1a|mediadive.medium:693|mediadive.medium:92
NCBITaxon:36805	2	mediadive.medium:92|mediadive.medium:J26
NCBITaxon:36806	2	mediadive.medium:92|mediadive.medium:J26
NCBITaxon:36807	2	mediadive.medium:53|mediadive.medium:J26
NCBITaxon:36809	3	mediadive.medium:251|mediadive.medium:354|mediadive.medium:645
NCBITaxon:36811	2	mediadive.medium:645|mediadive.medium:J386
NCBITaxon:36813	4	mediadive.medium:354|mediadive.medium:645|mediadive.medium:J26|mediadive.medium:J386
NCBITaxon:36814	3	mediadive.medium:354|mediadive.medium:645|mediadive.medium:J386
NCBITaxon:36816	3	mediadive.medium:65|mediadive.medium:84|mediadive.medium:J50
NCBITaxon:36817	2	mediadive.medium:65|mediadive.medium:J66
NCBITaxon:36818	3	mediadive.medium:65|mediadive.medium:84|mediadive.medium:J42
NCBITaxon:36821	1	mediadive.medium:426
NCBITaxon:36822	8	mediadive.medium:214|mediadive.medium:215b|mediadive.medium:354|mediadive.medium:426|mediadive.medium:535|mediadive.medium:553|mediadive.medium:65|mediadive.medium:J57
NCBITaxon:36823	6	mediadive.medium:214|mediadive.medium:354|mediadive.medium:426|mediadive.medium:535|mediadive.medium:65|mediadive.medium:J43
NCBITaxon:36832	2	mediadive.medium:489|mediadive.medium:J742
NCBITaxon:36839	3	mediadive.medium:104b|mediadive.medium:104c|mediadive.medium:411
NCBITaxon:36841	3	mediadive.medium:104b|mediadive.medium:110|mediadive.medium:J14
NCBITaxon:36845	1	mediadive.medium:339
NCBITaxon:368477	1	mediadive.medium:645
NCBITaxon:36849	1	mediadive.medium:336
NCBITaxon:36850	1	mediadive.medium:500
NCBITaxon:36856	1	mediadive.medium:98
NCBITaxon:368603	2	mediadive.medium:535|mediadive.medium:J27
NCBITaxon:368607	1	mediadive.medium:1
NCBITaxon:36861	1	mediadive.medium:113
NCBITaxon:36873	4	mediadive.medium:220|mediadive.medium:457|mediadive.medium:535|mediadive.medium:545
NCBITaxon:36878	4	mediadive.medium:67|mediadive.medium:729|mediadive.medium:830|mediadive.medium:9
NCBITaxon:368811	1	mediadive.medium:514a
NCBITaxon:368831	1	mediadive.medium:514
NCBITaxon:368835	1	mediadive.medium:514
NCBITaxon:368977	1	mediadive.medium:372
NCBITaxon:369399	1	mediadive.medium:220
NCBITaxon:369401	1	mediadive.medium:514
NCBITaxon:369723	3	mediadive.medium:1009|mediadive.medium:514|mediadive.medium:J720
NCBITaxon:369798	1	mediadive.medium:921
NCBITaxon:369935	2	mediadive.medium:92|mediadive.medium:J26
NCBITaxon:369936	2	mediadive.medium:736|mediadive.medium:J26
NCBITaxon:369940	2	mediadive.medium:92|mediadive.medium:J26
NCBITaxon:369942	2	mediadive.medium:92|mediadive.medium:J26
NCBITaxon:370038	2	mediadive.medium:1040|mediadive.medium:J551
NCBITaxon:370111	2	mediadive.medium:535|mediadive.medium:545
NCBITaxon:370622	1	mediadive.medium:693
NCBITaxon:370736	2	mediadive.medium:53|mediadive.medium:J76
NCBITaxon:370764	2	mediadive.medium:830|mediadive.medium:J346
NCBITaxon:370766	1	mediadive.medium:830
NCBITaxon:370767	1	mediadive.medium:830
NCBITaxon:370769	2	mediadive.medium:514|mediadive.medium:830
NCBITaxon:370777	1	mediadive.medium:830
NCBITaxon:370959	1	mediadive.medium:1
NCBITaxon:370976	1	mediadive.medium:830
NCBITaxon:370979	1	mediadive.medium:830
NCBITaxon:370980	2	mediadive.medium:545|mediadive.medium:830
NCBITaxon:371042	2	mediadive.medium:1|mediadive.medium:1a
NCBITaxon:371601	9	mediadive.medium:1203|mediadive.medium:1203a|mediadive.medium:1611|mediadive.medium:215|mediadive.medium:339|mediadive.medium:693|mediadive.medium:78|mediadive.medium:J14|mediadive.medium:J461
NCBITaxon:371602	3	mediadive.medium:693|mediadive.medium:J156|mediadive.medium:J28
NCBITaxon:371674	1	mediadive.medium:693
NCBITaxon:371720	4	mediadive.medium:252|mediadive.medium:65|mediadive.medium:84|mediadive.medium:J66
NCBITaxon:371722	3	mediadive.medium:252|mediadive.medium:65|mediadive.medium:84
NCBITaxon:372072	1	mediadive.medium:514
NCBITaxon:372463	1	mediadive.medium:514
NCBITaxon:372484	3	mediadive.medium:92|mediadive.medium:J118|mediadive.medium:J569
NCBITaxon:372655	5	mediadive.medium:1065|mediadive.medium:1260|mediadive.medium:514|mediadive.medium:535|mediadive.medium:65
NCBITaxon:373	2	mediadive.medium:1|mediadive.medium:J74
NCBITaxon:373040	2	mediadive.medium:830|mediadive.medium:J346
NCBITaxon:373043	2	mediadive.medium:830|mediadive.medium:J346
NCBITaxon:373074	1	mediadive.medium:212
NCBITaxon:37326	4	mediadive.medium:426|mediadive.medium:65|mediadive.medium:693|mediadive.medium:92
NCBITaxon:37328	4	mediadive.medium:426|mediadive.medium:535|mediadive.medium:553|mediadive.medium:65
NCBITaxon:37329	8	mediadive.medium:219|mediadive.medium:426|mediadive.medium:535|mediadive.medium:553|mediadive.medium:645|mediadive.medium:65|mediadive.medium:82|mediadive.medium:J43
NCBITaxon:37330	7	mediadive.medium:214|mediadive.medium:215a|mediadive.medium:215b|mediadive.medium:535|mediadive.medium:553|mediadive.medium:65|mediadive.medium:J43
NCBITaxon:37331	6	mediadive.medium:214|mediadive.medium:426|mediadive.medium:535|mediadive.medium:80|mediadive.medium:81|mediadive.medium:J57
NCBITaxon:37333	3	mediadive.medium:426|mediadive.medium:65|mediadive.medium:J43
NCBITaxon:373386	2	mediadive.medium:1184|mediadive.medium:J168
NCBITaxon:373540	1	mediadive.medium:403
NCBITaxon:373543	1	mediadive.medium:403
NCBITaxon:373668	1	mediadive.medium:545
NCBITaxon:373671	1	mediadive.medium:545
NCBITaxon:373672	1	mediadive.medium:545
NCBITaxon:373675	2	mediadive.medium:514|mediadive.medium:J118
NCBITaxon:373891	2	mediadive.medium:514|mediadive.medium:J118
NCBITaxon:374424	1	mediadive.medium:1
NCBITaxon:374426	1	mediadive.medium:1
NCBITaxon:374432	2	mediadive.medium:1|mediadive.medium:830
NCBITaxon:374513	4	mediadive.medium:514|mediadive.medium:553|mediadive.medium:J118|mediadive.medium:J569
NCBITaxon:374514	3	mediadive.medium:514|mediadive.medium:830|mediadive.medium:J118
NCBITaxon:374515	2	mediadive.medium:514|mediadive.medium:J118
NCBITaxon:37482	12	mediadive.medium:214|mediadive.medium:215|mediadive.medium:248|mediadive.medium:514|mediadive.medium:554|mediadive.medium:65|mediadive.medium:658|mediadive.medium:83|mediadive.medium:84|mediadive.medium:987|mediadive.medium:J48|mediadive.medium:J49
NCBITaxon:37483	4	mediadive.medium:252|mediadive.medium:65|mediadive.medium:84|mediadive.medium:J52
NCBITaxon:374838	1	mediadive.medium:514
NCBITaxon:37484	5	mediadive.medium:554|mediadive.medium:65|mediadive.medium:83|mediadive.medium:84|mediadive.medium:J44
NCBITaxon:374858	1	mediadive.medium:830
NCBITaxon:37487	1	mediadive.medium:28
NCBITaxon:375	5	mediadive.medium:1|mediadive.medium:81|mediadive.medium:830|mediadive.medium:98|mediadive.medium:J254
NCBITaxon:375175	2	mediadive.medium:1047|mediadive.medium:231
NCBITaxon:375451	3	mediadive.medium:514|mediadive.medium:695|mediadive.medium:J118
NCBITaxon:375489	2	mediadive.medium:220|mediadive.medium:545
NCBITaxon:375541	4	mediadive.medium:514|mediadive.medium:830|mediadive.medium:J26|mediadive.medium:J28
NCBITaxon:375542	2	mediadive.medium:830|mediadive.medium:J26
NCBITaxon:375549	1	mediadive.medium:1070
NCBITaxon:375757	2	mediadive.medium:65|mediadive.medium:84
NCBITaxon:375760	1	mediadive.medium:514
NCBITaxon:375929	1	mediadive.medium:1095
NCBITaxon:376	5	mediadive.medium:1070|mediadive.medium:1578|mediadive.medium:1666|mediadive.medium:830|mediadive.medium:98
NCBITaxon:376165	2	mediadive.medium:133|mediadive.medium:830
NCBITaxon:376171	2	mediadive.medium:1130|mediadive.medium:1797
NCBITaxon:376175	2	mediadive.medium:1|mediadive.medium:693
NCBITaxon:37624	1	mediadive.medium:195a
NCBITaxon:37625	1	mediadive.medium:195a
NCBITaxon:37626	1	mediadive.medium:195a
NCBITaxon:37632	12	mediadive.medium:1342|mediadive.medium:215|mediadive.medium:250|mediadive.medium:514|mediadive.medium:535|mediadive.medium:553|mediadive.medium:554|mediadive.medium:56|mediadive.medium:645|mediadive.medium:65|mediadive.medium:987|mediadive.medium:J57
NCBITaxon:37633	2	mediadive.medium:65|mediadive.medium:J43
NCBITaxon:37635	1	mediadive.medium:514a
NCBITaxon:37636	2	mediadive.medium:592|mediadive.medium:86
NCBITaxon:37637	3	mediadive.medium:215b|mediadive.medium:420|mediadive.medium:426
NCBITaxon:37640	1	mediadive.medium:92
NCBITaxon:376415	1	mediadive.medium:1184
NCBITaxon:376427	1	mediadive.medium:514
NCBITaxon:376490	1	mediadive.medium:163
NCBITaxon:37658	1	mediadive.medium:520
NCBITaxon:376727	2	mediadive.medium:585|mediadive.medium:J119
NCBITaxon:376736	1	mediadive.medium:1
NCBITaxon:376804	2	mediadive.medium:429|mediadive.medium:J14
NCBITaxon:376815	1	mediadive.medium:830
NCBITaxon:37734	3	mediadive.medium:1096|mediadive.medium:693|mediadive.medium:92
NCBITaxon:37752	1	mediadive.medium:830
NCBITaxon:377616	1	mediadive.medium:830
NCBITaxon:378211	4	mediadive.medium:133|mediadive.medium:1341|mediadive.medium:J74|mediadive.medium:J75
NCBITaxon:378404	2	mediadive.medium:1052|mediadive.medium:830c
NCBITaxon:378543	2	mediadive.medium:830|mediadive.medium:J346
NCBITaxon:378753	2	mediadive.medium:1|mediadive.medium:J22
NCBITaxon:379	6	mediadive.medium:1|mediadive.medium:830|mediadive.medium:98|mediadive.medium:J254|mediadive.medium:J346|mediadive.medium:J443
NCBITaxon:379066	3	mediadive.medium:830|mediadive.medium:J211|mediadive.medium:J346
NCBITaxon:379075	1	mediadive.medium:514
NCBITaxon:379097	3	mediadive.medium:514|mediadive.medium:514c|mediadive.medium:514f
NCBITaxon:37915	7	mediadive.medium:215|mediadive.medium:426|mediadive.medium:535|mediadive.medium:553|mediadive.medium:65|mediadive.medium:92|mediadive.medium:J26
NCBITaxon:37919	10	mediadive.medium:215|mediadive.medium:215b|mediadive.medium:220|mediadive.medium:250|mediadive.medium:426|mediadive.medium:457|mediadive.medium:535|mediadive.medium:65|mediadive.medium:84|mediadive.medium:J57
NCBITaxon:37921	4	mediadive.medium:53|mediadive.medium:65|mediadive.medium:714|mediadive.medium:J22
NCBITaxon:37922	2	mediadive.medium:514|mediadive.medium:J329
NCBITaxon:37923	5	mediadive.medium:830|mediadive.medium:92|mediadive.medium:J22|mediadive.medium:J26|mediadive.medium:J475
NCBITaxon:37926	4	mediadive.medium:550|mediadive.medium:65|mediadive.medium:J48|mediadive.medium:J49
NCBITaxon:37927	2	mediadive.medium:53|mediadive.medium:J22
NCBITaxon:37928	2	mediadive.medium:53|mediadive.medium:J22
NCBITaxon:37929	2	mediadive.medium:53|mediadive.medium:J22
NCBITaxon:37930	3	mediadive.medium:53|mediadive.medium:J22|mediadive.medium:J26
NCBITaxon:37931	2	mediadive.medium:53|mediadive.medium:J475
NCBITaxon:379347	1	mediadive.medium:514
NCBITaxon:379684	1	mediadive.medium:381
NCBITaxon:379893	1	mediadive.medium:1
NCBITaxon:379895	1	mediadive.medium:535
NCBITaxon:38	1	mediadive.medium:9
NCBITaxon:380	2	mediadive.medium:98|mediadive.medium:J254
NCBITaxon:380021	6	mediadive.medium:1|mediadive.medium:1a|mediadive.medium:381|mediadive.medium:535|mediadive.medium:545|mediadive.medium:907
NCBITaxon:38023	1	mediadive.medium:141c
NCBITaxon:38024	1	mediadive.medium:490
NCBITaxon:380244	4	mediadive.medium:535|mediadive.medium:553|mediadive.medium:65|mediadive.medium:J51
NCBITaxon:380248	2	mediadive.medium:65|mediadive.medium:J50
NCBITaxon:38025	1	mediadive.medium:490
NCBITaxon:38026	1	mediadive.medium:141c
NCBITaxon:38027	1	mediadive.medium:141c
NCBITaxon:380628	1	mediadive.medium:830
NCBITaxon:380629	1	mediadive.medium:830
NCBITaxon:380630	2	mediadive.medium:1|mediadive.medium:220
NCBITaxon:380674	1	mediadive.medium:429
NCBITaxon:380675	2	mediadive.medium:830|mediadive.medium:J346
NCBITaxon:380685	2	mediadive.medium:377a|mediadive.medium:J280
NCBITaxon:380703	4	mediadive.medium:693|mediadive.medium:92|mediadive.medium:J12|mediadive.medium:J22
NCBITaxon:38072	1	mediadive.medium:705
NCBITaxon:380763	1	mediadive.medium:1145
NCBITaxon:380911	2	mediadive.medium:830|mediadive.medium:830c
NCBITaxon:381	3	mediadive.medium:1|mediadive.medium:98|mediadive.medium:J254
NCBITaxon:381300	1	mediadive.medium:1058a
NCBITaxon:381306	2	mediadive.medium:1058|mediadive.medium:1058c
NCBITaxon:381308	1	mediadive.medium:1058
NCBITaxon:381431	1	mediadive.medium:830c
NCBITaxon:381634	3	mediadive.medium:514|mediadive.medium:J118|mediadive.medium:J41
NCBITaxon:381665	2	mediadive.medium:92|mediadive.medium:J475
NCBITaxon:381666	3	mediadive.medium:1|mediadive.medium:81|mediadive.medium:J27
NCBITaxon:381706	1	mediadive.medium:514
NCBITaxon:381741	1	mediadive.medium:11
NCBITaxon:381742	1	mediadive.medium:11
NCBITaxon:381751	1	mediadive.medium:1145
NCBITaxon:381802	2	mediadive.medium:1203|mediadive.medium:840
NCBITaxon:381830	2	mediadive.medium:372|mediadive.medium:J377
NCBITaxon:382	3	mediadive.medium:1|mediadive.medium:98|mediadive.medium:J254
NCBITaxon:382454	1	mediadive.medium:1354
NCBITaxon:382514	1	mediadive.medium:1126
NCBITaxon:382640	1	mediadive.medium:429
NCBITaxon:382641	3	mediadive.medium:215|mediadive.medium:412|mediadive.medium:J381
NCBITaxon:382777	1	mediadive.medium:1381
NCBITaxon:38282	1	mediadive.medium:31
NCBITaxon:38284	1	mediadive.medium:535a
NCBITaxon:38286	2	mediadive.medium:693|mediadive.medium:J26
NCBITaxon:38288	1	mediadive.medium:693
NCBITaxon:38289	2	mediadive.medium:693|mediadive.medium:92
NCBITaxon:38290	2	mediadive.medium:693|mediadive.medium:J256
NCBITaxon:38293	3	mediadive.medium:123|mediadive.medium:514|mediadive.medium:92
NCBITaxon:38294	2	mediadive.medium:215|mediadive.medium:514
NCBITaxon:38301	4	mediadive.medium:215b|mediadive.medium:535|mediadive.medium:693|mediadive.medium:92
NCBITaxon:38302	4	mediadive.medium:53|mediadive.medium:92|mediadive.medium:J26|mediadive.medium:J75
NCBITaxon:38303	1	mediadive.medium:693
NCBITaxon:38304	4	mediadive.medium:535|mediadive.medium:693|mediadive.medium:92|mediadive.medium:J302
NCBITaxon:38307	4	mediadive.medium:105|mediadive.medium:360|mediadive.medium:626|mediadive.medium:J598
NCBITaxon:38308	2	mediadive.medium:105|mediadive.medium:626
NCBITaxon:38310	5	mediadive.medium:215|mediadive.medium:220|mediadive.medium:426|mediadive.medium:535|mediadive.medium:65
NCBITaxon:38312	4	mediadive.medium:215b|mediadive.medium:426|mediadive.medium:535|mediadive.medium:65
NCBITaxon:38314	5	mediadive.medium:65|mediadive.medium:84|mediadive.medium:J42|mediadive.medium:J58|mediadive.medium:J66
NCBITaxon:383372	2	mediadive.medium:87a|mediadive.medium:J303
NCBITaxon:384	5	mediadive.medium:1|mediadive.medium:1848|mediadive.medium:830|mediadive.medium:98|mediadive.medium:J254
NCBITaxon:384602	2	mediadive.medium:92|mediadive.medium:J443
NCBITaxon:384613	3	mediadive.medium:693|mediadive.medium:92|mediadive.medium:J28
NCBITaxon:384616	2	mediadive.medium:390|mediadive.medium:J184
NCBITaxon:384765	2	mediadive.medium:514|mediadive.medium:J118
NCBITaxon:38501	4	mediadive.medium:535|mediadive.medium:553|mediadive.medium:65|mediadive.medium:J26
NCBITaxon:38502	5	mediadive.medium:535|mediadive.medium:553|mediadive.medium:596|mediadive.medium:65|mediadive.medium:J227
NCBITaxon:385492	1	mediadive.medium:514
NCBITaxon:385682	1	mediadive.medium:504
NCBITaxon:386056	1	mediadive.medium:830
NCBITaxon:386300	3	mediadive.medium:1140|mediadive.medium:830|mediadive.medium:J582
NCBITaxon:386301	3	mediadive.medium:736|mediadive.medium:J26|mediadive.medium:J582
NCBITaxon:386302	2	mediadive.medium:736|mediadive.medium:J26
NCBITaxon:386305	1	mediadive.medium:535
NCBITaxon:386414	2	mediadive.medium:110|mediadive.medium:J14
NCBITaxon:386456	1	mediadive.medium:141
NCBITaxon:386874	1	mediadive.medium:830
NCBITaxon:386891	1	mediadive.medium:92
NCBITaxon:386892	3	mediadive.medium:830|mediadive.medium:92|mediadive.medium:J26
NCBITaxon:386911	2	mediadive.medium:645|mediadive.medium:J386
NCBITaxon:386913	3	mediadive.medium:645|mediadive.medium:J386|mediadive.medium:J712
NCBITaxon:387090	3	mediadive.medium:104|mediadive.medium:693|mediadive.medium:J14
NCBITaxon:387094	1	mediadive.medium:830
NCBITaxon:387096	2	mediadive.medium:514|mediadive.medium:J118
NCBITaxon:387340	2	mediadive.medium:1460|mediadive.medium:J168
NCBITaxon:38746	1	mediadive.medium:1076b
NCBITaxon:387889	3	mediadive.medium:1159|mediadive.medium:1261|mediadive.medium:J275
NCBITaxon:387890	3	mediadive.medium:1159|mediadive.medium:1261|mediadive.medium:J275
NCBITaxon:38796	4	mediadive.medium:111|mediadive.medium:428|mediadive.medium:441|mediadive.medium:81
NCBITaxon:388077	3	mediadive.medium:1593|mediadive.medium:1673|mediadive.medium:1677
NCBITaxon:388085	1	mediadive.medium:1593
NCBITaxon:38815	1	mediadive.medium:148
NCBITaxon:388278	2	mediadive.medium:514|mediadive.medium:J118
NCBITaxon:388357	2	mediadive.medium:92|mediadive.medium:J475
NCBITaxon:388408	1	mediadive.medium:514
NCBITaxon:388413	1	mediadive.medium:514
NCBITaxon:388466	1	mediadive.medium:1124
NCBITaxon:388741	2	mediadive.medium:220|mediadive.medium:J75
NCBITaxon:388746	4	mediadive.medium:514|mediadive.medium:514c|mediadive.medium:514f|mediadive.medium:J118
NCBITaxon:38875	1	mediadive.medium:1
NCBITaxon:388950	1	mediadive.medium:381
NCBITaxon:389480	2	mediadive.medium:945|mediadive.medium:J494
NCBITaxon:39	1	mediadive.medium:9
NCBITaxon:390241	2	mediadive.medium:545|mediadive.medium:830
NCBITaxon:390242	2	mediadive.medium:545|mediadive.medium:830
NCBITaxon:390269	3	mediadive.medium:830|mediadive.medium:J26|mediadive.medium:J43
NCBITaxon:390270	2	mediadive.medium:514|mediadive.medium:J118
NCBITaxon:39029	3	mediadive.medium:104|mediadive.medium:58|mediadive.medium:J14
NCBITaxon:390333	4	mediadive.medium:11|mediadive.medium:11b|mediadive.medium:J13|mediadive.medium:J84
NCBITaxon:390640	2	mediadive.medium:514|mediadive.medium:J118
NCBITaxon:390807	1	mediadive.medium:514
NCBITaxon:390841	1	mediadive.medium:11
NCBITaxon:390842	1	mediadive.medium:11
NCBITaxon:390843	1	mediadive.medium:514
NCBITaxon:390879	4	mediadive.medium:1129|mediadive.medium:28|mediadive.medium:J560|mediadive.medium:J568
NCBITaxon:390883	3	mediadive.medium:1461|mediadive.medium:514|mediadive.medium:J975
NCBITaxon:390919	1	mediadive.medium:514
NCBITaxon:390989	4	mediadive.medium:535|mediadive.medium:553|mediadive.medium:J104|mediadive.medium:J52
NCBITaxon:391	7	mediadive.medium:1|mediadive.medium:1848|mediadive.medium:381|mediadive.medium:535|mediadive.medium:830|mediadive.medium:98|mediadive.medium:J74
NCBITaxon:391015	3	mediadive.medium:1241|mediadive.medium:514|mediadive.medium:993
NCBITaxon:391016	2	mediadive.medium:1241|mediadive.medium:514
NCBITaxon:391021	2	mediadive.medium:1241|mediadive.medium:993
NCBITaxon:39122	1	mediadive.medium:680
NCBITaxon:391287	1	mediadive.medium:830
NCBITaxon:391358	3	mediadive.medium:1|mediadive.medium:381|mediadive.medium:948
NCBITaxon:39152	3	mediadive.medium:141|mediadive.medium:288|mediadive.medium:J265
NCBITaxon:391592	2	mediadive.medium:792b|mediadive.medium:J440
NCBITaxon:391595	3	mediadive.medium:514|mediadive.medium:695|mediadive.medium:J118
NCBITaxon:391605	2	mediadive.medium:283|mediadive.medium:J205
NCBITaxon:391606	1	mediadive.medium:902
NCBITaxon:391616	1	mediadive.medium:514
NCBITaxon:391619	1	mediadive.medium:514
NCBITaxon:391623	1	mediadive.medium:760
NCBITaxon:391626	1	mediadive.medium:514
NCBITaxon:391736	3	mediadive.medium:535|mediadive.medium:65|mediadive.medium:J43
NCBITaxon:391904	3	mediadive.medium:58|mediadive.medium:J13|mediadive.medium:J19
NCBITaxon:391905	1	mediadive.medium:1007
NCBITaxon:391948	1	mediadive.medium:514
NCBITaxon:391953	1	mediadive.medium:1178
NCBITaxon:391967	3	mediadive.medium:1009|mediadive.medium:514|mediadive.medium:J720
NCBITaxon:392009	1	mediadive.medium:514
NCBITaxon:392010	2	mediadive.medium:13|mediadive.medium:J101
NCBITaxon:392011	2	mediadive.medium:13|mediadive.medium:J101
NCBITaxon:392015	2	mediadive.medium:13|mediadive.medium:J101
NCBITaxon:392018	1	mediadive.medium:342
NCBITaxon:392408	2	mediadive.medium:1484|mediadive.medium:J74
NCBITaxon:392414	4	mediadive.medium:1|mediadive.medium:1484|mediadive.medium:830|mediadive.medium:J74
NCBITaxon:392421	1	mediadive.medium:372
NCBITaxon:392484	1	mediadive.medium:1313
NCBITaxon:392500	1	mediadive.medium:514
NCBITaxon:392593	1	mediadive.medium:830
NCBITaxon:392597	1	mediadive.medium:830
NCBITaxon:392711	2	mediadive.medium:1132|mediadive.medium:J556
NCBITaxon:392823	2	mediadive.medium:372|mediadive.medium:J611
NCBITaxon:392838	2	mediadive.medium:104|mediadive.medium:78
NCBITaxon:392844	2	mediadive.medium:876|mediadive.medium:J397
NCBITaxon:393003	1	mediadive.medium:830
NCBITaxon:393030	2	mediadive.medium:1239|mediadive.medium:J760
NCBITaxon:393060	1	mediadive.medium:514
NCBITaxon:393090	1	mediadive.medium:514
NCBITaxon:393250	2	mediadive.medium:1235|mediadive.medium:220
NCBITaxon:393251	1	mediadive.medium:1235
NCBITaxon:393267	2	mediadive.medium:92|mediadive.medium:J26
NCBITaxon:393278	2	mediadive.medium:514|mediadive.medium:J118
NCBITaxon:393480	3	mediadive.medium:104|mediadive.medium:693|mediadive.medium:J14
NCBITaxon:393481	1	mediadive.medium:1218
NCBITaxon:393538	1	mediadive.medium:514
NCBITaxon:393607	2	mediadive.medium:92|mediadive.medium:J475
NCBITaxon:393657	2	mediadive.medium:514|mediadive.medium:J118
NCBITaxon:393662	1	mediadive.medium:1115
NCBITaxon:393663	2	mediadive.medium:514|mediadive.medium:J118
NCBITaxon:393664	1	mediadive.medium:1
NCBITaxon:393763	1	mediadive.medium:898a
NCBITaxon:393907	1	mediadive.medium:514
NCBITaxon:394090	3	mediadive.medium:9|mediadive.medium:942|mediadive.medium:J436
NCBITaxon:394091	4	mediadive.medium:67|mediadive.medium:9|mediadive.medium:942|mediadive.medium:J436
NCBITaxon:394092	3	mediadive.medium:67|mediadive.medium:9|mediadive.medium:J436
NCBITaxon:394093	4	mediadive.medium:67|mediadive.medium:9|mediadive.medium:942|mediadive.medium:J436
NCBITaxon:394094	3	mediadive.medium:9|mediadive.medium:942|mediadive.medium:J436
NCBITaxon:394095	3	mediadive.medium:9|mediadive.medium:942|mediadive.medium:J436
NCBITaxon:394096	3	mediadive.medium:9|mediadive.medium:942|mediadive.medium:J436
NCBITaxon:394097	4	mediadive.medium:67|mediadive.medium:9|mediadive.medium:942|mediadive.medium:J436
NCBITaxon:394193	2	mediadive.medium:65|mediadive.medium:J57
NCBITaxon:394230	1	mediadive.medium:92
NCBITaxon:394264	2	mediadive.medium:514|mediadive.medium:J118
NCBITaxon:394294	1	mediadive.medium:163
NCBITaxon:39441	2	mediadive.medium:119|mediadive.medium:J198
NCBITaxon:394506	1	mediadive.medium:514
NCBITaxon:394732	1	mediadive.medium:514
NCBITaxon:394733	2	mediadive.medium:514|mediadive.medium:J118
NCBITaxon:394751	1	mediadive.medium:514
NCBITaxon:39478	4	mediadive.medium:252|mediadive.medium:65|mediadive.medium:84|mediadive.medium:J42
NCBITaxon:39479	1	mediadive.medium:339a
NCBITaxon:39480	1	mediadive.medium:76
NCBITaxon:394805	1	mediadive.medium:1011
NCBITaxon:39481	2	mediadive.medium:104|mediadive.medium:J14
NCBITaxon:39482	4	mediadive.medium:104|mediadive.medium:110|mediadive.medium:1203a|mediadive.medium:J14
NCBITaxon:39485	1	mediadive.medium:1611
NCBITaxon:39486	2	mediadive.medium:693|mediadive.medium:78
NCBITaxon:39489	2	mediadive.medium:455|mediadive.medium:J14
NCBITaxon:39490	1	mediadive.medium:104
NCBITaxon:39493	1	mediadive.medium:110
NCBITaxon:394964	4	mediadive.medium:535a|mediadive.medium:693|mediadive.medium:J256|mediadive.medium:J26
NCBITaxon:394967	1	mediadive.medium:141
NCBITaxon:395598	2	mediadive.medium:465|mediadive.medium:535
NCBITaxon:395599	3	mediadive.medium:1|mediadive.medium:220|mediadive.medium:457
NCBITaxon:395600	1	mediadive.medium:535b
NCBITaxon:395631	1	mediadive.medium:1
NCBITaxon:395930	2	mediadive.medium:514|mediadive.medium:J118
NCBITaxon:39595	4	mediadive.medium:1484|mediadive.medium:464|mediadive.medium:776|mediadive.medium:92
NCBITaxon:396	2	mediadive.medium:98|mediadive.medium:J254
NCBITaxon:396013	1	mediadive.medium:514
NCBITaxon:396014	2	mediadive.medium:514|mediadive.medium:J118
NCBITaxon:396015	2	mediadive.medium:92|mediadive.medium:J475
NCBITaxon:396056	1	mediadive.medium:755
NCBITaxon:396268	2	mediadive.medium:638|mediadive.medium:J730
NCBITaxon:396322	2	mediadive.medium:193|mediadive.medium:J576
NCBITaxon:39645	3	mediadive.medium:830|mediadive.medium:98|mediadive.medium:J254
NCBITaxon:39651	1	mediadive.medium:807
NCBITaxon:39664	3	mediadive.medium:348|mediadive.medium:525|mediadive.medium:525a
NCBITaxon:39669	1	mediadive.medium:692
NCBITaxon:396716	2	mediadive.medium:11|mediadive.medium:J13
NCBITaxon:39687	5	mediadive.medium:354|mediadive.medium:461|mediadive.medium:645|mediadive.medium:J26|mediadive.medium:J386
NCBITaxon:39688	8	mediadive.medium:215b|mediadive.medium:219|mediadive.medium:250|mediadive.medium:354|mediadive.medium:645|mediadive.medium:65|mediadive.medium:J26|mediadive.medium:J386
NCBITaxon:39691	4	mediadive.medium:354|mediadive.medium:645|mediadive.medium:J26|mediadive.medium:J386
NCBITaxon:39692	7	mediadive.medium:214|mediadive.medium:215b|mediadive.medium:250|mediadive.medium:354|mediadive.medium:65|mediadive.medium:J26|mediadive.medium:J386
NCBITaxon:39693	4	mediadive.medium:219|mediadive.medium:645|mediadive.medium:J26|mediadive.medium:J386
NCBITaxon:39694	2	mediadive.medium:645|mediadive.medium:J386
NCBITaxon:39695	2	mediadive.medium:645|mediadive.medium:J26
NCBITaxon:397258	3	mediadive.medium:65|mediadive.medium:92|mediadive.medium:J43
NCBITaxon:397271	1	mediadive.medium:1058d
NCBITaxon:397278	4	mediadive.medium:535|mediadive.medium:830|mediadive.medium:J26|mediadive.medium:J43
NCBITaxon:397457	2	mediadive.medium:381|mediadive.medium:830
NCBITaxon:39765	2	mediadive.medium:1011|mediadive.medium:142
NCBITaxon:39777	1	mediadive.medium:136
NCBITaxon:39791	3	mediadive.medium:215|mediadive.medium:535|mediadive.medium:535a
NCBITaxon:397948	2	mediadive.medium:883|mediadive.medium:J236
NCBITaxon:398198	1	mediadive.medium:545
NCBITaxon:398235	2	mediadive.medium:92|mediadive.medium:J26
NCBITaxon:398257	1	mediadive.medium:535
NCBITaxon:39841	1	mediadive.medium:198
NCBITaxon:39846	2	mediadive.medium:65|mediadive.medium:J43
NCBITaxon:398514	3	mediadive.medium:58|mediadive.medium:J13|mediadive.medium:J19
NCBITaxon:398515	1	mediadive.medium:58
NCBITaxon:398518	4	mediadive.medium:220|mediadive.medium:693|mediadive.medium:92|mediadive.medium:J75
NCBITaxon:398525	2	mediadive.medium:98|mediadive.medium:J254
NCBITaxon:398554	2	mediadive.medium:535|mediadive.medium:J43
NCBITaxon:398555	1	mediadive.medium:11
NCBITaxon:398580	1	mediadive.medium:514
NCBITaxon:398694	2	mediadive.medium:645|mediadive.medium:J386
NCBITaxon:398743	1	mediadive.medium:514
NCBITaxon:398773	1	mediadive.medium:1171
NCBITaxon:398843	3	mediadive.medium:215|mediadive.medium:535|mediadive.medium:J26
NCBITaxon:399	2	mediadive.medium:98|mediadive.medium:J254
NCBITaxon:399370	2	mediadive.medium:11|mediadive.medium:231
NCBITaxon:399497	2	mediadive.medium:92|mediadive.medium:J28
NCBITaxon:39950	5	mediadive.medium:110|mediadive.medium:1203|mediadive.medium:693|mediadive.medium:797|mediadive.medium:J14
NCBITaxon:399549	2	mediadive.medium:88|mediadive.medium:J174
NCBITaxon:399550	2	mediadive.medium:377|mediadive.medium:J151
NCBITaxon:39956	5	mediadive.medium:1|mediadive.medium:7|mediadive.medium:830|mediadive.medium:J22|mediadive.medium:J79
NCBITaxon:39960	1	mediadive.medium:767
NCBITaxon:399736	2	mediadive.medium:92|mediadive.medium:J475
NCBITaxon:399969	2	mediadive.medium:1a|mediadive.medium:J12
NCBITaxon:40001	4	mediadive.medium:1484|mediadive.medium:514|mediadive.medium:830|mediadive.medium:92
NCBITaxon:400055	1	mediadive.medium:514
NCBITaxon:400153	3	mediadive.medium:381|mediadive.medium:545|mediadive.medium:J443
NCBITaxon:40041	2	mediadive.medium:693|mediadive.medium:92
NCBITaxon:400667	3	mediadive.medium:1|mediadive.medium:693|mediadive.medium:92
NCBITaxon:400768	2	mediadive.medium:92|mediadive.medium:J346
NCBITaxon:400769	1	mediadive.medium:830
NCBITaxon:400772	2	mediadive.medium:92|mediadive.medium:J475
NCBITaxon:400774	3	mediadive.medium:830|mediadive.medium:92|mediadive.medium:J346
NCBITaxon:400775	1	mediadive.medium:830
NCBITaxon:400777	1	mediadive.medium:220
NCBITaxon:400946	4	mediadive.medium:215|mediadive.medium:535|mediadive.medium:693|mediadive.medium:92
NCBITaxon:400948	1	mediadive.medium:830
NCBITaxon:401106	3	mediadive.medium:554|mediadive.medium:65|mediadive.medium:J43
NCBITaxon:401470	1	mediadive.medium:830c
NCBITaxon:401471	1	mediadive.medium:830c
NCBITaxon:401472	3	mediadive.medium:535a|mediadive.medium:693|mediadive.medium:J302
NCBITaxon:401976	2	mediadive.medium:65|mediadive.medium:J43
NCBITaxon:40214	3	mediadive.medium:220|mediadive.medium:535|mediadive.medium:92
NCBITaxon:40215	1	mediadive.medium:1
NCBITaxon:40216	2	mediadive.medium:693|mediadive.medium:92
NCBITaxon:402171	4	mediadive.medium:535|mediadive.medium:65|mediadive.medium:92|mediadive.medium:J43
NCBITaxon:40218	1	mediadive.medium:708
NCBITaxon:40223	3	mediadive.medium:1434|mediadive.medium:750|mediadive.medium:J127
NCBITaxon:402297	2	mediadive.medium:92|mediadive.medium:J26
NCBITaxon:402384	1	mediadive.medium:514d
NCBITaxon:402385	2	mediadive.medium:514|mediadive.medium:J118
NCBITaxon:402596	5	mediadive.medium:535|mediadive.medium:65|mediadive.medium:830|mediadive.medium:92|mediadive.medium:J43
NCBITaxon:402600	3	mediadive.medium:65|mediadive.medium:84|mediadive.medium:J43
NCBITaxon:402648	3	mediadive.medium:65|mediadive.medium:84|mediadive.medium:J66
NCBITaxon:40269	4	mediadive.medium:115|mediadive.medium:246|mediadive.medium:514|mediadive.medium:514f
NCBITaxon:402734	1	mediadive.medium:830
NCBITaxon:40318	5	mediadive.medium:252|mediadive.medium:65|mediadive.medium:J45|mediadive.medium:J58|mediadive.medium:J66
NCBITaxon:40324	8	mediadive.medium:1|mediadive.medium:220|mediadive.medium:535|mediadive.medium:693|mediadive.medium:92|mediadive.medium:994|mediadive.medium:J12|mediadive.medium:J22
NCBITaxon:40335	1	mediadive.medium:585
NCBITaxon:403638	3	mediadive.medium:535|mediadive.medium:65|mediadive.medium:J42
NCBITaxon:403833	1	mediadive.medium:718
NCBITaxon:403935	4	mediadive.medium:252|mediadive.medium:65|mediadive.medium:84|mediadive.medium:J66
NCBITaxon:40414	1	mediadive.medium:195c
NCBITaxon:404236	1	mediadive.medium:514
NCBITaxon:404366	2	mediadive.medium:92|mediadive.medium:J26
NCBITaxon:404385	5	mediadive.medium:535|mediadive.medium:553|mediadive.medium:65|mediadive.medium:84|mediadive.medium:J51
NCBITaxon:404403	2	mediadive.medium:1085|mediadive.medium:J489
NCBITaxon:404405	1	mediadive.medium:830
NCBITaxon:404433	1	mediadive.medium:1185
NCBITaxon:404875	1	mediadive.medium:1
NCBITaxon:404878	1	mediadive.medium:514
NCBITaxon:404881	1	mediadive.medium:948
NCBITaxon:404933	1	mediadive.medium:554
NCBITaxon:404937	1	mediadive.medium:1061
NCBITaxon:404941	2	mediadive.medium:219|mediadive.medium:645
NCBITaxon:405	1	mediadive.medium:1
NCBITaxon:405005	1	mediadive.medium:1333
NCBITaxon:40520	1	mediadive.medium:1611
NCBITaxon:405436	4	mediadive.medium:1|mediadive.medium:535|mediadive.medium:65|mediadive.medium:J51
NCBITaxon:405444	1	mediadive.medium:535
NCBITaxon:405446	1	mediadive.medium:535
NCBITaxon:40545	3	mediadive.medium:413|mediadive.medium:693|mediadive.medium:J677
NCBITaxon:40549	3	mediadive.medium:211|mediadive.medium:61|mediadive.medium:640
NCBITaxon:405551	5	mediadive.medium:1504|mediadive.medium:252|mediadive.medium:514|mediadive.medium:J275|mediadive.medium:J351
NCBITaxon:405555	3	mediadive.medium:1241|mediadive.medium:993|mediadive.medium:J115
NCBITaxon:405559	1	mediadive.medium:636
NCBITaxon:405564	3	mediadive.medium:1159|mediadive.medium:1504|mediadive.medium:J115
NCBITaxon:40561	4	mediadive.medium:1|mediadive.medium:545|mediadive.medium:830|mediadive.medium:J190
NCBITaxon:405671	1	mediadive.medium:1
NCBITaxon:40571	2	mediadive.medium:65|mediadive.medium:J58
NCBITaxon:40576	3	mediadive.medium:423|mediadive.medium:535|mediadive.medium:545
NCBITaxon:40577	2	mediadive.medium:220|mediadive.medium:423
NCBITaxon:405770	3	mediadive.medium:92|mediadive.medium:J26|mediadive.medium:J475
NCBITaxon:40578	4	mediadive.medium:220|mediadive.medium:220a|mediadive.medium:423|mediadive.medium:535b
NCBITaxon:405782	4	mediadive.medium:65|mediadive.medium:84|mediadive.medium:987|mediadive.medium:J800
NCBITaxon:405946	2	mediadive.medium:220|mediadive.medium:381
NCBITaxon:405948	3	mediadive.medium:65|mediadive.medium:J42|mediadive.medium:J50
NCBITaxon:406	3	mediadive.medium:1|mediadive.medium:569|mediadive.medium:J79
NCBITaxon:406020	1	mediadive.medium:1230
NCBITaxon:406100	1	mediadive.medium:1182
NCBITaxon:406341	2	mediadive.medium:535|mediadive.medium:545
NCBITaxon:406431	4	mediadive.medium:553|mediadive.medium:65|mediadive.medium:J51|mediadive.medium:J58
NCBITaxon:406548	1	mediadive.medium:621
NCBITaxon:406549	2	mediadive.medium:371|mediadive.medium:J306
NCBITaxon:406817	2	mediadive.medium:535|mediadive.medium:535b
NCBITaxon:407035	1	mediadive.medium:372
NCBITaxon:407036	1	mediadive.medium:514
NCBITaxon:407152	1	mediadive.medium:115
NCBITaxon:407974	4	mediadive.medium:252|mediadive.medium:65|mediadive.medium:84|mediadive.medium:J50
NCBITaxon:407998	2	mediadive.medium:1146|mediadive.medium:J567
NCBITaxon:408	6	mediadive.medium:1|mediadive.medium:1484|mediadive.medium:457|mediadive.medium:830|mediadive.medium:J22|mediadive.medium:J79
NCBITaxon:408015	4	mediadive.medium:252|mediadive.medium:65|mediadive.medium:84|mediadive.medium:J50
NCBITaxon:408066	2	mediadive.medium:65|mediadive.medium:J43
NCBITaxon:408067	1	mediadive.medium:65
NCBITaxon:408074	1	mediadive.medium:381
NCBITaxon:408174	1	mediadive.medium:545
NCBITaxon:40837	3	mediadive.medium:1|mediadive.medium:J139|mediadive.medium:J22
NCBITaxon:408577	1	mediadive.medium:506
NCBITaxon:408580	1	mediadive.medium:514
NCBITaxon:408657	1	mediadive.medium:1
NCBITaxon:409	6	mediadive.medium:1|mediadive.medium:1153|mediadive.medium:125|mediadive.medium:1629|mediadive.medium:242|mediadive.medium:830
NCBITaxon:409290	2	mediadive.medium:92|mediadive.medium:J475
NCBITaxon:409291	2	mediadive.medium:92|mediadive.medium:J475
NCBITaxon:409322	2	mediadive.medium:1245|mediadive.medium:1494
NCBITaxon:409323	2	mediadive.medium:1245|mediadive.medium:1494
NCBITaxon:40982	1	mediadive.medium:837
NCBITaxon:40983	1	mediadive.medium:826
NCBITaxon:40988	3	mediadive.medium:65|mediadive.medium:83|mediadive.medium:J49
NCBITaxon:40990	6	mediadive.medium:310|mediadive.medium:426|mediadive.medium:581|mediadive.medium:65|mediadive.medium:J103|mediadive.medium:J104
NCBITaxon:409997	1	mediadive.medium:220
NCBITaxon:41	2	mediadive.medium:67|mediadive.medium:9
NCBITaxon:410	4	mediadive.medium:1|mediadive.medium:125|mediadive.medium:J22|mediadive.medium:J79
NCBITaxon:410359	2	mediadive.medium:1090|mediadive.medium:J338
NCBITaxon:410764	1	mediadive.medium:1031a
NCBITaxon:410837	1	mediadive.medium:92
NCBITaxon:410839	1	mediadive.medium:830
NCBITaxon:410840	1	mediadive.medium:830
NCBITaxon:411235	4	mediadive.medium:65|mediadive.medium:84|mediadive.medium:987|mediadive.medium:J800
NCBITaxon:411316	1	mediadive.medium:104b
NCBITaxon:411318	1	mediadive.medium:104b
NCBITaxon:411459	1	mediadive.medium:104
NCBITaxon:411461	1	mediadive.medium:78
NCBITaxon:411462	3	mediadive.medium:104|mediadive.medium:J1130|mediadive.medium:J465
NCBITaxon:411463	2	mediadive.medium:104|mediadive.medium:78
NCBITaxon:411464	1	mediadive.medium:641
NCBITaxon:411465	4	mediadive.medium:104|mediadive.medium:1203a|mediadive.medium:693|mediadive.medium:J14
NCBITaxon:411467	3	mediadive.medium:1203a|mediadive.medium:693|mediadive.medium:J677
NCBITaxon:411468	3	mediadive.medium:110|mediadive.medium:339|mediadive.medium:J14
NCBITaxon:411469	2	mediadive.medium:104|mediadive.medium:110
NCBITaxon:411470	3	mediadive.medium:110|mediadive.medium:J14|mediadive.medium:J465
NCBITaxon:411471	1	mediadive.medium:339a
NCBITaxon:411472	5	mediadive.medium:110|mediadive.medium:1203a|mediadive.medium:693|mediadive.medium:J13|mediadive.medium:J14
NCBITaxon:411475	4	mediadive.medium:104|mediadive.medium:110|mediadive.medium:693|mediadive.medium:J677
NCBITaxon:411476	6	mediadive.medium:1203a|mediadive.medium:693|mediadive.medium:78|mediadive.medium:J13|mediadive.medium:J14|mediadive.medium:J84
NCBITaxon:411477	3	mediadive.medium:693|mediadive.medium:78|mediadive.medium:J14
NCBITaxon:411479	6	mediadive.medium:1203a|mediadive.medium:693|mediadive.medium:78|mediadive.medium:J13|mediadive.medium:J14|mediadive.medium:J84
NCBITaxon:411483	4	mediadive.medium:1611|mediadive.medium:693|mediadive.medium:78|mediadive.medium:J1130
NCBITaxon:411490	4	mediadive.medium:104|mediadive.medium:1669|mediadive.medium:J1130|mediadive.medium:J14
NCBITaxon:411567	4	mediadive.medium:104|mediadive.medium:693|mediadive.medium:J14|mediadive.medium:J676
NCBITaxon:411570	4	mediadive.medium:104|mediadive.medium:693|mediadive.medium:J14|mediadive.medium:J676
NCBITaxon:411577	4	mediadive.medium:104|mediadive.medium:693|mediadive.medium:J14|mediadive.medium:J676
NCBITaxon:411901	4	mediadive.medium:1203a|mediadive.medium:693|mediadive.medium:78|mediadive.medium:J14
NCBITaxon:411902	2	mediadive.medium:104b|mediadive.medium:J14
NCBITaxon:411903	4	mediadive.medium:1203|mediadive.medium:1203a|mediadive.medium:78|mediadive.medium:J14
NCBITaxon:41200	1	mediadive.medium:58
NCBITaxon:412019	1	mediadive.medium:65
NCBITaxon:412020	1	mediadive.medium:65
NCBITaxon:412034	1	mediadive.medium:514
NCBITaxon:41211	3	mediadive.medium:194a|mediadive.medium:63|mediadive.medium:63a
NCBITaxon:412384	1	mediadive.medium:1
NCBITaxon:412417	6	mediadive.medium:514|mediadive.medium:535|mediadive.medium:553|mediadive.medium:65|mediadive.medium:J118|mediadive.medium:J799
NCBITaxon:412437	2	mediadive.medium:514|mediadive.medium:J118
NCBITaxon:412439	2	mediadive.medium:92|mediadive.medium:J475
NCBITaxon:412593	2	mediadive.medium:1092|mediadive.medium:J492
NCBITaxon:412689	3	mediadive.medium:736|mediadive.medium:830|mediadive.medium:J26
NCBITaxon:412690	2	mediadive.medium:92|mediadive.medium:J475
NCBITaxon:41274	2	mediadive.medium:104b|mediadive.medium:110
NCBITaxon:41276	5	mediadive.medium:1|mediadive.medium:381|mediadive.medium:617a|mediadive.medium:J12|mediadive.medium:J22
NCBITaxon:412861	1	mediadive.medium:220
NCBITaxon:412895	2	mediadive.medium:641|mediadive.medium:J545
NCBITaxon:41295	1	mediadive.medium:514
NCBITaxon:413194	1	mediadive.medium:514
NCBITaxon:413232	1	mediadive.medium:1289
NCBITaxon:413306	3	mediadive.medium:252|mediadive.medium:65|mediadive.medium:J104
NCBITaxon:413434	2	mediadive.medium:830|mediadive.medium:J346
NCBITaxon:413712	2	mediadive.medium:1|mediadive.medium:535
NCBITaxon:413713	2	mediadive.medium:514a|mediadive.medium:J118
NCBITaxon:413815	3	mediadive.medium:954|mediadive.medium:J168|mediadive.medium:J402
NCBITaxon:413964	2	mediadive.medium:514|mediadive.medium:J651
NCBITaxon:414048	2	mediadive.medium:1|mediadive.medium:545
NCBITaxon:414049	4	mediadive.medium:220|mediadive.medium:465|mediadive.medium:535|mediadive.medium:J75
NCBITaxon:414050	1	mediadive.medium:830
NCBITaxon:414286	2	mediadive.medium:1449|mediadive.medium:J377
NCBITaxon:414682	3	mediadive.medium:11|mediadive.medium:J13|mediadive.medium:J84
NCBITaxon:414771	1	mediadive.medium:1
NCBITaxon:414778	1	mediadive.medium:92
NCBITaxon:414996	4	mediadive.medium:1|mediadive.medium:1159|mediadive.medium:1240|mediadive.medium:J115
NCBITaxon:415010	5	mediadive.medium:214|mediadive.medium:535|mediadive.medium:65|mediadive.medium:J43|mediadive.medium:J44
NCBITaxon:415209	3	mediadive.medium:514|mediadive.medium:J118|mediadive.medium:J569
NCBITaxon:415210	2	mediadive.medium:92|mediadive.medium:J28
NCBITaxon:415214	3	mediadive.medium:514|mediadive.medium:J118|mediadive.medium:J569
NCBITaxon:415215	2	mediadive.medium:514|mediadive.medium:J118
NCBITaxon:415216	2	mediadive.medium:514|mediadive.medium:J26
NCBITaxon:415217	5	mediadive.medium:514|mediadive.medium:92|mediadive.medium:J118|mediadive.medium:J26|mediadive.medium:J28
NCBITaxon:415218	2	mediadive.medium:514|mediadive.medium:J118
NCBITaxon:415229	1	mediadive.medium:830
NCBITaxon:415425	1	mediadive.medium:830
NCBITaxon:415426	2	mediadive.medium:491|mediadive.medium:J206
NCBITaxon:415721	8	mediadive.medium:215|mediadive.medium:252|mediadive.medium:514|mediadive.medium:535|mediadive.medium:547|mediadive.medium:553|mediadive.medium:65|mediadive.medium:J58
NCBITaxon:415747	1	mediadive.medium:1058d
NCBITaxon:415851	1	mediadive.medium:1
NCBITaxon:415996	2	mediadive.medium:1|mediadive.medium:830
NCBITaxon:416012	1	mediadive.medium:220
NCBITaxon:416016	1	mediadive.medium:830
NCBITaxon:416017	4	mediadive.medium:535|mediadive.medium:65|mediadive.medium:830|mediadive.medium:J43
NCBITaxon:416169	1	mediadive.medium:830
NCBITaxon:416170	1	mediadive.medium:1
NCBITaxon:416273	2	mediadive.medium:1091|mediadive.medium:J574
NCBITaxon:416348	2	mediadive.medium:589|mediadive.medium:J170
NCBITaxon:416555	1	mediadive.medium:778a
NCBITaxon:416568	2	mediadive.medium:92|mediadive.medium:J26
NCBITaxon:416586	2	mediadive.medium:110|mediadive.medium:1203a
NCBITaxon:41673	4	mediadive.medium:150|mediadive.medium:358|mediadive.medium:358a|mediadive.medium:J176
NCBITaxon:416872	2	mediadive.medium:514|mediadive.medium:J118
NCBITaxon:416873	2	mediadive.medium:514|mediadive.medium:J118
NCBITaxon:416874	2	mediadive.medium:514|mediadive.medium:J118
NCBITaxon:416943	1	mediadive.medium:830
NCBITaxon:417102	2	mediadive.medium:535|mediadive.medium:J43
NCBITaxon:417203	4	mediadive.medium:1|mediadive.medium:535|mediadive.medium:585|mediadive.medium:585a
NCBITaxon:417367	2	mediadive.medium:514|mediadive.medium:J118
NCBITaxon:417368	1	mediadive.medium:92
NCBITaxon:417373	1	mediadive.medium:11
NCBITaxon:417745	2	mediadive.medium:98|mediadive.medium:J346
NCBITaxon:418	1	mediadive.medium:1007
NCBITaxon:418010	2	mediadive.medium:120b|mediadive.medium:J1110
NCBITaxon:418184	2	mediadive.medium:535|mediadive.medium:J118
NCBITaxon:418199	3	mediadive.medium:93|mediadive.medium:J20|mediadive.medium:J21
NCBITaxon:418240	2	mediadive.medium:104|mediadive.medium:1669
NCBITaxon:418495	3	mediadive.medium:554|mediadive.medium:65|mediadive.medium:J43
NCBITaxon:418643	2	mediadive.medium:830|mediadive.medium:J475
NCBITaxon:418646	1	mediadive.medium:830c
NCBITaxon:418647	1	mediadive.medium:830c
NCBITaxon:418699	1	mediadive.medium:535
NCBITaxon:418707	2	mediadive.medium:830|mediadive.medium:J346
NCBITaxon:418708	2	mediadive.medium:830|mediadive.medium:J346
NCBITaxon:418719	1	mediadive.medium:514
NCBITaxon:418750	2	mediadive.medium:514|mediadive.medium:514b
NCBITaxon:418759	2	mediadive.medium:514|mediadive.medium:J569
NCBITaxon:41899	3	mediadive.medium:1|mediadive.medium:220|mediadive.medium:J22
NCBITaxon:419007	2	mediadive.medium:1|mediadive.medium:J12
NCBITaxon:419208	2	mediadive.medium:136|mediadive.medium:693
NCBITaxon:419257	1	mediadive.medium:1
NCBITaxon:419474	5	mediadive.medium:1|mediadive.medium:220|mediadive.medium:535|mediadive.medium:693|mediadive.medium:92
NCBITaxon:419475	1	mediadive.medium:220
NCBITaxon:419476	3	mediadive.medium:514|mediadive.medium:830|mediadive.medium:92
NCBITaxon:419479	5	mediadive.medium:535|mediadive.medium:553|mediadive.medium:65|mediadive.medium:852|mediadive.medium:J528
NCBITaxon:419481	1	mediadive.medium:1040
NCBITaxon:419590	4	mediadive.medium:553|mediadive.medium:65|mediadive.medium:J43|mediadive.medium:J52
NCBITaxon:419597	1	mediadive.medium:514
NCBITaxon:41977	1	mediadive.medium:1
NCBITaxon:41978	5	mediadive.medium:104|mediadive.medium:110|mediadive.medium:1611|mediadive.medium:412|mediadive.medium:436
NCBITaxon:419825	6	mediadive.medium:535|mediadive.medium:553|mediadive.medium:65|mediadive.medium:83|mediadive.medium:84|mediadive.medium:J104
NCBITaxon:41985	2	mediadive.medium:92|mediadive.medium:J28
NCBITaxon:41986	4	mediadive.medium:1|mediadive.medium:53|mediadive.medium:J22|mediadive.medium:J26
NCBITaxon:41988	3	mediadive.medium:736|mediadive.medium:J27|mediadive.medium:J28
NCBITaxon:419940	1	mediadive.medium:514
NCBITaxon:420247	3	mediadive.medium:119|mediadive.medium:1523|mediadive.medium:J1039
NCBITaxon:420403	1	mediadive.medium:514
NCBITaxon:420404	3	mediadive.medium:1|mediadive.medium:545|mediadive.medium:92
NCBITaxon:42055	3	mediadive.medium:434|mediadive.medium:514b|mediadive.medium:J605
NCBITaxon:42056	1	mediadive.medium:722
NCBITaxon:420645	2	mediadive.medium:104|mediadive.medium:693
NCBITaxon:420888	1	mediadive.medium:402
NCBITaxon:42095	1	mediadive.medium:1076b
NCBITaxon:420952	1	mediadive.medium:830
NCBITaxon:420953	1	mediadive.medium:830
NCBITaxon:420955	1	mediadive.medium:1
NCBITaxon:420998	2	mediadive.medium:514|mediadive.medium:J118
NCBITaxon:420999	2	mediadive.medium:514|mediadive.medium:J118
NCBITaxon:421	1	mediadive.medium:1313
NCBITaxon:421052	1	mediadive.medium:830
NCBITaxon:421058	1	mediadive.medium:1
NCBITaxon:421072	1	mediadive.medium:381
NCBITaxon:421115	2	mediadive.medium:92|mediadive.medium:J475
NCBITaxon:421530	1	mediadive.medium:381
NCBITaxon:421531	1	mediadive.medium:545
NCBITaxon:421629	1	mediadive.medium:430
NCBITaxon:421767	1	mediadive.medium:220
NCBITaxon:421768	1	mediadive.medium:220
NCBITaxon:42190	3	mediadive.medium:1|mediadive.medium:693|mediadive.medium:92
NCBITaxon:42197	2	mediadive.medium:65|mediadive.medium:J58
NCBITaxon:42198	2	mediadive.medium:65|mediadive.medium:J43
NCBITaxon:422296	1	mediadive.medium:514
NCBITaxon:42233	4	mediadive.medium:553|mediadive.medium:65|mediadive.medium:84|mediadive.medium:J58
NCBITaxon:42234	4	mediadive.medium:252|mediadive.medium:65|mediadive.medium:84|mediadive.medium:J42
NCBITaxon:42235	2	mediadive.medium:65|mediadive.medium:84
NCBITaxon:42236	3	mediadive.medium:65|mediadive.medium:84|mediadive.medium:J42
NCBITaxon:42237	3	mediadive.medium:65|mediadive.medium:84|mediadive.medium:J42
NCBITaxon:42238	3	mediadive.medium:65|mediadive.medium:84|mediadive.medium:J42
NCBITaxon:42239	2	mediadive.medium:65|mediadive.medium:J66
NCBITaxon:422442	3	mediadive.medium:535|mediadive.medium:92|mediadive.medium:J26
NCBITaxon:42252	1	mediadive.medium:63
NCBITaxon:42322	1	mediadive.medium:1611
NCBITaxon:423350	1	mediadive.medium:1127
NCBITaxon:423541	1	mediadive.medium:383a
NCBITaxon:42419	1	mediadive.medium:701
NCBITaxon:42421	2	mediadive.medium:144|mediadive.medium:432
NCBITaxon:42444	2	mediadive.medium:514|mediadive.medium:J118
NCBITaxon:42448	1	mediadive.medium:685
NCBITaxon:424757	4	mediadive.medium:514|mediadive.medium:535|mediadive.medium:545|mediadive.medium:J75
NCBITaxon:424758	2	mediadive.medium:92|mediadive.medium:J475
NCBITaxon:424795	2	mediadive.medium:92|mediadive.medium:J475
NCBITaxon:424796	2	mediadive.medium:1|mediadive.medium:J22
NCBITaxon:424797	3	mediadive.medium:535|mediadive.medium:830|mediadive.medium:J26
NCBITaxon:424800	2	mediadive.medium:1|mediadive.medium:J22
NCBITaxon:425004	1	mediadive.medium:830
NCBITaxon:425005	1	mediadive.medium:830
NCBITaxon:425006	1	mediadive.medium:830
NCBITaxon:425306	2	mediadive.medium:1|mediadive.medium:98
NCBITaxon:425309	2	mediadive.medium:1411|mediadive.medium:J168
NCBITaxon:425504	2	mediadive.medium:535b|mediadive.medium:545
NCBITaxon:425511	1	mediadive.medium:830
NCBITaxon:425512	1	mediadive.medium:830
NCBITaxon:425513	1	mediadive.medium:830
NCBITaxon:425514	1	mediadive.medium:830
NCBITaxon:42566	1	mediadive.medium:624
NCBITaxon:425677	1	mediadive.medium:830
NCBITaxon:425941	3	mediadive.medium:104|mediadive.medium:693|mediadive.medium:J14
NCBITaxon:426114	1	mediadive.medium:35a
NCBITaxon:426355	4	mediadive.medium:1|mediadive.medium:830|mediadive.medium:J22|mediadive.medium:J79
NCBITaxon:426701	1	mediadive.medium:785
NCBITaxon:426702	1	mediadive.medium:785
NCBITaxon:426703	1	mediadive.medium:785
NCBITaxon:426704	1	mediadive.medium:785
NCBITaxon:426706	2	mediadive.medium:641|mediadive.medium:J616
NCBITaxon:426707	2	mediadive.medium:641|mediadive.medium:J616
NCBITaxon:426756	1	mediadive.medium:220
NCBITaxon:426757	1	mediadive.medium:220
NCBITaxon:42684	3	mediadive.medium:65|mediadive.medium:J42|mediadive.medium:J66
NCBITaxon:427	2	mediadive.medium:1007|mediadive.medium:830
NCBITaxon:427333	2	mediadive.medium:1|mediadive.medium:1a
NCBITaxon:427369	5	mediadive.medium:1241|mediadive.medium:514|mediadive.medium:65|mediadive.medium:993|mediadive.medium:J118
NCBITaxon:42777	6	mediadive.medium:215|mediadive.medium:535|mediadive.medium:645|mediadive.medium:80|mediadive.medium:J43|mediadive.medium:J57
NCBITaxon:427920	1	mediadive.medium:1105
NCBITaxon:428	1	mediadive.medium:921
NCBITaxon:42808	1	mediadive.medium:812
NCBITaxon:428125	1	mediadive.medium:104c
NCBITaxon:428126	4	mediadive.medium:104c|mediadive.medium:110a|mediadive.medium:J13|mediadive.medium:J14
NCBITaxon:428127	3	mediadive.medium:104|mediadive.medium:78|mediadive.medium:J14
NCBITaxon:428128	1	mediadive.medium:110
NCBITaxon:42838	1	mediadive.medium:716
NCBITaxon:42858	3	mediadive.medium:693|mediadive.medium:92|mediadive.medium:J12
NCBITaxon:42859	1	mediadive.medium:764
NCBITaxon:42879	1	mediadive.medium:141
NCBITaxon:42881	3	mediadive.medium:65|mediadive.medium:84|mediadive.medium:J42
NCBITaxon:42895	6	mediadive.medium:1|mediadive.medium:220|mediadive.medium:381|mediadive.medium:693|mediadive.medium:830|mediadive.medium:92
NCBITaxon:429014	2	mediadive.medium:163|mediadive.medium:514e
NCBITaxon:42906	3	mediadive.medium:220|mediadive.medium:535|mediadive.medium:545
NCBITaxon:429133	2	mediadive.medium:830|mediadive.medium:J26
NCBITaxon:429134	1	mediadive.medium:830
NCBITaxon:429344	1	mediadive.medium:514
NCBITaxon:43	1	mediadive.medium:9
NCBITaxon:430457	1	mediadive.medium:830
NCBITaxon:430522	1	mediadive.medium:830
NCBITaxon:43064	2	mediadive.medium:300|mediadive.medium:92
NCBITaxon:430685	3	mediadive.medium:550|mediadive.medium:83|mediadive.medium:84
NCBITaxon:431269	3	mediadive.medium:645|mediadive.medium:J26|mediadive.medium:J386
NCBITaxon:431273	1	mediadive.medium:11
NCBITaxon:43131	1	mediadive.medium:78
NCBITaxon:43143	1	mediadive.medium:683
NCBITaxon:431489	2	mediadive.medium:830|mediadive.medium:J346
NCBITaxon:431553	1	mediadive.medium:830
NCBITaxon:431677	2	mediadive.medium:789|mediadive.medium:98
NCBITaxon:431943	1	mediadive.medium:52
NCBITaxon:431947	3	mediadive.medium:110|mediadive.medium:693|mediadive.medium:J469
NCBITaxon:432308	1	mediadive.medium:830
NCBITaxon:43263	2	mediadive.medium:1|mediadive.medium:465
NCBITaxon:43304	7	mediadive.medium:219|mediadive.medium:250|mediadive.medium:354|mediadive.medium:645|mediadive.medium:65|mediadive.medium:J26|mediadive.medium:J28
NCBITaxon:433279	2	mediadive.medium:104b|mediadive.medium:J674
NCBITaxon:433286	3	mediadive.medium:339|mediadive.medium:J363|mediadive.medium:J617
NCBITaxon:433287	2	mediadive.medium:104c|mediadive.medium:J363
NCBITaxon:433293	3	mediadive.medium:104b|mediadive.medium:J363|mediadive.medium:J617
NCBITaxon:433296	2	mediadive.medium:104c|mediadive.medium:J363
NCBITaxon:433321	2	mediadive.medium:104|mediadive.medium:J674
NCBITaxon:433323	2	mediadive.medium:104b|mediadive.medium:J1023
NCBITaxon:433330	3	mediadive.medium:1308|mediadive.medium:J363|mediadive.medium:J617
NCBITaxon:433338	2	mediadive.medium:1281|mediadive.medium:J674
NCBITaxon:43348	2	mediadive.medium:645|mediadive.medium:J386
NCBITaxon:43354	2	mediadive.medium:65|mediadive.medium:J28
NCBITaxon:43355	3	mediadive.medium:65|mediadive.medium:J50|mediadive.medium:J61
NCBITaxon:433606	2	mediadive.medium:1|mediadive.medium:J443
NCBITaxon:433641	2	mediadive.medium:830|mediadive.medium:J346
NCBITaxon:433643	2	mediadive.medium:830|mediadive.medium:J346
NCBITaxon:433644	2	mediadive.medium:830|mediadive.medium:J346
NCBITaxon:433645	2	mediadive.medium:92|mediadive.medium:J26
NCBITaxon:433646	2	mediadive.medium:830|mediadive.medium:J346
NCBITaxon:433647	2	mediadive.medium:92|mediadive.medium:J28
NCBITaxon:433648	2	mediadive.medium:830|mediadive.medium:J346
NCBITaxon:433649	2	mediadive.medium:830|mediadive.medium:J346
NCBITaxon:433651	2	mediadive.medium:830|mediadive.medium:J346
NCBITaxon:433652	2	mediadive.medium:830|mediadive.medium:J346
NCBITaxon:433654	1	mediadive.medium:830
NCBITaxon:433657	2	mediadive.medium:830|mediadive.medium:J346
NCBITaxon:433659	1	mediadive.medium:830
NCBITaxon:433663	1	mediadive.medium:830
NCBITaxon:433664	2	mediadive.medium:830|mediadive.medium:J346
NCBITaxon:433924	1	mediadive.medium:535
NCBITaxon:434086	1	mediadive.medium:514c
NCBITaxon:434347	3	mediadive.medium:535|mediadive.medium:65|mediadive.medium:J43
NCBITaxon:434464	1	mediadive.medium:11
NCBITaxon:435	1	mediadive.medium:105
NCBITaxon:435590	6	mediadive.medium:1203a|mediadive.medium:693|mediadive.medium:78|mediadive.medium:J13|mediadive.medium:J14|mediadive.medium:J84
NCBITaxon:435591	6	mediadive.medium:110|mediadive.medium:1203a|mediadive.medium:693|mediadive.medium:J13|mediadive.medium:J14|mediadive.medium:J84
NCBITaxon:435880	1	mediadive.medium:514
NCBITaxon:435897	2	mediadive.medium:1|mediadive.medium:830
NCBITaxon:435906	1	mediadive.medium:514
NCBITaxon:435908	1	mediadive.medium:514
NCBITaxon:435910	4	mediadive.medium:1|mediadive.medium:215|mediadive.medium:535|mediadive.medium:693
NCBITaxon:435911	1	mediadive.medium:163
NCBITaxon:435914	3	mediadive.medium:65|mediadive.medium:J613|mediadive.medium:J689
NCBITaxon:435915	1	mediadive.medium:1164
NCBITaxon:43617	2	mediadive.medium:98|mediadive.medium:J254
NCBITaxon:436231	3	mediadive.medium:830|mediadive.medium:92|mediadive.medium:J26
NCBITaxon:436356	2	mediadive.medium:92|mediadive.medium:J26
NCBITaxon:436510	1	mediadive.medium:1202
NCBITaxon:436515	3	mediadive.medium:1|mediadive.medium:381|mediadive.medium:830
NCBITaxon:43654	1	mediadive.medium:514
NCBITaxon:43661	1	mediadive.medium:514
NCBITaxon:43662	4	mediadive.medium:243|mediadive.medium:246|mediadive.medium:514|mediadive.medium:627
NCBITaxon:43663	2	mediadive.medium:53|mediadive.medium:J22
NCBITaxon:43664	2	mediadive.medium:53|mediadive.medium:J22
NCBITaxon:43665	2	mediadive.medium:53|mediadive.medium:J26
NCBITaxon:43666	2	mediadive.medium:53|mediadive.medium:J22
NCBITaxon:43667	2	mediadive.medium:53|mediadive.medium:J26
NCBITaxon:43675	6	mediadive.medium:215|mediadive.medium:220|mediadive.medium:693|mediadive.medium:92|mediadive.medium:J26|mediadive.medium:J28
NCBITaxon:43677	7	mediadive.medium:215|mediadive.medium:426|mediadive.medium:535|mediadive.medium:65|mediadive.medium:830|mediadive.medium:J26|mediadive.medium:J43
NCBITaxon:43678	4	mediadive.medium:65|mediadive.medium:92|mediadive.medium:J22|mediadive.medium:J475
NCBITaxon:437529	3	mediadive.medium:1237|mediadive.medium:J671|mediadive.medium:J814
NCBITaxon:43759	5	mediadive.medium:1027|mediadive.medium:252|mediadive.medium:65|mediadive.medium:84|mediadive.medium:J42
NCBITaxon:437639	2	mediadive.medium:751|mediadive.medium:830
NCBITaxon:43765	4	mediadive.medium:535|mediadive.medium:693|mediadive.medium:92|mediadive.medium:J26
NCBITaxon:43767	11	mediadive.medium:1|mediadive.medium:215b|mediadive.medium:426|mediadive.medium:535|mediadive.medium:65|mediadive.medium:693|mediadive.medium:830|mediadive.medium:92|mediadive.medium:J22|mediadive.medium:J26|mediadive.medium:J43
NCBITaxon:43769	1	mediadive.medium:535
NCBITaxon:43770	4	mediadive.medium:215b|mediadive.medium:220|mediadive.medium:535a|mediadive.medium:693
NCBITaxon:43771	1	mediadive.medium:92
NCBITaxon:43772	2	mediadive.medium:215b|mediadive.medium:535
NCBITaxon:43774	4	mediadive.medium:194|mediadive.medium:212|mediadive.medium:213|mediadive.medium:298
NCBITaxon:43775	1	mediadive.medium:294
NCBITaxon:437897	5	mediadive.medium:104|mediadive.medium:339a|mediadive.medium:693|mediadive.medium:78|mediadive.medium:J14
NCBITaxon:437900	2	mediadive.medium:535|mediadive.medium:J118
NCBITaxon:438	6	mediadive.medium:105|mediadive.medium:254|mediadive.medium:360|mediadive.medium:J597|mediadive.medium:J598|mediadive.medium:J97
NCBITaxon:438595	1	mediadive.medium:514
NCBITaxon:438744	3	mediadive.medium:372|mediadive.medium:514b|mediadive.medium:J632
NCBITaxon:438751	1	mediadive.medium:514
NCBITaxon:438752	1	mediadive.medium:514
NCBITaxon:438753	3	mediadive.medium:1|mediadive.medium:J254|mediadive.medium:J74
NCBITaxon:438851	4	mediadive.medium:65|mediadive.medium:J43|mediadive.medium:J51|mediadive.medium:J58
NCBITaxon:438855	2	mediadive.medium:1412|mediadive.medium:J524
NCBITaxon:438856	2	mediadive.medium:1412|mediadive.medium:J524
NCBITaxon:43928	2	mediadive.medium:823|mediadive.medium:J225
NCBITaxon:439481	1	mediadive.medium:1083
NCBITaxon:439612	1	mediadive.medium:535
NCBITaxon:439699	6	mediadive.medium:252|mediadive.medium:535|mediadive.medium:553|mediadive.medium:65|mediadive.medium:84|mediadive.medium:J51
NCBITaxon:439703	4	mediadive.medium:104|mediadive.medium:693|mediadive.medium:J14|mediadive.medium:J676
NCBITaxon:43992	1	mediadive.medium:98
NCBITaxon:440	1	mediadive.medium:1603
NCBITaxon:440079	1	mediadive.medium:1
NCBITaxon:44008	2	mediadive.medium:693|mediadive.medium:92
NCBITaxon:44010	3	mediadive.medium:354|mediadive.medium:645|mediadive.medium:J386
NCBITaxon:44032	4	mediadive.medium:1|mediadive.medium:252|mediadive.medium:65|mediadive.medium:J66
NCBITaxon:44033	4	mediadive.medium:310|mediadive.medium:65|mediadive.medium:84|mediadive.medium:J49
NCBITaxon:440514	1	mediadive.medium:514
NCBITaxon:440515	1	mediadive.medium:514
NCBITaxon:440568	2	mediadive.medium:1|mediadive.medium:381
NCBITaxon:44060	5	mediadive.medium:310|mediadive.medium:65|mediadive.medium:84|mediadive.medium:J49|mediadive.medium:J66
NCBITaxon:44061	2	mediadive.medium:65|mediadive.medium:84
NCBITaxon:44098	1	mediadive.medium:372
NCBITaxon:441103	2	mediadive.medium:514|mediadive.medium:J118
NCBITaxon:441112	2	mediadive.medium:514|mediadive.medium:J118
NCBITaxon:441119	2	mediadive.medium:514|mediadive.medium:J118
NCBITaxon:441151	1	mediadive.medium:220
NCBITaxon:441209	1	mediadive.medium:1227
NCBITaxon:441500	5	mediadive.medium:535a|mediadive.medium:693|mediadive.medium:J256|mediadive.medium:J26|mediadive.medium:J28
NCBITaxon:441616	1	mediadive.medium:507a
NCBITaxon:442	5	mediadive.medium:105|mediadive.medium:360|mediadive.medium:92|mediadive.medium:J598|mediadive.medium:J97
NCBITaxon:44250	1	mediadive.medium:1
NCBITaxon:44251	3	mediadive.medium:1|mediadive.medium:110|mediadive.medium:535
NCBITaxon:44252	3	mediadive.medium:1|mediadive.medium:220|mediadive.medium:J75
NCBITaxon:442526	1	mediadive.medium:830
NCBITaxon:442528	1	mediadive.medium:830
NCBITaxon:44253	3	mediadive.medium:1|mediadive.medium:1a|mediadive.medium:457
NCBITaxon:44255	4	mediadive.medium:952|mediadive.medium:953|mediadive.medium:J23|mediadive.medium:J24
NCBITaxon:442562	1	mediadive.medium:830
NCBITaxon:442694	1	mediadive.medium:1a
NCBITaxon:442709	2	mediadive.medium:92|mediadive.medium:J443
NCBITaxon:442714	1	mediadive.medium:514
NCBITaxon:44273	1	mediadive.medium:972
NCBITaxon:442734	1	mediadive.medium:514f
NCBITaxon:44283	3	mediadive.medium:429|mediadive.medium:693|mediadive.medium:92
NCBITaxon:442866	2	mediadive.medium:194|mediadive.medium:J708
NCBITaxon:442868	1	mediadive.medium:1102
NCBITaxon:442870	1	mediadive.medium:514
NCBITaxon:443156	3	mediadive.medium:830|mediadive.medium:92|mediadive.medium:J475
NCBITaxon:443157	3	mediadive.medium:535|mediadive.medium:830|mediadive.medium:J346
NCBITaxon:443253	2	mediadive.medium:104c|mediadive.medium:339a
NCBITaxon:443610	1	mediadive.medium:830
NCBITaxon:443612	1	mediadive.medium:830
NCBITaxon:443615	1	mediadive.medium:830
NCBITaxon:443616	1	mediadive.medium:830
NCBITaxon:444060	1	mediadive.medium:31
NCBITaxon:444091	1	mediadive.medium:778b
NCBITaxon:444093	1	mediadive.medium:503c
NCBITaxon:444157	2	mediadive.medium:291|mediadive.medium:J195
NCBITaxon:444444	1	mediadive.medium:535
NCBITaxon:444461	2	mediadive.medium:220|mediadive.medium:J75
NCBITaxon:444513	1	mediadive.medium:545
NCBITaxon:444515	1	mediadive.medium:514
NCBITaxon:44454	2	mediadive.medium:354|mediadive.medium:645
NCBITaxon:444597	2	mediadive.medium:645|mediadive.medium:J386
NCBITaxon:444918	2	mediadive.medium:514|mediadive.medium:J118
NCBITaxon:445220	1	mediadive.medium:585
NCBITaxon:445327	1	mediadive.medium:607
NCBITaxon:445709	1	mediadive.medium:220
NCBITaxon:445710	2	mediadive.medium:1416|mediadive.medium:830
NCBITaxon:44574	1	mediadive.medium:1583
NCBITaxon:445930	2	mediadive.medium:104|mediadive.medium:J633
NCBITaxon:445960	1	mediadive.medium:830
NCBITaxon:445961	1	mediadive.medium:830
NCBITaxon:445970	3	mediadive.medium:110|mediadive.medium:693|mediadive.medium:J14
NCBITaxon:445971	1	mediadive.medium:58
NCBITaxon:445972	4	mediadive.medium:58|mediadive.medium:693|mediadive.medium:J14|mediadive.medium:J676
NCBITaxon:445973	2	mediadive.medium:110a|mediadive.medium:634c
NCBITaxon:445974	6	mediadive.medium:110|mediadive.medium:1203a|mediadive.medium:693|mediadive.medium:J13|mediadive.medium:J14|mediadive.medium:J84
NCBITaxon:445975	2	mediadive.medium:104|mediadive.medium:J14
NCBITaxon:446075	2	mediadive.medium:92|mediadive.medium:J28
NCBITaxon:446372	1	mediadive.medium:514
NCBITaxon:446374	2	mediadive.medium:514c|mediadive.medium:514f
NCBITaxon:446462	3	mediadive.medium:554|mediadive.medium:65|mediadive.medium:J42
NCBITaxon:446465	2	mediadive.medium:92|mediadive.medium:J28
NCBITaxon:446466	2	mediadive.medium:53|mediadive.medium:J28
NCBITaxon:446468	3	mediadive.medium:65|mediadive.medium:92|mediadive.medium:J66
NCBITaxon:446469	2	mediadive.medium:92|mediadive.medium:J28
NCBITaxon:446470	3	mediadive.medium:554|mediadive.medium:65|mediadive.medium:J51
NCBITaxon:446471	2	mediadive.medium:92|mediadive.medium:J26
NCBITaxon:446660	4	mediadive.medium:104|mediadive.medium:339|mediadive.medium:J14|mediadive.medium:J583
NCBITaxon:44671	1	mediadive.medium:826
NCBITaxon:44672	2	mediadive.medium:293|mediadive.medium:298
NCBITaxon:44674	1	mediadive.medium:771
NCBITaxon:446785	1	mediadive.medium:92
NCBITaxon:446786	2	mediadive.medium:830|mediadive.medium:J346
NCBITaxon:446787	5	mediadive.medium:65|mediadive.medium:83|mediadive.medium:987|mediadive.medium:J104|mediadive.medium:J26
NCBITaxon:446820	1	mediadive.medium:220
NCBITaxon:446860	2	mediadive.medium:92|mediadive.medium:J475
NCBITaxon:447	1	mediadive.medium:585
NCBITaxon:447199	2	mediadive.medium:625|mediadive.medium:J464
NCBITaxon:447421	1	mediadive.medium:514
NCBITaxon:447422	1	mediadive.medium:514
NCBITaxon:447424	1	mediadive.medium:514b
NCBITaxon:447425	1	mediadive.medium:514b
NCBITaxon:44750	3	mediadive.medium:535|mediadive.medium:535a|mediadive.medium:J26
NCBITaxon:44751	6	mediadive.medium:220|mediadive.medium:468|mediadive.medium:514|mediadive.medium:53|mediadive.medium:830|mediadive.medium:92
NCBITaxon:44752	1	mediadive.medium:535
NCBITaxon:44753	2	mediadive.medium:65|mediadive.medium:J43
NCBITaxon:447567	1	mediadive.medium:514
NCBITaxon:447594	1	mediadive.medium:508
NCBITaxon:447679	1	mediadive.medium:514
NCBITaxon:448	2	mediadive.medium:585|mediadive.medium:J119
NCBITaxon:448141	2	mediadive.medium:1108|mediadive.medium:J619
NCBITaxon:448385	1	mediadive.medium:9
NCBITaxon:449	2	mediadive.medium:585|mediadive.medium:J119
NCBITaxon:449304	1	mediadive.medium:195
NCBITaxon:449305	1	mediadive.medium:195
NCBITaxon:449306	1	mediadive.medium:194
NCBITaxon:449307	1	mediadive.medium:383
NCBITaxon:449308	1	mediadive.medium:63
NCBITaxon:449309	1	mediadive.medium:194
NCBITaxon:449310	1	mediadive.medium:194
NCBITaxon:449311	1	mediadive.medium:194
NCBITaxon:449312	1	mediadive.medium:193
NCBITaxon:449313	1	mediadive.medium:163
NCBITaxon:44933	3	mediadive.medium:123|mediadive.medium:514|mediadive.medium:J118
NCBITaxon:44935	4	mediadive.medium:1|mediadive.medium:123|mediadive.medium:514|mediadive.medium:J118
NCBITaxon:449461	4	mediadive.medium:535|mediadive.medium:553|mediadive.medium:830|mediadive.medium:J26
NCBITaxon:449520	1	mediadive.medium:693
NCBITaxon:449659	1	mediadive.medium:11
NCBITaxon:449662	1	mediadive.medium:535
NCBITaxon:449663	1	mediadive.medium:535b
NCBITaxon:449673	3	mediadive.medium:693|mediadive.medium:78|mediadive.medium:J14
NCBITaxon:449973	5	mediadive.medium:463a|mediadive.medium:464|mediadive.medium:473|mediadive.medium:535|mediadive.medium:830
NCBITaxon:449974	2	mediadive.medium:473|mediadive.medium:830
NCBITaxon:45	3	mediadive.medium:222|mediadive.medium:67|mediadive.medium:9
NCBITaxon:450	1	mediadive.medium:585
NCBITaxon:450200	1	mediadive.medium:585
NCBITaxon:450364	1	mediadive.medium:830
NCBITaxon:450365	1	mediadive.medium:830a
NCBITaxon:450366	1	mediadive.medium:535
NCBITaxon:450367	2	mediadive.medium:92|mediadive.medium:J28
NCBITaxon:450380	4	mediadive.medium:514|mediadive.medium:830|mediadive.medium:J118|mediadive.medium:J26
NCBITaxon:450454	2	mediadive.medium:1680|mediadive.medium:1831
NCBITaxon:45056	2	mediadive.medium:1|mediadive.medium:585
NCBITaxon:45066	1	mediadive.medium:585
NCBITaxon:45068	1	mediadive.medium:585
NCBITaxon:45070	1	mediadive.medium:585
NCBITaxon:45071	2	mediadive.medium:585|mediadive.medium:J119
NCBITaxon:45073	2	mediadive.medium:1|mediadive.medium:585
NCBITaxon:450734	3	mediadive.medium:535|mediadive.medium:92|mediadive.medium:J475
NCBITaxon:45074	1	mediadive.medium:585
NCBITaxon:45076	1	mediadive.medium:585
NCBITaxon:450798	3	mediadive.medium:65|mediadive.medium:84|mediadive.medium:J51
NCBITaxon:450799	4	mediadive.medium:65|mediadive.medium:656|mediadive.medium:84|mediadive.medium:J51
NCBITaxon:450800	1	mediadive.medium:553
NCBITaxon:450804	1	mediadive.medium:514
NCBITaxon:451	1	mediadive.medium:585
NCBITaxon:451640	3	mediadive.medium:104|mediadive.medium:110|mediadive.medium:J14
NCBITaxon:451876	1	mediadive.medium:1
NCBITaxon:452	1	mediadive.medium:585
NCBITaxon:45243	3	mediadive.medium:779|mediadive.medium:J14|mediadive.medium:J156
NCBITaxon:45248	1	mediadive.medium:79
NCBITaxon:452565	1	mediadive.medium:220
NCBITaxon:452637	2	mediadive.medium:295|mediadive.medium:J752
NCBITaxon:452922	1	mediadive.medium:830
NCBITaxon:453	1	mediadive.medium:585
NCBITaxon:453214	1	mediadive.medium:195c
NCBITaxon:453215	2	mediadive.medium:383|mediadive.medium:J1256
NCBITaxon:453220	2	mediadive.medium:195b|mediadive.medium:J511
NCBITaxon:453224	2	mediadive.medium:383|mediadive.medium:J772
NCBITaxon:453304	2	mediadive.medium:736|mediadive.medium:J26
NCBITaxon:453573	7	mediadive.medium:215|mediadive.medium:535|mediadive.medium:554|mediadive.medium:65|mediadive.medium:84|mediadive.medium:J51|mediadive.medium:J52
NCBITaxon:453591	2	mediadive.medium:897|mediadive.medium:J559
NCBITaxon:45362	1	mediadive.medium:1076b
NCBITaxon:453783	1	mediadive.medium:830
NCBITaxon:453816	1	mediadive.medium:1463
NCBITaxon:453817	1	mediadive.medium:830
NCBITaxon:453831	1	mediadive.medium:1240
NCBITaxon:453835	1	mediadive.medium:220
NCBITaxon:453836	1	mediadive.medium:514
NCBITaxon:453837	1	mediadive.medium:535
NCBITaxon:453838	1	mediadive.medium:514
NCBITaxon:453839	1	mediadive.medium:514
NCBITaxon:453840	2	mediadive.medium:514|mediadive.medium:J118
NCBITaxon:453842	2	mediadive.medium:545|mediadive.medium:J75
NCBITaxon:453844	1	mediadive.medium:830
NCBITaxon:45393	3	mediadive.medium:1|mediadive.medium:465|mediadive.medium:465c
NCBITaxon:453960	1	mediadive.medium:1190
NCBITaxon:453962	1	mediadive.medium:514
NCBITaxon:45398	5	mediadive.medium:65|mediadive.medium:84|mediadive.medium:J42|mediadive.medium:J58|mediadive.medium:J66
NCBITaxon:454005	2	mediadive.medium:1|mediadive.medium:1a
NCBITaxon:454006	1	mediadive.medium:1
NCBITaxon:454156	5	mediadive.medium:215|mediadive.medium:535|mediadive.medium:554|mediadive.medium:65|mediadive.medium:J51
NCBITaxon:454171	1	mediadive.medium:1291
NCBITaxon:454188	1	mediadive.medium:1492
NCBITaxon:454194	2	mediadive.medium:1492|mediadive.medium:830
NCBITaxon:454586	2	mediadive.medium:830|mediadive.medium:J75
NCBITaxon:454598	1	mediadive.medium:514
NCBITaxon:454602	1	mediadive.medium:514
NCBITaxon:45462	3	mediadive.medium:1|mediadive.medium:453|mediadive.medium:J22
NCBITaxon:45465	2	mediadive.medium:1|mediadive.medium:365
NCBITaxon:45496	3	mediadive.medium:750|mediadive.medium:951|mediadive.medium:J127
NCBITaxon:455078	1	mediadive.medium:830
NCBITaxon:455193	3	mediadive.medium:553|mediadive.medium:65|mediadive.medium:J43
NCBITaxon:455253	1	mediadive.medium:1170
NCBITaxon:455343	2	mediadive.medium:92|mediadive.medium:J26
NCBITaxon:455344	2	mediadive.medium:535|mediadive.medium:J43
NCBITaxon:455359	1	mediadive.medium:514
NCBITaxon:455361	1	mediadive.medium:1217
NCBITaxon:455488	2	mediadive.medium:1200|mediadive.medium:830
NCBITaxon:456	1	mediadive.medium:585
NCBITaxon:45610	3	mediadive.medium:381|mediadive.medium:514|mediadive.medium:948
NCBITaxon:45611	1	mediadive.medium:514
NCBITaxon:456327	1	mediadive.medium:1
NCBITaxon:456455	1	mediadive.medium:514
NCBITaxon:456490	1	mediadive.medium:220
NCBITaxon:45657	1	mediadive.medium:739
NCBITaxon:45658	1	mediadive.medium:514
NCBITaxon:45668	1	mediadive.medium:755
NCBITaxon:45670	3	mediadive.medium:514b|mediadive.medium:593|mediadive.medium:J599
NCBITaxon:45677	4	mediadive.medium:1|mediadive.medium:81|mediadive.medium:830|mediadive.medium:J27
NCBITaxon:457385	3	mediadive.medium:535|mediadive.medium:553|mediadive.medium:65
NCBITaxon:457423	4	mediadive.medium:252|mediadive.medium:65|mediadive.medium:J42|mediadive.medium:J52
NCBITaxon:457454	2	mediadive.medium:1484|mediadive.medium:92
NCBITaxon:457502	1	mediadive.medium:830
NCBITaxon:457575	1	mediadive.medium:830
NCBITaxon:457921	1	mediadive.medium:830
NCBITaxon:457923	1	mediadive.medium:830
NCBITaxon:458	2	mediadive.medium:585|mediadive.medium:J119
NCBITaxon:458208	1	mediadive.medium:1076b
NCBITaxon:45851	1	mediadive.medium:330
NCBITaxon:458836	1	mediadive.medium:830
NCBITaxon:459	1	mediadive.medium:585
NCBITaxon:459472	2	mediadive.medium:92|mediadive.medium:J582
NCBITaxon:459519	1	mediadive.medium:1a
NCBITaxon:459525	2	mediadive.medium:220|mediadive.medium:J443
NCBITaxon:459526	2	mediadive.medium:1247|mediadive.medium:J75
NCBITaxon:459528	1	mediadive.medium:535
NCBITaxon:459658	1	mediadive.medium:65
NCBITaxon:45972	4	mediadive.medium:220|mediadive.medium:693|mediadive.medium:830|mediadive.medium:92
NCBITaxon:459816	2	mediadive.medium:830|mediadive.medium:J26
NCBITaxon:459858	2	mediadive.medium:645|mediadive.medium:J386
NCBITaxon:459885	1	mediadive.medium:514b
NCBITaxon:460	1	mediadive.medium:585
NCBITaxon:460060	1	mediadive.medium:1031a
NCBITaxon:460087	2	mediadive.medium:830|mediadive.medium:J346
NCBITaxon:460257	3	mediadive.medium:65|mediadive.medium:92|mediadive.medium:J26
NCBITaxon:460384	2	mediadive.medium:215c|mediadive.medium:J14
NCBITaxon:460870	1	mediadive.medium:11
NCBITaxon:460873	1	mediadive.medium:1145
NCBITaxon:46126	2	mediadive.medium:693|mediadive.medium:92
NCBITaxon:46127	3	mediadive.medium:693|mediadive.medium:92|mediadive.medium:J27
NCBITaxon:46158	4	mediadive.medium:553|mediadive.medium:554|mediadive.medium:65|mediadive.medium:J51
NCBITaxon:46159	4	mediadive.medium:553|mediadive.medium:554|mediadive.medium:65|mediadive.medium:J51
NCBITaxon:46160	5	mediadive.medium:553|mediadive.medium:554|mediadive.medium:65|mediadive.medium:J43|mediadive.medium:J81
NCBITaxon:46162	7	mediadive.medium:214|mediadive.medium:554|mediadive.medium:65|mediadive.medium:83|mediadive.medium:84|mediadive.medium:J271|mediadive.medium:J58
NCBITaxon:46163	4	mediadive.medium:554|mediadive.medium:65|mediadive.medium:J43|mediadive.medium:J61
NCBITaxon:46165	5	mediadive.medium:248|mediadive.medium:554|mediadive.medium:65|mediadive.medium:84|mediadive.medium:J58
NCBITaxon:46171	4	mediadive.medium:65|mediadive.medium:84|mediadive.medium:J107|mediadive.medium:J51
NCBITaxon:46172	3	mediadive.medium:65|mediadive.medium:83|mediadive.medium:J42
NCBITaxon:46173	3	mediadive.medium:553|mediadive.medium:65|mediadive.medium:J43
NCBITaxon:46174	4	mediadive.medium:65|mediadive.medium:84|mediadive.medium:J202|mediadive.medium:J51
NCBITaxon:46175	4	mediadive.medium:65|mediadive.medium:84|mediadive.medium:J42|mediadive.medium:J54
NCBITaxon:46176	3	mediadive.medium:553|mediadive.medium:65|mediadive.medium:J42
NCBITaxon:46177	4	mediadive.medium:554|mediadive.medium:65|mediadive.medium:83|mediadive.medium:J52
NCBITaxon:46178	5	mediadive.medium:553|mediadive.medium:65|mediadive.medium:J51|mediadive.medium:J52|mediadive.medium:J66
NCBITaxon:46179	3	mediadive.medium:65|mediadive.medium:84|mediadive.medium:J51
NCBITaxon:46180	3	mediadive.medium:65|mediadive.medium:84|mediadive.medium:J42
NCBITaxon:46181	3	mediadive.medium:553|mediadive.medium:65|mediadive.medium:J104
NCBITaxon:46182	3	mediadive.medium:65|mediadive.medium:84|mediadive.medium:J42
NCBITaxon:46186	5	mediadive.medium:553|mediadive.medium:65|mediadive.medium:84|mediadive.medium:J42|mediadive.medium:J52
NCBITaxon:46187	5	mediadive.medium:65|mediadive.medium:83|mediadive.medium:84|mediadive.medium:J271|mediadive.medium:J52
NCBITaxon:461876	1	mediadive.medium:104b
NCBITaxon:46188	6	mediadive.medium:252|mediadive.medium:548|mediadive.medium:553|mediadive.medium:65|mediadive.medium:84|mediadive.medium:J104
NCBITaxon:46189	4	mediadive.medium:553|mediadive.medium:65|mediadive.medium:84|mediadive.medium:J202
NCBITaxon:46190	3	mediadive.medium:65|mediadive.medium:84|mediadive.medium:J50
NCBITaxon:46203	4	mediadive.medium:554|mediadive.medium:65|mediadive.medium:J104|mediadive.medium:J52
NCBITaxon:46204	5	mediadive.medium:426|mediadive.medium:553|mediadive.medium:65|mediadive.medium:J43|mediadive.medium:J66
NCBITaxon:46223	9	mediadive.medium:1762|mediadive.medium:214|mediadive.medium:553|mediadive.medium:554|mediadive.medium:65|mediadive.medium:658|mediadive.medium:84|mediadive.medium:J104|mediadive.medium:J48
NCBITaxon:46224	1	mediadive.medium:215
NCBITaxon:462372	4	mediadive.medium:1|mediadive.medium:535|mediadive.medium:545|mediadive.medium:830
NCBITaxon:46240	2	mediadive.medium:1|mediadive.medium:220
NCBITaxon:46256	2	mediadive.medium:11|mediadive.medium:J13
NCBITaxon:462710	3	mediadive.medium:92|mediadive.medium:J28|mediadive.medium:J475
NCBITaxon:462949	1	mediadive.medium:514
NCBITaxon:462991	2	mediadive.medium:514c|mediadive.medium:J118
NCBITaxon:463	1	mediadive.medium:585
NCBITaxon:463200	2	mediadive.medium:830|mediadive.medium:J27
NCBITaxon:463301	1	mediadive.medium:514
NCBITaxon:46353	3	mediadive.medium:220|mediadive.medium:92|mediadive.medium:J26
NCBITaxon:46354	1	mediadive.medium:640
NCBITaxon:46357	2	mediadive.medium:1263|mediadive.medium:700
NCBITaxon:463825	1	mediadive.medium:381
NCBITaxon:464	1	mediadive.medium:585
NCBITaxon:46429	2	mediadive.medium:220a|mediadive.medium:465b
NCBITaxon:46431	1	mediadive.medium:318a
NCBITaxon:464322	1	mediadive.medium:104
NCBITaxon:46470	1	mediadive.medium:591
NCBITaxon:464995	3	mediadive.medium:514|mediadive.medium:535|mediadive.medium:83
NCBITaxon:46503	1	mediadive.medium:78
NCBITaxon:46507	3	mediadive.medium:693|mediadive.medium:78|mediadive.medium:J14
NCBITaxon:46540	3	mediadive.medium:760|mediadive.medium:J241|mediadive.medium:J280
NCBITaxon:46541	1	mediadive.medium:343a
NCBITaxon:465515	3	mediadive.medium:1|mediadive.medium:92|mediadive.medium:J475
NCBITaxon:465561	1	mediadive.medium:514
NCBITaxon:465721	1	mediadive.medium:1116
NCBITaxon:465797	2	mediadive.medium:215|mediadive.medium:693
NCBITaxon:466	2	mediadive.medium:585|mediadive.medium:J119
NCBITaxon:466084	1	mediadive.medium:514
NCBITaxon:46609	2	mediadive.medium:339|mediadive.medium:78
NCBITaxon:46610	4	mediadive.medium:298|mediadive.medium:503|mediadive.medium:826|mediadive.medium:838
NCBITaxon:466109	1	mediadive.medium:535
NCBITaxon:46632	2	mediadive.medium:88|mediadive.medium:J233
NCBITaxon:46678	1	mediadive.medium:535b
NCBITaxon:46680	6	mediadive.medium:1|mediadive.medium:220|mediadive.medium:381|mediadive.medium:465a|mediadive.medium:535|mediadive.medium:J22
NCBITaxon:467091	2	mediadive.medium:514|mediadive.medium:J118
NCBITaxon:467174	1	mediadive.medium:1198
NCBITaxon:467180	1	mediadive.medium:535
NCBITaxon:467974	2	mediadive.medium:220|mediadive.medium:J75
NCBITaxon:467976	1	mediadive.medium:514
NCBITaxon:467997	1	mediadive.medium:231
NCBITaxon:468056	1	mediadive.medium:830
NCBITaxon:468058	1	mediadive.medium:830
NCBITaxon:468059	1	mediadive.medium:830
NCBITaxon:468528	1	mediadive.medium:1040
NCBITaxon:468556	3	mediadive.medium:535|mediadive.medium:J26|mediadive.medium:J505
NCBITaxon:46867	1	mediadive.medium:634
NCBITaxon:468911	1	mediadive.medium:11
NCBITaxon:469	2	mediadive.medium:1|mediadive.medium:535
NCBITaxon:46914	3	mediadive.medium:605a|mediadive.medium:J156|mediadive.medium:J22
NCBITaxon:469371	2	mediadive.medium:553|mediadive.medium:J42
NCBITaxon:469378	1	mediadive.medium:78
NCBITaxon:469381	2	mediadive.medium:786|mediadive.medium:J759
NCBITaxon:469382	2	mediadive.medium:372|mediadive.medium:J168
NCBITaxon:469383	2	mediadive.medium:92|mediadive.medium:J245
NCBITaxon:469547	1	mediadive.medium:535
NCBITaxon:469551	1	mediadive.medium:545
NCBITaxon:469615	2	mediadive.medium:104|mediadive.medium:693
NCBITaxon:469617	2	mediadive.medium:110|mediadive.medium:693
NCBITaxon:469656	1	mediadive.medium:1225
NCBITaxon:469798	1	mediadive.medium:28
NCBITaxon:469799	2	mediadive.medium:92|mediadive.medium:J82
NCBITaxon:469869	2	mediadive.medium:514|mediadive.medium:J118
NCBITaxon:470	6	mediadive.medium:1|mediadive.medium:215|mediadive.medium:220|mediadive.medium:381|mediadive.medium:693|mediadive.medium:92
NCBITaxon:470028	1	mediadive.medium:545
NCBITaxon:470074	1	mediadive.medium:645
NCBITaxon:470075	1	mediadive.medium:645
NCBITaxon:470076	2	mediadive.medium:645|mediadive.medium:J386
NCBITaxon:470145	3	mediadive.medium:104|mediadive.medium:110|mediadive.medium:J14
NCBITaxon:470150	1	mediadive.medium:1
NCBITaxon:470565	3	mediadive.medium:104|mediadive.medium:110|mediadive.medium:693
NCBITaxon:470774	1	mediadive.medium:514
NCBITaxon:470784	1	mediadive.medium:514b
NCBITaxon:470795	1	mediadive.medium:92
NCBITaxon:470815	1	mediadive.medium:514
NCBITaxon:470826	1	mediadive.medium:514
NCBITaxon:470864	1	mediadive.medium:514
NCBITaxon:470868	3	mediadive.medium:1|mediadive.medium:693|mediadive.medium:92
NCBITaxon:470932	1	mediadive.medium:1
NCBITaxon:470933	1	mediadive.medium:1
NCBITaxon:470934	1	mediadive.medium:1
NCBITaxon:471	6	mediadive.medium:1|mediadive.medium:220|mediadive.medium:465|mediadive.medium:535|mediadive.medium:693|mediadive.medium:92
NCBITaxon:471189	6	mediadive.medium:215|mediadive.medium:339|mediadive.medium:693|mediadive.medium:J14|mediadive.medium:J282|mediadive.medium:J469
NCBITaxon:471225	1	mediadive.medium:514
NCBITaxon:471514	2	mediadive.medium:1201|mediadive.medium:J685
NCBITaxon:471575	3	mediadive.medium:1c|mediadive.medium:535|mediadive.medium:830
NCBITaxon:471799	2	mediadive.medium:1293|mediadive.medium:J653
NCBITaxon:471802	2	mediadive.medium:65|mediadive.medium:J57
NCBITaxon:471825	2	mediadive.medium:1231|mediadive.medium:J590
NCBITaxon:471852	4	mediadive.medium:252|mediadive.medium:550|mediadive.medium:84|mediadive.medium:J52
NCBITaxon:471853	2	mediadive.medium:736|mediadive.medium:J26
NCBITaxon:471854	1	mediadive.medium:830c
NCBITaxon:471855	3	mediadive.medium:104|mediadive.medium:230|mediadive.medium:J14
NCBITaxon:471856	3	mediadive.medium:215|mediadive.medium:693|mediadive.medium:J28
NCBITaxon:471870	4	mediadive.medium:104|mediadive.medium:1203a|mediadive.medium:693|mediadive.medium:J14
NCBITaxon:471872	2	mediadive.medium:693|mediadive.medium:92
NCBITaxon:472	8	mediadive.medium:1|mediadive.medium:215|mediadive.medium:220|mediadive.medium:457|mediadive.medium:535|mediadive.medium:693|mediadive.medium:75|mediadive.medium:92
NCBITaxon:472056	1	mediadive.medium:269
NCBITaxon:472059	3	mediadive.medium:92|mediadive.medium:J26|mediadive.medium:J475
NCBITaxon:472166	2	mediadive.medium:830|mediadive.medium:J346
NCBITaxon:472181	2	mediadive.medium:535|mediadive.medium:J118
NCBITaxon:472186	2	mediadive.medium:514c|mediadive.medium:J118
NCBITaxon:47254	3	mediadive.medium:1593|mediadive.medium:1677|mediadive.medium:1678
NCBITaxon:472569	3	mediadive.medium:215|mediadive.medium:J256|mediadive.medium:J28
NCBITaxon:472583	1	mediadive.medium:92
NCBITaxon:472693	3	mediadive.medium:1|mediadive.medium:693|mediadive.medium:92
NCBITaxon:472694	2	mediadive.medium:1|mediadive.medium:693
NCBITaxon:472695	3	mediadive.medium:1|mediadive.medium:693|mediadive.medium:92
NCBITaxon:472705	1	mediadive.medium:1
NCBITaxon:472963	1	mediadive.medium:1208
NCBITaxon:47303	2	mediadive.medium:88|mediadive.medium:J174
NCBITaxon:47311	1	mediadive.medium:734a
NCBITaxon:47312	4	mediadive.medium:535|mediadive.medium:693|mediadive.medium:J43|mediadive.medium:J57
NCBITaxon:47421	1	mediadive.medium:133
NCBITaxon:47478	5	mediadive.medium:1484|mediadive.medium:621|mediadive.medium:65|mediadive.medium:830|mediadive.medium:92
NCBITaxon:47479	7	mediadive.medium:252|mediadive.medium:65|mediadive.medium:83|mediadive.medium:84|mediadive.medium:J202|mediadive.medium:J43|mediadive.medium:J55
NCBITaxon:47480	2	mediadive.medium:252|mediadive.medium:65
NCBITaxon:47481	6	mediadive.medium:214|mediadive.medium:252|mediadive.medium:65|mediadive.medium:84|mediadive.medium:J42|mediadive.medium:J52
NCBITaxon:47482	3	mediadive.medium:252|mediadive.medium:554|mediadive.medium:J217
NCBITaxon:47484	3	mediadive.medium:553|mediadive.medium:554|mediadive.medium:84
NCBITaxon:47485	4	mediadive.medium:553|mediadive.medium:554|mediadive.medium:65|mediadive.medium:J50
NCBITaxon:47486	3	mediadive.medium:553|mediadive.medium:65|mediadive.medium:84
NCBITaxon:47490	1	mediadive.medium:640
NCBITaxon:47492	4	mediadive.medium:1|mediadive.medium:428|mediadive.medium:81|mediadive.medium:830
NCBITaxon:474949	1	mediadive.medium:1285
NCBITaxon:474950	1	mediadive.medium:1284
NCBITaxon:474951	2	mediadive.medium:1285|mediadive.medium:830
NCBITaxon:474952	1	mediadive.medium:830
NCBITaxon:474953	1	mediadive.medium:830
NCBITaxon:474957	1	mediadive.medium:1
NCBITaxon:474960	2	mediadive.medium:412|mediadive.medium:J640
NCBITaxon:47500	3	mediadive.medium:1|mediadive.medium:J443|mediadive.medium:J75
NCBITaxon:475069	1	mediadive.medium:98
NCBITaxon:475081	1	mediadive.medium:514
NCBITaxon:475083	1	mediadive.medium:514
NCBITaxon:475088	1	mediadive.medium:1094
NCBITaxon:475253	1	mediadive.medium:830
NCBITaxon:475255	1	mediadive.medium:830
NCBITaxon:475299	2	mediadive.medium:1332|mediadive.medium:514
NCBITaxon:476	3	mediadive.medium:215|mediadive.medium:429|mediadive.medium:693
NCBITaxon:476102	1	mediadive.medium:514
NCBITaxon:476272	2	mediadive.medium:104|mediadive.medium:J676
NCBITaxon:476279	1	mediadive.medium:1229
NCBITaxon:476550	3	mediadive.medium:252|mediadive.medium:65|mediadive.medium:84
NCBITaxon:476552	3	mediadive.medium:252|mediadive.medium:65|mediadive.medium:84
NCBITaxon:476555	3	mediadive.medium:252|mediadive.medium:65|mediadive.medium:84
NCBITaxon:476652	2	mediadive.medium:1250|mediadive.medium:J998
NCBITaxon:47678	2	mediadive.medium:1203a|mediadive.medium:693
NCBITaxon:477	2	mediadive.medium:693|mediadive.medium:J22
NCBITaxon:47714	3	mediadive.medium:11|mediadive.medium:J13|mediadive.medium:J84
NCBITaxon:47715	6	mediadive.medium:11|mediadive.medium:693|mediadive.medium:92|mediadive.medium:J13|mediadive.medium:J2|mediadive.medium:J84
NCBITaxon:47716	5	mediadive.medium:252|mediadive.medium:65|mediadive.medium:84|mediadive.medium:J42|mediadive.medium:J66
NCBITaxon:47735	2	mediadive.medium:215|mediadive.medium:693
NCBITaxon:47758	2	mediadive.medium:65|mediadive.medium:84
NCBITaxon:47759	4	mediadive.medium:65|mediadive.medium:84|mediadive.medium:J42|mediadive.medium:J66
NCBITaxon:47760	4	mediadive.medium:554|mediadive.medium:65|mediadive.medium:J42|mediadive.medium:J66
NCBITaxon:47761	5	mediadive.medium:252|mediadive.medium:65|mediadive.medium:84|mediadive.medium:J42|mediadive.medium:J66
NCBITaxon:47762	5	mediadive.medium:252|mediadive.medium:65|mediadive.medium:84|mediadive.medium:J42|mediadive.medium:J43
NCBITaxon:47763	4	mediadive.medium:252|mediadive.medium:65|mediadive.medium:84|mediadive.medium:J42
NCBITaxon:477641	4	mediadive.medium:65|mediadive.medium:830|mediadive.medium:J26|mediadive.medium:J43
NCBITaxon:477675	1	mediadive.medium:693
NCBITaxon:477680	1	mediadive.medium:830
NCBITaxon:47770	4	mediadive.medium:232|mediadive.medium:339|mediadive.medium:58|mediadive.medium:J13
NCBITaxon:478	1	mediadive.medium:429
NCBITaxon:478106	4	mediadive.medium:553|mediadive.medium:65|mediadive.medium:84|mediadive.medium:987
NCBITaxon:478107	3	mediadive.medium:553|mediadive.medium:65|mediadive.medium:987
NCBITaxon:478108	3	mediadive.medium:553|mediadive.medium:65|mediadive.medium:987
NCBITaxon:478109	2	mediadive.medium:553|mediadive.medium:987
NCBITaxon:478110	3	mediadive.medium:553|mediadive.medium:65|mediadive.medium:987
NCBITaxon:478111	2	mediadive.medium:553|mediadive.medium:987
NCBITaxon:478114	4	mediadive.medium:252|mediadive.medium:553|mediadive.medium:65|mediadive.medium:987
NCBITaxon:478115	2	mediadive.medium:553|mediadive.medium:987
NCBITaxon:478174	1	mediadive.medium:403
NCBITaxon:47834	1	mediadive.medium:1076b
NCBITaxon:47839	2	mediadive.medium:645|mediadive.medium:J386
NCBITaxon:47846	2	mediadive.medium:92|mediadive.medium:J28
NCBITaxon:47847	2	mediadive.medium:92|mediadive.medium:J28
NCBITaxon:47849	4	mediadive.medium:65|mediadive.medium:84|mediadive.medium:J104|mediadive.medium:J62
NCBITaxon:47850	6	mediadive.medium:535|mediadive.medium:553|mediadive.medium:554|mediadive.medium:65|mediadive.medium:83|mediadive.medium:830
NCBITaxon:47853	7	mediadive.medium:553|mediadive.medium:554|mediadive.medium:65|mediadive.medium:656|mediadive.medium:83|mediadive.medium:84|mediadive.medium:J61
NCBITaxon:47854	5	mediadive.medium:553|mediadive.medium:554|mediadive.medium:65|mediadive.medium:84|mediadive.medium:J43
NCBITaxon:47855	3	mediadive.medium:554|mediadive.medium:65|mediadive.medium:J51
NCBITaxon:47856	7	mediadive.medium:214|mediadive.medium:215b|mediadive.medium:554|mediadive.medium:65|mediadive.medium:84|mediadive.medium:J104|mediadive.medium:J50
NCBITaxon:47857	3	mediadive.medium:554|mediadive.medium:65|mediadive.medium:J61
NCBITaxon:47858	3	mediadive.medium:554|mediadive.medium:65|mediadive.medium:J51
NCBITaxon:47860	5	mediadive.medium:554|mediadive.medium:65|mediadive.medium:J104|mediadive.medium:J51|mediadive.medium:J61
NCBITaxon:47864	4	mediadive.medium:65|mediadive.medium:83|mediadive.medium:J104|mediadive.medium:J50
NCBITaxon:47865	3	mediadive.medium:553|mediadive.medium:554|mediadive.medium:J61
NCBITaxon:47866	3	mediadive.medium:214|mediadive.medium:554|mediadive.medium:J61
NCBITaxon:47871	3	mediadive.medium:65|mediadive.medium:84|mediadive.medium:J104
NCBITaxon:47872	5	mediadive.medium:553|mediadive.medium:554|mediadive.medium:65|mediadive.medium:J104|mediadive.medium:J51
NCBITaxon:478738	1	mediadive.medium:514
NCBITaxon:47874	5	mediadive.medium:535|mediadive.medium:553|mediadive.medium:554|mediadive.medium:65|mediadive.medium:J104
NCBITaxon:478744	1	mediadive.medium:514c
NCBITaxon:478749	1	mediadive.medium:915
NCBITaxon:47875	4	mediadive.medium:553|mediadive.medium:554|mediadive.medium:65|mediadive.medium:J61
NCBITaxon:47877	2	mediadive.medium:1|mediadive.medium:535
NCBITaxon:478780	2	mediadive.medium:92|mediadive.medium:J475
NCBITaxon:47879	1	mediadive.medium:1a
NCBITaxon:47880	2	mediadive.medium:381|mediadive.medium:92
NCBITaxon:478801	2	mediadive.medium:514|mediadive.medium:J26
NCBITaxon:478807	1	mediadive.medium:403
NCBITaxon:47883	1	mediadive.medium:1
NCBITaxon:47884	4	mediadive.medium:1749|mediadive.medium:535|mediadive.medium:907|mediadive.medium:J22
NCBITaxon:47885	3	mediadive.medium:830|mediadive.medium:92|mediadive.medium:937a
NCBITaxon:47886	2	mediadive.medium:220|mediadive.medium:92
NCBITaxon:479	1	mediadive.medium:830
NCBITaxon:479117	3	mediadive.medium:92|mediadive.medium:J26|mediadive.medium:J28
NCBITaxon:47917	2	mediadive.medium:1|mediadive.medium:220
NCBITaxon:47920	3	mediadive.medium:1|mediadive.medium:1a|mediadive.medium:830
NCBITaxon:479410	2	mediadive.medium:65|mediadive.medium:84
NCBITaxon:479430	2	mediadive.medium:84|mediadive.medium:J398
NCBITaxon:479431	3	mediadive.medium:535|mediadive.medium:736|mediadive.medium:J26
NCBITaxon:479432	5	mediadive.medium:252|mediadive.medium:65|mediadive.medium:84|mediadive.medium:J42|mediadive.medium:J52
NCBITaxon:479433	4	mediadive.medium:65|mediadive.medium:84|mediadive.medium:987|mediadive.medium:J689
NCBITaxon:479434	1	mediadive.medium:467
NCBITaxon:479435	3	mediadive.medium:830|mediadive.medium:J43|mediadive.medium:J52
NCBITaxon:479437	4	mediadive.medium:339|mediadive.medium:693|mediadive.medium:78|mediadive.medium:J14
NCBITaxon:479474	2	mediadive.medium:220|mediadive.medium:J75
NCBITaxon:47951	1	mediadive.medium:514c
NCBITaxon:47959	1	mediadive.medium:389
NCBITaxon:47960	1	mediadive.medium:518
NCBITaxon:47988	4	mediadive.medium:65|mediadive.medium:82|mediadive.medium:83|mediadive.medium:J50
NCBITaxon:47989	3	mediadive.medium:554|mediadive.medium:65|mediadive.medium:J58
NCBITaxon:47990	3	mediadive.medium:65|mediadive.medium:84|mediadive.medium:J58
NCBITaxon:47994	1	mediadive.medium:803
NCBITaxon:479972	1	mediadive.medium:1593
NCBITaxon:479978	6	mediadive.medium:535|mediadive.medium:553|mediadive.medium:554|mediadive.medium:65|mediadive.medium:987|mediadive.medium:J61
NCBITaxon:479979	2	mediadive.medium:554|mediadive.medium:65
NCBITaxon:48	3	mediadive.medium:1542|mediadive.medium:222|mediadive.medium:9
NCBITaxon:480	2	mediadive.medium:215|mediadive.medium:693
NCBITaxon:480035	5	mediadive.medium:535|mediadive.medium:553|mediadive.medium:65|mediadive.medium:J43|mediadive.medium:J57
NCBITaxon:480036	3	mediadive.medium:65|mediadive.medium:J43|mediadive.medium:J57
NCBITaxon:480070	3	mediadive.medium:1398|mediadive.medium:830|mediadive.medium:J848
NCBITaxon:480224	1	mediadive.medium:87
NCBITaxon:480284	1	mediadive.medium:220
NCBITaxon:480391	1	mediadive.medium:92
NCBITaxon:480520	3	mediadive.medium:514|mediadive.medium:693|mediadive.medium:92
NCBITaxon:48074	1	mediadive.medium:514
NCBITaxon:480813	1	mediadive.medium:535
NCBITaxon:480930	1	mediadive.medium:11
NCBITaxon:480934	1	mediadive.medium:11
NCBITaxon:480996	3	mediadive.medium:553|mediadive.medium:65|mediadive.medium:J51
NCBITaxon:480997	3	mediadive.medium:535|mediadive.medium:65|mediadive.medium:J51
NCBITaxon:481002	4	mediadive.medium:65|mediadive.medium:84|mediadive.medium:J45|mediadive.medium:J66
NCBITaxon:481003	3	mediadive.medium:535|mediadive.medium:65|mediadive.medium:J50
NCBITaxon:481137	1	mediadive.medium:693
NCBITaxon:481138	1	mediadive.medium:693
NCBITaxon:481139	1	mediadive.medium:693
NCBITaxon:481181	1	mediadive.medium:514
NCBITaxon:481353	1	mediadive.medium:372
NCBITaxon:481446	1	mediadive.medium:514
NCBITaxon:481520	1	mediadive.medium:830
NCBITaxon:481719	1	mediadive.medium:11
NCBITaxon:481720	1	mediadive.medium:11
NCBITaxon:481722	1	mediadive.medium:11
NCBITaxon:481723	1	mediadive.medium:11
NCBITaxon:481805	3	mediadive.medium:1|mediadive.medium:693|mediadive.medium:92
NCBITaxon:48221	2	mediadive.medium:514|mediadive.medium:92
NCBITaxon:482461	1	mediadive.medium:593
NCBITaxon:48256	1	mediadive.medium:255
NCBITaxon:48292	1	mediadive.medium:162
NCBITaxon:482957	1	mediadive.medium:830
NCBITaxon:48296	4	mediadive.medium:1|mediadive.medium:220|mediadive.medium:535|mediadive.medium:693
NCBITaxon:483011	1	mediadive.medium:11
NCBITaxon:483013	1	mediadive.medium:514
NCBITaxon:483014	3	mediadive.medium:92|mediadive.medium:J256|mediadive.medium:J26
NCBITaxon:483016	1	mediadive.medium:514
NCBITaxon:483214	2	mediadive.medium:119|mediadive.medium:1523
NCBITaxon:483215	3	mediadive.medium:104|mediadive.medium:78|mediadive.medium:J14
NCBITaxon:483216	4	mediadive.medium:104|mediadive.medium:1203a|mediadive.medium:693|mediadive.medium:J14
NCBITaxon:483217	3	mediadive.medium:104|mediadive.medium:693|mediadive.medium:J14
NCBITaxon:483545	3	mediadive.medium:553|mediadive.medium:83|mediadive.medium:J49
NCBITaxon:483547	2	mediadive.medium:1249|mediadive.medium:J683
NCBITaxon:483896	2	mediadive.medium:141|mediadive.medium:J198
NCBITaxon:483913	1	mediadive.medium:1
NCBITaxon:483937	1	mediadive.medium:220
NCBITaxon:484	2	mediadive.medium:215|mediadive.medium:693
NCBITaxon:484018	3	mediadive.medium:693|mediadive.medium:78|mediadive.medium:J14
NCBITaxon:484088	1	mediadive.medium:98
NCBITaxon:484184	1	mediadive.medium:220
NCBITaxon:484498	1	mediadive.medium:1303
NCBITaxon:48464	1	mediadive.medium:603
NCBITaxon:48465	1	mediadive.medium:628
NCBITaxon:48466	1	mediadive.medium:628
NCBITaxon:48467	2	mediadive.medium:1728|mediadive.medium:628
NCBITaxon:485	3	mediadive.medium:429b|mediadive.medium:693|mediadive.medium:J1270
NCBITaxon:485577	1	mediadive.medium:593
NCBITaxon:485602	2	mediadive.medium:554|mediadive.medium:J61
NCBITaxon:485907	1	mediadive.medium:1
NCBITaxon:485913	4	mediadive.medium:1532|mediadive.medium:65|mediadive.medium:84|mediadive.medium:987
NCBITaxon:485914	2	mediadive.medium:372|mediadive.medium:J168
NCBITaxon:485915	2	mediadive.medium:499|mediadive.medium:J824
NCBITaxon:485916	1	mediadive.medium:124
NCBITaxon:485917	2	mediadive.medium:1|mediadive.medium:J22
NCBITaxon:485918	1	mediadive.medium:67
NCBITaxon:486505	2	mediadive.medium:553|mediadive.medium:65
NCBITaxon:486507	1	mediadive.medium:830
NCBITaxon:48664	2	mediadive.medium:1|mediadive.medium:830
NCBITaxon:486698	1	mediadive.medium:645
NCBITaxon:487	2	mediadive.medium:693|mediadive.medium:J1270
NCBITaxon:487172	4	mediadive.medium:553|mediadive.medium:554|mediadive.medium:65|mediadive.medium:J52
NCBITaxon:487175	1	mediadive.medium:339
NCBITaxon:487184	1	mediadive.medium:514
NCBITaxon:48727	1	mediadive.medium:752
NCBITaxon:48729	1	mediadive.medium:28
NCBITaxon:487514	2	mediadive.medium:645|mediadive.medium:J386
NCBITaxon:487685	1	mediadive.medium:141c
NCBITaxon:487686	1	mediadive.medium:141
NCBITaxon:487698	1	mediadive.medium:1
NCBITaxon:488	3	mediadive.medium:693|mediadive.medium:J14|mediadive.medium:J282
NCBITaxon:488212	1	mediadive.medium:830c
NCBITaxon:488438	1	mediadive.medium:545
NCBITaxon:488446	2	mediadive.medium:535|mediadive.medium:830
NCBITaxon:488485	2	mediadive.medium:535b|mediadive.medium:J118
NCBITaxon:488547	2	mediadive.medium:514|mediadive.medium:J118
NCBITaxon:488729	2	mediadive.medium:693|mediadive.medium:830
NCBITaxon:488730	2	mediadive.medium:693|mediadive.medium:830
NCBITaxon:488732	2	mediadive.medium:535|mediadive.medium:693
NCBITaxon:488938	1	mediadive.medium:1101
NCBITaxon:489142	2	mediadive.medium:92|mediadive.medium:J475
NCBITaxon:48935	2	mediadive.medium:457|mediadive.medium:830
NCBITaxon:489619	1	mediadive.medium:27
NCBITaxon:489632	1	mediadive.medium:1
NCBITaxon:489703	1	mediadive.medium:830
NCBITaxon:489910	1	mediadive.medium:693
NCBITaxon:489911	2	mediadive.medium:1396|mediadive.medium:J776
NCBITaxon:489912	2	mediadive.medium:1497|mediadive.medium:J789
NCBITaxon:489916	1	mediadive.medium:535
NCBITaxon:489971	1	mediadive.medium:813
NCBITaxon:490	1	mediadive.medium:693
NCBITaxon:490089	1	mediadive.medium:1320
NCBITaxon:490090	1	mediadive.medium:1320
NCBITaxon:490098	2	mediadive.medium:119|mediadive.medium:J242
NCBITaxon:490185	1	mediadive.medium:830
NCBITaxon:490570	2	mediadive.medium:830|mediadive.medium:J26
NCBITaxon:490571	1	mediadive.medium:830c
NCBITaxon:490572	1	mediadive.medium:830c
NCBITaxon:490573	2	mediadive.medium:830|mediadive.medium:J346
NCBITaxon:490575	4	mediadive.medium:535|mediadive.medium:830|mediadive.medium:J26|mediadive.medium:J346
NCBITaxon:490629	3	mediadive.medium:65|mediadive.medium:J207|mediadive.medium:J569
NCBITaxon:490829	1	mediadive.medium:514
NCBITaxon:490900	1	mediadive.medium:514
NCBITaxon:490901	1	mediadive.medium:514
NCBITaxon:491205	1	mediadive.medium:1
NCBITaxon:491207	1	mediadive.medium:1
NCBITaxon:49181	1	mediadive.medium:1
NCBITaxon:49186	2	mediadive.medium:246|mediadive.medium:514
NCBITaxon:492	2	mediadive.medium:215|mediadive.medium:693
NCBITaxon:492670	3	mediadive.medium:1|mediadive.medium:514|mediadive.medium:830
NCBITaxon:492735	3	mediadive.medium:830|mediadive.medium:852|mediadive.medium:J13
NCBITaxon:49280	1	mediadive.medium:514
NCBITaxon:492809	1	mediadive.medium:402
NCBITaxon:49283	1	mediadive.medium:1
NCBITaxon:493	2	mediadive.medium:215|mediadive.medium:429
NCBITaxon:493375	1	mediadive.medium:545
NCBITaxon:49338	4	mediadive.medium:1062|mediadive.medium:720|mediadive.medium:836|mediadive.medium:838
NCBITaxon:493385	2	mediadive.medium:921|mediadive.medium:J828
NCBITaxon:49339	1	mediadive.medium:141
NCBITaxon:49340	1	mediadive.medium:141
NCBITaxon:49341	1	mediadive.medium:119
NCBITaxon:493461	3	mediadive.medium:119|mediadive.medium:J198|mediadive.medium:J702
NCBITaxon:493781	1	mediadive.medium:1247
NCBITaxon:494023	3	mediadive.medium:514|mediadive.medium:J346|mediadive.medium:J475
NCBITaxon:49447	1	mediadive.medium:421
NCBITaxon:494916	1	mediadive.medium:535
NCBITaxon:495	2	mediadive.medium:429|mediadive.medium:545
NCBITaxon:49546	3	mediadive.medium:1566|mediadive.medium:514|mediadive.medium:J118
NCBITaxon:49547	2	mediadive.medium:215|mediadive.medium:734
NCBITaxon:496014	2	mediadive.medium:1365a|mediadive.medium:1492
NCBITaxon:496056	1	mediadive.medium:830
NCBITaxon:496831	2	mediadive.medium:664|mediadive.medium:J713
NCBITaxon:497722	1	mediadive.medium:1212
NCBITaxon:497735	2	mediadive.medium:830|mediadive.medium:J443
NCBITaxon:498	2	mediadive.medium:1|mediadive.medium:J139
NCBITaxon:498198	4	mediadive.medium:535|mediadive.medium:65|mediadive.medium:J26|mediadive.medium:J505
NCBITaxon:498199	3	mediadive.medium:535|mediadive.medium:J26|mediadive.medium:J505
NCBITaxon:498367	3	mediadive.medium:65|mediadive.medium:84|mediadive.medium:J50
NCBITaxon:498371	2	mediadive.medium:829|mediadive.medium:J695
NCBITaxon:498718	2	mediadive.medium:339|mediadive.medium:J583
NCBITaxon:49896	1	mediadive.medium:104
NCBITaxon:49899	4	mediadive.medium:673|mediadive.medium:760|mediadive.medium:J161|mediadive.medium:J280
NCBITaxon:49900	4	mediadive.medium:480b|mediadive.medium:760|mediadive.medium:J160|mediadive.medium:J280
NCBITaxon:499059	1	mediadive.medium:514
NCBITaxon:499177	2	mediadive.medium:38|mediadive.medium:J1130
NCBITaxon:499207	2	mediadive.medium:1051|mediadive.medium:J770
NCBITaxon:499229	2	mediadive.medium:1301|mediadive.medium:J770
NCBITaxon:499528	1	mediadive.medium:98
NCBITaxon:499548	2	mediadive.medium:553|mediadive.medium:J42
NCBITaxon:499555	2	mediadive.medium:535|mediadive.medium:J26
NCBITaxon:499557	1	mediadive.medium:65
NCBITaxon:49982	4	mediadive.medium:220|mediadive.medium:514|mediadive.medium:830|mediadive.medium:92
NCBITaxon:500153	4	mediadive.medium:252|mediadive.medium:65|mediadive.medium:84|mediadive.medium:J50
NCBITaxon:500465	1	mediadive.medium:985
NCBITaxon:500610	4	mediadive.medium:1015|mediadive.medium:535|mediadive.medium:65|mediadive.medium:J75
NCBITaxon:500633	2	mediadive.medium:104c|mediadive.medium:J14
NCBITaxon:500634	3	mediadive.medium:58|mediadive.medium:J13|mediadive.medium:J19
NCBITaxon:500635	5	mediadive.medium:104|mediadive.medium:1203a|mediadive.medium:693|mediadive.medium:J14|mediadive.medium:J84
NCBITaxon:500637	2	mediadive.medium:1|mediadive.medium:J12
NCBITaxon:501010	4	mediadive.medium:252|mediadive.medium:535|mediadive.medium:553|mediadive.medium:65
NCBITaxon:501024	1	mediadive.medium:1
NCBITaxon:501340	1	mediadive.medium:1248
NCBITaxon:501482	2	mediadive.medium:92|mediadive.medium:J28
NCBITaxon:501483	2	mediadive.medium:92|mediadive.medium:J475
NCBITaxon:501487	1	mediadive.medium:11
NCBITaxon:502025	2	mediadive.medium:958|mediadive.medium:J341
NCBITaxon:502049	1	mediadive.medium:514
NCBITaxon:502115	2	mediadive.medium:924a|mediadive.medium:J687
NCBITaxon:502180	3	mediadive.medium:553|mediadive.medium:84|mediadive.medium:J51
NCBITaxon:502181	2	mediadive.medium:535|mediadive.medium:J51
NCBITaxon:502268	5	mediadive.medium:535|mediadive.medium:553|mediadive.medium:554|mediadive.medium:65|mediadive.medium:J61
NCBITaxon:502282	1	mediadive.medium:63
NCBITaxon:502330	1	mediadive.medium:830
NCBITaxon:502333	1	mediadive.medium:830
NCBITaxon:502394	2	mediadive.medium:92|mediadive.medium:J475
NCBITaxon:502577	3	mediadive.medium:65|mediadive.medium:84|mediadive.medium:J52
NCBITaxon:502821	1	mediadive.medium:514
NCBITaxon:502829	1	mediadive.medium:545
NCBITaxon:502909	1	mediadive.medium:830
NCBITaxon:50338	1	mediadive.medium:98
NCBITaxon:50339	2	mediadive.medium:398|mediadive.medium:J180
NCBITaxon:503834	2	mediadive.medium:1410|mediadive.medium:J678
NCBITaxon:50421	1	mediadive.medium:830
NCBITaxon:50422	1	mediadive.medium:514
NCBITaxon:504468	1	mediadive.medium:1401
NCBITaxon:504472	1	mediadive.medium:7
NCBITaxon:504474	3	mediadive.medium:535a|mediadive.medium:693|mediadive.medium:J256
NCBITaxon:504486	1	mediadive.medium:514
NCBITaxon:504487	1	mediadive.medium:514
NCBITaxon:504488	1	mediadive.medium:514
NCBITaxon:504728	1	mediadive.medium:256
NCBITaxon:504797	5	mediadive.medium:215|mediadive.medium:535|mediadive.medium:553|mediadive.medium:65|mediadive.medium:J26
NCBITaxon:504798	2	mediadive.medium:65|mediadive.medium:J43
NCBITaxon:504800	4	mediadive.medium:553|mediadive.medium:65|mediadive.medium:830|mediadive.medium:J26
NCBITaxon:504805	3	mediadive.medium:553|mediadive.medium:65|mediadive.medium:J51
NCBITaxon:504832	2	mediadive.medium:133|mediadive.medium:830
NCBITaxon:504901	1	mediadive.medium:28
NCBITaxon:504926	1	mediadive.medium:1
NCBITaxon:504936	1	mediadive.medium:11
NCBITaxon:505249	2	mediadive.medium:514|mediadive.medium:J118
NCBITaxon:505251	2	mediadive.medium:514|mediadive.medium:J118
NCBITaxon:505252	2	mediadive.medium:514|mediadive.medium:J118
NCBITaxon:505254	4	mediadive.medium:1065|mediadive.medium:1159|mediadive.medium:1240|mediadive.medium:514
NCBITaxon:505256	4	mediadive.medium:1065|mediadive.medium:1240|mediadive.medium:514|mediadive.medium:J275
NCBITaxon:505317	2	mediadive.medium:215|mediadive.medium:693
NCBITaxon:505353	1	mediadive.medium:514
NCBITaxon:505389	1	mediadive.medium:98
NCBITaxon:505694	1	mediadive.medium:1224
NCBITaxon:506594	2	mediadive.medium:92|mediadive.medium:J26
NCBITaxon:50712	2	mediadive.medium:109|mediadive.medium:27
NCBITaxon:50715	2	mediadive.medium:1119|mediadive.medium:J270
NCBITaxon:50717	2	mediadive.medium:434|mediadive.medium:J76
NCBITaxon:50718	1	mediadive.medium:514
NCBITaxon:50719	1	mediadive.medium:514
NCBITaxon:50740	1	mediadive.medium:514
NCBITaxon:50741	2	mediadive.medium:1393|mediadive.medium:514
NCBITaxon:507751	1	mediadive.medium:693
NCBITaxon:507754	2	mediadive.medium:874|mediadive.medium:J593
NCBITaxon:507844	2	mediadive.medium:693|mediadive.medium:78
NCBITaxon:508451	1	mediadive.medium:11
NCBITaxon:508461	1	mediadive.medium:514
NCBITaxon:508661	2	mediadive.medium:1|mediadive.medium:98
NCBITaxon:509190	3	mediadive.medium:1|mediadive.medium:J139|mediadive.medium:J22
NCBITaxon:509191	1	mediadive.medium:165
NCBITaxon:509193	1	mediadive.medium:144
NCBITaxon:509198	1	mediadive.medium:553
NCBITaxon:509199	4	mediadive.medium:252|mediadive.medium:65|mediadive.medium:84|mediadive.medium:J51
NCBITaxon:509200	5	mediadive.medium:252|mediadive.medium:65|mediadive.medium:84|mediadive.medium:J51|mediadive.medium:J52
NCBITaxon:509203	3	mediadive.medium:535|mediadive.medium:553|mediadive.medium:65
NCBITaxon:51	3	mediadive.medium:67|mediadive.medium:9|mediadive.medium:J436
NCBITaxon:51047	1	mediadive.medium:804
NCBITaxon:51048	1	mediadive.medium:804
NCBITaxon:51049	1	mediadive.medium:804
NCBITaxon:510515	1	mediadive.medium:535
NCBITaxon:510955	2	mediadive.medium:381|mediadive.medium:90
NCBITaxon:511	5	mediadive.medium:1|mediadive.medium:220|mediadive.medium:465|mediadive.medium:92|mediadive.medium:J12
NCBITaxon:51101	3	mediadive.medium:1|mediadive.medium:453|mediadive.medium:J22
NCBITaxon:511108	1	mediadive.medium:535
NCBITaxon:511487	3	mediadive.medium:220|mediadive.medium:545|mediadive.medium:J443
NCBITaxon:51161	1	mediadive.medium:429
NCBITaxon:511662	2	mediadive.medium:514|mediadive.medium:J118
NCBITaxon:51173	4	mediadive.medium:215|mediadive.medium:220|mediadive.medium:535|mediadive.medium:830
NCBITaxon:511811	2	mediadive.medium:65|mediadive.medium:J50
NCBITaxon:511998	1	mediadive.medium:514c
NCBITaxon:512	2	mediadive.medium:1|mediadive.medium:92
NCBITaxon:51201	6	mediadive.medium:65|mediadive.medium:84|mediadive.medium:J42|mediadive.medium:J45|mediadive.medium:J58|mediadive.medium:J61
NCBITaxon:51203	1	mediadive.medium:713
NCBITaxon:512349	6	mediadive.medium:215|mediadive.medium:535|mediadive.medium:553|mediadive.medium:65|mediadive.medium:J42|mediadive.medium:J52
NCBITaxon:512350	6	mediadive.medium:215|mediadive.medium:535|mediadive.medium:553|mediadive.medium:65|mediadive.medium:J42|mediadive.medium:J52
NCBITaxon:512382	1	mediadive.medium:1220
NCBITaxon:512383	1	mediadive.medium:1220
NCBITaxon:512397	2	mediadive.medium:220|mediadive.medium:464
NCBITaxon:512399	1	mediadive.medium:1
NCBITaxon:512402	3	mediadive.medium:645|mediadive.medium:693|mediadive.medium:J386
NCBITaxon:512643	1	mediadive.medium:514c
NCBITaxon:512650	2	mediadive.medium:514|mediadive.medium:514f
NCBITaxon:512762	2	mediadive.medium:830|mediadive.medium:J346
NCBITaxon:51288	3	mediadive.medium:1|mediadive.medium:693|mediadive.medium:92
NCBITaxon:513160	2	mediadive.medium:1|mediadive.medium:J346
NCBITaxon:51362	1	mediadive.medium:1076b
NCBITaxon:51364	1	mediadive.medium:1076b
NCBITaxon:51365	1	mediadive.medium:1076b
NCBITaxon:51367	5	mediadive.medium:246|mediadive.medium:514|mediadive.medium:597|mediadive.medium:J118|mediadive.medium:J41
NCBITaxon:51513	4	mediadive.medium:514|mediadive.medium:65|mediadive.medium:830|mediadive.medium:92
NCBITaxon:515326	3	mediadive.medium:830|mediadive.medium:J26|mediadive.medium:J346
NCBITaxon:515350	4	mediadive.medium:553|mediadive.medium:554|mediadive.medium:65|mediadive.medium:J61
NCBITaxon:515361	2	mediadive.medium:1|mediadive.medium:98
NCBITaxon:515393	4	mediadive.medium:1|mediadive.medium:1a|mediadive.medium:381|mediadive.medium:535
NCBITaxon:515415	2	mediadive.medium:92|mediadive.medium:J26
NCBITaxon:515489	1	mediadive.medium:1334
NCBITaxon:515620	1	mediadive.medium:436
NCBITaxon:515635	1	mediadive.medium:516
NCBITaxon:515662	4	mediadive.medium:535|mediadive.medium:92|mediadive.medium:J26|mediadive.medium:J346
NCBITaxon:515897	1	mediadive.medium:545
NCBITaxon:515947	1	mediadive.medium:535
NCBITaxon:515949	1	mediadive.medium:514c
NCBITaxon:516123	2	mediadive.medium:1106|mediadive.medium:J706
NCBITaxon:516370	3	mediadive.medium:252|mediadive.medium:65|mediadive.medium:J58
NCBITaxon:51663	2	mediadive.medium:11|mediadive.medium:231
NCBITaxon:51664	1	mediadive.medium:11
NCBITaxon:516699	1	mediadive.medium:92
NCBITaxon:51670	1	mediadive.medium:162
NCBITaxon:516702	1	mediadive.medium:514
NCBITaxon:51671	6	mediadive.medium:220|mediadive.medium:513|mediadive.medium:514|mediadive.medium:535|mediadive.medium:830|mediadive.medium:92
NCBITaxon:516965	2	mediadive.medium:830|mediadive.medium:J346
NCBITaxon:517011	2	mediadive.medium:1|mediadive.medium:463a
NCBITaxon:517424	1	mediadive.medium:992
NCBITaxon:517425	1	mediadive.medium:1520
NCBITaxon:517719	1	mediadive.medium:514
NCBITaxon:517720	1	mediadive.medium:514
NCBITaxon:518	3	mediadive.medium:220|mediadive.medium:693|mediadive.medium:92
NCBITaxon:518634	3	mediadive.medium:58|mediadive.medium:J11|mediadive.medium:J13
NCBITaxon:518635	4	mediadive.medium:58|mediadive.medium:J13|mediadive.medium:J14|mediadive.medium:J84
NCBITaxon:518637	2	mediadive.medium:78|mediadive.medium:J14
NCBITaxon:518642	5	mediadive.medium:252|mediadive.medium:65|mediadive.medium:84|mediadive.medium:987|mediadive.medium:J50
NCBITaxon:518766	1	mediadive.medium:630
NCBITaxon:518825	2	mediadive.medium:1|mediadive.medium:462
NCBITaxon:519	3	mediadive.medium:215|mediadive.medium:438|mediadive.medium:693
NCBITaxon:519050	1	mediadive.medium:11
NCBITaxon:519061	1	mediadive.medium:1403
NCBITaxon:519081	1	mediadive.medium:830
NCBITaxon:519421	5	mediadive.medium:553|mediadive.medium:65|mediadive.medium:84|mediadive.medium:987|mediadive.medium:J43
NCBITaxon:519441	2	mediadive.medium:1|mediadive.medium:693
NCBITaxon:519442	2	mediadive.medium:927|mediadive.medium:J294
NCBITaxon:519450	1	mediadive.medium:1076b
NCBITaxon:519472	1	mediadive.medium:92
NCBITaxon:52	3	mediadive.medium:67|mediadive.medium:9|mediadive.medium:J436
NCBITaxon:520	2	mediadive.medium:438|mediadive.medium:693
NCBITaxon:52001	2	mediadive.medium:795|mediadive.medium:J244
NCBITaxon:52004	1	mediadive.medium:784
NCBITaxon:520043	1	mediadive.medium:514d
NCBITaxon:520089	3	mediadive.medium:535|mediadive.medium:830|mediadive.medium:J346
NCBITaxon:520092	1	mediadive.medium:830
NCBITaxon:52017	5	mediadive.medium:195c|mediadive.medium:383|mediadive.medium:410|mediadive.medium:63|mediadive.medium:641
NCBITaxon:52020	6	mediadive.medium:535|mediadive.medium:553|mediadive.medium:554|mediadive.medium:621|mediadive.medium:65|mediadive.medium:714
NCBITaxon:52021	3	mediadive.medium:514|mediadive.medium:514b|mediadive.medium:762
NCBITaxon:52022	1	mediadive.medium:86
NCBITaxon:520764	2	mediadive.medium:104b|mediadive.medium:J684
NCBITaxon:520767	2	mediadive.medium:104c|mediadive.medium:1255
NCBITaxon:520999	5	mediadive.medium:1|mediadive.medium:693|mediadive.medium:92|mediadive.medium:J12|mediadive.medium:J22
NCBITaxon:521	2	mediadive.medium:220|mediadive.medium:693
NCBITaxon:521000	2	mediadive.medium:1|mediadive.medium:693
NCBITaxon:521001	2	mediadive.medium:119|mediadive.medium:1523
NCBITaxon:521002	2	mediadive.medium:119|mediadive.medium:1523
NCBITaxon:521003	2	mediadive.medium:104|mediadive.medium:J14
NCBITaxon:521013	1	mediadive.medium:514
NCBITaxon:521045	1	mediadive.medium:1163
NCBITaxon:521095	2	mediadive.medium:104|mediadive.medium:J14
NCBITaxon:521096	2	mediadive.medium:535|mediadive.medium:J43
NCBITaxon:521097	4	mediadive.medium:340|mediadive.medium:693|mediadive.medium:J14|mediadive.medium:J459
NCBITaxon:521098	2	mediadive.medium:402|mediadive.medium:J101
NCBITaxon:521158	1	mediadive.medium:830
NCBITaxon:52131	1	mediadive.medium:98
NCBITaxon:521392	2	mediadive.medium:92|mediadive.medium:J26
NCBITaxon:521393	1	mediadive.medium:104
NCBITaxon:521460	1	mediadive.medium:516
NCBITaxon:521520	2	mediadive.medium:220|mediadive.medium:92
NCBITaxon:521674	1	mediadive.medium:621
NCBITaxon:521689	1	mediadive.medium:28
NCBITaxon:521720	3	mediadive.medium:535|mediadive.medium:545|mediadive.medium:907
NCBITaxon:522259	2	mediadive.medium:1|mediadive.medium:J346
NCBITaxon:522262	2	mediadive.medium:693|mediadive.medium:92
NCBITaxon:522319	2	mediadive.medium:830c|mediadive.medium:J346
NCBITaxon:522397	2	mediadive.medium:1290|mediadive.medium:J779
NCBITaxon:52242	1	mediadive.medium:11
NCBITaxon:522487	2	mediadive.medium:830|mediadive.medium:J346
NCBITaxon:522488	2	mediadive.medium:830|mediadive.medium:J346
NCBITaxon:52258	5	mediadive.medium:252|mediadive.medium:65|mediadive.medium:84|mediadive.medium:J58|mediadive.medium:J66
NCBITaxon:52259	3	mediadive.medium:65|mediadive.medium:84|mediadive.medium:J45
NCBITaxon:522772	1	mediadive.medium:881
NCBITaxon:522889	2	mediadive.medium:1191|mediadive.medium:51
NCBITaxon:523696	1	mediadive.medium:514
NCBITaxon:523701	1	mediadive.medium:514
NCBITaxon:523742	1	mediadive.medium:514
NCBITaxon:523788	1	mediadive.medium:1a
NCBITaxon:523791	2	mediadive.medium:514|mediadive.medium:J118
NCBITaxon:523794	6	mediadive.medium:104|mediadive.medium:110|mediadive.medium:693|mediadive.medium:J14|mediadive.medium:J460|mediadive.medium:J465
NCBITaxon:523841	3	mediadive.medium:372|mediadive.medium:97|mediadive.medium:J168
NCBITaxon:523842	1	mediadive.medium:141
NCBITaxon:523843	1	mediadive.medium:479
NCBITaxon:523844	1	mediadive.medium:120
NCBITaxon:523845	2	mediadive.medium:141|mediadive.medium:J265
NCBITaxon:523846	2	mediadive.medium:203|mediadive.medium:J251
NCBITaxon:523849	3	mediadive.medium:760|mediadive.medium:J161|mediadive.medium:J280
NCBITaxon:523851	4	mediadive.medium:673|mediadive.medium:760|mediadive.medium:J161|mediadive.medium:J280
NCBITaxon:524	3	mediadive.medium:269|mediadive.medium:670|mediadive.medium:J129
NCBITaxon:52442	1	mediadive.medium:1583
NCBITaxon:52443	3	mediadive.medium:115|mediadive.medium:514|mediadive.medium:514f
NCBITaxon:524884	3	mediadive.medium:553|mediadive.medium:65|mediadive.medium:J43
NCBITaxon:525146	1	mediadive.medium:63
NCBITaxon:525245	2	mediadive.medium:217|mediadive.medium:693
NCBITaxon:525246	2	mediadive.medium:217|mediadive.medium:693
NCBITaxon:525247	3	mediadive.medium:104|mediadive.medium:693|mediadive.medium:J282
NCBITaxon:525254	3	mediadive.medium:104|mediadive.medium:J14|mediadive.medium:J84
NCBITaxon:525255	5	mediadive.medium:104|mediadive.medium:78|mediadive.medium:J14|mediadive.medium:J83|mediadive.medium:J84
NCBITaxon:525256	4	mediadive.medium:104|mediadive.medium:110|mediadive.medium:429b|mediadive.medium:693
NCBITaxon:525257	2	mediadive.medium:92|mediadive.medium:J12
NCBITaxon:525260	3	mediadive.medium:535a|mediadive.medium:693|mediadive.medium:J256
NCBITaxon:525262	3	mediadive.medium:535|mediadive.medium:693|mediadive.medium:J302
NCBITaxon:525263	3	mediadive.medium:535a|mediadive.medium:693|mediadive.medium:J302
NCBITaxon:525268	4	mediadive.medium:535|mediadive.medium:693|mediadive.medium:92|mediadive.medium:J26
NCBITaxon:525280	1	mediadive.medium:693
NCBITaxon:525309	1	mediadive.medium:11
NCBITaxon:525325	3	mediadive.medium:11|mediadive.medium:J13|mediadive.medium:J84
NCBITaxon:525328	3	mediadive.medium:58|mediadive.medium:693|mediadive.medium:J13
NCBITaxon:525330	2	mediadive.medium:11|mediadive.medium:J13
NCBITaxon:525337	2	mediadive.medium:11|mediadive.medium:J13
NCBITaxon:525363	1	mediadive.medium:11
NCBITaxon:525365	1	mediadive.medium:11
NCBITaxon:525367	3	mediadive.medium:215|mediadive.medium:693|mediadive.medium:J256
NCBITaxon:525368	2	mediadive.medium:645|mediadive.medium:J386
NCBITaxon:525369	5	mediadive.medium:1|mediadive.medium:693|mediadive.medium:92|mediadive.medium:J12|mediadive.medium:J22
NCBITaxon:525372	2	mediadive.medium:1|mediadive.medium:67
NCBITaxon:525373	3	mediadive.medium:1|mediadive.medium:J12|mediadive.medium:J22
NCBITaxon:525379	3	mediadive.medium:693|mediadive.medium:92|mediadive.medium:J141
NCBITaxon:52560	1	mediadive.medium:63
NCBITaxon:52561	1	mediadive.medium:641
NCBITaxon:52584	3	mediadive.medium:1203a|mediadive.medium:693|mediadive.medium:840
NCBITaxon:525886	1	mediadive.medium:1076b
NCBITaxon:525897	1	mediadive.medium:63
NCBITaxon:525898	1	mediadive.medium:541
NCBITaxon:525903	1	mediadive.medium:104c
NCBITaxon:525909	2	mediadive.medium:709|mediadive.medium:J698
NCBITaxon:525919	3	mediadive.medium:104|mediadive.medium:J14|mediadive.medium:J84
NCBITaxon:525924	1	mediadive.medium:9
NCBITaxon:52603	1	mediadive.medium:514
NCBITaxon:526218	2	mediadive.medium:104|mediadive.medium:693
NCBITaxon:526222	1	mediadive.medium:163
NCBITaxon:526224	2	mediadive.medium:693|mediadive.medium:840
NCBITaxon:526225	4	mediadive.medium:553|mediadive.medium:65|mediadive.medium:83|mediadive.medium:J47
NCBITaxon:526226	4	mediadive.medium:535|mediadive.medium:80|mediadive.medium:J43|mediadive.medium:J57
NCBITaxon:526588	2	mediadive.medium:514|mediadive.medium:514c
NCBITaxon:526729	6	mediadive.medium:426|mediadive.medium:514|mediadive.medium:535|mediadive.medium:65|mediadive.medium:J118|mediadive.medium:J569
NCBITaxon:52689	1	mediadive.medium:900
NCBITaxon:52690	1	mediadive.medium:124
NCBITaxon:52691	1	mediadive.medium:900
NCBITaxon:52692	1	mediadive.medium:135
NCBITaxon:52693	1	mediadive.medium:614
NCBITaxon:52694	1	mediadive.medium:135
NCBITaxon:526944	2	mediadive.medium:92|mediadive.medium:J69
NCBITaxon:52695	7	mediadive.medium:553|mediadive.medium:554|mediadive.medium:65|mediadive.medium:83|mediadive.medium:84|mediadive.medium:J42|mediadive.medium:J52
NCBITaxon:52696	4	mediadive.medium:553|mediadive.medium:65|mediadive.medium:J42|mediadive.medium:J52
NCBITaxon:52697	9	mediadive.medium:130|mediadive.medium:189|mediadive.medium:553|mediadive.medium:554|mediadive.medium:65|mediadive.medium:83|mediadive.medium:J50|mediadive.medium:J51|mediadive.medium:J52
NCBITaxon:52698	3	mediadive.medium:1159|mediadive.medium:910|mediadive.medium:J115
NCBITaxon:526980	3	mediadive.medium:1|mediadive.medium:693|mediadive.medium:J22
NCBITaxon:52699	7	mediadive.medium:53|mediadive.medium:830|mediadive.medium:92|mediadive.medium:987|mediadive.medium:J26|mediadive.medium:J43|mediadive.medium:J57
NCBITaxon:526997	2	mediadive.medium:1|mediadive.medium:693
NCBITaxon:527	1	mediadive.medium:269
NCBITaxon:527000	2	mediadive.medium:1|mediadive.medium:J22
NCBITaxon:527002	2	mediadive.medium:535|mediadive.medium:J12
NCBITaxon:527004	2	mediadive.medium:535|mediadive.medium:J12
NCBITaxon:527005	3	mediadive.medium:535|mediadive.medium:J12|mediadive.medium:J22
NCBITaxon:52704	1	mediadive.medium:769
NCBITaxon:527312	1	mediadive.medium:514
NCBITaxon:527326	1	mediadive.medium:92
NCBITaxon:52761	6	mediadive.medium:1|mediadive.medium:221|mediadive.medium:428|mediadive.medium:81|mediadive.medium:J22|mediadive.medium:J74
NCBITaxon:52763	1	mediadive.medium:402
NCBITaxon:52767	2	mediadive.medium:104|mediadive.medium:693
NCBITaxon:52769	1	mediadive.medium:218
NCBITaxon:52770	1	mediadive.medium:104
NCBITaxon:52773	2	mediadive.medium:104|mediadive.medium:693
NCBITaxon:52786	1	mediadive.medium:719
NCBITaxon:52787	1	mediadive.medium:719
NCBITaxon:528178	1	mediadive.medium:1031a
NCBITaxon:528187	1	mediadive.medium:220
NCBITaxon:528191	1	mediadive.medium:220
NCBITaxon:528244	2	mediadive.medium:428|mediadive.medium:830
NCBITaxon:528314	2	mediadive.medium:141b|mediadive.medium:J262
NCBITaxon:529	8	mediadive.medium:1|mediadive.medium:220|mediadive.medium:457|mediadive.medium:53|mediadive.medium:535|mediadive.medium:693|mediadive.medium:92|mediadive.medium:J22
NCBITaxon:529005	1	mediadive.medium:830
NCBITaxon:529086	2	mediadive.medium:535|mediadive.medium:830
NCBITaxon:529120	2	mediadive.medium:514|mediadive.medium:J118
NCBITaxon:529374	1	mediadive.medium:1
NCBITaxon:529505	2	mediadive.medium:514|mediadive.medium:514a
NCBITaxon:529704	1	mediadive.medium:830c
NCBITaxon:529810	2	mediadive.medium:830|mediadive.medium:J346
NCBITaxon:529884	1	mediadive.medium:1167
NCBITaxon:530564	1	mediadive.medium:600
NCBITaxon:530584	3	mediadive.medium:553|mediadive.medium:65|mediadive.medium:J43
NCBITaxon:531306	2	mediadive.medium:514b|mediadive.medium:J733
NCBITaxon:531309	1	mediadive.medium:514b
NCBITaxon:531312	1	mediadive.medium:514
NCBITaxon:531814	2	mediadive.medium:514|mediadive.medium:J41
NCBITaxon:531815	2	mediadive.medium:514|mediadive.medium:J118
NCBITaxon:531816	1	mediadive.medium:514
NCBITaxon:531938	2	mediadive.medium:65|mediadive.medium:J42
NCBITaxon:532059	5	mediadive.medium:1|mediadive.medium:830|mediadive.medium:J1024|mediadive.medium:J346|mediadive.medium:J839
NCBITaxon:53245	1	mediadive.medium:742
NCBITaxon:53249	1	mediadive.medium:514
NCBITaxon:53254	2	mediadive.medium:545|mediadive.medium:763
NCBITaxon:533	2	mediadive.medium:111|mediadive.medium:830
NCBITaxon:53332	1	mediadive.medium:194
NCBITaxon:53336	2	mediadive.medium:1a|mediadive.medium:J12
NCBITaxon:53341	2	mediadive.medium:220|mediadive.medium:535
NCBITaxon:53344	2	mediadive.medium:693|mediadive.medium:92
NCBITaxon:53345	1	mediadive.medium:92
NCBITaxon:53346	3	mediadive.medium:693|mediadive.medium:92|mediadive.medium:J156
NCBITaxon:53356	2	mediadive.medium:535|mediadive.medium:J43
NCBITaxon:53358	2	mediadive.medium:215|mediadive.medium:65
NCBITaxon:53359	4	mediadive.medium:554|mediadive.medium:65|mediadive.medium:J42|mediadive.medium:J58
NCBITaxon:53361	3	mediadive.medium:554|mediadive.medium:65|mediadive.medium:J441
NCBITaxon:53362	4	mediadive.medium:252|mediadive.medium:554|mediadive.medium:84|mediadive.medium:J50
NCBITaxon:53363	1	mediadive.medium:92
NCBITaxon:53364	2	mediadive.medium:92|mediadive.medium:J28
NCBITaxon:53366	3	mediadive.medium:65|mediadive.medium:656|mediadive.medium:J52
NCBITaxon:53367	4	mediadive.medium:554|mediadive.medium:65|mediadive.medium:J42|mediadive.medium:J61
NCBITaxon:53371	5	mediadive.medium:65|mediadive.medium:83|mediadive.medium:J104|mediadive.medium:J109|mediadive.medium:J346
NCBITaxon:53372	5	mediadive.medium:83|mediadive.medium:J104|mediadive.medium:J106|mediadive.medium:J109|mediadive.medium:J346
NCBITaxon:53374	2	mediadive.medium:535|mediadive.medium:J26
NCBITaxon:53376	3	mediadive.medium:354|mediadive.medium:645|mediadive.medium:J386
NCBITaxon:53378	2	mediadive.medium:645|mediadive.medium:J386
NCBITaxon:53388	3	mediadive.medium:621|mediadive.medium:736|mediadive.medium:J26
NCBITaxon:53398	1	mediadive.medium:162
NCBITaxon:53399	1	mediadive.medium:166
NCBITaxon:53406	1	mediadive.medium:220
NCBITaxon:53407	3	mediadive.medium:1|mediadive.medium:54|mediadive.medium:J156
NCBITaxon:53408	4	mediadive.medium:220a|mediadive.medium:462|mediadive.medium:465i|mediadive.medium:535
NCBITaxon:53410	2	mediadive.medium:220a|mediadive.medium:J12
NCBITaxon:53413	2	mediadive.medium:1|mediadive.medium:54
NCBITaxon:53417	2	mediadive.medium:429|mediadive.medium:693
NCBITaxon:53422	2	mediadive.medium:104c|mediadive.medium:778a
NCBITaxon:53426	2	mediadive.medium:770|mediadive.medium:J252
NCBITaxon:53428	3	mediadive.medium:215|mediadive.medium:553|mediadive.medium:J263
NCBITaxon:53431	3	mediadive.medium:65|mediadive.medium:J43|mediadive.medium:J57
NCBITaxon:53432	2	mediadive.medium:535|mediadive.medium:65
NCBITaxon:53437	5	mediadive.medium:215b|mediadive.medium:535|mediadive.medium:553|mediadive.medium:65|mediadive.medium:83
NCBITaxon:53442	4	mediadive.medium:1203a|mediadive.medium:1611|mediadive.medium:397|mediadive.medium:J14
NCBITaxon:53443	1	mediadive.medium:1611
NCBITaxon:53444	2	mediadive.medium:231|mediadive.medium:J291
NCBITaxon:53445	3	mediadive.medium:65|mediadive.medium:J50|mediadive.medium:J66
NCBITaxon:53446	5	mediadive.medium:65|mediadive.medium:84|mediadive.medium:J42|mediadive.medium:J50|mediadive.medium:J58
NCBITaxon:53447	3	mediadive.medium:65|mediadive.medium:J42|mediadive.medium:J66
NCBITaxon:53448	4	mediadive.medium:65|mediadive.medium:84|mediadive.medium:J50|mediadive.medium:J66
NCBITaxon:53449	5	mediadive.medium:65|mediadive.medium:84|mediadive.medium:J42|mediadive.medium:J50|mediadive.medium:J66
NCBITaxon:53450	4	mediadive.medium:252|mediadive.medium:65|mediadive.medium:J43|mediadive.medium:J66
NCBITaxon:53458	1	mediadive.medium:92
NCBITaxon:53462	2	mediadive.medium:354|mediadive.medium:645
NCBITaxon:53463	2	mediadive.medium:1|mediadive.medium:193
NCBITaxon:53483	1	mediadive.medium:514
NCBITaxon:53501	2	mediadive.medium:123|mediadive.medium:J118
NCBITaxon:53522	6	mediadive.medium:214|mediadive.medium:535|mediadive.medium:65|mediadive.medium:84|mediadive.medium:J217|mediadive.medium:J219
NCBITaxon:535290	2	mediadive.medium:585|mediadive.medium:J119
NCBITaxon:53573	1	mediadive.medium:935
NCBITaxon:535904	1	mediadive.medium:830
NCBITaxon:535906	1	mediadive.medium:1
NCBITaxon:535907	1	mediadive.medium:1
NCBITaxon:536	4	mediadive.medium:1|mediadive.medium:535|mediadive.medium:693|mediadive.medium:92
NCBITaxon:536044	1	mediadive.medium:141c
NCBITaxon:536056	1	mediadive.medium:381
NCBITaxon:536229	2	mediadive.medium:1|mediadive.medium:J22
NCBITaxon:536633	4	mediadive.medium:104b|mediadive.medium:J14|mediadive.medium:J674|mediadive.medium:J676
NCBITaxon:536979	2	mediadive.medium:830|mediadive.medium:J346
NCBITaxon:536980	2	mediadive.medium:830|mediadive.medium:J346
NCBITaxon:537	3	mediadive.medium:1|mediadive.medium:215|mediadive.medium:J22
NCBITaxon:537006	3	mediadive.medium:104|mediadive.medium:693|mediadive.medium:J14
NCBITaxon:537007	2	mediadive.medium:104|mediadive.medium:J676
NCBITaxon:537010	1	mediadive.medium:836
NCBITaxon:537011	2	mediadive.medium:1669|mediadive.medium:J14
NCBITaxon:537012	4	mediadive.medium:693|mediadive.medium:78|mediadive.medium:J14|mediadive.medium:J461
NCBITaxon:537013	1	mediadive.medium:492
NCBITaxon:537017	1	mediadive.medium:830
NCBITaxon:537971	1	mediadive.medium:693
NCBITaxon:538220	1	mediadive.medium:1076b
NCBITaxon:538379	2	mediadive.medium:220|mediadive.medium:457b
NCBITaxon:539262	1	mediadive.medium:220
NCBITaxon:539329	1	mediadive.medium:429c
NCBITaxon:53953	2	mediadive.medium:377|mediadive.medium:J151
NCBITaxon:53972	1	mediadive.medium:535
NCBITaxon:539813	2	mediadive.medium:535|mediadive.medium:J443
NCBITaxon:54	2	mediadive.medium:9|mediadive.medium:942
NCBITaxon:54005	2	mediadive.medium:104|mediadive.medium:693
NCBITaxon:54006	2	mediadive.medium:104|mediadive.medium:693
NCBITaxon:540060	2	mediadive.medium:1|mediadive.medium:830
NCBITaxon:540061	1	mediadive.medium:830
NCBITaxon:54007	2	mediadive.medium:104|mediadive.medium:693
NCBITaxon:54015	5	mediadive.medium:513|mediadive.medium:535|mediadive.medium:736|mediadive.medium:830|mediadive.medium:92
NCBITaxon:540251	1	mediadive.medium:27
NCBITaxon:54061	5	mediadive.medium:1|mediadive.medium:462|mediadive.medium:465|mediadive.medium:535|mediadive.medium:830
NCBITaxon:54062	4	mediadive.medium:11|mediadive.medium:J68|mediadive.medium:J83|mediadive.medium:J84
NCBITaxon:54063	9	mediadive.medium:1240|mediadive.medium:1241|mediadive.medium:1499|mediadive.medium:1504|mediadive.medium:1535|mediadive.medium:246|mediadive.medium:549|mediadive.medium:993|mediadive.medium:993c
NCBITaxon:54067	2	mediadive.medium:587|mediadive.medium:830
NCBITaxon:540747	1	mediadive.medium:514
NCBITaxon:54076	2	mediadive.medium:376|mediadive.medium:J267
NCBITaxon:54077	2	mediadive.medium:760|mediadive.medium:J280
NCBITaxon:540906	1	mediadive.medium:830
NCBITaxon:54121	1	mediadive.medium:933
NCBITaxon:542	3	mediadive.medium:10|mediadive.medium:1445|mediadive.medium:J247
NCBITaxon:542300	1	mediadive.medium:1426
NCBITaxon:542344	2	mediadive.medium:1|mediadive.medium:54
NCBITaxon:54255	1	mediadive.medium:88b
NCBITaxon:54262	2	mediadive.medium:760|mediadive.medium:766
NCBITaxon:542764	3	mediadive.medium:252|mediadive.medium:65|mediadive.medium:84
NCBITaxon:542833	1	mediadive.medium:11
NCBITaxon:54311	1	mediadive.medium:1677
NCBITaxon:543356	1	mediadive.medium:514a
NCBITaxon:543360	1	mediadive.medium:1
NCBITaxon:543526	2	mediadive.medium:372|mediadive.medium:J169
NCBITaxon:543527	3	mediadive.medium:554|mediadive.medium:65|mediadive.medium:J43
NCBITaxon:543615	1	mediadive.medium:830
NCBITaxon:543629	3	mediadive.medium:553|mediadive.medium:65|mediadive.medium:J57
NCBITaxon:543877	1	mediadive.medium:514
NCBITaxon:543887	3	mediadive.medium:65|mediadive.medium:987|mediadive.medium:J51
NCBITaxon:543890	1	mediadive.medium:514
NCBITaxon:543892	2	mediadive.medium:113|mediadive.medium:J91
NCBITaxon:544480	1	mediadive.medium:464
NCBITaxon:544580	4	mediadive.medium:104|mediadive.medium:217|mediadive.medium:693|mediadive.medium:J14
NCBITaxon:544581	4	mediadive.medium:104|mediadive.medium:693|mediadive.medium:J14|mediadive.medium:J461
NCBITaxon:544681	1	mediadive.medium:830
NCBITaxon:544910	1	mediadive.medium:830
NCBITaxon:545	6	mediadive.medium:1|mediadive.medium:426|mediadive.medium:693|mediadive.medium:92|mediadive.medium:J12|mediadive.medium:J22
NCBITaxon:545121	1	mediadive.medium:65
NCBITaxon:545123	1	mediadive.medium:65
NCBITaxon:545534	2	mediadive.medium:92|mediadive.medium:J27
NCBITaxon:545536	2	mediadive.medium:81|mediadive.medium:J774
NCBITaxon:545537	3	mediadive.medium:81a|mediadive.medium:830d|mediadive.medium:J775
NCBITaxon:545543	2	mediadive.medium:92|mediadive.medium:J28
NCBITaxon:545619	2	mediadive.medium:92|mediadive.medium:J28
NCBITaxon:545624	4	mediadive.medium:535|mediadive.medium:830|mediadive.medium:92|mediadive.medium:J346
NCBITaxon:54565	2	mediadive.medium:63|mediadive.medium:J389
NCBITaxon:545696	1	mediadive.medium:104
NCBITaxon:545697	2	mediadive.medium:110|mediadive.medium:J14
NCBITaxon:54571	4	mediadive.medium:252|mediadive.medium:65|mediadive.medium:84|mediadive.medium:J42
NCBITaxon:545864	1	mediadive.medium:830c
NCBITaxon:546	7	mediadive.medium:1|mediadive.medium:220|mediadive.medium:381|mediadive.medium:514|mediadive.medium:535|mediadive.medium:693|mediadive.medium:92
NCBITaxon:546021	1	mediadive.medium:220
NCBITaxon:546023	1	mediadive.medium:514
NCBITaxon:546107	1	mediadive.medium:514
NCBITaxon:546108	1	mediadive.medium:514
NCBITaxon:546114	2	mediadive.medium:830|mediadive.medium:J346
NCBITaxon:546115	2	mediadive.medium:830|mediadive.medium:J26
NCBITaxon:546157	1	mediadive.medium:11
NCBITaxon:546160	2	mediadive.medium:535|mediadive.medium:J26
NCBITaxon:546262	1	mediadive.medium:693
NCBITaxon:546263	2	mediadive.medium:215|mediadive.medium:693
NCBITaxon:546265	2	mediadive.medium:545|mediadive.medium:693
NCBITaxon:546267	2	mediadive.medium:429|mediadive.medium:693
NCBITaxon:546270	1	mediadive.medium:693
NCBITaxon:546271	2	mediadive.medium:104|mediadive.medium:110
NCBITaxon:546273	2	mediadive.medium:136|mediadive.medium:693
NCBITaxon:546274	4	mediadive.medium:429|mediadive.medium:693|mediadive.medium:J14|mediadive.medium:J282
NCBITaxon:546275	3	mediadive.medium:110|mediadive.medium:693|mediadive.medium:J14
NCBITaxon:546364	3	mediadive.medium:548|mediadive.medium:65|mediadive.medium:J43
NCBITaxon:546365	3	mediadive.medium:553|mediadive.medium:65|mediadive.medium:J43
NCBITaxon:546367	3	mediadive.medium:1a|mediadive.medium:693|mediadive.medium:92
NCBITaxon:546871	3	mediadive.medium:1484|mediadive.medium:464|mediadive.medium:830
NCBITaxon:546872	1	mediadive.medium:830
NCBITaxon:546873	1	mediadive.medium:830
NCBITaxon:546874	1	mediadive.medium:464
NCBITaxon:546892	2	mediadive.medium:1|mediadive.medium:535
NCBITaxon:547	3	mediadive.medium:1|mediadive.medium:693|mediadive.medium:92
NCBITaxon:547018	2	mediadive.medium:736|mediadive.medium:J76
NCBITaxon:547043	3	mediadive.medium:58|mediadive.medium:J13|mediadive.medium:J19
NCBITaxon:547045	1	mediadive.medium:693
NCBITaxon:547056	1	mediadive.medium:548
NCBITaxon:547057	2	mediadive.medium:548|mediadive.medium:65
NCBITaxon:547122	2	mediadive.medium:1011|mediadive.medium:J721
NCBITaxon:547162	4	mediadive.medium:535|mediadive.medium:553|mediadive.medium:65|mediadive.medium:J61
NCBITaxon:547163	2	mediadive.medium:645|mediadive.medium:J386
NCBITaxon:547334	1	mediadive.medium:92
NCBITaxon:547461	7	mediadive.medium:252|mediadive.medium:535|mediadive.medium:553|mediadive.medium:65|mediadive.medium:84|mediadive.medium:J49|mediadive.medium:J52
NCBITaxon:547558	1	mediadive.medium:479
NCBITaxon:547559	2	mediadive.medium:371|mediadive.medium:J167
NCBITaxon:54767	1	mediadive.medium:63b
NCBITaxon:548	2	mediadive.medium:535|mediadive.medium:693
NCBITaxon:548476	3	mediadive.medium:693|mediadive.medium:92|mediadive.medium:J26
NCBITaxon:548478	2	mediadive.medium:535a|mediadive.medium:J26
NCBITaxon:548579	3	mediadive.medium:381|mediadive.medium:92|mediadive.medium:J26
NCBITaxon:548580	3	mediadive.medium:65|mediadive.medium:J50|mediadive.medium:J66
NCBITaxon:548918	1	mediadive.medium:144
NCBITaxon:549	4	mediadive.medium:1|mediadive.medium:220|mediadive.medium:693|mediadive.medium:92
NCBITaxon:549000	2	mediadive.medium:372|mediadive.medium:J611
NCBITaxon:549003	2	mediadive.medium:372|mediadive.medium:J611
NCBITaxon:54910	2	mediadive.medium:1|mediadive.medium:J22
NCBITaxon:54911	2	mediadive.medium:215|mediadive.medium:J22
NCBITaxon:54913	2	mediadive.medium:1|mediadive.medium:J26
NCBITaxon:54914	2	mediadive.medium:1|mediadive.medium:J22
NCBITaxon:54915	2	mediadive.medium:1|mediadive.medium:J22
NCBITaxon:549298	2	mediadive.medium:429d|mediadive.medium:545
NCBITaxon:549687	1	mediadive.medium:220
NCBITaxon:550	5	mediadive.medium:1|mediadive.medium:1a|mediadive.medium:535|mediadive.medium:693|mediadive.medium:92
NCBITaxon:550540	2	mediadive.medium:514|mediadive.medium:699
NCBITaxon:55085	3	mediadive.medium:1203a|mediadive.medium:693|mediadive.medium:92
NCBITaxon:551275	2	mediadive.medium:514|mediadive.medium:J118
NCBITaxon:551459	1	mediadive.medium:1
NCBITaxon:551547	4	mediadive.medium:65|mediadive.medium:84|mediadive.medium:J43|mediadive.medium:J66
NCBITaxon:551760	2	mediadive.medium:1712|mediadive.medium:830
NCBITaxon:551789	2	mediadive.medium:514|mediadive.medium:J118
NCBITaxon:552	2	mediadive.medium:1|mediadive.medium:535
NCBITaxon:552061	1	mediadive.medium:514
NCBITaxon:552064	2	mediadive.medium:514d|mediadive.medium:J913
NCBITaxon:55207	1	mediadive.medium:535
NCBITaxon:55209	4	mediadive.medium:1|mediadive.medium:1015|mediadive.medium:1a|mediadive.medium:54
NCBITaxon:55212	1	mediadive.medium:1a
NCBITaxon:55213	1	mediadive.medium:1
NCBITaxon:552386	2	mediadive.medium:101|mediadive.medium:514f
NCBITaxon:552518	1	mediadive.medium:1
NCBITaxon:552535	1	mediadive.medium:693
NCBITaxon:552788	4	mediadive.medium:252|mediadive.medium:65|mediadive.medium:84|mediadive.medium:J42
NCBITaxon:552903	4	mediadive.medium:514|mediadive.medium:65|mediadive.medium:92|mediadive.medium:J26
NCBITaxon:553	1	mediadive.medium:1
NCBITaxon:553151	2	mediadive.medium:514|mediadive.medium:J118
NCBITaxon:553174	4	mediadive.medium:104|mediadive.medium:693|mediadive.medium:J14|mediadive.medium:J84
NCBITaxon:553175	3	mediadive.medium:110|mediadive.medium:693|mediadive.medium:J677
NCBITaxon:553177	4	mediadive.medium:340|mediadive.medium:693|mediadive.medium:J14|mediadive.medium:J459
NCBITaxon:553178	4	mediadive.medium:340|mediadive.medium:693|mediadive.medium:J14|mediadive.medium:J459
NCBITaxon:553184	2	mediadive.medium:104|mediadive.medium:J14
NCBITaxon:553201	3	mediadive.medium:693|mediadive.medium:92|mediadive.medium:J28
NCBITaxon:553207	4	mediadive.medium:693|mediadive.medium:92|mediadive.medium:J256|mediadive.medium:J28
NCBITaxon:553239	1	mediadive.medium:514c
NCBITaxon:553311	1	mediadive.medium:514d
NCBITaxon:553384	2	mediadive.medium:535|mediadive.medium:J443
NCBITaxon:553427	1	mediadive.medium:1381
NCBITaxon:553429	1	mediadive.medium:830
NCBITaxon:553447	1	mediadive.medium:987
NCBITaxon:553466	1	mediadive.medium:1377
NCBITaxon:553481	2	mediadive.medium:354|mediadive.medium:645
NCBITaxon:553484	2	mediadive.medium:535|mediadive.medium:J75
NCBITaxon:553611	1	mediadive.medium:514
NCBITaxon:553814	2	mediadive.medium:1|mediadive.medium:830
NCBITaxon:553973	2	mediadive.medium:110|mediadive.medium:J14
NCBITaxon:553982	1	mediadive.medium:1469
NCBITaxon:554	5	mediadive.medium:1a|mediadive.medium:220|mediadive.medium:381|mediadive.medium:535|mediadive.medium:545
NCBITaxon:55404	6	mediadive.medium:252|mediadive.medium:65|mediadive.medium:84|mediadive.medium:J42|mediadive.medium:J43|mediadive.medium:J58
NCBITaxon:554083	3	mediadive.medium:92|mediadive.medium:J26|mediadive.medium:J475
NCBITaxon:554117	1	mediadive.medium:220
NCBITaxon:554308	2	mediadive.medium:514|mediadive.medium:J75
NCBITaxon:554344	2	mediadive.medium:535|mediadive.medium:J443
NCBITaxon:554406	2	mediadive.medium:110|mediadive.medium:693
NCBITaxon:554880	1	mediadive.medium:514d
NCBITaxon:55505	1	mediadive.medium:878
NCBITaxon:555059	5	mediadive.medium:252|mediadive.medium:65|mediadive.medium:84|mediadive.medium:987|mediadive.medium:J66
NCBITaxon:55507	1	mediadive.medium:666
NCBITaxon:555079	1	mediadive.medium:664
NCBITaxon:555088	1	mediadive.medium:1104
NCBITaxon:55518	2	mediadive.medium:380|mediadive.medium:J660
NCBITaxon:555371	2	mediadive.medium:92|mediadive.medium:J475
NCBITaxon:555372	3	mediadive.medium:554|mediadive.medium:65|mediadive.medium:J61
NCBITaxon:555393	1	mediadive.medium:1076b
NCBITaxon:555455	3	mediadive.medium:554|mediadive.medium:65|mediadive.medium:J42
NCBITaxon:555512	1	mediadive.medium:514
NCBITaxon:55565	2	mediadive.medium:1203|mediadive.medium:693
NCBITaxon:555778	1	mediadive.medium:68
NCBITaxon:555779	1	mediadive.medium:1101
NCBITaxon:555970	2	mediadive.medium:58|mediadive.medium:J13
NCBITaxon:556	1	mediadive.medium:1a
NCBITaxon:55601	4	mediadive.medium:115|mediadive.medium:514|mediadive.medium:535|mediadive.medium:693
NCBITaxon:556053	2	mediadive.medium:1167|mediadive.medium:830
NCBITaxon:556054	1	mediadive.medium:830
NCBITaxon:556055	1	mediadive.medium:830
NCBITaxon:556177	1	mediadive.medium:220
NCBITaxon:556268	1	mediadive.medium:419
NCBITaxon:556325	3	mediadive.medium:736|mediadive.medium:J118|mediadive.medium:J569
NCBITaxon:556530	1	mediadive.medium:92
NCBITaxon:556531	6	mediadive.medium:1109|mediadive.medium:535|mediadive.medium:65|mediadive.medium:84|mediadive.medium:J1174|mediadive.medium:J1178
NCBITaxon:556532	2	mediadive.medium:1109|mediadive.medium:65
NCBITaxon:556533	3	mediadive.medium:220|mediadive.medium:457|mediadive.medium:830
NCBITaxon:556534	2	mediadive.medium:220a|mediadive.medium:457
NCBITaxon:556890	3	mediadive.medium:830|mediadive.medium:J26|mediadive.medium:J28
NCBITaxon:557433	3	mediadive.medium:11|mediadive.medium:J13|mediadive.medium:J84
NCBITaxon:557450	2	mediadive.medium:1293|mediadive.medium:J766
NCBITaxon:557451	1	mediadive.medium:1293
NCBITaxon:557555	2	mediadive.medium:220|mediadive.medium:693
NCBITaxon:557557	1	mediadive.medium:220
NCBITaxon:55758	2	mediadive.medium:311c|mediadive.medium:734
NCBITaxon:557599	3	mediadive.medium:250|mediadive.medium:645|mediadive.medium:J386
NCBITaxon:55779	1	mediadive.medium:793
NCBITaxon:558	3	mediadive.medium:1|mediadive.medium:535|mediadive.medium:92
NCBITaxon:558152	2	mediadive.medium:545|mediadive.medium:J75
NCBITaxon:558153	1	mediadive.medium:104c
NCBITaxon:558169	2	mediadive.medium:514|mediadive.medium:J377
NCBITaxon:558170	2	mediadive.medium:514|mediadive.medium:J118
NCBITaxon:558172	1	mediadive.medium:830
NCBITaxon:558173	3	mediadive.medium:535a|mediadive.medium:693|mediadive.medium:J28
NCBITaxon:558271	1	mediadive.medium:514
NCBITaxon:558529	2	mediadive.medium:927|mediadive.medium:J294
NCBITaxon:558537	2	mediadive.medium:1|mediadive.medium:1a
NCBITaxon:558884	1	mediadive.medium:1
NCBITaxon:558964	1	mediadive.medium:1
NCBITaxon:559315	1	mediadive.medium:98
NCBITaxon:559625	4	mediadive.medium:215|mediadive.medium:535|mediadive.medium:65|mediadive.medium:J43
NCBITaxon:559626	7	mediadive.medium:215|mediadive.medium:535|mediadive.medium:553|mediadive.medium:554|mediadive.medium:65|mediadive.medium:J43|mediadive.medium:J51
NCBITaxon:559627	3	mediadive.medium:215|mediadive.medium:535|mediadive.medium:554
NCBITaxon:559628	3	mediadive.medium:830|mediadive.medium:J26|mediadive.medium:J346
NCBITaxon:559629	3	mediadive.medium:215|mediadive.medium:553|mediadive.medium:65
NCBITaxon:55968	1	mediadive.medium:92
NCBITaxon:55969	2	mediadive.medium:92|mediadive.medium:J26
NCBITaxon:559956	1	mediadive.medium:514b
NCBITaxon:56	5	mediadive.medium:1854|mediadive.medium:223|mediadive.medium:9|mediadive.medium:938|mediadive.medium:J436
NCBITaxon:560080	1	mediadive.medium:514
NCBITaxon:560405	1	mediadive.medium:464
NCBITaxon:56055	2	mediadive.medium:785|mediadive.medium:J326
NCBITaxon:560555	2	mediadive.medium:645|mediadive.medium:J386
NCBITaxon:560556	3	mediadive.medium:554|mediadive.medium:65|mediadive.medium:J51
NCBITaxon:560557	3	mediadive.medium:514|mediadive.medium:830|mediadive.medium:J720
NCBITaxon:560819	2	mediadive.medium:1343|mediadive.medium:J849
NCBITaxon:561061	1	mediadive.medium:830
NCBITaxon:561067	2	mediadive.medium:1076a|mediadive.medium:1076b
NCBITaxon:561173	5	mediadive.medium:553|mediadive.medium:65|mediadive.medium:987|mediadive.medium:J51|mediadive.medium:J52
NCBITaxon:561175	4	mediadive.medium:535|mediadive.medium:553|mediadive.medium:554|mediadive.medium:J51
NCBITaxon:561176	7	mediadive.medium:215|mediadive.medium:535|mediadive.medium:553|mediadive.medium:65|mediadive.medium:987|mediadive.medium:J26|mediadive.medium:J52
NCBITaxon:561177	4	mediadive.medium:104|mediadive.medium:J14|mediadive.medium:J83|mediadive.medium:J84
NCBITaxon:561180	3	mediadive.medium:58|mediadive.medium:J13|mediadive.medium:J14
NCBITaxon:561184	2	mediadive.medium:514|mediadive.medium:J118
NCBITaxon:56119	1	mediadive.medium:503
NCBITaxon:561365	2	mediadive.medium:514|mediadive.medium:J118
NCBITaxon:561440	2	mediadive.medium:220|mediadive.medium:J75
NCBITaxon:561505	1	mediadive.medium:514
NCBITaxon:561720	1	mediadive.medium:906
NCBITaxon:561879	1	mediadive.medium:220
NCBITaxon:56192	2	mediadive.medium:115a|mediadive.medium:514f
NCBITaxon:56193	3	mediadive.medium:220|mediadive.medium:457|mediadive.medium:J75
NCBITaxon:562	21	mediadive.medium:1|mediadive.medium:1270|mediadive.medium:215|mediadive.medium:220|mediadive.medium:237|mediadive.medium:238|mediadive.medium:306|mediadive.medium:339|mediadive.medium:381|mediadive.medium:382|mediadive.medium:394|mediadive.medium:426|mediadive.medium:450|mediadive.medium:535|mediadive.medium:544|mediadive.medium:545|mediadive.medium:546|mediadive.medium:661|mediadive.medium:693|mediadive.medium:92|mediadive.medium:J12
NCBITaxon:562969	1	mediadive.medium:514
NCBITaxon:562970	1	mediadive.medium:369
NCBITaxon:563040	3	mediadive.medium:1011|mediadive.medium:1011c|mediadive.medium:J356
NCBITaxon:563162	1	mediadive.medium:830
NCBITaxon:563163	1	mediadive.medium:830
NCBITaxon:563176	1	mediadive.medium:830
NCBITaxon:563188	2	mediadive.medium:1216|mediadive.medium:J701
NCBITaxon:56361	3	mediadive.medium:1|mediadive.medium:364|mediadive.medium:J22
NCBITaxon:563735	2	mediadive.medium:372|mediadive.medium:J377
NCBITaxon:563996	1	mediadive.medium:535
NCBITaxon:564	3	mediadive.medium:1|mediadive.medium:693|mediadive.medium:92
NCBITaxon:564198	1	mediadive.medium:645
NCBITaxon:56425	1	mediadive.medium:645
NCBITaxon:56428	3	mediadive.medium:554|mediadive.medium:65|mediadive.medium:J51
NCBITaxon:564287	2	mediadive.medium:1|mediadive.medium:J22
NCBITaxon:564369	1	mediadive.medium:535
NCBITaxon:56438	4	mediadive.medium:553|mediadive.medium:554|mediadive.medium:65|mediadive.medium:J42
NCBITaxon:564413	4	mediadive.medium:553|mediadive.medium:65|mediadive.medium:J42|mediadive.medium:J52
NCBITaxon:564415	4	mediadive.medium:553|mediadive.medium:65|mediadive.medium:84|mediadive.medium:J50
NCBITaxon:564423	2	mediadive.medium:1a|mediadive.medium:J22
NCBITaxon:56448	6	mediadive.medium:1|mediadive.medium:1a|mediadive.medium:54|mediadive.medium:54a|mediadive.medium:830|mediadive.medium:830c
NCBITaxon:56449	1	mediadive.medium:1a
NCBITaxon:56453	1	mediadive.medium:1a
NCBITaxon:56454	2	mediadive.medium:1|mediadive.medium:54
NCBITaxon:56455	2	mediadive.medium:1|mediadive.medium:54
NCBITaxon:56458	1	mediadive.medium:1
NCBITaxon:56459	3	mediadive.medium:1015|mediadive.medium:693|mediadive.medium:92
NCBITaxon:56463	1	mediadive.medium:1
NCBITaxon:56464	2	mediadive.medium:1a|mediadive.medium:830c
NCBITaxon:564766	1	mediadive.medium:514
NCBITaxon:565033	1	mediadive.medium:1210
NCBITaxon:565042	3	mediadive.medium:58|mediadive.medium:J13|mediadive.medium:J19
NCBITaxon:565072	1	mediadive.medium:1274
NCBITaxon:565073	2	mediadive.medium:65|mediadive.medium:84
NCBITaxon:565074	1	mediadive.medium:514
NCBITaxon:565442	1	mediadive.medium:830
NCBITaxon:565973	1	mediadive.medium:11
NCBITaxon:566012	2	mediadive.medium:65|mediadive.medium:J42
NCBITaxon:566017	2	mediadive.medium:250|mediadive.medium:65
NCBITaxon:566021	4	mediadive.medium:535|mediadive.medium:553|mediadive.medium:65|mediadive.medium:J61
NCBITaxon:566022	3	mediadive.medium:535|mediadive.medium:65|mediadive.medium:J26
NCBITaxon:566023	1	mediadive.medium:65
NCBITaxon:566024	3	mediadive.medium:554|mediadive.medium:65|mediadive.medium:J43
NCBITaxon:566027	2	mediadive.medium:92|mediadive.medium:J475
NCBITaxon:566293	1	mediadive.medium:514
NCBITaxon:56636	2	mediadive.medium:514|mediadive.medium:J224
NCBITaxon:566461	3	mediadive.medium:65|mediadive.medium:84|mediadive.medium:J66
NCBITaxon:566546	1	mediadive.medium:1
NCBITaxon:566550	1	mediadive.medium:104b
NCBITaxon:566551	3	mediadive.medium:1|mediadive.medium:J12|mediadive.medium:J22
NCBITaxon:566569	2	mediadive.medium:514|mediadive.medium:830
NCBITaxon:56689	2	mediadive.medium:645|mediadive.medium:J386
NCBITaxon:56698	1	mediadive.medium:771
NCBITaxon:56760	1	mediadive.medium:63
NCBITaxon:56799	1	mediadive.medium:514
NCBITaxon:56800	1	mediadive.medium:514
NCBITaxon:568072	1	mediadive.medium:545
NCBITaxon:568098	1	mediadive.medium:514
NCBITaxon:568099	1	mediadive.medium:514
NCBITaxon:56810	2	mediadive.medium:381|mediadive.medium:514
NCBITaxon:568102	1	mediadive.medium:514
NCBITaxon:568105	1	mediadive.medium:514
NCBITaxon:568106	1	mediadive.medium:514
NCBITaxon:56811	5	mediadive.medium:1152|mediadive.medium:381|mediadive.medium:514|mediadive.medium:605|mediadive.medium:948
NCBITaxon:56812	1	mediadive.medium:514
NCBITaxon:56818	6	mediadive.medium:1|mediadive.medium:125|mediadive.medium:220|mediadive.medium:545|mediadive.medium:606|mediadive.medium:J79
NCBITaxon:568392	1	mediadive.medium:514
NCBITaxon:568602	2	mediadive.medium:736|mediadive.medium:830
NCBITaxon:568603	1	mediadive.medium:514
NCBITaxon:568614	1	mediadive.medium:514
NCBITaxon:568783	1	mediadive.medium:535
NCBITaxon:568784	1	mediadive.medium:1076b
NCBITaxon:568790	1	mediadive.medium:104b
NCBITaxon:568818	3	mediadive.medium:553|mediadive.medium:65|mediadive.medium:J61
NCBITaxon:568844	5	mediadive.medium:553|mediadive.medium:84|mediadive.medium:987|mediadive.medium:J51|mediadive.medium:J52
NCBITaxon:568860	4	mediadive.medium:535|mediadive.medium:553|mediadive.medium:65|mediadive.medium:J51
NCBITaxon:568869	2	mediadive.medium:65|mediadive.medium:J42
NCBITaxon:568872	4	mediadive.medium:553|mediadive.medium:554|mediadive.medium:65|mediadive.medium:J61
NCBITaxon:568899	3	mediadive.medium:514d|mediadive.medium:J377|mediadive.medium:J732
NCBITaxon:569	5	mediadive.medium:1|mediadive.medium:535|mediadive.medium:693|mediadive.medium:830|mediadive.medium:92
NCBITaxon:569127	1	mediadive.medium:830
NCBITaxon:56956	1	mediadive.medium:878
NCBITaxon:56957	1	mediadive.medium:86
NCBITaxon:569599	2	mediadive.medium:514|mediadive.medium:J118
NCBITaxon:569857	2	mediadive.medium:693|mediadive.medium:92
NCBITaxon:569860	1	mediadive.medium:1219
NCBITaxon:569882	1	mediadive.medium:514
NCBITaxon:569883	1	mediadive.medium:514
NCBITaxon:57001	2	mediadive.medium:65|mediadive.medium:987
NCBITaxon:570012	3	mediadive.medium:1a|mediadive.medium:535|mediadive.medium:535b
NCBITaxon:57002	2	mediadive.medium:65|mediadive.medium:987
NCBITaxon:570267	2	mediadive.medium:960|mediadive.medium:J507
NCBITaxon:570268	5	mediadive.medium:553|mediadive.medium:554|mediadive.medium:65|mediadive.medium:693|mediadive.medium:987
NCBITaxon:570276	1	mediadive.medium:830c
NCBITaxon:57028	1	mediadive.medium:514
NCBITaxon:570281	1	mediadive.medium:514
NCBITaxon:57037	1	mediadive.medium:11
NCBITaxon:57040	1	mediadive.medium:383
NCBITaxon:57043	2	mediadive.medium:92|mediadive.medium:J26
NCBITaxon:570446	1	mediadive.medium:830
NCBITaxon:570505	1	mediadive.medium:1324
NCBITaxon:570519	1	mediadive.medium:514
NCBITaxon:570520	1	mediadive.medium:514
NCBITaxon:570521	1	mediadive.medium:514
NCBITaxon:570855	2	mediadive.medium:959a|mediadive.medium:J724
NCBITaxon:570936	4	mediadive.medium:535|mediadive.medium:65|mediadive.medium:J42|mediadive.medium:J51
NCBITaxon:570945	1	mediadive.medium:514
NCBITaxon:570947	1	mediadive.medium:514
NCBITaxon:570951	1	mediadive.medium:636
NCBITaxon:570952	1	mediadive.medium:514
NCBITaxon:570967	1	mediadive.medium:514
NCBITaxon:571	6	mediadive.medium:1|mediadive.medium:220|mediadive.medium:465|mediadive.medium:535|mediadive.medium:693|mediadive.medium:92
NCBITaxon:571166	1	mediadive.medium:514
NCBITaxon:571177	2	mediadive.medium:195c|mediadive.medium:J391
NCBITaxon:571190	1	mediadive.medium:65
NCBITaxon:571254	1	mediadive.medium:535
NCBITaxon:571255	2	mediadive.medium:220|mediadive.medium:461
NCBITaxon:571256	1	mediadive.medium:830
NCBITaxon:571298	1	mediadive.medium:514
NCBITaxon:571438	1	mediadive.medium:1040
NCBITaxon:571898	2	mediadive.medium:1053a|mediadive.medium:J592
NCBITaxon:571911	2	mediadive.medium:535|mediadive.medium:65
NCBITaxon:571912	2	mediadive.medium:553|mediadive.medium:65
NCBITaxon:571915	3	mediadive.medium:535a|mediadive.medium:693|mediadive.medium:J28
NCBITaxon:571932	3	mediadive.medium:1213|mediadive.medium:J377|mediadive.medium:J732
NCBITaxon:571933	3	mediadive.medium:514d|mediadive.medium:J377|mediadive.medium:J732
NCBITaxon:572010	4	mediadive.medium:339|mediadive.medium:693|mediadive.medium:J14|mediadive.medium:J583
NCBITaxon:572036	2	mediadive.medium:830|mediadive.medium:J346
NCBITaxon:572477	1	mediadive.medium:28
NCBITaxon:572478	2	mediadive.medium:88a|mediadive.medium:J297
NCBITaxon:572479	1	mediadive.medium:210
NCBITaxon:572480	3	mediadive.medium:115|mediadive.medium:693|mediadive.medium:J256
NCBITaxon:572544	1	mediadive.medium:314
NCBITaxon:572545	2	mediadive.medium:255|mediadive.medium:J221
NCBITaxon:572546	2	mediadive.medium:399|mediadive.medium:J214
NCBITaxon:572547	1	mediadive.medium:846
NCBITaxon:573	8	mediadive.medium:1|mediadive.medium:1a|mediadive.medium:220|mediadive.medium:535|mediadive.medium:693|mediadive.medium:892|mediadive.medium:92|mediadive.medium:J12
NCBITaxon:573024	1	mediadive.medium:514
NCBITaxon:573058	4	mediadive.medium:693|mediadive.medium:78|mediadive.medium:J14|mediadive.medium:J84
NCBITaxon:573063	2	mediadive.medium:282|mediadive.medium:J232
NCBITaxon:573064	2	mediadive.medium:282|mediadive.medium:J232
NCBITaxon:573065	1	mediadive.medium:595
NCBITaxon:573074	2	mediadive.medium:830|mediadive.medium:88
NCBITaxon:573179	6	mediadive.medium:1031a|mediadive.medium:1848|mediadive.medium:98|mediadive.medium:J25|mediadive.medium:J30|mediadive.medium:J346
NCBITaxon:57320	1	mediadive.medium:195c
NCBITaxon:573321	1	mediadive.medium:1
NCBITaxon:573413	2	mediadive.medium:819|mediadive.medium:J694
NCBITaxon:573497	2	mediadive.medium:1536|mediadive.medium:737
NCBITaxon:573501	1	mediadive.medium:514
NCBITaxon:573563	1	mediadive.medium:92
NCBITaxon:573564	3	mediadive.medium:693|mediadive.medium:92|mediadive.medium:J28
NCBITaxon:573737	1	mediadive.medium:535
NCBITaxon:573739	1	mediadive.medium:1
NCBITaxon:573741	1	mediadive.medium:1a
NCBITaxon:573983	2	mediadive.medium:215|mediadive.medium:693
NCBITaxon:574087	1	mediadive.medium:494
NCBITaxon:574096	1	mediadive.medium:535
NCBITaxon:574349	1	mediadive.medium:514
NCBITaxon:574376	2	mediadive.medium:1|mediadive.medium:J75
NCBITaxon:574560	3	mediadive.medium:1|mediadive.medium:535|mediadive.medium:715
NCBITaxon:574561	3	mediadive.medium:1|mediadive.medium:98|mediadive.medium:J254
NCBITaxon:574649	2	mediadive.medium:92|mediadive.medium:J28
NCBITaxon:574650	2	mediadive.medium:92|mediadive.medium:J28
NCBITaxon:574651	2	mediadive.medium:830|mediadive.medium:J346
NCBITaxon:574699	2	mediadive.medium:65|mediadive.medium:84
NCBITaxon:574700	3	mediadive.medium:535|mediadive.medium:830|mediadive.medium:J26
NCBITaxon:574718	4	mediadive.medium:535|mediadive.medium:92|mediadive.medium:J26|mediadive.medium:J475
NCBITaxon:57480	2	mediadive.medium:37|mediadive.medium:J75
NCBITaxon:57489	1	mediadive.medium:28a
NCBITaxon:574956	1	mediadive.medium:830
NCBITaxon:574964	1	mediadive.medium:381
NCBITaxon:574966	2	mediadive.medium:1510|mediadive.medium:514b
NCBITaxon:57498	2	mediadive.medium:364|mediadive.medium:J22
NCBITaxon:575	1	mediadive.medium:1
NCBITaxon:575178	1	mediadive.medium:1
NCBITaxon:575186	1	mediadive.medium:220
NCBITaxon:575192	3	mediadive.medium:553|mediadive.medium:554|mediadive.medium:J104
NCBITaxon:575193	3	mediadive.medium:554|mediadive.medium:65|mediadive.medium:J104
NCBITaxon:575256	1	mediadive.medium:220
NCBITaxon:575322	1	mediadive.medium:830
NCBITaxon:575584	4	mediadive.medium:1|mediadive.medium:693|mediadive.medium:92|mediadive.medium:J12
NCBITaxon:575660	2	mediadive.medium:553|mediadive.medium:65
NCBITaxon:575978	1	mediadive.medium:63
NCBITaxon:576	6	mediadive.medium:1|mediadive.medium:220|mediadive.medium:535b|mediadive.medium:693|mediadive.medium:92|mediadive.medium:J12
NCBITaxon:576117	1	mediadive.medium:514
NCBITaxon:576118	1	mediadive.medium:514
NCBITaxon:576131	1	mediadive.medium:514
NCBITaxon:576611	1	mediadive.medium:830
NCBITaxon:576784	4	mediadive.medium:252|mediadive.medium:65|mediadive.medium:84|mediadive.medium:J50
NCBITaxon:576944	2	mediadive.medium:1|mediadive.medium:220
NCBITaxon:577	2	mediadive.medium:1|mediadive.medium:220
NCBITaxon:57704	6	mediadive.medium:215b|mediadive.medium:535|mediadive.medium:65|mediadive.medium:693|mediadive.medium:J43|mediadive.medium:J57
NCBITaxon:57706	4	mediadive.medium:1|mediadive.medium:535|mediadive.medium:693|mediadive.medium:92
NCBITaxon:57732	2	mediadive.medium:693|mediadive.medium:92
NCBITaxon:577470	1	mediadive.medium:92
NCBITaxon:577492	2	mediadive.medium:645|mediadive.medium:J386
NCBITaxon:577650	1	mediadive.medium:194
NCBITaxon:577679	3	mediadive.medium:1159|mediadive.medium:J275|mediadive.medium:J487
NCBITaxon:577680	2	mediadive.medium:1159|mediadive.medium:J487
NCBITaxon:578212	1	mediadive.medium:514d
NCBITaxon:578214	1	mediadive.medium:514d
NCBITaxon:578215	1	mediadive.medium:514
NCBITaxon:578216	1	mediadive.medium:92
NCBITaxon:578218	1	mediadive.medium:514
NCBITaxon:578221	1	mediadive.medium:514
NCBITaxon:578222	1	mediadive.medium:736
NCBITaxon:578693	1	mediadive.medium:514d
NCBITaxon:57909	3	mediadive.medium:830|mediadive.medium:J346|mediadive.medium:J58
NCBITaxon:579105	1	mediadive.medium:514
NCBITaxon:579108	5	mediadive.medium:535|mediadive.medium:553|mediadive.medium:65|mediadive.medium:987|mediadive.medium:J51
NCBITaxon:579138	2	mediadive.medium:10|mediadive.medium:J247
NCBITaxon:579446	6	mediadive.medium:514|mediadive.medium:535|mediadive.medium:65|mediadive.medium:92|mediadive.medium:J26|mediadive.medium:J475
NCBITaxon:579748	1	mediadive.medium:514
NCBITaxon:580	4	mediadive.medium:1|mediadive.medium:535|mediadive.medium:693|mediadive.medium:92
NCBITaxon:580166	1	mediadive.medium:514
NCBITaxon:580327	1	mediadive.medium:61
NCBITaxon:580331	2	mediadive.medium:710|mediadive.medium:J825
NCBITaxon:580340	1	mediadive.medium:383
NCBITaxon:580872	1	mediadive.medium:514
NCBITaxon:58107	1	mediadive.medium:987
NCBITaxon:58109	4	mediadive.medium:53|mediadive.medium:535|mediadive.medium:65|mediadive.medium:J52
NCBITaxon:58110	6	mediadive.medium:553|mediadive.medium:65|mediadive.medium:83|mediadive.medium:J51|mediadive.medium:J52|mediadive.medium:J53
NCBITaxon:58112	5	mediadive.medium:248|mediadive.medium:553|mediadive.medium:830|mediadive.medium:84|mediadive.medium:J42
NCBITaxon:58114	3	mediadive.medium:553|mediadive.medium:65|mediadive.medium:J51
NCBITaxon:58115	3	mediadive.medium:554|mediadive.medium:65|mediadive.medium:J66
NCBITaxon:58117	5	mediadive.medium:553|mediadive.medium:554|mediadive.medium:J202|mediadive.medium:J52|mediadive.medium:J55
NCBITaxon:58118	10	mediadive.medium:1|mediadive.medium:248|mediadive.medium:553|mediadive.medium:65|mediadive.medium:84|mediadive.medium:J42|mediadive.medium:J50|mediadive.medium:J51|mediadive.medium:J52|mediadive.medium:J57
NCBITaxon:58119	5	mediadive.medium:65|mediadive.medium:83|mediadive.medium:84|mediadive.medium:J52|mediadive.medium:J58
NCBITaxon:58121	4	mediadive.medium:554|mediadive.medium:65|mediadive.medium:J437|mediadive.medium:J52
NCBITaxon:58123	5	mediadive.medium:215|mediadive.medium:65|mediadive.medium:83|mediadive.medium:84|mediadive.medium:J51
NCBITaxon:58135	1	mediadive.medium:641
NCBITaxon:58136	1	mediadive.medium:63
NCBITaxon:58169	1	mediadive.medium:1a
NCBITaxon:58172	10	mediadive.medium:1|mediadive.medium:215|mediadive.medium:220|mediadive.medium:31|mediadive.medium:464|mediadive.medium:465h|mediadive.medium:514|mediadive.medium:514d|mediadive.medium:830|mediadive.medium:92
NCBITaxon:58180	1	mediadive.medium:195c
NCBITaxon:582	2	mediadive.medium:1|mediadive.medium:535
NCBITaxon:582402	2	mediadive.medium:514|mediadive.medium:607
NCBITaxon:582418	1	mediadive.medium:1
NCBITaxon:582419	1	mediadive.medium:760
NCBITaxon:582475	2	mediadive.medium:220|mediadive.medium:830
NCBITaxon:582607	1	mediadive.medium:1a
NCBITaxon:582702	1	mediadive.medium:830
NCBITaxon:582850	4	mediadive.medium:215|mediadive.medium:220|mediadive.medium:J28|mediadive.medium:J75
NCBITaxon:582851	2	mediadive.medium:220|mediadive.medium:J28
NCBITaxon:582854	2	mediadive.medium:65|mediadive.medium:84
NCBITaxon:582855	2	mediadive.medium:252|mediadive.medium:65
NCBITaxon:58314	2	mediadive.medium:746|mediadive.medium:J194
NCBITaxon:583355	2	mediadive.medium:514|mediadive.medium:J736
NCBITaxon:583356	2	mediadive.medium:1043|mediadive.medium:J506
NCBITaxon:583358	1	mediadive.medium:640
NCBITaxon:58340	5	mediadive.medium:252|mediadive.medium:65|mediadive.medium:84|mediadive.medium:987|mediadive.medium:J42
NCBITaxon:58341	4	mediadive.medium:65|mediadive.medium:84|mediadive.medium:J58|mediadive.medium:J66
NCBITaxon:58343	7	mediadive.medium:252|mediadive.medium:65|mediadive.medium:84|mediadive.medium:993|mediadive.medium:J45|mediadive.medium:J50|mediadive.medium:J58
NCBITaxon:58344	3	mediadive.medium:65|mediadive.medium:84|mediadive.medium:J43
NCBITaxon:58345	4	mediadive.medium:252|mediadive.medium:65|mediadive.medium:84|mediadive.medium:J42
NCBITaxon:58346	4	mediadive.medium:252|mediadive.medium:65|mediadive.medium:84|mediadive.medium:J42
NCBITaxon:58350	5	mediadive.medium:1027|mediadive.medium:252|mediadive.medium:65|mediadive.medium:84|mediadive.medium:J42
NCBITaxon:58351	5	mediadive.medium:252|mediadive.medium:65|mediadive.medium:84|mediadive.medium:J42|mediadive.medium:J58
NCBITaxon:584	6	mediadive.medium:1|mediadive.medium:220|mediadive.medium:426|mediadive.medium:535|mediadive.medium:693|mediadive.medium:92
NCBITaxon:584708	1	mediadive.medium:846
NCBITaxon:584787	1	mediadive.medium:535
NCBITaxon:585	4	mediadive.medium:1|mediadive.medium:220|mediadive.medium:693|mediadive.medium:92
NCBITaxon:585054	3	mediadive.medium:693|mediadive.medium:92|mediadive.medium:J75
NCBITaxon:585198	2	mediadive.medium:104|mediadive.medium:693
NCBITaxon:585199	2	mediadive.medium:104|mediadive.medium:693
NCBITaxon:585224	1	mediadive.medium:65
NCBITaxon:585398	2	mediadive.medium:92|mediadive.medium:J475
NCBITaxon:585455	1	mediadive.medium:1058e
NCBITaxon:585502	3	mediadive.medium:104|mediadive.medium:693|mediadive.medium:J14
NCBITaxon:585503	3	mediadive.medium:693|mediadive.medium:78|mediadive.medium:J14
NCBITaxon:585506	1	mediadive.medium:11
NCBITaxon:585520	3	mediadive.medium:11|mediadive.medium:J13|mediadive.medium:J84
NCBITaxon:585524	1	mediadive.medium:231
NCBITaxon:585528	3	mediadive.medium:215|mediadive.medium:693|mediadive.medium:J14
NCBITaxon:585530	3	mediadive.medium:693|mediadive.medium:92|mediadive.medium:J28
NCBITaxon:585531	2	mediadive.medium:514|mediadive.medium:J118
NCBITaxon:58621	2	mediadive.medium:63|mediadive.medium:641
NCBITaxon:586220	1	mediadive.medium:11
NCBITaxon:586230	1	mediadive.medium:1
NCBITaxon:586416	1	mediadive.medium:1160
NCBITaxon:586733	2	mediadive.medium:693|mediadive.medium:92
NCBITaxon:587	6	mediadive.medium:1|mediadive.medium:220|mediadive.medium:693|mediadive.medium:92|mediadive.medium:J12|mediadive.medium:J22
NCBITaxon:587633	1	mediadive.medium:514
NCBITaxon:587635	1	mediadive.medium:830
NCBITaxon:587636	4	mediadive.medium:830|mediadive.medium:92|mediadive.medium:J26|mediadive.medium:J346
NCBITaxon:587734	1	mediadive.medium:514
NCBITaxon:587735	1	mediadive.medium:514
NCBITaxon:587739	2	mediadive.medium:514|mediadive.medium:J118
NCBITaxon:587753	6	mediadive.medium:1|mediadive.medium:535|mediadive.medium:545|mediadive.medium:830|mediadive.medium:907|mediadive.medium:J12
NCBITaxon:587851	7	mediadive.medium:1|mediadive.medium:1a|mediadive.medium:220|mediadive.medium:462|mediadive.medium:465|mediadive.medium:535|mediadive.medium:J12
NCBITaxon:587872	3	mediadive.medium:65|mediadive.medium:693|mediadive.medium:J26
NCBITaxon:587909	3	mediadive.medium:553|mediadive.medium:65|mediadive.medium:J43
NCBITaxon:588	5	mediadive.medium:1|mediadive.medium:220a|mediadive.medium:693|mediadive.medium:92|mediadive.medium:J22
NCBITaxon:588067	3	mediadive.medium:535|mediadive.medium:65|mediadive.medium:J43
NCBITaxon:588083	1	mediadive.medium:1458
NCBITaxon:588122	2	mediadive.medium:65|mediadive.medium:84
NCBITaxon:588319	3	mediadive.medium:377a|mediadive.medium:J160|mediadive.medium:J277
NCBITaxon:588581	2	mediadive.medium:289|mediadive.medium:520
NCBITaxon:588602	1	mediadive.medium:514
NCBITaxon:588604	1	mediadive.medium:514
NCBITaxon:588672	1	mediadive.medium:830
NCBITaxon:588932	2	mediadive.medium:1|mediadive.medium:J12
NCBITaxon:589010	2	mediadive.medium:92|mediadive.medium:J443
NCBITaxon:589035	1	mediadive.medium:381
NCBITaxon:589240	5	mediadive.medium:535|mediadive.medium:553|mediadive.medium:65|mediadive.medium:987|mediadive.medium:J104
NCBITaxon:589330	2	mediadive.medium:553|mediadive.medium:J43
NCBITaxon:589382	3	mediadive.medium:92|mediadive.medium:J26|mediadive.medium:J475
NCBITaxon:589385	2	mediadive.medium:65|mediadive.medium:J43
NCBITaxon:589403	2	mediadive.medium:65|mediadive.medium:J43
NCBITaxon:589865	1	mediadive.medium:1104
NCBITaxon:589873	1	mediadive.medium:514
NCBITaxon:589924	1	mediadive.medium:730
NCBITaxon:590593	1	mediadive.medium:535
NCBITaxon:590609	2	mediadive.medium:830|mediadive.medium:J346
NCBITaxon:590652	2	mediadive.medium:645|mediadive.medium:J386
NCBITaxon:590998	2	mediadive.medium:53|mediadive.medium:J28
NCBITaxon:591001	3	mediadive.medium:110|mediadive.medium:414|mediadive.medium:693
NCBITaxon:591019	2	mediadive.medium:795|mediadive.medium:J244
NCBITaxon:591159	3	mediadive.medium:65|mediadive.medium:84|mediadive.medium:J42
NCBITaxon:591202	1	mediadive.medium:830
NCBITaxon:591203	1	mediadive.medium:830c
NCBITaxon:591204	1	mediadive.medium:830
NCBITaxon:591205	1	mediadive.medium:514
NCBITaxon:591372	1	mediadive.medium:545
NCBITaxon:591962	1	mediadive.medium:535b
NCBITaxon:59201	7	mediadive.medium:1|mediadive.medium:220|mediadive.medium:535|mediadive.medium:693|mediadive.medium:92|mediadive.medium:J12|mediadive.medium:J22
NCBITaxon:592010	1	mediadive.medium:104
NCBITaxon:592015	1	mediadive.medium:104a
NCBITaxon:59202	3	mediadive.medium:220|mediadive.medium:J12|mediadive.medium:J22
NCBITaxon:592022	1	mediadive.medium:1
NCBITaxon:59203	4	mediadive.medium:693|mediadive.medium:92|mediadive.medium:J12|mediadive.medium:J22
NCBITaxon:592030	1	mediadive.medium:431
NCBITaxon:59204	3	mediadive.medium:220|mediadive.medium:693|mediadive.medium:92
NCBITaxon:59205	5	mediadive.medium:220|mediadive.medium:693|mediadive.medium:92|mediadive.medium:J12|mediadive.medium:J22
NCBITaxon:592050	2	mediadive.medium:535|mediadive.medium:J22
NCBITaxon:592051	2	mediadive.medium:830|mediadive.medium:J22
NCBITaxon:59207	3	mediadive.medium:220|mediadive.medium:693|mediadive.medium:92
NCBITaxon:592307	2	mediadive.medium:65|mediadive.medium:J26
NCBITaxon:592308	2	mediadive.medium:92|mediadive.medium:J26
NCBITaxon:592361	2	mediadive.medium:1|mediadive.medium:535
NCBITaxon:592376	2	mediadive.medium:514|mediadive.medium:J118
NCBITaxon:592377	3	mediadive.medium:514|mediadive.medium:J118|mediadive.medium:J569
NCBITaxon:592378	2	mediadive.medium:514d|mediadive.medium:J569
NCBITaxon:592678	2	mediadive.medium:514|mediadive.medium:J118
NCBITaxon:59277	2	mediadive.medium:119|mediadive.medium:814
NCBITaxon:59298	5	mediadive.medium:248|mediadive.medium:252|mediadive.medium:65|mediadive.medium:894|mediadive.medium:J43
NCBITaxon:59299	4	mediadive.medium:252|mediadive.medium:65|mediadive.medium:84|mediadive.medium:J61
NCBITaxon:59310	1	mediadive.medium:92
NCBITaxon:593133	1	mediadive.medium:514c
NCBITaxon:593135	1	mediadive.medium:535
NCBITaxon:59405	3	mediadive.medium:586|mediadive.medium:830|mediadive.medium:855
NCBITaxon:59406	2	mediadive.medium:586|mediadive.medium:830c
NCBITaxon:594679	1	mediadive.medium:429c
NCBITaxon:595434	1	mediadive.medium:600a
NCBITaxon:595494	3	mediadive.medium:1|mediadive.medium:500|mediadive.medium:830
NCBITaxon:595502	1	mediadive.medium:514b
NCBITaxon:595589	2	mediadive.medium:514|mediadive.medium:J118
NCBITaxon:595605	1	mediadive.medium:830
NCBITaxon:59561	3	mediadive.medium:1203|mediadive.medium:1203a|mediadive.medium:693
NCBITaxon:595671	2	mediadive.medium:830|mediadive.medium:J26
NCBITaxon:595692	1	mediadive.medium:514
NCBITaxon:595984	4	mediadive.medium:535|mediadive.medium:65|mediadive.medium:J26|mediadive.medium:J28
NCBITaxon:59610	1	mediadive.medium:63
NCBITaxon:596153	3	mediadive.medium:830|mediadive.medium:944a|mediadive.medium:J594
NCBITaxon:596154	3	mediadive.medium:465|mediadive.medium:586|mediadive.medium:830
NCBITaxon:596315	4	mediadive.medium:104|mediadive.medium:693|mediadive.medium:J14|mediadive.medium:J465
NCBITaxon:59733	1	mediadive.medium:92
NCBITaxon:59750	3	mediadive.medium:645|mediadive.medium:J26|mediadive.medium:J386
NCBITaxon:59754	3	mediadive.medium:514|mediadive.medium:809|mediadive.medium:950
NCBITaxon:59813	3	mediadive.medium:354|mediadive.medium:645|mediadive.medium:J386
NCBITaxon:59814	1	mediadive.medium:1
NCBITaxon:59823	3	mediadive.medium:104|mediadive.medium:1203|mediadive.medium:1203a
NCBITaxon:59839	1	mediadive.medium:1
NCBITaxon:59840	2	mediadive.medium:1|mediadive.medium:535
NCBITaxon:59841	2	mediadive.medium:1|mediadive.medium:535
NCBITaxon:59842	1	mediadive.medium:1
NCBITaxon:59843	4	mediadive.medium:1|mediadive.medium:1484|mediadive.medium:220|mediadive.medium:514
NCBITaxon:59845	1	mediadive.medium:1
NCBITaxon:59846	3	mediadive.medium:1|mediadive.medium:535|mediadive.medium:J75
NCBITaxon:598609	3	mediadive.medium:65|mediadive.medium:830|mediadive.medium:J43
NCBITaxon:598611	3	mediadive.medium:65|mediadive.medium:830|mediadive.medium:J43
NCBITaxon:598626	2	mediadive.medium:92|mediadive.medium:J26
NCBITaxon:598644	3	mediadive.medium:553|mediadive.medium:65|mediadive.medium:J43
NCBITaxon:598650	3	mediadive.medium:621|mediadive.medium:65|mediadive.medium:987
NCBITaxon:598652	3	mediadive.medium:553|mediadive.medium:987|mediadive.medium:J43
NCBITaxon:598653	2	mediadive.medium:987|mediadive.medium:J42
NCBITaxon:59893	1	mediadive.medium:535
NCBITaxon:599	1	mediadive.medium:381
NCBITaxon:59930	1	mediadive.medium:1593
NCBITaxon:600331	1	mediadive.medium:830
NCBITaxon:600628	1	mediadive.medium:830
NCBITaxon:600645	3	mediadive.medium:1|mediadive.medium:220|mediadive.medium:535
NCBITaxon:60137	3	mediadive.medium:514|mediadive.medium:733|mediadive.medium:J118
NCBITaxon:60216	2	mediadive.medium:1|mediadive.medium:428
NCBITaxon:604099	1	mediadive.medium:640
NCBITaxon:604330	5	mediadive.medium:104|mediadive.medium:339|mediadive.medium:693|mediadive.medium:J14|mediadive.medium:J423
NCBITaxon:604331	2	mediadive.medium:630|mediadive.medium:878
NCBITaxon:604332	2	mediadive.medium:630|mediadive.medium:878
NCBITaxon:60442	1	mediadive.medium:429
NCBITaxon:60443	3	mediadive.medium:535|mediadive.medium:92|mediadive.medium:J26
NCBITaxon:60450	3	mediadive.medium:65|mediadive.medium:J43|mediadive.medium:J52
NCBITaxon:60454	1	mediadive.medium:791
NCBITaxon:60519	1	mediadive.medium:11
NCBITaxon:60520	1	mediadive.medium:11
NCBITaxon:60547	5	mediadive.medium:1|mediadive.medium:220a|mediadive.medium:457|mediadive.medium:54|mediadive.medium:J22
NCBITaxon:60548	3	mediadive.medium:535|mediadive.medium:J156|mediadive.medium:J27
NCBITaxon:60549	2	mediadive.medium:1|mediadive.medium:J22
NCBITaxon:60550	2	mediadive.medium:1|mediadive.medium:220
NCBITaxon:60552	3	mediadive.medium:1|mediadive.medium:693|mediadive.medium:92
NCBITaxon:607711	2	mediadive.medium:215|mediadive.medium:693
NCBITaxon:607712	2	mediadive.medium:215|mediadive.medium:693
NCBITaxon:608538	3	mediadive.medium:533|mediadive.medium:81|mediadive.medium:J154
NCBITaxon:60890	1	mediadive.medium:514
NCBITaxon:60895	2	mediadive.medium:65|mediadive.medium:J44
NCBITaxon:60912	5	mediadive.medium:535|mediadive.medium:553|mediadive.medium:65|mediadive.medium:83|mediadive.medium:830
NCBITaxon:60922	2	mediadive.medium:92|mediadive.medium:J28
NCBITaxon:60923	4	mediadive.medium:514|mediadive.medium:578|mediadive.medium:830|mediadive.medium:92
NCBITaxon:61015	3	mediadive.medium:220|mediadive.medium:693|mediadive.medium:92
NCBITaxon:61016	2	mediadive.medium:220|mediadive.medium:J487
NCBITaxon:610254	1	mediadive.medium:195c
NCBITaxon:611300	1	mediadive.medium:380
NCBITaxon:61150	1	mediadive.medium:514
NCBITaxon:61169	2	mediadive.medium:1190|mediadive.medium:402
NCBITaxon:613184	2	mediadive.medium:1040|mediadive.medium:J765
NCBITaxon:613195	1	mediadive.medium:535
NCBITaxon:614	4	mediadive.medium:1|mediadive.medium:535|mediadive.medium:693|mediadive.medium:92
NCBITaxon:614671	1	mediadive.medium:830
NCBITaxon:615	9	mediadive.medium:1|mediadive.medium:1a|mediadive.medium:220|mediadive.medium:426|mediadive.medium:535|mediadive.medium:693|mediadive.medium:92|mediadive.medium:J12|mediadive.medium:J22
NCBITaxon:61592	3	mediadive.medium:535|mediadive.medium:535a|mediadive.medium:J28
NCBITaxon:61595	1	mediadive.medium:28
NCBITaxon:61596	1	mediadive.medium:28
NCBITaxon:61624	1	mediadive.medium:1307
NCBITaxon:61645	3	mediadive.medium:1|mediadive.medium:535|mediadive.medium:92
NCBITaxon:61646	2	mediadive.medium:1|mediadive.medium:1a
NCBITaxon:61648	2	mediadive.medium:220|mediadive.medium:92
NCBITaxon:61652	1	mediadive.medium:220
NCBITaxon:61654	1	mediadive.medium:1
NCBITaxon:616990	2	mediadive.medium:231|mediadive.medium:J853
NCBITaxon:616991	1	mediadive.medium:1354
NCBITaxon:616992	1	mediadive.medium:1349
NCBITaxon:616997	3	mediadive.medium:535|mediadive.medium:65|mediadive.medium:J26
NCBITaxon:617000	1	mediadive.medium:1166
NCBITaxon:617001	1	mediadive.medium:1166
NCBITaxon:617002	1	mediadive.medium:1166
NCBITaxon:617123	1	mediadive.medium:104c
NCBITaxon:619304	1	mediadive.medium:514
NCBITaxon:619592	2	mediadive.medium:1|mediadive.medium:457
NCBITaxon:619593	2	mediadive.medium:88|mediadive.medium:J525
NCBITaxon:619730	2	mediadive.medium:736|mediadive.medium:J26
NCBITaxon:619731	2	mediadive.medium:372|mediadive.medium:J168
NCBITaxon:619741	5	mediadive.medium:535|mediadive.medium:553|mediadive.medium:65|mediadive.medium:830|mediadive.medium:J51
NCBITaxon:619805	1	mediadive.medium:1
NCBITaxon:62088	1	mediadive.medium:403
NCBITaxon:620889	2	mediadive.medium:514|mediadive.medium:J569
NCBITaxon:620903	2	mediadive.medium:693|mediadive.medium:78
NCBITaxon:620910	1	mediadive.medium:736
NCBITaxon:621	3	mediadive.medium:220|mediadive.medium:693|mediadive.medium:92
NCBITaxon:621096	1	mediadive.medium:514
NCBITaxon:621109	1	mediadive.medium:514
NCBITaxon:621374	1	mediadive.medium:830
NCBITaxon:621382	3	mediadive.medium:252|mediadive.medium:65|mediadive.medium:84
NCBITaxon:62140	2	mediadive.medium:269|mediadive.medium:J129
NCBITaxon:622	3	mediadive.medium:1|mediadive.medium:693|mediadive.medium:92
NCBITaxon:622312	4	mediadive.medium:1611|mediadive.medium:412|mediadive.medium:J1130|mediadive.medium:J465
NCBITaxon:622664	3	mediadive.medium:514|mediadive.medium:514c|mediadive.medium:J912
NCBITaxon:622671	1	mediadive.medium:1166
NCBITaxon:622674	1	mediadive.medium:1166
NCBITaxon:622695	1	mediadive.medium:514
NCBITaxon:623	3	mediadive.medium:1|mediadive.medium:693|mediadive.medium:92
NCBITaxon:62322	4	mediadive.medium:514|mediadive.medium:605|mediadive.medium:948|mediadive.medium:J27
NCBITaxon:623280	2	mediadive.medium:830|mediadive.medium:J346
NCBITaxon:623281	2	mediadive.medium:830|mediadive.medium:J346
NCBITaxon:624	3	mediadive.medium:1|mediadive.medium:693|mediadive.medium:92
NCBITaxon:624147	2	mediadive.medium:220|mediadive.medium:830
NCBITaxon:624315	4	mediadive.medium:535|mediadive.medium:553|mediadive.medium:65|mediadive.medium:J104
NCBITaxon:624383	4	mediadive.medium:535|mediadive.medium:554|mediadive.medium:65|mediadive.medium:83
NCBITaxon:626223	1	mediadive.medium:514
NCBITaxon:62629	3	mediadive.medium:215|mediadive.medium:535a|mediadive.medium:J282
NCBITaxon:626369	2	mediadive.medium:104|mediadive.medium:693
NCBITaxon:626774	2	mediadive.medium:514|mediadive.medium:J22
NCBITaxon:626935	5	mediadive.medium:104|mediadive.medium:693|mediadive.medium:J14|mediadive.medium:J282|mediadive.medium:J655
NCBITaxon:626937	6	mediadive.medium:339a|mediadive.medium:634c|mediadive.medium:78b|mediadive.medium:J14|mediadive.medium:J282|mediadive.medium:J655
NCBITaxon:626939	4	mediadive.medium:104|mediadive.medium:104c|mediadive.medium:693|mediadive.medium:J1234
NCBITaxon:626940	3	mediadive.medium:104|mediadive.medium:104c|mediadive.medium:J1234
NCBITaxon:627131	1	mediadive.medium:830c
NCBITaxon:627624	2	mediadive.medium:830|mediadive.medium:J346
NCBITaxon:62763	1	mediadive.medium:514
NCBITaxon:627675	3	mediadive.medium:248|mediadive.medium:830|mediadive.medium:84
NCBITaxon:627688	1	mediadive.medium:830
NCBITaxon:629485	2	mediadive.medium:1159|mediadive.medium:1302
NCBITaxon:629679	4	mediadive.medium:535|mediadive.medium:65|mediadive.medium:736|mediadive.medium:J26
NCBITaxon:629724	1	mediadive.medium:220
NCBITaxon:629741	1	mediadive.medium:693
NCBITaxon:630	2	mediadive.medium:220|mediadive.medium:339
NCBITaxon:630129	2	mediadive.medium:58|mediadive.medium:J13
NCBITaxon:630407	3	mediadive.medium:535a|mediadive.medium:693|mediadive.medium:J28
NCBITaxon:630514	2	mediadive.medium:92|mediadive.medium:J26
NCBITaxon:630515	2	mediadive.medium:92|mediadive.medium:J26
NCBITaxon:630520	1	mediadive.medium:830
NCBITaxon:630535	1	mediadive.medium:514
NCBITaxon:630626	3	mediadive.medium:1|mediadive.medium:J12|mediadive.medium:J22
NCBITaxon:630973	2	mediadive.medium:65|mediadive.medium:987
NCBITaxon:630974	1	mediadive.medium:65
NCBITaxon:630975	2	mediadive.medium:65|mediadive.medium:J42
NCBITaxon:630977	1	mediadive.medium:65
NCBITaxon:630978	2	mediadive.medium:65|mediadive.medium:987
NCBITaxon:630995	2	mediadive.medium:65|mediadive.medium:J43
NCBITaxon:631	1	mediadive.medium:1
NCBITaxon:63129	1	mediadive.medium:842
NCBITaxon:631455	2	mediadive.medium:693|mediadive.medium:830
NCBITaxon:63186	1	mediadive.medium:514
NCBITaxon:632140	1	mediadive.medium:514
NCBITaxon:632292	1	mediadive.medium:671
NCBITaxon:632348	1	mediadive.medium:671
NCBITaxon:632518	1	mediadive.medium:144b
NCBITaxon:632773	1	mediadive.medium:968
NCBITaxon:633	2	mediadive.medium:215|mediadive.medium:693
NCBITaxon:633147	4	mediadive.medium:104|mediadive.medium:232|mediadive.medium:693|mediadive.medium:J14
NCBITaxon:633148	1	mediadive.medium:817
NCBITaxon:633149	1	mediadive.medium:595
NCBITaxon:633153	1	mediadive.medium:830
NCBITaxon:633194	1	mediadive.medium:514
NCBITaxon:633403	1	mediadive.medium:220
NCBITaxon:633404	1	mediadive.medium:220
NCBITaxon:633415	1	mediadive.medium:535
NCBITaxon:633417	1	mediadive.medium:535
NCBITaxon:633440	3	mediadive.medium:252|mediadive.medium:65|mediadive.medium:J51
NCBITaxon:633813	2	mediadive.medium:514a|mediadive.medium:J762
NCBITaxon:634126	2	mediadive.medium:1|mediadive.medium:220
NCBITaxon:634155	1	mediadive.medium:535b
NCBITaxon:634290	1	mediadive.medium:98
NCBITaxon:634393	4	mediadive.medium:554|mediadive.medium:65|mediadive.medium:83|mediadive.medium:J42
NCBITaxon:634430	5	mediadive.medium:1|mediadive.medium:535|mediadive.medium:756|mediadive.medium:830|mediadive.medium:J27
NCBITaxon:634436	1	mediadive.medium:514
NCBITaxon:634462	2	mediadive.medium:830|mediadive.medium:92
NCBITaxon:634497	2	mediadive.medium:372|mediadive.medium:J168
NCBITaxon:634498	3	mediadive.medium:119|mediadive.medium:1523|mediadive.medium:J530
NCBITaxon:634765	2	mediadive.medium:514c|mediadive.medium:J118
NCBITaxon:634770	3	mediadive.medium:830|mediadive.medium:J26|mediadive.medium:J346
NCBITaxon:634771	1	mediadive.medium:1492
NCBITaxon:634996	1	mediadive.medium:1078
NCBITaxon:635203	1	mediadive.medium:104
NCBITaxon:63612	2	mediadive.medium:1021|mediadive.medium:535
NCBITaxon:63655	1	mediadive.medium:142
NCBITaxon:637389	1	mediadive.medium:150a
NCBITaxon:637390	2	mediadive.medium:71|mediadive.medium:J93
NCBITaxon:637393	2	mediadive.medium:830|mediadive.medium:J26
NCBITaxon:63740	2	mediadive.medium:1431|mediadive.medium:J167
NCBITaxon:637577	2	mediadive.medium:381|mediadive.medium:535
NCBITaxon:637679	2	mediadive.medium:514|mediadive.medium:J118
NCBITaxon:637887	1	mediadive.medium:122
NCBITaxon:638	1	mediadive.medium:429
NCBITaxon:638300	1	mediadive.medium:429
NCBITaxon:638301	1	mediadive.medium:104
NCBITaxon:638302	3	mediadive.medium:104|mediadive.medium:693|mediadive.medium:J14
NCBITaxon:638303	2	mediadive.medium:887|mediadive.medium:J316
NCBITaxon:638574	6	mediadive.medium:215|mediadive.medium:535|mediadive.medium:548|mediadive.medium:553|mediadive.medium:65|mediadive.medium:J61
NCBITaxon:638849	5	mediadive.medium:693|mediadive.medium:78|mediadive.medium:J14|mediadive.medium:J282|mediadive.medium:J469
NCBITaxon:639004	2	mediadive.medium:514|mediadive.medium:J118
NCBITaxon:639200	2	mediadive.medium:1664a|mediadive.medium:51
NCBITaxon:639240	4	mediadive.medium:514|mediadive.medium:535|mediadive.medium:65|mediadive.medium:J43
NCBITaxon:639310	1	mediadive.medium:514c
NCBITaxon:639313	4	mediadive.medium:219|mediadive.medium:250|mediadive.medium:J28|mediadive.medium:J569
NCBITaxon:64002	2	mediadive.medium:828|mediadive.medium:830
NCBITaxon:640030	2	mediadive.medium:215|mediadive.medium:693
NCBITaxon:640031	3	mediadive.medium:215|mediadive.medium:693|mediadive.medium:92
NCBITaxon:640084	1	mediadive.medium:1122
NCBITaxon:640108	1	mediadive.medium:1122
NCBITaxon:640132	3	mediadive.medium:645|mediadive.medium:J302|mediadive.medium:J386
NCBITaxon:640205	1	mediadive.medium:1a
NCBITaxon:640331	2	mediadive.medium:11|mediadive.medium:J853
NCBITaxon:640633	2	mediadive.medium:514|mediadive.medium:J118
NCBITaxon:640634	2	mediadive.medium:693|mediadive.medium:J256
NCBITaxon:640635	2	mediadive.medium:92|mediadive.medium:J28
NCBITaxon:640707	1	mediadive.medium:1
NCBITaxon:640938	2	mediadive.medium:104|mediadive.medium:J1095
NCBITaxon:640948	1	mediadive.medium:514
NCBITaxon:641	1	mediadive.medium:644
NCBITaxon:641025	1	mediadive.medium:65
NCBITaxon:64104	1	mediadive.medium:1
NCBITaxon:641118	3	mediadive.medium:535|mediadive.medium:693|mediadive.medium:92
NCBITaxon:641143	3	mediadive.medium:779|mediadive.medium:J14|mediadive.medium:J156
NCBITaxon:641147	3	mediadive.medium:303|mediadive.medium:429|mediadive.medium:693
NCBITaxon:641238	1	mediadive.medium:514
NCBITaxon:641491	1	mediadive.medium:641
NCBITaxon:64160	1	mediadive.medium:282b
NCBITaxon:641660	1	mediadive.medium:514
NCBITaxon:641665	1	mediadive.medium:514
NCBITaxon:641691	2	mediadive.medium:514|mediadive.medium:J118
NCBITaxon:641702	1	mediadive.medium:514c
NCBITaxon:64178	2	mediadive.medium:1680|mediadive.medium:1831
NCBITaxon:641783	1	mediadive.medium:514
NCBITaxon:641806	3	mediadive.medium:252|mediadive.medium:65|mediadive.medium:84
NCBITaxon:642227	1	mediadive.medium:1a
NCBITaxon:642492	1	mediadive.medium:520
NCBITaxon:642496	4	mediadive.medium:65|mediadive.medium:84|mediadive.medium:J42|mediadive.medium:J45
NCBITaxon:642762	1	mediadive.medium:65
NCBITaxon:642766	3	mediadive.medium:65|mediadive.medium:92|mediadive.medium:J43
NCBITaxon:642776	1	mediadive.medium:65
NCBITaxon:642780	4	mediadive.medium:535|mediadive.medium:65|mediadive.medium:92|mediadive.medium:J43
NCBITaxon:643052	2	mediadive.medium:65|mediadive.medium:84
NCBITaxon:643214	2	mediadive.medium:693|mediadive.medium:92
NCBITaxon:643262	1	mediadive.medium:514
NCBITaxon:643560	2	mediadive.medium:535|mediadive.medium:J28
NCBITaxon:643562	1	mediadive.medium:193
NCBITaxon:643568	1	mediadive.medium:1
NCBITaxon:643648	1	mediadive.medium:870
NCBITaxon:643671	1	mediadive.medium:1327
NCBITaxon:643672	1	mediadive.medium:1144
NCBITaxon:643673	1	mediadive.medium:220
NCBITaxon:643674	1	mediadive.medium:948
NCBITaxon:643747	1	mediadive.medium:514b
NCBITaxon:643867	1	mediadive.medium:172
NCBITaxon:644	4	mediadive.medium:1a|mediadive.medium:220a|mediadive.medium:693|mediadive.medium:92
NCBITaxon:644107	1	mediadive.medium:514
NCBITaxon:644220	2	mediadive.medium:514c|mediadive.medium:J118
NCBITaxon:644221	2	mediadive.medium:514c|mediadive.medium:J118
NCBITaxon:644282	1	mediadive.medium:193b
NCBITaxon:644283	4	mediadive.medium:554|mediadive.medium:65|mediadive.medium:J42|mediadive.medium:J61
NCBITaxon:644284	1	mediadive.medium:104
NCBITaxon:644548	3	mediadive.medium:65|mediadive.medium:J26|mediadive.medium:J43
NCBITaxon:644556	3	mediadive.medium:535|mediadive.medium:J43|mediadive.medium:J57
NCBITaxon:644651	4	mediadive.medium:220|mediadive.medium:220a|mediadive.medium:535|mediadive.medium:545
NCBITaxon:644790	2	mediadive.medium:1375|mediadive.medium:J791
NCBITaxon:644966	2	mediadive.medium:514|mediadive.medium:J41
NCBITaxon:645	3	mediadive.medium:1a|mediadive.medium:J118|mediadive.medium:J7
NCBITaxon:645127	2	mediadive.medium:693|mediadive.medium:J256
NCBITaxon:645275	5	mediadive.medium:215|mediadive.medium:535|mediadive.medium:553|mediadive.medium:65|mediadive.medium:J51
NCBITaxon:645466	4	mediadive.medium:104b|mediadive.medium:110|mediadive.medium:J1130|mediadive.medium:J465
NCBITaxon:645597	1	mediadive.medium:535b
NCBITaxon:645616	1	mediadive.medium:535c
NCBITaxon:645617	1	mediadive.medium:535
NCBITaxon:645990	1	mediadive.medium:621
NCBITaxon:645991	1	mediadive.medium:298b
NCBITaxon:646	5	mediadive.medium:1|mediadive.medium:514|mediadive.medium:693|mediadive.medium:J22|mediadive.medium:J7
NCBITaxon:646095	1	mediadive.medium:220
NCBITaxon:646529	2	mediadive.medium:1250|mediadive.medium:J784
NCBITaxon:647	4	mediadive.medium:220a|mediadive.medium:535|mediadive.medium:693|mediadive.medium:92
NCBITaxon:647113	3	mediadive.medium:282|mediadive.medium:J232|mediadive.medium:J265
NCBITaxon:647171	3	mediadive.medium:282|mediadive.medium:J232|mediadive.medium:J360
NCBITaxon:647381	3	mediadive.medium:65|mediadive.medium:84|mediadive.medium:J42
NCBITaxon:647720	1	mediadive.medium:514
NCBITaxon:648	7	mediadive.medium:1|mediadive.medium:1a|mediadive.medium:693|mediadive.medium:92|mediadive.medium:J12|mediadive.medium:J22|mediadive.medium:J7
NCBITaxon:648751	6	mediadive.medium:535|mediadive.medium:553|mediadive.medium:65|mediadive.medium:987|mediadive.medium:J28|mediadive.medium:J52
NCBITaxon:648752	3	mediadive.medium:553|mediadive.medium:65|mediadive.medium:J104
NCBITaxon:648753	3	mediadive.medium:535|mediadive.medium:65|mediadive.medium:J43
NCBITaxon:648754	3	mediadive.medium:553|mediadive.medium:65|mediadive.medium:J42
NCBITaxon:648755	4	mediadive.medium:535|mediadive.medium:553|mediadive.medium:65|mediadive.medium:J42
NCBITaxon:648757	2	mediadive.medium:26|mediadive.medium:27
NCBITaxon:648780	2	mediadive.medium:1240|mediadive.medium:1302
NCBITaxon:648782	2	mediadive.medium:92|mediadive.medium:J275
NCBITaxon:648794	1	mediadive.medium:535
NCBITaxon:648796	2	mediadive.medium:141b|mediadive.medium:J262
NCBITaxon:648894	1	mediadive.medium:830
NCBITaxon:648895	1	mediadive.medium:830
NCBITaxon:64897	1	mediadive.medium:403
NCBITaxon:648995	2	mediadive.medium:98|mediadive.medium:J254
NCBITaxon:648996	2	mediadive.medium:792a|mediadive.medium:J371
NCBITaxon:649	4	mediadive.medium:1|mediadive.medium:535|mediadive.medium:545|mediadive.medium:J28
NCBITaxon:649007	5	mediadive.medium:252|mediadive.medium:554|mediadive.medium:65|mediadive.medium:84|mediadive.medium:J51
NCBITaxon:649008	4	mediadive.medium:252|mediadive.medium:554|mediadive.medium:65|mediadive.medium:84
NCBITaxon:649197	1	mediadive.medium:535
NCBITaxon:649198	1	mediadive.medium:636
NCBITaxon:649333	1	mediadive.medium:514
NCBITaxon:649349	2	mediadive.medium:545|mediadive.medium:J27
NCBITaxon:649638	1	mediadive.medium:1033
NCBITaxon:649639	2	mediadive.medium:31|mediadive.medium:J181
NCBITaxon:64971	1	mediadive.medium:514
NCBITaxon:649747	2	mediadive.medium:1|mediadive.medium:J22
NCBITaxon:649752	1	mediadive.medium:1265
NCBITaxon:649753	4	mediadive.medium:1203a|mediadive.medium:339|mediadive.medium:693|mediadive.medium:78
NCBITaxon:649754	3	mediadive.medium:535|mediadive.medium:J22|mediadive.medium:J475
NCBITaxon:649755	2	mediadive.medium:78|mediadive.medium:J14
NCBITaxon:649756	4	mediadive.medium:1203|mediadive.medium:1611|mediadive.medium:J1130|mediadive.medium:J465
NCBITaxon:649757	1	mediadive.medium:110
NCBITaxon:649759	1	mediadive.medium:419
NCBITaxon:649762	2	mediadive.medium:104|mediadive.medium:J675
NCBITaxon:649764	3	mediadive.medium:104|mediadive.medium:693|mediadive.medium:J14
NCBITaxon:64980	1	mediadive.medium:514
NCBITaxon:64982	1	mediadive.medium:514
NCBITaxon:64988	2	mediadive.medium:514|mediadive.medium:821
NCBITaxon:65	1	mediadive.medium:67
NCBITaxon:650	4	mediadive.medium:693|mediadive.medium:92|mediadive.medium:J256|mediadive.medium:J70
NCBITaxon:650003	2	mediadive.medium:693|mediadive.medium:92
NCBITaxon:650508	1	mediadive.medium:946a
NCBITaxon:65058	4	mediadive.medium:535|mediadive.medium:693|mediadive.medium:92|mediadive.medium:J26
NCBITaxon:651	6	mediadive.medium:1a|mediadive.medium:220|mediadive.medium:220a|mediadive.medium:578|mediadive.medium:J12|mediadive.medium:J22
NCBITaxon:651086	1	mediadive.medium:514
NCBITaxon:651182	1	mediadive.medium:383
NCBITaxon:651560	2	mediadive.medium:220|mediadive.medium:J74
NCBITaxon:651661	1	mediadive.medium:1
NCBITaxon:651662	1	mediadive.medium:1
NCBITaxon:651663	1	mediadive.medium:1
NCBITaxon:651740	1	mediadive.medium:1a
NCBITaxon:651822	3	mediadive.medium:104|mediadive.medium:78c|mediadive.medium:J14
NCBITaxon:651866	2	mediadive.medium:1|mediadive.medium:220
NCBITaxon:652	4	mediadive.medium:693|mediadive.medium:92|mediadive.medium:J12|mediadive.medium:J22
NCBITaxon:652876	1	mediadive.medium:830
NCBITaxon:652943	2	mediadive.medium:252|mediadive.medium:65
NCBITaxon:653357	2	mediadive.medium:65|mediadive.medium:J43
NCBITaxon:65380	1	mediadive.medium:195
NCBITaxon:653929	1	mediadive.medium:830
NCBITaxon:653930	1	mediadive.medium:830c
NCBITaxon:653931	1	mediadive.medium:830
NCBITaxon:653940	2	mediadive.medium:535|mediadive.medium:693
NCBITaxon:653954	3	mediadive.medium:220|mediadive.medium:461|mediadive.medium:830
NCBITaxon:654	8	mediadive.medium:1|mediadive.medium:220a|mediadive.medium:381|mediadive.medium:535|mediadive.medium:92|mediadive.medium:J12|mediadive.medium:J22|mediadive.medium:J70
NCBITaxon:654447	4	mediadive.medium:65|mediadive.medium:84|mediadive.medium:J50|mediadive.medium:J66
NCBITaxon:654686	1	mediadive.medium:514
NCBITaxon:65475	3	mediadive.medium:1295|mediadive.medium:214|mediadive.medium:553
NCBITaxon:654838	1	mediadive.medium:830
NCBITaxon:65499	2	mediadive.medium:65|mediadive.medium:J42
NCBITaxon:655015	1	mediadive.medium:1409
NCBITaxon:65505	3	mediadive.medium:252|mediadive.medium:84|mediadive.medium:J42
NCBITaxon:65509	3	mediadive.medium:65|mediadive.medium:J107|mediadive.medium:J50
NCBITaxon:65511	3	mediadive.medium:252|mediadive.medium:65|mediadive.medium:J43
NCBITaxon:65515	4	mediadive.medium:554|mediadive.medium:65|mediadive.medium:J51|mediadive.medium:J66
NCBITaxon:65519	3	mediadive.medium:548|mediadive.medium:65|mediadive.medium:J66
NCBITaxon:655338	2	mediadive.medium:1236|mediadive.medium:J858
NCBITaxon:65552	1	mediadive.medium:86
NCBITaxon:655607	2	mediadive.medium:634c|mediadive.medium:J823
NCBITaxon:655811	3	mediadive.medium:104|mediadive.medium:J14|mediadive.medium:J84
NCBITaxon:655812	3	mediadive.medium:693|mediadive.medium:92|mediadive.medium:J13
NCBITaxon:656	2	mediadive.medium:115|mediadive.medium:220
NCBITaxon:65605	5	mediadive.medium:547|mediadive.medium:65|mediadive.medium:84|mediadive.medium:J104|mediadive.medium:J58
NCBITaxon:656178	1	mediadive.medium:535
NCBITaxon:656366	4	mediadive.medium:1|mediadive.medium:830|mediadive.medium:J26|mediadive.medium:J475
NCBITaxon:65655	2	mediadive.medium:1|mediadive.medium:81
NCBITaxon:656914	1	mediadive.medium:503
NCBITaxon:657014	1	mediadive.medium:514
NCBITaxon:657015	2	mediadive.medium:535|mediadive.medium:J118
NCBITaxon:657017	2	mediadive.medium:553|mediadive.medium:65
NCBITaxon:657018	2	mediadive.medium:1314|mediadive.medium:65
NCBITaxon:657276	1	mediadive.medium:535
NCBITaxon:657318	1	mediadive.medium:104
NCBITaxon:65735	1	mediadive.medium:1
NCBITaxon:657409	1	mediadive.medium:830
NCBITaxon:657419	1	mediadive.medium:830
NCBITaxon:657445	1	mediadive.medium:429c
NCBITaxon:657654	2	mediadive.medium:535|mediadive.medium:J27
NCBITaxon:65786	2	mediadive.medium:1|mediadive.medium:J22
NCBITaxon:658057	1	mediadive.medium:514
NCBITaxon:658167	1	mediadive.medium:830c
NCBITaxon:658225	2	mediadive.medium:1|mediadive.medium:830
NCBITaxon:658457	1	mediadive.medium:535b
NCBITaxon:659	5	mediadive.medium:246|mediadive.medium:246a|mediadive.medium:514c|mediadive.medium:514f|mediadive.medium:J118
NCBITaxon:659006	1	mediadive.medium:535
NCBITaxon:659012	2	mediadive.medium:92|mediadive.medium:J475
NCBITaxon:659013	2	mediadive.medium:1a|mediadive.medium:J27
NCBITaxon:659014	2	mediadive.medium:1a|mediadive.medium:J27
NCBITaxon:659015	4	mediadive.medium:220|mediadive.medium:535|mediadive.medium:J443|mediadive.medium:J75
NCBITaxon:659016	2	mediadive.medium:381|mediadive.medium:J27
NCBITaxon:659251	2	mediadive.medium:1|mediadive.medium:462
NCBITaxon:659351	1	mediadive.medium:514
NCBITaxon:659595	3	mediadive.medium:830|mediadive.medium:J346|mediadive.medium:J74
NCBITaxon:659824	3	mediadive.medium:514|mediadive.medium:645|mediadive.medium:J386
NCBITaxon:660294	1	mediadive.medium:1299
NCBITaxon:661	1	mediadive.medium:514c
NCBITaxon:661089	1	mediadive.medium:507
NCBITaxon:661398	1	mediadive.medium:92
NCBITaxon:661399	3	mediadive.medium:65|mediadive.medium:84|mediadive.medium:987
NCBITaxon:661480	1	mediadive.medium:830
NCBITaxon:661481	2	mediadive.medium:830|mediadive.medium:J346
NCBITaxon:661483	3	mediadive.medium:830|mediadive.medium:J28|mediadive.medium:J346
NCBITaxon:661491	2	mediadive.medium:830|mediadive.medium:J346
NCBITaxon:661492	1	mediadive.medium:830
NCBITaxon:661493	1	mediadive.medium:830
NCBITaxon:66199	1	mediadive.medium:347
NCBITaxon:66219	1	mediadive.medium:520
NCBITaxon:66228	3	mediadive.medium:104|mediadive.medium:104a|mediadive.medium:693
NCBITaxon:66229	5	mediadive.medium:11|mediadive.medium:1430|mediadive.medium:849|mediadive.medium:850|mediadive.medium:J709
NCBITaxon:662367	2	mediadive.medium:545|mediadive.medium:830
NCBITaxon:662476	2	mediadive.medium:372|mediadive.medium:J168
NCBITaxon:662477	3	mediadive.medium:372|mediadive.medium:97|mediadive.medium:J169
NCBITaxon:662478	2	mediadive.medium:372|mediadive.medium:J168
NCBITaxon:662479	3	mediadive.medium:372|mediadive.medium:J168|mediadive.medium:J402
NCBITaxon:662480	2	mediadive.medium:1018|mediadive.medium:J168
NCBITaxon:662541	2	mediadive.medium:1|mediadive.medium:693
NCBITaxon:66269	1	mediadive.medium:1a
NCBITaxon:662755	3	mediadive.medium:535a|mediadive.medium:693|mediadive.medium:J302
NCBITaxon:662880	2	mediadive.medium:830|mediadive.medium:J346
NCBITaxon:662960	1	mediadive.medium:92
NCBITaxon:663	1	mediadive.medium:514
NCBITaxon:663386	1	mediadive.medium:65
NCBITaxon:66347	2	mediadive.medium:220|mediadive.medium:J181
NCBITaxon:663580	2	mediadive.medium:830|mediadive.medium:J346
NCBITaxon:663602	2	mediadive.medium:65|mediadive.medium:J51
NCBITaxon:663603	2	mediadive.medium:65|mediadive.medium:J51
NCBITaxon:663604	2	mediadive.medium:65|mediadive.medium:J51
NCBITaxon:663606	2	mediadive.medium:65|mediadive.medium:J51
NCBITaxon:663607	2	mediadive.medium:65|mediadive.medium:J51
NCBITaxon:663608	3	mediadive.medium:65|mediadive.medium:987|mediadive.medium:J51
NCBITaxon:663609	2	mediadive.medium:65|mediadive.medium:J51
NCBITaxon:663610	1	mediadive.medium:1323
NCBITaxon:66369	3	mediadive.medium:553|mediadive.medium:65|mediadive.medium:J42
NCBITaxon:66370	4	mediadive.medium:65|mediadive.medium:84|mediadive.medium:J50|mediadive.medium:J66
NCBITaxon:66371	4	mediadive.medium:65|mediadive.medium:84|mediadive.medium:J42|mediadive.medium:J45
NCBITaxon:66373	6	mediadive.medium:214|mediadive.medium:251|mediadive.medium:252|mediadive.medium:65|mediadive.medium:84|mediadive.medium:J42
NCBITaxon:66374	4	mediadive.medium:252|mediadive.medium:554|mediadive.medium:84|mediadive.medium:J42
NCBITaxon:66375	2	mediadive.medium:65|mediadive.medium:84
NCBITaxon:66376	3	mediadive.medium:553|mediadive.medium:65|mediadive.medium:J58
NCBITaxon:66377	3	mediadive.medium:65|mediadive.medium:J42|mediadive.medium:J43
NCBITaxon:66378	5	mediadive.medium:252|mediadive.medium:65|mediadive.medium:84|mediadive.medium:J42|mediadive.medium:J50
NCBITaxon:663949	1	mediadive.medium:1
NCBITaxon:66421	3	mediadive.medium:65|mediadive.medium:84|mediadive.medium:J42
NCBITaxon:66422	4	mediadive.medium:252|mediadive.medium:65|mediadive.medium:J50|mediadive.medium:J58
NCBITaxon:66423	5	mediadive.medium:252|mediadive.medium:65|mediadive.medium:84|mediadive.medium:J42|mediadive.medium:J58
NCBITaxon:66424	9	mediadive.medium:252|mediadive.medium:65|mediadive.medium:84|mediadive.medium:J42|mediadive.medium:J43|mediadive.medium:J50|mediadive.medium:J51|mediadive.medium:J58|mediadive.medium:J61
NCBITaxon:66425	5	mediadive.medium:65|mediadive.medium:J43|mediadive.medium:J45|mediadive.medium:J50|mediadive.medium:J58
NCBITaxon:66427	3	mediadive.medium:65|mediadive.medium:J50|mediadive.medium:J52
NCBITaxon:66428	3	mediadive.medium:65|mediadive.medium:84|mediadive.medium:J50
NCBITaxon:66429	3	mediadive.medium:65|mediadive.medium:J42|mediadive.medium:J58
NCBITaxon:66431	6	mediadive.medium:65|mediadive.medium:84|mediadive.medium:J44|mediadive.medium:J45|mediadive.medium:J58|mediadive.medium:J66
NCBITaxon:664639	2	mediadive.medium:92|mediadive.medium:J475
NCBITaxon:664640	2	mediadive.medium:92|mediadive.medium:J26
NCBITaxon:664662	1	mediadive.medium:403
NCBITaxon:664683	2	mediadive.medium:514b|mediadive.medium:J797
NCBITaxon:664691	2	mediadive.medium:553|mediadive.medium:J57
NCBITaxon:664693	3	mediadive.medium:553|mediadive.medium:554|mediadive.medium:J43
NCBITaxon:664784	2	mediadive.medium:1240|mediadive.medium:1302
NCBITaxon:664880	1	mediadive.medium:830
NCBITaxon:664909	1	mediadive.medium:830
NCBITaxon:665004	4	mediadive.medium:550|mediadive.medium:65|mediadive.medium:83|mediadive.medium:J49
NCBITaxon:665038	1	mediadive.medium:514
NCBITaxon:665099	2	mediadive.medium:514|mediadive.medium:J443
NCBITaxon:665118	4	mediadive.medium:1578|mediadive.medium:628|mediadive.medium:J346|mediadive.medium:J601
NCBITaxon:665126	1	mediadive.medium:1417
NCBITaxon:665129	2	mediadive.medium:514|mediadive.medium:628
NCBITaxon:665131	2	mediadive.medium:1417|mediadive.medium:628
NCBITaxon:665571	1	mediadive.medium:509a
NCBITaxon:665869	2	mediadive.medium:1391|mediadive.medium:J603
NCBITaxon:665913	1	mediadive.medium:535
NCBITaxon:665914	3	mediadive.medium:215|mediadive.medium:429|mediadive.medium:535
NCBITaxon:666	3	mediadive.medium:535|mediadive.medium:693|mediadive.medium:92
NCBITaxon:666685	3	mediadive.medium:830|mediadive.medium:830c|mediadive.medium:J346
NCBITaxon:666702	1	mediadive.medium:830
NCBITaxon:666964	1	mediadive.medium:1639
NCBITaxon:667014	2	mediadive.medium:383b|mediadive.medium:J354
NCBITaxon:667015	4	mediadive.medium:110|mediadive.medium:693|mediadive.medium:J1130|mediadive.medium:J14
NCBITaxon:667121	5	mediadive.medium:1|mediadive.medium:693|mediadive.medium:92|mediadive.medium:J12|mediadive.medium:J22
NCBITaxon:667126	2	mediadive.medium:282a|mediadive.medium:J232
NCBITaxon:667127	6	mediadive.medium:1|mediadive.medium:220|mediadive.medium:693|mediadive.medium:92|mediadive.medium:J12|mediadive.medium:J22
NCBITaxon:667128	1	mediadive.medium:693
NCBITaxon:667129	3	mediadive.medium:1|mediadive.medium:J12|mediadive.medium:J22
NCBITaxon:667676	1	mediadive.medium:535
NCBITaxon:668	5	mediadive.medium:1856|mediadive.medium:246|mediadive.medium:246a|mediadive.medium:514|mediadive.medium:514c
NCBITaxon:66821	1	mediadive.medium:833
NCBITaxon:66835	1	mediadive.medium:815a
NCBITaxon:66849	1	mediadive.medium:813b
NCBITaxon:66850	1	mediadive.medium:768
NCBITaxon:66851	2	mediadive.medium:119a|mediadive.medium:J1038
NCBITaxon:66852	2	mediadive.medium:119|mediadive.medium:1523
NCBITaxon:66854	3	mediadive.medium:65|mediadive.medium:J42|mediadive.medium:J58
NCBITaxon:66855	1	mediadive.medium:554
NCBITaxon:668570	2	mediadive.medium:1273|mediadive.medium:J794
NCBITaxon:66858	4	mediadive.medium:252|mediadive.medium:554|mediadive.medium:65|mediadive.medium:84
NCBITaxon:66859	3	mediadive.medium:252|mediadive.medium:65|mediadive.medium:J43
NCBITaxon:66860	2	mediadive.medium:252|mediadive.medium:65
NCBITaxon:668625	2	mediadive.medium:92|mediadive.medium:J475
NCBITaxon:66863	1	mediadive.medium:782
NCBITaxon:66864	1	mediadive.medium:782
NCBITaxon:66865	4	mediadive.medium:65|mediadive.medium:84|mediadive.medium:J50|mediadive.medium:J66
NCBITaxon:66867	3	mediadive.medium:65|mediadive.medium:84|mediadive.medium:J43
NCBITaxon:66869	3	mediadive.medium:65|mediadive.medium:84|mediadive.medium:J66
NCBITaxon:66870	4	mediadive.medium:65|mediadive.medium:84|mediadive.medium:J42|mediadive.medium:J66
NCBITaxon:66871	6	mediadive.medium:65|mediadive.medium:84|mediadive.medium:987|mediadive.medium:J42|mediadive.medium:J58|mediadive.medium:J66
NCBITaxon:66872	3	mediadive.medium:65|mediadive.medium:84|mediadive.medium:J61
NCBITaxon:66875	3	mediadive.medium:252|mediadive.medium:65|mediadive.medium:J45
NCBITaxon:66876	5	mediadive.medium:65|mediadive.medium:84|mediadive.medium:J43|mediadive.medium:J52|mediadive.medium:J61
NCBITaxon:66879	4	mediadive.medium:65|mediadive.medium:84|mediadive.medium:J42|mediadive.medium:J50
NCBITaxon:66881	2	mediadive.medium:65|mediadive.medium:J42
NCBITaxon:66882	4	mediadive.medium:252|mediadive.medium:65|mediadive.medium:84|mediadive.medium:J42
NCBITaxon:66883	7	mediadive.medium:252|mediadive.medium:65|mediadive.medium:84|mediadive.medium:987|mediadive.medium:J50|mediadive.medium:J58|mediadive.medium:J66
NCBITaxon:66885	2	mediadive.medium:65|mediadive.medium:J45
NCBITaxon:66887	3	mediadive.medium:65|mediadive.medium:84|mediadive.medium:J42
NCBITaxon:66888	2	mediadive.medium:65|mediadive.medium:J42
NCBITaxon:66892	5	mediadive.medium:252|mediadive.medium:65|mediadive.medium:J43|mediadive.medium:J50|mediadive.medium:J66
NCBITaxon:66893	2	mediadive.medium:65|mediadive.medium:J42
NCBITaxon:66894	2	mediadive.medium:65|mediadive.medium:J61
NCBITaxon:66895	5	mediadive.medium:65|mediadive.medium:J42|mediadive.medium:J45|mediadive.medium:J58|mediadive.medium:J66
NCBITaxon:66896	4	mediadive.medium:252|mediadive.medium:65|mediadive.medium:84|mediadive.medium:987
NCBITaxon:66897	4	mediadive.medium:65|mediadive.medium:J43|mediadive.medium:J50|mediadive.medium:J66
NCBITaxon:66899	1	mediadive.medium:65
NCBITaxon:669	8	mediadive.medium:101|mediadive.medium:115|mediadive.medium:123|mediadive.medium:243|mediadive.medium:246|mediadive.medium:514|mediadive.medium:514f|mediadive.medium:530
NCBITaxon:66900	3	mediadive.medium:65|mediadive.medium:84|mediadive.medium:J42
NCBITaxon:66904	5	mediadive.medium:65|mediadive.medium:J43|mediadive.medium:J50|mediadive.medium:J58|mediadive.medium:J66
NCBITaxon:669368	3	mediadive.medium:1673|mediadive.medium:1677|mediadive.medium:1680
NCBITaxon:669455	2	mediadive.medium:830|mediadive.medium:830c
NCBITaxon:669464	3	mediadive.medium:220|mediadive.medium:545|mediadive.medium:J75
NCBITaxon:66969	1	mediadive.medium:585
NCBITaxon:670	7	mediadive.medium:115|mediadive.medium:115a|mediadive.medium:429|mediadive.medium:514|mediadive.medium:514c|mediadive.medium:535|mediadive.medium:693
NCBITaxon:670052	2	mediadive.medium:92|mediadive.medium:J475
NCBITaxon:670054	2	mediadive.medium:92|mediadive.medium:J26
NCBITaxon:670078	2	mediadive.medium:92|mediadive.medium:J26
NCBITaxon:670079	2	mediadive.medium:92|mediadive.medium:J26
NCBITaxon:670154	2	mediadive.medium:514|mediadive.medium:J118
NCBITaxon:670155	2	mediadive.medium:514|mediadive.medium:J118
NCBITaxon:670291	1	mediadive.medium:830
NCBITaxon:670292	1	mediadive.medium:830
NCBITaxon:670482	1	mediadive.medium:92
NCBITaxon:670487	1	mediadive.medium:975
NCBITaxon:670863	2	mediadive.medium:514|mediadive.medium:J1001
NCBITaxon:671077	2	mediadive.medium:1251|mediadive.medium:J782
NCBITaxon:671218	2	mediadive.medium:1203|mediadive.medium:693
NCBITaxon:671266	2	mediadive.medium:339|mediadive.medium:693
NCBITaxon:671267	4	mediadive.medium:104|mediadive.medium:215|mediadive.medium:693|mediadive.medium:J14
NCBITaxon:671278	3	mediadive.medium:514|mediadive.medium:514c|mediadive.medium:J118
NCBITaxon:671622	2	mediadive.medium:92|mediadive.medium:J26
NCBITaxon:672	4	mediadive.medium:514|mediadive.medium:514c|mediadive.medium:535b|mediadive.medium:693
NCBITaxon:672157	1	mediadive.medium:514
NCBITaxon:672460	1	mediadive.medium:92
NCBITaxon:67255	6	mediadive.medium:252|mediadive.medium:553|mediadive.medium:65|mediadive.medium:84|mediadive.medium:J42|mediadive.medium:J43
NCBITaxon:67256	1	mediadive.medium:65
NCBITaxon:67257	10	mediadive.medium:215|mediadive.medium:252|mediadive.medium:65|mediadive.medium:84|mediadive.medium:92|mediadive.medium:J42|mediadive.medium:J43|mediadive.medium:J51|mediadive.medium:J54|mediadive.medium:J66
NCBITaxon:67258	5	mediadive.medium:252|mediadive.medium:65|mediadive.medium:J42|mediadive.medium:J45|mediadive.medium:J50
NCBITaxon:67259	3	mediadive.medium:252|mediadive.medium:65|mediadive.medium:84
NCBITaxon:67260	4	mediadive.medium:65|mediadive.medium:84|mediadive.medium:J42|mediadive.medium:J58
NCBITaxon:67263	13	mediadive.medium:215b|mediadive.medium:252|mediadive.medium:535|mediadive.medium:554|mediadive.medium:65|mediadive.medium:84|mediadive.medium:987|mediadive.medium:J43|mediadive.medium:J44|mediadive.medium:J45|mediadive.medium:J50|mediadive.medium:J61|mediadive.medium:J66
NCBITaxon:67265	3	mediadive.medium:65|mediadive.medium:84|mediadive.medium:J42
NCBITaxon:67266	3	mediadive.medium:65|mediadive.medium:84|mediadive.medium:J42
NCBITaxon:67267	3	mediadive.medium:65|mediadive.medium:84|mediadive.medium:J42
NCBITaxon:67269	2	mediadive.medium:65|mediadive.medium:J42
NCBITaxon:67271	3	mediadive.medium:65|mediadive.medium:J51|mediadive.medium:J66
NCBITaxon:67273	4	mediadive.medium:65|mediadive.medium:84|mediadive.medium:J50|mediadive.medium:J58
NCBITaxon:67274	3	mediadive.medium:65|mediadive.medium:84|mediadive.medium:J66
NCBITaxon:67275	3	mediadive.medium:65|mediadive.medium:J43|mediadive.medium:J66
NCBITaxon:67280	4	mediadive.medium:65|mediadive.medium:84|mediadive.medium:J42|mediadive.medium:J58
NCBITaxon:67282	6	mediadive.medium:252|mediadive.medium:65|mediadive.medium:84|mediadive.medium:J43|mediadive.medium:J58|mediadive.medium:J61
NCBITaxon:67283	3	mediadive.medium:65|mediadive.medium:J42|mediadive.medium:J66
NCBITaxon:67285	4	mediadive.medium:252|mediadive.medium:65|mediadive.medium:84|mediadive.medium:J42
NCBITaxon:67287	4	mediadive.medium:65|mediadive.medium:84|mediadive.medium:J58|mediadive.medium:J66
NCBITaxon:67293	3	mediadive.medium:65|mediadive.medium:84|mediadive.medium:J42
NCBITaxon:67294	7	mediadive.medium:65|mediadive.medium:84|mediadive.medium:987|mediadive.medium:J43|mediadive.medium:J50|mediadive.medium:J58|mediadive.medium:J66
NCBITaxon:67296	4	mediadive.medium:65|mediadive.medium:J42|mediadive.medium:J50|mediadive.medium:J66
NCBITaxon:67297	6	mediadive.medium:252|mediadive.medium:65|mediadive.medium:84|mediadive.medium:J42|mediadive.medium:J45|mediadive.medium:J66
NCBITaxon:67299	4	mediadive.medium:65|mediadive.medium:84|mediadive.medium:J50|mediadive.medium:J58
NCBITaxon:67301	4	mediadive.medium:252|mediadive.medium:65|mediadive.medium:84|mediadive.medium:J66
NCBITaxon:67302	2	mediadive.medium:65|mediadive.medium:J42
NCBITaxon:67303	3	mediadive.medium:65|mediadive.medium:J58|mediadive.medium:J66
NCBITaxon:67304	6	mediadive.medium:65|mediadive.medium:84|mediadive.medium:J42|mediadive.medium:J45|mediadive.medium:J50|mediadive.medium:J66
NCBITaxon:67305	3	mediadive.medium:65|mediadive.medium:84|mediadive.medium:J42
NCBITaxon:67307	3	mediadive.medium:65|mediadive.medium:J45|mediadive.medium:J50
NCBITaxon:67310	5	mediadive.medium:65|mediadive.medium:84|mediadive.medium:J42|mediadive.medium:J43|mediadive.medium:J45
NCBITaxon:67312	2	mediadive.medium:65|mediadive.medium:J42
NCBITaxon:67313	3	mediadive.medium:65|mediadive.medium:84|mediadive.medium:J42
NCBITaxon:67314	2	mediadive.medium:65|mediadive.medium:J42
NCBITaxon:67315	4	mediadive.medium:252|mediadive.medium:65|mediadive.medium:84|mediadive.medium:J42
NCBITaxon:67316	4	mediadive.medium:65|mediadive.medium:84|mediadive.medium:J58|mediadive.medium:J66
NCBITaxon:67317	3	mediadive.medium:65|mediadive.medium:J58|mediadive.medium:J66
NCBITaxon:67318	2	mediadive.medium:65|mediadive.medium:J42
NCBITaxon:67320	2	mediadive.medium:65|mediadive.medium:84
NCBITaxon:67322	3	mediadive.medium:65|mediadive.medium:J43|mediadive.medium:J66
NCBITaxon:67324	4	mediadive.medium:252|mediadive.medium:65|mediadive.medium:84|mediadive.medium:J42
NCBITaxon:67325	4	mediadive.medium:65|mediadive.medium:J43|mediadive.medium:J50|mediadive.medium:J66
NCBITaxon:67326	2	mediadive.medium:65|mediadive.medium:J42
NCBITaxon:67327	4	mediadive.medium:252|mediadive.medium:65|mediadive.medium:84|mediadive.medium:J52
NCBITaxon:673271	2	mediadive.medium:634c|mediadive.medium:J282
NCBITaxon:67330	3	mediadive.medium:65|mediadive.medium:84|mediadive.medium:J42
NCBITaxon:673318	1	mediadive.medium:1
NCBITaxon:67332	3	mediadive.medium:65|mediadive.medium:J50|mediadive.medium:J66
NCBITaxon:67333	3	mediadive.medium:65|mediadive.medium:84|mediadive.medium:J42
NCBITaxon:67337	3	mediadive.medium:65|mediadive.medium:J45|mediadive.medium:J58
NCBITaxon:673372	1	mediadive.medium:514
NCBITaxon:673379	2	mediadive.medium:1240|mediadive.medium:1241
NCBITaxon:67338	4	mediadive.medium:252|mediadive.medium:65|mediadive.medium:84|mediadive.medium:J42
NCBITaxon:67339	3	mediadive.medium:65|mediadive.medium:84|mediadive.medium:J44
NCBITaxon:67342	4	mediadive.medium:252|mediadive.medium:65|mediadive.medium:84|mediadive.medium:J42
NCBITaxon:67343	2	mediadive.medium:65|mediadive.medium:J66
NCBITaxon:67344	6	mediadive.medium:252|mediadive.medium:65|mediadive.medium:84|mediadive.medium:J42|mediadive.medium:J61|mediadive.medium:J66
NCBITaxon:67345	5	mediadive.medium:65|mediadive.medium:84|mediadive.medium:987|mediadive.medium:J58|mediadive.medium:J66
NCBITaxon:67350	2	mediadive.medium:65|mediadive.medium:J45
NCBITaxon:67351	6	mediadive.medium:252|mediadive.medium:65|mediadive.medium:84|mediadive.medium:987|mediadive.medium:J42|mediadive.medium:J58
NCBITaxon:673517	1	mediadive.medium:65
NCBITaxon:67352	5	mediadive.medium:65|mediadive.medium:84|mediadive.medium:J42|mediadive.medium:J45|mediadive.medium:J50
NCBITaxon:67353	2	mediadive.medium:65|mediadive.medium:J42
NCBITaxon:673535	6	mediadive.medium:535|mediadive.medium:554|mediadive.medium:65|mediadive.medium:83|mediadive.medium:84|mediadive.medium:J61
NCBITaxon:673548	1	mediadive.medium:1
NCBITaxon:67355	2	mediadive.medium:65|mediadive.medium:J42
NCBITaxon:67356	4	mediadive.medium:65|mediadive.medium:84|mediadive.medium:J45|mediadive.medium:J50
NCBITaxon:67358	3	mediadive.medium:65|mediadive.medium:J42|mediadive.medium:J66
NCBITaxon:67360	3	mediadive.medium:252|mediadive.medium:65|mediadive.medium:J42
NCBITaxon:67361	3	mediadive.medium:65|mediadive.medium:84|mediadive.medium:J50
NCBITaxon:67362	4	mediadive.medium:65|mediadive.medium:84|mediadive.medium:J43|mediadive.medium:J66
NCBITaxon:67363	4	mediadive.medium:65|mediadive.medium:84|mediadive.medium:J58|mediadive.medium:J66
NCBITaxon:67364	4	mediadive.medium:252|mediadive.medium:65|mediadive.medium:84|mediadive.medium:J58
NCBITaxon:67366	5	mediadive.medium:252|mediadive.medium:65|mediadive.medium:84|mediadive.medium:993|mediadive.medium:J42
NCBITaxon:67367	6	mediadive.medium:65|mediadive.medium:84|mediadive.medium:987|mediadive.medium:J42|mediadive.medium:J50|mediadive.medium:J66
NCBITaxon:67368	2	mediadive.medium:65|mediadive.medium:J42
NCBITaxon:67369	2	mediadive.medium:65|mediadive.medium:J42
NCBITaxon:67370	4	mediadive.medium:65|mediadive.medium:84|mediadive.medium:993|mediadive.medium:J42
NCBITaxon:67372	4	mediadive.medium:252|mediadive.medium:65|mediadive.medium:84|mediadive.medium:J58
NCBITaxon:67373	5	mediadive.medium:252|mediadive.medium:65|mediadive.medium:84|mediadive.medium:987|mediadive.medium:J43
NCBITaxon:67376	3	mediadive.medium:65|mediadive.medium:84|mediadive.medium:J58
NCBITaxon:67377	2	mediadive.medium:65|mediadive.medium:J42
NCBITaxon:67378	4	mediadive.medium:65|mediadive.medium:84|mediadive.medium:J45|mediadive.medium:J66
NCBITaxon:67379	3	mediadive.medium:252|mediadive.medium:65|mediadive.medium:J58
NCBITaxon:67380	2	mediadive.medium:65|mediadive.medium:J42
NCBITaxon:67381	4	mediadive.medium:65|mediadive.medium:84|mediadive.medium:J50|mediadive.medium:J58
NCBITaxon:67384	6	mediadive.medium:65|mediadive.medium:84|mediadive.medium:J42|mediadive.medium:J43|mediadive.medium:J61|mediadive.medium:J66
NCBITaxon:67385	2	mediadive.medium:65|mediadive.medium:J42
NCBITaxon:67386	3	mediadive.medium:65|mediadive.medium:J42|mediadive.medium:J51
NCBITaxon:673954	3	mediadive.medium:736|mediadive.medium:830|mediadive.medium:92
NCBITaxon:674	2	mediadive.medium:514|mediadive.medium:693
NCBITaxon:674054	1	mediadive.medium:535b
NCBITaxon:674079	2	mediadive.medium:514|mediadive.medium:J118
NCBITaxon:674972	2	mediadive.medium:1042|mediadive.medium:J785
NCBITaxon:675089	4	mediadive.medium:553|mediadive.medium:554|mediadive.medium:65|mediadive.medium:83
NCBITaxon:675090	2	mediadive.medium:104|mediadive.medium:215
NCBITaxon:675609	2	mediadive.medium:830|mediadive.medium:J346
NCBITaxon:675631	3	mediadive.medium:88a|mediadive.medium:J183|mediadive.medium:J187
NCBITaxon:675635	3	mediadive.medium:252|mediadive.medium:553|mediadive.medium:J104
NCBITaxon:67573	1	mediadive.medium:514
NCBITaxon:67574	2	mediadive.medium:92|mediadive.medium:J26
NCBITaxon:67576	1	mediadive.medium:514a
NCBITaxon:67581	4	mediadive.medium:65|mediadive.medium:84|mediadive.medium:J42|mediadive.medium:J54
NCBITaxon:675811	3	mediadive.medium:514|mediadive.medium:693|mediadive.medium:92
NCBITaxon:675812	3	mediadive.medium:514c|mediadive.medium:J118|mediadive.medium:J41
NCBITaxon:675813	3	mediadive.medium:514|mediadive.medium:693|mediadive.medium:J118
NCBITaxon:675814	3	mediadive.medium:246|mediadive.medium:514c|mediadive.medium:514f
NCBITaxon:675816	1	mediadive.medium:514
NCBITaxon:675864	3	mediadive.medium:65|mediadive.medium:776|mediadive.medium:J26
NCBITaxon:675874	1	mediadive.medium:535b
NCBITaxon:676199	1	mediadive.medium:514
NCBITaxon:676200	1	mediadive.medium:514
NCBITaxon:676201	2	mediadive.medium:514|mediadive.medium:92
NCBITaxon:676202	1	mediadive.medium:381
NCBITaxon:676205	2	mediadive.medium:65|mediadive.medium:J43
NCBITaxon:676517	1	mediadive.medium:1311
NCBITaxon:676965	1	mediadive.medium:641
NCBITaxon:67774	1	mediadive.medium:1031a
NCBITaxon:678	8	mediadive.medium:101|mediadive.medium:115|mediadive.medium:246|mediadive.medium:514|mediadive.medium:514b|mediadive.medium:514f|mediadive.medium:693|mediadive.medium:92
NCBITaxon:67824	2	mediadive.medium:1|mediadive.medium:92
NCBITaxon:67826	2	mediadive.medium:535|mediadive.medium:693
NCBITaxon:67827	1	mediadive.medium:535
NCBITaxon:67828	1	mediadive.medium:1
NCBITaxon:67829	1	mediadive.medium:1
NCBITaxon:67854	4	mediadive.medium:215|mediadive.medium:535|mediadive.medium:545|mediadive.medium:693
NCBITaxon:67855	1	mediadive.medium:693
NCBITaxon:678932	6	mediadive.medium:535|mediadive.medium:535a|mediadive.medium:693|mediadive.medium:92|mediadive.medium:J256|mediadive.medium:J28
NCBITaxon:679190	4	mediadive.medium:104|mediadive.medium:1203a|mediadive.medium:693|mediadive.medium:J14
NCBITaxon:679197	3	mediadive.medium:645|mediadive.medium:J302|mediadive.medium:J386
NCBITaxon:679201	3	mediadive.medium:104|mediadive.medium:693|mediadive.medium:J14
NCBITaxon:679249	1	mediadive.medium:11
NCBITaxon:679260	1	mediadive.medium:514c
NCBITaxon:679319	4	mediadive.medium:252|mediadive.medium:65|mediadive.medium:J50|mediadive.medium:J66
NCBITaxon:679663	4	mediadive.medium:535a|mediadive.medium:693|mediadive.medium:J256|mediadive.medium:J28
NCBITaxon:679900	2	mediadive.medium:514|mediadive.medium:J118
NCBITaxon:679901	1	mediadive.medium:396
NCBITaxon:679926	1	mediadive.medium:141
NCBITaxon:679935	3	mediadive.medium:104|mediadive.medium:693|mediadive.medium:J14
NCBITaxon:679936	2	mediadive.medium:1190|mediadive.medium:709
NCBITaxon:679937	2	mediadive.medium:104|mediadive.medium:J14
NCBITaxon:680026	1	mediadive.medium:514c
NCBITaxon:680118	2	mediadive.medium:119|mediadive.medium:J807
NCBITaxon:680125	2	mediadive.medium:514|mediadive.medium:J118
NCBITaxon:680279	1	mediadive.medium:514
NCBITaxon:68035	1	mediadive.medium:816
NCBITaxon:680375	1	mediadive.medium:1485
NCBITaxon:680378	1	mediadive.medium:1166
NCBITaxon:68040	5	mediadive.medium:252|mediadive.medium:65|mediadive.medium:84|mediadive.medium:J50|mediadive.medium:J66
NCBITaxon:68042	4	mediadive.medium:252|mediadive.medium:65|mediadive.medium:84|mediadive.medium:J42
NCBITaxon:680648	2	mediadive.medium:1298|mediadive.medium:833
NCBITaxon:681289	2	mediadive.medium:553|mediadive.medium:J57
NCBITaxon:681634	1	mediadive.medium:514b
NCBITaxon:681644	2	mediadive.medium:65|mediadive.medium:J66
NCBITaxon:68170	4	mediadive.medium:215|mediadive.medium:426|mediadive.medium:65|mediadive.medium:J42
NCBITaxon:68171	4	mediadive.medium:252|mediadive.medium:65|mediadive.medium:84|mediadive.medium:J42
NCBITaxon:68173	3	mediadive.medium:65|mediadive.medium:84|mediadive.medium:J42
NCBITaxon:68174	5	mediadive.medium:65|mediadive.medium:84|mediadive.medium:J42|mediadive.medium:J58|mediadive.medium:J66
NCBITaxon:68175	5	mediadive.medium:252|mediadive.medium:65|mediadive.medium:84|mediadive.medium:J42|mediadive.medium:J58
NCBITaxon:68179	3	mediadive.medium:65|mediadive.medium:84|mediadive.medium:J61
NCBITaxon:68180	7	mediadive.medium:252|mediadive.medium:65|mediadive.medium:84|mediadive.medium:993|mediadive.medium:J42|mediadive.medium:J43|mediadive.medium:J58
NCBITaxon:68182	3	mediadive.medium:252|mediadive.medium:65|mediadive.medium:J51
NCBITaxon:68183	4	mediadive.medium:65|mediadive.medium:84|mediadive.medium:J42|mediadive.medium:J45
NCBITaxon:68184	4	mediadive.medium:65|mediadive.medium:84|mediadive.medium:J58|mediadive.medium:J66
NCBITaxon:68185	2	mediadive.medium:252|mediadive.medium:65
NCBITaxon:68186	5	mediadive.medium:65|mediadive.medium:84|mediadive.medium:J50|mediadive.medium:J58|mediadive.medium:J66
NCBITaxon:68187	3	mediadive.medium:65|mediadive.medium:84|mediadive.medium:J42
NCBITaxon:68188	5	mediadive.medium:252|mediadive.medium:553|mediadive.medium:65|mediadive.medium:84|mediadive.medium:J58
NCBITaxon:68190	4	mediadive.medium:65|mediadive.medium:84|mediadive.medium:J42|mediadive.medium:J50
NCBITaxon:68191	3	mediadive.medium:65|mediadive.medium:84|mediadive.medium:J58
NCBITaxon:68193	4	mediadive.medium:65|mediadive.medium:84|mediadive.medium:J45|mediadive.medium:J61
NCBITaxon:68194	5	mediadive.medium:65|mediadive.medium:84|mediadive.medium:J42|mediadive.medium:J45|mediadive.medium:J66
NCBITaxon:68195	3	mediadive.medium:65|mediadive.medium:J53|mediadive.medium:J58
NCBITaxon:68196	4	mediadive.medium:65|mediadive.medium:84|mediadive.medium:J58|mediadive.medium:J66
NCBITaxon:68197	5	mediadive.medium:252|mediadive.medium:65|mediadive.medium:84|mediadive.medium:J43|mediadive.medium:J66
NCBITaxon:68200	3	mediadive.medium:252|mediadive.medium:65|mediadive.medium:J58
NCBITaxon:68207	4	mediadive.medium:252|mediadive.medium:65|mediadive.medium:84|mediadive.medium:J66
NCBITaxon:68209	3	mediadive.medium:65|mediadive.medium:84|mediadive.medium:J42
NCBITaxon:68211	4	mediadive.medium:252|mediadive.medium:65|mediadive.medium:84|mediadive.medium:J42
NCBITaxon:68212	3	mediadive.medium:65|mediadive.medium:84|mediadive.medium:J58
NCBITaxon:68213	5	mediadive.medium:252|mediadive.medium:65|mediadive.medium:84|mediadive.medium:987|mediadive.medium:J43
NCBITaxon:68214	4	mediadive.medium:65|mediadive.medium:84|mediadive.medium:J42|mediadive.medium:J58
NCBITaxon:68215	4	mediadive.medium:65|mediadive.medium:84|mediadive.medium:J42|mediadive.medium:J50
NCBITaxon:68217	3	mediadive.medium:65|mediadive.medium:J42|mediadive.medium:J45
NCBITaxon:682179	1	mediadive.medium:514
NCBITaxon:68219	5	mediadive.medium:65|mediadive.medium:84|mediadive.medium:J42|mediadive.medium:J58|mediadive.medium:J66
NCBITaxon:68221	3	mediadive.medium:65|mediadive.medium:J44|mediadive.medium:J58
NCBITaxon:68222	3	mediadive.medium:65|mediadive.medium:84|mediadive.medium:J42
NCBITaxon:68223	3	mediadive.medium:65|mediadive.medium:84|mediadive.medium:J42
NCBITaxon:68225	3	mediadive.medium:65|mediadive.medium:J54|mediadive.medium:J66
NCBITaxon:68228	3	mediadive.medium:65|mediadive.medium:J42|mediadive.medium:J58
NCBITaxon:68229	3	mediadive.medium:65|mediadive.medium:84|mediadive.medium:J58
NCBITaxon:68230	6	mediadive.medium:252|mediadive.medium:425|mediadive.medium:65|mediadive.medium:84|mediadive.medium:J61|mediadive.medium:J66
NCBITaxon:68231	6	mediadive.medium:1027|mediadive.medium:252|mediadive.medium:65|mediadive.medium:84|mediadive.medium:987|mediadive.medium:J42
NCBITaxon:68232	4	mediadive.medium:65|mediadive.medium:84|mediadive.medium:J61|mediadive.medium:J66
NCBITaxon:68233	3	mediadive.medium:65|mediadive.medium:84|mediadive.medium:J54
NCBITaxon:68237	3	mediadive.medium:65|mediadive.medium:84|mediadive.medium:J42
NCBITaxon:68238	5	mediadive.medium:252|mediadive.medium:65|mediadive.medium:J42|mediadive.medium:J58|mediadive.medium:J66
NCBITaxon:68239	4	mediadive.medium:65|mediadive.medium:84|mediadive.medium:J42|mediadive.medium:J50
NCBITaxon:682400	1	mediadive.medium:1166
NCBITaxon:68244	2	mediadive.medium:65|mediadive.medium:J61
NCBITaxon:68245	3	mediadive.medium:65|mediadive.medium:J42|mediadive.medium:J43
NCBITaxon:68246	3	mediadive.medium:252|mediadive.medium:65|mediadive.medium:J58
NCBITaxon:68247	2	mediadive.medium:65|mediadive.medium:J42
NCBITaxon:68249	5	mediadive.medium:252|mediadive.medium:65|mediadive.medium:J42|mediadive.medium:J43|mediadive.medium:J66
NCBITaxon:682526	1	mediadive.medium:1166
NCBITaxon:68255	4	mediadive.medium:252|mediadive.medium:65|mediadive.medium:84|mediadive.medium:J42
NCBITaxon:682550	1	mediadive.medium:1055
NCBITaxon:68256	3	mediadive.medium:65|mediadive.medium:J58|mediadive.medium:J66
NCBITaxon:682562	1	mediadive.medium:1166
NCBITaxon:68258	4	mediadive.medium:252|mediadive.medium:65|mediadive.medium:84|mediadive.medium:J45
NCBITaxon:68259	6	mediadive.medium:65|mediadive.medium:84|mediadive.medium:J42|mediadive.medium:J43|mediadive.medium:J50|mediadive.medium:J66
NCBITaxon:68263	3	mediadive.medium:65|mediadive.medium:84|mediadive.medium:J42
NCBITaxon:68264	4	mediadive.medium:555|mediadive.medium:65|mediadive.medium:84|mediadive.medium:J66
NCBITaxon:682667	1	mediadive.medium:535
NCBITaxon:68268	3	mediadive.medium:65|mediadive.medium:84|mediadive.medium:J42
NCBITaxon:68270	5	mediadive.medium:252|mediadive.medium:65|mediadive.medium:84|mediadive.medium:J43|mediadive.medium:J58
NCBITaxon:682713	2	mediadive.medium:37|mediadive.medium:888
NCBITaxon:68272	5	mediadive.medium:252|mediadive.medium:65|mediadive.medium:84|mediadive.medium:J42|mediadive.medium:J50
NCBITaxon:68274	3	mediadive.medium:65|mediadive.medium:J42|mediadive.medium:J66
NCBITaxon:68276	4	mediadive.medium:65|mediadive.medium:84|mediadive.medium:J45|mediadive.medium:J66
NCBITaxon:68277	6	mediadive.medium:252|mediadive.medium:65|mediadive.medium:84|mediadive.medium:J42|mediadive.medium:J50|mediadive.medium:J66
NCBITaxon:68278	4	mediadive.medium:252|mediadive.medium:65|mediadive.medium:J42|mediadive.medium:J66
NCBITaxon:68280	3	mediadive.medium:65|mediadive.medium:84|mediadive.medium:J42
NCBITaxon:68282	5	mediadive.medium:65|mediadive.medium:84|mediadive.medium:J42|mediadive.medium:J45|mediadive.medium:J66
NCBITaxon:68284	5	mediadive.medium:252|mediadive.medium:65|mediadive.medium:84|mediadive.medium:987|mediadive.medium:J58
NCBITaxon:68285	3	mediadive.medium:252|mediadive.medium:65|mediadive.medium:J58
NCBITaxon:68286	4	mediadive.medium:65|mediadive.medium:J42|mediadive.medium:J61|mediadive.medium:J66
NCBITaxon:68291	1	mediadive.medium:929
NCBITaxon:68292	1	mediadive.medium:929
NCBITaxon:682956	1	mediadive.medium:220
NCBITaxon:682979	2	mediadive.medium:65|mediadive.medium:J26
NCBITaxon:68298	1	mediadive.medium:1599
NCBITaxon:683042	1	mediadive.medium:92
NCBITaxon:683047	1	mediadive.medium:92
NCBITaxon:683124	1	mediadive.medium:545
NCBITaxon:683125	1	mediadive.medium:545
NCBITaxon:683228	4	mediadive.medium:535|mediadive.medium:553|mediadive.medium:65|mediadive.medium:J61
NCBITaxon:683260	4	mediadive.medium:252|mediadive.medium:65|mediadive.medium:84|mediadive.medium:J51
NCBITaxon:683354	1	mediadive.medium:830c
NCBITaxon:683355	1	mediadive.medium:1
NCBITaxon:683405	1	mediadive.medium:1095
NCBITaxon:684063	2	mediadive.medium:220|mediadive.medium:J75
NCBITaxon:684066	1	mediadive.medium:693
NCBITaxon:685	1	mediadive.medium:308
NCBITaxon:685454	3	mediadive.medium:554|mediadive.medium:65|mediadive.medium:J42
NCBITaxon:68569	2	mediadive.medium:1|mediadive.medium:595
NCBITaxon:685706	1	mediadive.medium:535
NCBITaxon:685782	1	mediadive.medium:215
NCBITaxon:685828	1	mediadive.medium:830
NCBITaxon:686223	2	mediadive.medium:429|mediadive.medium:J586
NCBITaxon:686226	2	mediadive.medium:429|mediadive.medium:J586
NCBITaxon:686234	2	mediadive.medium:429|mediadive.medium:J586
NCBITaxon:686309	6	mediadive.medium:535|mediadive.medium:553|mediadive.medium:554|mediadive.medium:65|mediadive.medium:J104|mediadive.medium:J61
NCBITaxon:686389	1	mediadive.medium:514
NCBITaxon:686429	2	mediadive.medium:535|mediadive.medium:J43
NCBITaxon:686624	1	mediadive.medium:514
NCBITaxon:686660	2	mediadive.medium:136|mediadive.medium:693
NCBITaxon:686666	1	mediadive.medium:104
NCBITaxon:686796	2	mediadive.medium:514|mediadive.medium:J118
NCBITaxon:686800	1	mediadive.medium:1
NCBITaxon:686831	1	mediadive.medium:535
NCBITaxon:687207	3	mediadive.medium:1159|mediadive.medium:514|mediadive.medium:J569
NCBITaxon:687436	1	mediadive.medium:220
NCBITaxon:687525	1	mediadive.medium:65
NCBITaxon:68766	1	mediadive.medium:110
NCBITaxon:687899	1	mediadive.medium:535
NCBITaxon:688	1	mediadive.medium:246a
NCBITaxon:688079	2	mediadive.medium:220|mediadive.medium:J443
NCBITaxon:688246	2	mediadive.medium:104|mediadive.medium:J14
NCBITaxon:688269	1	mediadive.medium:498
NCBITaxon:688270	1	mediadive.medium:514
NCBITaxon:688867	1	mediadive.medium:830
NCBITaxon:688913	1	mediadive.medium:830c
NCBITaxon:68895	7	mediadive.medium:1|mediadive.medium:220|mediadive.medium:220a|mediadive.medium:457|mediadive.medium:461|mediadive.medium:465|mediadive.medium:830
NCBITaxon:68898	4	mediadive.medium:65|mediadive.medium:84|mediadive.medium:J42|mediadive.medium:J61
NCBITaxon:689	1	mediadive.medium:514
NCBITaxon:68909	2	mediadive.medium:1|mediadive.medium:878
NCBITaxon:68910	2	mediadive.medium:1|mediadive.medium:878
NCBITaxon:689768	2	mediadive.medium:84|mediadive.medium:987
NCBITaxon:689904	1	mediadive.medium:104
NCBITaxon:68992	1	mediadive.medium:75
NCBITaxon:69	2	mediadive.medium:220|mediadive.medium:67
NCBITaxon:690083	1	mediadive.medium:514
NCBITaxon:690164	1	mediadive.medium:514
NCBITaxon:690566	3	mediadive.medium:428|mediadive.medium:464|mediadive.medium:465b
NCBITaxon:690567	1	mediadive.medium:347a
NCBITaxon:690585	2	mediadive.medium:1|mediadive.medium:98
NCBITaxon:690598	2	mediadive.medium:1|mediadive.medium:J22
NCBITaxon:691689	1	mediadive.medium:514c
NCBITaxon:692036	1	mediadive.medium:1441
NCBITaxon:69208	2	mediadive.medium:482|mediadive.medium:J1085
NCBITaxon:69218	4	mediadive.medium:1|mediadive.medium:535|mediadive.medium:693|mediadive.medium:92
NCBITaxon:69219	2	mediadive.medium:1|mediadive.medium:J12
NCBITaxon:69220	2	mediadive.medium:535|mediadive.medium:J12
NCBITaxon:69221	1	mediadive.medium:535
NCBITaxon:69222	1	mediadive.medium:1
NCBITaxon:69223	2	mediadive.medium:1|mediadive.medium:535
NCBITaxon:69224	1	mediadive.medium:535
NCBITaxon:692418	2	mediadive.medium:514|mediadive.medium:J118
NCBITaxon:692420	1	mediadive.medium:1
NCBITaxon:692487	1	mediadive.medium:514
NCBITaxon:69279	1	mediadive.medium:98
NCBITaxon:69280	1	mediadive.medium:1
NCBITaxon:69284	2	mediadive.medium:220|mediadive.medium:J75
NCBITaxon:693023	2	mediadive.medium:220|mediadive.medium:830
NCBITaxon:693075	1	mediadive.medium:1211
NCBITaxon:693153	1	mediadive.medium:514
NCBITaxon:693216	2	mediadive.medium:535|mediadive.medium:693
NCBITaxon:69322	3	mediadive.medium:67|mediadive.medium:830|mediadive.medium:J346
NCBITaxon:69360	1	mediadive.medium:28
NCBITaxon:69362	2	mediadive.medium:53|mediadive.medium:J26
NCBITaxon:69363	2	mediadive.medium:226|mediadive.medium:J342
NCBITaxon:69365	3	mediadive.medium:92|mediadive.medium:J26|mediadive.medium:J475
NCBITaxon:69366	2	mediadive.medium:92|mediadive.medium:J342
NCBITaxon:693661	1	mediadive.medium:796
NCBITaxon:69367	2	mediadive.medium:53|mediadive.medium:J26
NCBITaxon:69368	3	mediadive.medium:53|mediadive.medium:J22|mediadive.medium:J26
NCBITaxon:69369	3	mediadive.medium:92|mediadive.medium:J26|mediadive.medium:J28
NCBITaxon:69370	3	mediadive.medium:92|mediadive.medium:J22|mediadive.medium:J26
NCBITaxon:69373	3	mediadive.medium:53|mediadive.medium:J22|mediadive.medium:J26
NCBITaxon:693746	1	mediadive.medium:104b
NCBITaxon:69392	3	mediadive.medium:1|mediadive.medium:220|mediadive.medium:535
NCBITaxon:69393	4	mediadive.medium:1|mediadive.medium:535|mediadive.medium:693|mediadive.medium:92
NCBITaxon:69395	2	mediadive.medium:595|mediadive.medium:830
NCBITaxon:69396	1	mediadive.medium:595
NCBITaxon:693977	2	mediadive.medium:53|mediadive.medium:J22
NCBITaxon:693979	5	mediadive.medium:104|mediadive.medium:110|mediadive.medium:693|mediadive.medium:J14|mediadive.medium:J84
NCBITaxon:694025	1	mediadive.medium:830
NCBITaxon:694055	1	mediadive.medium:220
NCBITaxon:694059	1	mediadive.medium:671
NCBITaxon:694315	3	mediadive.medium:1542|mediadive.medium:9|mediadive.medium:J436
NCBITaxon:694427	2	mediadive.medium:104|mediadive.medium:J674
NCBITaxon:694430	2	mediadive.medium:371|mediadive.medium:J166
NCBITaxon:694431	1	mediadive.medium:480
NCBITaxon:694432	2	mediadive.medium:829|mediadive.medium:J420
NCBITaxon:694433	2	mediadive.medium:172|mediadive.medium:514
NCBITaxon:694434	1	mediadive.medium:520
NCBITaxon:694435	1	mediadive.medium:1484
NCBITaxon:694436	1	mediadive.medium:274
NCBITaxon:694437	3	mediadive.medium:172|mediadive.medium:514|mediadive.medium:J118
NCBITaxon:694439	1	mediadive.medium:830
NCBITaxon:69484	3	mediadive.medium:554|mediadive.medium:65|mediadive.medium:J42
NCBITaxon:69485	4	mediadive.medium:553|mediadive.medium:65|mediadive.medium:84|mediadive.medium:J42
NCBITaxon:69499	1	mediadive.medium:718
NCBITaxon:69527	2	mediadive.medium:1160|mediadive.medium:372
NCBITaxon:69528	3	mediadive.medium:372|mediadive.medium:97|mediadive.medium:J169
NCBITaxon:69540	1	mediadive.medium:825a
NCBITaxon:695563	1	mediadive.medium:11
NCBITaxon:695939	1	mediadive.medium:464
NCBITaxon:696000	2	mediadive.medium:548|mediadive.medium:65
NCBITaxon:696001	2	mediadive.medium:92|mediadive.medium:J26
NCBITaxon:696072	1	mediadive.medium:830
NCBITaxon:696074	1	mediadive.medium:830
NCBITaxon:696281	1	mediadive.medium:63
NCBITaxon:696369	1	mediadive.medium:63
NCBITaxon:696535	1	mediadive.medium:693
NCBITaxon:696536	1	mediadive.medium:220
NCBITaxon:69656	2	mediadive.medium:88|mediadive.medium:J172
NCBITaxon:69666	2	mediadive.medium:1|mediadive.medium:1157
NCBITaxon:69670	1	mediadive.medium:830
NCBITaxon:696760	1	mediadive.medium:514
NCBITaxon:696762	2	mediadive.medium:1282|mediadive.medium:1538
NCBITaxon:696763	2	mediadive.medium:65|mediadive.medium:J50
NCBITaxon:697197	2	mediadive.medium:1412|mediadive.medium:J523
NCBITaxon:697281	1	mediadive.medium:339a
NCBITaxon:697329	2	mediadive.medium:436|mediadive.medium:J675
NCBITaxon:698417	3	mediadive.medium:214|mediadive.medium:425|mediadive.medium:65
NCBITaxon:698418	6	mediadive.medium:252|mediadive.medium:553|mediadive.medium:554|mediadive.medium:65|mediadive.medium:84|mediadive.medium:J104
NCBITaxon:698645	2	mediadive.medium:514|mediadive.medium:J118
NCBITaxon:698738	1	mediadive.medium:514
NCBITaxon:698757	2	mediadive.medium:390|mediadive.medium:J269
NCBITaxon:698758	2	mediadive.medium:529|mediadive.medium:J130
NCBITaxon:698761	2	mediadive.medium:98|mediadive.medium:J254
NCBITaxon:698762	2	mediadive.medium:963|mediadive.medium:J315
NCBITaxon:698769	3	mediadive.medium:514d|mediadive.medium:549|mediadive.medium:J118
NCBITaxon:698827	1	mediadive.medium:1166
NCBITaxon:69895	1	mediadive.medium:798
NCBITaxon:699248	1	mediadive.medium:92
NCBITaxon:699281	2	mediadive.medium:1292|mediadive.medium:J783
NCBITaxon:699437	1	mediadive.medium:830
NCBITaxon:69960	1	mediadive.medium:28
NCBITaxon:69962	3	mediadive.medium:3|mediadive.medium:441|mediadive.medium:830
NCBITaxon:69963	3	mediadive.medium:3|mediadive.medium:441|mediadive.medium:J346
NCBITaxon:69964	3	mediadive.medium:441|mediadive.medium:830|mediadive.medium:J75
NCBITaxon:69966	2	mediadive.medium:53|mediadive.medium:92
NCBITaxon:69967	2	mediadive.medium:693|mediadive.medium:92
NCBITaxon:69968	1	mediadive.medium:92
NCBITaxon:69969	1	mediadive.medium:92
NCBITaxon:69974	2	mediadive.medium:1031|mediadive.medium:J254
NCBITaxon:700015	2	mediadive.medium:104|mediadive.medium:J83
NCBITaxon:700274	1	mediadive.medium:65
NCBITaxon:700500	1	mediadive.medium:104
NCBITaxon:700598	1	mediadive.medium:830
NCBITaxon:700599	2	mediadive.medium:252|mediadive.medium:65
NCBITaxon:701041	1	mediadive.medium:645
NCBITaxon:701042	2	mediadive.medium:645|mediadive.medium:J386
NCBITaxon:70125	2	mediadive.medium:1690|mediadive.medium:J1148
NCBITaxon:701521	2	mediadive.medium:11|mediadive.medium:J111
NCBITaxon:701523	1	mediadive.medium:514
NCBITaxon:701526	2	mediadive.medium:693|mediadive.medium:92
NCBITaxon:702115	2	mediadive.medium:1a|mediadive.medium:830c
NCBITaxon:702383	4	mediadive.medium:535|mediadive.medium:553|mediadive.medium:65|mediadive.medium:J43
NCBITaxon:702457	2	mediadive.medium:215|mediadive.medium:693
NCBITaxon:70255	3	mediadive.medium:693|mediadive.medium:92|mediadive.medium:J26
NCBITaxon:70258	3	mediadive.medium:693|mediadive.medium:92|mediadive.medium:J26
NCBITaxon:702742	2	mediadive.medium:736|mediadive.medium:92
NCBITaxon:702744	5	mediadive.medium:1240|mediadive.medium:1302|mediadive.medium:514|mediadive.medium:J351|mediadive.medium:J569
NCBITaxon:702745	2	mediadive.medium:545|mediadive.medium:J443
NCBITaxon:703	2	mediadive.medium:693|mediadive.medium:92
NCBITaxon:703342	2	mediadive.medium:514|mediadive.medium:J118
NCBITaxon:70346	1	mediadive.medium:535
NCBITaxon:70348	1	mediadive.medium:92
NCBITaxon:703613	3	mediadive.medium:58|mediadive.medium:J13|mediadive.medium:J19
NCBITaxon:704201	4	mediadive.medium:215|mediadive.medium:514|mediadive.medium:92|mediadive.medium:993c
NCBITaxon:705336	2	mediadive.medium:554|mediadive.medium:65
NCBITaxon:70582	2	mediadive.medium:464|mediadive.medium:830a
NCBITaxon:70584	1	mediadive.medium:830a
NCBITaxon:70586	2	mediadive.medium:464a|mediadive.medium:830a
NCBITaxon:70611	1	mediadive.medium:585
NCBITaxon:706186	2	mediadive.medium:830|mediadive.medium:J346
NCBITaxon:706427	2	mediadive.medium:1375|mediadive.medium:J818
NCBITaxon:706587	1	mediadive.medium:521
NCBITaxon:70775	1	mediadive.medium:92
NCBITaxon:70799	1	mediadive.medium:1592
NCBITaxon:708071	1	mediadive.medium:1166
NCBITaxon:708132	4	mediadive.medium:1|mediadive.medium:464|mediadive.medium:830|mediadive.medium:J346
NCBITaxon:70856	2	mediadive.medium:1|mediadive.medium:90
NCBITaxon:708634	1	mediadive.medium:830
NCBITaxon:709015	1	mediadive.medium:514
NCBITaxon:709032	2	mediadive.medium:1020|mediadive.medium:J340
NCBITaxon:709323	3	mediadive.medium:1047|mediadive.medium:11|mediadive.medium:J853
NCBITaxon:709509	1	mediadive.medium:92
NCBITaxon:709510	2	mediadive.medium:514|mediadive.medium:92
NCBITaxon:709860	1	mediadive.medium:65
NCBITaxon:709868	2	mediadive.medium:554|mediadive.medium:65
NCBITaxon:709876	2	mediadive.medium:554|mediadive.medium:65
NCBITaxon:709878	2	mediadive.medium:554|mediadive.medium:65
NCBITaxon:709879	6	mediadive.medium:535|mediadive.medium:553|mediadive.medium:554|mediadive.medium:65|mediadive.medium:J104|mediadive.medium:J61
NCBITaxon:709881	6	mediadive.medium:535|mediadive.medium:553|mediadive.medium:554|mediadive.medium:65|mediadive.medium:J104|mediadive.medium:J61
NCBITaxon:709883	5	mediadive.medium:535|mediadive.medium:553|mediadive.medium:554|mediadive.medium:65|mediadive.medium:J61
NCBITaxon:709888	4	mediadive.medium:535|mediadive.medium:553|mediadive.medium:554|mediadive.medium:65
NCBITaxon:70996	1	mediadive.medium:67
NCBITaxon:70997	1	mediadive.medium:514c
NCBITaxon:709986	1	mediadive.medium:736
NCBITaxon:709987	1	mediadive.medium:65
NCBITaxon:709991	3	mediadive.medium:110|mediadive.medium:693|mediadive.medium:J14
NCBITaxon:710190	1	mediadive.medium:141
NCBITaxon:710191	1	mediadive.medium:141
NCBITaxon:710696	5	mediadive.medium:215|mediadive.medium:65|mediadive.medium:84|mediadive.medium:J104|mediadive.medium:J26
NCBITaxon:71152	1	mediadive.medium:905
NCBITaxon:712036	1	mediadive.medium:514
NCBITaxon:71237	2	mediadive.medium:693|mediadive.medium:92
NCBITaxon:71253	2	mediadive.medium:92|mediadive.medium:J26
NCBITaxon:71254	3	mediadive.medium:535|mediadive.medium:693|mediadive.medium:J26
NCBITaxon:71280	2	mediadive.medium:760|mediadive.medium:926
NCBITaxon:713585	3	mediadive.medium:925|mediadive.medium:J310|mediadive.medium:J312
NCBITaxon:713586	1	mediadive.medium:1228
NCBITaxon:713588	1	mediadive.medium:830
NCBITaxon:71388	1	mediadive.medium:514
NCBITaxon:714	4	mediadive.medium:215|mediadive.medium:693|mediadive.medium:J256|mediadive.medium:J70
NCBITaxon:714067	2	mediadive.medium:215|mediadive.medium:553
NCBITaxon:714109	3	mediadive.medium:554|mediadive.medium:65|mediadive.medium:J61
NCBITaxon:714130	1	mediadive.medium:65
NCBITaxon:714132	1	mediadive.medium:65
NCBITaxon:714136	3	mediadive.medium:553|mediadive.medium:65|mediadive.medium:J51
NCBITaxon:714137	2	mediadive.medium:65|mediadive.medium:84
NCBITaxon:714138	2	mediadive.medium:65|mediadive.medium:84
NCBITaxon:714159	2	mediadive.medium:535|mediadive.medium:65
NCBITaxon:714166	4	mediadive.medium:252|mediadive.medium:553|mediadive.medium:65|mediadive.medium:84
NCBITaxon:714307	1	mediadive.medium:514
NCBITaxon:714314	1	mediadive.medium:1
NCBITaxon:714315	3	mediadive.medium:104|mediadive.medium:693|mediadive.medium:J14
NCBITaxon:71433	2	mediadive.medium:1031a|mediadive.medium:J254
NCBITaxon:714531	1	mediadive.medium:830c
NCBITaxon:714549	1	mediadive.medium:830
NCBITaxon:714943	1	mediadive.medium:830
NCBITaxon:715	2	mediadive.medium:215|mediadive.medium:804
NCBITaxon:715199	2	mediadive.medium:65|mediadive.medium:J42
NCBITaxon:71546	1	mediadive.medium:514
NCBITaxon:715784	5	mediadive.medium:535|mediadive.medium:736|mediadive.medium:92|mediadive.medium:J28|mediadive.medium:J346
NCBITaxon:715785	2	mediadive.medium:65|mediadive.medium:J43
NCBITaxon:716	2	mediadive.medium:215|mediadive.medium:J70
NCBITaxon:716541	5	mediadive.medium:1|mediadive.medium:693|mediadive.medium:92|mediadive.medium:J12|mediadive.medium:J22
NCBITaxon:71657	1	mediadive.medium:1
NCBITaxon:71667	1	mediadive.medium:1512
NCBITaxon:716925	1	mediadive.medium:98
NCBITaxon:717231	1	mediadive.medium:524
NCBITaxon:717605	2	mediadive.medium:88|mediadive.medium:J542
NCBITaxon:717606	3	mediadive.medium:1|mediadive.medium:535|mediadive.medium:J22
NCBITaxon:717856	2	mediadive.medium:513|mediadive.medium:830
NCBITaxon:717859	1	mediadive.medium:514
NCBITaxon:717959	3	mediadive.medium:693|mediadive.medium:78|mediadive.medium:J14
NCBITaxon:718	3	mediadive.medium:429|mediadive.medium:J256|mediadive.medium:J70
NCBITaxon:718002	1	mediadive.medium:220
NCBITaxon:718191	2	mediadive.medium:1351|mediadive.medium:J118
NCBITaxon:718193	2	mediadive.medium:514|mediadive.medium:J118
NCBITaxon:71864	2	mediadive.medium:67|mediadive.medium:9
NCBITaxon:719	1	mediadive.medium:215
NCBITaxon:71997	3	mediadive.medium:760|mediadive.medium:J161|mediadive.medium:J280
NCBITaxon:71998	3	mediadive.medium:760|mediadive.medium:J161|mediadive.medium:J280
NCBITaxon:71999	5	mediadive.medium:53|mediadive.medium:830|mediadive.medium:92|mediadive.medium:987|mediadive.medium:J26
NCBITaxon:720	2	mediadive.medium:215|mediadive.medium:J70
NCBITaxon:72000	3	mediadive.medium:220|mediadive.medium:92|mediadive.medium:J26
NCBITaxon:72026	1	mediadive.medium:693
NCBITaxon:720554	1	mediadive.medium:520
NCBITaxon:720605	3	mediadive.medium:1158|mediadive.medium:J377|mediadive.medium:J732
NCBITaxon:720633	3	mediadive.medium:220|mediadive.medium:J74|mediadive.medium:J75
NCBITaxon:721033	5	mediadive.medium:1027|mediadive.medium:65|mediadive.medium:830|mediadive.medium:J346|mediadive.medium:J42
NCBITaxon:722	1	mediadive.medium:215
NCBITaxon:72226	6	mediadive.medium:1|mediadive.medium:220|mediadive.medium:514|mediadive.medium:535|mediadive.medium:67|mediadive.medium:830
NCBITaxon:722689	2	mediadive.medium:535|mediadive.medium:65
NCBITaxon:722702	3	mediadive.medium:535|mediadive.medium:553|mediadive.medium:65
NCBITaxon:722703	4	mediadive.medium:535|mediadive.medium:65|mediadive.medium:J26|mediadive.medium:J43
NCBITaxon:722709	1	mediadive.medium:65
NCBITaxon:722715	2	mediadive.medium:252|mediadive.medium:65
NCBITaxon:722731	2	mediadive.medium:645|mediadive.medium:J386
NCBITaxon:722737	3	mediadive.medium:104|mediadive.medium:693|mediadive.medium:J14
NCBITaxon:72360	3	mediadive.medium:1|mediadive.medium:220|mediadive.medium:92
NCBITaxon:723879	2	mediadive.medium:645|mediadive.medium:J386
NCBITaxon:723921	1	mediadive.medium:1297
NCBITaxon:72407	4	mediadive.medium:1|mediadive.medium:693|mediadive.medium:92|mediadive.medium:J12
NCBITaxon:72409	2	mediadive.medium:104|mediadive.medium:693
NCBITaxon:725131	1	mediadive.medium:372
NCBITaxon:72557	3	mediadive.medium:1|mediadive.medium:81|mediadive.medium:J12
NCBITaxon:726	2	mediadive.medium:429b|mediadive.medium:804
NCBITaxon:72612	1	mediadive.medium:1523
NCBITaxon:727	4	mediadive.medium:429|mediadive.medium:693|mediadive.medium:804|mediadive.medium:J1270
NCBITaxon:72758	3	mediadive.medium:53|mediadive.medium:693|mediadive.medium:92
NCBITaxon:728	2	mediadive.medium:429b|mediadive.medium:804
NCBITaxon:728004	1	mediadive.medium:830
NCBITaxon:728005	1	mediadive.medium:830
NCBITaxon:72803	1	mediadive.medium:760
NCBITaxon:72806	4	mediadive.medium:553|mediadive.medium:65|mediadive.medium:J22|mediadive.medium:J26
NCBITaxon:728066	2	mediadive.medium:92|mediadive.medium:J475
NCBITaxon:73010	4	mediadive.medium:220|mediadive.medium:535|mediadive.medium:545|mediadive.medium:830
NCBITaxon:73030	1	mediadive.medium:908
NCBITaxon:73044	5	mediadive.medium:252|mediadive.medium:553|mediadive.medium:65|mediadive.medium:84|mediadive.medium:J42
NCBITaxon:73098	2	mediadive.medium:220|mediadive.medium:535
NCBITaxon:731	1	mediadive.medium:693
NCBITaxon:732237	2	mediadive.medium:514|mediadive.medium:J118
NCBITaxon:732238	2	mediadive.medium:830|mediadive.medium:J346
NCBITaxon:733	1	mediadive.medium:429b
NCBITaxon:734	1	mediadive.medium:804
NCBITaxon:735517	1	mediadive.medium:830
NCBITaxon:735518	1	mediadive.medium:220
NCBITaxon:735519	1	mediadive.medium:830
NCBITaxon:736	1	mediadive.medium:804
NCBITaxon:738	2	mediadive.medium:804|mediadive.medium:92
NCBITaxon:73913	1	mediadive.medium:282
NCBITaxon:739143	1	mediadive.medium:830
NCBITaxon:74031	3	mediadive.medium:514|mediadive.medium:621a|mediadive.medium:J1059
NCBITaxon:74033	2	mediadive.medium:514|mediadive.medium:621a
NCBITaxon:741063	1	mediadive.medium:830
NCBITaxon:74109	3	mediadive.medium:514|mediadive.medium:J118|mediadive.medium:J41
NCBITaxon:742054	1	mediadive.medium:830
NCBITaxon:742169	1	mediadive.medium:514
NCBITaxon:742725	4	mediadive.medium:104|mediadive.medium:J14|mediadive.medium:J282|mediadive.medium:J655
NCBITaxon:742726	3	mediadive.medium:693|mediadive.medium:78|mediadive.medium:J282
NCBITaxon:742727	5	mediadive.medium:693|mediadive.medium:78|mediadive.medium:J14|mediadive.medium:J282|mediadive.medium:J655
NCBITaxon:742742	5	mediadive.medium:104|mediadive.medium:693|mediadive.medium:J14|mediadive.medium:J282|mediadive.medium:J655
NCBITaxon:742766	3	mediadive.medium:104|mediadive.medium:693|mediadive.medium:J14
NCBITaxon:742767	3	mediadive.medium:104|mediadive.medium:693|mediadive.medium:J14
NCBITaxon:742817	4	mediadive.medium:104|mediadive.medium:1203a|mediadive.medium:693|mediadive.medium:J469
NCBITaxon:742818	5	mediadive.medium:104|mediadive.medium:693|mediadive.medium:J14|mediadive.medium:J282|mediadive.medium:J655
NCBITaxon:74312	1	mediadive.medium:595
NCBITaxon:74314	1	mediadive.medium:595
NCBITaxon:74315	1	mediadive.medium:595
NCBITaxon:74316	1	mediadive.medium:595
NCBITaxon:74318	3	mediadive.medium:514|mediadive.medium:601|mediadive.medium:J118
NCBITaxon:74319	2	mediadive.medium:281|mediadive.medium:J118
NCBITaxon:74325	1	mediadive.medium:830
NCBITaxon:74326	1	mediadive.medium:830
NCBITaxon:74329	1	mediadive.medium:514
NCBITaxon:74348	2	mediadive.medium:621a|mediadive.medium:J118
NCBITaxon:743698	1	mediadive.medium:1076
NCBITaxon:743699	2	mediadive.medium:1|mediadive.medium:830
NCBITaxon:74386	3	mediadive.medium:514|mediadive.medium:802|mediadive.medium:J118
NCBITaxon:743972	2	mediadive.medium:693|mediadive.medium:92
NCBITaxon:743973	1	mediadive.medium:429
NCBITaxon:74426	4	mediadive.medium:104|mediadive.medium:110|mediadive.medium:1203a|mediadive.medium:693
NCBITaxon:744406	1	mediadive.medium:51
NCBITaxon:744872	1	mediadive.medium:635
NCBITaxon:744873	1	mediadive.medium:507b
NCBITaxon:745119	2	mediadive.medium:104b|mediadive.medium:J674
NCBITaxon:745277	3	mediadive.medium:1|mediadive.medium:J12|mediadive.medium:J22
NCBITaxon:745311	2	mediadive.medium:514|mediadive.medium:J118
NCBITaxon:745365	1	mediadive.medium:11
NCBITaxon:745366	4	mediadive.medium:553|mediadive.medium:554|mediadive.medium:65|mediadive.medium:J61
NCBITaxon:745377	1	mediadive.medium:371
NCBITaxon:745714	1	mediadive.medium:514
NCBITaxon:745820	2	mediadive.medium:220|mediadive.medium:J409
NCBITaxon:74595	2	mediadive.medium:425|mediadive.medium:65
NCBITaxon:74599	2	mediadive.medium:65|mediadive.medium:84
NCBITaxon:74661	1	mediadive.medium:514
NCBITaxon:746691	3	mediadive.medium:220|mediadive.medium:514|mediadive.medium:J118
NCBITaxon:746697	1	mediadive.medium:514
NCBITaxon:747	2	mediadive.medium:215|mediadive.medium:693
NCBITaxon:74702	1	mediadive.medium:63
NCBITaxon:74703	2	mediadive.medium:693|mediadive.medium:92
NCBITaxon:74706	3	mediadive.medium:693|mediadive.medium:92|mediadive.medium:J27
NCBITaxon:74707	2	mediadive.medium:693|mediadive.medium:92
NCBITaxon:747076	3	mediadive.medium:1655|mediadive.medium:514|mediadive.medium:878
NCBITaxon:74714	1	mediadive.medium:827
NCBITaxon:747262	2	mediadive.medium:514|mediadive.medium:830
NCBITaxon:747302	1	mediadive.medium:1a
NCBITaxon:747365	2	mediadive.medium:1005|mediadive.medium:J335
NCBITaxon:747481	2	mediadive.medium:220|mediadive.medium:J475
NCBITaxon:747645	2	mediadive.medium:414|mediadive.medium:693
NCBITaxon:747656	2	mediadive.medium:693|mediadive.medium:92
NCBITaxon:748008	2	mediadive.medium:514|mediadive.medium:J797
NCBITaxon:748120	1	mediadive.medium:830c
NCBITaxon:74829	3	mediadive.medium:1|mediadive.medium:220|mediadive.medium:461
NCBITaxon:748449	1	mediadive.medium:588
NCBITaxon:748727	2	mediadive.medium:640|mediadive.medium:879
NCBITaxon:748857	1	mediadive.medium:830
NCBITaxon:748907	2	mediadive.medium:830|mediadive.medium:J26
NCBITaxon:748908	2	mediadive.medium:830|mediadive.medium:J346
NCBITaxon:748909	3	mediadive.medium:830|mediadive.medium:J26|mediadive.medium:J346
NCBITaxon:749	1	mediadive.medium:535
NCBITaxon:749222	2	mediadive.medium:1024|mediadive.medium:J421
NCBITaxon:74969	2	mediadive.medium:874|mediadive.medium:J283
NCBITaxon:751	1	mediadive.medium:804
NCBITaxon:75105	2	mediadive.medium:1|mediadive.medium:830
NCBITaxon:751586	2	mediadive.medium:605a|mediadive.medium:J12
NCBITaxon:752139	1	mediadive.medium:830
NCBITaxon:752179	1	mediadive.medium:1670
NCBITaxon:752553	2	mediadive.medium:1122|mediadive.medium:620
NCBITaxon:75289	2	mediadive.medium:65|mediadive.medium:J51
NCBITaxon:75290	2	mediadive.medium:65|mediadive.medium:J51
NCBITaxon:75291	2	mediadive.medium:65|mediadive.medium:J51
NCBITaxon:75292	3	mediadive.medium:553|mediadive.medium:65|mediadive.medium:J49
NCBITaxon:753	2	mediadive.medium:215|mediadive.medium:693
NCBITaxon:75310	1	mediadive.medium:830
NCBITaxon:753702	1	mediadive.medium:785
NCBITaxon:75385	3	mediadive.medium:776|mediadive.medium:J211|mediadive.medium:J346
NCBITaxon:754436	1	mediadive.medium:514c
NCBITaxon:754476	1	mediadive.medium:1337
NCBITaxon:754477	1	mediadive.medium:1337
NCBITaxon:755	2	mediadive.medium:693|mediadive.medium:804
NCBITaxon:755139	4	mediadive.medium:535|mediadive.medium:553|mediadive.medium:65|mediadive.medium:J51
NCBITaxon:755169	1	mediadive.medium:1122
NCBITaxon:755170	1	mediadive.medium:1122
NCBITaxon:755732	2	mediadive.medium:1|mediadive.medium:948
NCBITaxon:75588	1	mediadive.medium:220
NCBITaxon:75612	4	mediadive.medium:1|mediadive.medium:1a|mediadive.medium:457|mediadive.medium:462
NCBITaxon:756272	2	mediadive.medium:607|mediadive.medium:J118
NCBITaxon:756499	2	mediadive.medium:663|mediadive.medium:720
NCBITaxon:756689	1	mediadive.medium:65
NCBITaxon:75688	1	mediadive.medium:514
NCBITaxon:756892	1	mediadive.medium:220
NCBITaxon:75697	3	mediadive.medium:1|mediadive.medium:1315|mediadive.medium:1a
NCBITaxon:757	1	mediadive.medium:429
NCBITaxon:75796	1	mediadive.medium:830
NCBITaxon:758802	2	mediadive.medium:645|mediadive.medium:J26
NCBITaxon:758803	5	mediadive.medium:514|mediadive.medium:535|mediadive.medium:65|mediadive.medium:987|mediadive.medium:J569
NCBITaxon:758820	1	mediadive.medium:514a
NCBITaxon:758826	2	mediadive.medium:1|mediadive.medium:830
NCBITaxon:759	3	mediadive.medium:215|mediadive.medium:693|mediadive.medium:92
NCBITaxon:75906	1	mediadive.medium:887
NCBITaxon:75920	2	mediadive.medium:354|mediadive.medium:645
NCBITaxon:75922	3	mediadive.medium:354|mediadive.medium:645|mediadive.medium:J26
NCBITaxon:759412	1	mediadive.medium:1095
NCBITaxon:759415	1	mediadive.medium:1095
NCBITaxon:759619	2	mediadive.medium:693|mediadive.medium:92
NCBITaxon:759811	3	mediadive.medium:220|mediadive.medium:J74|mediadive.medium:J75
NCBITaxon:759814	2	mediadive.medium:830|mediadive.medium:J75
NCBITaxon:759846	2	mediadive.medium:1143|mediadive.medium:381
NCBITaxon:75985	2	mediadive.medium:215|mediadive.medium:693
NCBITaxon:759851	1	mediadive.medium:220
NCBITaxon:759929	1	mediadive.medium:830c
NCBITaxon:760	1	mediadive.medium:693
NCBITaxon:760011	1	mediadive.medium:1204
NCBITaxon:760012	1	mediadive.medium:830
NCBITaxon:76007	1	mediadive.medium:163
NCBITaxon:760117	2	mediadive.medium:1|mediadive.medium:535
NCBITaxon:760142	1	mediadive.medium:854
NCBITaxon:760192	1	mediadive.medium:134
NCBITaxon:76021	3	mediadive.medium:65|mediadive.medium:J42|mediadive.medium:J61
NCBITaxon:76022	3	mediadive.medium:65|mediadive.medium:83|mediadive.medium:J57
NCBITaxon:760260	2	mediadive.medium:960|mediadive.medium:J836
NCBITaxon:760261	2	mediadive.medium:960|mediadive.medium:J835
NCBITaxon:760262	2	mediadive.medium:1361|mediadive.medium:J835
NCBITaxon:760568	1	mediadive.medium:63
NCBITaxon:760570	2	mediadive.medium:693|mediadive.medium:92
NCBITaxon:76113	4	mediadive.medium:1315|mediadive.medium:215|mediadive.medium:535|mediadive.medium:830
NCBITaxon:76115	2	mediadive.medium:1712|mediadive.medium:830
NCBITaxon:76116	2	mediadive.medium:1712|mediadive.medium:830
NCBITaxon:761193	1	mediadive.medium:7
NCBITaxon:761804	2	mediadive.medium:645|mediadive.medium:J386
NCBITaxon:762	1	mediadive.medium:429b
NCBITaxon:762211	3	mediadive.medium:58|mediadive.medium:J13|mediadive.medium:J291
NCBITaxon:762213	2	mediadive.medium:514|mediadive.medium:J118
NCBITaxon:762486	1	mediadive.medium:514c
NCBITaxon:76258	1	mediadive.medium:514
NCBITaxon:762833	2	mediadive.medium:11|mediadive.medium:J291
NCBITaxon:762836	1	mediadive.medium:1
NCBITaxon:762845	2	mediadive.medium:693|mediadive.medium:92
NCBITaxon:762903	2	mediadive.medium:948|mediadive.medium:J75
NCBITaxon:762947	2	mediadive.medium:220|mediadive.medium:J75
NCBITaxon:762948	5	mediadive.medium:215|mediadive.medium:693|mediadive.medium:92|mediadive.medium:J26|mediadive.medium:J28
NCBITaxon:762966	3	mediadive.medium:1203|mediadive.medium:413|mediadive.medium:J282
NCBITaxon:762967	3	mediadive.medium:1203|mediadive.medium:413|mediadive.medium:J14
NCBITaxon:762968	3	mediadive.medium:78|mediadive.medium:J14|mediadive.medium:J655
NCBITaxon:762982	2	mediadive.medium:78|mediadive.medium:J14
NCBITaxon:762983	4	mediadive.medium:339a|mediadive.medium:J14|mediadive.medium:J282|mediadive.medium:J655
NCBITaxon:762984	5	mediadive.medium:104|mediadive.medium:78|mediadive.medium:J14|mediadive.medium:J282|mediadive.medium:J655
NCBITaxon:763034	4	mediadive.medium:78|mediadive.medium:J14|mediadive.medium:J282|mediadive.medium:J655
NCBITaxon:763782	3	mediadive.medium:1027|mediadive.medium:65|mediadive.medium:84
NCBITaxon:763993	2	mediadive.medium:92|mediadive.medium:J26
NCBITaxon:764290	2	mediadive.medium:92|mediadive.medium:J28
NCBITaxon:764291	1	mediadive.medium:693
NCBITaxon:764298	2	mediadive.medium:693|mediadive.medium:92
NCBITaxon:764299	1	mediadive.medium:693
NCBITaxon:76517	2	mediadive.medium:693|mediadive.medium:78
NCBITaxon:765177	3	mediadive.medium:88a|mediadive.medium:J183|mediadive.medium:J187
NCBITaxon:765197	3	mediadive.medium:553|mediadive.medium:84|mediadive.medium:J43
NCBITaxon:765201	3	mediadive.medium:535|mediadive.medium:65|mediadive.medium:J569
NCBITaxon:765699	2	mediadive.medium:514|mediadive.medium:J443
NCBITaxon:765888	1	mediadive.medium:830
NCBITaxon:765910	1	mediadive.medium:28
NCBITaxon:765911	1	mediadive.medium:28
NCBITaxon:765913	1	mediadive.medium:28
NCBITaxon:76594	1	mediadive.medium:514
NCBITaxon:766136	1	mediadive.medium:1166a
NCBITaxon:766224	1	mediadive.medium:514
NCBITaxon:76635	1	mediadive.medium:92
NCBITaxon:76636	2	mediadive.medium:92|mediadive.medium:J28
NCBITaxon:76637	2	mediadive.medium:92|mediadive.medium:J28
NCBITaxon:766497	4	mediadive.medium:252|mediadive.medium:65|mediadive.medium:84|mediadive.medium:J50
NCBITaxon:766498	4	mediadive.medium:252|mediadive.medium:65|mediadive.medium:84|mediadive.medium:J50
NCBITaxon:766894	1	mediadive.medium:514
NCBITaxon:766895	1	mediadive.medium:514
NCBITaxon:76726	2	mediadive.medium:65|mediadive.medium:J42
NCBITaxon:76728	3	mediadive.medium:553|mediadive.medium:65|mediadive.medium:J43
NCBITaxon:76729	4	mediadive.medium:252|mediadive.medium:65|mediadive.medium:84|mediadive.medium:J58
NCBITaxon:76731	3	mediadive.medium:1|mediadive.medium:428|mediadive.medium:885
NCBITaxon:767434	3	mediadive.medium:360|mediadive.medium:535|mediadive.medium:545
NCBITaxon:76745	1	mediadive.medium:98
NCBITaxon:767452	4	mediadive.medium:535|mediadive.medium:65|mediadive.medium:92|mediadive.medium:J28
NCBITaxon:76747	1	mediadive.medium:98
NCBITaxon:76758	2	mediadive.medium:1|mediadive.medium:535
NCBITaxon:76759	4	mediadive.medium:1|mediadive.medium:1a|mediadive.medium:382|mediadive.medium:907
NCBITaxon:76760	3	mediadive.medium:220|mediadive.medium:830|mediadive.medium:J12
NCBITaxon:76761	8	mediadive.medium:1|mediadive.medium:220a|mediadive.medium:457|mediadive.medium:535|mediadive.medium:535b|mediadive.medium:830|mediadive.medium:907|mediadive.medium:J12
NCBITaxon:767694	1	mediadive.medium:830
NCBITaxon:767787	2	mediadive.medium:220|mediadive.medium:529
NCBITaxon:767817	1	mediadive.medium:124
NCBITaxon:768034	3	mediadive.medium:1a|mediadive.medium:1c|mediadive.medium:535
NCBITaxon:768065	3	mediadive.medium:1091|mediadive.medium:J442|mediadive.medium:J574
NCBITaxon:768066	3	mediadive.medium:276|mediadive.medium:514|mediadive.medium:J608
NCBITaxon:76832	3	mediadive.medium:693|mediadive.medium:92|mediadive.medium:J22
NCBITaxon:768479	2	mediadive.medium:220|mediadive.medium:693
NCBITaxon:76848	2	mediadive.medium:830|mediadive.medium:J22
NCBITaxon:768486	3	mediadive.medium:693|mediadive.medium:92|mediadive.medium:J156
NCBITaxon:76853	2	mediadive.medium:1|mediadive.medium:220
NCBITaxon:768535	1	mediadive.medium:1426
NCBITaxon:76860	4	mediadive.medium:104|mediadive.medium:693|mediadive.medium:J27|mediadive.medium:J70
NCBITaxon:768670	1	mediadive.medium:1112
NCBITaxon:768672	2	mediadive.medium:395b|mediadive.medium:J187
NCBITaxon:768679	2	mediadive.medium:185|mediadive.medium:J196
NCBITaxon:768704	1	mediadive.medium:641
NCBITaxon:768706	1	mediadive.medium:63
NCBITaxon:768710	1	mediadive.medium:641
NCBITaxon:768730	1	mediadive.medium:1596
NCBITaxon:768733	1	mediadive.medium:1597
NCBITaxon:76891	1	mediadive.medium:595
NCBITaxon:76935	1	mediadive.medium:31
NCBITaxon:76978	2	mediadive.medium:1|mediadive.medium:J75
NCBITaxon:76979	2	mediadive.medium:123|mediadive.medium:J118
NCBITaxon:77007	1	mediadive.medium:28
NCBITaxon:77095	2	mediadive.medium:159|mediadive.medium:693
NCBITaxon:77097	3	mediadive.medium:123|mediadive.medium:514|mediadive.medium:J118
NCBITaxon:77098	3	mediadive.medium:123|mediadive.medium:514|mediadive.medium:J118
NCBITaxon:771875	1	mediadive.medium:740
NCBITaxon:77298	4	mediadive.medium:1|mediadive.medium:220|mediadive.medium:465|mediadive.medium:535
NCBITaxon:77523	2	mediadive.medium:31|mediadive.medium:J181
NCBITaxon:77524	2	mediadive.medium:1120|mediadive.medium:J235
NCBITaxon:77585	2	mediadive.medium:830|mediadive.medium:J346
NCBITaxon:77608	1	mediadive.medium:514
NCBITaxon:77675	2	mediadive.medium:1|mediadive.medium:J346
NCBITaxon:77768	3	mediadive.medium:159|mediadive.medium:693|mediadive.medium:J14
NCBITaxon:77777	2	mediadive.medium:215|mediadive.medium:J22
NCBITaxon:77917	1	mediadive.medium:104
NCBITaxon:78	4	mediadive.medium:1617|mediadive.medium:535|mediadive.medium:595|mediadive.medium:830
NCBITaxon:78126	2	mediadive.medium:194|mediadive.medium:J430
NCBITaxon:78229	1	mediadive.medium:830c
NCBITaxon:78257	3	mediadive.medium:58|mediadive.medium:J13|mediadive.medium:J14
NCBITaxon:78258	1	mediadive.medium:58
NCBITaxon:78259	1	mediadive.medium:58
NCBITaxon:78329	2	mediadive.medium:215|mediadive.medium:693
NCBITaxon:78343	2	mediadive.medium:339|mediadive.medium:58
NCBITaxon:78344	4	mediadive.medium:104|mediadive.medium:58|mediadive.medium:J13|mediadive.medium:J14
NCBITaxon:78345	3	mediadive.medium:58|mediadive.medium:J13|mediadive.medium:J14
NCBITaxon:78346	1	mediadive.medium:58
NCBITaxon:78350	1	mediadive.medium:960
NCBITaxon:78355	4	mediadive.medium:65|mediadive.medium:693|mediadive.medium:92|mediadive.medium:J66
NCBITaxon:78356	5	mediadive.medium:248|mediadive.medium:252|mediadive.medium:65|mediadive.medium:J45|mediadive.medium:J66
NCBITaxon:78398	1	mediadive.medium:535
NCBITaxon:78448	3	mediadive.medium:58|mediadive.medium:J13|mediadive.medium:J19
NCBITaxon:78510	5	mediadive.medium:65|mediadive.medium:84|mediadive.medium:987|mediadive.medium:J50|mediadive.medium:J58
NCBITaxon:78543	1	mediadive.medium:535
NCBITaxon:78544	1	mediadive.medium:220
NCBITaxon:78556	1	mediadive.medium:514
NCBITaxon:79270	1	mediadive.medium:480c
NCBITaxon:79271	1	mediadive.medium:480c
NCBITaxon:79329	1	mediadive.medium:67
NCBITaxon:795642	2	mediadive.medium:1536|mediadive.medium:737
NCBITaxon:795644	3	mediadive.medium:1|mediadive.medium:83|mediadive.medium:987
NCBITaxon:795645	3	mediadive.medium:252|mediadive.medium:65|mediadive.medium:84
NCBITaxon:795797	2	mediadive.medium:954|mediadive.medium:J402
NCBITaxon:796007	1	mediadive.medium:830
NCBITaxon:79604	3	mediadive.medium:104|mediadive.medium:1203a|mediadive.medium:693
NCBITaxon:796334	1	mediadive.medium:535
NCBITaxon:796379	1	mediadive.medium:514
NCBITaxon:796573	2	mediadive.medium:220|mediadive.medium:J75
NCBITaxon:79660	2	mediadive.medium:1|mediadive.medium:514
NCBITaxon:796620	1	mediadive.medium:514
NCBITaxon:79681	1	mediadive.medium:824
NCBITaxon:796890	4	mediadive.medium:1|mediadive.medium:215|mediadive.medium:J27|mediadive.medium:J75
NCBITaxon:796937	1	mediadive.medium:104
NCBITaxon:796942	1	mediadive.medium:104b
NCBITaxon:797209	2	mediadive.medium:1125|mediadive.medium:J168
NCBITaxon:797210	2	mediadive.medium:1138|mediadive.medium:J546
NCBITaxon:797277	1	mediadive.medium:514
NCBITaxon:797291	2	mediadive.medium:1|mediadive.medium:830
NCBITaxon:797292	1	mediadive.medium:830
NCBITaxon:797299	2	mediadive.medium:1138|mediadive.medium:J168
NCBITaxon:797302	2	mediadive.medium:514|mediadive.medium:J168
NCBITaxon:797303	3	mediadive.medium:1160|mediadive.medium:372|mediadive.medium:J168
NCBITaxon:797304	2	mediadive.medium:371|mediadive.medium:J167
NCBITaxon:797419	2	mediadive.medium:1517|mediadive.medium:J118
NCBITaxon:797535	2	mediadive.medium:92|mediadive.medium:J27
NCBITaxon:79879	1	mediadive.medium:31
NCBITaxon:79880	3	mediadive.medium:220|mediadive.medium:31|mediadive.medium:J181
NCBITaxon:79881	2	mediadive.medium:220|mediadive.medium:31
NCBITaxon:79882	2	mediadive.medium:31|mediadive.medium:J182
NCBITaxon:79883	1	mediadive.medium:31
NCBITaxon:79884	2	mediadive.medium:31|mediadive.medium:381
NCBITaxon:79885	2	mediadive.medium:31|mediadive.medium:J181
NCBITaxon:79909	4	mediadive.medium:553|mediadive.medium:554|mediadive.medium:65|mediadive.medium:J42
NCBITaxon:79912	4	mediadive.medium:553|mediadive.medium:65|mediadive.medium:987|mediadive.medium:J43
NCBITaxon:79967	2	mediadive.medium:220|mediadive.medium:535
NCBITaxon:803	1	mediadive.medium:429e
NCBITaxon:80745	1	mediadive.medium:215
NCBITaxon:80842	2	mediadive.medium:1|mediadive.medium:J75
NCBITaxon:80852	1	mediadive.medium:514
NCBITaxon:80854	1	mediadive.medium:514
NCBITaxon:80864	2	mediadive.medium:67|mediadive.medium:830
NCBITaxon:80866	7	mediadive.medium:1|mediadive.medium:1a|mediadive.medium:239|mediadive.medium:457|mediadive.medium:465|mediadive.medium:535|mediadive.medium:830c
NCBITaxon:80867	2	mediadive.medium:1a|mediadive.medium:J22
NCBITaxon:80868	1	mediadive.medium:1
NCBITaxon:80869	2	mediadive.medium:1|mediadive.medium:1a
NCBITaxon:80876	4	mediadive.medium:37|mediadive.medium:428|mediadive.medium:830|mediadive.medium:J75
NCBITaxon:80877	2	mediadive.medium:1|mediadive.medium:J28
NCBITaxon:80878	3	mediadive.medium:1|mediadive.medium:693|mediadive.medium:92
NCBITaxon:80881	5	mediadive.medium:1|mediadive.medium:37|mediadive.medium:428|mediadive.medium:7|mediadive.medium:888
NCBITaxon:80883	3	mediadive.medium:1|mediadive.medium:7|mediadive.medium:J346
NCBITaxon:81033	1	mediadive.medium:514
NCBITaxon:81034	1	mediadive.medium:514
NCBITaxon:813	1	mediadive.medium:1193
NCBITaxon:81405	1	mediadive.medium:63
NCBITaxon:81406	1	mediadive.medium:63
NCBITaxon:81408	1	mediadive.medium:1
NCBITaxon:81409	1	mediadive.medium:711a
NCBITaxon:81417	1	mediadive.medium:1523
NCBITaxon:81447	1	mediadive.medium:514
NCBITaxon:81476	1	mediadive.medium:220
NCBITaxon:81479	1	mediadive.medium:27
NCBITaxon:81499	2	mediadive.medium:830|mediadive.medium:J346
NCBITaxon:81569	3	mediadive.medium:123|mediadive.medium:514|mediadive.medium:J118
NCBITaxon:817	6	mediadive.medium:104|mediadive.medium:1203|mediadive.medium:1203a|mediadive.medium:339|mediadive.medium:693|mediadive.medium:78
NCBITaxon:818	6	mediadive.medium:1203a|mediadive.medium:693|mediadive.medium:78|mediadive.medium:J13|mediadive.medium:J14|mediadive.medium:J84
NCBITaxon:81857	1	mediadive.medium:11
NCBITaxon:81858	1	mediadive.medium:645
NCBITaxon:81894	1	mediadive.medium:628
NCBITaxon:81895	2	mediadive.medium:1417|mediadive.medium:603
NCBITaxon:81947	2	mediadive.medium:693|mediadive.medium:92
NCBITaxon:82	6	mediadive.medium:1419|mediadive.medium:162|mediadive.medium:242|mediadive.medium:457|mediadive.medium:462|mediadive.medium:830
NCBITaxon:820	3	mediadive.medium:1203a|mediadive.medium:215|mediadive.medium:693
NCBITaxon:821	5	mediadive.medium:104|mediadive.medium:1203a|mediadive.medium:339|mediadive.medium:693|mediadive.medium:78
NCBITaxon:82115	2	mediadive.medium:1|mediadive.medium:514
NCBITaxon:82203	2	mediadive.medium:110|mediadive.medium:78
NCBITaxon:823	6	mediadive.medium:104|mediadive.medium:1203a|mediadive.medium:1715|mediadive.medium:339|mediadive.medium:693|mediadive.medium:78
NCBITaxon:82346	3	mediadive.medium:736|mediadive.medium:92|mediadive.medium:J26
NCBITaxon:82348	2	mediadive.medium:215|mediadive.medium:693
NCBITaxon:82367	6	mediadive.medium:1|mediadive.medium:220|mediadive.medium:381|mediadive.medium:457|mediadive.medium:81|mediadive.medium:J22
NCBITaxon:82375	1	mediadive.medium:330
NCBITaxon:82380	2	mediadive.medium:53|mediadive.medium:J26
NCBITaxon:824	4	mediadive.medium:413|mediadive.medium:693|mediadive.medium:78|mediadive.medium:J14
NCBITaxon:82541	6	mediadive.medium:1|mediadive.medium:220|mediadive.medium:535|mediadive.medium:545|mediadive.medium:92|mediadive.medium:J27
NCBITaxon:82560	1	mediadive.medium:422
NCBITaxon:826	2	mediadive.medium:1203|mediadive.medium:1203a
NCBITaxon:82633	2	mediadive.medium:220|mediadive.medium:J27
NCBITaxon:82638	1	mediadive.medium:65
NCBITaxon:82688	1	mediadive.medium:11
NCBITaxon:82788	2	mediadive.medium:830c|mediadive.medium:918
NCBITaxon:82801	2	mediadive.medium:240|mediadive.medium:J70
NCBITaxon:82803	2	mediadive.medium:183|mediadive.medium:684
NCBITaxon:82805	2	mediadive.medium:605|mediadive.medium:948
NCBITaxon:82977	2	mediadive.medium:220|mediadive.medium:535
NCBITaxon:82988	2	mediadive.medium:220|mediadive.medium:535
NCBITaxon:82989	2	mediadive.medium:220|mediadive.medium:535
NCBITaxon:82990	2	mediadive.medium:220|mediadive.medium:535
NCBITaxon:82991	2	mediadive.medium:220|mediadive.medium:535
NCBITaxon:82992	2	mediadive.medium:220|mediadive.medium:535
NCBITaxon:82993	2	mediadive.medium:220|mediadive.medium:535
NCBITaxon:82996	4	mediadive.medium:1|mediadive.medium:220|mediadive.medium:535|mediadive.medium:545
NCBITaxon:83262	3	mediadive.medium:219|mediadive.medium:645|mediadive.medium:J386
NCBITaxon:83263	5	mediadive.medium:1|mediadive.medium:463|mediadive.medium:464|mediadive.medium:535|mediadive.medium:J22
NCBITaxon:83264	2	mediadive.medium:1|mediadive.medium:J22
NCBITaxon:83265	2	mediadive.medium:1|mediadive.medium:J22
NCBITaxon:83291	3	mediadive.medium:65|mediadive.medium:84|mediadive.medium:J50
NCBITaxon:83302	5	mediadive.medium:252|mediadive.medium:554|mediadive.medium:65|mediadive.medium:84|mediadive.medium:J51
NCBITaxon:83338	2	mediadive.medium:455|mediadive.medium:J14
NCBITaxon:83339	1	mediadive.medium:104
NCBITaxon:83378	5	mediadive.medium:252|mediadive.medium:65|mediadive.medium:84|mediadive.medium:J42|mediadive.medium:J66
NCBITaxon:83380	4	mediadive.medium:65|mediadive.medium:84|mediadive.medium:J58|mediadive.medium:J66
NCBITaxon:83382	4	mediadive.medium:252|mediadive.medium:65|mediadive.medium:J42|mediadive.medium:J58
NCBITaxon:83401	1	mediadive.medium:28
NCBITaxon:83428	32	mediadive.medium:1|mediadive.medium:11|mediadive.medium:12|mediadive.medium:220|mediadive.medium:31|mediadive.medium:362|mediadive.medium:372|mediadive.medium:402|mediadive.medium:405|mediadive.medium:428|mediadive.medium:452|mediadive.medium:514|mediadive.medium:514d|mediadive.medium:53|mediadive.medium:530|mediadive.medium:531|mediadive.medium:535|mediadive.medium:6|mediadive.medium:610|mediadive.medium:674|mediadive.medium:693|mediadive.medium:73|mediadive.medium:738|mediadive.medium:8|mediadive.medium:830|mediadive.medium:92|mediadive.medium:923|mediadive.medium:940|mediadive.medium:J118|mediadive.medium:J181|mediadive.medium:J75|mediadive.medium:J77
NCBITaxon:83446	2	mediadive.medium:9|mediadive.medium:J436
NCBITaxon:83447	2	mediadive.medium:9|mediadive.medium:J436
NCBITaxon:83448	3	mediadive.medium:9|mediadive.medium:9a|mediadive.medium:J436
NCBITaxon:83449	3	mediadive.medium:9|mediadive.medium:942|mediadive.medium:J436
NCBITaxon:83450	3	mediadive.medium:67|mediadive.medium:9|mediadive.medium:J436
NCBITaxon:83451	2	mediadive.medium:67|mediadive.medium:9
NCBITaxon:83452	1	mediadive.medium:9
NCBITaxon:83453	1	mediadive.medium:9
NCBITaxon:83455	2	mediadive.medium:67|mediadive.medium:9
NCBITaxon:83456	4	mediadive.medium:222|mediadive.medium:67|mediadive.medium:9|mediadive.medium:J124
NCBITaxon:83460	1	mediadive.medium:9
NCBITaxon:83462	4	mediadive.medium:67|mediadive.medium:9|mediadive.medium:942|mediadive.medium:J436
NCBITaxon:83526	1	mediadive.medium:11
NCBITaxon:83552	1	mediadive.medium:1500
NCBITaxon:83554	1	mediadive.medium:1193
NCBITaxon:83555	1	mediadive.medium:1193
NCBITaxon:83556	1	mediadive.medium:1193
NCBITaxon:83557	1	mediadive.medium:1193
NCBITaxon:83558	1	mediadive.medium:1193
NCBITaxon:83560	1	mediadive.medium:1193
NCBITaxon:83561	1	mediadive.medium:1500
NCBITaxon:83564	2	mediadive.medium:383|mediadive.medium:J396
NCBITaxon:83565	1	mediadive.medium:506
NCBITaxon:83617	2	mediadive.medium:1|mediadive.medium:J12
NCBITaxon:83619	1	mediadive.medium:1a
NCBITaxon:83655	2	mediadive.medium:693|mediadive.medium:92
NCBITaxon:83656	3	mediadive.medium:252|mediadive.medium:65|mediadive.medium:84
NCBITaxon:83682	7	mediadive.medium:214|mediadive.medium:554|mediadive.medium:65|mediadive.medium:83|mediadive.medium:987|mediadive.medium:J43|mediadive.medium:J52
NCBITaxon:837	2	mediadive.medium:110|mediadive.medium:693
NCBITaxon:83784	1	mediadive.medium:220
NCBITaxon:83828	2	mediadive.medium:92|mediadive.medium:J26
NCBITaxon:838561	1	mediadive.medium:1076b
NCBITaxon:83982	1	mediadive.medium:119
NCBITaxon:83984	1	mediadive.medium:119
NCBITaxon:83985	1	mediadive.medium:1523
NCBITaxon:83986	2	mediadive.medium:119|mediadive.medium:287
NCBITaxon:84	2	mediadive.medium:619|mediadive.medium:J79
NCBITaxon:840	4	mediadive.medium:104|mediadive.medium:693|mediadive.medium:J14|mediadive.medium:J156
NCBITaxon:84022	2	mediadive.medium:135|mediadive.medium:J741
NCBITaxon:84023	1	mediadive.medium:879
NCBITaxon:84024	1	mediadive.medium:110
NCBITaxon:84025	2	mediadive.medium:110|mediadive.medium:J14
NCBITaxon:84030	2	mediadive.medium:104c|mediadive.medium:110a
NCBITaxon:84031	4	mediadive.medium:104b|mediadive.medium:110|mediadive.medium:J13|mediadive.medium:J14
NCBITaxon:84032	1	mediadive.medium:502
NCBITaxon:84033	1	mediadive.medium:677
NCBITaxon:84037	1	mediadive.medium:337
NCBITaxon:84096	6	mediadive.medium:1|mediadive.medium:215|mediadive.medium:535|mediadive.medium:65|mediadive.medium:J26|mediadive.medium:J75
NCBITaxon:84112	4	mediadive.medium:209|mediadive.medium:215|mediadive.medium:693|mediadive.medium:78
NCBITaxon:84158	4	mediadive.medium:246|mediadive.medium:514|mediadive.medium:535|mediadive.medium:J118
NCBITaxon:84405	1	mediadive.medium:854
NCBITaxon:84407	1	mediadive.medium:1
NCBITaxon:84480	5	mediadive.medium:554|mediadive.medium:65|mediadive.medium:83|mediadive.medium:J43|mediadive.medium:J57
NCBITaxon:84521	2	mediadive.medium:693|mediadive.medium:92
NCBITaxon:84531	2	mediadive.medium:1|mediadive.medium:67
NCBITaxon:84594	5	mediadive.medium:220|mediadive.medium:553|mediadive.medium:554|mediadive.medium:65|mediadive.medium:J58
NCBITaxon:84595	5	mediadive.medium:215|mediadive.medium:535|mediadive.medium:65|mediadive.medium:83|mediadive.medium:J43
NCBITaxon:84597	3	mediadive.medium:760|mediadive.medium:J244|mediadive.medium:J280
NCBITaxon:84643	2	mediadive.medium:92|mediadive.medium:J26
NCBITaxon:84724	2	mediadive.medium:65|mediadive.medium:J44
NCBITaxon:84725	3	mediadive.medium:554|mediadive.medium:65|mediadive.medium:J58
NCBITaxon:84757	1	mediadive.medium:736
NCBITaxon:84962	3	mediadive.medium:645|mediadive.medium:911|mediadive.medium:J386
NCBITaxon:84974	1	mediadive.medium:195c
NCBITaxon:84979	1	mediadive.medium:861
NCBITaxon:84980	1	mediadive.medium:861a
NCBITaxon:84981	1	mediadive.medium:861
NCBITaxon:84982	1	mediadive.medium:861
NCBITaxon:84983	1	mediadive.medium:861
NCBITaxon:850	6	mediadive.medium:104|mediadive.medium:110|mediadive.medium:339|mediadive.medium:693|mediadive.medium:J13|mediadive.medium:J14
NCBITaxon:85021	5	mediadive.medium:1|mediadive.medium:535|mediadive.medium:830|mediadive.medium:92|mediadive.medium:J346
NCBITaxon:85025	1	mediadive.medium:65
NCBITaxon:85026	3	mediadive.medium:535|mediadive.medium:J256|mediadive.medium:J28
NCBITaxon:85044	2	mediadive.medium:535|mediadive.medium:J43
NCBITaxon:85075	1	mediadive.medium:421
NCBITaxon:85085	2	mediadive.medium:92|mediadive.medium:J26
NCBITaxon:851	4	mediadive.medium:110|mediadive.medium:693|mediadive.medium:78|mediadive.medium:J14
NCBITaxon:852	1	mediadive.medium:110
NCBITaxon:853	2	mediadive.medium:110|mediadive.medium:1611
NCBITaxon:85336	3	mediadive.medium:693|mediadive.medium:92|mediadive.medium:J28
NCBITaxon:85401	2	mediadive.medium:535|mediadive.medium:693
NCBITaxon:85403	1	mediadive.medium:693
NCBITaxon:85404	2	mediadive.medium:215|mediadive.medium:693
NCBITaxon:85450	1	mediadive.medium:842
NCBITaxon:855	3	mediadive.medium:110|mediadive.medium:693|mediadive.medium:J14
NCBITaxon:85558	5	mediadive.medium:252|mediadive.medium:554|mediadive.medium:65|mediadive.medium:84|mediadive.medium:J45
NCBITaxon:856	3	mediadive.medium:110|mediadive.medium:693|mediadive.medium:J14
NCBITaxon:856736	1	mediadive.medium:830
NCBITaxon:85682	1	mediadive.medium:968
NCBITaxon:85683	1	mediadive.medium:968
NCBITaxon:85698	6	mediadive.medium:1|mediadive.medium:220|mediadive.medium:461|mediadive.medium:693|mediadive.medium:92|mediadive.medium:J12
NCBITaxon:857252	1	mediadive.medium:535
NCBITaxon:857265	1	mediadive.medium:1a
NCBITaxon:857293	2	mediadive.medium:104|mediadive.medium:J684
NCBITaxon:857427	1	mediadive.medium:92
NCBITaxon:857580	2	mediadive.medium:220|mediadive.medium:693
NCBITaxon:858215	1	mediadive.medium:144
NCBITaxon:85831	4	mediadive.medium:1203|mediadive.medium:1715|mediadive.medium:693|mediadive.medium:78
NCBITaxon:858619	3	mediadive.medium:535|mediadive.medium:693|mediadive.medium:J28
NCBITaxon:858640	1	mediadive.medium:514c
NCBITaxon:859	5	mediadive.medium:104|mediadive.medium:693|mediadive.medium:J14|mediadive.medium:J83|mediadive.medium:J84
NCBITaxon:859143	1	mediadive.medium:220
NCBITaxon:859144	1	mediadive.medium:1
NCBITaxon:859243	2	mediadive.medium:1004|mediadive.medium:J778
NCBITaxon:85925	1	mediadive.medium:1446
NCBITaxon:859321	1	mediadive.medium:198
NCBITaxon:85991	1	mediadive.medium:1503
NCBITaxon:85993	2	mediadive.medium:783|mediadive.medium:J279
NCBITaxon:86	1	mediadive.medium:514
NCBITaxon:860233	2	mediadive.medium:65|mediadive.medium:J43
NCBITaxon:860235	2	mediadive.medium:65|mediadive.medium:J43
NCBITaxon:860242	1	mediadive.medium:215
NCBITaxon:860243	1	mediadive.medium:65
NCBITaxon:860788	1	mediadive.medium:104c
NCBITaxon:860790	1	mediadive.medium:514b
NCBITaxon:86102	1	mediadive.medium:514
NCBITaxon:86103	1	mediadive.medium:514
NCBITaxon:861266	1	mediadive.medium:92
NCBITaxon:861298	1	mediadive.medium:514c
NCBITaxon:861445	2	mediadive.medium:514|mediadive.medium:693
NCBITaxon:861532	1	mediadive.medium:830
NCBITaxon:861534	1	mediadive.medium:535
NCBITaxon:86170	1	mediadive.medium:870
NCBITaxon:86173	1	mediadive.medium:246
NCBITaxon:86175	3	mediadive.medium:429|mediadive.medium:535|mediadive.medium:J27
NCBITaxon:86176	1	mediadive.medium:535b
NCBITaxon:86177	3	mediadive.medium:514b|mediadive.medium:598|mediadive.medium:J604
NCBITaxon:86179	2	mediadive.medium:593|mediadive.medium:J118
NCBITaxon:86180	4	mediadive.medium:1|mediadive.medium:535|mediadive.medium:830c|mediadive.medium:J22
NCBITaxon:86183	2	mediadive.medium:1|mediadive.medium:J12
NCBITaxon:86185	2	mediadive.medium:1|mediadive.medium:535
NCBITaxon:86186	2	mediadive.medium:830|mediadive.medium:J22
NCBITaxon:86192	2	mediadive.medium:1|mediadive.medium:1a
NCBITaxon:862114	1	mediadive.medium:220
NCBITaxon:862415	3	mediadive.medium:58|mediadive.medium:J674|mediadive.medium:J676
NCBITaxon:862422	4	mediadive.medium:104|mediadive.medium:350|mediadive.medium:J28|mediadive.medium:J295
NCBITaxon:862514	3	mediadive.medium:11|mediadive.medium:J68|mediadive.medium:J84
NCBITaxon:86265	2	mediadive.medium:1a|mediadive.medium:J12
NCBITaxon:863	1	mediadive.medium:213
NCBITaxon:863227	1	mediadive.medium:535
NCBITaxon:863368	1	mediadive.medium:11
NCBITaxon:863370	1	mediadive.medium:1033
NCBITaxon:863372	2	mediadive.medium:220|mediadive.medium:J75
NCBITaxon:863449	1	mediadive.medium:220
NCBITaxon:863522	2	mediadive.medium:1286|mediadive.medium:830
NCBITaxon:863575	2	mediadive.medium:92|mediadive.medium:J26
NCBITaxon:864058	3	mediadive.medium:252|mediadive.medium:65|mediadive.medium:84
NCBITaxon:864069	1	mediadive.medium:1545
NCBITaxon:864564	2	mediadive.medium:58|mediadive.medium:J14
NCBITaxon:864732	1	mediadive.medium:1603
NCBITaxon:864828	1	mediadive.medium:830
NCBITaxon:865	2	mediadive.medium:232|mediadive.medium:58
NCBITaxon:865937	1	mediadive.medium:514
NCBITaxon:865938	2	mediadive.medium:220|mediadive.medium:J118
NCBITaxon:866499	2	mediadive.medium:104c|mediadive.medium:J641
NCBITaxon:866536	1	mediadive.medium:514a
NCBITaxon:866564	1	mediadive.medium:830
NCBITaxon:866565	1	mediadive.medium:830
NCBITaxon:866566	1	mediadive.medium:830
NCBITaxon:86660	1	mediadive.medium:1076b
NCBITaxon:86663	3	mediadive.medium:220|mediadive.medium:J22|mediadive.medium:J75
NCBITaxon:86664	2	mediadive.medium:1|mediadive.medium:220
NCBITaxon:86665	3	mediadive.medium:215|mediadive.medium:31|mediadive.medium:J181
NCBITaxon:86666	3	mediadive.medium:514b|mediadive.medium:582|mediadive.medium:J408
NCBITaxon:86667	2	mediadive.medium:123|mediadive.medium:514
NCBITaxon:86668	1	mediadive.medium:220
NCBITaxon:86669	2	mediadive.medium:1a|mediadive.medium:465
NCBITaxon:866780	1	mediadive.medium:514
NCBITaxon:866786	1	mediadive.medium:220
NCBITaxon:866789	4	mediadive.medium:1|mediadive.medium:693|mediadive.medium:J12|mediadive.medium:J22
NCBITaxon:866796	2	mediadive.medium:1|mediadive.medium:J22
NCBITaxon:866801	1	mediadive.medium:11
NCBITaxon:866807	1	mediadive.medium:514
NCBITaxon:866895	2	mediadive.medium:123|mediadive.medium:J118
NCBITaxon:867	1	mediadive.medium:147
NCBITaxon:867345	1	mediadive.medium:1369
NCBITaxon:867595	1	mediadive.medium:693
NCBITaxon:867683	2	mediadive.medium:220|mediadive.medium:535
NCBITaxon:867900	4	mediadive.medium:172|mediadive.medium:514|mediadive.medium:J118|mediadive.medium:J227
NCBITaxon:867902	2	mediadive.medium:535|mediadive.medium:693
NCBITaxon:867903	1	mediadive.medium:514
NCBITaxon:867904	1	mediadive.medium:503
NCBITaxon:86795	2	mediadive.medium:830|mediadive.medium:J346
NCBITaxon:86796	3	mediadive.medium:535|mediadive.medium:65|mediadive.medium:J43
NCBITaxon:868129	5	mediadive.medium:104|mediadive.medium:110|mediadive.medium:693|mediadive.medium:78|mediadive.medium:J14
NCBITaxon:868281	2	mediadive.medium:514|mediadive.medium:J118
NCBITaxon:86840	1	mediadive.medium:1015
NCBITaxon:868864	1	mediadive.medium:829
NCBITaxon:869209	1	mediadive.medium:275
NCBITaxon:869210	2	mediadive.medium:973|mediadive.medium:J41
NCBITaxon:869211	1	mediadive.medium:509
NCBITaxon:869212	1	mediadive.medium:1113
NCBITaxon:869279	2	mediadive.medium:1373|mediadive.medium:J778
NCBITaxon:869555	1	mediadive.medium:220
NCBITaxon:86956	2	mediadive.medium:232|mediadive.medium:58
NCBITaxon:86957	1	mediadive.medium:11b
NCBITaxon:86958	3	mediadive.medium:11b|mediadive.medium:1203a|mediadive.medium:58
NCBITaxon:86959	1	mediadive.medium:58
NCBITaxon:869719	2	mediadive.medium:535|mediadive.medium:J43
NCBITaxon:869805	2	mediadive.medium:1456|mediadive.medium:J796
NCBITaxon:869814	1	mediadive.medium:1166
NCBITaxon:870	2	mediadive.medium:693|mediadive.medium:78
NCBITaxon:870187	1	mediadive.medium:573
NCBITaxon:870242	1	mediadive.medium:507
NCBITaxon:870476	1	mediadive.medium:830
NCBITaxon:870477	3	mediadive.medium:65|mediadive.medium:84|mediadive.medium:J42
NCBITaxon:870482	2	mediadive.medium:514|mediadive.medium:J118
NCBITaxon:870903	1	mediadive.medium:830
NCBITaxon:870908	1	mediadive.medium:514
NCBITaxon:870968	1	mediadive.medium:514
NCBITaxon:871203	2	mediadive.medium:1|mediadive.medium:462
NCBITaxon:871325	3	mediadive.medium:104|mediadive.medium:1203a|mediadive.medium:78
NCBITaxon:871327	2	mediadive.medium:78|mediadive.medium:J14
NCBITaxon:87162	3	mediadive.medium:403|mediadive.medium:J173|mediadive.medium:J896
NCBITaxon:871651	2	mediadive.medium:514|mediadive.medium:J118
NCBITaxon:871652	2	mediadive.medium:514|mediadive.medium:J118
NCBITaxon:871665	2	mediadive.medium:104|mediadive.medium:J1130
NCBITaxon:871738	1	mediadive.medium:732
NCBITaxon:871742	1	mediadive.medium:830
NCBITaxon:871959	1	mediadive.medium:65
NCBITaxon:871961	1	mediadive.medium:65
NCBITaxon:871962	1	mediadive.medium:65
NCBITaxon:871968	1	mediadive.medium:838
NCBITaxon:872024	1	mediadive.medium:836
NCBITaxon:872276	2	mediadive.medium:1243|mediadive.medium:J747
NCBITaxon:872965	2	mediadive.medium:514|mediadive.medium:J41
NCBITaxon:872970	3	mediadive.medium:220|mediadive.medium:545|mediadive.medium:J409
NCBITaxon:872983	1	mediadive.medium:1076b
NCBITaxon:873191	2	mediadive.medium:693|mediadive.medium:J256
NCBITaxon:873513	3	mediadive.medium:104|mediadive.medium:693|mediadive.medium:J14
NCBITaxon:873533	3	mediadive.medium:110|mediadive.medium:693|mediadive.medium:J14
NCBITaxon:874266	2	mediadive.medium:1404|mediadive.medium:J764
NCBITaxon:87458	1	mediadive.medium:693
NCBITaxon:87461	1	mediadive.medium:26
NCBITaxon:875171	1	mediadive.medium:514
NCBITaxon:875932	1	mediadive.medium:514
NCBITaxon:876	3	mediadive.medium:149|mediadive.medium:163|mediadive.medium:63
NCBITaxon:876041	1	mediadive.medium:1
NCBITaxon:876269	1	mediadive.medium:1322
NCBITaxon:87645	3	mediadive.medium:428|mediadive.medium:535|mediadive.medium:J75
NCBITaxon:877384	1	mediadive.medium:514
NCBITaxon:877455	4	mediadive.medium:1094|mediadive.medium:1523|mediadive.medium:825|mediadive.medium:J702
NCBITaxon:877464	2	mediadive.medium:830|mediadive.medium:J27
NCBITaxon:877472	5	mediadive.medium:553|mediadive.medium:65|mediadive.medium:84|mediadive.medium:987|mediadive.medium:J51
NCBITaxon:878	1	mediadive.medium:63
NCBITaxon:878212	1	mediadive.medium:553
NCBITaxon:878213	1	mediadive.medium:65
NCBITaxon:87883	1	mediadive.medium:92
NCBITaxon:879	1	mediadive.medium:149
NCBITaxon:879212	1	mediadive.medium:193
NCBITaxon:879243	4	mediadive.medium:693|mediadive.medium:78|mediadive.medium:J14|mediadive.medium:J469
NCBITaxon:879276	1	mediadive.medium:693
NCBITaxon:879566	2	mediadive.medium:104|mediadive.medium:339a
NCBITaxon:879969	2	mediadive.medium:104|mediadive.medium:J786
NCBITaxon:879970	2	mediadive.medium:483|mediadive.medium:J786
NCBITaxon:880070	1	mediadive.medium:514
NCBITaxon:880071	2	mediadive.medium:172|mediadive.medium:514
NCBITaxon:880072	1	mediadive.medium:728
NCBITaxon:880073	1	mediadive.medium:946a
NCBITaxon:880074	3	mediadive.medium:429|mediadive.medium:78|mediadive.medium:J282
NCBITaxon:880156	2	mediadive.medium:535|mediadive.medium:535b
NCBITaxon:880157	1	mediadive.medium:535
NCBITaxon:880526	5	mediadive.medium:104|mediadive.medium:110|mediadive.medium:693|mediadive.medium:J14|mediadive.medium:J84
NCBITaxon:880564	1	mediadive.medium:693
NCBITaxon:880724	2	mediadive.medium:282|mediadive.medium:J232
NCBITaxon:88074	6	mediadive.medium:252|mediadive.medium:65|mediadive.medium:84|mediadive.medium:987|mediadive.medium:J43|mediadive.medium:J58
NCBITaxon:881	4	mediadive.medium:193|mediadive.medium:63|mediadive.medium:641|mediadive.medium:J654
NCBITaxon:881260	3	mediadive.medium:1|mediadive.medium:215|mediadive.medium:535
NCBITaxon:881268	1	mediadive.medium:513
NCBITaxon:88139	1	mediadive.medium:621
NCBITaxon:88189	2	mediadive.medium:630|mediadive.medium:878
NCBITaxon:88190	2	mediadive.medium:630|mediadive.medium:878
NCBITaxon:882081	2	mediadive.medium:83|mediadive.medium:J66
NCBITaxon:882082	3	mediadive.medium:65|mediadive.medium:83|mediadive.medium:J66
NCBITaxon:882083	1	mediadive.medium:65
NCBITaxon:882084	2	mediadive.medium:65|mediadive.medium:J275
NCBITaxon:882086	4	mediadive.medium:65|mediadive.medium:83|mediadive.medium:J49|mediadive.medium:J66
NCBITaxon:882090	2	mediadive.medium:960|mediadive.medium:J424
NCBITaxon:882104	1	mediadive.medium:960
NCBITaxon:882211	6	mediadive.medium:1|mediadive.medium:462|mediadive.medium:535|mediadive.medium:535b|mediadive.medium:545|mediadive.medium:907
NCBITaxon:88233	1	mediadive.medium:11
NCBITaxon:882344	1	mediadive.medium:1a
NCBITaxon:882378	4	mediadive.medium:1|mediadive.medium:585|mediadive.medium:585a|mediadive.medium:830
NCBITaxon:882440	4	mediadive.medium:535|mediadive.medium:553|mediadive.medium:65|mediadive.medium:J43
NCBITaxon:882441	4	mediadive.medium:535|mediadive.medium:65|mediadive.medium:83|mediadive.medium:J42
NCBITaxon:882444	2	mediadive.medium:65|mediadive.medium:J43
NCBITaxon:882446	2	mediadive.medium:65|mediadive.medium:J43
NCBITaxon:882447	2	mediadive.medium:65|mediadive.medium:J43
NCBITaxon:882448	4	mediadive.medium:553|mediadive.medium:65|mediadive.medium:83|mediadive.medium:84
NCBITaxon:882449	1	mediadive.medium:65
NCBITaxon:882451	4	mediadive.medium:535|mediadive.medium:553|mediadive.medium:65|mediadive.medium:84
NCBITaxon:882452	2	mediadive.medium:65|mediadive.medium:J26
NCBITaxon:882800	2	mediadive.medium:1|mediadive.medium:220
NCBITaxon:883078	1	mediadive.medium:585
NCBITaxon:883079	1	mediadive.medium:585
NCBITaxon:883080	1	mediadive.medium:585
NCBITaxon:883081	1	mediadive.medium:693
NCBITaxon:883096	3	mediadive.medium:92|mediadive.medium:J256|mediadive.medium:J475
NCBITaxon:883106	3	mediadive.medium:693|mediadive.medium:78|mediadive.medium:J14
NCBITaxon:883107	2	mediadive.medium:78|mediadive.medium:J14
NCBITaxon:883114	1	mediadive.medium:693
NCBITaxon:883126	1	mediadive.medium:830
NCBITaxon:883163	2	mediadive.medium:220|mediadive.medium:J12
NCBITaxon:883169	4	mediadive.medium:216|mediadive.medium:693|mediadive.medium:92|mediadive.medium:J28
NCBITaxon:88364	2	mediadive.medium:514|mediadive.medium:J118
NCBITaxon:88373	2	mediadive.medium:513|mediadive.medium:J28
NCBITaxon:88374	2	mediadive.medium:513|mediadive.medium:J323
NCBITaxon:88376	2	mediadive.medium:513|mediadive.medium:J28
NCBITaxon:883812	1	mediadive.medium:220
NCBITaxon:88382	4	mediadive.medium:1027|mediadive.medium:65|mediadive.medium:830|mediadive.medium:J61
NCBITaxon:884107	2	mediadive.medium:630|mediadive.medium:J1024
NCBITaxon:88431	1	mediadive.medium:1611
NCBITaxon:884688	2	mediadive.medium:514|mediadive.medium:J972
NCBITaxon:885	12	mediadive.medium:1040|mediadive.medium:119|mediadive.medium:163|mediadive.medium:194|mediadive.medium:195|mediadive.medium:195c|mediadive.medium:383|mediadive.medium:496|mediadive.medium:61|mediadive.medium:63|mediadive.medium:63c|mediadive.medium:641
NCBITaxon:885042	2	mediadive.medium:535|mediadive.medium:J43
NCBITaxon:885272	1	mediadive.medium:78
NCBITaxon:885475	1	mediadive.medium:514
NCBITaxon:88568	2	mediadive.medium:621a|mediadive.medium:J28
NCBITaxon:885957	1	mediadive.medium:383
NCBITaxon:886293	1	mediadive.medium:1144
NCBITaxon:886377	2	mediadive.medium:514|mediadive.medium:917
NCBITaxon:886379	1	mediadive.medium:504
NCBITaxon:886464	1	mediadive.medium:830
NCBITaxon:886872	1	mediadive.medium:11
NCBITaxon:88688	1	mediadive.medium:1
NCBITaxon:886925	2	mediadive.medium:27|mediadive.medium:650
NCBITaxon:887062	1	mediadive.medium:654
NCBITaxon:887324	1	mediadive.medium:429
NCBITaxon:887325	2	mediadive.medium:110|mediadive.medium:J14
NCBITaxon:887327	1	mediadive.medium:693
NCBITaxon:887449	2	mediadive.medium:252|mediadive.medium:65
NCBITaxon:887452	5	mediadive.medium:252|mediadive.medium:65|mediadive.medium:84|mediadive.medium:J50|mediadive.medium:J66
NCBITaxon:887453	4	mediadive.medium:65|mediadive.medium:84|mediadive.medium:J50|mediadive.medium:J66
NCBITaxon:887456	3	mediadive.medium:252|mediadive.medium:65|mediadive.medium:J50
NCBITaxon:887459	3	mediadive.medium:553|mediadive.medium:65|mediadive.medium:J43
NCBITaxon:887462	3	mediadive.medium:248|mediadive.medium:252|mediadive.medium:65
NCBITaxon:887464	3	mediadive.medium:252|mediadive.medium:65|mediadive.medium:84
NCBITaxon:887465	2	mediadive.medium:248|mediadive.medium:65
NCBITaxon:887469	4	mediadive.medium:252|mediadive.medium:65|mediadive.medium:84|mediadive.medium:J42
NCBITaxon:887475	3	mediadive.medium:252|mediadive.medium:65|mediadive.medium:84
NCBITaxon:887700	3	mediadive.medium:105|mediadive.medium:360|mediadive.medium:J97
NCBITaxon:887896	1	mediadive.medium:11
NCBITaxon:887898	3	mediadive.medium:220a|mediadive.medium:535|mediadive.medium:545
NCBITaxon:887899	1	mediadive.medium:58
NCBITaxon:887901	2	mediadive.medium:110|mediadive.medium:J677
NCBITaxon:887929	3	mediadive.medium:455|mediadive.medium:J14|mediadive.medium:J84
NCBITaxon:888027	3	mediadive.medium:11|mediadive.medium:J13|mediadive.medium:J84
NCBITaxon:888057	1	mediadive.medium:804
NCBITaxon:888060	2	mediadive.medium:104|mediadive.medium:110
NCBITaxon:888061	2	mediadive.medium:63|mediadive.medium:J834
NCBITaxon:888062	4	mediadive.medium:1107|mediadive.medium:1203|mediadive.medium:693|mediadive.medium:J282
NCBITaxon:888063	3	mediadive.medium:220|mediadive.medium:693|mediadive.medium:92
NCBITaxon:888064	2	mediadive.medium:693|mediadive.medium:92
NCBITaxon:888066	2	mediadive.medium:693|mediadive.medium:92
NCBITaxon:888721	1	mediadive.medium:78
NCBITaxon:888728	1	mediadive.medium:804
NCBITaxon:88874	3	mediadive.medium:429b|mediadive.medium:92a|mediadive.medium:J28
NCBITaxon:888741	1	mediadive.medium:429
NCBITaxon:888742	2	mediadive.medium:215|mediadive.medium:693
NCBITaxon:888743	3	mediadive.medium:104|mediadive.medium:693|mediadive.medium:J14
NCBITaxon:888745	4	mediadive.medium:693|mediadive.medium:92|mediadive.medium:J27|mediadive.medium:J70
NCBITaxon:888746	3	mediadive.medium:693|mediadive.medium:92|mediadive.medium:J256
NCBITaxon:888807	4	mediadive.medium:693|mediadive.medium:92|mediadive.medium:J27|mediadive.medium:J70
NCBITaxon:888828	1	mediadive.medium:804
NCBITaxon:888830	3	mediadive.medium:1296|mediadive.medium:67|mediadive.medium:830
NCBITaxon:888831	1	mediadive.medium:1296
NCBITaxon:888832	3	mediadive.medium:693|mediadive.medium:78|mediadive.medium:J14
NCBITaxon:888833	2	mediadive.medium:693|mediadive.medium:92
NCBITaxon:888845	1	mediadive.medium:9
NCBITaxon:88916	1	mediadive.medium:403
NCBITaxon:889201	3	mediadive.medium:693|mediadive.medium:92|mediadive.medium:J28
NCBITaxon:889204	3	mediadive.medium:693|mediadive.medium:92|mediadive.medium:J256
NCBITaxon:889205	2	mediadive.medium:693|mediadive.medium:92
NCBITaxon:889206	2	mediadive.medium:693|mediadive.medium:92
NCBITaxon:889247	2	mediadive.medium:693|mediadive.medium:J256
NCBITaxon:889265	2	mediadive.medium:9|mediadive.medium:J436
NCBITaxon:889268	2	mediadive.medium:9|mediadive.medium:J436
NCBITaxon:889272	2	mediadive.medium:9|mediadive.medium:J436
NCBITaxon:889274	2	mediadive.medium:9|mediadive.medium:J436
NCBITaxon:889282	5	mediadive.medium:1118|mediadive.medium:1854|mediadive.medium:9|mediadive.medium:9a|mediadive.medium:J436
NCBITaxon:889306	2	mediadive.medium:31|mediadive.medium:830
NCBITaxon:889378	1	mediadive.medium:700
NCBITaxon:889453	1	mediadive.medium:1357
NCBITaxon:889488	2	mediadive.medium:514f|mediadive.medium:J118
NCBITaxon:889520	1	mediadive.medium:514d
NCBITaxon:889792	1	mediadive.medium:65
NCBITaxon:889944	3	mediadive.medium:535|mediadive.medium:65|mediadive.medium:J475
NCBITaxon:890	1	mediadive.medium:649
NCBITaxon:89050	3	mediadive.medium:65|mediadive.medium:84|mediadive.medium:J422
NCBITaxon:89061	1	mediadive.medium:11
NCBITaxon:89065	4	mediadive.medium:220|mediadive.medium:457|mediadive.medium:535|mediadive.medium:J22
NCBITaxon:89067	2	mediadive.medium:514|mediadive.medium:J118
NCBITaxon:89093	2	mediadive.medium:693|mediadive.medium:92
NCBITaxon:891	1	mediadive.medium:95
NCBITaxon:891402	1	mediadive.medium:514
NCBITaxon:89184	2	mediadive.medium:514|mediadive.medium:974
NCBITaxon:891968	2	mediadive.medium:104b|mediadive.medium:J1025
NCBITaxon:892	1	mediadive.medium:1041
NCBITaxon:89367	2	mediadive.medium:550|mediadive.medium:J49
NCBITaxon:894	2	mediadive.medium:194|mediadive.medium:641
NCBITaxon:895	2	mediadive.medium:194|mediadive.medium:195c
NCBITaxon:89524	2	mediadive.medium:514|mediadive.medium:J246
NCBITaxon:89584	3	mediadive.medium:105|mediadive.medium:360|mediadive.medium:J840
NCBITaxon:89772	2	mediadive.medium:220|mediadive.medium:465
NCBITaxon:89784	1	mediadive.medium:402
NCBITaxon:899	1	mediadive.medium:63
NCBITaxon:89959	1	mediadive.medium:930
NCBITaxon:89967	1	mediadive.medium:621
NCBITaxon:89968	1	mediadive.medium:830
NCBITaxon:90079	2	mediadive.medium:65|mediadive.medium:84
NCBITaxon:901	2	mediadive.medium:110|mediadive.medium:78
NCBITaxon:90239	2	mediadive.medium:535|mediadive.medium:545
NCBITaxon:90241	1	mediadive.medium:429
NCBITaxon:90323	2	mediadive.medium:377|mediadive.medium:J261
NCBITaxon:903413	4	mediadive.medium:514|mediadive.medium:535|mediadive.medium:92|mediadive.medium:J26
NCBITaxon:903510	3	mediadive.medium:514|mediadive.medium:693|mediadive.medium:92
NCBITaxon:90367	2	mediadive.medium:535|mediadive.medium:693
NCBITaxon:903818	1	mediadive.medium:559
NCBITaxon:903983	2	mediadive.medium:693|mediadive.medium:92
NCBITaxon:903984	2	mediadive.medium:693|mediadive.medium:92
NCBITaxon:90427	1	mediadive.medium:119
NCBITaxon:904291	2	mediadive.medium:92|mediadive.medium:J475
NCBITaxon:904295	2	mediadive.medium:830|mediadive.medium:J346
NCBITaxon:904715	1	mediadive.medium:535
NCBITaxon:904933	1	mediadive.medium:553
NCBITaxon:905	2	mediadive.medium:339|mediadive.medium:693
NCBITaxon:906888	1	mediadive.medium:514
NCBITaxon:906968	2	mediadive.medium:1494|mediadive.medium:78a
NCBITaxon:907	4	mediadive.medium:104|mediadive.medium:1203a|mediadive.medium:339|mediadive.medium:693
NCBITaxon:907224	1	mediadive.medium:104
NCBITaxon:90729	2	mediadive.medium:385|mediadive.medium:J1257
NCBITaxon:90731	1	mediadive.medium:63
NCBITaxon:90732	2	mediadive.medium:1040|mediadive.medium:383
NCBITaxon:90733	2	mediadive.medium:1040|mediadive.medium:383
NCBITaxon:907348	2	mediadive.medium:323|mediadive.medium:J1203
NCBITaxon:907463	1	mediadive.medium:65
NCBITaxon:907723	1	mediadive.medium:1076b
NCBITaxon:907931	2	mediadive.medium:11|mediadive.medium:J13
NCBITaxon:908250	1	mediadive.medium:535
NCBITaxon:908252	1	mediadive.medium:92
NCBITaxon:908285	1	mediadive.medium:693
NCBITaxon:908355	2	mediadive.medium:830|mediadive.medium:J26
NCBITaxon:908615	1	mediadive.medium:545
NCBITaxon:908616	1	mediadive.medium:535
NCBITaxon:908809	2	mediadive.medium:104b|mediadive.medium:J684
NCBITaxon:908846	2	mediadive.medium:830|mediadive.medium:J28
NCBITaxon:908937	2	mediadive.medium:693|mediadive.medium:J14
NCBITaxon:908940	1	mediadive.medium:1309
NCBITaxon:908941	2	mediadive.medium:514|mediadive.medium:J377
NCBITaxon:90909	2	mediadive.medium:934|mediadive.medium:J287
NCBITaxon:909287	6	mediadive.medium:252|mediadive.medium:553|mediadive.medium:65|mediadive.medium:84|mediadive.medium:J42|mediadive.medium:J52
NCBITaxon:909613	3	mediadive.medium:65|mediadive.medium:987|mediadive.medium:J43
NCBITaxon:909625	2	mediadive.medium:514|mediadive.medium:J1164
NCBITaxon:909626	1	mediadive.medium:65
NCBITaxon:90965	1	mediadive.medium:670
NCBITaxon:90970	2	mediadive.medium:1023|mediadive.medium:665
NCBITaxon:90975	4	mediadive.medium:65|mediadive.medium:84|mediadive.medium:993|mediadive.medium:J217
NCBITaxon:909936	2	mediadive.medium:736|mediadive.medium:J26
NCBITaxon:910347	2	mediadive.medium:65|mediadive.medium:83
NCBITaxon:910412	2	mediadive.medium:1261|mediadive.medium:514
NCBITaxon:910540	1	mediadive.medium:11
NCBITaxon:910542	3	mediadive.medium:248|mediadive.medium:252|mediadive.medium:65
NCBITaxon:910543	2	mediadive.medium:65|mediadive.medium:84
NCBITaxon:910939	2	mediadive.medium:693|mediadive.medium:92
NCBITaxon:910964	5	mediadive.medium:1|mediadive.medium:693|mediadive.medium:92|mediadive.medium:J12|mediadive.medium:J22
NCBITaxon:910996	4	mediadive.medium:693|mediadive.medium:92|mediadive.medium:J12|mediadive.medium:J22
NCBITaxon:911008	5	mediadive.medium:1|mediadive.medium:693|mediadive.medium:92|mediadive.medium:J12|mediadive.medium:J22
NCBITaxon:911092	1	mediadive.medium:899
NCBITaxon:911205	2	mediadive.medium:514|mediadive.medium:J118
NCBITaxon:911238	2	mediadive.medium:693|mediadive.medium:92
NCBITaxon:912	4	mediadive.medium:756|mediadive.medium:756a|mediadive.medium:756b|mediadive.medium:756c
NCBITaxon:912552	1	mediadive.medium:92
NCBITaxon:912594	2	mediadive.medium:645|mediadive.medium:J386
NCBITaxon:913	1	mediadive.medium:756a
NCBITaxon:913099	2	mediadive.medium:1616|mediadive.medium:J855
NCBITaxon:913100	2	mediadive.medium:1271|mediadive.medium:J852
NCBITaxon:913101	2	mediadive.medium:1271|mediadive.medium:J852
NCBITaxon:913107	2	mediadive.medium:1378|mediadive.medium:J846
NCBITaxon:913109	1	mediadive.medium:693
NCBITaxon:913761	2	mediadive.medium:830c|mediadive.medium:J346
NCBITaxon:913853	1	mediadive.medium:65
NCBITaxon:913944	1	mediadive.medium:65
NCBITaxon:913948	5	mediadive.medium:53|mediadive.medium:535|mediadive.medium:65|mediadive.medium:830|mediadive.medium:J42
NCBITaxon:913969	4	mediadive.medium:535|mediadive.medium:830|mediadive.medium:92|mediadive.medium:J26
NCBITaxon:915	1	mediadive.medium:1583
NCBITaxon:915059	1	mediadive.medium:514
NCBITaxon:915173	1	mediadive.medium:110
NCBITaxon:915180	1	mediadive.medium:104c
NCBITaxon:915437	1	mediadive.medium:220
NCBITaxon:915438	2	mediadive.medium:429|mediadive.medium:J282
NCBITaxon:91560	2	mediadive.medium:120b|mediadive.medium:J1146
NCBITaxon:916	1	mediadive.medium:1583
NCBITaxon:91797	1	mediadive.medium:591
NCBITaxon:91822	1	mediadive.medium:585
NCBITaxon:91823	1	mediadive.medium:585
NCBITaxon:91890	1	mediadive.medium:585
NCBITaxon:91891	1	mediadive.medium:585
NCBITaxon:91892	1	mediadive.medium:585
NCBITaxon:920	7	mediadive.medium:271|mediadive.medium:670|mediadive.medium:70|mediadive.medium:71|mediadive.medium:882|mediadive.medium:J1321|mediadive.medium:J92
NCBITaxon:92002	2	mediadive.medium:830|mediadive.medium:830b
NCBITaxon:921	3	mediadive.medium:535|mediadive.medium:69|mediadive.medium:J74
NCBITaxon:92245	1	mediadive.medium:925
NCBITaxon:92246	1	mediadive.medium:925
NCBITaxon:923	1	mediadive.medium:574
NCBITaxon:92442	2	mediadive.medium:92|mediadive.medium:J28
NCBITaxon:92488	3	mediadive.medium:1|mediadive.medium:381|mediadive.medium:535
NCBITaxon:92490	1	mediadive.medium:535
NCBITaxon:925775	2	mediadive.medium:1|mediadive.medium:830
NCBITaxon:926	2	mediadive.medium:35a|mediadive.medium:J615
NCBITaxon:926357	4	mediadive.medium:215|mediadive.medium:535|mediadive.medium:553|mediadive.medium:65
NCBITaxon:92644	4	mediadive.medium:248|mediadive.medium:252|mediadive.medium:65|mediadive.medium:J50
NCBITaxon:92645	3	mediadive.medium:1|mediadive.medium:428|mediadive.medium:J75
NCBITaxon:92647	2	mediadive.medium:1|mediadive.medium:830
NCBITaxon:926549	1	mediadive.medium:830
NCBITaxon:926550	2	mediadive.medium:1004|mediadive.medium:J337
NCBITaxon:926551	1	mediadive.medium:693
NCBITaxon:926554	1	mediadive.medium:830
NCBITaxon:926556	1	mediadive.medium:514
NCBITaxon:926558	1	mediadive.medium:702
NCBITaxon:926559	1	mediadive.medium:514
NCBITaxon:926560	1	mediadive.medium:86
NCBITaxon:926561	1	mediadive.medium:588
NCBITaxon:926562	2	mediadive.medium:1168|mediadive.medium:J118
NCBITaxon:926564	2	mediadive.medium:65|mediadive.medium:J43
NCBITaxon:926565	1	mediadive.medium:167
NCBITaxon:926566	1	mediadive.medium:830
NCBITaxon:926567	1	mediadive.medium:873
NCBITaxon:926690	2	mediadive.medium:1130|mediadive.medium:J168
NCBITaxon:926692	1	mediadive.medium:932
NCBITaxon:926830	2	mediadive.medium:987|mediadive.medium:J207
NCBITaxon:927	1	mediadive.medium:68
NCBITaxon:927083	1	mediadive.medium:67
NCBITaxon:92743	2	mediadive.medium:252|mediadive.medium:65
NCBITaxon:92758	1	mediadive.medium:1076b
NCBITaxon:927655	4	mediadive.medium:535a|mediadive.medium:693|mediadive.medium:92|mediadive.medium:J302
NCBITaxon:927658	1	mediadive.medium:1175
NCBITaxon:927661	3	mediadive.medium:65|mediadive.medium:84|mediadive.medium:J43
NCBITaxon:927664	1	mediadive.medium:67
NCBITaxon:927665	3	mediadive.medium:1203a|mediadive.medium:693|mediadive.medium:J14
NCBITaxon:927691	3	mediadive.medium:11|mediadive.medium:693|mediadive.medium:J13
NCBITaxon:927694	1	mediadive.medium:11
NCBITaxon:927703	1	mediadive.medium:11
NCBITaxon:927786	1	mediadive.medium:220
NCBITaxon:928	2	mediadive.medium:1037|mediadive.medium:J615
NCBITaxon:928210	1	mediadive.medium:693
NCBITaxon:928724	4	mediadive.medium:426|mediadive.medium:581|mediadive.medium:65|mediadive.medium:J104
NCBITaxon:928856	1	mediadive.medium:514
NCBITaxon:929097	1	mediadive.medium:514
NCBITaxon:929098	2	mediadive.medium:514|mediadive.medium:J118
NCBITaxon:929099	1	mediadive.medium:514
NCBITaxon:929101	1	mediadive.medium:784
NCBITaxon:92933	2	mediadive.medium:1|mediadive.medium:428
NCBITaxon:929556	3	mediadive.medium:357|mediadive.medium:830|mediadive.medium:J672
NCBITaxon:929562	2	mediadive.medium:545a|mediadive.medium:830
NCBITaxon:929563	1	mediadive.medium:1113
NCBITaxon:929703	1	mediadive.medium:7
NCBITaxon:929704	3	mediadive.medium:1|mediadive.medium:220|mediadive.medium:J22
NCBITaxon:929705	2	mediadive.medium:1190|mediadive.medium:665
NCBITaxon:929712	2	mediadive.medium:830|mediadive.medium:J26
NCBITaxon:929713	1	mediadive.medium:830
NCBITaxon:929813	2	mediadive.medium:535|mediadive.medium:J22
NCBITaxon:930	4	mediadive.medium:271|mediadive.medium:35|mediadive.medium:71|mediadive.medium:J93
NCBITaxon:930114	1	mediadive.medium:434
NCBITaxon:930117	1	mediadive.medium:434
NCBITaxon:930118	1	mediadive.medium:514b
NCBITaxon:930124	1	mediadive.medium:514
NCBITaxon:930128	1	mediadive.medium:514
NCBITaxon:930129	1	mediadive.medium:514b
NCBITaxon:930130	1	mediadive.medium:514
NCBITaxon:930138	1	mediadive.medium:514
NCBITaxon:930146	1	mediadive.medium:514b
NCBITaxon:930166	4	mediadive.medium:1a|mediadive.medium:220|mediadive.medium:535|mediadive.medium:J12
NCBITaxon:930197	2	mediadive.medium:1|mediadive.medium:J22
NCBITaxon:93061	1	mediadive.medium:1
NCBITaxon:93065	2	mediadive.medium:220|mediadive.medium:J75
NCBITaxon:930805	1	mediadive.medium:514c
NCBITaxon:930806	1	mediadive.medium:514
NCBITaxon:930854	2	mediadive.medium:215|mediadive.medium:693
NCBITaxon:930946	3	mediadive.medium:11|mediadive.medium:J13|mediadive.medium:J84
NCBITaxon:931	1	mediadive.medium:486
NCBITaxon:931074	1	mediadive.medium:232
NCBITaxon:931097	2	mediadive.medium:429|mediadive.medium:J586
NCBITaxon:931277	2	mediadive.medium:372|mediadive.medium:J169
NCBITaxon:931529	1	mediadive.medium:535
NCBITaxon:931533	1	mediadive.medium:11
NCBITaxon:931534	1	mediadive.medium:11
NCBITaxon:931535	2	mediadive.medium:92|mediadive.medium:J346
NCBITaxon:931536	2	mediadive.medium:92|mediadive.medium:J346
NCBITaxon:931585	2	mediadive.medium:1091|mediadive.medium:J574
NCBITaxon:931626	1	mediadive.medium:135
NCBITaxon:932	1	mediadive.medium:484
NCBITaxon:93218	1	mediadive.medium:220
NCBITaxon:93219	5	mediadive.medium:1|mediadive.medium:220|mediadive.medium:381|mediadive.medium:535|mediadive.medium:J75
NCBITaxon:93220	4	mediadive.medium:220|mediadive.medium:462|mediadive.medium:535|mediadive.medium:92
NCBITaxon:93221	1	mediadive.medium:220
NCBITaxon:932217	3	mediadive.medium:215|mediadive.medium:860|mediadive.medium:J847
NCBITaxon:93222	1	mediadive.medium:535
NCBITaxon:932678	1	mediadive.medium:887
NCBITaxon:932741	1	mediadive.medium:125
NCBITaxon:933059	1	mediadive.medium:621
NCBITaxon:933063	1	mediadive.medium:590
NCBITaxon:933068	1	mediadive.medium:500
NCBITaxon:933073	2	mediadive.medium:628|mediadive.medium:830
NCBITaxon:933085	1	mediadive.medium:585
NCBITaxon:933091	1	mediadive.medium:585
NCBITaxon:933093	1	mediadive.medium:585
NCBITaxon:93369	2	mediadive.medium:220|mediadive.medium:465
NCBITaxon:93380	2	mediadive.medium:830|mediadive.medium:J22
NCBITaxon:933926	1	mediadive.medium:514
NCBITaxon:933940	2	mediadive.medium:65|mediadive.medium:84
NCBITaxon:933941	1	mediadive.medium:84
NCBITaxon:933944	1	mediadive.medium:84
NCBITaxon:934143	1	mediadive.medium:514
NCBITaxon:935	2	mediadive.medium:142|mediadive.medium:1734
NCBITaxon:935293	1	mediadive.medium:535
NCBITaxon:935294	3	mediadive.medium:11|mediadive.medium:J13|mediadive.medium:J84
NCBITaxon:935295	2	mediadive.medium:11|mediadive.medium:J13
NCBITaxon:935557	1	mediadive.medium:98
NCBITaxon:935616	2	mediadive.medium:220|mediadive.medium:830
NCBITaxon:935700	1	mediadive.medium:514
NCBITaxon:935942	1	mediadive.medium:813
NCBITaxon:935948	1	mediadive.medium:879
NCBITaxon:936138	2	mediadive.medium:792a|mediadive.medium:J744
NCBITaxon:936338	2	mediadive.medium:65|mediadive.medium:84
NCBITaxon:936456	1	mediadive.medium:1239
NCBITaxon:93684	3	mediadive.medium:1075|mediadive.medium:514|mediadive.medium:J246
NCBITaxon:936889	1	mediadive.medium:1
NCBITaxon:93716	1	mediadive.medium:835
NCBITaxon:937251	2	mediadive.medium:505|mediadive.medium:J1013
NCBITaxon:937254	1	mediadive.medium:640
NCBITaxon:937334	2	mediadive.medium:412|mediadive.medium:J1057
NCBITaxon:937593	2	mediadive.medium:220|mediadive.medium:J22
NCBITaxon:937775	1	mediadive.medium:141
NCBITaxon:937777	1	mediadive.medium:830
NCBITaxon:937927	1	mediadive.medium:514
NCBITaxon:937928	1	mediadive.medium:514
NCBITaxon:938288	1	mediadive.medium:78
NCBITaxon:938293	1	mediadive.medium:104
NCBITaxon:938405	1	mediadive.medium:830
NCBITaxon:93929	2	mediadive.medium:913|mediadive.medium:J320
NCBITaxon:93944	2	mediadive.medium:553|mediadive.medium:84
NCBITaxon:93973	2	mediadive.medium:514|mediadive.medium:J118
NCBITaxon:94	1	mediadive.medium:603
NCBITaxon:940136	2	mediadive.medium:830c|mediadive.medium:J346
NCBITaxon:940139	2	mediadive.medium:830|mediadive.medium:J346
NCBITaxon:940141	2	mediadive.medium:830|mediadive.medium:J346
NCBITaxon:940190	1	mediadive.medium:1582
NCBITaxon:940265	2	mediadive.medium:105|mediadive.medium:J597
NCBITaxon:940283	4	mediadive.medium:1429|mediadive.medium:631|mediadive.medium:J890|mediadive.medium:J891
NCBITaxon:940294	1	mediadive.medium:897
NCBITaxon:940295	1	mediadive.medium:897
NCBITaxon:940613	1	mediadive.medium:830
NCBITaxon:940614	2	mediadive.medium:1426|mediadive.medium:830
NCBITaxon:940615	1	mediadive.medium:830
NCBITaxon:940616	1	mediadive.medium:830
NCBITaxon:94132	2	mediadive.medium:535|mediadive.medium:830
NCBITaxon:94136	2	mediadive.medium:31|mediadive.medium:J406
NCBITaxon:94137	2	mediadive.medium:607a|mediadive.medium:J377
NCBITaxon:94138	2	mediadive.medium:693|mediadive.medium:92
NCBITaxon:941824	1	mediadive.medium:616
NCBITaxon:941986	2	mediadive.medium:548|mediadive.medium:65
NCBITaxon:941987	2	mediadive.medium:548|mediadive.medium:65
NCBITaxon:942029	4	mediadive.medium:1159|mediadive.medium:514|mediadive.medium:535|mediadive.medium:J1156
NCBITaxon:942150	1	mediadive.medium:11
NCBITaxon:94254	1	mediadive.medium:830
NCBITaxon:942866	1	mediadive.medium:535
NCBITaxon:942938	1	mediadive.medium:700
NCBITaxon:943815	1	mediadive.medium:65
NCBITaxon:943816	4	mediadive.medium:252|mediadive.medium:65|mediadive.medium:84|mediadive.medium:J42
NCBITaxon:943940	2	mediadive.medium:514|mediadive.medium:J148
NCBITaxon:944322	1	mediadive.medium:830
NCBITaxon:944425	1	mediadive.medium:535
NCBITaxon:944479	1	mediadive.medium:1360
NCBITaxon:945052	5	mediadive.medium:252|mediadive.medium:65|mediadive.medium:84|mediadive.medium:J50|mediadive.medium:J66
NCBITaxon:945543	1	mediadive.medium:514
NCBITaxon:945550	1	mediadive.medium:514
NCBITaxon:945713	2	mediadive.medium:1397|mediadive.medium:J806
NCBITaxon:945844	1	mediadive.medium:830
NCBITaxon:946078	5	mediadive.medium:514|mediadive.medium:535|mediadive.medium:553|mediadive.medium:554|mediadive.medium:65
NCBITaxon:94626	1	mediadive.medium:1
NCBITaxon:94627	1	mediadive.medium:1
NCBITaxon:946336	1	mediadive.medium:830
NCBITaxon:946573	2	mediadive.medium:92|mediadive.medium:J475
NCBITaxon:946677	1	mediadive.medium:830
NCBITaxon:946678	1	mediadive.medium:830
NCBITaxon:94694	2	mediadive.medium:395|mediadive.medium:J187
NCBITaxon:947009	2	mediadive.medium:960|mediadive.medium:J352
NCBITaxon:947013	1	mediadive.medium:830
NCBITaxon:947034	2	mediadive.medium:977|mediadive.medium:J366
NCBITaxon:947835	1	mediadive.medium:11
NCBITaxon:947919	2	mediadive.medium:195a|mediadive.medium:J391
NCBITaxon:948077	1	mediadive.medium:830
NCBITaxon:948102	1	mediadive.medium:645
NCBITaxon:948106	1	mediadive.medium:830
NCBITaxon:948519	2	mediadive.medium:1|mediadive.medium:1a
NCBITaxon:94868	2	mediadive.medium:104b|mediadive.medium:110
NCBITaxon:948699	2	mediadive.medium:65|mediadive.medium:J66
NCBITaxon:948756	1	mediadive.medium:1
NCBITaxon:95159	2	mediadive.medium:339|mediadive.medium:788
NCBITaxon:95161	2	mediadive.medium:65|mediadive.medium:J43
NCBITaxon:95162	3	mediadive.medium:354|mediadive.medium:645|mediadive.medium:65
NCBITaxon:95172	3	mediadive.medium:605|mediadive.medium:J26|mediadive.medium:J28
NCBITaxon:95300	2	mediadive.medium:457|mediadive.medium:535b
NCBITaxon:95301	2	mediadive.medium:535|mediadive.medium:J75
NCBITaxon:953739	4	mediadive.medium:252|mediadive.medium:65|mediadive.medium:84|mediadive.medium:J42
NCBITaxon:95485	1	mediadive.medium:220
NCBITaxon:95486	2	mediadive.medium:693|mediadive.medium:92
NCBITaxon:959	3	mediadive.medium:1012|mediadive.medium:257|mediadive.medium:844
NCBITaxon:960	1	mediadive.medium:844
NCBITaxon:96241	2	mediadive.medium:1|mediadive.medium:J22
NCBITaxon:96345	1	mediadive.medium:830
NCBITaxon:964	3	mediadive.medium:428|mediadive.medium:538|mediadive.medium:J75
NCBITaxon:96473	1	mediadive.medium:1
NCBITaxon:966	1	mediadive.medium:514
NCBITaxon:96773	2	mediadive.medium:586|mediadive.medium:830c
NCBITaxon:96940	1	mediadive.medium:591
NCBITaxon:96941	1	mediadive.medium:921
NCBITaxon:97084	1	mediadive.medium:1013
NCBITaxon:97089	1	mediadive.medium:1013
NCBITaxon:971279	2	mediadive.medium:377a|mediadive.medium:J811
NCBITaxon:97193	3	mediadive.medium:65|mediadive.medium:84|mediadive.medium:J217
NCBITaxon:97398	6	mediadive.medium:252|mediadive.medium:65|mediadive.medium:84|mediadive.medium:J42|mediadive.medium:J45|mediadive.medium:J58
NCBITaxon:974	1	mediadive.medium:319
NCBITaxon:97400	5	mediadive.medium:65|mediadive.medium:84|mediadive.medium:J42|mediadive.medium:J43|mediadive.medium:J58
NCBITaxon:97478	3	mediadive.medium:11|mediadive.medium:339|mediadive.medium:693
NCBITaxon:977794	1	mediadive.medium:830
NCBITaxon:977880	1	mediadive.medium:830
NCBITaxon:979	2	mediadive.medium:172|mediadive.medium:514
NCBITaxon:979226	1	mediadive.medium:830
NCBITaxon:979619	2	mediadive.medium:1476|mediadive.medium:J966
NCBITaxon:979627	1	mediadive.medium:104c
NCBITaxon:979746	1	mediadive.medium:92
NCBITaxon:979970	3	mediadive.medium:1647|mediadive.medium:323|mediadive.medium:J835
NCBITaxon:980251	1	mediadive.medium:1601
NCBITaxon:980254	1	mediadive.medium:607
NCBITaxon:980271	1	mediadive.medium:607
NCBITaxon:980347	1	mediadive.medium:514b
NCBITaxon:980427	1	mediadive.medium:513
NCBITaxon:980518	1	mediadive.medium:1
NCBITaxon:980519	1	mediadive.medium:1482
NCBITaxon:980631	1	mediadive.medium:1a
NCBITaxon:981	2	mediadive.medium:172|mediadive.medium:J118
NCBITaxon:981324	1	mediadive.medium:220
NCBITaxon:981327	5	mediadive.medium:1|mediadive.medium:220|mediadive.medium:693|mediadive.medium:92|mediadive.medium:J12
NCBITaxon:981331	3	mediadive.medium:1|mediadive.medium:693|mediadive.medium:J12
NCBITaxon:981333	1	mediadive.medium:220
NCBITaxon:981334	5	mediadive.medium:220|mediadive.medium:535|mediadive.medium:545|mediadive.medium:J22|mediadive.medium:J70
NCBITaxon:981336	2	mediadive.medium:1|mediadive.medium:693
NCBITaxon:981369	4	mediadive.medium:65|mediadive.medium:84|mediadive.medium:987|mediadive.medium:J800
NCBITaxon:981381	2	mediadive.medium:514|mediadive.medium:J118
NCBITaxon:981384	2	mediadive.medium:514|mediadive.medium:J118
NCBITaxon:981385	2	mediadive.medium:1011|mediadive.medium:J892
NCBITaxon:981386	1	mediadive.medium:693
NCBITaxon:981563	4	mediadive.medium:553|mediadive.medium:554|mediadive.medium:65|mediadive.medium:J61
NCBITaxon:982	2	mediadive.medium:669|mediadive.medium:J118
NCBITaxon:983	3	mediadive.medium:49|mediadive.medium:830|mediadive.medium:J22
NCBITaxon:983328	1	mediadive.medium:693
NCBITaxon:983594	4	mediadive.medium:693|mediadive.medium:830|mediadive.medium:J12|mediadive.medium:J22
NCBITaxon:983873	2	mediadive.medium:65|mediadive.medium:J26
NCBITaxon:983920	1	mediadive.medium:1a
NCBITaxon:983975	2	mediadive.medium:1040|mediadive.medium:J765
NCBITaxon:984260	1	mediadive.medium:98
NCBITaxon:985002	4	mediadive.medium:693|mediadive.medium:92|mediadive.medium:J256|mediadive.medium:J475
NCBITaxon:985012	1	mediadive.medium:535
NCBITaxon:985054	1	mediadive.medium:514
NCBITaxon:985055	1	mediadive.medium:514
NCBITaxon:985079	3	mediadive.medium:1|mediadive.medium:693|mediadive.medium:92
NCBITaxon:98513	2	mediadive.medium:1157|mediadive.medium:830
NCBITaxon:985250	2	mediadive.medium:514|mediadive.medium:J118
NCBITaxon:985759	2	mediadive.medium:830|mediadive.medium:J346
NCBITaxon:985760	1	mediadive.medium:65
NCBITaxon:985762	2	mediadive.medium:693|mediadive.medium:92
NCBITaxon:986	3	mediadive.medium:67|mediadive.medium:830|mediadive.medium:J22
NCBITaxon:98668	2	mediadive.medium:354|mediadive.medium:645
NCBITaxon:98671	2	mediadive.medium:92|mediadive.medium:J28
NCBITaxon:986710	2	mediadive.medium:220|mediadive.medium:693
NCBITaxon:986711	5	mediadive.medium:535|mediadive.medium:553|mediadive.medium:554|mediadive.medium:65|mediadive.medium:J61
NCBITaxon:986746	1	mediadive.medium:514
NCBITaxon:987045	5	mediadive.medium:215|mediadive.medium:535|mediadive.medium:553|mediadive.medium:65|mediadive.medium:J26
NCBITaxon:987056	2	mediadive.medium:514a|mediadive.medium:J346
NCBITaxon:987063	1	mediadive.medium:58
NCBITaxon:987066	1	mediadive.medium:58
NCBITaxon:988801	1	mediadive.medium:1015
NCBITaxon:988821	2	mediadive.medium:65|mediadive.medium:J28
NCBITaxon:988827	1	mediadive.medium:92
NCBITaxon:989	2	mediadive.medium:172a|mediadive.medium:J118
NCBITaxon:989403	2	mediadive.medium:1348|mediadive.medium:514
NCBITaxon:990	1	mediadive.medium:503
NCBITaxon:990268	1	mediadive.medium:514c
NCBITaxon:990271	1	mediadive.medium:514c
NCBITaxon:990284	1	mediadive.medium:98
NCBITaxon:990287	1	mediadive.medium:1
NCBITaxon:990371	1	mediadive.medium:830
NCBITaxon:990373	1	mediadive.medium:830
NCBITaxon:990712	1	mediadive.medium:514
NCBITaxon:991	1	mediadive.medium:67
NCBITaxon:991009	3	mediadive.medium:92|mediadive.medium:J26|mediadive.medium:J475
NCBITaxon:99117	2	mediadive.medium:92|mediadive.medium:J43
NCBITaxon:991789	2	mediadive.medium:156|mediadive.medium:J14
NCBITaxon:991791	3	mediadive.medium:411|mediadive.medium:J13|mediadive.medium:J14
NCBITaxon:992267	1	mediadive.medium:514
NCBITaxon:992287	3	mediadive.medium:220|mediadive.medium:92|mediadive.medium:J28
NCBITaxon:992288	2	mediadive.medium:220|mediadive.medium:J488
NCBITaxon:993414	2	mediadive.medium:92|mediadive.medium:J43
NCBITaxon:993416	1	mediadive.medium:92
NCBITaxon:993689	2	mediadive.medium:1475|mediadive.medium:J889
NCBITaxon:993690	1	mediadive.medium:514
NCBITaxon:993692	1	mediadive.medium:11
NCBITaxon:994479	4	mediadive.medium:535|mediadive.medium:553|mediadive.medium:65|mediadive.medium:J44
NCBITaxon:99480	2	mediadive.medium:851|mediadive.medium:J514
NCBITaxon:99481	4	mediadive.medium:535|mediadive.medium:830|mediadive.medium:J346|mediadive.medium:J514
NCBITaxon:995038	1	mediadive.medium:513
NCBITaxon:995050	1	mediadive.medium:63
NCBITaxon:995053	1	mediadive.medium:1353
NCBITaxon:995054	1	mediadive.medium:535b
NCBITaxon:995059	2	mediadive.medium:1504|mediadive.medium:549
NCBITaxon:995060	3	mediadive.medium:1240|mediadive.medium:1258|mediadive.medium:549
NCBITaxon:995062	5	mediadive.medium:1159|mediadive.medium:1258|mediadive.medium:1504|mediadive.medium:549|mediadive.medium:J115
NCBITaxon:995066	4	mediadive.medium:1159|mediadive.medium:1258|mediadive.medium:1504|mediadive.medium:549
NCBITaxon:995084	3	mediadive.medium:1240|mediadive.medium:1241|mediadive.medium:514
NCBITaxon:99594	1	mediadive.medium:1459
NCBITaxon:996	1	mediadive.medium:830
NCBITaxon:996115	1	mediadive.medium:514
NCBITaxon:996342	1	mediadive.medium:514
NCBITaxon:996641	2	mediadive.medium:65|mediadive.medium:830
NCBITaxon:99675	4	mediadive.medium:104|mediadive.medium:110|mediadive.medium:110a|mediadive.medium:J14
NCBITaxon:996765	1	mediadive.medium:144
NCBITaxon:997348	1	mediadive.medium:429
NCBITaxon:997349	3	mediadive.medium:104|mediadive.medium:693|mediadive.medium:J14
NCBITaxon:997350	1	mediadive.medium:104
NCBITaxon:997352	4	mediadive.medium:104|mediadive.medium:693|mediadive.medium:78|mediadive.medium:J14
NCBITaxon:997353	4	mediadive.medium:104|mediadive.medium:429|mediadive.medium:693|mediadive.medium:J14
NCBITaxon:997355	2	mediadive.medium:104|mediadive.medium:693
NCBITaxon:998674	2	mediadive.medium:514|mediadive.medium:79
NCBITaxon:99907	1	mediadive.medium:923
NCBITaxon:999183	2	mediadive.medium:104|mediadive.medium:693
NCBITaxon:99938	1	mediadive.medium:88
NCBITaxon:999415	3	mediadive.medium:104|mediadive.medium:J14|mediadive.medium:J84
NCBITaxon:999542	1	mediadive.medium:514
NCBITaxon:999543	1	mediadive.medium:514
NCBITaxon:999544	1	mediadive.medium:514
NCBITaxon:999545	1	mediadive.medium:514
NCBITaxon:999546	2	mediadive.medium:1054|mediadive.medium:514
NCBITaxon:999547	2	mediadive.medium:514|mediadive.medium:J118
NCBITaxon:999548	1	mediadive.medium:514
NCBITaxon:999549	1	mediadive.medium:514
NCBITaxon:999550	2	mediadive.medium:514|mediadive.medium:J118
NCBITaxon:999552	1	mediadive.medium:514
NCBITaxon:999611	1	mediadive.medium:514
NCBITaxon:999931	2	mediadive.medium:65|mediadive.medium:J26
